trajectory,role,method,region,n_pixels,rmse_K,mae_K,signed_error_K,crps_K,coverage_95,interval_width_95_K,posterior_sd_K
DiagonalScanPath_1,evaluation,Posterior physics mean + RBF,overall,2501,0.5284608269326978,0.20635729631174565,0.05061790400225436,0.7299683265097255,0.9988004798080767,11.45332749617605,2.995921994172222
DiagonalScanPath_1,evaluation,Posterior physics mean + RBF,above_camera_ceiling,76,2.659053736309719,1.6249916330145744,-0.3236636704180973,1.3916884388202955,0.9605263157894737,12.319257041988285,3.200272404519634
DiagonalScanPath_1,evaluation,Posterior physics mean + RBF,top_1pct,26,4.225606089674847,2.953976025595654,-2.1450250588065214,2.3011106844812397,0.8846153846153846,12.777439276290464,3.300578673697914
DiagonalScanPath_1,evaluation,Advective posterior physics mean + RBF,overall,2501,0.5089688874328219,0.18437835263679764,0.04935561345143042,0.7266754234767067,0.9976009596161536,11.457425795427342,2.9956924605915654
DiagonalScanPath_1,evaluation,Advective posterior physics mean + RBF,above_camera_ceiling,76,2.6358575215170634,1.5801741489224757,-0.41994804792705276,1.3510566981633052,0.9342105263157895,12.207162694157484,3.194885481732482
DiagonalScanPath_1,evaluation,Advective posterior physics mean + RBF,top_1pct,26,4.23768355018613,2.965549333776509,-2.12649984283233,2.2501549950958197,0.8076923076923077,12.777960985009912,3.3004310741244067
DiagonalScanPath_1,evaluation,Posterior physics mean + sequential ST (moment-matched),overall,2501,0.4933291397890125,0.17980960131491192,0.045863257712784475,0.20985341458439838,0.9928028788484606,2.539618801915614,0.6642826896777441
DiagonalScanPath_1,evaluation,Posterior physics mean + sequential ST (moment-matched),above_camera_ceiling,76,2.558474370137387,1.4561167323495081,-0.4978985493386581,1.1872667229641158,0.7894736842105263,3.2395793347399584,0.8511757240552401
DiagonalScanPath_1,evaluation,Posterior physics mean + sequential ST (moment-matched),top_1pct,26,4.217531599266887,2.9449859994101906,-2.1498895647767426,2.5709881419941216,0.4230769230769231,3.206196471394413,0.8431269416725921
DiagonalScanPath_1,evaluation,Posterior physics mean + sequential advective ST (moment-matched),overall,2501,0.4927898637894743,0.1797150422379106,0.04618296196449793,0.21067175063430674,0.989204318272691,2.5337929854912145,0.6629033345875804
DiagonalScanPath_1,evaluation,Posterior physics mean + sequential advective ST (moment-matched),above_camera_ceiling,76,2.5552963758274725,1.4546069631998535,-0.4926563904242009,1.1988136579130089,0.6973684210526315,3.1040594977257987,0.8134804704584999
DiagonalScanPath_1,evaluation,Posterior physics mean + sequential advective ST (moment-matched),top_1pct,26,4.212227552233456,2.93836909283615,-2.142042254361826,2.573050503951288,0.34615384615384615,3.0693884941367875,0.8181486754000471
DiagonalScanPath_1,evaluation,Advective posterior mean + sequential advective ST (moment-matched),overall,2501,0.47833526928570286,0.16172774262774917,0.0444213525068508,0.20266426691471728,0.9924030387844862,2.5335266498121194,0.6630747741213168
DiagonalScanPath_1,evaluation,Advective posterior mean + sequential advective ST (moment-matched),above_camera_ceiling,76,2.5505438889616983,1.424865797202313,-0.5783092451954791,1.1620152093172835,0.7763157894736842,3.1174121902033938,0.8185237744959203
DiagonalScanPath_1,evaluation,Advective posterior mean + sequential advective ST (moment-matched),top_1pct,26,4.2271275335860325,2.9610046485114174,-2.1273633368697435,2.5722946648329312,0.38461538461538464,3.1534032179445455,0.8212669176173152
DiagonalScanPath_2,evaluation,Posterior physics mean + RBF,overall,2501,0.5398080701550992,0.2109014291353399,0.047783501991700096,0.7289479423981295,0.9984006397441023,11.467866173339916,2.9930557798927677
DiagonalScanPath_2,evaluation,Posterior physics mean + RBF,above_camera_ceiling,76,2.794710700593225,1.6119387135173715,-0.8178856921516298,1.4124691677417236,0.9473684210526315,12.09488155190808,3.1679621932391906
DiagonalScanPath_2,evaluation,Posterior physics mean + RBF,top_1pct,26,4.663179348882846,3.6108705912424104,-2.785070738795431,2.5546812764859603,0.8461538461538461,12.33882522398084,3.26094065868707
DiagonalScanPath_2,evaluation,Advective posterior physics mean + RBF,overall,2501,0.5312757973209765,0.1940071114109404,0.05339686055302044,0.7286741397047252,0.998000799680128,11.467442168856664,2.9930221732917306
DiagonalScanPath_2,evaluation,Advective posterior physics mean + RBF,above_camera_ceiling,76,2.808588513250926,1.5955970311904717,-0.9283516938805135,1.439490790578408,0.9342105263157895,12.230374872002418,3.1673913475845232
DiagonalScanPath_2,evaluation,Advective posterior physics mean + RBF,top_1pct,26,4.674672729046947,3.6361104973486227,-2.838573436590018,2.644315732088766,0.8076923076923077,12.501834210785544,3.26094065868707
DiagonalScanPath_2,evaluation,Posterior physics mean + sequential ST (moment-matched),overall,2501,0.521982219571537,0.18760012926723002,0.043832793337677756,0.212458272656299,0.9920031987205118,2.533362239454678,0.6612308029850297
DiagonalScanPath_2,evaluation,Posterior physics mean + sequential ST (moment-matched),above_camera_ceiling,76,2.766254146834418,1.5136454799426045,-0.9169116668928252,1.2967729892334907,0.7368421052631579,3.0232904999738306,0.7845087659932165
DiagonalScanPath_2,evaluation,Posterior physics mean + sequential ST (moment-matched),top_1pct,26,4.669622055459774,3.6178168851464796,-2.793974157507836,3.195499646046318,0.2692307692307692,3.0929372200852514,0.794881109321109
DiagonalScanPath_2,evaluation,Posterior physics mean + sequential advective ST (moment-matched),overall,2501,0.5220039457691088,0.18761155763572449,0.043674896053376905,0.2125763998862669,0.9920031987205118,2.52882527612103,0.6600748546608661
DiagonalScanPath_2,evaluation,Posterior physics mean + sequential advective ST (moment-matched),above_camera_ceiling,76,2.766454241072885,1.51384081371294,-0.9220292933640734,1.2988519815352686,0.7368421052631579,2.8621541110060096,0.7430185440850989
DiagonalScanPath_2,evaluation,Posterior physics mean + sequential advective ST (moment-matched),top_1pct,26,4.670146771738281,3.619091211954784,-2.7952982882937887,3.2120329646173924,0.2692307692307692,2.9539354607532924,0.7592553292760859
DiagonalScanPath_2,evaluation,Advective posterior mean + sequential advective ST (moment-matched),overall,2501,0.5156601763051051,0.1734673777137862,0.045636740174388284,0.2068964055361528,0.991203518592563,2.528319286810673,0.6600455298747966
DiagonalScanPath_2,evaluation,Advective posterior mean + sequential advective ST (moment-matched),above_camera_ceiling,76,2.7852505187251255,1.5087750701379052,-1.059358752146366,1.3173137966896362,0.7236842105263158,2.8221279337199032,0.7425505662854852
DiagonalScanPath_2,evaluation,Advective posterior mean + sequential advective ST (moment-matched),top_1pct,26,4.683867183939173,3.6528601025990692,-2.856912466470185,3.247565625398224,0.23076923076923078,2.8965789438176466,0.7592553292485978
DiagonalScanPath_3,evaluation,Posterior physics mean + RBF,overall,2501,0.5461093663032608,0.2049857753714788,0.03776868381460278,0.7304429741522521,0.9984006397441023,11.458596969806527,2.995306256240299
DiagonalScanPath_3,evaluation,Posterior physics mean + RBF,above_camera_ceiling,76,2.810785584504362,1.5573483966623598,-0.25312364331160014,1.4226514039875742,0.9473684210526315,12.198357258521256,3.22032790128212
DiagonalScanPath_3,evaluation,Posterior physics mean + RBF,top_1pct,26,4.577671035371378,3.008653202192313,-1.9769693482031108,2.4396810941860765,0.8461538461538461,12.143156368223414,3.2117544357477215
DiagonalScanPath_3,evaluation,Advective posterior physics mean + RBF,overall,2501,0.5353232450451666,0.1890766808549601,0.03585387222604774,0.7284082550165372,0.9984006397441023,11.459972935546398,2.9964338334813743
DiagonalScanPath_3,evaluation,Advective posterior physics mean + RBF,above_camera_ceiling,76,2.845442836067157,1.6289941005385988,-0.3059116289324822,1.4708763175712762,0.9473684210526315,12.576168615679943,3.255500881769055
DiagonalScanPath_3,evaluation,Advective posterior physics mean + RBF,top_1pct,26,4.570171833078306,3.066737116610251,-2.052257043100127,2.4637429714739336,0.8461538461538461,12.539713394166164,3.2553292516028978
DiagonalScanPath_3,evaluation,Posterior physics mean + sequential ST (moment-matched),overall,2501,0.5468201624665715,0.1845566999623533,0.02602476187434847,0.2132434167641683,0.9936025589764095,2.5433695966512584,0.6651099607775811
DiagonalScanPath_3,evaluation,Posterior physics mean + sequential ST (moment-matched),above_camera_ceiling,76,2.907845271775586,1.5220223732823481,-0.9524363854158269,1.293868375051032,0.8026315789473685,3.3849905367798088,0.8832179102875484
DiagonalScanPath_3,evaluation,Posterior physics mean + sequential ST (moment-matched),top_1pct,26,4.900935709259561,3.5466472633634636,-2.819580513883186,3.1158864943177895,0.46153846153846156,3.597912458720423,0.9343641162982034
DiagonalScanPath_3,evaluation,Posterior physics mean + sequential advective ST (moment-matched),overall,2501,0.5418747311580223,0.18446721944089187,0.027298188646991038,0.21273780380177687,0.9924030387844862,2.537007334882019,0.6635976345941629
DiagonalScanPath_3,evaluation,Posterior physics mean + sequential advective ST (moment-matched),above_camera_ceiling,76,2.8583032597311107,1.4395219011185987,-0.8459219748369092,1.2420375592994402,0.8157894736842105,3.1491900688528602,0.8370994193122095
DiagonalScanPath_3,evaluation,Posterior physics mean + sequential advective ST (moment-matched),top_1pct,26,4.83273390107545,3.433393227757086,-2.60246268485619,3.044667295770779,0.46153846153846156,3.3698685349905917,0.894017488823746
DiagonalScanPath_3,evaluation,Advective posterior mean + sequential advective ST (moment-matched),overall,2501,0.5356998410946449,0.16844345713150166,0.021014937755954553,0.20659638290367963,0.9924030387844862,2.53772600362751,0.6634228834832704
DiagonalScanPath_3,evaluation,Advective posterior mean + sequential advective ST (moment-matched),above_camera_ceiling,76,2.915051401998282,1.5794600938135854,-1.015768219855705,1.333022548817454,0.75,3.1604740266005895,0.8317592309246628
DiagonalScanPath_3,evaluation,Advective posterior mean + sequential advective ST (moment-matched),top_1pct,26,4.87125527271142,3.5789912534937574,-2.810665597512252,3.1496784334507755,0.38461538461538464,3.368841103326059,0.8883493985071944
DiagonalScanPath_4,evaluation,Posterior physics mean + RBF,overall,2501,0.5409806320517051,0.21093902706575562,0.062496124083461585,0.7309875829418128,0.998000799680128,11.454065921869729,2.994366013784295
DiagonalScanPath_4,evaluation,Posterior physics mean + RBF,above_camera_ceiling,76,2.804252006457385,1.7833016936915653,0.19077272339425638,1.461389902385087,0.9342105263157895,12.142901514172046,3.176046180828538
DiagonalScanPath_4,evaluation,Posterior physics mean + RBF,top_1pct,26,4.346749795662436,2.840442897000171,-1.7659136360172103,2.323647954553979,0.8076923076923077,12.480492154370214,3.2671336653048355
DiagonalScanPath_4,evaluation,Advective posterior physics mean + RBF,overall,2501,0.5324515171034542,0.18759247089551667,0.062031605961283647,0.7279217784117156,0.998000799680128,11.450192871175092,2.9944916442134994
DiagonalScanPath_4,evaluation,Advective posterior physics mean + RBF,above_camera_ceiling,76,2.820012530221283,1.7249084279151516,-0.01121212308843299,1.435143114132617,0.9342105263157895,12.115142816288506,3.1797248599270396
DiagonalScanPath_4,evaluation,Advective posterior physics mean + RBF,top_1pct,26,4.443336339015982,3.0192202006313074,-1.834577417551436,2.354975064535713,0.8076923076923077,12.53275076848651,3.268776479030685
DiagonalScanPath_4,evaluation,Posterior physics mean + sequential ST (moment-matched),overall,2501,0.5199217924600676,0.1875435546723875,0.055636202208932464,0.21132869210690683,0.995201919232307,2.5586775528834083,0.668626692261176
DiagonalScanPath_4,evaluation,Posterior physics mean + sequential ST (moment-matched),above_camera_ceiling,76,2.741608966372821,1.5913860039398344,-0.18180564412886357,1.2523239603602903,0.8421052631578947,3.920940860771646,1.020968547279039
DiagonalScanPath_4,evaluation,Posterior physics mean + sequential ST (moment-matched),top_1pct,26,4.469583180820142,3.0621318296220705,-1.9857526542992572,2.6052279337018054,0.5384615384615384,4.335259043008989,1.1585206998990498
DiagonalScanPath_4,evaluation,Posterior physics mean + sequential advective ST (moment-matched),overall,2501,0.5169643759928554,0.1884640572082463,0.06020004658092466,0.21290663378858946,0.991203518592563,2.5459927814390486,0.6656761481098267
DiagonalScanPath_4,evaluation,Posterior physics mean + sequential advective ST (moment-matched),above_camera_ceiling,76,2.720646781835601,1.603460621132577,-0.050116854706103414,1.2869122536992794,0.7368421052631579,3.462846213931556,0.9099049089708472
DiagonalScanPath_4,evaluation,Posterior physics mean + sequential advective ST (moment-matched),top_1pct,26,4.388970916656092,2.9490504109060067,-1.7719151225743592,2.5595022288914326,0.5,4.0177335103828336,1.0638720214116801
DiagonalScanPath_4,evaluation,Advective posterior mean + sequential advective ST (moment-matched),overall,2501,0.5143238852869402,0.16675300529637804,0.055249283037043226,0.20591772091037622,0.9920031987205118,2.549644836336346,0.6666029703805171
DiagonalScanPath_4,evaluation,Advective posterior mean + sequential advective ST (moment-matched),above_camera_ceiling,76,2.753238721703619,1.5346080952037937,-0.33509200691467883,1.2558141365759938,0.7894736842105263,3.574069940177114,0.9382409223966416
DiagonalScanPath_4,evaluation,Advective posterior mean + sequential advective ST (moment-matched),top_1pct,26,4.538908029122516,3.2014166250135294,-1.9849378436507243,2.762348554999759,0.5,4.09319964293669,1.1003601969475878
DiagonalScanPath_5,evaluation,Posterior physics mean + RBF,overall,2501,0.5620913243246187,0.22041623455730047,0.04549165931596966,0.7306322800640712,0.9984006397441023,11.476651412422546,2.9972501864608994
DiagonalScanPath_5,evaluation,Posterior physics mean + RBF,above_camera_ceiling,76,2.8662888214193734,1.628461406857066,-0.20215846740376114,1.3944923618877032,0.9473684210526315,12.169279075714607,3.2094742646522896
DiagonalScanPath_5,evaluation,Posterior physics mean + RBF,top_1pct,26,4.621484054130464,2.9676981869418215,-2.287600005788348,2.3261693106323107,0.8461538461538461,12.802403393223774,3.290614482087163
DiagonalScanPath_5,evaluation,Advective posterior physics mean + RBF,overall,2501,0.5546966197997578,0.19302005490244442,0.049113588697214085,0.7295978000974503,0.9984006397441023,11.46689486449039,2.997233747542402
DiagonalScanPath_5,evaluation,Advective posterior physics mean + RBF,above_camera_ceiling,76,2.927725999318754,1.7013366776567147,-0.1760045773310371,1.4499516359379352,0.9473684210526315,12.334944328673531,3.2108071862998515
DiagonalScanPath_5,evaluation,Advective posterior physics mean + RBF,top_1pct,26,4.693112305006887,3.034297002015187,-2.268120450026946,2.4376555388454335,0.8461538461538461,12.66232250124662,3.3009564062895995
DiagonalScanPath_5,evaluation,Posterior physics mean + sequential ST (moment-matched),overall,2501,0.5325440150180899,0.19023484517123376,0.03802539798611445,0.21168374655691144,0.995201919232307,2.552219072344365,0.666563115742434
DiagonalScanPath_5,evaluation,Posterior physics mean + sequential ST (moment-matched),above_camera_ceiling,76,2.791918508811924,1.4149392338234814,-0.5660611544988481,1.1726704709468982,0.8552631578947368,3.5602777220010653,0.923632492006012
DiagonalScanPath_5,evaluation,Posterior physics mean + sequential ST (moment-matched),top_1pct,26,4.686244698002502,3.1202466248180043,-2.439079772333398,2.698890620047161,0.5769230769230769,3.7947341183808545,0.9857603058002076
DiagonalScanPath_5,evaluation,Posterior physics mean + sequential advective ST (moment-matched),overall,2501,0.5345111158043881,0.19011780227619873,0.036901057435749514,0.21131615456198466,0.9940023990403839,2.5449195132112106,0.6653069718259097
DiagonalScanPath_5,evaluation,Posterior physics mean + sequential advective ST (moment-matched),above_camera_ceiling,76,2.806703731261579,1.414938611420018,-0.5999034078609744,1.1848710823262414,0.8289473684210527,3.4079067888765198,0.8952215134332182
DiagonalScanPath_5,evaluation,Posterior physics mean + sequential advective ST (moment-matched),top_1pct,26,4.719721222810216,3.1599992276906486,-2.481408693929443,2.7480309484382346,0.5769230769230769,3.559984005540641,0.9419555111689817
DiagonalScanPath_5,evaluation,Advective posterior mean + sequential advective ST (moment-matched),overall,2501,0.5298083002674611,0.16785734671674363,0.03859731861825346,0.20493870746141826,0.9932027189124351,2.547927319000189,0.66544161916737
DiagonalScanPath_5,evaluation,Advective posterior mean + sequential advective ST (moment-matched),above_camera_ceiling,76,2.860160860826254,1.4901996878426413,-0.5750940537614925,1.2294478699703522,0.8289473684210527,3.4395327748895106,0.9016693430778986
DiagonalScanPath_5,evaluation,Advective posterior mean + sequential advective ST (moment-matched),top_1pct,26,4.779985434086141,3.210424394055184,-2.461884278412417,2.7889247296321544,0.5769230769230769,3.6123604611263693,0.9529657198994008
DiagonalScanPath_6,evaluation,Posterior physics mean + RBF,overall,2501,0.6099069950632029,0.22078858030321769,0.055321350079400596,0.7377647500037989,0.9984006397441023,11.492428167575534,2.998224374700835
DiagonalScanPath_6,evaluation,Posterior physics mean + RBF,above_camera_ceiling,76,3.228622263122446,2.142362335010584,0.09530933116004435,1.625825178372757,0.9473684210526315,12.287481038234162,3.217541597328917
DiagonalScanPath_6,evaluation,Posterior physics mean + RBF,top_1pct,26,5.000075848080075,3.60040031107715,-2.2965772962841435,2.6655186003881117,0.8846153846153846,12.462255649697623,3.2706432348644605
DiagonalScanPath_6,evaluation,Advective posterior physics mean + RBF,overall,2501,0.5952330335206127,0.19809410660611493,0.055012117799926125,0.737315670298462,0.998000799680128,11.488684396293083,2.9982260127075477
DiagonalScanPath_6,evaluation,Advective posterior physics mean + RBF,above_camera_ceiling,76,3.188751631658778,2.0892529362191636,-0.016541267411409273,1.643197847199948,0.9342105263157895,12.269097344010548,3.2161168859443974
DiagonalScanPath_6,evaluation,Advective posterior physics mean + RBF,top_1pct,26,4.9920019374517395,3.580496148974878,-2.2676631967663505,2.72277438924638,0.8461538461538461,12.407044177778715,3.2582839697263273
DiagonalScanPath_6,evaluation,Posterior physics mean + sequential ST (moment-matched),overall,2501,0.5675808652772671,0.18889464865364028,0.0375642230976181,0.2157286851613221,0.9940023990403839,2.577870667328054,0.6726781228629045
DiagonalScanPath_6,evaluation,Posterior physics mean + sequential ST (moment-matched),above_camera_ceiling,76,3.0437248311181677,1.697236649754994,-0.528696932983544,1.416037998727877,0.8026315789473685,4.31912033988947,1.137209625732704
DiagonalScanPath_6,evaluation,Posterior physics mean + sequential ST (moment-matched),top_1pct,26,5.1009708432123,3.7499884380928714,-2.59896932743409,3.2670756661092524,0.4230769230769231,4.209663498847986,1.1133739510643905
DiagonalScanPath_6,evaluation,Posterior physics mean + sequential advective ST (moment-matched),overall,2501,0.5665864850072893,0.18902880013503648,0.039755162615048335,0.21649366906856712,0.9928028788484606,2.5581442684728963,0.6677824825283009
DiagonalScanPath_6,evaluation,Posterior physics mean + sequential advective ST (moment-matched),above_camera_ceiling,76,3.0377577110125302,1.704845210602442,-0.46175214473719967,1.4188546794839347,0.7763157894736842,3.6522119517522955,0.9678585867866595
DiagonalScanPath_6,evaluation,Posterior physics mean + sequential advective ST (moment-matched),top_1pct,26,5.078888673445378,3.7065722642257324,-2.5146780793337506,3.2779747631349383,0.34615384615384615,3.6581977107118746,0.9738189262347066
DiagonalScanPath_6,evaluation,Advective posterior mean + sequential advective ST (moment-matched),overall,2501,0.557833372038919,0.16555769484832183,0.02901725044613468,0.20870240256304765,0.9916033586565374,2.5545964562029218,0.6669574644035341
DiagonalScanPath_6,evaluation,Advective posterior mean + sequential advective ST (moment-matched),above_camera_ceiling,76,3.0436985393938922,1.6254222017654987,-0.8626691847649285,1.3963689397823562,0.7631578947368421,3.5888296658445262,0.9426131895889963
DiagonalScanPath_6,evaluation,Advective posterior mean + sequential advective ST (moment-matched),top_1pct,26,5.143764361821318,3.821398634732875,-2.7814137763871063,3.39705359880892,0.3076923076923077,3.535452201751158,0.9448002472629559
DiagonalScanPath_7,evaluation,Posterior physics mean + RBF,overall,2501,0.5756310618475057,0.20543963763148818,0.019895546649430978,0.7294115717335564,0.998000799680128,11.413770108058557,2.9951797463877465
DiagonalScanPath_7,evaluation,Posterior physics mean + RBF,above_camera_ceiling,76,3.0565303589466923,1.7689237239756503,-0.743733181023503,1.504539668295585,0.9342105263157895,12.045068490034978,3.16089139004712
DiagonalScanPath_7,evaluation,Posterior physics mean + RBF,top_1pct,26,5.046955945911292,3.7620600742668056,-2.962821346300934,2.7843438115026617,0.8076923076923077,12.660438764041855,3.2497859463316754
DiagonalScanPath_7,evaluation,Advective posterior physics mean + RBF,overall,2501,0.5769917326726179,0.18948180792155178,0.022169922018515788,0.7306832161961043,0.998000799680128,11.421933417766995,2.9953147773323727
DiagonalScanPath_7,evaluation,Advective posterior physics mean + RBF,above_camera_ceiling,76,3.1249346281748798,1.8570867949264378,-0.8013352414832544,1.5540007755717298,0.9342105263157895,11.960615168709278,3.1652830216969043
DiagonalScanPath_7,evaluation,Advective posterior physics mean + RBF,top_1pct,26,5.152408051079951,3.876650397124811,-3.082972343086519,2.884778785965551,0.8076923076923077,12.012532158541687,3.2576944396229197
DiagonalScanPath_7,evaluation,Posterior physics mean + sequential ST (moment-matched),overall,2501,0.5887811920947632,0.19233366935909624,0.011590804265205977,0.21957954572401983,0.9908036785285885,2.525217610489524,0.6622633228241221
DiagonalScanPath_7,evaluation,Posterior physics mean + sequential ST (moment-matched),above_camera_ceiling,76,3.1763268326781544,1.8231633762527748,-1.2772056437471744,1.552081556726599,0.6973684210526315,3.075438903781488,0.8046723921952111
DiagonalScanPath_7,evaluation,Posterior physics mean + sequential ST (moment-matched),top_1pct,26,5.355877848937727,4.28792706287777,-3.556998857600254,3.8230317009176087,0.11538461538461539,3.1578729282297635,0.8414593142668346
DiagonalScanPath_7,evaluation,Posterior physics mean + sequential advective ST (moment-matched),overall,2501,0.5847382543303601,0.19245786790746813,0.013012504346017752,0.21939663827904418,0.989204318272691,2.5205999604620297,0.6611977710488672
DiagonalScanPath_7,evaluation,Posterior physics mean + sequential advective ST (moment-matched),above_camera_ceiling,76,3.1488134098966962,1.814047011013191,-1.236573729585591,1.5408007219831752,0.6710526315789473,2.9229004340206104,0.7715945658488329
DiagonalScanPath_7,evaluation,Posterior physics mean + sequential advective ST (moment-matched),top_1pct,26,5.302723070107645,4.235039856037227,-3.488201927126469,3.783835337080502,0.07692307692307693,2.9872596536702796,0.7951844582103563
DiagonalScanPath_7,evaluation,Advective posterior mean + sequential advective ST (moment-matched),overall,2501,0.5925511901757883,0.17589137498365087,0.01030197725306645,0.2154535441521934,0.989204318272691,2.5215341643892715,0.6611280604984439
DiagonalScanPath_7,evaluation,Advective posterior mean + sequential advective ST (moment-matched),above_camera_ceiling,76,3.2570045697159653,1.8977176635116526,-1.386377890320557,1.6410179082119283,0.6578947368421053,2.9820374781365473,0.7691258544813235
DiagonalScanPath_7,evaluation,Advective posterior mean + sequential advective ST (moment-matched),top_1pct,26,5.474882433431173,4.424921477932329,-3.710681080746114,3.993671788882025,0.07692307692307693,3.006616407158322,0.7872520737111276
DiagonalScanPath_8,calibration,Posterior physics mean + RBF,overall,2501,0.6074060365769817,0.22542757864176396,0.04715924295512686,0.7367773133634268,0.998000799680128,11.457536749096038,2.995409967109199
DiagonalScanPath_8,calibration,Posterior physics mean + RBF,above_camera_ceiling,76,3.174399041579506,1.9099089249195427,-0.3902383135483189,1.5719234426562192,0.9342105263157895,11.886350083692928,3.1692157111822405
DiagonalScanPath_8,calibration,Posterior physics mean + RBF,top_1pct,26,5.13302949902119,3.5968764634668866,-2.708385019764386,2.820219150342865,0.8076923076923077,12.036180312232942,3.2630056908561422
DiagonalScanPath_8,calibration,Advective posterior physics mean + RBF,overall,2501,0.6078473725317804,0.20610670450097598,0.04108964122857121,0.7364391145951816,0.998000799680128,11.45716603220939,2.9954019221302084
DiagonalScanPath_8,calibration,Advective posterior physics mean + RBF,above_camera_ceiling,76,3.2340851763716394,1.962959141825103,-0.46298205300883327,1.6075287998408145,0.9342105263157895,12.168573139145053,3.1700450300816754
DiagonalScanPath_8,calibration,Advective posterior physics mean + RBF,top_1pct,26,5.225916789444366,3.646106732128321,-2.8831110687869934,2.8664746761608697,0.8076923076923077,12.336172180510792,3.2727689720522997
DiagonalScanPath_8,calibration,Posterior physics mean + sequential ST (moment-matched),overall,2501,0.6013275223719974,0.20479677688559514,0.03948877530442108,0.2221682444405462,0.9932027189124351,2.5599679036822427,0.6686497671825015
DiagonalScanPath_8,calibration,Posterior physics mean + sequential ST (moment-matched),above_camera_ceiling,76,3.2004702668833893,1.8169317916560705,-0.7673049842027808,1.489432430428261,0.8026315789473685,3.881256821962581,1.0005972827917353
DiagonalScanPath_8,calibration,Posterior physics mean + sequential ST (moment-matched),top_1pct,26,5.328459505533327,3.8508314623764544,-3.2001431974565437,3.3909152517366867,0.4230769230769231,4.37649086105371,1.1063874955894164
DiagonalScanPath_8,calibration,Posterior physics mean + sequential advective ST (moment-matched),overall,2501,0.596215422181028,0.2052094587142643,0.04206417319743539,0.22305992161811075,0.9920031987205118,2.5503631766722576,0.666665760683039
DiagonalScanPath_8,calibration,Posterior physics mean + sequential advective ST (moment-matched),above_camera_ceiling,76,3.164380214890259,1.8210950030691224,-0.683264766715733,1.5049374384511183,0.7763157894736842,3.593292113650998,0.9321507640930837
DiagonalScanPath_8,calibration,Posterior physics mean + sequential advective ST (moment-matched),top_1pct,26,5.2423818075678446,3.761662603513114,-3.0623180582131906,3.350226195400187,0.4230769230769231,3.9833944606465606,1.031406815867865
DiagonalScanPath_8,calibration,Advective posterior mean + sequential advective ST (moment-matched),overall,2501,0.5904067530342376,0.18393676404239193,0.03474315584202302,0.21527492252777342,0.9928028788484606,2.5522736002567417,0.6674433566902589
DiagonalScanPath_8,calibration,Advective posterior mean + sequential advective ST (moment-matched),above_camera_ceiling,76,3.18995710002041,1.782166092562494,-0.8145659327640372,1.4822893024599206,0.7894736842105263,3.651191207185048,0.9555336439233266
DiagonalScanPath_8,calibration,Advective posterior mean + sequential advective ST (moment-matched),top_1pct,26,5.316032609870805,3.809975764127763,-3.198138789119853,3.3985815086317333,0.4230769230769231,4.141811696469452,1.0835230538343337
HorizontalScanPath_1,evaluation,Posterior physics mean + RBF,overall,2501,0.4863143217804195,0.19162740558837554,0.040954153856051695,0.7212347708474458,0.9988004798080767,11.420653687015182,2.991497782883187
HorizontalScanPath_1,evaluation,Posterior physics mean + RBF,above_camera_ceiling,76,2.4943560731780656,1.3698868966058708,-0.6778920519830327,1.2715929714972674,0.9605263157894737,12.370223486315556,3.265166814393357
HorizontalScanPath_1,evaluation,Posterior physics mean + RBF,top_1pct,26,4.091233890587997,2.6832938172365086,-2.6832938172365086,2.0933385845059256,0.8846153846153846,12.399563522543742,3.2988784448061352
HorizontalScanPath_1,evaluation,Advective posterior physics mean + RBF,overall,2501,0.47792069430225126,0.17831215789798666,0.039110057330087725,0.7199148215974269,0.9988004798080767,11.420653687015182,2.991497782883187
HorizontalScanPath_1,evaluation,Advective posterior physics mean + RBF,above_camera_ceiling,76,2.4986850287629845,1.3520854776782032,-0.7334657450447567,1.2709174443072482,0.9605263157894737,12.370223486315556,3.265166814393357
HorizontalScanPath_1,evaluation,Advective posterior physics mean + RBF,top_1pct,26,4.126883429227122,2.7338201646578986,-2.7338201646578986,2.1154322466000117,0.8846153846153846,12.399563522543742,3.2988784448061352
HorizontalScanPath_1,evaluation,Posterior physics mean + sequential ST (moment-matched),overall,2501,0.4800742100190865,0.1775164592277621,0.04833385880434192,0.205898655517105,0.9956017592962815,2.542558867049626,0.6660463783159776
HorizontalScanPath_1,evaluation,Posterior physics mean + sequential ST (moment-matched),above_camera_ceiling,76,2.4963119736518458,1.3703729903131012,-0.6779823283662806,1.0947489752966746,0.8552631578947368,3.5937128133088723,0.948721717393249
HorizontalScanPath_1,evaluation,Posterior physics mean + sequential ST (moment-matched),top_1pct,26,4.0954110662928365,2.690211414190943,-2.690211414190943,2.2919686626417546,0.5769230769230769,3.620746990051998,0.9622487826135581
HorizontalScanPath_1,evaluation,Posterior physics mean + sequential advective ST (moment-matched),overall,2501,0.4798646425370367,0.17752798501357311,0.048528434778012615,0.20602675995343722,0.995201919232307,2.538963799942066,0.6650974065937311
HorizontalScanPath_1,evaluation,Posterior physics mean + sequential advective ST (moment-matched),above_camera_ceiling,76,2.494736124629982,1.370359264875398,-0.6722229743298069,1.0975256729703422,0.8421052631578947,3.4831993699409862,0.9195796738713244
HorizontalScanPath_1,evaluation,Posterior physics mean + sequential advective ST (moment-matched),top_1pct,26,4.09087103451455,2.683777468860952,-2.683777468860952,2.2945554788536167,0.5384615384615384,3.5361767843680765,0.9399817433079869
HorizontalScanPath_1,evaluation,Advective posterior mean + sequential advective ST (moment-matched),overall,2501,0.4720808907392656,0.16431876800496975,0.04564805388405078,0.20099412261747288,0.995201919232307,2.538963799942066,0.6650974065937311
HorizontalScanPath_1,evaluation,Advective posterior mean + sequential advective ST (moment-matched),above_camera_ceiling,76,2.500752772459877,1.351340130984335,-0.7333039675117036,1.086969509825687,0.8421052631578947,3.4831993699409862,0.9195796738713244
HorizontalScanPath_1,evaluation,Advective posterior mean + sequential advective ST (moment-matched),top_1pct,26,4.131264560440292,2.7406473815363395,-2.7406473815363395,2.341165825099593,0.5384615384615384,3.5361767843680765,0.9399817433079869
HorizontalScanPath_2,evaluation,Posterior physics mean + RBF,overall,2501,0.5197669784244732,0.2085082685587059,0.02658677097252903,0.7263926040406123,0.9988004798080767,11.462365875164878,2.9931193786111834
HorizontalScanPath_2,evaluation,Posterior physics mean + RBF,above_camera_ceiling,76,2.590471188819917,1.3253122103722716,-0.8638740033386325,1.2997832388437156,0.9605263157894737,12.412822949231817,3.2351067256055344
HorizontalScanPath_2,evaluation,Posterior physics mean + RBF,top_1pct,26,4.325592947330353,2.902895445291978,-2.8109651791588837,2.2263723501928325,0.8846153846153846,12.581344805156009,3.301412315498482
HorizontalScanPath_2,evaluation,Advective posterior physics mean + RBF,overall,2501,0.5134854866444716,0.19835797340289163,0.027454901609286236,0.7255422276143579,0.9988004798080767,11.462365875164878,2.9931193786111834
HorizontalScanPath_2,evaluation,Advective posterior physics mean + RBF,above_camera_ceiling,76,2.591548972911505,1.3153552386676892,-0.8783482676715588,1.2993067253961443,0.9605263157894737,12.41282294923182,3.2351067256055344
HorizontalScanPath_2,evaluation,Advective posterior physics mean + RBF,top_1pct,26,4.33309798772529,2.9060861825024826,-2.829039876241336,2.231530171217323,0.8846153846153846,12.581344805156014,3.301412315498482
HorizontalScanPath_2,evaluation,Posterior physics mean + sequential ST (moment-matched),overall,2501,0.49592002883742453,0.18323750306488681,0.029566365464765376,0.20715567564014137,0.995201919232307,2.547121913105118,0.6650107538266691
HorizontalScanPath_2,evaluation,Posterior physics mean + sequential ST (moment-matched),above_camera_ceiling,76,2.560271961954958,1.2415636258114024,-0.9377609205461225,1.0426852147679841,0.8421052631578947,3.4340920355762203,0.899929571555136
HorizontalScanPath_2,evaluation,Posterior physics mean + sequential ST (moment-matched),top_1pct,26,4.332794443514015,2.9093700631031627,-2.8179795167581747,2.5117577974456657,0.5384615384615384,3.8254855861986354,1.003090640907224
HorizontalScanPath_2,evaluation,Posterior physics mean + sequential advective ST (moment-matched),overall,2501,0.4963981355185645,0.1832593072415583,0.029210693965716534,0.2072228081677215,0.995201919232307,2.545629895445629,0.6646157021364962
HorizontalScanPath_2,evaluation,Posterior physics mean + sequential advective ST (moment-matched),above_camera_ceiling,76,2.563992533748341,1.2435746150788007,-0.9481317011514422,1.0452336549603631,0.8421052631578947,3.3957297030011286,0.8898572320324438
HorizontalScanPath_2,evaluation,Posterior physics mean + sequential advective ST (moment-matched),top_1pct,26,4.33964153706886,2.9188923556522903,-2.8325727543482695,2.522482512166154,0.5384615384615384,3.7779323607128563,0.990613035497453
HorizontalScanPath_2,evaluation,Advective posterior mean + sequential advective ST (moment-matched),overall,2501,0.49074354194154834,0.1734455121730702,0.02837051774762418,0.20420568055840138,0.9956017592962815,2.5464539960257464,0.6646214207133423
HorizontalScanPath_2,evaluation,Advective posterior mean + sequential advective ST (moment-matched),above_camera_ceiling,76,2.5664216429242854,1.2338652820421563,-0.9645229574981351,1.0413706460964451,0.8552631578947368,3.4467322955722883,0.8899357245284549
HorizontalScanPath_2,evaluation,Advective posterior mean + sequential advective ST (moment-matched),top_1pct,26,4.3484456265083375,2.923791953725271,-2.853129094494873,2.5111225521826617,0.5769230769230769,3.8284703252568217,0.9906130359533708
HorizontalScanPath_3,evaluation,Posterior physics mean + RBF,overall,2501,0.5206008415478215,0.20451894528138573,0.010960882630355759,0.726937627237549,0.9984006397441023,11.451317864407143,2.991497782883187
HorizontalScanPath_3,evaluation,Posterior physics mean + RBF,above_camera_ceiling,76,2.696884104348657,1.4220740885901402,-1.1892457088787303,1.3474357809695388,0.9473684210526315,12.303694807895356,3.2466819752009086
HorizontalScanPath_3,evaluation,Posterior physics mean + RBF,top_1pct,26,4.55680991128696,3.337170124739185,-3.337170124739185,2.4491873237587454,0.8461538461538461,12.516592241623302,3.301412315494148
HorizontalScanPath_3,evaluation,Advective posterior physics mean + RBF,overall,2501,0.5147142709880344,0.1925250663097281,0.016573522532217996,0.7259042679320686,0.9984006397441023,11.451317864407143,2.991497782883187
HorizontalScanPath_3,evaluation,Advective posterior physics mean + RBF,above_camera_ceiling,76,2.7048703875695113,1.4117721225064703,-1.2087396154271115,1.3503007936628106,0.9473684210526315,12.303694807895356,3.2466819752009086
HorizontalScanPath_3,evaluation,Advective posterior physics mean + RBF,top_1pct,26,4.574303004072462,3.359079564413288,-3.359079564413288,2.460937866545757,0.8461538461538461,12.516592241623302,3.301412315494148
HorizontalScanPath_3,evaluation,Posterior physics mean + sequential ST (moment-matched),overall,2501,0.5092828824928837,0.18449037093570303,0.01849811272768559,0.20943434437990632,0.9928028788484606,2.5319166591036764,0.661459676186793
HorizontalScanPath_3,evaluation,Posterior physics mean + sequential ST (moment-matched),above_camera_ceiling,76,2.689082417317244,1.41913970013244,-1.1818314045813174,1.1987760602431081,0.7631578947368421,3.049190318077037,0.8047752002641516
HorizontalScanPath_3,evaluation,Posterior physics mean + sequential ST (moment-matched),top_1pct,26,4.542475476156938,3.32047087719149,-3.32047087719149,2.9049845579080387,0.3076923076923077,3.064667169274908,0.807357450797298
HorizontalScanPath_3,evaluation,Posterior physics mean + sequential advective ST (moment-matched),overall,2501,0.5093180130774163,0.18449643502514265,0.01847133034754368,0.20946597803079509,0.9924030387844862,2.53042224465625,0.6610659300400248
HorizontalScanPath_3,evaluation,Posterior physics mean + sequential advective ST (moment-matched),above_camera_ceiling,76,2.6893164387636475,1.4193976459699693,-1.1826574913297874,1.1997485968409622,0.75,3.0091808295657994,0.7941771231964875
HorizontalScanPath_3,evaluation,Posterior physics mean + sequential advective ST (moment-matched),top_1pct,26,4.5428512054459995,3.321191398479757,-3.321191398479757,2.9098894576681693,0.3076923076923077,3.0248809694652086,0.7969490082220891
HorizontalScanPath_3,evaluation,Advective posterior mean + sequential advective ST (moment-matched),overall,2501,0.504402745785992,0.17289200822710937,0.0208781338437068,0.20574329230728985,0.9928028788484606,2.53042224465625,0.6610659300400248
HorizontalScanPath_3,evaluation,Advective posterior mean + sequential advective ST (moment-matched),above_camera_ceiling,76,2.697394841251556,1.4096139369920062,-1.2022703347461496,1.2008350780733048,0.7631578947368421,3.0091808295658002,0.7941771231964875
HorizontalScanPath_3,evaluation,Advective posterior mean + sequential advective ST (moment-matched),top_1pct,26,4.5605878816015455,3.3430169653082134,-3.3430169653082134,2.9293057616229983,0.3076923076923077,3.0248809694652086,0.7969490082220891
HorizontalScanPath_4,evaluation,Posterior physics mean + RBF,overall,2501,0.5055335481681568,0.19669236346205984,0.028083580072557204,0.7236507778437837,0.9984006397441023,11.454768922906574,2.99346914824
HorizontalScanPath_4,evaluation,Posterior physics mean + RBF,above_camera_ceiling,76,2.617879412041448,1.4162524539455243,-0.7085892563019477,1.314076559529361,0.9473684210526315,12.285992227631937,3.2209289847659335
HorizontalScanPath_4,evaluation,Posterior physics mean + RBF,top_1pct,26,4.30900090884659,2.8746099897487998,-2.8746099897487998,2.228175221834344,0.8461538461538461,12.479507184578647,3.30146315229366
HorizontalScanPath_4,evaluation,Advective posterior physics mean + RBF,overall,2501,0.5045530632523654,0.18508879306469192,0.0286718796453901,0.7228824636182118,0.9984006397441023,11.45964573935267,2.9936108487323754
HorizontalScanPath_4,evaluation,Advective posterior physics mean + RBF,above_camera_ceiling,76,2.668168302630065,1.4864736938003802,-0.6660684722540425,1.3410544437447836,0.9473684210526315,12.379390118957886,3.2255201274475933
HorizontalScanPath_4,evaluation,Advective posterior physics mean + RBF,top_1pct,26,4.338780054884123,2.9268626862496205,-2.9268626862496205,2.236292262805411,0.8461538461538461,12.63187162165133,3.3014676094980495
HorizontalScanPath_4,evaluation,Posterior physics mean + sequential ST (moment-matched),overall,2501,0.4891718697947071,0.17694950397431733,0.03040837884254758,0.20431087257537878,0.9948020791683326,2.542235915658891,0.6641722775470985
HorizontalScanPath_4,evaluation,Posterior physics mean + sequential ST (moment-matched),above_camera_ceiling,76,2.554931853213894,1.2377446776474332,-0.9527201910643105,1.0397547285163848,0.8289473684210527,3.339313051794165,0.8648759328731735
HorizontalScanPath_4,evaluation,Posterior physics mean + sequential ST (moment-matched),top_1pct,26,4.325681961648419,2.9034539270226216,-2.9034539270226216,2.4835319180944535,0.5,3.5459029777816116,0.9111430872325654
HorizontalScanPath_4,evaluation,Posterior physics mean + sequential advective ST (moment-matched),overall,2501,0.48946432221273933,0.1770111072531191,0.03014949169496646,0.2040267309376168,0.9944022391043582,2.5392084424564514,0.663429002426855
HorizontalScanPath_4,evaluation,Posterior physics mean + sequential advective ST (moment-matched),above_camera_ceiling,76,2.5568933462539665,1.2400910143891486,-0.9604392478090593,1.044828900497013,0.8157894736842105,3.244893482708673,0.8465500410959379
HorizontalScanPath_4,evaluation,Posterior physics mean + sequential advective ST (moment-matched),top_1pct,26,4.32923138714963,2.9109153591910295,-2.9109153591910295,2.5065992612127816,0.46153846153846156,3.409223926574089,0.8895766376127431
HorizontalScanPath_4,evaluation,Advective posterior mean + sequential advective ST (moment-matched),overall,2501,0.48251957446258636,0.1628379930734978,0.02771247711592621,0.1989706634536458,0.9940023990403839,2.5390362926703176,0.6634173125143676
HorizontalScanPath_4,evaluation,Advective posterior mean + sequential advective ST (moment-matched),above_camera_ceiling,76,2.570529173578965,1.2396254992876878,-0.9917702584092078,1.046702814669678,0.8026315789473685,3.2495177486459306,0.846174087068697
HorizontalScanPath_4,evaluation,Advective posterior mean + sequential advective ST (moment-matched),top_1pct,26,4.359247625555268,2.9655289785425705,-2.9655289785425705,2.5586074471837468,0.4230769230769231,3.4000832867967334,0.8895700252447486
HorizontalScanPath_5,evaluation,Posterior physics mean + RBF,overall,2501,0.5347970497039343,0.21050532078844494,0.04483010148255357,0.7283541461812506,0.9984006397441023,11.452015979559087,2.994831024409529
HorizontalScanPath_5,evaluation,Posterior physics mean + RBF,above_camera_ceiling,76,2.7515526598614004,1.6249471451622959,-0.5997351628660861,1.4015411793229886,0.9473684210526315,12.247834456431288,3.2062289764983407
HorizontalScanPath_5,evaluation,Posterior physics mean + RBF,top_1pct,26,4.42558601961355,3.1028560780901273,-3.079038765857479,2.3319363653426346,0.8461538461538461,12.641693054572473,3.3011733159939847
HorizontalScanPath_5,evaluation,Advective posterior physics mean + RBF,overall,2501,0.5269655184923555,0.20072702863770306,0.046970832621478824,0.7272242797827059,0.9984006397441023,11.44658569985142,2.9948046034513354
HorizontalScanPath_5,evaluation,Advective posterior physics mean + RBF,above_camera_ceiling,76,2.740518218363871,1.6059911112974785,-0.6349294123795444,1.37123863044178,0.9473684210526315,12.190066604945168,3.206521633230171
HorizontalScanPath_5,evaluation,Advective posterior physics mean + RBF,top_1pct,26,4.431477832023316,3.113967566809772,-3.096361499632604,2.3221120306384804,0.8461538461538461,12.816205939895081,3.3010298642001668
HorizontalScanPath_5,evaluation,Posterior physics mean + sequential ST (moment-matched),overall,2501,0.5028484161128666,0.18467815116569047,0.03631405853374575,0.20901485804077963,0.9928028788484606,2.536332606774471,0.6634206259378824
HorizontalScanPath_5,evaluation,Posterior physics mean + sequential ST (moment-matched),above_camera_ceiling,76,2.6249007567859257,1.3616076751991617,-0.9653130974487201,1.1425189156328914,0.7763157894736842,3.185717202770848,0.8400988610882202
HorizontalScanPath_5,evaluation,Posterior physics mean + sequential ST (moment-matched),top_1pct,26,4.423595654066771,3.119405655702184,-3.119405655702184,2.7097502563468674,0.34615384615384615,3.1901643312478254,0.8529928229068316
HorizontalScanPath_5,evaluation,Posterior physics mean + sequential advective ST (moment-matched),overall,2501,0.5027531415253439,0.18466537855973963,0.03640653055924961,0.20903694611329363,0.9928028788484606,2.535008732691538,0.6630772938304723
HorizontalScanPath_5,evaluation,Posterior physics mean + sequential advective ST (moment-matched),above_camera_ceiling,76,2.624226543100157,1.3610677975583918,-0.9627683677911585,1.1426940890464814,0.7763157894736842,3.1534858652256017,0.8317674127459163
HorizontalScanPath_5,evaluation,Posterior physics mean + sequential advective ST (moment-matched),top_1pct,26,4.4222235448917635,3.116962192876621,-3.116962192876621,2.710658069080365,0.34615384615384615,3.1575996343038573,0.8445423729348891
HorizontalScanPath_5,evaluation,Advective posterior mean + sequential advective ST (moment-matched),overall,2501,0.4975074656061771,0.17579132608773626,0.03738850470058603,0.20614868103636966,0.9932027189124351,2.5354065982238616,0.6630664814157793
HorizontalScanPath_5,evaluation,Advective posterior mean + sequential advective ST (moment-matched),above_camera_ceiling,76,2.624634977688621,1.3548144122968804,-0.9833680128631476,1.133298546743607,0.7763157894736842,3.1827888768675443,0.8314429353159947
HorizontalScanPath_5,evaluation,Advective posterior mean + sequential advective ST (moment-matched),top_1pct,26,4.428799805357209,3.132053101113638,-3.132053101113638,2.713979366328011,0.34615384615384615,3.218145450988387,0.8445077975256866
HorizontalScanPath_6,evaluation,Posterior physics mean + RBF,overall,2501,0.5101257397814449,0.20064030547381187,0.030887165625465583,0.7281818637407746,0.9984006397441023,11.456169305648398,2.9955183210565766
HorizontalScanPath_6,evaluation,Posterior physics mean + RBF,above_camera_ceiling,76,2.603699691126654,1.4794402887343336,-0.8492294384899394,1.3158924719786291,0.9473684210526315,11.997228236281506,3.1657422478562305
HorizontalScanPath_6,evaluation,Posterior physics mean + RBF,top_1pct,26,4.267471614031173,3.063809921166576,-3.063809921166576,2.2677437119921886,0.8461538461538461,12.826911741981187,3.3036803684126568
HorizontalScanPath_6,evaluation,Advective posterior physics mean + RBF,overall,2501,0.4983494518873771,0.18658128523773335,0.027199526806689498,0.7271388331981345,0.998000799680128,11.457143244719122,2.994734901090043
HorizontalScanPath_6,evaluation,Advective posterior physics mean + RBF,above_camera_ceiling,76,2.586597105903566,1.4398567521934174,-0.9085925581994445,1.3048253648954835,0.9473684210526315,11.917100235341366,3.1511808698352577
HorizontalScanPath_6,evaluation,Advective posterior physics mean + RBF,top_1pct,26,4.281253687263229,3.084931132567008,-3.084931132567008,2.262590615665179,0.8461538461538461,12.40518611658605,3.302708084744582
HorizontalScanPath_6,evaluation,Posterior physics mean + sequential ST (moment-matched),overall,2501,0.48094888125826557,0.17407752200537133,0.0233287401503455,0.20546156266944182,0.9936025589764095,2.5276607016956665,0.6609781444473849
HorizontalScanPath_6,evaluation,Posterior physics mean + sequential ST (moment-matched),above_camera_ceiling,76,2.5255842741904773,1.3084872623963615,-1.0953501400490675,1.1023578385548138,0.7894736842105263,2.9193127731235613,0.7628508629570709
HorizontalScanPath_6,evaluation,Posterior physics mean + sequential ST (moment-matched),top_1pct,26,4.25354476874773,3.0635459150907556,-3.0635459150907556,2.6540833314855536,0.38461538461538464,3.1324480141640287,0.8091506776554648
HorizontalScanPath_6,evaluation,Posterior physics mean + sequential advective ST (moment-matched),overall,2501,0.48091102016294124,0.17404157174475746,0.02331530303150268,0.20547060333793843,0.9936025589764095,2.5263855494698273,0.6606453593497079
HorizontalScanPath_6,evaluation,Posterior physics mean + sequential advective ST (moment-matched),above_camera_ceiling,76,2.525573343158429,1.3077013533958854,-1.096221097515965,1.102903554159218,0.7894736842105263,2.8840612049947216,0.753684867640419
HorizontalScanPath_6,evaluation,Posterior physics mean + sequential advective ST (moment-matched),top_1pct,26,4.254293957679396,3.065066568464665,-3.065066568464665,2.6588851760563736,0.38461538461538464,3.0952831595365504,0.7992506877588496
HorizontalScanPath_6,evaluation,Advective posterior mean + sequential advective ST (moment-matched),overall,2501,0.4736611568885524,0.16203706701676665,0.021049838948732687,0.20155339298591574,0.9936025589764095,2.524775748690368,0.6605892188444441
HorizontalScanPath_6,evaluation,Advective posterior mean + sequential advective ST (moment-matched),above_camera_ceiling,76,2.523311782610952,1.2965275926863746,-1.1062929842081748,1.1026130982356017,0.7894736842105263,2.867888880516711,0.7532003364146505
HorizontalScanPath_6,evaluation,Advective posterior mean + sequential advective ST (moment-matched),top_1pct,26,4.257900475162642,3.0710594175508277,-3.0710594175508277,2.672063013642163,0.38461538461538464,3.0145683905557474,0.7985267611387066
HorizontalScanPath_7,evaluation,Posterior physics mean + RBF,overall,2501,0.5203124182884111,0.2202745817436869,0.04977581262669092,0.730980637967688,0.9984006397441023,11.452406174456286,2.995898715132744
HorizontalScanPath_7,evaluation,Posterior physics mean + RBF,above_camera_ceiling,76,2.576428288874977,1.6662074339341817,-0.04812855489444551,1.381170708332738,0.9473684210526315,12.362427212154246,3.209942010033808
HorizontalScanPath_7,evaluation,Posterior physics mean + RBF,top_1pct,26,3.7073737475088553,2.4235542957014546,-2.2067804370932502,1.9444947099447256,0.8846153846153846,12.785466286684526,3.3238784415248874
HorizontalScanPath_7,evaluation,Advective posterior physics mean + RBF,overall,2501,0.5027099241060382,0.2036394006577439,0.05063041822222672,0.7296565227588979,0.9984006397441023,11.445394975444948,2.995922976669309
HorizontalScanPath_7,evaluation,Advective posterior physics mean + RBF,above_camera_ceiling,76,2.5523155409668,1.6576672547459423,-0.06157388383858413,1.38107092302085,0.9473684210526315,12.243260681950028,3.21077805816753
HorizontalScanPath_7,evaluation,Advective posterior physics mean + RBF,top_1pct,26,3.7197452268531164,2.4212976364885255,-2.250793374219403,1.9348313375123576,0.8461538461538461,12.74278004273849,3.3237935634974773
HorizontalScanPath_7,evaluation,Posterior physics mean + sequential ST (moment-matched),overall,2501,0.49493120738507324,0.19283490018705987,0.036311571063129156,0.21273558218862118,0.9928028788484606,2.550667857569226,0.6672266581347966
HorizontalScanPath_7,evaluation,Posterior physics mean + sequential ST (moment-matched),above_camera_ceiling,76,2.5676982700157702,1.574560355510515,-0.7957192881163967,1.2357371375612132,0.7763157894736842,3.597928290252719,0.9418909002881342
HorizontalScanPath_7,evaluation,Posterior physics mean + sequential ST (moment-matched),top_1pct,26,4.130321834280074,2.935964327233738,-2.7773452277080515,2.4689137187515873,0.5384615384615384,3.8090829829900903,1.0022058897511996
HorizontalScanPath_7,evaluation,Posterior physics mean + sequential advective ST (moment-matched),overall,2501,0.5010798102292184,0.19402798025644494,0.03264530899700615,0.21454280123131866,0.9920031987205118,2.5464949913829615,0.6664259897496916
HorizontalScanPath_7,evaluation,Posterior physics mean + sequential advective ST (moment-matched),above_camera_ceiling,76,2.6079771388896678,1.6078559241484025,-0.8848755037046839,1.281088056082341,0.75,3.4937009899998426,0.9215538486828088
HorizontalScanPath_7,evaluation,Posterior physics mean + sequential advective ST (moment-matched),top_1pct,26,4.209232990821585,3.0241194347783713,-2.880234668600414,2.5767140559736776,0.5,3.6508640519838726,0.9789087110714849
HorizontalScanPath_7,evaluation,Advective posterior mean + sequential advective ST (moment-matched),overall,2501,0.48064740093602126,0.17622040201996605,0.034711638954587336,0.2071746323834822,0.9924030387844862,2.546494991382962,0.6664259897496916
HorizontalScanPath_7,evaluation,Advective posterior mean + sequential advective ST (moment-matched),above_camera_ceiling,76,2.5401488342739644,1.5218524623135525,-0.7997248097693354,1.2153054352500008,0.75,3.493700989999841,0.9215538486828088
HorizontalScanPath_7,evaluation,Advective posterior mean + sequential advective ST (moment-matched),top_1pct,26,4.119233663634104,2.911352852640273,-2.7938748994357856,2.4761256227783397,0.5,3.6508640519838704,0.9789087110714848
HorizontalScanPath_8,evaluation,Posterior physics mean + RBF,overall,2501,0.5023521532515904,0.21168410412601382,0.06853822239921602,0.7273631607144273,0.9988004798080767,11.443163002139748,2.9956851340375534
HorizontalScanPath_8,evaluation,Posterior physics mean + RBF,above_camera_ceiling,76,2.4356276774417682,1.4684632646864875,-0.17238056410367544,1.304124448247307,0.9605263157894737,12.40822530264026,3.2008095611632212
HorizontalScanPath_8,evaluation,Posterior physics mean + RBF,top_1pct,26,3.7569118670993564,2.3963766644495936,-2.327084461641015,1.9721839514895665,0.8846153846153846,13.074916899077996,3.3252076475642025
HorizontalScanPath_8,evaluation,Advective posterior physics mean + RBF,overall,2501,0.4955265758182689,0.20372694897119498,0.06801583995542985,0.7257213725307768,0.9988004798080767,11.438033631833102,2.9958901416926964
HorizontalScanPath_8,evaluation,Advective posterior physics mean + RBF,above_camera_ceiling,76,2.434553765731278,1.4581788772661743,-0.19361705408557314,1.2897511918115199,0.9605263157894737,12.304906657615378,3.205774096883626
HorizontalScanPath_8,evaluation,Advective posterior physics mean + RBF,top_1pct,26,3.776193839745231,2.4092747140940762,-2.346783147787693,1.950562362285828,0.8846153846153846,12.535985456782422,3.3251750285457464
HorizontalScanPath_8,evaluation,Posterior physics mean + sequential ST (moment-matched),overall,2501,0.4602392691935132,0.186005518000734,0.05804747147841908,0.20775717900922225,0.9948020791683326,2.5476986839377194,0.666843088716755
HorizontalScanPath_8,evaluation,Posterior physics mean + sequential ST (moment-matched),above_camera_ceiling,76,2.2747362626109373,1.2395119038453986,-0.49279057719324054,0.9733822757562045,0.8947368421052632,3.6208278319127736,0.939650247082922
HorizontalScanPath_8,evaluation,Posterior physics mean + sequential ST (moment-matched),top_1pct,26,3.7475491225519897,2.4282376647155433,-2.3996899883181695,2.0213773319873494,0.6923076923076923,3.790208001633772,0.9752081494387799
HorizontalScanPath_8,evaluation,Posterior physics mean + sequential advective ST (moment-matched),overall,2501,0.46038472762366084,0.1859893377731673,0.05782657530952864,0.20798979919857985,0.9956017592962815,2.5466252097446684,0.6662927805675202
HorizontalScanPath_8,evaluation,Posterior physics mean + sequential advective ST (moment-matched),above_camera_ceiling,76,2.2756966330184607,1.238672755122762,-0.4989617177818852,0.9667946937681734,0.9078947368421053,3.561068405929673,0.9246844364685423
HorizontalScanPath_8,evaluation,Posterior physics mean + sequential advective ST (moment-matched),top_1pct,26,3.7514514518566053,2.432913615604598,-2.4043121006179344,2.028118763787666,0.7307692307692307,3.698916753306555,0.9592800222314146
HorizontalScanPath_8,evaluation,Advective posterior mean + sequential advective ST (moment-matched),overall,2501,0.45479378769408046,0.17751905040752497,0.05682530522533587,0.20378625060452632,0.995201919232307,2.5446033201202276,0.6662383977897938
HorizontalScanPath_8,evaluation,Advective posterior mean + sequential advective ST (moment-matched),above_camera_ceiling,76,2.282183401751776,1.231005497255009,-0.504866750535954,0.9611215071437414,0.8947368421052632,3.524084323659519,0.9232072660759695
HorizontalScanPath_8,evaluation,Advective posterior mean + sequential advective ST (moment-matched),top_1pct,26,3.7713100119293115,2.4441364353152197,-2.420687741291654,2.0268147747795364,0.6923076923076923,3.686167021517124,0.9592859581521382
HorizontalScanPath_10,evaluation,Posterior physics mean + RBF,overall,2501,0.5012838849623629,0.2100156450660271,0.030231888632765217,0.7240585825346111,0.9988004798080767,11.43206353249601,2.9960028016400293
HorizontalScanPath_10,evaluation,Posterior physics mean + RBF,above_camera_ceiling,76,2.544001301729177,1.5939818683433165,-0.3685961159954228,1.2792781848917065,0.9605263157894737,12.096038952225616,3.1697370863586474
HorizontalScanPath_10,evaluation,Posterior physics mean + RBF,top_1pct,26,3.960834910046454,2.5716949265639575,-2.5716949265639575,1.985923008142632,0.8846153846153846,12.875763336511428,3.3811366920750805
HorizontalScanPath_10,evaluation,Advective posterior physics mean + RBF,overall,2501,0.49150275372148255,0.19282201415413455,0.03100309495567183,0.7233678319040749,0.9988004798080767,11.431835541899922,2.995924452804802
HorizontalScanPath_10,evaluation,Advective posterior physics mean + RBF,above_camera_ceiling,76,2.552718133562595,1.5973668625199031,-0.3749314978376324,1.3142516118157361,0.9605263157894737,12.12226207272698,3.1675726837466236
HorizontalScanPath_10,evaluation,Advective posterior physics mean + RBF,top_1pct,26,3.9823151787555884,2.5982865017060157,-2.5982865017060157,2.0593074005457552,0.8846153846153846,12.674149652364312,3.380922873097305
HorizontalScanPath_10,evaluation,Posterior physics mean + sequential ST (moment-matched),overall,2501,0.4668234244350661,0.18564917822773291,0.02839610631464629,0.20342115221131893,0.9964014394242303,2.550503352203521,0.6684281369814875
HorizontalScanPath_10,evaluation,Posterior physics mean + sequential ST (moment-matched),above_camera_ceiling,76,2.3922671737410184,1.3551346900993988,-0.6483149219621164,1.0198777798712328,0.881578947368421,3.787405879153093,0.9945235921389187
HorizontalScanPath_10,evaluation,Posterior physics mean + sequential ST (moment-matched),top_1pct,26,3.92206420327178,2.6043306701018856,-2.6043306701018856,2.112928810543888,0.6538461538461539,4.071825525299551,1.0660970440385606
HorizontalScanPath_10,evaluation,Posterior physics mean + sequential advective ST (moment-matched),overall,2501,0.46607270825187946,0.18561223000180815,0.029158928364428155,0.2034519155396055,0.9964014394242303,2.5480402808121396,0.667998446062625
HorizontalScanPath_10,evaluation,Posterior physics mean + sequential advective ST (moment-matched),above_camera_ceiling,76,2.3866537463136805,1.3543773973036837,-0.6268976195415691,1.019161537504374,0.881578947368421,3.7228698043238517,0.9844824924704988
HorizontalScanPath_10,evaluation,Posterior physics mean + sequential advective ST (moment-matched),top_1pct,26,3.906827664688482,2.5817387751097423,-2.5817387751097423,2.09600704423882,0.6538461538461539,4.014337553322478,1.0576596013976558
HorizontalScanPath_10,evaluation,Advective posterior mean + sequential advective ST (moment-matched),overall,2501,0.4545059563319233,0.16869879114085004,0.028728225736455972,0.19861629046302615,0.9968012794882047,2.549714992748923,0.6680858192698724
HorizontalScanPath_10,evaluation,Advective posterior mean + sequential advective ST (moment-matched),above_camera_ceiling,76,2.3821559452887477,1.332978863510679,-0.6304545576591704,1.010912794673527,0.8947368421052632,3.7549604574063373,0.9870604942701892
HorizontalScanPath_10,evaluation,Advective posterior mean + sequential advective ST (moment-matched),top_1pct,26,3.916755961336043,2.596954762140613,-2.596954762140613,2.0960839052909077,0.6923076923076923,4.081882860150173,1.0606742503203543
HorizontalScanPath_11,evaluation,Posterior physics mean + RBF,overall,2501,0.5002539310861414,0.2097458068705385,0.062281557206041054,0.7279238311221977,0.9988004798080767,11.459107349590079,2.997142472279748
HorizontalScanPath_11,evaluation,Posterior physics mean + RBF,above_camera_ceiling,76,2.494674425812001,1.684002373301718,-0.09770842562594707,1.3201218622228983,0.9605263157894737,12.013414358847557,3.1868592765146593
HorizontalScanPath_11,evaluation,Posterior physics mean + RBF,top_1pct,26,3.704595936456947,2.4466853250030214,-2.353082915752301,1.9184807519250848,0.8846153846153846,12.882503391454321,3.383999120594865
HorizontalScanPath_11,evaluation,Advective posterior physics mean + RBF,overall,2501,0.4858251307402994,0.19727545590851808,0.0558336025180481,0.7259259375269633,0.9984006397441023,11.453709162234372,2.996134832037464
HorizontalScanPath_11,evaluation,Advective posterior physics mean + RBF,above_camera_ceiling,76,2.4576665469888797,1.6282499978453675,-0.17854690159090955,1.3028813402518515,0.9473684210526315,12.071551219743466,3.160920306952762
HorizontalScanPath_11,evaluation,Advective posterior physics mean + RBF,top_1pct,26,3.724966269056137,2.477482976522717,-2.3961916812232857,1.9569970907445724,0.8461538461538461,12.857520062323774,3.3814032934268683
HorizontalScanPath_11,evaluation,Posterior physics mean + sequential ST (moment-matched),overall,2501,0.45414660227146725,0.1794104020691893,0.04385499515898912,0.20616918696926612,0.9940023990403839,2.538558760758347,0.6637333475911794
HorizontalScanPath_11,evaluation,Posterior physics mean + sequential ST (moment-matched),above_camera_ceiling,76,2.3118336888825834,1.340232928028857,-0.5772015521390271,1.0535668973750802,0.8157894736842105,3.229767388159567,0.8467626659963785
HorizontalScanPath_11,evaluation,Posterior physics mean + sequential ST (moment-matched),top_1pct,26,3.7684031423251825,2.5905118398809006,-2.5353279681900243,2.171767507104011,0.5384615384615384,3.3574997863450426,0.8799278037423661
HorizontalScanPath_11,evaluation,Posterior physics mean + sequential advective ST (moment-matched),overall,2501,0.45333309880397765,0.17905857920777743,0.043233308758486716,0.20578646367286765,0.9940023990403839,2.537691271588865,0.6635078703024426
HorizontalScanPath_11,evaluation,Posterior physics mean + sequential advective ST (moment-matched),above_camera_ceiling,76,2.3075986661395564,1.3303875529321074,-0.5923273388306203,1.0580393742934024,0.8157894736842105,3.2044159450716787,0.839405628927163
HorizontalScanPath_11,evaluation,Posterior physics mean + sequential advective ST (moment-matched),top_1pct,26,3.767466821032254,2.59302200268246,-2.5395083266746585,2.1869010327210745,0.5,3.2949974301265637,0.8721127650511468
HorizontalScanPath_11,evaluation,Advective posterior mean + sequential advective ST (moment-matched),overall,2501,0.44740258854333076,0.1694067909539945,0.04063739701609893,0.20292676742541627,0.9940023990403839,2.5387015054837647,0.6636191602191995
HorizontalScanPath_11,evaluation,Advective posterior mean + sequential advective ST (moment-matched),above_camera_ceiling,76,2.311068286813271,1.33634211278265,-0.5855019717204104,1.0580968876626873,0.8157894736842105,3.2844541937020857,0.8425405646864373
HorizontalScanPath_11,evaluation,Advective posterior mean + sequential advective ST (moment-matched),top_1pct,26,3.7760472684104167,2.5982728569165023,-2.5466877104097554,2.1942015888152677,0.5,3.3707498542321335,0.872888183596038
HorizontalScanPath_12,evaluation,Posterior physics mean + RBF,overall,2501,0.5451368038313616,0.22906831285824114,0.03828048261997397,0.732167782141067,0.9984006397441023,11.449586992563335,2.9966798116840407
HorizontalScanPath_12,evaluation,Posterior physics mean + RBF,above_camera_ceiling,76,2.764912549123352,1.831235652299816,-0.6682624283549314,1.4359135089030346,0.9473684210526315,12.017914188071023,3.1754865953245806
HorizontalScanPath_12,evaluation,Posterior physics mean + RBF,top_1pct,26,4.350376794266516,3.233761771921488,-3.233761771921488,2.3736678493939536,0.8461538461538461,13.168828209792329,3.3829709883185433
HorizontalScanPath_12,evaluation,Advective posterior physics mean + RBF,overall,2501,0.5409919373857549,0.2194491142210738,0.039650028073400845,0.7315351490811842,0.9984006397441023,11.451610479757962,2.9964797319219874
HorizontalScanPath_12,evaluation,Advective posterior physics mean + RBF,above_camera_ceiling,76,2.777798724928703,1.8385114037687076,-0.6592228558903179,1.4430973590933598,0.9473684210526315,12.057806548479203,3.1706092985946963
HorizontalScanPath_12,evaluation,Advective posterior physics mean + RBF,top_1pct,26,4.367822760122625,3.2448451695828364,-3.2448451695828364,2.3873515988295533,0.8461538461538461,13.20310652236636,3.3820563699482253
HorizontalScanPath_12,evaluation,Posterior physics mean + sequential ST (moment-matched),overall,2501,0.507950841942241,0.19634872053423297,0.020740152481381505,0.21485199495412133,0.991203518592563,2.5260723695785385,0.6611071449134793
HorizontalScanPath_12,evaluation,Posterior physics mean + sequential ST (moment-matched),above_camera_ceiling,76,2.646152778632996,1.5352954758184296,-1.159335275148828,1.2695958442186104,0.7105263157894737,2.8906791644634153,0.7643161651027003
HorizontalScanPath_12,evaluation,Posterior physics mean + sequential ST (moment-matched),top_1pct,26,4.409732655402641,3.399383177056815,-3.399383177056815,2.965638997327538,0.23076923076923078,3.0464456748753763,0.7988241083520559
HorizontalScanPath_12,evaluation,Posterior physics mean + sequential advective ST (moment-matched),overall,2501,0.5083645619333171,0.1962975008985701,0.02045278842194189,0.21488987716610358,0.991203518592563,2.5250798987237704,0.6607933187333425
HorizontalScanPath_12,evaluation,Posterior physics mean + sequential advective ST (moment-matched),above_camera_ceiling,76,2.6490201311832213,1.5347818055430107,-1.1674158853953802,1.2715475306279502,0.7105263157894737,2.86048941578335,0.7557254980808213
HorizontalScanPath_12,evaluation,Posterior physics mean + sequential advective ST (moment-matched),top_1pct,26,4.415806729934661,3.4058893831454324,-3.4058893831454324,2.975152898230605,0.23076923076923078,3.0129538189322975,0.7906932616331216
HorizontalScanPath_12,evaluation,Advective posterior mean + sequential advective ST (moment-matched),overall,2501,0.5010402879962449,0.1855388974766251,0.019761080602218956,0.2100364364389972,0.9908036785285885,2.5258661947472967,0.6609071109626335
HorizontalScanPath_12,evaluation,Advective posterior mean + sequential advective ST (moment-matched),above_camera_ceiling,76,2.6456892073722784,1.5257802308405701,-1.1748980331329566,1.2669832562229915,0.6973684210526315,2.876411643581477,0.7584313211749613
HorizontalScanPath_12,evaluation,Advective posterior mean + sequential advective ST (moment-matched),top_1pct,26,4.421652372445819,3.413150970253049,-3.413150970253049,2.969112949494673,0.2692307692307692,3.0654368308430504,0.7913003375425613
HorizontalScanPath_13,calibration,Posterior physics mean + RBF,overall,2501,0.5232965796733852,0.2117515666934932,0.026797323048560962,0.7283784078067155,0.9988004798080767,11.453859183998253,2.993661768738215
HorizontalScanPath_13,calibration,Posterior physics mean + RBF,above_camera_ceiling,76,2.6912938320754227,1.6532894410369772,-0.36781112182068093,1.357691830475979,0.9605263157894737,11.728795819840434,3.0902944235650502
HorizontalScanPath_13,calibration,Posterior physics mean + RBF,top_1pct,26,4.181435834776753,2.7936552614044277,-2.7052927992239426,2.1668536860424137,0.8846153846153846,12.948044103891721,3.3770315224160132
HorizontalScanPath_13,calibration,Advective posterior physics mean + RBF,overall,2501,0.5095211756541855,0.195075374912028,0.026556620674690837,0.7271327033615171,0.9984006397441023,11.454489336742386,2.993690746107135
HorizontalScanPath_13,calibration,Advective posterior physics mean + RBF,above_camera_ceiling,76,2.6728878059157593,1.6246661473912525,-0.40462842111282865,1.3583936172643496,0.9473684210526315,11.742999994389816,3.0912111960227757
HorizontalScanPath_13,calibration,Advective posterior physics mean + RBF,top_1pct,26,4.188578064483431,2.7879554856806603,-2.7213547642671254,2.1982372371524797,0.8461538461538461,12.901331036937206,3.377117808837187
HorizontalScanPath_13,calibration,Posterior physics mean + sequential ST (moment-matched),overall,2501,0.49650950306716657,0.18759720328866528,0.023315667169675165,0.20965167935621132,0.9932027189124351,2.560537637696861,0.6690079890116702
HorizontalScanPath_13,calibration,Posterior physics mean + sequential ST (moment-matched),above_camera_ceiling,76,2.59660871731861,1.4946163498166707,-0.7596453561402615,1.1895525735919765,0.7894736842105263,3.9135243183870414,1.0189191536914206
HorizontalScanPath_13,calibration,Posterior physics mean + sequential ST (moment-matched),top_1pct,26,4.275330724816841,3.0354086877118593,-3.0354086877118593,2.5593114825357737,0.46153846153846156,4.020917928413518,1.0492091621400403
HorizontalScanPath_13,calibration,Posterior physics mean + sequential advective ST (moment-matched),overall,2501,0.49751154283302446,0.18797778866457882,0.02279011911235473,0.20998323942735922,0.9928028788484606,2.555107595340518,0.6676224312133554
HorizontalScanPath_13,calibration,Posterior physics mean + sequential advective ST (moment-matched),above_camera_ceiling,76,2.60176544955562,1.5025494536780577,-0.7731182842369652,1.198204296646997,0.7763157894736842,3.7441753660118384,0.9759374199520089
HorizontalScanPath_13,calibration,Posterior physics mean + sequential advective ST (moment-matched),top_1pct,26,4.282653049001441,3.0534087503734915,-3.0534087503734915,2.5848408420361246,0.46153846153846156,3.8632090441968545,1.0119585921468168
HorizontalScanPath_13,calibration,Advective posterior mean + sequential advective ST (moment-matched),overall,2501,0.48670830603364196,0.1717610476419932,0.021552058826965387,0.20432080914329154,0.9936025589764095,2.555110779221183,0.6676019841354486
HorizontalScanPath_13,calibration,Advective posterior mean + sequential advective ST (moment-matched),above_camera_ceiling,76,2.5965042088991286,1.4771180928958036,-0.8028448142830596,1.182257822134951,0.7894736842105263,3.744319513115346,0.975277964838553
HorizontalScanPath_13,calibration,Advective posterior mean + sequential advective ST (moment-matched),top_1pct,26,4.297410910997005,3.0673896716794,-3.0673896716794,2.5946812127129046,0.46153846153846156,3.867903850405952,1.0115770998336835
SpiralScanPath_1,evaluation,Posterior physics mean + RBF,overall,2501,0.45893041626061926,0.18209904642372085,0.040675088129702185,0.7254525929121998,0.998000799680128,11.476807395409525,2.999001117795665
SpiralScanPath_1,evaluation,Posterior physics mean + RBF,above_camera_ceiling,76,2.349616532910106,1.4083081022948818,-0.12434197126080149,1.311182866704299,0.9342105263157895,12.307917724129728,3.2246556945431433
SpiralScanPath_1,evaluation,Posterior physics mean + RBF,top_1pct,26,3.8020764792208084,2.77190788503353,-1.5674041502133274,2.155883029843497,0.8076923076923077,12.22941907679528,3.2455604637855626
SpiralScanPath_1,evaluation,Advective posterior physics mean + RBF,overall,2501,0.47001870416877456,0.16531841299681418,0.0320686086208749,0.7255527075465849,0.998000799680128,11.474283823695163,2.9985273362191225
SpiralScanPath_1,evaluation,Advective posterior physics mean + RBF,above_camera_ceiling,76,2.449382803628749,1.4874980753712312,-0.3321911055798097,1.3199210773949817,0.9342105263157895,12.243223078592422,3.212242164519391
SpiralScanPath_1,evaluation,Advective posterior physics mean + RBF,top_1pct,26,3.934665751709826,2.901252575679413,-1.839120807392277,2.180746083353276,0.8076923076923077,12.287441157840636,3.227685492648028
SpiralScanPath_1,evaluation,Posterior physics mean + sequential ST (moment-matched),overall,2501,0.45015768327187083,0.1603855508568324,0.03737054465037619,0.20224437430268455,0.9928028788484606,2.549990163606137,0.6664405179040039
SpiralScanPath_1,evaluation,Posterior physics mean + sequential ST (moment-matched),above_camera_ceiling,76,2.3704964949384437,1.3294988760350435,-0.4937341899154762,1.1319297005993842,0.7631578947368421,3.56937032739518,0.9353536608178324
SpiralScanPath_1,evaluation,Posterior physics mean + sequential ST (moment-matched),top_1pct,26,3.970599186281305,3.023108400462687,-2.1135782697650494,2.6727053412129687,0.34615384615384615,4.018465110373514,1.047150307114374
SpiralScanPath_1,evaluation,Posterior physics mean + sequential advective ST (moment-matched),overall,2501,0.44972306310295057,0.1602971797221124,0.03836815383940794,0.20231293090862265,0.9928028788484606,2.540752908843097,0.6639417219096388
SpiralScanPath_1,evaluation,Posterior physics mean + sequential advective ST (moment-matched),above_camera_ceiling,76,2.36887663466111,1.333653627898572,-0.4858103573902841,1.126700582777071,0.7631578947368421,3.216558014212364,0.8409681483261592
SpiralScanPath_1,evaluation,Posterior physics mean + sequential advective ST (moment-matched),top_1pct,26,3.966185528297766,3.026369833061457,-2.1110674909091993,2.6569431278911346,0.34615384615384615,3.516248140254832,0.9062808969394797
SpiralScanPath_1,evaluation,Advective posterior mean + sequential advective ST (moment-matched),overall,2501,0.4537932521684503,0.14630721359497345,0.03141963355073208,0.1996664964307109,0.9928028788484606,2.5435899113173543,0.6645923005932689
SpiralScanPath_1,evaluation,Advective posterior mean + sequential advective ST (moment-matched),above_camera_ceiling,76,2.4439193469924487,1.458487969838557,-0.6598043408687504,1.2049391482250935,0.7631578947368421,3.3293701972879064,0.8609587565118829
SpiralScanPath_1,evaluation,Advective posterior mean + sequential advective ST (moment-matched),top_1pct,26,4.038481736018246,3.132072375129153,-2.243840418552629,2.728552519490477,0.38461538461538464,3.705523151393296,0.9480809936375307
SpiralScanPath_2,evaluation,Posterior physics mean + RBF,overall,2501,0.494323847708947,0.19261744699737912,0.06718851626067014,0.7269724946966396,0.9984006397441023,11.474867248586312,2.9991665211273033
SpiralScanPath_2,evaluation,Posterior physics mean + RBF,above_camera_ceiling,76,2.4743588954051217,1.4972908116785337,-0.40591317726926723,1.3102982495058348,0.9605263157894737,12.240824731414643,3.21058445928476
SpiralScanPath_2,evaluation,Posterior physics mean + RBF,top_1pct,26,4.041124175144123,3.012730332325007,-2.3866004252749744,2.2588463734835753,0.8846153846153846,12.270022714902174,3.2394965051082525
SpiralScanPath_2,evaluation,Advective posterior physics mean + RBF,overall,2501,0.4786451840230361,0.17692590540136127,0.06306647847046737,0.7240365862833446,0.998000799680128,11.469570623115485,2.999136939239082
SpiralScanPath_2,evaluation,Advective posterior physics mean + RBF,above_camera_ceiling,76,2.4683676037802127,1.5414630903390831,-0.44914916998916665,1.2994645604317814,0.9342105263157895,12.232243329373663,3.216329668045633
SpiralScanPath_2,evaluation,Advective posterior physics mean + RBF,top_1pct,26,3.985920641365988,2.963880644335247,-2.3090596020740097,2.1658844430882143,0.8076923076923077,12.254534294522134,3.2595430148025915
SpiralScanPath_2,evaluation,Posterior physics mean + sequential ST (moment-matched),overall,2501,0.48324967636966565,0.1667816831604087,0.042662116513420154,0.2074925490995635,0.9908036785285885,2.5257797726206186,0.6603227617903824
SpiralScanPath_2,evaluation,Posterior physics mean + sequential ST (moment-matched),above_camera_ceiling,76,2.5571152279105007,1.4321586961853885,-1.0130264834941907,1.251464103163397,0.6973684210526315,2.8174144068159195,0.7315041713631474
SpiralScanPath_2,evaluation,Posterior physics mean + sequential ST (moment-matched),top_1pct,26,4.324469634619402,3.5209009357439265,-2.9278324805903426,3.132191991411161,0.15384615384615385,2.8585069317768945,0.7422063905787943
SpiralScanPath_2,evaluation,Posterior physics mean + sequential advective ST (moment-matched),overall,2501,0.4833328677364835,0.16700985386585213,0.042801896479691466,0.20706687488370762,0.9904038384646141,2.5224204450001877,0.6593575370183852
SpiralScanPath_2,evaluation,Posterior physics mean + sequential advective ST (moment-matched),above_camera_ceiling,76,2.557542772374393,1.4378248923135393,-1.011662647892869,1.2508892378244618,0.6973684210526315,2.7030504803317856,0.7063611132772952
SpiralScanPath_2,evaluation,Posterior physics mean + sequential advective ST (moment-matched),top_1pct,26,4.323146272592604,3.519094207687597,-2.926400253308517,3.1422842662864716,0.15384615384615385,2.7959623157412987,0.721478407971933
SpiralScanPath_2,evaluation,Advective posterior mean + sequential advective ST (moment-matched),overall,2501,0.4730279446697891,0.1536916656035366,0.03818861927433862,0.20172551486172116,0.9900039984006398,2.5220235524508094,0.6595066007541616
SpiralScanPath_2,evaluation,Advective posterior mean + sequential advective ST (moment-matched),above_camera_ceiling,76,2.5698448462910655,1.4985560347454772,-1.089303613833006,1.2906660582213214,0.6842105263157895,2.7206094702544,0.7095250167086186
SpiralScanPath_2,evaluation,Advective posterior mean + sequential advective ST (moment-matched),top_1pct,26,4.308914761321554,3.5266349878321273,-2.9326659622727655,3.128410778448217,0.11538461538461539,2.7733217033283606,0.7257315836617587
SpiralScanPath_3,evaluation,Posterior physics mean + RBF,overall,2501,0.5079239354739712,0.20239631615511963,0.042724760654040184,0.7271835456845227,0.9976009596161536,11.463383452435828,2.997300356000685
SpiralScanPath_3,evaluation,Posterior physics mean + RBF,above_camera_ceiling,76,2.530651429122534,1.4728588233062292,-0.5624225531753382,1.3075180158478645,0.9342105263157895,12.003538964049655,3.1394841114286822
SpiralScanPath_3,evaluation,Posterior physics mean + RBF,top_1pct,26,4.170609975956618,2.9919917898172232,-2.2059076522497625,2.2674258411446244,0.8076923076923077,12.238379962251267,3.273044071084865
SpiralScanPath_3,evaluation,Advective posterior physics mean + RBF,overall,2501,0.5009877099735834,0.18512384355599187,0.046016972020200365,0.7267481112959974,0.9984006397441023,11.46600370927689,2.996749591879653
SpiralScanPath_3,evaluation,Advective posterior physics mean + RBF,above_camera_ceiling,76,2.600005696030163,1.604900679948864,-0.7247864482372467,1.3611751433782147,0.9473684210526315,12.129107750446048,3.1317192796261693
SpiralScanPath_3,evaluation,Advective posterior physics mean + RBF,top_1pct,26,4.24758851347461,3.208285335273346,-2.4469167221540955,2.342734817414684,0.8461538461538461,12.49788863180617,3.250591811554606
SpiralScanPath_3,evaluation,Posterior physics mean + sequential ST (moment-matched),overall,2501,0.5057374007401823,0.18156935518160192,0.02786115542277044,0.21221617861814626,0.991203518592563,2.525364312654657,0.6599503369171605
SpiralScanPath_3,evaluation,Posterior physics mean + sequential ST (moment-matched),above_camera_ceiling,76,2.663525091084674,1.509564576543314,-1.102248335911993,1.3006885705066995,0.7105263157894737,2.737106210809769,0.7217009447531278
SpiralScanPath_3,evaluation,Posterior physics mean + sequential ST (moment-matched),top_1pct,26,4.504860434004997,3.6632384060237393,-2.9469302511299875,3.266370026765311,0.15384615384615385,2.844805282203785,0.7433209360827202
SpiralScanPath_3,evaluation,Posterior physics mean + sequential advective ST (moment-matched),overall,2501,0.5065004715754239,0.18164264652127377,0.027447044395279223,0.2123729888198525,0.991203518592563,2.5212049808307206,0.659202651178353
SpiralScanPath_3,evaluation,Posterior physics mean + sequential advective ST (moment-matched),above_camera_ceiling,76,2.6685334251016246,1.514013096947176,-1.1104489426423327,1.2973552864916156,0.7105263157894737,2.65901819166475,0.6987545150980298
SpiralScanPath_3,evaluation,Posterior physics mean + sequential advective ST (moment-matched),top_1pct,26,4.512737421030946,3.6698243238273847,-2.9535719411403907,3.2611441470313047,0.15384615384615385,2.7893518092012184,0.7208469583275317
SpiralScanPath_3,evaluation,Advective posterior mean + sequential advective ST (moment-matched),overall,2501,0.5069503403624089,0.17103587845745657,0.031524656354282095,0.21049912935646728,0.9880047980807677,2.5230293920159643,0.6592322243490768
SpiralScanPath_3,evaluation,Advective posterior mean + sequential advective ST (moment-matched),above_camera_ceiling,76,2.7370148334133093,1.6521105566169154,-1.2207753517481517,1.4331323683249333,0.6052631578947368,2.684275691048519,0.6982983376255469
SpiralScanPath_3,evaluation,Advective posterior mean + sequential advective ST (moment-matched),top_1pct,26,4.552604854812514,3.762938639119074,-3.041678100972958,3.368048845155411,0.11538461538461539,2.7640120266958528,0.7171269533573302
SpiralScanPath_4,evaluation,Posterior physics mean + RBF,overall,2501,0.4738466184500677,0.19060513571914675,0.03609677159690492,0.7244518650524889,0.9984006397441023,11.46343142934798,2.9966091258697176
SpiralScanPath_4,evaluation,Posterior physics mean + RBF,above_camera_ceiling,76,2.4158369764776344,1.560788368165284,-0.13302172376057647,1.3131547445958578,0.9473684210526315,12.227603844864886,3.2118820929131284
SpiralScanPath_4,evaluation,Posterior physics mean + RBF,top_1pct,26,3.7677650233602167,2.603323434340257,-1.772879843380366,2.080768457123207,0.8461538461538461,12.453694946523369,3.291540885477531
SpiralScanPath_4,evaluation,Advective posterior physics mean + RBF,overall,2501,0.4712154110761568,0.17218376533841506,0.03533711068212821,0.7227597812047648,0.9984006397441023,11.468654536777555,2.9966880307124537
SpiralScanPath_4,evaluation,Advective posterior physics mean + RBF,above_camera_ceiling,76,2.4727089287494413,1.5672192376089564,-0.2847647889834295,1.3120715078178744,0.9473684210526315,12.28075342007003,3.2144134247551204
SpiralScanPath_4,evaluation,Advective posterior physics mean + RBF,top_1pct,26,3.8671467744248,2.7747382690898474,-1.9453804257387879,2.1007420008893574,0.8461538461538461,12.467923174583335,3.31647731356863
SpiralScanPath_4,evaluation,Posterior physics mean + sequential ST (moment-matched),overall,2501,0.4643355209266609,0.17298279901165767,0.03795232503681862,0.20708741733674338,0.9928028788484606,2.547482647598065,0.6657424392687598
SpiralScanPath_4,evaluation,Posterior physics mean + sequential ST (moment-matched),above_camera_ceiling,76,2.41134698886147,1.4941664601058149,-0.4174891692493047,1.2023629472078818,0.7763157894736842,3.472015566881841,0.8967716448960633
SpiralScanPath_4,evaluation,Posterior physics mean + sequential ST (moment-matched),top_1pct,26,3.9568114922792312,2.977100653371484,-2.14955978674962,2.6082733057635945,0.38461538461538464,3.3800781311958983,0.9042722068956905
SpiralScanPath_4,evaluation,Posterior physics mean + sequential advective ST (moment-matched),overall,2501,0.4692473159867018,0.17404190345059223,0.03672123047514925,0.208414593638356,0.9916033586565374,2.5379648287539256,0.6631388975663892
SpiralScanPath_4,evaluation,Posterior physics mean + sequential advective ST (moment-matched),above_camera_ceiling,76,2.4342237429827205,1.5008201086017032,-0.44918534916879,1.2069994941258528,0.7763157894736842,3.15277597464144,0.8131038447361468
SpiralScanPath_4,evaluation,Posterior physics mean + sequential advective ST (moment-matched),top_1pct,26,3.9985189064706033,2.9868363564594325,-2.1645392971736785,2.6314369824147468,0.38461538461538464,3.1504332714343444,0.8140311449962283
SpiralScanPath_4,evaluation,Advective posterior mean + sequential advective ST (moment-matched),overall,2501,0.4724033806135159,0.15696169540263824,0.030353308377743318,0.20369447796309945,0.9916033586565374,2.5364957335640357,0.6628151180694626
SpiralScanPath_4,evaluation,Advective posterior mean + sequential advective ST (moment-matched),above_camera_ceiling,76,2.529053847084153,1.4960027563331295,-0.7529619041453941,1.2592112098095567,0.7368421052631579,3.106578785261663,0.8037553916709769
SpiralScanPath_4,evaluation,Advective posterior mean + sequential advective ST (moment-matched),top_1pct,26,4.202980511676557,3.296679962068092,-2.4760603630916935,2.8972832169627907,0.3076923076923077,3.075120127828554,0.8047843133869854
SpiralScanPath_5,evaluation,Posterior physics mean + RBF,overall,2501,0.5132298587772028,0.21371734478684656,0.07309304993475162,0.7311428915280787,0.998000799680128,11.49482932135384,3.0004860024674858
SpiralScanPath_5,evaluation,Posterior physics mean + RBF,above_camera_ceiling,76,2.416804910528963,1.566664102335399,0.1657082233147864,1.322014562077578,0.9473684210526315,12.319851105507688,3.214273762754513
SpiralScanPath_5,evaluation,Posterior physics mean + RBF,top_1pct,26,3.633433986286011,2.371450914712905,-1.5516067781543545,1.9628791130215055,0.8461538461538461,12.45779317477607,3.255027066857518
SpiralScanPath_5,evaluation,Advective posterior physics mean + RBF,overall,2501,0.504201419044936,0.19866577008361927,0.06249930721155809,0.7314967453428741,0.998000799680128,11.490170443475295,2.999218016221639
SpiralScanPath_5,evaluation,Advective posterior physics mean + RBF,above_camera_ceiling,76,2.431147829132165,1.6325888348735267,-0.07471525515942658,1.3577678345624666,0.9473684210526315,12.486115536131251,3.220708502985629
SpiralScanPath_5,evaluation,Advective posterior physics mean + RBF,top_1pct,26,3.7211858814568637,2.5819551997778225,-1.63065494062043,2.090059972244999,0.8461538461538461,12.604681436916767,3.2950905226343647
SpiralScanPath_5,evaluation,Posterior physics mean + sequential ST (moment-matched),overall,2501,0.44879051284902005,0.1768530639874817,0.059095748575928864,0.20683842646205752,0.9948020791683326,2.569508512429296,0.6703297296996243
SpiralScanPath_5,evaluation,Posterior physics mean + sequential ST (moment-matched),above_camera_ceiling,76,2.2505130072039363,1.3120082211061357,-0.11908216181096595,1.0423704964637677,0.8552631578947368,3.9678820899634237,1.0254002584250208
SpiralScanPath_5,evaluation,Posterior physics mean + sequential ST (moment-matched),top_1pct,26,3.5894089895131036,2.419371733082023,-1.5702124812514324,2.0704409715833054,0.6153846153846154,4.467540054229986,1.1568447060425227
SpiralScanPath_5,evaluation,Posterior physics mean + sequential advective ST (moment-matched),overall,2501,0.45080512936420236,0.17653714555291258,0.0556652541979605,0.2072452708631676,0.9928028788484606,2.5609520643354,0.6682113075242647
SpiralScanPath_5,evaluation,Posterior physics mean + sequential advective ST (moment-matched),above_camera_ceiling,76,2.2773061233658134,1.3216944595840239,-0.22123637903438756,1.0591928746540877,0.8157894736842105,3.7103334709648634,0.9562261811661077
SpiralScanPath_5,evaluation,Posterior physics mean + sequential advective ST (moment-matched),top_1pct,26,3.689417979940567,2.563839515896938,-1.736672504348366,2.1851294098359157,0.5769230769230769,4.323292532203431,1.1069548643511131
SpiralScanPath_5,evaluation,Advective posterior mean + sequential advective ST (moment-matched),overall,2501,0.4530932142945,0.17094308669954744,0.054020717693296263,0.20671648175347876,0.991203518592563,2.5597811163982906,0.6682289258707698
SpiralScanPath_5,evaluation,Advective posterior mean + sequential advective ST (moment-matched),above_camera_ceiling,76,2.3266411244760774,1.4821323416664172,-0.2756775638080022,1.1652677420335864,0.7763157894736842,3.6658737475589582,0.9578002010239922
SpiralScanPath_5,evaluation,Advective posterior mean + sequential advective ST (moment-matched),top_1pct,26,3.7084991013312725,2.6709444517824705,-1.6800781667386804,2.301017171667461,0.5,4.146333667377652,1.0899269683807498
SpiralScanPath_6,evaluation,Posterior physics mean + RBF,overall,2501,0.4815503391061845,0.19416042168112155,0.05238090482717045,0.7265183741717182,0.9984006397441023,11.462025834392074,2.9954675336770773
SpiralScanPath_6,evaluation,Posterior physics mean + RBF,above_camera_ceiling,76,2.4608732942239078,1.492768105826106,-0.29929607028048405,1.3464287145984057,0.9473684210526315,12.300336572478116,3.187141480650979
SpiralScanPath_6,evaluation,Posterior physics mean + RBF,top_1pct,26,3.998351161062147,2.915942113608703,-2.015935397212856,2.265192529005622,0.8461538461538461,12.730564284287528,3.2710607298770067
SpiralScanPath_6,evaluation,Advective posterior physics mean + RBF,overall,2501,0.4830833299886174,0.18564410861784814,0.04969220028080805,0.7260948526369254,0.9984006397441023,11.466824632766533,2.9950200748690934
SpiralScanPath_6,evaluation,Advective posterior physics mean + RBF,above_camera_ceiling,76,2.5309268750847806,1.5998880829547915,-0.5135366993956296,1.3714337609990164,0.9473684210526315,12.141359044812114,3.173878568555887
SpiralScanPath_6,evaluation,Advective posterior physics mean + RBF,top_1pct,26,4.0966046234416265,3.1554512143498745,-2.312317050157228,2.340070215908331,0.8461538461538461,12.507801280635551,3.2484508308242472
SpiralScanPath_6,evaluation,Posterior physics mean + sequential ST (moment-matched),overall,2501,0.4811489695295699,0.17576538509340067,0.04360367726040754,0.20886941984914972,0.9924030387844862,2.5399473477850485,0.663737878462124
SpiralScanPath_6,evaluation,Posterior physics mean + sequential ST (moment-matched),above_camera_ceiling,76,2.5166095741636405,1.4324677925511726,-0.6719583387462813,1.2114136742311326,0.7763157894736842,3.2945440827128474,0.8498928249606049
SpiralScanPath_6,evaluation,Posterior physics mean + sequential ST (moment-matched),top_1pct,26,4.2309697861730715,3.333552016209152,-2.4250699277675074,2.908232022818841,0.34615384615384615,3.452592556728405,0.8899314483090847
SpiralScanPath_6,evaluation,Posterior physics mean + sequential advective ST (moment-matched),overall,2501,0.48129791709524444,0.17572653022042992,0.04316256823613083,0.20850429568989592,0.9920031987205118,2.5315462701977722,0.6617166450357009
SpiralScanPath_6,evaluation,Posterior physics mean + sequential advective ST (moment-matched),above_camera_ceiling,76,2.5177149367303358,1.429954978147823,-0.6828133138734978,1.2122757886389974,0.7631578947368421,2.9588955311456258,0.7826399483297508
SpiralScanPath_6,evaluation,Posterior physics mean + sequential advective ST (moment-matched),top_1pct,26,4.2340510275804935,3.336698090955917,-2.4380183906029695,2.9322192526264526,0.3076923076923077,3.0719938849182493,0.8072098121567086
SpiralScanPath_6,evaluation,Advective posterior mean + sequential advective ST (moment-matched),overall,2501,0.49483637389815177,0.17162602969554583,0.03828079701137754,0.20912395368864545,0.9900039984006398,2.5317245489234415,0.6615403568285966
SpiralScanPath_6,evaluation,Advective posterior mean + sequential advective ST (moment-matched),above_camera_ceiling,76,2.6493863466934533,1.5834395910228125,-0.9446465315655344,1.3586069241314782,0.6710526315789473,3.004048105534234,0.777474838949229
SpiralScanPath_6,evaluation,Advective posterior mean + sequential advective ST (moment-matched),top_1pct,26,4.403021936861525,3.6375647783168508,-2.810593713335696,3.190907875605722,0.15384615384615385,3.094903713752781,0.8004129423117524
SpiralScanPath_7,evaluation,Posterior physics mean + RBF,overall,2501,0.46990481621502983,0.19831227066059973,0.033741453253168796,0.7260674199371151,0.998000799680128,11.444168597716319,2.9959763526842043
SpiralScanPath_7,evaluation,Posterior physics mean + RBF,above_camera_ceiling,76,2.3434115753611287,1.3698723403611297,-0.5418243978880833,1.2545312857430935,0.9342105263157895,12.17193212667452,3.181951343396527
SpiralScanPath_7,evaluation,Posterior physics mean + RBF,top_1pct,26,3.8694658682806464,2.814819737100289,-2.317205423395485,2.12987105893462,0.8076923076923077,12.38917462129494,3.2622370838821877
SpiralScanPath_7,evaluation,Advective posterior physics mean + RBF,overall,2501,0.47546676180676456,0.17859402179481484,0.03974370481317702,0.7265829644664499,0.9988004798080767,11.448053850107563,2.9968742087550555
SpiralScanPath_7,evaluation,Advective posterior physics mean + RBF,above_camera_ceiling,76,2.448791770749636,1.512489570324369,-0.6347715462531804,1.3033431852314354,0.9605263157894737,12.269464252276048,3.201246675378763
SpiralScanPath_7,evaluation,Advective posterior physics mean + RBF,top_1pct,26,3.992496282899828,3.0138183061693926,-2.483615699785706,2.173626771842366,0.8846153846153846,12.758673086416179,3.2485503971837297
SpiralScanPath_7,evaluation,Posterior physics mean + sequential ST (moment-matched),overall,2501,0.463008221715051,0.1760965391053914,0.02886803306004227,0.20558508670811465,0.9948020791683326,2.5306382745882043,0.6624309733342562
SpiralScanPath_7,evaluation,Posterior physics mean + sequential ST (moment-matched),above_camera_ceiling,76,2.4085696608661205,1.3287950920035194,-0.8175671511239356,1.107726004704919,0.8289473684210527,3.0487109609605922,0.8031782290233781
SpiralScanPath_7,evaluation,Posterior physics mean + sequential ST (moment-matched),top_1pct,26,4.057414742585821,3.0989670694345013,-2.5972172775067643,2.6583900728291785,0.5,3.26433671213134,0.8503250081828977
SpiralScanPath_7,evaluation,Posterior physics mean + sequential advective ST (moment-matched),overall,2501,0.46353342496862376,0.1760690263280976,0.029325720299693336,0.20615450615617378,0.9928028788484606,2.5239804521554885,0.6607576270739917
SpiralScanPath_7,evaluation,Posterior physics mean + sequential advective ST (moment-matched),above_camera_ceiling,76,2.4123096488122413,1.3272673767301701,-0.8045692622093794,1.1198452214119121,0.7631578947368421,2.870025233847682,0.7551375974583652
SpiralScanPath_7,evaluation,Posterior physics mean + sequential advective ST (moment-matched),top_1pct,26,4.063425011852651,3.1011930920780255,-2.5964351173649662,2.7028025040681647,0.34615384615384615,2.952793148778244,0.7881573643246066
SpiralScanPath_7,evaluation,Advective posterior mean + sequential advective ST (moment-matched),overall,2501,0.4699588422890517,0.15938945423827877,0.028250035219082353,0.2030286905449707,0.9908036785285885,2.5234990481417197,0.6606510400086657
SpiralScanPath_7,evaluation,Advective posterior mean + sequential advective ST (moment-matched),above_camera_ceiling,76,2.522901058509429,1.4550853848865766,-1.0072984162153145,1.2349804928898211,0.6973684210526315,2.8544923275692766,0.7505297105678308
SpiralScanPath_7,evaluation,Advective posterior mean + sequential advective ST (moment-matched),top_1pct,26,4.225365882185197,3.353416962146256,-2.824059116319415,2.958741272548777,0.19230769230769232,2.9902523045024907,0.7777617528309739
SpiralScanPath_8,evaluation,Posterior physics mean + RBF,overall,2501,0.4971383804413474,0.21755649207987818,0.054049107968420704,0.7278682142564621,0.9984006397441023,11.460352209630988,2.9985658352242
SpiralScanPath_8,evaluation,Posterior physics mean + RBF,above_camera_ceiling,76,2.4399173246596026,1.5078532552640944,-0.43913514281331195,1.3059467526224722,0.9605263157894737,12.410611455328604,3.2339420702507575
SpiralScanPath_8,evaluation,Posterior physics mean + RBF,top_1pct,26,3.897203679178532,2.822736035473416,-2.261014328296734,2.1023097713131396,0.8846153846153846,12.374140725590395,3.2903780588191305
SpiralScanPath_8,evaluation,Advective posterior physics mean + RBF,overall,2501,0.48586100820704897,0.1961656241558776,0.053505714004505364,0.7267986414479963,0.9976009596161536,11.459877621914583,2.996886400283881
SpiralScanPath_8,evaluation,Advective posterior physics mean + RBF,above_camera_ceiling,76,2.446643002451556,1.5246300923280447,-0.6681232393377412,1.3192577016815612,0.9342105263157895,12.04362165076608,3.192440138870682
SpiralScanPath_8,evaluation,Advective posterior physics mean + RBF,top_1pct,26,3.967985946916954,2.9750886771226726,-2.412639646273043,2.2143439847115713,0.8076923076923077,12.406866417791356,3.276647971751601
SpiralScanPath_8,evaluation,Posterior physics mean + sequential ST (moment-matched),overall,2501,0.4849974673374831,0.18992675487084365,0.03611329112329933,0.21080417642001137,0.9936025589764095,2.5279647710311774,0.6615342333484824
SpiralScanPath_8,evaluation,Posterior physics mean + sequential ST (moment-matched),above_camera_ceiling,76,2.514507281822995,1.4155440612670105,-0.9353169010551312,1.1991388803984886,0.7894736842105263,2.981546902901871,0.7701543746357487
SpiralScanPath_8,evaluation,Posterior physics mean + sequential ST (moment-matched),top_1pct,26,4.225011172747277,3.3109622028405568,-2.750259807371866,2.8912319018265453,0.4230769230769231,3.1667319330127555,0.8054713684814613
SpiralScanPath_8,evaluation,Posterior physics mean + sequential advective ST (moment-matched),overall,2501,0.48478396906539734,0.19008603131668766,0.036534691815625416,0.21171666296549915,0.9924030387844862,2.5241459720501176,0.6603743074926302
SpiralScanPath_8,evaluation,Posterior physics mean + sequential advective ST (moment-matched),above_camera_ceiling,76,2.5124351591354093,1.4167839268294178,-0.9300864871520381,1.216628913707201,0.75,2.816877683928896,0.7348339877972228
SpiralScanPath_8,evaluation,Posterior physics mean + sequential advective ST (moment-matched),top_1pct,26,4.220917170216439,3.308665818822253,-2.747598744567986,2.929662214779235,0.3076923076923077,2.952307496558715,0.7673497553665732
SpiralScanPath_8,evaluation,Advective posterior mean + sequential advective ST (moment-matched),overall,2501,0.47863610617749847,0.17316089736719495,0.03599050141545178,0.20702280500392575,0.9916033586565374,2.523234138910013,0.660268151737139
SpiralScanPath_8,evaluation,Advective posterior mean + sequential advective ST (moment-matched),above_camera_ceiling,76,2.5482022405284748,1.4553556468365685,-1.101107756776105,1.2654638485823366,0.7368421052631579,2.818043955706968,0.7331513487033791
SpiralScanPath_8,evaluation,Advective posterior mean + sequential advective ST (moment-matched),top_1pct,26,4.265148335462675,3.407142714641756,-2.8475761718263013,3.0201044198294786,0.34615384615384615,2.915546839090454,0.7670216424545706
SpiralScanPath_9,evaluation,Posterior physics mean + RBF,overall,2501,0.5005649061418936,0.2112529450515172,0.03580854928476178,0.7263301455654543,0.9984006397441023,11.438083939578775,2.9948957397815943
SpiralScanPath_9,evaluation,Posterior physics mean + RBF,above_camera_ceiling,76,2.5319784681918915,1.5891941801516427,-0.23602518202288836,1.369346856282344,0.9473684210526315,12.27055371727247,3.183246549453752
SpiralScanPath_9,evaluation,Posterior physics mean + RBF,top_1pct,26,3.9908296788689763,2.8586956318341423,-2.115809044861926,2.2199368988647517,0.8461538461538461,12.338388190690264,3.228544522296862
SpiralScanPath_9,evaluation,Advective posterior physics mean + RBF,overall,2501,0.49209953385726135,0.19394954961405844,0.044975609074813135,0.7258880944416718,0.9988004798080767,11.444805607402252,2.9950727841797113
SpiralScanPath_9,evaluation,Advective posterior physics mean + RBF,above_camera_ceiling,76,2.5426552693193396,1.6687773458194253,-0.4083346681890994,1.3612951473630397,0.9605263157894737,12.146179632285032,3.1882813910446033
SpiralScanPath_9,evaluation,Advective posterior physics mean + RBF,top_1pct,26,4.035526737120431,3.0398950329204912,-2.212612043786451,2.2656479764662745,0.8846153846153846,12.520116103146933,3.2513592379270806
SpiralScanPath_9,evaluation,Posterior physics mean + sequential ST (moment-matched),overall,2501,0.4952113286165792,0.1897789016255834,0.027644537487744963,0.2123690061945474,0.9932027189124351,2.541074139456767,0.6654792257259027
SpiralScanPath_9,evaluation,Posterior physics mean + sequential ST (moment-matched),above_camera_ceiling,76,2.5774595731083476,1.5156634437853815,-0.7759440672057565,1.2646719507144177,0.7763157894736842,3.406139534727619,0.8953357706585806
SpiralScanPath_9,evaluation,Posterior physics mean + sequential ST (moment-matched),top_1pct,26,4.2982267365753986,3.375931418003935,-2.634315866139684,2.9456575465132957,0.34615384615384615,3.3626995513564086,0.892649834762534
SpiralScanPath_9,evaluation,Posterior physics mean + sequential advective ST (moment-matched),overall,2501,0.49633840080596475,0.19038015746043746,0.028704615039463453,0.21311049355192194,0.9904038384646141,2.536493373537631,0.6638724124360353
SpiralScanPath_9,evaluation,Posterior physics mean + sequential advective ST (moment-matched),above_camera_ceiling,76,2.577769815565724,1.5069698492295749,-0.712541049543199,1.2653544350729522,0.7236842105263158,3.250620462925608,0.8423137896900453
SpiralScanPath_9,evaluation,Posterior physics mean + sequential advective ST (moment-matched),top_1pct,26,4.284197353196932,3.312753465514456,-2.584330645564071,2.911307705813289,0.34615384615384615,3.2468023240052424,0.83905285865963
SpiralScanPath_9,evaluation,Advective posterior mean + sequential advective ST (moment-matched),overall,2501,0.49330994090051955,0.17543589250333305,0.03165063551535459,0.2092480212312654,0.9896041583366654,2.5357522194124544,0.6637807608052936
SpiralScanPath_9,evaluation,Advective posterior mean + sequential advective ST (moment-matched),above_camera_ceiling,76,2.6248634888624602,1.60535080691413,-0.9629269225374756,1.3391800705363661,0.6710526315789473,3.1560436604301363,0.8395588669439639
SpiralScanPath_9,evaluation,Advective posterior mean + sequential advective ST (moment-matched),top_1pct,26,4.364454787802226,3.531779084747071,-2.740009171263648,3.089034684560559,0.19230769230769232,3.1134262453303734,0.8380639309821756
SpiralScanPath_10,evaluation,Posterior physics mean + RBF,overall,2501,0.5040260485747587,0.2148579300975303,0.07059643880516323,0.7300842705201938,0.9992003198720512,11.471174470654672,2.9976113848573616
SpiralScanPath_10,evaluation,Posterior physics mean + RBF,above_camera_ceiling,76,2.4612114968211163,1.6746265190602034,0.16408525239038857,1.3344673965814744,0.9736842105263158,12.198094017239358,3.1982537342923525
SpiralScanPath_10,evaluation,Posterior physics mean + RBF,top_1pct,26,3.7821564395132437,2.7636960945530338,-1.5880384206975993,2.0540860066774624,0.9230769230769231,12.331622090266157,3.254736469257566
SpiralScanPath_10,evaluation,Advective posterior physics mean + RBF,overall,2501,0.5009872434546807,0.1957241393607218,0.05567002378591765,0.7286026922171147,0.9984006397441023,11.469727318185127,2.99742593958458
SpiralScanPath_10,evaluation,Advective posterior physics mean + RBF,above_camera_ceiling,76,2.5013139177200614,1.624998178854144,-0.21227484651745954,1.3421400482383057,0.9473684210526315,12.370557297373885,3.193855797880621
SpiralScanPath_10,evaluation,Advective posterior physics mean + RBF,top_1pct,26,4.001713892727347,2.93808028063538,-1.9198685533356292,2.2005172863279223,0.8461538461538461,12.59307985255004,3.259627703832806
SpiralScanPath_10,evaluation,Posterior physics mean + sequential ST (moment-matched),overall,2501,0.48023950412570293,0.18872484941726853,0.054367090789268706,0.2123245793559293,0.9928028788484606,2.5598368000538736,0.6688438511260313
SpiralScanPath_10,evaluation,Posterior physics mean + sequential ST (moment-matched),above_camera_ceiling,76,2.462926906101974,1.5817198902340648,-0.19712803479107252,1.2435232663513462,0.7763157894736842,3.797185311139985,0.9860881915355533
SpiralScanPath_10,evaluation,Posterior physics mean + sequential ST (moment-matched),top_1pct,26,3.9665157168350116,3.0900018200540185,-1.9448184163772344,2.5998288484618124,0.46153846153846156,4.331079481937597,1.1286517370532407
SpiralScanPath_10,evaluation,Posterior physics mean + sequential advective ST (moment-matched),overall,2501,0.4764930584140192,0.18824675411691424,0.05592598981276548,0.2133853427069308,0.989204318272691,2.542543865289037,0.664483216640537
SpiralScanPath_10,evaluation,Posterior physics mean + sequential advective ST (moment-matched),above_camera_ceiling,76,2.4357151336268985,1.5651076483770516,-0.15643088564094698,1.2637615618200098,0.6973684210526315,3.277730547952407,0.8514805829873862
SpiralScanPath_10,evaluation,Posterior physics mean + sequential advective ST (moment-matched),top_1pct,26,3.9141240285398693,3.0333906692937878,-1.8566956758385165,2.593532323758618,0.34615384615384615,3.6501447050382865,0.9423088538603268
SpiralScanPath_10,evaluation,Advective posterior mean + sequential advective ST (moment-matched),overall,2501,0.49263259875433585,0.17181749841624053,0.03538620674732067,0.208880041380723,0.991203518592563,2.539377527379765,0.6638756151252526
SpiralScanPath_10,evaluation,Advective posterior mean + sequential advective ST (moment-matched),above_camera_ceiling,76,2.612877446556678,1.557711637113116,-0.7407699724842258,1.3003816225977765,0.7236842105263158,3.223550661587995,0.8361105411151782
SpiralScanPath_10,evaluation,Advective posterior mean + sequential advective ST (moment-matched),top_1pct,26,4.353345393181093,3.4399145604233334,-2.547825284025005,3.0155001246763384,0.2692307692307692,3.504455379051159,0.9025951677937994
SpiralScanPath_11,evaluation,Posterior physics mean + RBF,overall,2501,0.4997964677095637,0.20152210043521904,0.04105945032579264,0.7253225971996792,0.9984006397441023,11.462539370586974,2.995166833374129
SpiralScanPath_11,evaluation,Posterior physics mean + RBF,above_camera_ceiling,76,2.5789358924876247,1.5177292093060162,-0.4495653199087151,1.3569332661506823,0.9473684210526315,12.324728341870808,3.19987443790304
SpiralScanPath_11,evaluation,Posterior physics mean + RBF,top_1pct,26,4.236177389191513,3.1279812182759352,-2.3051344004329555,2.3729841909273777,0.8461538461538461,12.60430019167412,3.268820624067458
SpiralScanPath_11,evaluation,Advective posterior physics mean + RBF,overall,2501,0.5064138832972892,0.18954289272093358,0.034832359415045526,0.725865600747304,0.9984006397441023,11.47583176244484,2.9949271703977187
SpiralScanPath_11,evaluation,Advective posterior physics mean + RBF,above_camera_ceiling,76,2.655312221316959,1.636066126673498,-0.6378644431969724,1.381106406190096,0.9473684210526315,12.161712849917496,3.1927264279634167
SpiralScanPath_11,evaluation,Advective posterior physics mean + RBF,top_1pct,26,4.33721826569432,3.333427216781154,-2.4749692064371667,2.387128948344837,0.8461538461538461,12.423852249234388,3.2328193499266336
SpiralScanPath_11,evaluation,Posterior physics mean + sequential ST (moment-matched),overall,2501,0.4993335481212853,0.18526901944378124,0.03535663288683229,0.211210345205801,0.9924030387844862,2.537572251886652,0.6627747900886451
SpiralScanPath_11,evaluation,Posterior physics mean + sequential ST (moment-matched),above_camera_ceiling,76,2.6188835738433287,1.4560207280129611,-0.7629981171576301,1.242772788847505,0.75,3.1834962239498843,0.8249436910975657
SpiralScanPath_11,evaluation,Posterior physics mean + sequential ST (moment-matched),top_1pct,26,4.4166501331728325,3.451831052849448,-2.6193454478234868,3.0204178907304646,0.2692307692307692,3.213250711030381,0.8473983095781988
SpiralScanPath_11,evaluation,Posterior physics mean + sequential advective ST (moment-matched),overall,2501,0.4990861616385486,0.1854629250290281,0.03617111006232266,0.21170540401763335,0.9924030387844862,2.5316626192269385,0.6613029394323926
SpiralScanPath_11,evaluation,Posterior physics mean + sequential advective ST (moment-matched),above_camera_ceiling,76,2.6172513810613998,1.4620716729696142,-0.7371928205353293,1.2534587032856501,0.75,2.9739196037246574,0.7749375676652264
SpiralScanPath_11,evaluation,Posterior physics mean + sequential advective ST (moment-matched),top_1pct,26,4.411152666460653,3.4409239156310147,-2.5983379215604385,3.0469788977448116,0.2692307692307692,3.0074671654815837,0.7897913883483442
SpiralScanPath_11,evaluation,Advective posterior mean + sequential advective ST (moment-matched),overall,2501,0.5085506407187237,0.17740735437720775,0.029105270846912754,0.2112760592257386,0.9900039984006398,2.531511753946458,0.6611256112566394
SpiralScanPath_11,evaluation,Advective posterior mean + sequential advective ST (moment-matched),above_camera_ceiling,76,2.709647673568772,1.6025887519332798,-0.96783370613706,1.360188423206283,0.6842105263157895,2.9506674135463182,0.7697463521726707
SpiralScanPath_11,evaluation,Advective posterior mean + sequential advective ST (moment-matched),top_1pct,26,4.5233828457316205,3.6562686769066883,-2.7949357889614665,3.221298740859332,0.23076923076923078,3.053851163055426,0.783183675141524
SpiralScanPath_12,evaluation,Posterior physics mean + RBF,overall,2501,0.5084716285683898,0.2103810470642979,0.04357866790730045,0.7269839540659974,0.998000799680128,11.469489736951214,2.9983532726537074
SpiralScanPath_12,evaluation,Posterior physics mean + RBF,above_camera_ceiling,76,2.530774509154792,1.5543762442224893,-0.26785302174350906,1.344203582769401,0.9473684210526315,12.372509990928771,3.221523825704251
SpiralScanPath_12,evaluation,Posterior physics mean + RBF,top_1pct,26,4.067961435852901,2.963021634371739,-2.1556126468753294,2.231087427837765,0.8461538461538461,12.394057853632413,3.2553110976492143
SpiralScanPath_12,evaluation,Advective posterior physics mean + RBF,overall,2501,0.5114805440920904,0.19646977242088742,0.0539773559911899,0.7268047141829731,0.9976009596161536,11.472208890828663,2.998138710607809
SpiralScanPath_12,evaluation,Advective posterior physics mean + RBF,above_camera_ceiling,76,2.5907180428409475,1.6522296885606664,-0.4060803770237937,1.3860761038853435,0.9342105263157895,12.353582402006863,3.2351330075087508
SpiralScanPath_12,evaluation,Advective posterior physics mean + RBF,top_1pct,26,4.089525711509962,3.048997100129797,-2.20671014745065,2.2861632452631757,0.8076923076923077,12.501628679006968,3.2568246596437542
SpiralScanPath_12,evaluation,Posterior physics mean + sequential ST (moment-matched),overall,2501,0.48536093855639795,0.18528627210436158,0.033150065025560206,0.2109195831712977,0.9924030387844862,2.537764044301724,0.6636426431135063
SpiralScanPath_12,evaluation,Posterior physics mean + sequential ST (moment-matched),above_camera_ceiling,76,2.5241675151432843,1.5002223459079491,-0.5015897891131118,1.2391175696253776,0.75,3.1852043022852152,0.8409863477459931
SpiralScanPath_12,evaluation,Posterior physics mean + sequential ST (moment-matched),top_1pct,26,4.173596390397265,3.197119542551051,-2.3752225489150125,2.7793851474969538,0.34615384615384615,3.1898345763553513,0.8550472726590831
SpiralScanPath_12,evaluation,Posterior physics mean + sequential advective ST (moment-matched),overall,2501,0.48464433114201105,0.18414053298106278,0.031254411389175535,0.21068300936104686,0.9924030387844862,2.533999410891373,0.6623923940824684
SpiralScanPath_12,evaluation,Posterior physics mean + sequential advective ST (moment-matched),above_camera_ceiling,76,2.522734999891192,1.4681353304651519,-0.56302241949131,1.2234531306435807,0.7631578947368421,3.045034743556135,0.7959153944638353
SpiralScanPath_12,evaluation,Posterior physics mean + sequential advective ST (moment-matched),top_1pct,26,4.196859627960348,3.231616065077831,-2.4199967134327207,2.818375044696736,0.34615384615384615,3.1680326651947746,0.823675727214516
SpiralScanPath_12,evaluation,Advective posterior mean + sequential advective ST (moment-matched),overall,2501,0.48811127589966813,0.17351824281584868,0.03570576409980152,0.20859179696851904,0.9904038384646141,2.5301122873997834,0.6616953534107954
SpiralScanPath_12,evaluation,Advective posterior mean + sequential advective ST (moment-matched),above_camera_ceiling,76,2.5930823052953205,1.593316535591893,-0.7972124263555878,1.33067465525983,0.6973684210526315,2.954148136150866,0.7787340803166555
SpiralScanPath_12,evaluation,Advective posterior mean + sequential advective ST (moment-matched),top_1pct,26,4.260633447437349,3.4013746137599434,-2.5774615417283475,2.9711636690001013,0.23076923076923078,3.042203655200034,0.8003594087935018
SpiralScanPath_13,calibration,Posterior physics mean + RBF,overall,2501,0.5057289130339302,0.22152102606035223,0.03997150578290127,0.7273115200738997,0.998000799680128,11.446724991996735,2.996080241281881
SpiralScanPath_13,calibration,Posterior physics mean + RBF,above_camera_ceiling,76,2.5163691402936084,1.6145517287031996,0.24365963734283164,1.3379076815540127,0.9342105263157895,12.324726227044602,3.2156137383021983
SpiralScanPath_13,calibration,Posterior physics mean + RBF,top_1pct,26,3.7696913210364,2.391067467533363,-1.4171869130827217,1.9688261829550793,0.8076923076923077,12.652666267273352,3.284432891130855
SpiralScanPath_13,calibration,Advective posterior physics mean + RBF,overall,2501,0.47549440442964963,0.19376530785816717,0.03691943046875026,0.7238352372791073,0.9984006397441023,11.442296998559792,2.995606942785766
SpiralScanPath_13,calibration,Advective posterior physics mean + RBF,above_camera_ceiling,76,2.440462100516192,1.592226559299845,-0.02710328023541377,1.3132169327973142,0.9473684210526315,12.23691899831222,3.2015715508263147
SpiralScanPath_13,calibration,Advective posterior physics mean + RBF,top_1pct,26,3.709417979893002,2.497310694860184,-1.6921036842038968,1.9487511720829265,0.8461538461538461,12.35652041654319,3.2634509506736213
SpiralScanPath_13,calibration,Posterior physics mean + sequential ST (moment-matched),overall,2501,0.46805195091555424,0.19275720730086063,0.03131149410970912,0.21021874607337165,0.9944022391043582,2.549863193951463,0.6673597278593753
SpiralScanPath_13,calibration,Posterior physics mean + sequential ST (moment-matched),above_camera_ceiling,76,2.3849959370211082,1.4051888256105431,-0.4736896898383565,1.129281987102478,0.8157894736842105,3.6604208605664765,0.9609200120238853
SpiralScanPath_13,calibration,Posterior physics mean + sequential ST (moment-matched),top_1pct,26,3.911371493263418,2.8304297997506707,-2.241457978079202,2.40466887293036,0.5384615384615384,3.8163907955454763,1.0033270511412735
SpiralScanPath_13,calibration,Posterior physics mean + sequential advective ST (moment-matched),overall,2501,0.48095014712460005,0.19868656501533782,0.029131501666035658,0.2138476869899266,0.9916033586565374,2.5466151870474394,0.6661139928830694
SpiralScanPath_13,calibration,Posterior physics mean + sequential advective ST (moment-matched),above_camera_ceiling,76,2.4363575608596166,1.478978366155648,-0.4097577691507469,1.176615025080926,0.7368421052631579,3.4882220964904476,0.9123696103707287
SpiralScanPath_13,calibration,Posterior physics mean + sequential advective ST (moment-matched),top_1pct,26,3.94459126912464,2.769677975359433,-2.099347841053751,2.3550072948714598,0.5,3.7489958416572486,0.9739112637485652
SpiralScanPath_13,calibration,Advective posterior mean + sequential advective ST (moment-matched),overall,2501,0.4558841260105247,0.1742990189737965,0.030605517182222337,0.20402543844424278,0.9936025589764095,2.5447297782325027,0.6657986014893525
SpiralScanPath_13,calibration,Advective posterior mean + sequential advective ST (moment-matched),above_camera_ceiling,76,2.3856236815040064,1.469357200758182,-0.5207810368629963,1.1527733807834144,0.8026315789473685,3.432510330020075,0.9032198286244886
SpiralScanPath_13,calibration,Advective posterior mean + sequential advective ST (moment-matched),top_1pct,26,3.8918661854434187,2.8248397885559418,-2.1899678587659035,2.391492812654905,0.46153846153846156,3.686766035106534,0.9662344219845982
