trajectory,family,role,level_index,level,target_censored_fraction,ceiling_K,reference_ceiling_K,deliberately_hidden_range_K,true_peak_hidden_exceedance_K,relative_true_hidden_range,current_full_grid_censored_fraction,previous_full_grid_censored_fraction,model,region,n_pixels,rmse_K,mae_K,signed_error_K,crps_K,posterior_sd_K,coverage_95,interval_width_95_K,mean_abs_error_over_sd
DiagonalScanPath_1,Diagonal,evaluation,0,reference,0.03,294.6560504149699,294.6560504149699,0.0,39.53973995830893,0.9628501321655016,0.031187524990004,0.03398640543782487,advective posterior physics mean + sequential advective ST,deliberately_hidden_observable,0,,,,,,,,
DiagonalScanPath_1,Diagonal,evaluation,0,reference,0.03,294.6560504149699,294.6560504149699,0.0,39.53973995830893,0.9628501321655016,0.031187524990004,0.03398640543782487,advective posterior physics mean + sequential advective ST,near_ceiling_unsaturated_1K,205,0.860965848192323,0.4560961525478161,0.2835428006533564,0.3594506855884045,0.7592505863009279,0.9951219512195122,2.96879947146246,0.4616894854337514
DiagonalScanPath_1,Diagonal,evaluation,0,reference,0.03,294.6560504149699,294.6560504149699,0.0,39.53973995830893,0.9628501321655016,0.031187524990004,0.03398640543782487,advective posterior physics mean + sequential advective ST,observed_censored_full_grid,78,2.6740746175996235,2.0614539874479934,1.3941220030025356,1.438918749590422,1.7465186445160026,0.9230769230769231,6.810045723518528,1.1078226154728787
DiagonalScanPath_1,Diagonal,evaluation,0,reference,0.03,294.6560504149699,294.6560504149699,0.0,39.53973995830893,0.9628501321655016,0.031187524990004,0.03398640543782487,advective posterior physics mean + sequential advective ST,overall,2501,0.5524702035735258,0.19988778819552191,0.12275028026864412,0.22302964891432672,0.6994367744684833,0.9972011195521792,2.7309904195275103,0.22587332881716954
DiagonalScanPath_1,Diagonal,evaluation,0,reference,0.03,294.6560504149699,294.6560504149699,0.0,39.53973995830893,0.9628501321655016,0.031187524990004,0.03398640543782487,advective posterior physics mean + sequential advective ST,top_1pct,25,3.534087877858637,2.5617191136756174,0.5476918701704472,1.9431915764795928,2.022720524956291,0.8,7.901108175885058,1.2631841031842057
DiagonalScanPath_1,Diagonal,evaluation,0,reference,0.03,294.6560504149699,294.6560504149699,0.0,39.53973995830893,0.9628501321655016,0.031187524990004,0.03398640543782487,advective posterior physics mean + sequential advective ST,unsaturated_full_grid,2423,0.29130392897083324,0.1399611833495901,0.08182291981744994,0.18388835718806357,0.6657296403934909,0.9995872884853487,2.599679518284712,0.1974820599937501
DiagonalScanPath_1,Diagonal,evaluation,0,reference,0.03,294.6560504149699,294.6560504149699,0.0,39.53973995830893,0.9628501321655016,0.031187524990004,0.03398640543782487,single-frame censored RBF,deliberately_hidden_observable,0,,,,,,,,
DiagonalScanPath_1,Diagonal,evaluation,0,reference,0.03,294.6560504149699,294.6560504149699,0.0,39.53973995830893,0.9628501321655016,0.031187524990004,0.03398640543782487,single-frame censored RBF,near_ceiling_unsaturated_1K,205,1.2310086587969447,0.8488734528403076,0.6123455510794942,0.860515202567553,2.772309923139681,0.9951219512195122,10.794458991392965,0.3453161550396143
DiagonalScanPath_1,Diagonal,evaluation,0,reference,0.03,294.6560504149699,294.6560504149699,0.0,39.53973995830893,0.9628501321655016,0.031187524990004,0.03398640543782487,single-frame censored RBF,observed_censored_full_grid,78,5.551352493607899,3.015252129063848,0.9128512237884022,2.2211554812776906,1.887389907179783,0.7948717948717948,7.104670626752668,1.600072112597749
DiagonalScanPath_1,Diagonal,evaluation,0,reference,0.03,294.6560504149699,294.6560504149699,0.0,39.53973995830893,0.9628501321655016,0.031187524990004,0.03398640543782487,single-frame censored RBF,overall,2501,1.0679300785086363,0.25755426467464865,0.08015664425142142,0.7662267521822742,2.9264527114635186,0.9932027189124351,11.418399436276728,0.12456012385506368
DiagonalScanPath_1,Diagonal,evaluation,0,reference,0.03,294.6560504149699,294.6560504149699,0.0,39.53973995830893,0.9628501321655016,0.031187524990004,0.03398640543782487,single-frame censored RBF,top_1pct,25,9.023856120991606,4.147828079019296,-2.4116627454400943,3.64369749580246,1.8910074132135595,0.8,7.139318805403096,2.217174410941201
DiagonalScanPath_1,Diagonal,evaluation,0,reference,0.03,294.6560504149699,294.6560504149699,0.0,39.53973995830893,0.9628501321655016,0.031187524990004,0.03398640543782487,single-frame censored RBF,unsaturated_full_grid,2423,0.4302630348808098,0.16877983899476523,0.05335095824073859,0.7193904167016953,2.9599016997978693,0.9995872884853487,11.557264829237056,0.07706118240977707
DiagonalScanPath_1,Diagonal,evaluation,1,target_5pct,0.05,294.27809319118984,294.6560504149699,0.3779572237800721,39.917697182089,0.9720539398600708,0.05037984806077569,0.04758096761295482,advective posterior physics mean + sequential advective ST,deliberately_hidden_observable,47,2.451215896053675,2.0550424223027792,1.9832865645510676,1.4415646879786759,1.3650485044912384,0.8085106382978723,5.31641205179595,1.3089239261831431
DiagonalScanPath_1,Diagonal,evaluation,1,target_5pct,0.05,294.27809319118984,294.6560504149699,0.3779572237800721,39.917697182089,0.9720539398600708,0.05037984806077569,0.04758096761295482,advective posterior physics mean + sequential advective ST,near_ceiling_unsaturated_1K,839,0.43669217176056996,0.18986961740469308,0.11785534860253813,0.21203166981516583,0.6817604333914277,0.99880810488677,2.6640596497278937,0.2406247639631803
DiagonalScanPath_1,Diagonal,evaluation,1,target_5pct,0.05,294.27809319118984,294.6560504149699,0.3779572237800721,39.917697182089,0.9720539398600708,0.05037984806077569,0.04758096761295482,advective posterior physics mean + sequential advective ST,observed_censored_full_grid,126,2.6257072500841776,2.0597918986756167,1.5365866744997492,1.4601623221169102,1.606593297049079,0.8492063492063492,6.277728216660101,1.2081785410608936
DiagonalScanPath_1,Diagonal,evaluation,1,target_5pct,0.05,294.27809319118984,294.6560504149699,0.3779572237800721,39.917697182089,0.9720539398600708,0.05037984806077569,0.04758096761295482,advective posterior physics mean + sequential advective ST,overall,2501,0.6549104095956103,0.2356248395567686,0.15713897972328938,0.24811103196628967,0.713306772580246,0.9920031987205118,2.7857149719904246,0.24633003798416772
DiagonalScanPath_1,Diagonal,evaluation,1,target_5pct,0.05,294.27809319118984,294.6560504149699,0.3779572237800721,39.917697182089,0.9720539398600708,0.05037984806077569,0.04758096761295482,advective posterior physics mean + sequential advective ST,top_1pct,25,3.6713971593515105,2.5169994368162634,0.04034358181193056,1.9784976250754425,1.8894464083981148,0.8,7.422660204706151,1.3168888360556226
DiagonalScanPath_1,Diagonal,evaluation,1,target_5pct,0.05,294.27809319118984,294.6560504149699,0.3779572237800721,39.917697182089,0.9720539398600708,0.05037984806077569,0.04758096761295482,advective posterior physics mean + sequential advective ST,unsaturated_full_grid,2375,0.29308619905384825,0.13884797663088444,0.08395564938988563,0.18380852141514098,0.6659155717031627,0.999578947368421,2.6004544798521594,0.19530144371567615
DiagonalScanPath_1,Diagonal,evaluation,1,target_5pct,0.05,294.27809319118984,294.6560504149699,0.3779572237800721,39.917697182089,0.9720539398600708,0.05037984806077569,0.04758096761295482,single-frame censored RBF,deliberately_hidden_observable,47,2.9180792148447736,2.856624892611784,2.856624892611784,1.9376611124522618,1.6821151427414294,0.2553191489361702,6.4391587388915665,1.7112439464889129
DiagonalScanPath_1,Diagonal,evaluation,1,target_5pct,0.05,294.27809319118984,294.6560504149699,0.3779572237800721,39.917697182089,0.9720539398600708,0.05037984806077569,0.04758096761295482,single-frame censored RBF,near_ceiling_unsaturated_1K,839,0.6217945699807653,0.2870814078233654,0.1853857653062531,0.7396720083916392,2.893385382385036,0.99880810488677,11.289751602777537,0.13658296171132356
DiagonalScanPath_1,Diagonal,evaluation,1,target_5pct,0.05,294.27809319118984,294.6560504149699,0.3779572237800721,39.917697182089,0.9720539398600708,0.05037984806077569,0.04758096761295482,single-frame censored RBF,observed_censored_full_grid,126,4.637404664957303,2.6954227409410763,1.3098993447325702,1.9984414409610893,1.7413208166894996,0.5555555555555556,6.547731230599405,1.5609767487831119
DiagonalScanPath_1,Diagonal,evaluation,1,target_5pct,0.05,294.27809319118984,294.6560504149699,0.3779572237800721,39.917697182089,0.9720539398600708,0.05037984806077569,0.04758096761295482,single-frame censored RBF,overall,2501,1.1103270570623165,0.28769076528142445,0.12631475657501412,0.77897249833389,2.883520671573113,0.9772091163534586,11.246054928932693,0.1524276844432962
DiagonalScanPath_1,Diagonal,evaluation,1,target_5pct,0.05,294.27809319118984,294.6560504149699,0.3779572237800721,39.917697182089,0.9720539398600708,0.05037984806077569,0.04758096761295482,single-frame censored RBF,top_1pct,25,8.931366771568106,3.6386419199392233,-3.2952970403909694,3.422563322283574,1.7743851439839264,0.8,6.604610486679944,2.0978579184075756
DiagonalScanPath_1,Diagonal,evaluation,1,target_5pct,0.05,294.27809319118984,294.6560504149699,0.3779572237800721,39.917697182089,0.9720539398600708,0.05037984806077569,0.04758096761295482,single-frame censored RBF,unsaturated_full_grid,2375,0.39661859442981456,0.15995424783590184,0.06352247947697115,0.7142764617987207,2.9441173796637803,0.999578947368421,11.495313365139008,0.07770044987200496
DiagonalScanPath_1,Diagonal,evaluation,2,target_7.5pct,0.075,293.9041445009907,294.6560504149699,0.7519059139792148,40.29164587228814,0.9811601339362334,0.07516993202718912,0.07636945221911236,advective posterior physics mean + sequential advective ST,deliberately_hidden_observable,110,1.8035092815029294,1.5265943309968335,1.4710250380199112,1.0128158638483231,1.313414160295966,0.9363636363636364,5.132815803376083,1.063856334663663
DiagonalScanPath_1,Diagonal,evaluation,2,target_7.5pct,0.075,293.9041445009907,294.6560504149699,0.7519059139792148,40.29164587228814,0.9811601339362334,0.07516993202718912,0.07636945221911236,advective posterior physics mean + sequential advective ST,near_ceiling_unsaturated_1K,1995,0.2841430063361681,0.13919792029633823,0.08504706323521123,0.1848516581687366,0.667758756257097,0.9989974937343359,2.606822629264392,0.1947406504476834
DiagonalScanPath_1,Diagonal,evaluation,2,target_7.5pct,0.075,293.9041445009907,294.6560504149699,0.7519059139792148,40.29164587228814,0.9811601339362334,0.07516993202718912,0.07636945221911236,advective posterior physics mean + sequential advective ST,observed_censored_full_grid,188,2.0772612656674494,1.5755032208753568,0.9665761027043458,1.0972930695379477,1.422003545738292,0.9308510638297872,5.566114384354589,1.0359800199499534
DiagonalScanPath_1,Diagonal,evaluation,2,target_7.5pct,0.075,293.9041445009907,294.6560504149699,0.7519059139792148,40.29164587228814,0.9811601339362334,0.07516993202718912,0.07636945221911236,advective posterior physics mean + sequential advective ST,overall,2501,0.6271129457085219,0.24655409944583762,0.14990527576156068,0.25212039184017404,0.7231046718179909,0.9940023990403839,2.8249397697558836,0.2603725439553498
DiagonalScanPath_1,Diagonal,evaluation,2,target_7.5pct,0.075,293.9041445009907,294.6560504149699,0.7519059139792148,40.29164587228814,0.9811601339362334,0.07516993202718912,0.07636945221911236,advective posterior physics mean + sequential advective ST,top_1pct,25,3.6250891929590674,2.4325598986320482,-1.319709546647632,1.9542421537097985,1.6531839255767518,0.76,6.4991601853716,1.364794038558087
DiagonalScanPath_1,Diagonal,evaluation,2,target_7.5pct,0.075,293.9041445009907,294.6560504149699,0.7519059139792148,40.29164587228814,0.9811601339362334,0.07516993202718912,0.07636945221911236,advective posterior physics mean + sequential advective ST,unsaturated_full_grid,2313,0.27296959961828243,0.13853748257218887,0.08352649691796207,0.1834249904535846,0.6662983647289219,0.9991353220925205,2.6021378555559025,0.19733138291471625
DiagonalScanPath_1,Diagonal,evaluation,2,target_7.5pct,0.075,293.9041445009907,294.6560504149699,0.7519059139792148,40.29164587228814,0.9811601339362334,0.07516993202718912,0.07636945221911236,single-frame censored RBF,deliberately_hidden_observable,110,1.803166910279763,1.7300701510372474,1.7300701510372474,1.0293022913556718,1.3677451239141896,0.8636363636363636,5.244123286548549,1.274732113145171
DiagonalScanPath_1,Diagonal,evaluation,2,target_7.5pct,0.075,293.9041445009907,294.6560504149699,0.7519059139792148,40.29164587228814,0.9811601339362334,0.07516993202718912,0.07636945221911236,single-frame censored RBF,near_ceiling_unsaturated_1K,1995,0.3508699621450503,0.15833462015996672,0.07332666403904994,0.7021023976295702,2.908110948368464,1.0,11.357296907953794,0.07907614914040288
DiagonalScanPath_1,Diagonal,evaluation,2,target_7.5pct,0.075,293.9041445009907,294.6560504149699,0.7519059139792148,40.29164587228814,0.9811601339362334,0.07516993202718912,0.07636945221911236,single-frame censored RBF,observed_censored_full_grid,188,3.8248843999209736,1.9544539428631087,0.6020990719215981,1.3739907029547316,1.3519050254870857,0.8723404255319149,5.17133586060719,1.4464734833258404
DiagonalScanPath_1,Diagonal,evaluation,2,target_7.5pct,0.075,293.9041445009907,294.6560504149699,0.7519059139792148,40.29164587228814,0.9811601339362334,0.07516993202718912,0.07636945221911236,single-frame censored RBF,overall,2501,1.0968380642840418,0.2873198790605719,0.10342873883648102,0.7525611540080477,2.797984197309805,0.9904038384646141,10.921396532361982,0.18084613137906363
DiagonalScanPath_1,Diagonal,evaluation,2,target_7.5pct,0.075,293.9041445009907,294.6560504149699,0.7519059139792148,40.29164587228814,0.9811601339362334,0.07516993202718912,0.07636945221911236,single-frame censored RBF,top_1pct,25,9.60216895028759,4.768627736486515,-4.768627736486515,4.310245892712821,1.3373165502010722,0.72,5.126336274258799,3.5323244546707047
DiagonalScanPath_1,Diagonal,evaluation,2,target_7.5pct,0.075,293.9041445009907,294.6560504149699,0.7519059139792148,40.29164587228814,0.9811601339362334,0.07516993202718912,0.07636945221911236,single-frame censored RBF,unsaturated_full_grid,2313,0.33426986168488343,0.15181568364557968,0.06289695214387316,0.7020515322173099,2.9155211122698876,1.0,11.388759872738072,0.07797629040803293
DiagonalScanPath_1,Diagonal,evaluation,3,target_10pct,0.1,293.7171829163888,294.6560504149699,0.9388674985810894,40.47860745689002,0.9857129202376506,0.10035985605757697,0.09796081567373051,advective posterior physics mean + sequential advective ST,deliberately_hidden_observable,172,0.31845368834329885,0.24682415007439193,0.11508737555411527,0.2256186111719155,0.7515393578231021,1.0,2.9292238799448964,0.3287395011908166
DiagonalScanPath_1,Diagonal,evaluation,3,target_10pct,0.1,293.7171829163888,294.6560504149699,0.9388674985810894,40.47860745689002,0.9857129202376506,0.10035985605757697,0.09796081567373051,advective posterior physics mean + sequential advective ST,near_ceiling_unsaturated_1K,2186,0.1733483293299153,0.11931970568021599,0.07233654504228718,0.171443594013447,0.6596624150589201,1.0,2.577335606376638,0.18363407884773048
DiagonalScanPath_1,Diagonal,evaluation,3,target_10pct,0.1,293.7171829163888,294.6560504149699,0.9388674985810894,40.47860745689002,0.9857129202376506,0.10035985605757697,0.09796081567373051,advective posterior physics mean + sequential advective ST,observed_censored_full_grid,251,1.7392602439438254,0.8004869353627084,-0.4489069987086951,0.6857843092917688,0.7763845307733621,0.8565737051792829,3.0235382936394344,0.9806444254823358
DiagonalScanPath_1,Diagonal,evaluation,3,target_10pct,0.1,293.7171829163888,294.6560504149699,0.9388674985810894,40.47860745689002,0.9857129202376506,0.10035985605757697,0.09796081567373051,advective posterior physics mean + sequential advective ST,overall,2501,0.5749863820247212,0.18782895714782494,0.019665081970227268,0.22311987185503243,0.6711706719234422,0.9856057576969213,2.621301469427928,0.2643252687481314
DiagonalScanPath_1,Diagonal,evaluation,3,target_10pct,0.1,293.7171829163888,294.6560504149699,0.9388674985810894,40.47860745689002,0.9857129202376506,0.10035985605757697,0.09796081567373051,advective posterior physics mean + sequential advective ST,top_1pct,25,5.1442088994046475,4.223827810895318,-3.5090835653312524,3.7557032194596762,0.8532543253343791,0.08,3.292505642034621,4.984345392098026
DiagonalScanPath_1,Diagonal,evaluation,3,target_10pct,0.1,293.7171829163888,294.6560504149699,0.9388674985810894,40.47860745689002,0.9857129202376506,0.10035985605757697,0.09796081567373051,advective posterior physics mean + sequential advective ST,unsaturated_full_grid,2250,0.17329792316145198,0.11948355602252016,0.07193690074818705,0.1715070835009787,0.6594334814472956,1.0,2.5764297170381107,0.18441588726356017
DiagonalScanPath_1,Diagonal,evaluation,3,target_10pct,0.1,293.7171829163888,294.6560504149699,0.9388674985810894,40.47860745689002,0.9857129202376506,0.10035985605757697,0.09796081567373051,single-frame censored RBF,deliberately_hidden_observable,172,0.5555223038867946,0.4650841019447087,0.3665712346308251,0.3101374803345236,0.54559110615783,0.9709302325581395,2.124302288875133,0.839921712549157
DiagonalScanPath_1,Diagonal,evaluation,3,target_10pct,0.1,293.7171829163888,294.6560504149699,0.9388674985810894,40.47860745689002,0.9857129202376506,0.10035985605757697,0.09796081567373051,single-frame censored RBF,near_ceiling_unsaturated_1K,2186,0.259068844940987,0.1587671366726279,0.08595779377552971,0.6739624608488344,2.825317977911639,1.0,11.034880072975012,0.08153414171327616
DiagonalScanPath_1,Diagonal,evaluation,3,target_10pct,0.1,293.7171829163888,294.6560504149699,0.9388674985810894,40.47860745689002,0.9857129202376506,0.10035985605757697,0.09796081567373051,single-frame censored RBF,observed_censored_full_grid,251,3.468174366365879,1.194838405079379,-0.6158907636425743,1.0141133004643936,0.539167911573999,0.7729083665338645,2.0969332250000763,2.210070931360269
DiagonalScanPath_1,Diagonal,evaluation,3,target_10pct,0.1,293.7171829163888,294.6560504149699,0.9388674985810894,40.47860745689002,0.9857129202376506,0.10035985605757697,0.09796081567373051,single-frame censored RBF,overall,2501,1.125752214307946,0.2623929239341461,0.013970319221787904,0.708563346797823,2.5972075942496886,0.9772091163534586,10.14327993538322,0.2958826128790166
DiagonalScanPath_1,Diagonal,evaluation,3,target_10pct,0.1,293.7171829163888,294.6560504149699,0.9388674985810894,40.47860745689002,0.9857129202376506,0.10035985605757697,0.09796081567373051,single-frame censored RBF,top_1pct,25,10.72106076672834,6.470025334595528,-6.470025334595528,6.172760568304062,0.5404195739578759,0.0,2.08289456261379,11.857470167731213
DiagonalScanPath_1,Diagonal,evaluation,3,target_10pct,0.1,293.7171829163888,294.6560504149699,0.9388674985810894,40.47860745689002,0.9857129202376506,0.10035985605757697,0.09796081567373051,single-frame censored RBF,unsaturated_full_grid,2250,0.2586081083039815,0.15837345025972233,0.08423482224354564,0.6744775519665746,2.8267933544059543,1.0,11.040894612852627,0.08234427157288575
DiagonalScanPath_1,Diagonal,evaluation,4,target_15pct,0.15,293.5492340373749,294.6560504149699,1.1068163775950097,40.64655633590394,0.9898027195263183,0.15033986405437824,0.15113954418232706,advective posterior physics mean + sequential advective ST,deliberately_hidden_observable,297,0.33882018961575094,0.25480370561520466,-0.07705201996195078,0.22261759866706396,0.6788989309169656,1.0,2.6529327495065376,0.3773939388723004
DiagonalScanPath_1,Diagonal,evaluation,4,target_15pct,0.15,293.5492340373749,294.6560504149699,1.1068163775950097,40.64655633590394,0.9898027195263183,0.15033986405437824,0.15113954418232706,advective posterior physics mean + sequential advective ST,near_ceiling_unsaturated_1K,2107,0.16552608228100324,0.11779603080309413,0.07193857542303674,0.17054107788868225,0.660384136762602,1.0,2.578940843072896,0.18202933701507196
DiagonalScanPath_1,Diagonal,evaluation,4,target_15pct,0.15,293.5492340373749,294.6560504149699,1.1068163775950097,40.64655633590394,0.9898027195263183,0.15033986405437824,0.15113954418232706,advective posterior physics mean + sequential advective ST,observed_censored_full_grid,376,1.5733402379721189,0.7158519028975149,-0.5342041452326483,0.6162956557801079,0.6874204010229142,0.8617021276595744,2.682254060978229,1.003913584424886
DiagonalScanPath_1,Diagonal,evaluation,4,target_15pct,0.15,293.5492340373749,294.6560504149699,1.1068163775950097,40.64655633590394,0.9898027195263183,0.15033986405437824,0.15113954418232706,advective posterior physics mean + sequential advective ST,overall,2501,0.6288265605337356,0.20777629111337506,-0.01899964254091719,0.2375952167924455,0.6645622936876588,0.9792083166733306,2.5949931226620353,0.305620718166149
DiagonalScanPath_1,Diagonal,evaluation,4,target_15pct,0.15,293.5492340373749,294.6560504149699,1.1068163775950097,40.64655633590394,0.9898027195263183,0.15033986405437824,0.15113954418232706,advective posterior physics mean + sequential advective ST,top_1pct,25,5.481680949706457,4.644334565022509,-4.071166811458266,4.231724709507149,0.7305882678240387,0.0,2.8526652099280954,6.312173512541921
DiagonalScanPath_1,Diagonal,evaluation,4,target_15pct,0.15,293.5492340373749,294.6560504149699,1.1068163775950097,40.64655633590394,0.9898027195263183,0.15033986405437824,0.15113954418232706,advective posterior physics mean + sequential advective ST,unsaturated_full_grid,2125,0.16549720774217253,0.11787679462827555,0.07216124828830206,0.17058751558804025,0.6605177532838677,1.0,2.5795530695764404,0.18206395688930893
DiagonalScanPath_1,Diagonal,evaluation,4,target_15pct,0.15,293.5492340373749,294.6560504149699,1.1068163775950097,40.64655633590394,0.9898027195263183,0.15033986405437824,0.15113954418232706,single-frame censored RBF,deliberately_hidden_observable,297,0.5136758171340062,0.4447416879179371,0.20228970394449278,0.29836843391872897,0.4808965893556421,0.9831649831649831,1.8806157018075536,0.9132119814918694
DiagonalScanPath_1,Diagonal,evaluation,4,target_15pct,0.15,293.5492340373749,294.6560504149699,1.1068163775950097,40.64655633590394,0.9898027195263183,0.15033986405437824,0.15113954418232706,single-frame censored RBF,near_ceiling_unsaturated_1K,2107,0.32962989880538984,0.24803057829850678,0.19111789004949736,0.6311882707478299,2.6129932280787576,1.0,10.199298564321861,0.12082024639801504
DiagonalScanPath_1,Diagonal,evaluation,4,target_15pct,0.15,293.5492340373749,294.6560504149699,1.1068163775950097,40.64655633590394,0.9898027195263183,0.15033986405437824,0.15113954418232706,single-frame censored RBF,observed_censored_full_grid,376,2.931773232362454,1.0197195352543216,-0.5055959115020124,0.8519130414721825,0.47497121633849243,0.8297872340425532,1.8567503968585217,2.1490521122097235
DiagonalScanPath_1,Diagonal,evaluation,4,target_15pct,0.15,293.5492340373749,294.6560504149699,1.1068163775950097,40.64655633590394,0.9898027195263183,0.15033986405437824,0.15113954418232706,single-frame censored RBF,overall,2501,1.1765308627703381,0.3635562697698779,0.08565590516506623,0.6647816206622618,2.293707375120417,0.9744102359056377,8.953461712114054,0.42537196967448143
DiagonalScanPath_1,Diagonal,evaluation,4,target_15pct,0.15,293.5492340373749,294.6560504149699,1.1068163775950097,40.64655633590394,0.9898027195263183,0.15033986405437824,0.15113954418232706,single-frame censored RBF,top_1pct,25,10.96705480510116,6.870067070147541,-6.870067070147541,6.606146024811079,0.4652004813060257,0.0,1.812226189393375,14.334815245790951
DiagonalScanPath_1,Diagonal,evaluation,4,target_15pct,0.15,293.5492340373749,294.6560504149699,1.1068163775950097,40.64655633590394,0.9898027195263183,0.15033986405437824,0.15113954418232706,single-frame censored RBF,unsaturated_full_grid,2125,0.3290741028393405,0.24745396961827754,0.19027269719651166,0.6316703669095418,2.6155166907448892,1.0,10.209162161307502,0.12038197739530447
DiagonalScanPath_1,Diagonal,evaluation,5,target_20pct,0.2,293.46641561318813,294.6560504149699,1.1896348017817786,40.72937476009071,0.991819468517537,0.20031987205117952,0.20391843262694923,advective posterior physics mean + sequential advective ST,deliberately_hidden_observable,422,0.3361264343027112,0.24091703685154545,-0.06780010773007175,0.21939489635622378,0.6785161712853266,1.0,2.656671645024021,0.35549476894427057
DiagonalScanPath_1,Diagonal,evaluation,5,target_20pct,0.2,293.46641561318813,294.6560504149699,1.1896348017817786,40.72937476009071,0.991819468517537,0.20031987205117952,0.20391843262694923,advective posterior physics mean + sequential advective ST,near_ceiling_unsaturated_1K,1993,0.1715731270067764,0.12087587293094887,0.07629340884705473,0.17161316989588385,0.6616552669436745,1.0,2.5821825377241714,0.18581158016998103
DiagonalScanPath_1,Diagonal,evaluation,5,target_20pct,0.2,293.46641561318813,294.6560504149699,1.1896348017817786,40.72937476009071,0.991819468517537,0.20031987205117952,0.20391843262694923,advective posterior physics mean + sequential advective ST,observed_censored_full_grid,501,1.412432379890179,0.6056940651220675,-0.43021589110565844,0.53079556080871,0.683997993138125,0.8922155688622755,2.6756385279191472,0.8600562718214747
DiagonalScanPath_1,Diagonal,evaluation,5,target_20pct,0.2,293.46641561318813,294.6560504149699,1.1896348017817786,40.72937476009071,0.991819468517537,0.20031987205117952,0.20391843262694923,advective posterior physics mean + sequential advective ST,overall,2501,0.650487238829086,0.21796401444641686,-0.025282328350969847,0.24355610982987758,0.6661938927126874,0.9784086365453818,2.6011340771026825,0.3208077465251371
DiagonalScanPath_1,Diagonal,evaluation,5,target_20pct,0.2,293.46641561318813,294.6560504149699,1.1896348017817786,40.72937476009071,0.991819468517537,0.20031987205117952,0.20391843262694923,advective posterior physics mean + sequential advective ST,top_1pct,25,5.62528522526457,4.783773882421067,-4.229037365879956,4.37576082101408,0.7207659283406257,0.0,2.8173379356517696,6.627523683712016
DiagonalScanPath_1,Diagonal,evaluation,5,target_20pct,0.2,293.46641561318813,294.6560504149699,1.1896348017817786,40.72937476009071,0.991819468517537,0.20031987205117952,0.20391843262694923,advective posterior physics mean + sequential advective ST,unsaturated_full_grid,2000,0.17143464387007792,0.12083763675216633,0.07615352911907965,0.17160262735967996,0.6617339655561153,1.0,2.582470712173158,0.1857259909384046
DiagonalScanPath_1,Diagonal,evaluation,5,target_20pct,0.2,293.46641561318813,294.6560504149699,1.1896348017817786,40.72937476009071,0.991819468517537,0.20031987205117952,0.20391843262694923,single-frame censored RBF,deliberately_hidden_observable,422,0.4964959753055864,0.4433750242331796,0.21086017223822429,0.29074015270965164,0.4773395796408555,0.9786729857819905,1.8648557566762112,0.9198456590613535
DiagonalScanPath_1,Diagonal,evaluation,5,target_20pct,0.2,293.46641561318813,294.6560504149699,1.1896348017817786,40.72937476009071,0.991819468517537,0.20031987205117952,0.20391843262694923,single-frame censored RBF,near_ceiling_unsaturated_1K,1993,0.3666497411344076,0.30247623992799455,0.25835566340536137,0.5811808561873446,2.3673243302277256,1.0,9.248671892214865,0.15444644104310604
DiagonalScanPath_1,Diagonal,evaluation,5,target_20pct,0.2,293.46641561318813,294.6560504149699,1.1896348017817786,40.72937476009071,0.991819468517537,0.20031987205117952,0.20391843262694923,single-frame censored RBF,observed_censored_full_grid,501,2.583317628611634,0.896840704130185,-0.3431097995679469,0.730042572276624,0.4706836885005312,0.8483033932135728,1.8384914398383587,1.985891058860626
DiagonalScanPath_1,Diagonal,evaluation,5,target_20pct,0.2,293.46641561318813,294.6560504149699,1.1896348017817786,40.72937476009071,0.991819468517537,0.20031987205117952,0.20391843262694923,single-frame censored RBF,overall,2501,1.2017303596673012,0.4212885832025174,0.1373852935055655,0.6112126930952085,1.9885894113490399,0.9696121551379449,7.769083519534533,0.5211184730916837
DiagonalScanPath_1,Diagonal,evaluation,5,target_20pct,0.2,293.46641561318813,294.6560504149699,1.1896348017817786,40.72937476009071,0.991819468517537,0.20031987205117952,0.20391843262694923,single-frame censored RBF,top_1pct,25,11.083656776727867,7.040111516414942,-7.040111516414942,6.795176611881649,0.4307482722654068,0.0,1.6680952285186845,16.34824040552103
DiagonalScanPath_1,Diagonal,evaluation,5,target_20pct,0.2,293.46641561318813,294.6560504149699,1.1896348017817786,40.72937476009071,0.991819468517537,0.20031987205117952,0.20391843262694923,single-frame censored RBF,unsaturated_full_grid,2000,0.3663299633557744,0.3021627769101367,0.25774931432048037,0.581445808360264,2.3688247949225913,1.0,9.254696835498425,0.1541929403565636
DiagonalScanPath_2,Diagonal,evaluation,0,reference,0.03,294.7833581687172,294.7833581687172,0.0,35.95045268622465,0.9560900080665257,0.03198720511795282,0.030387844862055178,advective posterior physics mean + sequential advective ST,deliberately_hidden_observable,0,,,,,,,,
DiagonalScanPath_2,Diagonal,evaluation,0,reference,0.03,294.7833581687172,294.7833581687172,0.0,35.95045268622465,0.9560900080665257,0.03198720511795282,0.030387844862055178,advective posterior physics mean + sequential advective ST,near_ceiling_unsaturated_1K,233,0.4997792857921212,0.2761226895293216,0.1252955306668017,0.24548160942434247,0.7018563454223604,0.9957081545064378,2.7450975897377705,0.3421463368207561
DiagonalScanPath_2,Diagonal,evaluation,0,reference,0.03,294.7833581687172,294.7833581687172,0.0,35.95045268622465,0.9560900080665257,0.03198720511795282,0.030387844862055178,advective posterior physics mean + sequential advective ST,observed_censored_full_grid,80,2.5554596123063265,1.7847313178645314,1.0203399947947027,1.3080401721199604,1.4503607257062334,0.8875,5.6550430011801875,1.1280438775548063
DiagonalScanPath_2,Diagonal,evaluation,0,reference,0.03,294.7833581687172,294.7833581687172,0.0,35.95045268622465,0.9560900080665257,0.03198720511795282,0.030387844862055178,advective posterior physics mean + sequential advective ST,overall,2501,0.5095150163205239,0.19254486309171503,0.11957007014577228,0.21423443698729008,0.6868037962555628,0.9956017592962815,2.681605426517793,0.23930399984349862
DiagonalScanPath_2,Diagonal,evaluation,0,reference,0.03,294.7833581687172,294.7833581687172,0.0,35.95045268622465,0.9560900080665257,0.03198720511795282,0.030387844862055178,advective posterior physics mean + sequential advective ST,top_1pct,25,3.4058908069199063,2.1040163760900192,-0.19158981991397694,1.7105844168261306,1.7268886480089989,0.84,6.697716358878897,1.1953413098721777
DiagonalScanPath_2,Diagonal,evaluation,0,reference,0.03,294.7833581687172,294.7833581687172,0.0,35.95045268622465,0.9560900080665257,0.03198720511795282,0.030387844862055178,advective posterior physics mean + sequential advective ST,unsaturated_full_grid,2421,0.22889528600319892,0.13993234083569464,0.089804851652623,0.1780905052191721,0.6615726709535993,0.9991738950846758,2.5833505706842566,0.20993630458661935
DiagonalScanPath_2,Diagonal,evaluation,0,reference,0.03,294.7833581687172,294.7833581687172,0.0,35.95045268622465,0.9560900080665257,0.03198720511795282,0.030387844862055178,single-frame censored RBF,deliberately_hidden_observable,0,,,,,,,,
DiagonalScanPath_2,Diagonal,evaluation,0,reference,0.03,294.7833581687172,294.7833581687172,0.0,35.95045268622465,0.9560900080665257,0.03198720511795282,0.030387844862055178,single-frame censored RBF,near_ceiling_unsaturated_1K,233,0.9759632482609011,0.6974153470436059,0.0712609395739815,0.802854939223763,2.8437082992820315,1.0,11.093797304356505,0.2707645205416418
DiagonalScanPath_2,Diagonal,evaluation,0,reference,0.03,294.7833581687172,294.7833581687172,0.0,35.95045268622465,0.9560900080665257,0.03198720511795282,0.030387844862055178,single-frame censored RBF,observed_censored_full_grid,80,4.907027071897076,3.096259796193825,1.1054035165850515,2.2783388059382306,1.8463153042594442,0.6875,6.943459016417606,1.619222933761946
DiagonalScanPath_2,Diagonal,evaluation,0,reference,0.03,294.7833581687172,294.7833581687172,0.0,35.95045268622465,0.9560900080665257,0.03198720511795282,0.030387844862055178,single-frame censored RBF,overall,2501,0.95395663308,0.26699745895286187,0.04806621737771493,0.7655669766009084,2.930335112012183,0.9900039984006398,11.438870348716074,0.12782316961987603
DiagonalScanPath_2,Diagonal,evaluation,0,reference,0.03,294.7833581687172,294.7833581687172,0.0,35.95045268622465,0.9560900080665257,0.03198720511795282,0.030387844862055178,single-frame censored RBF,top_1pct,25,7.584963366710808,3.6308062169647677,-2.7399338777833075,3.14547305897053,1.957370521177171,0.84,7.364297692723469,1.7232529830976344
DiagonalScanPath_2,Diagonal,evaluation,0,reference,0.03,294.7833581687172,294.7833581687172,0.0,35.95045268622465,0.9560900080665257,0.03198720511795282,0.030387844862055178,single-frame censored RBF,unsaturated_full_grid,2421,0.38004760838133494,0.1735067580114009,0.013127355776481171,0.715578646841724,2.966155675671918,1.0,11.587417604636718,0.07854106258502863
DiagonalScanPath_2,Diagonal,evaluation,1,target_5pct,0.05,294.38366332322425,294.7833581687172,0.3996948454929452,36.350147531717596,0.9667197559416596,0.05037984806077569,0.05237904838064774,advective posterior physics mean + sequential advective ST,deliberately_hidden_observable,45,2.4712477983970804,1.7430909536067185,1.6224658226873176,1.3063184967814494,1.165790098727475,0.7111111111111111,4.581810959293348,1.1592057645699472
DiagonalScanPath_2,Diagonal,evaluation,1,target_5pct,0.05,294.38366332322425,294.7833581687172,0.3996948454929452,36.350147531717596,0.9667197559416596,0.05037984806077569,0.05237904838064774,advective posterior physics mean + sequential advective ST,near_ceiling_unsaturated_1K,677,0.5953135651967816,0.2674902729586681,0.17962502353318485,0.2550843996265573,0.69835699412513,0.9896602658788775,2.7253214115317164,0.3130940453575882
DiagonalScanPath_2,Diagonal,evaluation,1,target_5pct,0.05,294.38366332322425,294.7833581687172,0.3996948454929452,36.350147531717596,0.9667197559416596,0.05037984806077569,0.05237904838064774,advective posterior physics mean + sequential advective ST,observed_censored_full_grid,126,2.9029595031215747,2.155116191544237,1.4464867951670932,1.606692674605352,1.514458839687942,0.7380952380952381,5.927890055428403,1.2983934498966176
DiagonalScanPath_2,Diagonal,evaluation,1,target_5pct,0.05,294.38366332322425,294.7833581687172,0.3996948454929452,36.350147531717596,0.9667197559416596,0.05037984806077569,0.05237904838064774,advective posterior physics mean + sequential advective ST,overall,2501,0.735374703467889,0.26440846974998067,0.18079627349342925,0.2656470550268485,0.7126318084063138,0.9840063974410236,2.7828785369891653,0.27888809930539943
DiagonalScanPath_2,Diagonal,evaluation,1,target_5pct,0.05,294.38366332322425,294.7833581687172,0.3996948454929452,36.350147531717596,0.9667197559416596,0.05037984806077569,0.05237904838064774,advective posterior physics mean + sequential advective ST,top_1pct,25,3.7694050490661835,2.4280507247133984,-0.7483957749875298,2.0268257071443276,1.8717416149349018,0.68,7.289953172403496,1.3635525181366313
DiagonalScanPath_2,Diagonal,evaluation,1,target_5pct,0.05,294.38366332322425,294.7833581687172,0.3996948454929452,36.350147531717596,0.9667197559416596,0.05037984806077569,0.05237904838064774,advective posterior physics mean + sequential advective ST,unsaturated_full_grid,2375,0.3498310893069265,0.16410144956215902,0.11364806055411067,0.1945010558407889,0.6700927743256886,0.9970526315789474,2.6160273995898624,0.2248006575477179
DiagonalScanPath_2,Diagonal,evaluation,1,target_5pct,0.05,294.38366332322425,294.7833581687172,0.3996948454929452,36.350147531717596,0.9667197559416596,0.05037984806077569,0.05237904838064774,single-frame censored RBF,deliberately_hidden_observable,45,2.4286815098885444,2.3611302054663903,2.3611302054663903,1.513178936858003,1.5821920879871938,0.6,5.978741010501169,1.5283542361993847
DiagonalScanPath_2,Diagonal,evaluation,1,target_5pct,0.05,294.38366332322425,294.7833581687172,0.3996948454929452,36.350147531717596,0.9667197559416596,0.05037984806077569,0.05237904838064774,single-frame censored RBF,near_ceiling_unsaturated_1K,677,0.7873062631707772,0.41601431819709295,0.28466610896312694,0.7507868373179041,2.7797817431022356,1.0,10.85581340645436,0.20558893141184528
DiagonalScanPath_2,Diagonal,evaluation,1,target_5pct,0.05,294.38366332322425,294.7833581687172,0.3996948454929452,36.350147531717596,0.9667197559416596,0.05037984806077569,0.05237904838064774,single-frame censored RBF,observed_censored_full_grid,126,4.174513269167813,2.419640023277113,0.9321142506426003,1.7312657833220986,1.6970636212710979,0.8015873015873016,6.292209318664051,1.4678823761438056
DiagonalScanPath_2,Diagonal,evaluation,1,target_5pct,0.05,294.38366332322425,294.7833581687172,0.3996948454929452,36.350147531717596,0.9667197559416596,0.05037984806077569,0.05237904838064774,single-frame censored RBF,overall,2501,1.0378925891995538,0.3018103973365129,0.13292987868234693,0.7707996362471312,2.8704598574250584,0.9900039984006398,11.20098067482183,0.16148938193489049
DiagonalScanPath_2,Diagonal,evaluation,1,target_5pct,0.05,294.38366332322425,294.7833581687172,0.3996948454929452,36.350147531717596,0.9667197559416596,0.05037984806077569,0.05237904838064774,single-frame censored RBF,top_1pct,25,8.300350907843525,3.8277139998579583,-3.669415894219985,3.5762335500198446,2.008895655352365,0.8,7.210862507808879,2.0862733424168183
DiagonalScanPath_2,Diagonal,evaluation,1,target_5pct,0.05,294.38366332322425,294.7833581687172,0.3996948454929452,36.350147531717596,0.9667197559416596,0.05037984806077569,0.05237904838064774,single-frame censored RBF,unsaturated_full_grid,2375,0.4580889812314101,0.18945396244450632,0.09053104463308716,0.7198443796023118,2.9327116156378583,1.0,11.461403913085357,0.09218179571580698
DiagonalScanPath_2,Diagonal,evaluation,2,target_7.5pct,0.075,294.1278487013346,294.7833581687172,0.6555094673826147,36.605962153607265,0.9735230584213457,0.07516993202718912,0.07357057177129149,advective posterior physics mean + sequential advective ST,deliberately_hidden_observable,108,0.979732853077017,0.7189533305942146,0.6164704614297263,0.4996302231521363,0.980611168520253,0.9814814814814815,3.831890524734322,0.6727061136493035
DiagonalScanPath_2,Diagonal,evaluation,2,target_7.5pct,0.075,294.1278487013346,294.7833581687172,0.6555094673826147,36.605962153607265,0.9735230584213457,0.07516993202718912,0.07357057177129149,advective posterior physics mean + sequential advective ST,near_ceiling_unsaturated_1K,1371,0.24262973626532086,0.1491570890999719,0.09821755675688139,0.18382610252160847,0.6711080972733773,0.9992706053975201,2.619802704854216,0.2171725494874776
DiagonalScanPath_2,Diagonal,evaluation,2,target_7.5pct,0.075,294.1278487013346,294.7833581687172,0.6555094673826147,36.605962153607265,0.9735230584213457,0.07516993202718912,0.07357057177129149,advective posterior physics mean + sequential advective ST,observed_censored_full_grid,188,2.126154921282024,1.1764306628751635,-0.07693031441728843,0.9182094436696826,1.1055427314110604,0.8776595744680851,4.321998832858183,0.976897910506807
DiagonalScanPath_2,Diagonal,evaluation,2,target_7.5pct,0.075,294.1278487013346,294.7833581687172,0.6555094673826147,36.605962153607265,0.9735230584213457,0.07516993202718912,0.07357057177129149,advective posterior physics mean + sequential advective ST,overall,2501,0.6180137183569312,0.21751179179447358,0.08051404202050635,0.2336460005402535,0.6984759008011083,0.9904038384646141,2.726834710508034,0.2664686159783512
DiagonalScanPath_2,Diagonal,evaluation,2,target_7.5pct,0.075,294.1278487013346,294.7833581687172,0.6555094673826147,36.605962153607265,0.9735230584213457,0.07516993202718912,0.07357057177129149,advective posterior physics mean + sequential advective ST,top_1pct,25,5.328632517453837,4.376040871876212,-3.5543676808290185,3.707441448027861,1.28842832715099,0.24,5.065632881254608,3.353016306059862
DiagonalScanPath_2,Diagonal,evaluation,2,target_7.5pct,0.075,294.1278487013346,294.7833581687172,0.6555094673826147,36.605962153607265,0.9735230584213457,0.07516993202718912,0.07357057177129149,advective posterior physics mean + sequential advective ST,unsaturated_full_grid,2313,0.21344132144711786,0.13957113128294318,0.09331107574740018,0.1780048732992969,0.6653896214432738,0.9995676610462603,2.59718021202043,0.20872511949268338
DiagonalScanPath_2,Diagonal,evaluation,2,target_7.5pct,0.075,294.1278487013346,294.7833581687172,0.6555094673826147,36.605962153607265,0.9735230584213457,0.07516993202718912,0.07357057177129149,single-frame censored RBF,deliberately_hidden_observable,108,1.1437149788323615,1.0889171939539704,1.0889171939539704,0.6498092166002498,0.9320625197077639,0.8981481481481481,3.639260087603728,1.1788139304423813
DiagonalScanPath_2,Diagonal,evaluation,2,target_7.5pct,0.075,294.1278487013346,294.7833581687172,0.6555094673826147,36.605962153607265,0.9735230584213457,0.07516993202718912,0.07357057177129149,single-frame censored RBF,near_ceiling_unsaturated_1K,1371,0.3685580748691169,0.18800471032973118,0.11480533080626484,0.6886253675264178,2.8150310837158568,1.0,10.999936350673329,0.11258825685393657
DiagonalScanPath_2,Diagonal,evaluation,2,target_7.5pct,0.075,294.1278487013346,294.7833581687172,0.6555094673826147,36.605962153607265,0.9735230584213457,0.07516993202718912,0.07357057177129149,single-frame censored RBF,observed_censored_full_grid,188,3.64616190625952,1.569638491080139,-0.14666348104595361,1.2121348686752331,0.9494559206592833,0.8617021276595744,3.748730966226233,1.7517747755627593
DiagonalScanPath_2,Diagonal,evaluation,2,target_7.5pct,0.075,294.1278487013346,294.7833581687172,0.6555094673826147,36.605962153607265,0.9735230584213457,0.07516993202718912,0.07357057177129149,single-frame censored RBF,overall,2501,1.0409604078843555,0.257463925639799,0.05604390479404725,0.7335560367995684,2.737421240531079,0.9896041583366654,10.702473307378963,0.2125625314496358
DiagonalScanPath_2,Diagonal,evaluation,2,target_7.5pct,0.075,294.1278487013346,294.7833581687172,0.6555094673826147,36.605962153607265,0.9735230584213457,0.07516993202718912,0.07357057177129149,single-frame censored RBF,top_1pct,25,9.672947654558804,6.0467775359690386,-6.0467775359690386,5.567335553841838,0.939872304028007,0.4,3.765271090083279,6.958201001482447
DiagonalScanPath_2,Diagonal,evaluation,2,target_7.5pct,0.075,294.1278487013346,294.7833581687172,0.6555094673826147,36.605962153607265,0.9735230584213457,0.07516993202718912,0.07357057177129149,single-frame censored RBF,unsaturated_full_grid,2313,0.3018280203918033,0.15081074003548253,0.0725199050266111,0.694657281766008,2.882746567005743,1.0,11.267671560788695,0.08745578614342432
DiagonalScanPath_2,Diagonal,evaluation,3,target_10pct,0.1,293.9158405133969,294.7833581687172,0.8675176553202846,36.817970341544935,0.9791613437549033,0.10035985605757697,0.09636145541783286,advective posterior physics mean + sequential advective ST,deliberately_hidden_observable,170,0.6673572798068063,0.5567694232325654,0.48562462318520894,0.37493516666092686,0.8392147601637653,1.0,3.2737202183558125,0.6399665897195144
DiagonalScanPath_2,Diagonal,evaluation,3,target_10pct,0.1,293.9158405133969,294.7833581687172,0.8675176553202846,36.817970341544935,0.9791613437549033,0.10035985605757697,0.09636145541783286,advective posterior physics mean + sequential advective ST,near_ceiling_unsaturated_1K,1897,0.21125836299586528,0.1413684064396249,0.0990998421124727,0.1783768360885273,0.6629495899358713,1.0,2.58791719322748,0.21319517397547222
DiagonalScanPath_2,Diagonal,evaluation,3,target_10pct,0.1,293.9158405133969,294.7833581687172,0.8675176553202846,36.817970341544935,0.9791613437549033,0.10035985605757697,0.09636145541783286,advective posterior physics mean + sequential advective ST,observed_censored_full_grid,251,1.6795620309376795,0.8915724250875545,-0.01865704777224032,0.6873059501102635,0.8778728933114929,0.9243027888446215,3.422767313131959,0.9475331246060381
DiagonalScanPath_2,Diagonal,evaluation,3,target_10pct,0.1,293.9158405133969,294.7833581687172,0.8675176553202846,36.817970341544935,0.9791613437549033,0.10035985605757697,0.09636145541783286,advective posterior physics mean + sequential advective ST,overall,2501,0.5666191701610955,0.2156072966676515,0.08564160843471992,0.22838284196020003,0.6834371532796975,0.9924030387844862,2.6676360140190156,0.286824456880071
DiagonalScanPath_2,Diagonal,evaluation,3,target_10pct,0.1,293.9158405133969,294.7833581687172,0.8675176553202846,36.817970341544935,0.9791613437549033,0.10035985605757697,0.09636145541783286,advective posterior physics mean + sequential advective ST,top_1pct,25,4.918462649880373,4.018799623387434,-3.316739820965306,3.4687206805589104,1.0153078853055073,0.28,3.95614050540614,3.9189866876723327
DiagonalScanPath_2,Diagonal,evaluation,3,target_10pct,0.1,293.9158405133969,294.7833581687172,0.8675176553202846,36.817970341544935,0.9791613437549033,0.10035985605757697,0.09636145541783286,advective posterior physics mean + sequential advective ST,unsaturated_full_grid,2250,0.20538439269003475,0.14019963123058676,0.09727670297158526,0.1771874196732374,0.6617467662805949,1.0,2.5833969224290825,0.2131187343915298
DiagonalScanPath_2,Diagonal,evaluation,3,target_10pct,0.1,293.9158405133969,294.7833581687172,0.8675176553202846,36.817970341544935,0.9791613437549033,0.10035985605757697,0.09636145541783286,single-frame censored RBF,deliberately_hidden_observable,170,0.6179198985112253,0.5534609699383332,0.5298830789408093,0.34758668287039246,0.6086874835747333,0.9764705882352941,2.3675219520535498,0.9064764987832948
DiagonalScanPath_2,Diagonal,evaluation,3,target_10pct,0.1,293.9158405133969,294.7833581687172,0.8675176553202846,36.817970341544935,0.9791613437549033,0.10035985605757697,0.09636145541783286,single-frame censored RBF,near_ceiling_unsaturated_1K,1897,0.24158100839974797,0.13927942508103935,0.07855221158907148,0.6801713215074453,2.849544167257977,1.0,11.137616414087145,0.08156482371727049
DiagonalScanPath_2,Diagonal,evaluation,3,target_10pct,0.1,293.9158405133969,294.7833581687172,0.8675176553202846,36.817970341544935,0.9791613437549033,0.10035985605757697,0.09636145541783286,single-frame censored RBF,observed_censored_full_grid,251,3.2582093364632514,1.1837377425456834,-0.4322453654011124,0.973202394006281,0.6053729377047361,0.8565737051792829,2.362086361643328,1.9834057044066984
DiagonalScanPath_2,Diagonal,evaluation,3,target_10pct,0.1,293.9158405133969,294.7833581687172,0.8675176553202846,36.817970341544935,0.9791613437549033,0.10035985605757697,0.09636145541783286,single-frame censored RBF,overall,2501,1.055343023504897,0.23879387634342672,0.01673041115802038,0.7123350983567764,2.6389125719925572,0.9856057576969213,10.31721150845042,0.2700967635325616
DiagonalScanPath_2,Diagonal,evaluation,3,target_10pct,0.1,293.9158405133969,294.7833581687172,0.8675176553202846,36.817970341544935,0.9791613437549033,0.10035985605757697,0.09636145541783286,single-frame censored RBF,top_1pct,25,10.129331088740319,6.708622103461221,-6.708622103461221,6.375022311941877,0.5936337472884046,0.0,2.3385885632256804,11.327839448824129
DiagonalScanPath_2,Diagonal,evaluation,3,target_10pct,0.1,293.9158405133969,294.7833581687172,0.8675176553202846,36.817970341544935,0.9791613437549033,0.10035985605757697,0.09636145541783286,single-frame censored RBF,unsaturated_full_grid,2250,0.231793053212092,0.1333801383804194,0.06681615334306142,0.6832339022643207,2.8657652156397764,1.0,11.204649913716455,0.07896763279504676
DiagonalScanPath_2,Diagonal,evaluation,4,target_15pct,0.15,293.6822024079517,294.7833581687172,1.1011557607654936,37.051608446990144,0.9853748693555239,0.15033986405437824,0.13874450219912035,advective posterior physics mean + sequential advective ST,deliberately_hidden_observable,295,0.2948969577074755,0.22773501322128403,0.07865583988601367,0.211724345172044,0.7059900852063776,1.0,2.7512504488942304,0.32952830471816946
DiagonalScanPath_2,Diagonal,evaluation,4,target_15pct,0.15,293.6822024079517,294.7833581687172,1.1011557607654936,37.051608446990144,0.9853748693555239,0.15033986405437824,0.13874450219912035,advective posterior physics mean + sequential advective ST,near_ceiling_unsaturated_1K,2054,0.18659283965566914,0.13541035686731795,0.10030895495004259,0.17461658410485678,0.6597100681736698,1.0,2.576207358699982,0.20954552730277454
DiagonalScanPath_2,Diagonal,evaluation,4,target_15pct,0.15,293.6822024079517,294.7833581687172,1.1011557607654936,37.051608446990144,0.9853748693555239,0.15033986405437824,0.13874450219912035,advective posterior physics mean + sequential advective ST,observed_censored_full_grid,376,1.5438837197846969,0.6475737687558147,-0.35748977181480696,0.564749520772217,0.7125207223840369,0.9122340425531915,2.778604506230387,0.8911565538162273
DiagonalScanPath_2,Diagonal,evaluation,4,target_15pct,0.15,293.6822024079517,294.7833581687172,1.1011557607654936,37.051608446990144,0.9853748693555239,0.15033986405437824,0.13874450219912035,advective posterior physics mean + sequential advective ST,overall,2501,0.6227687942930583,0.2126641019276277,0.03100933097702328,0.2332395588196762,0.6674030368631787,0.9868052778888444,2.605424064362523,0.3127949268508841
DiagonalScanPath_2,Diagonal,evaluation,4,target_15pct,0.15,293.6822024079517,294.7833581687172,1.1011557607654936,37.051608446990144,0.9853748693555239,0.15033986405437824,0.13874450219912035,advective posterior physics mean + sequential advective ST,top_1pct,25,5.646194982725906,4.794354070176537,-4.231123014154664,4.403109215739409,0.7407924073573574,0.08,2.904265440513159,6.45010881158105
DiagonalScanPath_2,Diagonal,evaluation,4,target_15pct,0.15,293.6822024079517,294.7833581687172,1.1011557607654936,37.051608446990144,0.9853748693555239,0.15033986405437824,0.13874450219912035,advective posterior physics mean + sequential advective ST,unsaturated_full_grid,2125,0.18631452131580348,0.13571067382061675,0.09975081928277771,0.1745817961400737,0.659419860507488,1.0,2.5747813132367265,0.21045894015019287
DiagonalScanPath_2,Diagonal,evaluation,4,target_15pct,0.15,293.6822024079517,294.7833581687172,1.1011557607654936,37.051608446990144,0.9853748693555239,0.15033986405437824,0.13874450219912035,single-frame censored RBF,deliberately_hidden_observable,295,0.4307524255860603,0.329112836798053,0.12353825377884786,0.239797835721608,0.4680038362934313,0.9898305084745763,1.830402521142098,0.6855666508358718
DiagonalScanPath_2,Diagonal,evaluation,4,target_15pct,0.15,293.6822024079517,294.7833581687172,1.1011557607654936,37.051608446990144,0.9853748693555239,0.15033986405437824,0.13874450219912035,single-frame censored RBF,near_ceiling_unsaturated_1K,2054,0.2722556393376618,0.18840951432397154,0.1378911123154388,0.6590239525276975,2.7575112714813135,1.0,10.778414688822178,0.09361149918047851
DiagonalScanPath_2,Diagonal,evaluation,4,target_15pct,0.15,293.6822024079517,294.7833581687172,1.1011557607654936,37.051608446990144,0.9853748693555239,0.15033986405437824,0.13874450219912035,single-frame censored RBF,observed_censored_full_grid,376,2.778559728754463,0.923581767470369,-0.5638764536735269,0.8025265192070246,0.4607771883701848,0.8164893617021277,1.801346881446142,2.0302647128761744
DiagonalScanPath_2,Diagonal,evaluation,4,target_15pct,0.15,293.6822024079517,294.7833581687172,1.1011557607654936,37.051608446990144,0.9853748693555239,0.15033986405437824,0.13874450219912035,single-frame censored RBF,overall,2501,1.1059577735687807,0.29810794688064735,0.02998027382829712,0.6812365549271017,2.4147353247269487,0.9724110355857657,9.438819885841188,0.3851814617198364
DiagonalScanPath_2,Diagonal,evaluation,4,target_15pct,0.15,293.6822024079517,294.7833581687172,1.1011557607654936,37.051608446990144,0.9853748693555239,0.15033986405437824,0.13874450219912035,single-frame censored RBF,top_1pct,25,10.490206394030182,7.30502348481597,-7.30502348481597,7.0557349506274845,0.43965539108867696,0.0,1.7067545010006164,16.155127741589176
DiagonalScanPath_2,Diagonal,evaluation,4,target_15pct,0.15,293.6822024079517,294.7833581687172,1.1011557607654936,37.051608446990144,0.9853748693555239,0.15033986405437824,0.13874450219912035,single-frame censored RBF,unsaturated_full_grid,2125,0.2711296007687474,0.18743587321394833,0.1350579818474434,0.6597753659533364,2.7604709761481927,1.0,10.790203344501206,0.09409849586817393
DiagonalScanPath_2,Diagonal,evaluation,5,target_20pct,0.2,293.54008091733806,294.7833581687172,1.2432772513791406,37.19372993760379,0.9891545418479177,0.20031987205117952,0.18912435025989605,advective posterior physics mean + sequential advective ST,deliberately_hidden_observable,420,0.313931118335011,0.22403030692063014,-0.04291332991514688,0.21411079639323222,0.6871202123249602,1.0,2.6848457300574164,0.3316078274509663
DiagonalScanPath_2,Diagonal,evaluation,5,target_20pct,0.2,293.54008091733806,294.7833581687172,1.2432772513791406,37.19372993760379,0.9891545418479177,0.20031987205117952,0.18912435025989605,advective posterior physics mean + sequential advective ST,near_ceiling_unsaturated_1K,1987,0.19625329739814373,0.14338191757022858,0.10837231398883028,0.17704300073362328,0.6618897079212409,1.0,2.584273464361386,0.22023610495221674
DiagonalScanPath_2,Diagonal,evaluation,5,target_20pct,0.2,293.54008091733806,294.7833581687172,1.2432772513791406,37.19372993760379,0.9891545418479177,0.20031987205117952,0.18912435025989605,advective posterior physics mean + sequential advective ST,observed_censored_full_grid,501,1.4300622755835992,0.5927066483870739,-0.4077357281912243,0.5258749905889466,0.6913399544797088,0.9001996007984032,2.700082843961851,0.8403359986351735
DiagonalScanPath_2,Diagonal,evaluation,5,target_20pct,0.2,293.54008091733806,294.7833581687172,1.2432772513791406,37.19372993760379,0.9891545418479177,0.20031987205117952,0.18912435025989605,advective posterior physics mean + sequential advective ST,overall,2501,0.6637202910323066,0.2336032874953538,0.005344186639556434,0.24698247371694995,0.6678745479785931,0.9800079968012795,2.6077566049577006,0.3447664935272303
DiagonalScanPath_2,Diagonal,evaluation,5,target_20pct,0.2,293.54008091733806,294.7833581687172,1.2432772513791406,37.19372993760379,0.9891545418479177,0.20031987205117952,0.18912435025989605,advective posterior physics mean + sequential advective ST,top_1pct,25,5.879764620807264,5.080862354995425,-4.565102358324375,4.698558443114037,0.7212456753056316,0.08,2.807914015427132,7.021855211182288
DiagonalScanPath_2,Diagonal,evaluation,5,target_20pct,0.2,293.54008091733806,294.7833581687172,1.2432772513791406,37.19372993760379,0.9891545418479177,0.20031987205117952,0.18912435025989605,advective posterior physics mean + sequential advective ST,unsaturated_full_grid,2000,0.1964280431978005,0.14364789559197788,0.108820705304667,0.17711989824051477,0.6619964636500637,1.0,2.5846288820871606,0.22062633249769056
DiagonalScanPath_2,Diagonal,evaluation,5,target_20pct,0.2,293.54008091733806,294.7833581687172,1.2432772513791406,37.19372993760379,0.9891545418479177,0.20031987205117952,0.18912435025989605,single-frame censored RBF,deliberately_hidden_observable,420,0.4727696147757867,0.39833675406098823,0.1366613935729715,0.2696281785193135,0.465409557903088,0.9833333333333333,1.819593923900597,0.8356036017483334
DiagonalScanPath_2,Diagonal,evaluation,5,target_20pct,0.2,293.54008091733806,294.7833581687172,1.2432772513791406,37.19372993760379,0.9891545418479177,0.20031987205117952,0.18912435025989605,single-frame censored RBF,near_ceiling_unsaturated_1K,1987,0.3481844538900732,0.27410287907347175,0.22617650995889357,0.6194446433710876,2.551136799967867,1.0,9.9612577758781,0.13606459164742982
DiagonalScanPath_2,Diagonal,evaluation,5,target_20pct,0.2,293.54008091733806,294.7833581687172,1.2432772513791406,37.19372993760379,0.9891545418479177,0.20031987205117952,0.18912435025989605,single-frame censored RBF,observed_censored_full_grid,501,2.454521209399645,0.8577064851481164,-0.4057259429408453,0.7109728045095285,0.45997399701471053,0.8383233532934131,1.7979812077853286,1.8849781672623305
DiagonalScanPath_2,Diagonal,evaluation,5,target_20pct,0.2,293.54008091733806,294.7833581687172,1.2432772513791406,37.19372993760379,0.9891545418479177,0.20031987205117952,0.18912435025989605,single-frame censored RBF,overall,2501,1.141779565340935,0.39092854262017246,0.09976127276681915,0.6380105962276026,2.133606133913688,0.9676129548180727,8.331316869445576,0.486225339684544
DiagonalScanPath_2,Diagonal,evaluation,5,target_20pct,0.2,293.54008091733806,294.7833581687172,1.2432772513791406,37.19372993760379,0.9891545418479177,0.20031987205117952,0.18912435025989605,single-frame censored RBF,top_1pct,25,10.589540546578272,7.4158480523370125,-7.4158480523370125,7.160764960870482,0.4509029179334011,0.0,1.7478035867299468,16.426274679425713
DiagonalScanPath_2,Diagonal,evaluation,5,target_20pct,0.2,293.54008091733806,294.7833581687172,1.2432772513791406,37.19372993760379,0.9891545418479177,0.20031987205117952,0.18912435025989605,single-frame censored RBF,unsaturated_full_grid,2000,0.3479175492034186,0.27400066801692247,0.2263858203015891,0.6197335630529801,2.552850984206882,1.0,9.96791745269147,0.13583775637630857
DiagonalScanPath_3,Diagonal,evaluation,0,reference,0.03,294.9015209525281,294.9015209525281,0.0,31.572514925534733,0.9471136705127923,0.03638544582167133,0.03198720511795282,advective posterior physics mean + sequential advective ST,deliberately_hidden_observable,0,,,,,,,,
DiagonalScanPath_3,Diagonal,evaluation,0,reference,0.03,294.9015209525281,294.9015209525281,0.0,31.572514925534733,0.9471136705127923,0.03638544582167133,0.03198720511795282,advective posterior physics mean + sequential advective ST,near_ceiling_unsaturated_1K,208,0.6674940564612164,0.3176024691384438,0.10218389713067265,0.2779117706080828,0.7293756991179079,0.9903846153846154,2.8461962026689425,0.3515777881525915
DiagonalScanPath_3,Diagonal,evaluation,0,reference,0.03,294.9015209525281,294.9015209525281,0.0,31.572514925534733,0.9471136705127923,0.03638544582167133,0.03198720511795282,advective posterior physics mean + sequential advective ST,observed_censored_full_grid,91,2.623989971983164,1.9200518970762708,0.9909391063642724,1.374856447568905,1.4739284975157165,0.8461538461538461,5.734823663136362,1.1615742528475566
DiagonalScanPath_3,Diagonal,evaluation,0,reference,0.03,294.9015209525281,294.9015209525281,0.0,31.572514925534733,0.9471136705127923,0.03638544582167133,0.03198720511795282,advective posterior physics mean + sequential advective ST,overall,2501,0.5600397087109824,0.1995445210325035,0.09972715187726332,0.22234310598636273,0.6927913408595119,0.9936025589764095,2.70495686483486,0.2324768107992914
DiagonalScanPath_3,Diagonal,evaluation,0,reference,0.03,294.9015209525281,294.9015209525281,0.0,31.572514925534733,0.9471136705127923,0.03638544582167133,0.03198720511795282,advective posterior physics mean + sequential advective ST,top_1pct,25,3.5864407926075654,2.548968482699563,-0.2753420950616169,1.9723823075549323,1.7112999372687412,0.76,6.672097943489032,1.4668236330458615
DiagonalScanPath_3,Diagonal,evaluation,0,reference,0.03,294.9015209525281,294.9015209525281,0.0,31.572514925534733,0.9471136705127923,0.03638544582167133,0.03198720511795282,advective posterior physics mean + sequential advective ST,unsaturated_full_grid,2410,0.2559340600524885,0.1345793047586517,0.06607558015182023,0.17882496736229164,0.6632961204214559,0.9991701244813278,2.59055110606082,0.1973947082157262
DiagonalScanPath_3,Diagonal,evaluation,0,reference,0.03,294.9015209525281,294.9015209525281,0.0,31.572514925534733,0.9471136705127923,0.03638544582167133,0.03198720511795282,single-frame censored RBF,deliberately_hidden_observable,0,,,,,,,,
DiagonalScanPath_3,Diagonal,evaluation,0,reference,0.03,294.9015209525281,294.9015209525281,0.0,31.572514925534733,0.9471136705127923,0.03638544582167133,0.03198720511795282,single-frame censored RBF,near_ceiling_unsaturated_1K,208,1.1527587500617649,0.8791835043455263,0.19446554988390802,0.844885158145944,2.7880793113514146,0.9903846153846154,10.865437110264034,0.34812785457531514
DiagonalScanPath_3,Diagonal,evaluation,0,reference,0.03,294.9015209525281,294.9015209525281,0.0,31.572514925534733,0.9471136705127923,0.03638544582167133,0.03198720511795282,single-frame censored RBF,observed_censored_full_grid,91,4.9511440525256205,3.1867242328980523,1.2008385068461187,2.318154884032328,1.854372447962163,0.6373626373626373,7.00055596054141,1.6907863204112021
DiagonalScanPath_3,Diagonal,evaluation,0,reference,0.03,294.9015209525281,294.9015209525281,0.0,31.572514925534733,0.9471136705127923,0.03638544582167133,0.03198720511795282,single-frame censored RBF,overall,2501,1.0267424273089991,0.2888205046816097,0.05395867950214086,0.775441668571238,2.9187795808762504,0.9860055977608957,11.388026662413246,0.13977634760599605
DiagonalScanPath_3,Diagonal,evaluation,0,reference,0.03,294.9015209525281,294.9015209525281,0.0,31.572514925534733,0.9471136705127923,0.03638544582167133,0.03198720511795282,single-frame censored RBF,top_1pct,25,8.147847099272568,4.1389816700493745,-3.0896423727796627,3.637750437190273,1.7596174680373722,0.76,6.643676861258388,2.1813492998916004
DiagonalScanPath_3,Diagonal,evaluation,0,reference,0.03,294.9015209525281,294.9015209525281,0.0,31.572514925534733,0.9471136705127923,0.03638544582167133,0.03198720511795282,single-frame censored RBF,unsaturated_full_grid,2410,0.4103413891304389,0.17939758382364446,0.010653258635625513,0.7171898417633711,2.9589708875547487,0.9991701244813278,11.553694643272307,0.08121124074903599
DiagonalScanPath_3,Diagonal,evaluation,1,target_5pct,0.05,294.560468319108,294.9015209525281,0.34105263342007675,31.91356755895481,0.9573445821851246,0.05037984806077569,0.05197920831667333,advective posterior physics mean + sequential advective ST,deliberately_hidden_observable,34,2.167424686964652,1.6347142014240688,1.5150833644521142,1.1413886257926709,1.2606456517674172,0.8823529411764706,4.919716681905781,1.05385031168579
DiagonalScanPath_3,Diagonal,evaluation,1,target_5pct,0.05,294.560468319108,294.9015209525281,0.34105263342007675,31.91356755895481,0.9573445821851246,0.05037984806077569,0.05197920831667333,advective posterior physics mean + sequential advective ST,near_ceiling_unsaturated_1K,389,0.6748349168792154,0.33353193019152255,0.20379883292503181,0.291483646797714,0.7306272130101147,0.9922879177377892,2.8502683136655933,0.36046772741695077
DiagonalScanPath_3,Diagonal,evaluation,1,target_5pct,0.05,294.560468319108,294.9015209525281,0.34105263342007675,31.91356755895481,0.9573445821851246,0.05037984806077569,0.05197920831667333,advective posterior physics mean + sequential advective ST,observed_censored_full_grid,126,2.7896400299326456,2.1838050860205187,1.316421611945938,1.5490997424344708,1.5359160112266572,0.8571428571428571,5.98980828101917,1.3119541428944914
DiagonalScanPath_3,Diagonal,evaluation,1,target_5pct,0.05,294.560468319108,294.9015209525281,0.34105263342007675,31.91356755895481,0.9573445821851246,0.05037984806077569,0.05197920831667333,advective posterior physics mean + sequential advective ST,overall,2501,0.6967915962484038,0.25336150458629847,0.15020384276090207,0.25763635505444454,0.7128118937876141,0.9916033586565374,2.782318535649427,0.2646752055552202
DiagonalScanPath_3,Diagonal,evaluation,1,target_5pct,0.05,294.560468319108,294.9015209525281,0.34105263342007675,31.91356755895481,0.9573445821851246,0.05037984806077569,0.05197920831667333,advective posterior physics mean + sequential advective ST,top_1pct,25,4.111490363111596,2.917988823320345,-1.0670227462734987,2.3055971214098783,1.6989759810686942,0.76,6.585845603983755,1.674308698771178
DiagonalScanPath_3,Diagonal,evaluation,1,target_5pct,0.05,294.560468319108,294.9015209525281,0.34105263342007675,31.91356755895481,0.9573445821851246,0.05037984806077569,0.05197920831667333,advective posterior physics mean + sequential advective ST,unsaturated_full_grid,2375,0.3137134538749921,0.15094639247652508,0.08833292111150647,0.18912082376607264,0.6691440542940059,0.9987368421052631,2.6121527638950743,0.2091143019321684
DiagonalScanPath_3,Diagonal,evaluation,1,target_5pct,0.05,294.560468319108,294.9015209525281,0.34105263342007675,31.91356755895481,0.9573445821851246,0.05037984806077569,0.05197920831667333,single-frame censored RBF,deliberately_hidden_observable,34,2.9021912245746067,2.828188203373359,2.828188203373359,1.7992830189952902,1.8825770669766893,0.4411764705882353,6.849926099368003,1.5510372602357971
DiagonalScanPath_3,Diagonal,evaluation,1,target_5pct,0.05,294.560468319108,294.9015209525281,0.34105263342007675,31.91356755895481,0.9573445821851246,0.05037984806077569,0.05197920831667333,single-frame censored RBF,near_ceiling_unsaturated_1K,389,0.9953591606806195,0.6143794713896659,0.24904736078865072,0.8052192597637051,2.801602832221034,0.9974293059125964,10.93016985795275,0.27028209758313937
DiagonalScanPath_3,Diagonal,evaluation,1,target_5pct,0.05,294.560468319108,294.9015209525281,0.34105263342007675,31.91356755895481,0.9573445821851246,0.05037984806077569,0.05197920831667333,single-frame censored RBF,observed_censored_full_grid,126,4.545120918024372,2.919229248450163,1.2372210254261211,2.060913365017708,1.8351431530282034,0.6428571428571429,6.80665014328642,1.622430366150279
DiagonalScanPath_3,Diagonal,evaluation,1,target_5pct,0.05,294.560468319108,294.9015209525281,0.34105263342007675,31.91356755895481,0.9573445821851246,0.05037984806077569,0.05197920831667333,single-frame censored RBF,overall,2501,1.1057709503960778,0.3184977452679051,0.09920640969786258,0.7866849609181225,2.8911376952710204,0.9816073570571772,11.269585876911773,0.16270803011751
DiagonalScanPath_3,Diagonal,evaluation,1,target_5pct,0.05,294.560468319108,294.9015209525281,0.34105263342007675,31.91356755895481,0.9573445821851246,0.05037984806077569,0.05197920831667333,single-frame censored RBF,top_1pct,25,8.707763326825694,4.551399878259167,-3.925921565782005,4.071434170326312,1.6486991224176522,0.68,6.2972028665721,2.655746839366255
DiagonalScanPath_3,Diagonal,evaluation,1,target_5pct,0.05,294.560468319108,294.9015209525281,0.34105263342007675,31.91356755895481,0.9573445821851246,0.05037984806077569,0.05197920831667333,single-frame censored RBF,unsaturated_full_grid,2375,0.43775627544970785,0.18052209499381477,0.03883173955817392,0.719083790847997,2.947160984670008,0.999578947368421,11.50635636214832,0.08526591881640307
DiagonalScanPath_3,Diagonal,evaluation,2,target_7.5pct,0.075,294.3066337663805,294.9015209525281,0.5948871861475595,32.16740211168229,0.9649591220944007,0.07516993202718912,0.07117153138744502,advective posterior physics mean + sequential advective ST,deliberately_hidden_observable,97,1.0754446298204883,0.8548411805210853,0.7646328914516303,0.5530056542334866,1.0934773783026133,1.0,4.2583298086534045,0.6875655351772936
DiagonalScanPath_3,Diagonal,evaluation,2,target_7.5pct,0.075,294.3066337663805,294.9015209525281,0.5948871861475595,32.16740211168229,0.9649591220944007,0.07516993202718912,0.07117153138744502,advective posterior physics mean + sequential advective ST,near_ceiling_unsaturated_1K,812,0.3469578766375486,0.18298082328769003,0.10467197735690414,0.20279018075100427,0.68546963733048,1.0,2.676320099493259,0.24145106245186732
DiagonalScanPath_3,Diagonal,evaluation,2,target_7.5pct,0.075,294.3066337663805,294.9015209525281,0.5948871861475595,32.16740211168229,0.9649591220944007,0.07516993202718912,0.07117153138744502,advective posterior physics mean + sequential advective ST,observed_censored_full_grid,188,2.03967339507181,1.2650674112843496,0.3313310512220574,0.9296161007676312,1.2485419264351405,0.9361702127659575,4.884093819693056,0.970810146074921
DiagonalScanPath_3,Diagonal,evaluation,2,target_7.5pct,0.075,294.3066337663805,294.9015209525281,0.5948871861475595,32.16740211168229,0.9649591220944007,0.07516993202718912,0.07117153138744502,advective posterior physics mean + sequential advective ST,overall,2501,0.60484205979314,0.22208669714997337,0.09911904777384636,0.23632461340313687,0.7106698751895215,0.995201919232307,2.775258761769439,0.2569478127362116
DiagonalScanPath_3,Diagonal,evaluation,2,target_7.5pct,0.075,294.3066337663805,294.9015209525281,0.5948871861475595,32.16740211168229,0.9649591220944007,0.07516993202718912,0.07117153138744502,advective posterior physics mean + sequential advective ST,top_1pct,25,4.773842666320086,3.477597052958324,-2.6004435088400326,2.9818096843018504,1.328878959671713,0.56,5.220741739567279,2.7077437439842247
DiagonalScanPath_3,Diagonal,evaluation,2,target_7.5pct,0.075,294.3066337663805,294.9015209525281,0.5948871861475595,32.16740211168229,0.9649591220944007,0.07516993202718912,0.07117153138744502,advective posterior physics mean + sequential advective ST,unsaturated_full_grid,2313,0.23963180264858147,0.13731351329469332,0.08024492038592433,0.1799740731417772,0.6669517836918232,1.0,2.6038532317695946,0.19892527980595764
DiagonalScanPath_3,Diagonal,evaluation,2,target_7.5pct,0.075,294.3066337663805,294.9015209525281,0.5948871861475595,32.16740211168229,0.9649591220944007,0.07516993202718912,0.07117153138744502,single-frame censored RBF,deliberately_hidden_observable,97,1.7304191459762914,1.6728398782838152,1.6728398782838152,1.0049807931929455,1.2779235393606925,0.8041237113402062,4.809875349818262,1.3246422253332097
DiagonalScanPath_3,Diagonal,evaluation,2,target_7.5pct,0.075,294.3066337663805,294.9015209525281,0.5948871861475595,32.16740211168229,0.9649591220944007,0.07516993202718912,0.07117153138744502,single-frame censored RBF,near_ceiling_unsaturated_1K,812,0.5546550010780151,0.28972970677060494,0.15257851965496677,0.716328533373172,2.8032813097825415,0.9987684729064039,10.94529969312625,0.1595447117657835
DiagonalScanPath_3,Diagonal,evaluation,2,target_7.5pct,0.075,294.3066337663805,294.9015209525281,0.5948871861475595,32.16740211168229,0.9649591220944007,0.07516993202718912,0.07117153138744502,single-frame censored RBF,observed_censored_full_grid,188,3.7159279386294792,1.9080847451372607,0.5478745641059324,1.3790222358055286,1.3183192750494284,0.8351063829787234,4.955531131143326,1.443321441697616
DiagonalScanPath_3,Diagonal,evaluation,2,target_7.5pct,0.075,294.3066337663805,294.9015209525281,0.5948871861475595,32.16740211168229,0.9649591220944007,0.07516993202718912,0.07117153138744502,single-frame censored RBF,overall,2501,1.0758575499950234,0.2912980001274103,0.09235712097210017,0.7575254683532113,2.796662060843852,0.9872051179528188,10.90131186046705,0.18726147219469194
DiagonalScanPath_3,Diagonal,evaluation,2,target_7.5pct,0.075,294.3066337663805,294.9015209525281,0.5948871861475595,32.16740211168229,0.9649591220944007,0.07516993202718912,0.07117153138744502,single-frame censored RBF,top_1pct,25,9.383574452091292,5.12383779830845,-5.063783414606869,4.7061665727122985,1.4091459051636122,0.64,5.275584891777822,3.6623873964918907
DiagonalScanPath_3,Diagonal,evaluation,2,target_7.5pct,0.075,294.3066337663805,294.9015209525281,0.5948871861475595,32.16740211168229,0.9649591220944007,0.07516993202718912,0.07117153138744502,single-frame censored RBF,unsaturated_full_grid,2313,0.3594830411164017,0.15988602085293913,0.05533278923446054,0.7070103830609348,2.916821353420312,0.9995676610462603,11.384583272967204,0.08516926542143224
DiagonalScanPath_3,Diagonal,evaluation,3,target_10pct,0.1,294.0531900984871,294.9015209525281,0.8483308540409666,32.4208457795757,0.9725619362234904,0.10035985605757697,0.09836065573770492,advective posterior physics mean + sequential advective ST,deliberately_hidden_observable,159,1.3154634363297621,1.1128397624008461,1.075843479442646,0.7292326751045747,1.0416582632884543,0.9622641509433962,4.064410194260118,0.9918303956856699
DiagonalScanPath_3,Diagonal,evaluation,3,target_10pct,0.1,294.0531900984871,294.9015209525281,0.8483308540409666,32.4208457795757,0.9725619362234904,0.10035985605757697,0.09836065573770492,advective posterior physics mean + sequential advective ST,near_ceiling_unsaturated_1K,1577,0.26853430408052253,0.14794281667273312,0.09282483859134108,0.1865714938248028,0.6674876402045461,0.9993658845909955,2.6046666051284797,0.2122839035916834
DiagonalScanPath_3,Diagonal,evaluation,3,target_10pct,0.1,294.0531900984871,294.9015209525281,0.8483308540409666,32.4208457795757,0.9725619362234904,0.10035985605757697,0.09836065573770492,advective posterior physics mean + sequential advective ST,observed_censored_full_grid,251,1.9659082790853546,1.2994905030592578,0.5747995711182068,0.9406767899392238,1.088460730320143,0.9083665338645418,4.2391899071912285,1.1728565137606528
DiagonalScanPath_3,Diagonal,evaluation,3,target_10pct,0.1,294.0531900984871,294.9015209525281,0.8483308540409666,32.4208457795757,0.9725619362234904,0.10035985605757697,0.09836065573770492,advective posterior physics mean + sequential advective ST,overall,2501,0.6632617560590288,0.25495838747213634,0.13479264828727164,0.2573122171251243,0.7066667384479447,0.9904038384646141,2.7575451499987875,0.3008900220545424
DiagonalScanPath_3,Diagonal,evaluation,3,target_10pct,0.1,294.0531900984871,294.9015209525281,0.8483308540409666,32.4208457795757,0.9725619362234904,0.10035985605757697,0.09836065573770492,advective posterior physics mean + sequential advective ST,top_1pct,25,4.988927004498457,3.64712440295267,-2.9171465584006113,3.2397470608874848,1.0793604265994083,0.4,4.169486201342575,3.5016471382347474
DiagonalScanPath_3,Diagonal,evaluation,3,target_10pct,0.1,294.0531900984871,294.9015209525281,0.8483308540409666,32.4208457795757,0.9725619362234904,0.10035985605757697,0.09836065573770492,advective posterior physics mean + sequential advective ST,unsaturated_full_grid,2250,0.24052412489529407,0.13843502702219526,0.0857074315625762,0.18107910255786258,0.6640754975768682,0.9995555555555555,2.5922594459742085,0.20361731564643853
DiagonalScanPath_3,Diagonal,evaluation,3,target_10pct,0.1,294.0531900984871,294.9015209525281,0.8483308540409666,32.4208457795757,0.9725619362234904,0.10035985605757697,0.09836065573770492,single-frame censored RBF,deliberately_hidden_observable,159,0.8639213131958746,0.7868242170363339,0.7857476431910968,0.45546630673601957,0.8334214503622722,0.9685534591194969,3.3172923330326602,0.9403770888027295
DiagonalScanPath_3,Diagonal,evaluation,3,target_10pct,0.1,294.0531900984871,294.9015209525281,0.8483308540409666,32.4208457795757,0.9725619362234904,0.10035985605757697,0.09836065573770492,single-frame censored RBF,near_ceiling_unsaturated_1K,1577,0.25206583337711175,0.13604970748284925,0.04607684352213429,0.6870337329878108,2.878606674940822,1.0,11.249463645850499,0.07649908925822312
DiagonalScanPath_3,Diagonal,evaluation,3,target_10pct,0.1,294.0531900984871,294.9015209525281,0.8483308540409666,32.4208457795757,0.9725619362234904,0.10035985605757697,0.09836065573770492,single-frame censored RBF,observed_censored_full_grid,251,3.276655129960155,1.3126470704717164,-0.21445676274582395,1.0077842773416748,0.8054329384222475,0.8645418326693227,3.19618486154923,1.6544255853578367
DiagonalScanPath_3,Diagonal,evaluation,3,target_10pct,0.1,294.0531900984871,294.9015209525281,0.8483308540409666,32.4208457795757,0.9725619362234904,0.10035985605757697,0.09836065573770492,single-frame censored RBF,overall,2501,1.060332854334616,0.24238019682622747,0.00945996991833122,0.7224326236182035,2.69400906198266,0.98640543782487,10.52549375800736,0.22887096229166523
DiagonalScanPath_3,Diagonal,evaluation,3,target_10pct,0.1,294.0531900984871,294.9015209525281,0.8483308540409666,32.4208457795757,0.9725619362234904,0.10035985605757697,0.09836065573770492,single-frame censored RBF,top_1pct,25,10.062193153893627,6.3627514666868095,-6.3627514666868095,5.940317976504523,0.7664723502325138,0.04,3.0347149289746334,8.069263969991841
DiagonalScanPath_3,Diagonal,evaluation,3,target_10pct,0.1,294.0531900984871,294.9015209525281,0.8483308540409666,32.4208457795757,0.9725619362234904,0.10035985605757697,0.09836065573770492,single-frame censored RBF,unsaturated_full_grid,2250,0.22806922116977413,0.12298598114399735,0.03443912542886586,0.6906000613583851,2.9046902206553997,1.0,11.343118883790025,0.06984242434072793
DiagonalScanPath_3,Diagonal,evaluation,4,target_15pct,0.15,293.7205806556136,294.9015209525281,1.1809402969144571,32.75345522244919,0.9825395687000326,0.15033986405437824,0.14674130347860856,advective posterior physics mean + sequential advective ST,deliberately_hidden_observable,284,0.292832047416161,0.227470961971503,0.012187065387886489,0.212701075815847,0.7153306951998061,1.0,2.7949553576878534,0.31984601071613644
DiagonalScanPath_3,Diagonal,evaluation,4,target_15pct,0.15,293.7205806556136,294.9015209525281,1.1809402969144571,32.75345522244919,0.9825395687000326,0.15033986405437824,0.14674130347860856,advective posterior physics mean + sequential advective ST,near_ceiling_unsaturated_1K,2034,0.17060081795054613,0.1224318354976809,0.0736642239635635,0.17142304328148947,0.6591042303422837,1.0,2.572699166799094,0.1899890520666347
DiagonalScanPath_3,Diagonal,evaluation,4,target_15pct,0.15,293.7205806556136,294.9015209525281,1.1809402969144571,32.75345522244919,0.9825395687000326,0.15033986405437824,0.14674130347860856,advective posterior physics mean + sequential advective ST,observed_censored_full_grid,376,1.6499158073454239,0.7042886042095922,-0.46721734536191495,0.6107081241410238,0.7184645337756846,0.8776595744680851,2.8061578922497286,0.96697121143915
DiagonalScanPath_3,Diagonal,evaluation,4,target_15pct,0.15,293.7205806556136,294.9015209525281,1.1809402969144571,32.75345522244919,0.9825395687000326,0.15033986405437824,0.14674130347860856,advective posterior physics mean + sequential advective ST,overall,2501,0.6588150046300175,0.20982352163279597,-0.008658714918171675,0.23744439842756115,0.6676905949289892,0.9816073570571772,2.606676536139848,0.30706761469433674
DiagonalScanPath_3,Diagonal,evaluation,4,target_15pct,0.15,293.7205806556136,294.9015209525281,1.1809402969144571,32.75345522244919,0.9825395687000326,0.15033986405437824,0.14674130347860856,advective posterior physics mean + sequential advective ST,top_1pct,25,5.950598412070865,4.951249360822655,-4.382553583107508,4.544020137384529,0.7300982234214595,0.08,2.8472241229968427,6.719666903323818
DiagonalScanPath_3,Diagonal,evaluation,4,target_15pct,0.15,293.7205806556136,294.9015209525281,1.1809402969144571,32.75345522244919,0.9825395687000326,0.15033986405437824,0.14674130347860856,advective posterior physics mean + sequential advective ST,unsaturated_full_grid,2125,0.17077198641326893,0.12233228819803112,0.07247918863328595,0.17139867566602612,0.6587065944554092,1.0,2.571380070305817,0.19030349592913687
DiagonalScanPath_3,Diagonal,evaluation,4,target_15pct,0.15,293.7205806556136,294.9015209525281,1.1809402969144571,32.75345522244919,0.9825395687000326,0.15033986405437824,0.14674130347860856,single-frame censored RBF,deliberately_hidden_observable,284,0.41519673968263465,0.325388069269912,0.11192159528322246,0.23363918050397664,0.4894331857601647,0.9964788732394366,1.9021034093862264,0.6530437035432506
DiagonalScanPath_3,Diagonal,evaluation,4,target_15pct,0.15,293.7205806556136,294.9015209525281,1.1809402969144571,32.75345522244919,0.9825395687000326,0.15033986405437824,0.14674130347860856,single-frame censored RBF,near_ceiling_unsaturated_1K,2034,0.24420133868261198,0.15921615715892184,0.09880496210905056,0.6665175178669072,2.8014398195060766,1.0,10.939033933238285,0.0800035147225987
DiagonalScanPath_3,Diagonal,evaluation,4,target_15pct,0.15,293.7205806556136,294.9015209525281,1.1809402969144571,32.75345522244919,0.9825395687000326,0.15033986405437824,0.14674130347860856,single-frame censored RBF,observed_censored_full_grid,376,2.83365591143477,0.9456156893192957,-0.6115286461413895,0.8183033234313533,0.4825267479173623,0.8324468085106383,1.8758052520126955,1.964900916780448
DiagonalScanPath_3,Diagonal,evaluation,4,target_15pct,0.15,293.7205806556136,294.9015209525281,1.1809402969144571,32.75345522244919,0.9825395687000326,0.15033986405437824,0.14674130347860856,single-frame censored RBF,overall,2501,1.121482762753998,0.27701149044873574,-0.010242775964840013,0.6899548397351767,2.4546978431329793,0.9748100759696121,9.583141930219522,0.36409015859598487
DiagonalScanPath_3,Diagonal,evaluation,4,target_15pct,0.15,293.7205806556136,294.9015209525281,1.1809402969144571,32.75345522244919,0.9825395687000326,0.15033986405437824,0.14674130347860856,single-frame censored RBF,top_1pct,25,10.65505091740855,7.246242634149442,-7.246242634149442,6.976979917871931,0.4747633899950414,0.0,1.8431784174146537,14.784058762830643
DiagonalScanPath_3,Diagonal,evaluation,4,target_15pct,0.15,293.7205806556136,294.9015209525281,1.1809402969144571,32.75345522244919,0.9825395687000326,0.15033986405437824,0.14674130347860856,single-frame censored RBF,unsaturated_full_grid,2125,0.24392371179158173,0.1587078769074037,0.09614945329934003,0.667244708031759,2.8036561169217187,1.0,10.946887149516352,0.08084081973605167
DiagonalScanPath_3,Diagonal,evaluation,5,target_20pct,0.2,293.5780237504657,294.9015209525281,1.3234972020623559,32.89601212759709,0.9868159969164738,0.20031987205117952,0.1919232307077169,advective posterior physics mean + sequential advective ST,deliberately_hidden_observable,409,0.3442965036112983,0.2542924837984463,-0.1322023888222607,0.22459752528363652,0.6928661609967354,1.0,2.704846230903766,0.36563002563209196
DiagonalScanPath_3,Diagonal,evaluation,5,target_20pct,0.2,293.5780237504657,294.9015209525281,1.3234972020623559,32.89601212759709,0.9868159969164738,0.20031987205117952,0.1919232307077169,advective posterior physics mean + sequential advective ST,near_ceiling_unsaturated_1K,1977,0.16773614254497574,0.12131175241751559,0.07470723106834963,0.17100516919597875,0.6594475320843991,1.0,2.5751119148485695,0.18858631936848347
DiagonalScanPath_3,Diagonal,evaluation,5,target_20pct,0.2,293.5780237504657,294.9015209525281,1.3234972020623559,32.89601212759709,0.9868159969164738,0.20031987205117952,0.1919232307077169,advective posterior physics mean + sequential advective ST,observed_censored_full_grid,501,1.530015227810374,0.6606927701555234,-0.5207301016389388,0.5687272747251648,0.6965877310380731,0.8982035928143712,2.720784048353403,0.9303910635724527
DiagonalScanPath_3,Diagonal,evaluation,5,target_20pct,0.2,293.5780237504657,294.9015209525281,1.3234972020623559,32.89601212759709,0.9868159969164738,0.20031987205117952,0.1919232307077169,advective posterior physics mean + sequential advective ST,overall,2501,0.701027469082761,0.22943766073215394,-0.044857797788943006,0.2506456701921654,0.6666693973531975,0.9796081567373051,2.603498457171326,0.3374434489518914
DiagonalScanPath_3,Diagonal,evaluation,5,target_20pct,0.2,293.5780237504657,294.9015209525281,1.3234972020623559,32.89601212759709,0.9868159969164738,0.20031987205117952,0.1919232307077169,advective posterior physics mean + sequential advective ST,top_1pct,25,6.189137248911209,5.241662431948355,-4.70341181173341,4.848125016403923,0.7122299494828233,0.04,2.7722816995855806,7.298806289798941
DiagonalScanPath_3,Diagonal,evaluation,5,target_20pct,0.2,293.5780237504657,294.9015209525281,1.3234972020623559,32.89601212759709,0.9868159969164738,0.20031987205117952,0.1919232307077169,advective posterior physics mean + sequential advective ST,unsaturated_full_grid,2000,0.16774381549063955,0.12140825582159985,0.07434821432548094,0.170966228256649,0.659174854765136,1.0,2.574118416580216,0.18891007148944078
DiagonalScanPath_3,Diagonal,evaluation,5,target_20pct,0.2,293.5780237504657,294.9015209525281,1.3234972020623559,32.89601212759709,0.9868159969164738,0.20031987205117952,0.1919232307077169,single-frame censored RBF,deliberately_hidden_observable,409,0.5057079639777684,0.43667020320171146,0.03113842522604521,0.2952785058841376,0.4591453815210991,0.9584352078239609,1.7932347772506354,0.9443515426364878
DiagonalScanPath_3,Diagonal,evaluation,5,target_20pct,0.2,293.5780237504657,294.9015209525281,1.3234972020623559,32.89601212759709,0.9868159969164738,0.20031987205117952,0.1919232307077169,single-frame censored RBF,near_ceiling_unsaturated_1K,1977,0.31952230410462223,0.24084632973624387,0.19362528440807714,0.6263262598522303,2.5981456845631805,1.0,10.132777391262083,0.11960777832792209
DiagonalScanPath_3,Diagonal,evaluation,5,target_20pct,0.2,293.5780237504657,294.9015209525281,1.3234972020623559,32.89601212759709,0.9868159969164738,0.20031987205117952,0.1919232307077169,single-frame censored RBF,observed_censored_full_grid,501,2.5468663801696216,0.9326877032337704,-0.5480953285079393,0.7735879244750467,0.4526957339112038,0.7924151696606786,1.7697743387897804,2.1199273679373016
DiagonalScanPath_3,Diagonal,evaluation,5,target_20pct,0.2,293.5780237504657,294.9015209525281,1.3234972020623559,32.89601212759709,0.9868159969164738,0.20031987205117952,0.1919232307077169,single-frame censored RBF,overall,2501,1.1751708036905015,0.3793198719426883,0.044157712343958,0.6558390173668291,2.1680003191992974,0.9584166333466614,8.45629338754312,0.5205689332459864
DiagonalScanPath_3,Diagonal,evaluation,5,target_20pct,0.2,293.5780237504657,294.9015209525281,1.3234972020623559,32.89601212759709,0.9868159969164738,0.20031987205117952,0.1919232307077169,single-frame censored RBF,top_1pct,25,10.8999402606186,7.550397575098741,-7.550397575098741,7.300791122424309,0.4351546140996354,0.0,1.7053672995267812,17.52196332286334
DiagonalScanPath_3,Diagonal,evaluation,5,target_20pct,0.2,293.5780237504657,294.9015209525281,1.3234972020623559,32.89601212759709,0.9868159969164738,0.20031987205117952,0.1919232307077169,single-frame censored RBF,unsaturated_full_grid,2000,0.3195280609404295,0.2407012302042722,0.19251709907735826,0.6263429161362205,2.597684117813965,1.0,10.13126640925583,0.11992964535581196
DiagonalScanPath_4,Diagonal,evaluation,0,reference,0.03,295.3585248883726,295.3585248883726,0.0,36.280834701242384,0.9423274401852613,0.03078768492602959,0.02958816473410636,advective posterior physics mean + sequential advective ST,deliberately_hidden_observable,0,,,,,,,,
DiagonalScanPath_4,Diagonal,evaluation,0,reference,0.03,295.3585248883726,295.3585248883726,0.0,36.280834701242384,0.9423274401852613,0.03078768492602959,0.02958816473410636,advective posterior physics mean + sequential advective ST,near_ceiling_unsaturated_1K,125,0.6672788629939087,0.32910079559092265,0.22977640544269706,0.28954233585570016,0.7247460304801351,0.984,2.8304089139673057,0.3604993729066353
DiagonalScanPath_4,Diagonal,evaluation,0,reference,0.03,295.3585248883726,295.3585248883726,0.0,36.280834701242384,0.9423274401852613,0.03078768492602959,0.02958816473410636,advective posterior physics mean + sequential advective ST,observed_censored_full_grid,77,2.9884547570736824,2.2870418031601334,1.322092386054728,1.620964392317374,1.6313082382302975,0.8831168831168831,6.365531459885183,1.2940665996589584
DiagonalScanPath_4,Diagonal,evaluation,0,reference,0.03,295.3585248883726,295.3585248883726,0.0,36.280834701242384,0.9423274401852613,0.03078768492602959,0.02958816473410636,advective posterior physics mean + sequential advective ST,overall,2501,0.572067158133539,0.19663951559645468,0.11243759235907308,0.22116031070767098,0.6911727146462426,0.9944022391043582,2.698920599277975,0.2274959794192447
DiagonalScanPath_4,Diagonal,evaluation,0,reference,0.03,295.3585248883726,295.3585248883726,0.0,36.280834701242384,0.9423274401852613,0.03078768492602959,0.02958816473410636,advective posterior physics mean + sequential advective ST,top_1pct,25,4.062140600436543,3.0116661034603043,0.17241554499232506,2.276658028177984,1.9969585126150375,0.72,7.784785691227321,1.4917105361393432
DiagonalScanPath_4,Diagonal,evaluation,0,reference,0.03,295.3585248883726,295.3585248883726,0.0,36.280834701242384,0.9423274401852613,0.03078768492602959,0.02958816473410636,advective posterior physics mean + sequential advective ST,unsaturated_full_grid,2424,0.23229641985842509,0.13023647263341703,0.07401208942402134,0.17669458699317134,0.6613086736743069,0.9979372937293729,2.5824482245804687,0.1936156420601449
DiagonalScanPath_4,Diagonal,evaluation,0,reference,0.03,295.3585248883726,295.3585248883726,0.0,36.280834701242384,0.9423274401852613,0.03078768492602959,0.02958816473410636,single-frame censored RBF,deliberately_hidden_observable,0,,,,,,,,
DiagonalScanPath_4,Diagonal,evaluation,0,reference,0.03,295.3585248883726,295.3585248883726,0.0,36.280834701242384,0.9423274401852613,0.03078768492602959,0.02958816473410636,single-frame censored RBF,near_ceiling_unsaturated_1K,125,1.2859903507861585,1.0578171198178052,-0.05615903780381996,0.8935487261711013,2.825911653407993,1.0,11.049344188257955,0.4019959156107075
DiagonalScanPath_4,Diagonal,evaluation,0,reference,0.03,295.3585248883726,295.3585248883726,0.0,36.280834701242384,0.9423274401852613,0.03078768492602959,0.02958816473410636,single-frame censored RBF,observed_censored_full_grid,77,5.581866179551507,3.3611013476773293,0.9849914018760942,2.4693667193587414,1.9250033647865081,0.6753246753246753,7.371360451013346,1.728278441928639
DiagonalScanPath_4,Diagonal,evaluation,0,reference,0.03,295.3585248883726,295.3585248883726,0.0,36.280834701242384,0.9423274401852613,0.03078768492602959,0.02958816473410636,single-frame censored RBF,overall,2501,1.0553184420288964,0.27974710678934994,-0.005792113388655149,0.7726409861934367,2.9401452143939526,0.9900039984006398,11.485921967859712,0.12933795600841072
DiagonalScanPath_4,Diagonal,evaluation,0,reference,0.03,295.3585248883726,295.3585248883726,0.0,36.280834701242384,0.9423274401852613,0.03078768492602959,0.02958816473410636,single-frame censored RBF,top_1pct,25,8.810217656872595,4.34637545575398,-2.972043177313824,3.7567633032921743,1.8728616704883083,0.84,7.128777819050911,2.2575103381465023
DiagonalScanPath_4,Diagonal,evaluation,0,reference,0.03,295.3585248883726,295.3585248883726,0.0,36.280834701242384,0.9423274401852613,0.03078768492602959,0.02958816473410636,single-frame censored RBF,unsaturated_full_grid,2424,0.39917898345409275,0.1818658045829249,-0.0372650220831212,0.7187433453296873,2.9723918820588753,1.0,11.61662379822158,0.07854652968173678
DiagonalScanPath_4,Diagonal,evaluation,1,target_5pct,0.05,294.8366822650531,295.3585248883726,0.5218426233194577,36.80267732456184,0.9558813351675988,0.05037984806077569,0.04998000799680128,advective posterior physics mean + sequential advective ST,deliberately_hidden_observable,48,2.729507287603355,2.2309554238047844,2.2084646139093826,1.5742637761394473,1.396806942982951,0.7916666666666666,5.461925981924966,1.3764795481871346
DiagonalScanPath_4,Diagonal,evaluation,1,target_5pct,0.05,294.8366822650531,295.3585248883726,0.5218426233194577,36.80267732456184,0.9558813351675988,0.05037984806077569,0.04998000799680128,advective posterior physics mean + sequential advective ST,near_ceiling_unsaturated_1K,211,0.9105968800930988,0.4157936430703075,0.29191870939612746,0.35649774307828397,0.7614067837968165,0.981042654028436,2.970600242571263,0.3889538858482465
DiagonalScanPath_4,Diagonal,evaluation,1,target_5pct,0.05,294.8366822650531,295.3585248883726,0.5218426233194577,36.80267732456184,0.9558813351675988,0.05037984806077569,0.04998000799680128,advective posterior physics mean + sequential advective ST,observed_censored_full_grid,126,3.1519852824079706,2.5382537039756685,1.8848550116961553,1.8111584678004666,1.7635205567412773,0.8253968253968254,6.8774310369221805,1.3677315915051254
DiagonalScanPath_4,Diagonal,evaluation,1,target_5pct,0.05,294.8366822650531,295.3585248883726,0.5218426233194577,36.80267732456184,0.9558813351675988,0.05037984806077569,0.04998000799680128,advective posterior physics mean + sequential advective ST,overall,2501,0.7693579468841159,0.26242990509431496,0.1768126800591438,0.26693916107544846,0.7218323978348826,0.9896041583366654,2.8178580604419405,0.2572353984759072
DiagonalScanPath_4,Diagonal,evaluation,1,target_5pct,0.05,294.8366822650531,295.3585248883726,0.5218426233194577,36.80267732456184,0.9558813351675988,0.05037984806077569,0.04998000799680128,advective posterior physics mean + sequential advective ST,top_1pct,25,4.14920402796872,2.808891095347162,-0.32810548898539765,2.273922629379511,2.166579689959644,0.76,8.433784259624588,1.3864447858264846
DiagonalScanPath_4,Diagonal,evaluation,1,target_5pct,0.05,294.8366822650531,295.3585248883726,0.5218426233194577,36.80267732456184,0.9558813351675988,0.05037984806077569,0.04998000799680128,advective posterior physics mean + sequential advective ST,unsaturated_full_grid,2375,0.3102186827654365,0.14169146355366213,0.08619653951755919,0.18501426311866856,0.6665680997202698,0.9983157894736842,2.6024870309528834,0.19832065307730448
DiagonalScanPath_4,Diagonal,evaluation,1,target_5pct,0.05,294.8366822650531,295.3585248883726,0.5218426233194577,36.80267732456184,0.9558813351675988,0.05037984806077569,0.04998000799680128,single-frame censored RBF,deliberately_hidden_observable,48,2.9508222423911703,2.8834877545763242,2.8834877545763242,1.9353461815175452,1.71070548263088,0.2916666666666667,6.38374725638815,1.701196528783525
DiagonalScanPath_4,Diagonal,evaluation,1,target_5pct,0.05,294.8366822650531,295.3585248883726,0.5218426233194577,36.80267732456184,0.9558813351675988,0.05037984806077569,0.04998000799680128,single-frame censored RBF,near_ceiling_unsaturated_1K,211,1.2511465034302525,0.9275447133361541,0.33088569811515955,0.8815150892285619,2.766699872949367,0.995260663507109,10.819756626378643,0.37836618485313434
DiagonalScanPath_4,Diagonal,evaluation,1,target_5pct,0.05,294.8366822650531,295.3585248883726,0.5218426233194577,36.80267732456184,0.9558813351675988,0.05037984806077569,0.04998000799680128,single-frame censored RBF,observed_censored_full_grid,126,4.6468645418291175,2.919897134783036,1.4215833921153227,2.10228609549595,1.7907701538729253,0.6428571428571429,6.780890514479005,1.7339927484592972
DiagonalScanPath_4,Diagonal,evaluation,1,target_5pct,0.05,294.8366822650531,295.3585248883726,0.5218426233194577,36.80267732456184,0.9558813351675988,0.05037984806077569,0.04998000799680128,single-frame censored RBF,overall,2501,1.1211201423567971,0.313678122305554,0.08883070918268035,0.7892690146392902,2.900800662023869,0.9816073570571772,11.326104165281631,0.1632583184327764
DiagonalScanPath_4,Diagonal,evaluation,1,target_5pct,0.05,294.8366822650531,295.3585248883726,0.5218426233194577,36.80267732456184,0.9558813351675988,0.05037984806077569,0.04998000799680128,single-frame censored RBF,top_1pct,25,8.901744519893931,4.213737797414474,-3.337763465630801,3.801666419520844,1.9019951463511844,0.84,7.388182411099506,2.727146241224882
DiagonalScanPath_4,Diagonal,evaluation,1,target_5pct,0.05,294.8366822650531,295.3585248883726,0.5218426233194577,36.80267732456184,0.9558813351675988,0.05037984806077569,0.04998000799680128,single-frame censored RBF,unsaturated_full_grid,2375,0.4219108090007507,0.17541134522253804,0.018124672109201226,0.7196100031917368,2.959690701614193,0.999578947368421,11.567239710545266,0.07992672340821157
DiagonalScanPath_4,Diagonal,evaluation,2,target_7.5pct,0.075,294.3944477086342,295.3585248883726,0.9640771797384105,37.244911880980794,0.9673675581540138,0.07516993202718912,0.07836865253898441,advective posterior physics mean + sequential advective ST,deliberately_hidden_observable,111,1.7421776328844085,1.5483285002447467,1.5157464134650778,1.0114654571655548,1.256530887205516,1.0,4.9229442225415525,1.1501487922260085
DiagonalScanPath_4,Diagonal,evaluation,2,target_7.5pct,0.075,294.3944477086342,295.3585248883726,0.9640771797384105,37.244911880980794,0.9673675581540138,0.07516993202718912,0.07836865253898441,advective posterior physics mean + sequential advective ST,near_ceiling_unsaturated_1K,653,0.4239945027455929,0.22305767912262583,0.142266219657993,0.2233093894753668,0.6954259183532978,1.0,2.7128324090934584,0.2806998102051957
DiagonalScanPath_4,Diagonal,evaluation,2,target_7.5pct,0.075,294.3944477086342,295.3585248883726,0.9640771797384105,37.244911880980794,0.9673675581540138,0.07516993202718912,0.07836865253898441,advective posterior physics mean + sequential advective ST,observed_censored_full_grid,188,2.288795562384479,1.6879746718235598,0.9071360071392527,1.1858272147408941,1.3355878942776152,0.9468085106382979,5.228079812671841,1.1975374966066155
DiagonalScanPath_4,Diagonal,evaluation,2,target_7.5pct,0.075,294.3944477086342,295.3585248883726,0.9640771797384105,37.244911880980794,0.9673675581540138,0.07516993202718912,0.07836865253898441,advective posterior physics mean + sequential advective ST,overall,2501,0.674230580901617,0.2572570808792598,0.14774497213162982,0.25783189364030457,0.717919704070776,0.9960015993602559,2.8042587212746994,0.2760530127344719
DiagonalScanPath_4,Diagonal,evaluation,2,target_7.5pct,0.075,294.3944477086342,295.3585248883726,0.9640771797384105,37.244911880980794,0.9673675581540138,0.07516993202718912,0.07836865253898441,advective posterior physics mean + sequential advective ST,top_1pct,25,4.637307345952144,3.2800989987082105,-2.259825503740956,2.7073935862261362,1.4083120815101753,0.64,5.512724145132513,2.19299136566422
DiagonalScanPath_4,Diagonal,evaluation,2,target_7.5pct,0.075,294.3944477086342,295.3585248883726,0.9640771797384105,37.244911880980794,0.9673675581540138,0.07516993202718912,0.07836865253898441,advective posterior physics mean + sequential advective ST,unsaturated_full_grid,2313,0.25640753141612604,0.14096875096247277,0.08602187892737859,0.18240469071470541,0.6677158044776563,1.0,2.607251213629796,0.20115500885727214
DiagonalScanPath_4,Diagonal,evaluation,2,target_7.5pct,0.075,294.3944477086342,295.3585248883726,0.9640771797384105,37.244911880980794,0.9673675581540138,0.07516993202718912,0.07836865253898441,single-frame censored RBF,deliberately_hidden_observable,111,1.7417710309972372,1.6829709815741898,1.6829709815741898,1.0142985915379805,1.3221148451485447,0.8468468468468469,5.106937237633177,1.2913726935673842
DiagonalScanPath_4,Diagonal,evaluation,2,target_7.5pct,0.075,294.3944477086342,295.3585248883726,0.9640771797384105,37.244911880980794,0.9673675581540138,0.07516993202718912,0.07836865253898441,single-frame censored RBF,near_ceiling_unsaturated_1K,653,0.5092091880984462,0.2710069698682004,0.10436943354300014,0.7089063505930804,2.8138077899614777,1.0,10.991632680469042,0.1467958694731058
DiagonalScanPath_4,Diagonal,evaluation,2,target_7.5pct,0.075,294.3944477086342,295.3585248883726,0.9640771797384105,37.244911880980794,0.9673675581540138,0.07516993202718912,0.07836865253898441,single-frame censored RBF,observed_censored_full_grid,188,3.8811295080404786,1.903423186720173,0.5095372855633588,1.3621838941286977,1.3706965523938228,0.8670212765957447,5.266786534574755,1.4446826390830858
DiagonalScanPath_4,Diagonal,evaluation,2,target_7.5pct,0.075,294.3944477086342,295.3585248883726,0.9640771797384105,37.244911880980794,0.9673675581540138,0.07516993202718912,0.07836865253898441,single-frame censored RBF,overall,2501,1.1028098202935892,0.27038235877490313,0.06544695219336723,0.753281943139026,2.8136536952124134,0.9900039984006398,10.988049050604042,0.17522746914775225
DiagonalScanPath_4,Diagonal,evaluation,2,target_7.5pct,0.075,294.3944477086342,295.3585248883726,0.9640771797384105,37.244911880980794,0.9673675581540138,0.07516993202718912,0.07836865253898441,single-frame censored RBF,top_1pct,25,9.90426031727013,5.173341904247138,-5.173341904247138,4.73398074846473,1.495058272975126,0.68,5.778538600368044,3.9345029144208867
DiagonalScanPath_4,Diagonal,evaluation,2,target_7.5pct,0.075,294.3944477086342,295.3585248883726,0.9640771797384105,37.244911880980794,0.9673675581540138,0.07516993202718912,0.07836865253898441,single-frame censored RBF,unsaturated_full_grid,2313,0.3011827688055994,0.1376492521368959,0.02935141277548638,0.7037905610438863,2.930936852518897,1.0,11.453071684851126,0.07204650418975712
DiagonalScanPath_4,Diagonal,evaluation,3,target_10pct,0.1,294.1457971572278,295.3585248883726,1.2127277311448097,37.49356243238719,0.9738257953896479,0.10035985605757697,0.1015593762495002,advective posterior physics mean + sequential advective ST,deliberately_hidden_observable,173,1.3225509051644586,1.1528424063878895,1.1200135587344473,0.734033940823174,1.1510340716897096,0.9884393063583815,4.491072182864439,0.9419606393198776
DiagonalScanPath_4,Diagonal,evaluation,3,target_10pct,0.1,294.1457971572278,295.3585248883726,1.2127277311448097,37.49356243238719,0.9738257953896479,0.10035985605757697,0.1015593762495002,advective posterior physics mean + sequential advective ST,near_ceiling_unsaturated_1K,1308,0.267152048912704,0.1530926667570642,0.1006378808453524,0.1861370118015285,0.6704416837697669,1.0,2.6172577905853225,0.21721710626959198
DiagonalScanPath_4,Diagonal,evaluation,3,target_10pct,0.1,294.1457971572278,295.3585248883726,1.2127277311448097,37.49356243238719,0.9738257953896479,0.10035985605757697,0.1015593762495002,advective posterior physics mean + sequential advective ST,observed_censored_full_grid,251,2.0150674360615066,1.31436843483754,0.52186751503622,0.9380264565885622,1.1847486333717063,0.9322709163346613,4.620855796477562,1.0698401685175658
DiagonalScanPath_4,Diagonal,evaluation,3,target_10pct,0.1,294.1457971572278,295.3585248883726,1.2127277311448097,37.49356243238719,0.9738257953896479,0.10035985605757697,0.1015593762495002,advective posterior physics mean + sequential advective ST,overall,2501,0.6728129279469013,0.25263707016410203,0.12737886687083072,0.2542214716064711,0.7171280688815369,0.9932027189124351,2.7993896606855615,0.2844708401851606
DiagonalScanPath_4,Diagonal,evaluation,3,target_10pct,0.1,294.1457971572278,295.3585248883726,1.2127277311448097,37.49356243238719,0.9738257953896479,0.10035985605757697,0.1015593762495002,advective posterior physics mean + sequential advective ST,top_1pct,25,5.250966019412342,4.023604206796617,-3.039754280908019,3.4208505193550103,1.2361344418495073,0.4,4.854067666624217,3.2872345251843997
DiagonalScanPath_4,Diagonal,evaluation,3,target_10pct,0.1,294.1457971572278,295.3585248883726,1.2127277311448097,37.49356243238719,0.9738257953896479,0.10035985605757697,0.1015593762495002,advective posterior physics mean + sequential advective ST,unsaturated_full_grid,2250,0.22406455173698742,0.13419503792719853,0.08337146656438063,0.17793922661513564,0.6649623970206335,1.0,2.596194993981654,0.19685852844674565
DiagonalScanPath_4,Diagonal,evaluation,3,target_10pct,0.1,294.1457971572278,295.3585248883726,1.2127277311448097,37.49356243238719,0.9738257953896479,0.10035985605757697,0.1015593762495002,single-frame censored RBF,deliberately_hidden_observable,173,0.713149497641277,0.6217525720037813,0.5885080912123832,0.3889332059407531,0.7072347020234586,0.9710982658959537,2.7171656626723455,0.8603553566601069
DiagonalScanPath_4,Diagonal,evaluation,3,target_10pct,0.1,294.1457971572278,295.3585248883726,1.2127277311448097,37.49356243238719,0.9738257953896479,0.10035985605757697,0.1015593762495002,single-frame censored RBF,near_ceiling_unsaturated_1K,1308,0.27159329133736854,0.14230621343993924,0.06102968965873061,0.6811129121602737,2.8356417277654393,1.0,11.079427436643831,0.08425519865862456
DiagonalScanPath_4,Diagonal,evaluation,3,target_10pct,0.1,294.1457971572278,295.3585248883726,1.2127277311448097,37.49356243238719,0.9738257953896479,0.10035985605757697,0.1015593762495002,single-frame censored RBF,observed_censored_full_grid,251,3.453712263858812,1.2724969157381223,-0.417737756485073,1.0340106339927957,0.6880304536202589,0.8326693227091634,2.6509294902943497,1.897455871968642
DiagonalScanPath_4,Diagonal,evaluation,3,target_10pct,0.1,294.1457971572278,295.3585248883726,1.2127277311448097,37.49356243238719,0.9738257953896479,0.10035985605757697,0.1015593762495002,single-frame censored RBF,overall,2501,1.1144119477029715,0.23319899480104234,-0.011760185215078912,0.7237720892153579,2.6745279592340374,0.9832067173130747,10.450836570219172,0.2512843428599574
DiagonalScanPath_4,Diagonal,evaluation,3,target_10pct,0.1,294.1457971572278,295.3585248883726,1.2127277311448097,37.49356243238719,0.9738257953896479,0.10035985605757697,0.1015593762495002,single-frame censored RBF,top_1pct,25,10.692241865071333,6.7922131457398764,-6.7922131457398764,6.426189105545997,0.6592999383210537,0.0,2.5281644674678545,10.265299625197692
DiagonalScanPath_4,Diagonal,evaluation,3,target_10pct,0.1,294.1457971572278,295.3585248883726,1.2127277311448097,37.49356243238719,0.9738257953896479,0.10035985605757697,0.1015593762495002,single-frame censored RBF,unsaturated_full_grid,2250,0.2231757236531981,0.11725953784317251,0.03352886829104043,0.6891632559979637,2.896132792082508,1.0,11.320959537801896,0.06764476339049963
DiagonalScanPath_4,Diagonal,evaluation,4,target_15pct,0.15,293.7562075993655,295.3585248883726,1.6023172890070896,37.88315199024947,0.9839446621082986,0.15033986405437824,0.1483406637345062,advective posterior physics mean + sequential advective ST,deliberately_hidden_observable,298,0.37361946716565114,0.2879320564747613,-0.08544010484347184,0.23985666727482308,0.7170099169942377,1.0,2.793943889839959,0.40475179134355305
DiagonalScanPath_4,Diagonal,evaluation,4,target_15pct,0.15,293.7562075993655,295.3585248883726,1.6023172890070896,37.88315199024947,0.9839446621082986,0.15033986405437824,0.1483406637345062,advective posterior physics mean + sequential advective ST,near_ceiling_unsaturated_1K,2004,0.16953850769549123,0.12271336269229945,0.07784710728625448,0.1707777865276137,0.6588505513428929,1.0,2.573129794694836,0.18997999818307745
DiagonalScanPath_4,Diagonal,evaluation,4,target_15pct,0.15,293.7562075993655,295.3585248883726,1.6023172890070896,37.88315199024947,0.9839446621082986,0.15033986405437824,0.1483406637345062,advective posterior physics mean + sequential advective ST,observed_censored_full_grid,376,1.7560810740319075,0.7871542934804369,-0.5793935697999417,0.6689426246964714,0.7204655879040729,0.8803191489361702,2.8081101734164973,1.0773811199920134
DiagonalScanPath_4,Diagonal,evaluation,4,target_15pct,0.15,293.7562075993655,295.3585248883726,1.6023172890070896,37.88315199024947,0.9839446621082986,0.15033986405437824,0.1483406637345062,advective posterior physics mean + sequential advective ST,overall,2501,0.6984085707352748,0.22199807348052275,-0.021861079464401734,0.24567212091813395,0.6683202058220519,0.9820071971211516,2.609123303360197,0.32281005038430066
DiagonalScanPath_4,Diagonal,evaluation,4,target_15pct,0.15,293.7562075993655,295.3585248883726,1.6023172890070896,37.88315199024947,0.9839446621082986,0.15033986405437824,0.1483406637345062,advective posterior physics mean + sequential advective ST,top_1pct,25,6.296592072655081,5.362797524575055,-4.709251888302731,4.949205992239938,0.7405696689544379,0.04,2.8971884786952433,7.186721972669437
DiagonalScanPath_4,Diagonal,evaluation,4,target_15pct,0.15,293.7562075993655,295.3585248883726,1.6023172890070896,37.88315199024947,0.9839446621082986,0.15033986405437824,0.1483406637345062,advective posterior physics mean + sequential advective ST,unsaturated_full_grid,2125,0.1686032670389353,0.12199866702406738,0.07678937529614557,0.17077814001429634,0.6590935405689509,1.0,2.573914332470235,0.18929535759724186
DiagonalScanPath_4,Diagonal,evaluation,4,target_15pct,0.15,293.7562075993655,295.3585248883726,1.6023172890070896,37.88315199024947,0.9839446621082986,0.15033986405437824,0.1483406637345062,single-frame censored RBF,deliberately_hidden_observable,298,0.4963222910111882,0.3914749793771284,0.006589109944713609,0.27993627567255364,0.4893877747821412,0.9496644295302014,1.907642076788229,0.7969534367307951
DiagonalScanPath_4,Diagonal,evaluation,4,target_15pct,0.15,293.7562075993655,295.3585248883726,1.6023172890070896,37.88315199024947,0.9839446621082986,0.15033986405437824,0.1483406637345062,single-frame censored RBF,near_ceiling_unsaturated_1K,2004,0.24727912346081654,0.15338753695144167,0.08882097315419157,0.6720764656328324,2.8228926978177897,1.0,11.033680523033567,0.07759369053537887
DiagonalScanPath_4,Diagonal,evaluation,4,target_15pct,0.15,293.7562075993655,295.3585248883726,1.6023172890070896,37.88315199024947,0.9839446621082986,0.15033986405437824,0.1483406637345062,single-frame censored RBF,observed_censored_full_grid,376,3.0044032699711964,1.0332524344017764,-0.7169461962098961,0.8897354559034306,0.48725894227056626,0.7659574468085106,1.898878540216164,2.1652416280884954
DiagonalScanPath_4,Diagonal,evaluation,4,target_15pct,0.15,293.7562075993655,295.3585248883726,1.6023172890070896,37.88315199024947,0.9839446621082986,0.15033986405437824,0.1483406637345062,single-frame censored RBF,overall,2501,1.1868903788050156,0.28525141526381737,-0.03438693697830424,0.7067594378417773,2.4795081685220426,0.9648140743702519,9.692036600961476,0.3917367051033139
DiagonalScanPath_4,Diagonal,evaluation,4,target_15pct,0.15,293.7562075993655,295.3585248883726,1.6023172890070896,37.88315199024947,0.9839446621082986,0.15033986405437824,0.1483406637345062,single-frame censored RBF,top_1pct,25,11.278059898346953,7.600625237064235,-7.600625237064235,7.323459797738144,0.4883810932152089,0.0,1.8952866115949973,16.055159520289468
DiagonalScanPath_4,Diagonal,evaluation,4,target_15pct,0.15,293.7562075993655,295.3585248883726,1.6023172890070896,37.88315199024947,0.9839446621082986,0.15033986405437824,0.1483406637345062,single-frame censored RBF,unsaturated_full_grid,2125,0.2466143164417939,0.15289923493634786,0.08638590136102683,0.6743834459400447,2.8320190904375973,1.0,11.070967156651,0.0779306575539359
DiagonalScanPath_4,Diagonal,evaluation,5,target_20pct,0.2,293.5909668961615,295.3585248883726,1.7675579922110956,38.04839269345348,0.9882364831247349,0.20031987205117952,0.18592562974810076,advective posterior physics mean + sequential advective ST,deliberately_hidden_observable,423,0.47728941970088834,0.34627626890952506,-0.20685045234272859,0.27595871755582324,0.6884401771142641,0.9929078014184397,2.685156688998457,0.5026486355568474
DiagonalScanPath_4,Diagonal,evaluation,5,target_20pct,0.2,293.5909668961615,295.3585248883726,1.7675579922110956,38.04839269345348,0.9882364831247349,0.20031987205117952,0.18592562974810076,advective posterior physics mean + sequential advective ST,near_ceiling_unsaturated_1K,1966,0.1752137536256328,0.12603359649168983,0.08341930154350113,0.1725278317663467,0.6603901220411664,1.0,2.5781428713941574,0.1937675843149048
DiagonalScanPath_4,Diagonal,evaluation,5,target_20pct,0.2,293.5909668961615,295.3585248883726,1.7675579922110956,38.04839269345348,0.9882364831247349,0.20031987205117952,0.18592562974810076,advective posterior physics mean + sequential advective ST,observed_censored_full_grid,501,1.6543642367103601,0.7629431038666227,-0.6143437477488098,0.6431079362686786,0.6919974326303197,0.8542914171656687,2.7000839442797777,1.081759474178514
DiagonalScanPath_4,Diagonal,evaluation,5,target_20pct,0.2,293.5909668961615,295.3585248883726,1.7675579922110956,38.04839269345348,0.9882364831247349,0.20031987205117952,0.18592562974810076,advective posterior physics mean + sequential advective ST,overall,2501,0.7568581210892853,0.25338862433750664,-0.05669201912867708,0.26690800548174387,0.6669675060420858,0.970811675329868,2.6033897784878812,0.37140617029168954
DiagonalScanPath_4,Diagonal,evaluation,5,target_20pct,0.2,293.5909668961615,295.3585248883726,1.7675579922110956,38.04839269345348,0.9882364831247349,0.20031987205117952,0.18592562974810076,advective posterior physics mean + sequential advective ST,top_1pct,25,6.605016381351788,5.683352865908498,-5.081523645468244,5.273181067748712,0.7206202386456664,0.0,2.8178028987432686,7.865377270762067
DiagonalScanPath_4,Diagonal,evaluation,5,target_20pct,0.2,293.5909668961615,295.3585248883726,1.7675579922110956,38.04839269345348,0.9882364831247349,0.20031987205117952,0.18592562974810076,advective posterior physics mean + sequential advective ST,unsaturated_full_grid,2000,0.17530108097446898,0.12574522721546308,0.08299973889066618,0.17266992281961677,0.6606975094317331,1.0,2.5791678899570107,0.19346266766804002
DiagonalScanPath_4,Diagonal,evaluation,5,target_20pct,0.2,293.5909668961615,295.3585248883726,1.7675579922110956,38.04839269345348,0.9882364831247349,0.20031987205117952,0.18592562974810076,single-frame censored RBF,deliberately_hidden_observable,423,0.5938052150818134,0.5027383239700544,-0.05501766658480634,0.35059292761948746,0.4593493344652337,0.9054373522458629,1.7987455257921385,1.0974993280821368
DiagonalScanPath_4,Diagonal,evaluation,5,target_20pct,0.2,293.5909668961615,295.3585248883726,1.7675579922110956,38.04839269345348,0.9882364831247349,0.20031987205117952,0.18592562974810076,single-frame censored RBF,near_ceiling_unsaturated_1K,1966,0.306598161588981,0.22949938035682113,0.1721377736576696,0.6348414954877779,2.6378953247937074,1.0,10.305031556555807,0.11153529719949602
DiagonalScanPath_4,Diagonal,evaluation,5,target_20pct,0.2,293.5909668961615,295.3585248883726,1.7675579922110956,38.04839269345348,0.9882364831247349,0.20031987205117952,0.18592562974810076,single-frame censored RBF,observed_censored_full_grid,501,2.712255970520169,1.022362471139687,-0.6423916434044192,0.8565209887530889,0.4547696891783806,0.7684630738522954,1.7795897850330067,2.3197918027327327
DiagonalScanPath_4,Diagonal,evaluation,5,target_20pct,0.2,293.5909668961615,295.3585248883726,1.7675579922110956,38.04839269345348,0.9882364831247349,0.20031987205117952,0.18592562974810076,single-frame censored RBF,overall,2501,1.2446331115377516,0.3884932805029764,0.008940696527153652,0.6799691358017381,2.2034025364704832,0.9536185525789684,8.607718238371989,0.5541148441939531
DiagonalScanPath_4,Diagonal,evaluation,5,target_20pct,0.2,293.5909668961615,295.3585248883726,1.7675579922110956,38.04839269345348,0.9882364831247349,0.20031987205117952,0.18592562974810076,single-frame censored RBF,top_1pct,25,11.549899749523753,8.003026271898422,-8.003026271898422,7.758066959827258,0.43408714425725814,0.0,1.7011061380425598,18.590105263943244
DiagonalScanPath_4,Diagonal,evaluation,5,target_20pct,0.2,293.5909668961615,295.3585248883726,1.7675579922110956,38.04839269345348,0.9882364831247349,0.20031987205117952,0.18592562974810076,single-frame censored RBF,unsaturated_full_grid,2000,0.3072503133944082,0.22970904824848032,0.17209944768001265,0.6357428966374247,2.641435064717155,1.0,10.318164415933404,0.1118127660799888
DiagonalScanPath_5,Diagonal,evaluation,0,reference,0.03,295.50866552712534,295.50866552712534,0.0,38.527250393189775,0.9419225093311313,0.03158736505397841,0.03318672530987605,advective posterior physics mean + sequential advective ST,deliberately_hidden_observable,0,,,,,,,,
DiagonalScanPath_5,Diagonal,evaluation,0,reference,0.03,295.50866552712534,295.50866552712534,0.0,38.527250393189775,0.9419225093311313,0.03158736505397841,0.03318672530987605,advective posterior physics mean + sequential advective ST,near_ceiling_unsaturated_1K,114,0.9510983599876724,0.4706135608704262,0.30455853229058877,0.37993250695517694,0.7764971756600821,0.9736842105263158,3.0362116477824754,0.43899598392609773
DiagonalScanPath_5,Diagonal,evaluation,0,reference,0.03,295.50866552712534,295.50866552712534,0.0,38.527250393189775,0.9419225093311313,0.03158736505397841,0.03318672530987605,advective posterior physics mean + sequential advective ST,observed_censored_full_grid,79,2.919699802490398,2.144187417020725,1.1667495393960257,1.5571566551774247,1.6100938865127181,0.8607594936708861,6.28364956393537,1.3210181655762114
DiagonalScanPath_5,Diagonal,evaluation,0,reference,0.03,295.50866552712534,295.50866552712534,0.0,38.527250393189775,0.9419225093311313,0.03158736505397841,0.03318672530987605,advective posterior physics mean + sequential advective ST,overall,2501,0.5860168551269331,0.20244417349021168,0.10480313416179562,0.22501255119761351,0.6934400657020943,0.9940023990403839,2.708204560656165,0.23743265857956247
DiagonalScanPath_5,Diagonal,evaluation,0,reference,0.03,295.50866552712534,295.50866552712534,0.0,38.527250393189775,0.9419225093311313,0.03158736505397841,0.03318672530987605,advective posterior physics mean + sequential advective ST,top_1pct,25,3.9866708330768583,2.371367666196843,-0.496460995394973,1.9746781809214706,1.8028290967532192,0.8,7.055431338770661,1.418706717410753
DiagonalScanPath_5,Diagonal,evaluation,0,reference,0.03,295.50866552712534,295.50866552712534,0.0,38.527250393189775,0.9419225093311313,0.03158736505397841,0.03318672530987605,advective posterior physics mean + sequential advective ST,unsaturated_full_grid,2422,0.2767002793407446,0.13910903053442697,0.07016491532880464,0.18156111262849498,0.6635409526368427,0.9983484723369116,2.5915818706235236,0.20208862263706237
DiagonalScanPath_5,Diagonal,evaluation,0,reference,0.03,295.50866552712534,295.50866552712534,0.0,38.527250393189775,0.9419225093311313,0.03158736505397841,0.03318672530987605,single-frame censored RBF,deliberately_hidden_observable,0,,,,,,,,
DiagonalScanPath_5,Diagonal,evaluation,0,reference,0.03,295.50866552712534,295.50866552712534,0.0,38.527250393189775,0.9419225093311313,0.03158736505397841,0.03318672530987605,single-frame censored RBF,near_ceiling_unsaturated_1K,114,1.4665530693072448,1.1660364893851631,0.30494997716120126,0.9567934446075899,2.761641168989488,0.9912280701754386,10.80319978699739,0.46259754363591943
DiagonalScanPath_5,Diagonal,evaluation,0,reference,0.03,295.50866552712534,295.50866552712534,0.0,38.527250393189775,0.9419225093311313,0.03158736505397841,0.03318672530987605,single-frame censored RBF,observed_censored_full_grid,79,5.316308259854934,3.1373177040196305,0.8721499779266847,2.318769545375191,1.9031359084101935,0.7341772151898734,7.294279549458774,1.6355420294051797
DiagonalScanPath_5,Diagonal,evaluation,0,reference,0.03,295.50866552712534,295.50866552712534,0.0,38.527250393189775,0.9419225093311313,0.03158736505397841,0.03318672530987605,single-frame censored RBF,overall,2501,1.0290147815330537,0.2895772146321789,-0.005533625481874077,0.7703598847603764,2.936256507547097,0.991203518592563,11.456828804127268,0.1358831891317088
DiagonalScanPath_5,Diagonal,evaluation,0,reference,0.03,295.50866552712534,295.50866552712534,0.0,38.527250393189775,0.9419225093311313,0.03158736505397841,0.03318672530987605,single-frame censored RBF,top_1pct,25,8.468098593382424,3.9641851199479197,-3.1937448945057896,3.524982343607266,1.9093227895472744,0.84,7.342743071402965,2.0590278324689515
DiagonalScanPath_5,Diagonal,evaluation,0,reference,0.03,295.50866552712534,295.50866552712534,0.0,38.527250393189775,0.9419225093311313,0.03158736505397841,0.03318672530987605,single-frame censored RBF,unsaturated_full_grid,2422,0.4141639052930515,0.19669055127065588,-0.0341616208036231,0.7198543673414787,2.969954495710522,0.999587118084228,11.59260146767756,0.08696780994855263
DiagonalScanPath_5,Diagonal,evaluation,1,target_5pct,0.05,295.02142272710296,295.50866552712534,0.4872428000223863,39.01449319321216,0.953834726169002,0.05037984806077569,0.04758096761295482,advective posterior physics mean + sequential advective ST,deliberately_hidden_observable,46,2.402717175870523,1.8977587090910146,1.7978444468988197,1.3140721543009204,1.3433006936969798,0.8913043478260869,5.224902889800669,1.160056732858559
DiagonalScanPath_5,Diagonal,evaluation,1,target_5pct,0.05,295.02142272710296,295.50866552712534,0.4872428000223863,39.01449319321216,0.953834726169002,0.05037984806077569,0.04758096761295482,advective posterior physics mean + sequential advective ST,near_ceiling_unsaturated_1K,171,0.9304701046118737,0.437115612614526,0.27840776125774896,0.36105083498507545,0.7552504809193974,0.9707602339181286,2.9465630085281904,0.4185320313287479
DiagonalScanPath_5,Diagonal,evaluation,1,target_5pct,0.05,295.02142272710296,295.50866552712534,0.4872428000223863,39.01449319321216,0.953834726169002,0.05037984806077569,0.04758096761295482,advective posterior physics mean + sequential advective ST,observed_censored_full_grid,126,2.831681224698542,2.2100893998912197,1.5155474482564768,1.5555145710927527,1.6251135277098718,0.8888888888888888,6.322177363852559,1.274799223960028
DiagonalScanPath_5,Diagonal,evaluation,1,target_5pct,0.05,295.02142272710296,295.50866552712534,0.4872428000223863,39.01449319321216,0.953834726169002,0.05037984806077569,0.04758096761295482,advective posterior physics mean + sequential advective ST,overall,2501,0.6998205570675544,0.2467682295917624,0.1479364636473943,0.253374818729263,0.7131360983995902,0.9924030387844862,2.7840897443730257,0.25770793102840084
DiagonalScanPath_5,Diagonal,evaluation,1,target_5pct,0.05,295.02142272710296,295.50866552712534,0.4872428000223863,39.01449319321216,0.953834726169002,0.05037984806077569,0.04758096761295482,advective posterior physics mean + sequential advective ST,top_1pct,25,3.9745944251155083,2.4559542593490438,-0.7268785794740166,2.0053045790472925,1.8123701957158664,0.8,7.110695937117103,1.4195855992123498
DiagonalScanPath_5,Diagonal,evaluation,1,target_5pct,0.05,295.02142272710296,295.50866552712534,0.4872428000223863,39.01449319321216,0.953834726169002,0.05037984806077569,0.04758096761295482,advective posterior physics mean + sequential advective ST,unsaturated_full_grid,2375,0.30055460363931086,0.1426088748727175,0.07538110193760718,0.18429287818282103,0.6647532958340765,0.9978947368421053,2.5963848854027427,0.20374856138234396
DiagonalScanPath_5,Diagonal,evaluation,1,target_5pct,0.05,295.02142272710296,295.50866552712534,0.4872428000223863,39.01449319321216,0.953834726169002,0.05037984806077569,0.04758096761295482,single-frame censored RBF,deliberately_hidden_observable,46,2.714048821651352,2.6672072046581747,2.6672072046581747,1.7320892196436446,1.703661592745787,0.5652173913043478,6.442155556811355,1.5904919043357355
DiagonalScanPath_5,Diagonal,evaluation,1,target_5pct,0.05,295.02142272710296,295.50866552712534,0.4872428000223863,39.01449319321216,0.953834726169002,0.05037984806077569,0.04758096761295482,single-frame censored RBF,near_ceiling_unsaturated_1K,171,1.2293410584101088,0.9109334543067575,0.39450477336392936,0.8672508258322557,2.6943024854378894,0.9824561403508771,10.476612878749703,0.3850458471995896
DiagonalScanPath_5,Diagonal,evaluation,1,target_5pct,0.05,295.02142272710296,295.50866552712534,0.4872428000223863,39.01449319321216,0.953834726169002,0.05037984806077569,0.04758096761295482,single-frame censored RBF,observed_censored_full_grid,126,4.589372781027134,2.8692676031710627,1.2173929544530797,2.057919359870957,1.7914046119978475,0.7301587301587301,6.7868994555591025,1.5898530867742535
DiagonalScanPath_5,Diagonal,evaluation,1,target_5pct,0.05,295.02142272710296,295.50866552712534,0.4872428000223863,39.01449319321216,0.953834726169002,0.05037984806077569,0.04758096761295482,single-frame censored RBF,overall,2501,1.1007941428287198,0.3187090134437358,0.06580714323656156,0.7845400897866163,2.90034763403013,0.9852059176329468,11.306047623365936,0.16109916627356416
DiagonalScanPath_5,Diagonal,evaluation,1,target_5pct,0.05,295.02142272710296,295.50866552712534,0.4872428000223863,39.01449319321216,0.953834726169002,0.05037984806077569,0.04758096761295482,single-frame censored RBF,top_1pct,25,8.908687436892324,4.468968386121305,-3.856479843417328,3.9984123070424418,1.9163709057470817,0.76,7.2868166617391354,2.236555772002629
DiagonalScanPath_5,Diagonal,evaluation,1,target_5pct,0.05,295.02142272710296,295.50866552712534,0.4872428000223863,39.01449319321216,0.953834726169002,0.05037984806077569,0.04758096761295482,single-frame censored RBF,unsaturated_full_grid,2375,0.398273089082618,0.1833951682624124,0.004712485462548389,0.716983968510563,2.9591799796200533,0.9987368421052631,11.545800326163269,0.08530001091226447
DiagonalScanPath_5,Diagonal,evaluation,2,target_7.5pct,0.075,294.5541047717835,295.50866552712534,0.9545607553418449,39.48181114853162,0.9652598161154106,0.07516993202718912,0.07157137145141944,advective posterior physics mean + sequential advective ST,deliberately_hidden_observable,109,1.8797603653398232,1.6194515891461305,1.5769307747795787,1.0643991259598833,1.354209251808514,0.963302752293578,5.277052597711619,1.0928014444842746
DiagonalScanPath_5,Diagonal,evaluation,2,target_7.5pct,0.075,294.5541047717835,295.50866552712534,0.9545607553418449,39.48181114853162,0.9652598161154106,0.07516993202718912,0.07157137145141944,advective posterior physics mean + sequential advective ST,near_ceiling_unsaturated_1K,367,0.4165653698842099,0.23296882320990928,0.10640945377112848,0.22259163456186842,0.6895793785157182,1.0,2.694151133295071,0.3043396397868468
DiagonalScanPath_5,Diagonal,evaluation,2,target_7.5pct,0.075,294.5541047717835,295.50866552712534,0.9545607553418449,39.48181114853162,0.9652598161154106,0.07516993202718912,0.07157137145141944,advective posterior physics mean + sequential advective ST,observed_censored_full_grid,188,2.365104186881138,1.7477109563078808,1.0693589630135707,1.2083414985162626,1.4729144234501228,0.9361702127659575,5.747104910509848,1.1252540436824994
DiagonalScanPath_5,Diagonal,evaluation,2,target_7.5pct,0.075,294.5541047717835,295.50866552712534,0.9545607553418449,39.48181114853162,0.9652598161154106,0.07516993202718912,0.07157137145141944,advective posterior physics mean + sequential advective ST,overall,2501,0.6837284817082119,0.2550313721337658,0.1439568723378038,0.25513399480900256,0.7240290640834779,0.995201919232307,2.8281624653255437,0.26849965732446174
DiagonalScanPath_5,Diagonal,evaluation,2,target_7.5pct,0.075,294.5541047717835,295.50866552712534,0.9545607553418449,39.48181114853162,0.9652598161154106,0.07516993202718912,0.07157137145141944,advective posterior physics mean + sequential advective ST,top_1pct,25,4.512130222630333,2.7809224206869976,-1.9619817565555695,2.297056082806315,1.6864447411420196,0.76,6.5952279124262825,1.6365027793763884
DiagonalScanPath_5,Diagonal,evaluation,2,target_7.5pct,0.075,294.5541047717835,295.50866552712534,0.9545607553418449,39.48181114853162,0.9652598161154106,0.07516993202718912,0.07157137145141944,advective posterior physics mean + sequential advective ST,unsaturated_full_grid,2313,0.22544583029130275,0.13370678855195275,0.06874044646359533,0.1776575526572667,0.6631598692884371,1.0,2.590911631043378,0.19886289786258923
DiagonalScanPath_5,Diagonal,evaluation,2,target_7.5pct,0.075,294.5541047717835,295.50866552712534,0.9545607553418449,39.48181114853162,0.9652598161154106,0.07516993202718912,0.07157137145141944,single-frame censored RBF,deliberately_hidden_observable,109,1.8829823764259765,1.8148921491650263,1.8148921491650263,1.0890999180812406,1.4141501276990875,0.7889908256880734,5.3175788962308,1.3110200973265134
DiagonalScanPath_5,Diagonal,evaluation,2,target_7.5pct,0.075,294.5541047717835,295.50866552712534,0.9545607553418449,39.48181114853162,0.9652598161154106,0.07516993202718912,0.07157137145141944,single-frame censored RBF,near_ceiling_unsaturated_1K,367,0.6255315547072331,0.41409948658229045,0.07666336703290838,0.7134006132172794,2.7568600810076935,0.997275204359673,10.75710202876837,0.20405758683959324
DiagonalScanPath_5,Diagonal,evaluation,2,target_7.5pct,0.075,294.5541047717835,295.50866552712534,0.9545607553418449,39.48181114853162,0.9652598161154106,0.07516993202718912,0.07157137145141944,single-frame censored RBF,observed_censored_full_grid,188,3.9127807828273857,2.027110778101954,0.48728745034639953,1.4501962214263102,1.4124621594878606,0.8297872340425532,5.304293776786799,1.5073565455377236
DiagonalScanPath_5,Diagonal,evaluation,2,target_7.5pct,0.075,294.5541047717835,295.50866552712534,0.9545607553418449,39.48181114853162,0.9652598161154106,0.07516993202718912,0.07157137145141944,single-frame censored RBF,overall,2501,1.1113959616479852,0.29552820481567393,0.03859117965633684,0.7603358672149427,2.827760863554659,0.9868052778888444,11.022662983252252,0.18512809521163845
DiagonalScanPath_5,Diagonal,evaluation,2,target_7.5pct,0.075,294.5541047717835,295.50866552712534,0.9545607553418449,39.48181114853162,0.9652598161154106,0.07516993202718912,0.07157137145141944,single-frame censored RBF,top_1pct,25,9.883688711037033,5.646507174874164,-5.646507174874164,5.088109317759962,1.3736320794909824,0.64,5.153256875108595,4.424605961155158
DiagonalScanPath_5,Diagonal,evaluation,2,target_7.5pct,0.075,294.5541047717835,295.50866552712534,0.9545607553418449,39.48181114853162,0.9652598161154106,0.07516993202718912,0.07157137145141944,single-frame censored RBF,unsaturated_full_grid,2313,0.30202172959270834,0.15478565238254782,0.0021212709275293304,0.7042642085068852,2.942795950612401,0.9995676610462603,11.487450450098557,0.07765773262568777
DiagonalScanPath_5,Diagonal,evaluation,3,target_10pct,0.1,294.20635056211137,295.50866552712534,1.3023149650139771,39.82956535820375,0.9737617858760852,0.10035985605757697,0.10115953618552578,advective posterior physics mean + sequential advective ST,deliberately_hidden_observable,171,1.0852482891552144,0.9566473996456666,0.9261677581387225,0.6093584696864462,1.014274109458193,0.9883040935672515,3.9572134388921794,0.9015759461068272
DiagonalScanPath_5,Diagonal,evaluation,3,target_10pct,0.1,294.20635056211137,295.50866552712534,1.3023149650139771,39.82956535820375,0.9737617858760852,0.10035985605757697,0.10115953618552578,advective posterior physics mean + sequential advective ST,near_ceiling_unsaturated_1K,1122,0.29353107149867624,0.1617019427354055,0.09520621815855995,0.1916327977383247,0.6684262205459789,0.9991087344028521,2.6117888950790826,0.23225633609321086
DiagonalScanPath_5,Diagonal,evaluation,3,target_10pct,0.1,294.20635056211137,295.50866552712534,1.3023149650139771,39.82956535820375,0.9737617858760852,0.10035985605757697,0.10115953618552578,advective posterior physics mean + sequential advective ST,observed_censored_full_grid,251,1.9483596847867974,1.1746773035419953,0.3184674978221875,0.8437082861646483,1.0538037674926892,0.9282868525896414,4.112098451360179,1.0685391586713553
DiagonalScanPath_5,Diagonal,evaluation,3,target_10pct,0.1,294.20635056211137,295.50866552712534,1.3023149650139771,39.82956535820375,0.9737617858760852,0.10035985605757697,0.10115953618552578,advective posterior physics mean + sequential advective ST,overall,2501,0.6553270313348925,0.23999852028361734,0.10020341217242738,0.24588710573312292,0.7016968464663385,0.9924030387844862,2.7396536632290656,0.2892860035227891
DiagonalScanPath_5,Diagonal,evaluation,3,target_10pct,0.1,294.20635056211137,295.50866552712534,1.3023149650139771,39.82956535820375,0.9737617858760852,0.10035985605757697,0.10115953618552578,advective posterior physics mean + sequential advective ST,top_1pct,25,5.361610308626119,3.9548320406209996,-3.166459238987413,3.336198049720255,1.1869183438089244,0.44,4.62683761320086,3.40139548657527
DiagonalScanPath_5,Diagonal,evaluation,3,target_10pct,0.1,294.20635056211137,295.50866552712534,1.3023149650139771,39.82956535820375,0.9737617858760852,0.10035985605757697,0.10115953618552578,advective posterior physics mean + sequential advective ST,unsaturated_full_grid,2250,0.23213097617659828,0.1357299093512383,0.07585484083994304,0.17919683182720608,0.6624173632762876,0.9995555555555555,2.5865498224197725,0.2023559848817712
DiagonalScanPath_5,Diagonal,evaluation,3,target_10pct,0.1,294.20635056211137,295.50866552712534,1.3023149650139771,39.82956535820375,0.9737617858760852,0.10035985605757697,0.10115953618552578,single-frame censored RBF,deliberately_hidden_observable,171,1.1412637991399863,1.0475729997641925,1.045178690768421,0.6395932515089042,0.975029961683722,0.9239766081871345,3.7591409176939203,1.0855809867845159
DiagonalScanPath_5,Diagonal,evaluation,3,target_10pct,0.1,294.20635056211137,295.50866552712534,1.3023149650139771,39.82956535820375,0.9737617858760852,0.10035985605757697,0.10115953618552578,single-frame censored RBF,near_ceiling_unsaturated_1K,1122,0.34005794630709213,0.18652741378515256,0.0683290138868021,0.6942382990671472,2.8566989127106712,1.0,11.153947071687835,0.10634315293024094
DiagonalScanPath_5,Diagonal,evaluation,3,target_10pct,0.1,294.20635056211137,295.50866552712534,1.3023149650139771,39.82956535820375,0.9737617858760852,0.10035985605757697,0.10115953618552578,single-frame censored RBF,observed_censored_full_grid,251,3.4657451476629975,1.5158207216282629,-0.03424760856051333,1.156287883884134,0.9626084618658524,0.852589641434263,3.7089170868950707,1.600796167564028
DiagonalScanPath_5,Diagonal,evaluation,3,target_10pct,0.1,294.20635056211137,295.50866552712534,1.3023149650139771,39.82956535820375,0.9737617858760852,0.10035985605757697,0.10115953618552578,single-frame censored RBF,overall,2501,1.1256065134641156,0.2784404709856441,0.02065399081625496,0.7430043823029185,2.7192886824137608,0.9852059176329468,10.613594235519956,0.23068805538343332
DiagonalScanPath_5,Diagonal,evaluation,3,target_10pct,0.1,294.20635056211137,295.50866552712534,1.3023149650139771,39.82956535820375,0.9737617858760852,0.10035985605757697,0.10115953618552578,single-frame censored RBF,top_1pct,25,10.505253695308525,6.653801887204718,-6.653801887204718,6.162720164553301,0.8972621442196504,0.16,3.50244732635294,7.0479158036191825
DiagonalScanPath_5,Diagonal,evaluation,3,target_10pct,0.1,294.20635056211137,295.50866552712534,1.3023149650139771,39.82956535820375,0.9737617858760852,0.10035985605757697,0.10115953618552578,single-frame censored RBF,unsaturated_full_grid,2250,0.26151974757754903,0.14040382969173418,0.026778569235618888,0.6969003116820808,2.9152561203504384,1.0,11.383849330766553,0.07784488375795365
DiagonalScanPath_5,Diagonal,evaluation,4,target_15pct,0.15,293.7777767008382,295.50866552712534,1.7308888262871278,40.2581392194769,0.9842396518728628,0.15033986405437824,0.149140343862455,advective posterior physics mean + sequential advective ST,deliberately_hidden_observable,296,0.43964099779595195,0.33814797575120803,-0.08975960955565365,0.2666540145323189,0.7217450456353545,1.0,2.817077068991982,0.47227323595489307
DiagonalScanPath_5,Diagonal,evaluation,4,target_15pct,0.15,293.7777767008382,295.50866552712534,1.7308888262871278,40.2581392194769,0.9842396518728628,0.15033986405437824,0.149140343862455,advective posterior physics mean + sequential advective ST,near_ceiling_unsaturated_1K,2006,0.176178373150669,0.12568729197331013,0.0717244965009422,0.17247331964304075,0.6587475530702649,1.0,2.572150921951683,0.19602216338036443
DiagonalScanPath_5,Diagonal,evaluation,4,target_15pct,0.15,293.7777767008382,295.50866552712534,1.7308888262871278,40.2581392194769,0.9842396518728628,0.15033986405437824,0.149140343862455,advective posterior physics mean + sequential advective ST,observed_censored_full_grid,376,1.8519113067671011,0.8736220557393156,-0.6391699671305419,0.7336035211409879,0.725394860647089,0.8404255319148937,2.8318790855789158,1.1903529141887028
DiagonalScanPath_5,Diagonal,evaluation,4,target_15pct,0.15,293.7777767008382,295.50866552712534,1.7308888262871278,40.2581392194769,0.9842396518728628,0.15033986405437824,0.149140343862455,advective posterior physics mean + sequential advective ST,overall,2501,0.7361120621949587,0.2381028002025191,-0.03495614103374022,0.25681705669315547,0.6689330851834235,0.9760095961615354,2.611985583598057,0.34551582418079435
DiagonalScanPath_5,Diagonal,evaluation,4,target_15pct,0.15,293.7777767008382,295.50866552712534,1.7308888262871278,40.2581392194769,0.9842396518728628,0.15033986405437824,0.149140343862455,advective posterior physics mean + sequential advective ST,top_1pct,25,6.520094505045951,5.486447854308656,-4.986024725068717,5.068544033517699,0.7460217409989919,0.04,2.921144750787871,7.320317424205914
DiagonalScanPath_5,Diagonal,evaluation,4,target_15pct,0.15,293.7777767008382,295.50866552712534,1.7308888262871278,40.2581392194769,0.9842396518728628,0.15033986405437824,0.149140343862455,advective posterior physics mean + sequential advective ST,unsaturated_full_grid,2125,0.17579921394835551,0.12565327545812593,0.07195416419562327,0.17245389874850367,0.6589426722072644,1.0,2.573077368659326,0.19602935554880677
DiagonalScanPath_5,Diagonal,evaluation,4,target_15pct,0.15,293.7777767008382,295.50866552712534,1.7308888262871278,40.2581392194769,0.9842396518728628,0.15033986405437824,0.149140343862455,single-frame censored RBF,deliberately_hidden_observable,296,0.5572985567146818,0.458890684416197,-0.007066186988346409,0.3184228783771859,0.5074190671436379,0.9391891891891891,1.969816388702049,0.9081125646690803
DiagonalScanPath_5,Diagonal,evaluation,4,target_15pct,0.15,293.7777767008382,295.50866552712534,1.7308888262871278,40.2581392194769,0.9842396518728628,0.15033986405437824,0.149140343862455,single-frame censored RBF,near_ceiling_unsaturated_1K,2006,0.2562463804880491,0.1610944921709871,0.07459534111996327,0.6769491946455372,2.838137190252038,1.0,11.07710926753595,0.08509805996842304
DiagonalScanPath_5,Diagonal,evaluation,4,target_15pct,0.15,293.7777767008382,295.50866552712534,1.7308888262871278,40.2581392194769,0.9842396518728628,0.15033986405437824,0.149140343862455,single-frame censored RBF,observed_censored_full_grid,376,3.0765534536880597,1.161470498642335,-0.8037256338009263,0.9930898325641082,0.5026605168300229,0.7606382978723404,1.950974183613625,2.3758900343523086
DiagonalScanPath_5,Diagonal,evaluation,4,target_15pct,0.15,293.7777767008382,295.50866552712534,1.7308888262871278,40.2581392194769,0.9842396518728628,0.15033986405437824,0.149140343862455,single-frame censored RBF,overall,2501,1.2155915963379125,0.31028374683030074,-0.05883194343198772,0.7258873552373604,2.4938554664276924,0.9640143942423031,9.733030384169396,0.4288693149010956
DiagonalScanPath_5,Diagonal,evaluation,4,target_15pct,0.15,293.7777767008382,295.50866552712534,1.7308888262871278,40.2581392194769,0.9842396518728628,0.15033986405437824,0.149140343862455,single-frame censored RBF,top_1pct,25,11.435813982729659,8.064227806433696,-8.064227806433696,7.7870551758249,0.48392552823667706,0.0,1.867119212241371,16.648165957633445
DiagonalScanPath_5,Diagonal,evaluation,4,target_15pct,0.15,293.7777767008382,295.50866552712534,1.7308888262871278,40.2581392194769,0.9842396518728628,0.15033986405437824,0.149140343862455,single-frame censored RBF,unsaturated_full_grid,2125,0.25365736219795526,0.15967376156850085,0.07297042248741036,0.6786082345433099,2.8461798433917975,1.0,11.10999656365597,0.08436117818878687
DiagonalScanPath_5,Diagonal,evaluation,5,target_20pct,0.2,293.61313791188536,295.50866552712534,1.8955276152399847,40.42277800842976,0.988264776418245,0.20031987205117952,0.19272291083566573,advective posterior physics mean + sequential advective ST,deliberately_hidden_observable,421,0.5494306411310976,0.3951679032511961,-0.2625094957973067,0.3081036427085476,0.6919599139419251,0.9738717339667459,2.698228879297595,0.5696959158714984
DiagonalScanPath_5,Diagonal,evaluation,5,target_20pct,0.2,293.61313791188536,295.50866552712534,1.8955276152399847,40.42277800842976,0.988264776418245,0.20031987205117952,0.19272291083566573,advective posterior physics mean + sequential advective ST,near_ceiling_unsaturated_1K,1975,0.1808075997251069,0.12879122804770077,0.07517759438562881,0.17380967202337186,0.6602463626788332,1.0,2.578678304167933,0.19951432593726945
DiagonalScanPath_5,Diagonal,evaluation,5,target_20pct,0.2,293.61313791188536,295.50866552712534,1.8955276152399847,40.42277800842976,0.988264776418245,0.20031987205117952,0.19272291083566573,advective posterior physics mean + sequential advective ST,observed_censored_full_grid,501,1.7562041000772426,0.8486071934365903,-0.7121396958745928,0.7140845395886996,0.695021964300936,0.8343313373253493,2.7082077105051527,1.2025217276722087
DiagonalScanPath_5,Diagonal,evaluation,5,target_20pct,0.2,293.61313791188536,295.50866552712534,1.8955276152399847,40.42277800842976,0.988264776418245,0.20031987205117952,0.19272291083566573,advective posterior physics mean + sequential advective ST,overall,2501,0.8024271015660391,0.2729126710446298,-0.0823953588697383,0.281999651694351,0.6672294193439051,0.9668132746901239,2.604737321321976,0.40033161294693154
DiagonalScanPath_5,Diagonal,evaluation,5,target_20pct,0.2,293.61313791188536,295.50866552712534,1.8955276152399847,40.42277800842976,0.988264776418245,0.20031987205117952,0.19272291083566573,advective posterior physics mean + sequential advective ST,top_1pct,25,6.822410404984613,5.833405195756739,-5.370103931439242,5.431891271004733,0.721218172414699,0.04,2.790250807618279,8.06273183765536
DiagonalScanPath_5,Diagonal,evaluation,5,target_20pct,0.2,293.61313791188536,295.50866552712534,1.8955276152399847,40.42277800842976,0.988264776418245,0.20031987205117952,0.19272291083566573,advective posterior physics mean + sequential advective ST,unsaturated_full_grid,2000,0.18049425083271656,0.1287011931854437,0.07535559754997777,0.1737623872768167,0.6602673868321689,1.0,2.5788179888315903,0.19938298920824968
DiagonalScanPath_5,Diagonal,evaluation,5,target_20pct,0.2,293.61313791188536,295.50866552712534,1.8955276152399847,40.42277800842976,0.988264776418245,0.20031987205117952,0.19272291083566573,single-frame censored RBF,deliberately_hidden_observable,421,0.6563851780535596,0.5503371491615537,-0.07251191389309714,0.38743163539596626,0.46512963793836315,0.8669833729216152,1.8133611040784838,1.1869574135210195
DiagonalScanPath_5,Diagonal,evaluation,5,target_20pct,0.2,293.61313791188536,295.50866552712534,1.8955276152399847,40.42277800842976,0.988264776418245,0.20031987205117952,0.19272291083566573,single-frame censored RBF,near_ceiling_unsaturated_1K,1975,0.3250896267086819,0.23765886602032077,0.17059869082546272,0.6389014648317451,2.6449332765865603,1.0,10.322162759863758,0.12085847433146707
DiagonalScanPath_5,Diagonal,evaluation,5,target_20pct,0.2,293.61313791188536,295.50866552712534,1.8955276152399847,40.42277800842976,0.988264776418245,0.20031987205117952,0.19272291083566573,single-frame censored RBF,observed_censored_full_grid,501,2.768050809612728,1.1126057342120488,-0.7092432515721977,0.9368298972974437,0.4603188050418998,0.7325349301397206,1.7932431965298419,2.4825734562889017
DiagonalScanPath_5,Diagonal,evaluation,5,target_20pct,0.2,293.61313791188536,295.50866552712534,1.8955276152399847,40.42277800842976,0.988264776418245,0.20031987205117952,0.19272291083566573,single-frame censored RBF,overall,2501,1.2725455550087519,0.413060606260253,-0.005388986978180831,0.6988608651289834,2.2086359225058243,0.9464214314274291,8.619902880727409,0.5938005497440133
DiagonalScanPath_5,Diagonal,evaluation,5,target_20pct,0.2,293.61313791188536,295.50866552712534,1.8955276152399847,40.42277800842976,0.988264776418245,0.20031987205117952,0.19272291083566573,single-frame censored RBF,top_1pct,25,11.648325532120076,8.37567340270989,-8.37567340270989,8.129265605493613,0.43749669182418605,0.0,1.6929988561413916,18.953757123665643
DiagonalScanPath_5,Diagonal,evaluation,5,target_20pct,0.2,293.61313791188536,295.50866552712534,1.8955276152399847,40.42277800842976,0.988264776418245,0.20031987205117952,0.19272291083566573,single-frame censored RBF,unsaturated_full_grid,2000,0.32506545382235263,0.2378245517083281,0.1709265063026204,0.6392496225707841,2.6465893604305375,1.0,10.329981131618899,0.12066293665451872
DiagonalScanPath_6,Diagonal,evaluation,0,reference,0.03,295.76268867732483,295.76268867732483,0.0,35.45538305998531,0.9311024905789091,0.03078768492602959,0.03158736505397841,advective posterior physics mean + sequential advective ST,deliberately_hidden_observable,0,,,,,,,,
DiagonalScanPath_6,Diagonal,evaluation,0,reference,0.03,295.76268867732483,295.76268867732483,0.0,35.45538305998531,0.9311024905789091,0.03078768492602959,0.03158736505397841,advective posterior physics mean + sequential advective ST,near_ceiling_unsaturated_1K,89,0.8904552126063529,0.47238034482737296,0.28646985096850325,0.3754748755071603,0.7861783766137168,0.9887640449438202,3.0694894459678563,0.452381065394902
DiagonalScanPath_6,Diagonal,evaluation,0,reference,0.03,295.76268867732483,295.76268867732483,0.0,35.45538305998531,0.9311024905789091,0.03078768492602959,0.03158736505397841,advective posterior physics mean + sequential advective ST,observed_censored_full_grid,77,3.0255450782417546,2.269246999585776,1.2605769515709193,1.6330446611086284,1.671068061083035,0.9090909090909091,6.551646676202039,1.2896229768754448
DiagonalScanPath_6,Diagonal,evaluation,0,reference,0.03,295.76268867732483,295.76268867732483,0.0,35.45538305998531,0.9311024905789091,0.03078768492602959,0.03158736505397841,advective posterior physics mean + sequential advective ST,overall,2501,0.584479325170445,0.19664636425538376,0.10445150658445158,0.22276156661233854,0.6938977156509558,0.9960015993602559,2.71092589282454,0.22454778231628642
DiagonalScanPath_6,Diagonal,evaluation,0,reference,0.03,295.76268867732483,295.76268867732483,0.0,35.45538305998531,0.9311024905789091,0.03078768492602959,0.03158736505397841,advective posterior physics mean + sequential advective ST,top_1pct,25,4.022105816248795,2.596598321395736,-0.4069896611149079,2.0585657484997095,1.9094960098319567,0.84,7.509529688750156,1.401088394823506
DiagonalScanPath_6,Diagonal,evaluation,0,reference,0.03,295.76268867732483,295.76268867732483,0.0,35.45538305998531,0.9311024905789091,0.03078768492602959,0.03158736505397841,advective posterior physics mean + sequential advective ST,unsaturated_full_grid,2424,0.24836905909354026,0.1308088028195586,0.0677263996273732,0.1779629699637353,0.6628572385064551,0.9987623762376238,2.588922798633093,0.19071494816568607
DiagonalScanPath_6,Diagonal,evaluation,0,reference,0.03,295.76268867732483,295.76268867732483,0.0,35.45538305998531,0.9311024905789091,0.03078768492602959,0.03158736505397841,single-frame censored RBF,deliberately_hidden_observable,0,,,,,,,,
DiagonalScanPath_6,Diagonal,evaluation,0,reference,0.03,295.76268867732483,295.76268867732483,0.0,35.45538305998531,0.9311024905789091,0.03078768492602959,0.03158736505397841,single-frame censored RBF,near_ceiling_unsaturated_1K,89,1.2427106688333105,1.0139043784635156,0.03334512013116233,0.8657940945797847,2.812459888577044,1.0,10.95525057825914,0.37442507478440495
DiagonalScanPath_6,Diagonal,evaluation,0,reference,0.03,295.76268867732483,295.76268867732483,0.0,35.45538305998531,0.9311024905789091,0.03078768492602959,0.03158736505397841,single-frame censored RBF,observed_censored_full_grid,77,5.520368978777282,3.273258676357878,0.7773060744182159,2.4368141924673354,1.9730231868939792,0.7012987012987013,7.39617425980059,1.6827108138885483
DiagonalScanPath_6,Diagonal,evaluation,0,reference,0.03,295.76268867732483,295.76268867732483,0.0,35.45538305998531,0.9311024905789091,0.03078768492602959,0.03158736505397841,single-frame censored RBF,overall,2501,1.0346962335529264,0.26804565224203003,-0.022081595624090924,0.7681776692108865,2.9445130815097196,0.9908036785285885,11.491305035996671,0.12213784877731679
DiagonalScanPath_6,Diagonal,evaluation,0,reference,0.03,295.76268867732483,295.76268867732483,0.0,35.45538305998531,0.9311024905789091,0.03078768492602959,0.03158736505397841,single-frame censored RBF,top_1pct,25,8.71855560987076,4.2455398554134085,-3.4419941585607514,3.811675700156808,1.9659424200863733,0.76,7.341054216795985,2.2607485087541392
DiagonalScanPath_6,Diagonal,evaluation,0,reference,0.03,295.76268867732483,295.76268867732483,0.0,35.45538305998531,0.9311024905789091,0.03078768492602959,0.03158736505397841,single-frame censored RBF,unsaturated_full_grid,2424,0.36954328228431826,0.17258302730105626,-0.04747468580282757,0.715172301104143,2.9753731152908296,1.0,11.621389635735573,0.07256519270736429
DiagonalScanPath_6,Diagonal,evaluation,1,target_5pct,0.05,295.11715899022414,295.76268867732483,0.6455296871006908,36.100912747086,0.9480549036549485,0.05037984806077569,0.04878048780487805,advective posterior physics mean + sequential advective ST,deliberately_hidden_observable,48,2.1409727953438376,1.730583202290185,1.574652377964804,1.1711211888253168,1.2836332062553857,0.9166666666666666,5.001531860490959,1.1842797935579739
DiagonalScanPath_6,Diagonal,evaluation,1,target_5pct,0.05,295.11715899022414,295.76268867732483,0.6455296871006908,36.100912747086,0.9480549036549485,0.05037984806077569,0.04878048780487805,advective posterior physics mean + sequential advective ST,near_ceiling_unsaturated_1K,153,0.8025766535968987,0.44288342721236945,0.18489026110874232,0.34021878511413484,0.7823566377480343,1.0,3.054302932130292,0.442907508468601
DiagonalScanPath_6,Diagonal,evaluation,1,target_5pct,0.05,295.11715899022414,295.76268867732483,0.6455296871006908,36.100912747086,0.9480549036549485,0.05037984806077569,0.04878048780487805,advective posterior physics mean + sequential advective ST,observed_censored_full_grid,126,2.8512288253399625,2.2056706575172886,1.308540980749988,1.5425793404691581,1.6728289989133291,0.8968253968253969,6.511375233736111,1.2496766970205162
DiagonalScanPath_6,Diagonal,evaluation,1,target_5pct,0.05,295.11715899022414,295.76268867732483,0.6455296871006908,36.100912747086,0.9480549036549485,0.05037984806077569,0.04878048780487805,advective posterior physics mean + sequential advective ST,overall,2501,0.6876321125678942,0.23797493465454925,0.13493974636756878,0.24805163434748934,0.7165097265312586,0.9948020791683326,2.7977183400311025,0.24443276727752386
DiagonalScanPath_6,Diagonal,evaluation,1,target_5pct,0.05,295.11715899022414,295.76268867732483,0.6455296871006908,36.100912747086,0.9480549036549485,0.05037984806077569,0.04878048780487805,advective posterior physics mean + sequential advective ST,top_1pct,25,4.284321331719227,2.9575635127152053,-1.2295406776008349,2.319785219223247,1.849268790473088,0.72,7.211631929359682,1.6259286994354445
DiagonalScanPath_6,Diagonal,evaluation,1,target_5pct,0.05,295.11715899022414,295.76268867732483,0.6455296871006908,36.100912747086,0.9480549036549485,0.05037984806077569,0.04878048780487805,advective posterior physics mean + sequential advective ST,unsaturated_full_grid,2375,0.25813086105026606,0.13358349841004183,0.07267711245928044,0.1793735328858766,0.6657744725017255,1.0,2.6006990690387526,0.19110193142589568
DiagonalScanPath_6,Diagonal,evaluation,1,target_5pct,0.05,295.11715899022414,295.76268867732483,0.6455296871006908,36.100912747086,0.9480549036549485,0.05037984806077569,0.04878048780487805,single-frame censored RBF,deliberately_hidden_observable,48,2.57556888787528,2.4897155570650624,2.4897155570650624,1.5936275784137368,1.6680289429620536,0.6041666666666666,6.407804458621398,1.4927316914287958
DiagonalScanPath_6,Diagonal,evaluation,1,target_5pct,0.05,295.11715899022414,295.76268867732483,0.6455296871006908,36.100912747086,0.9480549036549485,0.05037984806077569,0.04878048780487805,single-frame censored RBF,near_ceiling_unsaturated_1K,153,1.049242159068039,0.8452371499661232,-0.18215131295561474,0.8032970162030051,2.7231792214149717,0.9869281045751634,10.689980016881998,0.33690210071052357
DiagonalScanPath_6,Diagonal,evaluation,1,target_5pct,0.05,295.11715899022414,295.76268867732483,0.6455296871006908,36.100912747086,0.9480549036549485,0.05037984806077569,0.04878048780487805,single-frame censored RBF,observed_censored_full_grid,126,4.576170009600963,2.6669260827548875,0.8438685378008022,1.9105476987356298,1.724888186670944,0.7619047619047619,6.5957986304661445,1.58605433193979
DiagonalScanPath_6,Diagonal,evaluation,1,target_5pct,0.05,295.11715899022414,295.76268867732483,0.6455296871006908,36.100912747086,0.9480549036549485,0.05037984806077569,0.04878048780487805,single-frame censored RBF,overall,2501,1.0786469487067676,0.28413452125344874,0.008402107117151489,0.7721524233171551,2.9014093801561947,0.9872051179528188,11.333192238244251,0.14685365206302367
DiagonalScanPath_6,Diagonal,evaluation,1,target_5pct,0.05,295.11715899022414,295.76268867732483,0.6455296871006908,36.100912747086,0.9480549036549485,0.05037984806077569,0.04878048780487805,single-frame censored RBF,top_1pct,25,9.204870506924651,4.784638925325269,-4.403571101243322,4.261006222322782,1.7734640821334104,0.8,6.678803088169109,2.891041424880896
DiagonalScanPath_6,Diagonal,evaluation,1,target_5pct,0.05,295.11715899022414,295.76268867732483,0.6455296871006908,36.100912747086,0.9480549036549485,0.05037984806077569,0.04878048780487805,single-frame censored RBF,unsaturated_full_grid,2375,0.33795281674584743,0.15772115841168816,-0.0359215856264864,0.7117575581791643,2.963826925578991,0.9991578947368421,11.584523435962163,0.07050026862535101
DiagonalScanPath_6,Diagonal,evaluation,2,target_7.5pct,0.075,294.57871152103627,295.76268867732483,1.183977156288563,36.63936021627387,0.9621952044030331,0.07516993202718912,0.07676929228308677,advective posterior physics mean + sequential advective ST,deliberately_hidden_observable,111,1.4092329452480665,1.1514140415989185,1.0395050227577796,0.7696315151243712,1.3546185557622799,1.0,5.297471347010811,0.8087410430853833
DiagonalScanPath_6,Diagonal,evaluation,2,target_7.5pct,0.075,294.57871152103627,295.76268867732483,1.183977156288563,36.63936021627387,0.9621952044030331,0.07516993202718912,0.07676929228308677,advective posterior physics mean + sequential advective ST,near_ceiling_unsaturated_1K,343,0.3877509909587539,0.23168163124474359,0.09967981975611334,0.21878408181904319,0.7035791372190058,1.0,2.749601162587147,0.29587871516763653
DiagonalScanPath_6,Diagonal,evaluation,2,target_7.5pct,0.075,294.57871152103627,295.76268867732483,1.183977156288563,36.63936021627387,0.9621952044030331,0.07516993202718912,0.07676929228308677,advective posterior physics mean + sequential advective ST,observed_censored_full_grid,188,2.1706961428706766,1.3934526359784738,0.3704176565060073,1.0285658972538758,1.4569174255581627,0.9308510638297872,5.693212856111041,0.9438617490141852
DiagonalScanPath_6,Diagonal,evaluation,2,target_7.5pct,0.075,294.57871152103627,295.76268867732483,1.183977156288563,36.63936021627387,0.9621952044030331,0.07516993202718912,0.07676929228308677,advective posterior physics mean + sequential advective ST,overall,2501,0.6255745746416125,0.2209090741770526,0.09327124034962164,0.2384131139259344,0.7244402699800782,0.9948020791683326,2.8289166981103198,0.2428043194791372
DiagonalScanPath_6,Diagonal,evaluation,2,target_7.5pct,0.075,294.57871152103627,295.76268867732483,1.183977156288563,36.63936021627387,0.9621952044030331,0.07516993202718912,0.07676929228308677,advective posterior physics mean + sequential advective ST,top_1pct,25,4.982168854620307,3.742177548011073,-2.874505447233728,3.1146976817900973,1.4671268349717947,0.48,5.757375159217461,2.511433880354792
DiagonalScanPath_6,Diagonal,evaluation,2,target_7.5pct,0.075,294.57871152103627,295.76268867732483,1.183977156288563,36.63936021627387,0.9621952044030331,0.07516993202718912,0.07676929228308677,advective posterior physics mean + sequential advective ST,unsaturated_full_grid,2313,0.20041992949487183,0.12560505791303742,0.07074485632999324,0.17418971432988897,0.6649047294488719,1.0,2.5961074989299755,0.1858225655869673
DiagonalScanPath_6,Diagonal,evaluation,2,target_7.5pct,0.075,294.57871152103627,295.76268867732483,1.183977156288563,36.63936021627387,0.9621952044030331,0.07516993202718912,0.07676929228308677,single-frame censored RBF,deliberately_hidden_observable,111,1.3585997482274785,1.271401950793268,1.271401950793268,0.7501575590975756,1.126029226354333,0.954954954954955,4.216777663994727,1.1323210766830196
DiagonalScanPath_6,Diagonal,evaluation,2,target_7.5pct,0.075,294.57871152103627,295.76268867732483,1.183977156288563,36.63936021627387,0.9621952044030331,0.07516993202718912,0.07676929228308677,single-frame censored RBF,near_ceiling_unsaturated_1K,343,0.5497397037222704,0.36059686110688177,0.08481896232096411,0.682322096442362,2.669663937724984,1.0,10.442805368743526,0.18502981976640476
DiagonalScanPath_6,Diagonal,evaluation,2,target_7.5pct,0.075,294.57871152103627,295.76268867732483,1.183977156288563,36.63936021627387,0.9621952044030331,0.07516993202718912,0.07676929228308677,single-frame censored RBF,observed_censored_full_grid,188,3.8644924824979663,1.7475189126122317,-0.058896714518029504,1.318284801877145,1.1295327552768606,0.8829787234042553,4.253075156158849,1.5232631508354546
DiagonalScanPath_6,Diagonal,evaluation,2,target_7.5pct,0.075,294.57871152103627,295.76268867732483,1.183977156288563,36.63936021627387,0.9621952044030331,0.07516993202718912,0.07676929228308677,single-frame censored RBF,overall,2501,1.0885007977284775,0.24816428328621376,0.0030806611332532615,0.746488020761308,2.801457369776518,0.991203518592563,10.942691760132425,0.1735775321920939
DiagonalScanPath_6,Diagonal,evaluation,2,target_7.5pct,0.075,294.57871152103627,295.76268867732483,1.183977156288563,36.63936021627387,0.9621952044030331,0.07516993202718912,0.07676929228308677,single-frame censored RBF,top_1pct,25,10.15344274174541,6.244886386602065,-6.244886386602065,5.667209261866855,1.161078380627342,0.36,4.481236986857189,5.210041518335479
DiagonalScanPath_6,Diagonal,evaluation,2,target_7.5pct,0.075,294.57871152103627,295.76268867732483,1.183977156288563,36.63936021627387,0.9621952044030331,0.07516993202718912,0.07676929228308677,single-frame censored RBF,unsaturated_full_grid,2313,0.25938584964361916,0.12629715388141854,0.008118165077239928,0.7000125366066269,2.9373509398266413,1.0,11.486421946707017,0.06387545856262924
DiagonalScanPath_6,Diagonal,evaluation,3,target_10pct,0.1,294.23933668301055,295.76268867732483,1.5233519943142824,36.97873505429959,0.971107610070487,0.10035985605757697,0.10395841663334666,advective posterior physics mean + sequential advective ST,deliberately_hidden_observable,173,1.3981892018886906,1.2304598580475723,1.1947568453161919,0.7906474230300307,1.1801328046680253,0.976878612716763,4.6077390281435555,0.9965510412703172
DiagonalScanPath_6,Diagonal,evaluation,3,target_10pct,0.1,294.23933668301055,295.76268867732483,1.5233519943142824,36.97873505429959,0.971107610070487,0.10035985605757697,0.10395841663334666,advective posterior physics mean + sequential advective ST,near_ceiling_unsaturated_1K,1025,0.29221888134511204,0.1617057978434336,0.10068242945830928,0.19176507753507904,0.6687775332947682,1.0,2.615128784401256,0.22874772060957468
DiagonalScanPath_6,Diagonal,evaluation,3,target_10pct,0.1,294.23933668301055,295.76268867732483,1.5233519943142824,36.97873505429959,0.971107610070487,0.10035985605757697,0.10395841663334666,advective posterior physics mean + sequential advective ST,observed_censored_full_grid,251,2.0778598711782177,1.370307847400757,0.5016210485267564,0.9853774430663339,1.216954698166373,0.9282868525896414,4.75216412301436,1.0849278826156517
DiagonalScanPath_6,Diagonal,evaluation,3,target_10pct,0.1,294.23933668301055,295.76268867732483,1.5233519943142824,36.97873505429959,0.971107610070487,0.10035985605757697,0.10395841663334666,advective posterior physics mean + sequential advective ST,overall,2501,0.6913078935022888,0.2542848178382866,0.12334056335848376,0.2586936796400321,0.7190264474909174,0.9928028788484606,2.808173455061818,0.28056456485476067
DiagonalScanPath_6,Diagonal,evaluation,3,target_10pct,0.1,294.23933668301055,295.76268867732483,1.5233519943142824,36.97873505429959,0.971107610070487,0.10035985605757697,0.10395841663334666,advective posterior physics mean + sequential advective ST,top_1pct,25,5.3668160301597485,4.1096698739264275,-3.2849887849806603,3.4882596772638443,1.3675447642603644,0.44,5.307126585273286,3.0659700954644826
DiagonalScanPath_6,Diagonal,evaluation,3,target_10pct,0.1,294.23933668301055,295.76268867732483,1.5233519943142824,36.97873505429959,0.971107610070487,0.10035985605757697,0.10395841663334666,advective posterior physics mean + sequential advective ST,unsaturated_full_grid,2250,0.2226621785402027,0.12978624876265102,0.08114127367971201,0.1776280686978091,0.663479784860011,1.0,2.591310496103557,0.1908333680734346
DiagonalScanPath_6,Diagonal,evaluation,3,target_10pct,0.1,294.23933668301055,295.76268867732483,1.5233519943142824,36.97873505429959,0.971107610070487,0.10035985605757697,0.10395841663334666,single-frame censored RBF,deliberately_hidden_observable,173,0.8557558886936893,0.7518877243028965,0.7066815560233894,0.4570903066489282,0.9236533882871563,0.9942196531791907,3.5566207291654925,0.8302794526631161
DiagonalScanPath_6,Diagonal,evaluation,3,target_10pct,0.1,294.23933668301055,295.76268867732483,1.5233519943142824,36.97873505429959,0.971107610070487,0.10035985605757697,0.10395841663334666,single-frame censored RBF,near_ceiling_unsaturated_1K,1025,0.28972282984732645,0.16158008820035524,0.054050304726117035,0.6814390230552608,2.8290994358402357,1.0,11.070595368395765,0.09213310577770926
DiagonalScanPath_6,Diagonal,evaluation,3,target_10pct,0.1,294.23933668301055,295.76268867732483,1.5233519943142824,36.97873505429959,0.971107610070487,0.10035985605757697,0.10395841663334666,single-frame censored RBF,observed_censored_full_grid,251,3.498145014996261,1.4179514454717377,-0.3810319232574213,1.1192120969552597,0.9473235039452907,0.900398406374502,3.6480887754082847,1.635980034156675
DiagonalScanPath_6,Diagonal,evaluation,3,target_10pct,0.1,294.23933668301055,295.76268867732483,1.5233519943142824,36.97873505429959,0.971107610070487,0.10035985605757697,0.10395841663334666,single-frame censored RBF,overall,2501,1.1280375397164444,0.24555268935029193,-0.014764904324574628,0.7366915479297881,2.7220301001827014,0.9900039984006398,10.640059720611495,0.22006569043343302
DiagonalScanPath_6,Diagonal,evaluation,3,target_10pct,0.1,294.23933668301055,295.76268867732483,1.5233519943142824,36.97873505429959,0.971107610070487,0.10035985605757697,0.10395841663334666,single-frame censored RBF,top_1pct,25,10.737417090684502,7.073704760592266,-7.073704760592266,6.564981178722816,1.1151464787123566,0.32,4.2197066494914495,8.229442624257306
DiagonalScanPath_6,Diagonal,evaluation,3,target_10pct,0.1,294.23933668301055,295.76268867732483,1.5233519943142824,36.97873505429959,0.971107610070487,0.10035985605757697,0.10395841663334666,single-frame censored RBF,unsaturated_full_grid,2250,0.222063595678846,0.11476509477852175,0.026094216454156265,0.6940192555718353,2.920008480474075,1.0,11.42005292383194,0.06211257920030689
DiagonalScanPath_6,Diagonal,evaluation,4,target_15pct,0.15,293.78650329057746,295.76268867732483,1.9761853867473747,37.43156844673268,0.982999578598888,0.15033986405437824,0.15353858456617353,advective posterior physics mean + sequential advective ST,deliberately_hidden_observable,298,0.5133434537047715,0.38345326559098797,-0.16396292971443294,0.2960450988984553,0.725792951671553,0.9899328859060402,2.8279960835361093,0.5279398176786301
DiagonalScanPath_6,Diagonal,evaluation,4,target_15pct,0.15,293.78650329057746,295.76268867732483,1.9761853867473747,37.43156844673268,0.982999578598888,0.15033986405437824,0.15353858456617353,advective posterior physics mean + sequential advective ST,near_ceiling_unsaturated_1K,2007,0.1584740521534937,0.11438587364845319,0.07439420115423756,0.1686058903576825,0.658152056555638,1.0,2.57117108220661,0.1773676650497282
DiagonalScanPath_6,Diagonal,evaluation,4,target_15pct,0.15,293.78650329057746,295.76268867732483,1.9761853867473747,37.43156844673268,0.982999578598888,0.15033986405437824,0.15353858456617353,advective posterior physics mean + sequential advective ST,observed_censored_full_grid,376,2.002409022474059,0.9819180039745666,-0.7721764727673387,0.8295446508863649,0.7282477436067719,0.824468085106383,2.8400334332934674,1.3338166253580792
DiagonalScanPath_6,Diagonal,evaluation,4,target_15pct,0.15,293.78650329057746,295.76268867732483,1.9761853867473747,37.43156844673268,0.982999578598888,0.15033986405437824,0.15353858456617353,advective posterior physics mean + sequential advective ST,overall,2501,0.7898489574060512,0.24423681752473686,-0.0537931734731352,0.2678905924118182,0.6688336761006585,0.973610555777689,2.612166105864032,0.35049156252862906
DiagonalScanPath_6,Diagonal,evaluation,4,target_15pct,0.15,293.78650329057746,295.76268867732483,1.9761853867473747,37.43156844673268,0.982999578598888,0.15033986405437824,0.15353858456617353,advective posterior physics mean + sequential advective ST,top_1pct,25,6.9104422035395485,5.989254673491842,-5.458722770067543,5.587010975977977,0.7352248573276482,0.08,2.879501301144278,8.084259570293662
DiagonalScanPath_6,Diagonal,evaluation,4,target_15pct,0.15,293.78650329057746,295.76268867732483,1.9761853867473747,37.43156844673268,0.982999578598888,0.15033986405437824,0.15353858456617353,advective posterior physics mean + sequential advective ST,unsaturated_full_grid,2125,0.15740834612557494,0.11371064053408463,0.07331841266080386,0.16851086253585137,0.6583208810972238,1.0,2.5718469928694585,0.17650086905857107
DiagonalScanPath_6,Diagonal,evaluation,4,target_15pct,0.15,293.78650329057746,295.76268867732483,1.9761853867473747,37.43156844673268,0.982999578598888,0.15033986405437824,0.15353858456617353,single-frame censored RBF,deliberately_hidden_observable,298,0.6099521332930781,0.49937832676081484,-0.11057803774871572,0.3500331100152881,0.5030037676575151,0.8993288590604027,1.9611717827722908,0.9981135904791422
DiagonalScanPath_6,Diagonal,evaluation,4,target_15pct,0.15,293.78650329057746,295.76268867732483,1.9761853867473747,37.43156844673268,0.982999578598888,0.15033986405437824,0.15353858456617353,single-frame censored RBF,near_ceiling_unsaturated_1K,2007,0.20699912881536445,0.12298951108179407,0.06279887673665578,0.6763817404669755,2.848893802743647,1.0,11.14166867474301,0.06654728068180214
DiagonalScanPath_6,Diagonal,evaluation,4,target_15pct,0.15,293.78650329057746,295.76268867732483,1.9761853867473747,37.43156844673268,0.982999578598888,0.15033986405437824,0.15353858456617353,single-frame censored RBF,observed_censored_full_grid,376,3.157409203685232,1.2490161394060306,-0.9399713434670489,1.0737006513645573,0.4993319194462257,0.7180851063829787,1.9469430019655853,2.567157123631693
DiagonalScanPath_6,Diagonal,evaluation,4,target_15pct,0.15,293.78650329057746,295.76268867732483,1.9761853867473747,37.43156844673268,0.982999578598888,0.15033986405437824,0.15353858456617353,single-frame censored RBF,overall,2501,1.2389016173767826,0.2916555772938277,-0.08986846277917153,0.7373426523570707,2.5016052462521303,0.9576169532187125,9.780897597187817,0.44261693648825945
DiagonalScanPath_6,Diagonal,evaluation,4,target_15pct,0.15,293.78650329057746,295.76268867732483,1.9761853867473747,37.43156844673268,0.982999578598888,0.15033986405437824,0.15353858456617353,single-frame censored RBF,top_1pct,25,11.651393002341253,8.490356556489832,-8.490356556489832,8.215964267110108,0.4778271364268734,0.0,1.8722019708408448,17.69122928037325
DiagonalScanPath_6,Diagonal,evaluation,4,target_15pct,0.15,293.78650329057746,295.76268867732483,1.9761853867473747,37.43156844673268,0.982999578598888,0.15033986405437824,0.15353858456617353,single-frame censored RBF,unsaturated_full_grid,2125,0.2061368572991235,0.12225907312715084,0.060549741050777595,0.677827072297393,2.8558898443128453,1.0,11.167046739683611,0.06669829631605659
DiagonalScanPath_6,Diagonal,evaluation,5,target_20pct,0.2,293.60353964459557,295.76268867732483,2.1591490327292604,37.61453209271457,0.9878044316777819,0.20031987205117952,0.19752099160335865,advective posterior physics mean + sequential advective ST,deliberately_hidden_observable,423,0.614441106236163,0.424341549868768,-0.298856900721555,0.3348727095802144,0.6953435866208666,0.9574468085106383,2.7195206619160674,0.602061280436179
DiagonalScanPath_6,Diagonal,evaluation,5,target_20pct,0.2,293.60353964459557,295.76268867732483,2.1591490327292604,37.61453209271457,0.9878044316777819,0.20031987205117952,0.19752099160335865,advective posterior physics mean + sequential advective ST,near_ceiling_unsaturated_1K,1982,0.1585907172957352,0.11389758832930634,0.07681828562536654,0.1689285651165954,0.6593633753049896,1.0,2.5740246324463176,0.17612964780872103
DiagonalScanPath_6,Diagonal,evaluation,5,target_20pct,0.2,293.60353964459557,295.76268867732483,2.1591490327292604,37.61453209271457,0.9878044316777819,0.20031987205117952,0.19752099160335865,advective posterior physics mean + sequential advective ST,observed_censored_full_grid,501,1.8703988082903142,0.9199758909228846,-0.78813715498,0.7835384177510536,0.698008327220594,0.8163672654690619,2.7290818062838844,1.2939768361652986
DiagonalScanPath_6,Diagonal,evaluation,5,target_20pct,0.2,293.60353964459557,295.76268867732483,2.1591490327292604,37.61453209271457,0.9878044316777819,0.20031987205117952,0.19752099160335865,advective posterior physics mean + sequential advective ST,overall,2501,0.8490492794100392,0.2753752529493461,-0.09632562340616838,0.2920573199833791,0.6672395664808107,0.9632147141143542,2.6055750155036494,0.3999891643237775
DiagonalScanPath_6,Diagonal,evaluation,5,target_20pct,0.2,293.60353964459557,295.76268867732483,2.1591490327292604,37.61453209271457,0.9878044316777819,0.20031987205117952,0.19752099160335865,advective posterior physics mean + sequential advective ST,top_1pct,25,7.1371400842733435,6.252118933941683,-5.746001148556334,5.865527484802584,0.7117835889420561,0.04,2.7526108126795794,8.727342639388432
DiagonalScanPath_6,Diagonal,evaluation,5,target_20pct,0.2,293.60353964459557,295.76268867732483,2.1591490327292604,37.61453209271457,0.9878044316777819,0.20031987205117952,0.19752099160335865,advective posterior physics mean + sequential advective ST,unsaturated_full_grid,2000,0.15849028222049796,0.11390279313697471,0.07697316525307644,0.16894130499257662,0.6595319919154949,1.0,2.5746365644132,0.17604525252747652
DiagonalScanPath_6,Diagonal,evaluation,5,target_20pct,0.2,293.60353964459557,295.76268867732483,2.1591490327292604,37.61453209271457,0.9878044316777819,0.20031987205117952,0.19752099160335865,single-frame censored RBF,deliberately_hidden_observable,423,0.7416596925832993,0.5944249611749708,-0.21822284883259513,0.439548148980936,0.4576694452475533,0.7966903073286052,1.7868972899504938,1.3283223595945586
DiagonalScanPath_6,Diagonal,evaluation,5,target_20pct,0.2,293.60353964459557,295.76268867732483,2.1591490327292604,37.61453209271457,0.9878044316777819,0.20031987205117952,0.19752099160335865,single-frame censored RBF,near_ceiling_unsaturated_1K,1982,0.2860577718604604,0.20780046872358107,0.16436347065052193,0.6361175642159882,2.6514622944507984,1.0,10.366350913600584,0.1038336312691558
DiagonalScanPath_6,Diagonal,evaluation,5,target_20pct,0.2,293.60353964459557,295.76268867732483,2.1591490327292604,37.61453209271457,0.9878044316777819,0.20031987205117952,0.19752099160335865,single-frame censored RBF,observed_censored_full_grid,501,2.875106786317431,1.2051952858350892,-0.8847407552683481,1.0372183276770768,0.45273422447872225,0.6746506986027944,1.7676087808070637,2.7620024448128526
DiagonalScanPath_6,Diagonal,evaluation,5,target_20pct,0.2,293.60353964459557,295.76268867732483,2.1591490327292604,37.61453209271457,0.9878044316777819,0.20031987205117952,0.19752099160335865,single-frame censored RBF,overall,2501,1.3119240835684731,0.40728695693954814,-0.04625101277220196,0.7169223702283458,2.213177286593542,0.9348260695721712,8.652568034138874,0.6360594135791786
DiagonalScanPath_6,Diagonal,evaluation,5,target_20pct,0.2,293.60353964459557,295.76268867732483,2.1591490327292604,37.61453209271457,0.9878044316777819,0.20031987205117952,0.19752099160335865,single-frame censored RBF,top_1pct,25,11.938616711881568,8.841600150889942,-8.841600150889942,8.595505788930984,0.43193530869009544,0.0,1.6818071122595415,20.420615278481133
DiagonalScanPath_6,Diagonal,evaluation,5,target_20pct,0.2,293.60353964459557,295.76268867732483,2.1591490327292604,37.61453209271457,0.9878044316777819,0.20031987205117952,0.19752099160335865,single-frame censored RBF,unsaturated_full_grid,2000,0.2856548546948667,0.20741092055121507,0.16379066772308262,0.6366882328874387,2.6541682736533043,1.0,10.377250327098492,0.1035106842551433
DiagonalScanPath_7,Diagonal,evaluation,0,reference,0.03,295.92680693793324,295.92680693793324,0.0,33.315955053464165,0.9227721194785653,0.030387844862055178,0.03198720511795282,advective posterior physics mean + sequential advective ST,deliberately_hidden_observable,0,,,,,,,,
DiagonalScanPath_7,Diagonal,evaluation,0,reference,0.03,295.92680693793324,295.92680693793324,0.0,33.315955053464165,0.9227721194785653,0.030387844862055178,0.03198720511795282,advective posterior physics mean + sequential advective ST,near_ceiling_unsaturated_1K,76,0.8058434860784841,0.4236446104584418,0.19864558605915986,0.33705470234026785,0.7585322666409036,0.9868421052631579,2.9695513355281222,0.4288958193592567
DiagonalScanPath_7,Diagonal,evaluation,0,reference,0.03,295.92680693793324,295.92680693793324,0.0,33.315955053464165,0.9227721194785653,0.030387844862055178,0.03198720511795282,advective posterior physics mean + sequential advective ST,observed_censored_full_grid,76,3.154088670851473,2.3610314859805555,1.0312462772916853,1.7149535045646975,1.7853207243293365,0.8552631578947368,6.9855852041077595,1.2769990337398247
DiagonalScanPath_7,Diagonal,evaluation,0,reference,0.03,295.92680693793324,295.92680693793324,0.0,33.315955053464165,0.9227721194785653,0.030387844862055178,0.03198720511795282,advective posterior physics mean + sequential advective ST,overall,2501,0.5966058813257902,0.19771451354139857,0.09130876255682142,0.2230233507300023,0.695405556742325,0.9944022391043582,2.7166039380298974,0.22585352566598269
DiagonalScanPath_7,Diagonal,evaluation,0,reference,0.03,295.92680693793324,295.92680693793324,0.0,33.315955053464165,0.9227721194785653,0.030387844862055178,0.03198720511795282,advective posterior physics mean + sequential advective ST,top_1pct,25,4.374718130351463,3.013407120606946,-0.9137562329719708,2.3920040658036354,2.027425926911541,0.76,7.890611445340353,1.479005540114667
DiagonalScanPath_7,Diagonal,evaluation,0,reference,0.03,295.92680693793324,295.92680693793324,0.0,33.315955053464165,0.9227721194785653,0.030387844862055178,0.03198720511795282,advective posterior physics mean + sequential advective ST,unsaturated_full_grid,2425,0.23518666115642553,0.1299157135804188,0.06185092704348136,0.17626595209435822,0.6612473906653711,0.9987628865979381,2.5828131849486944,0.19291040871191592
DiagonalScanPath_7,Diagonal,evaluation,0,reference,0.03,295.92680693793324,295.92680693793324,0.0,33.315955053464165,0.9227721194785653,0.030387844862055178,0.03198720511795282,single-frame censored RBF,deliberately_hidden_observable,0,,,,,,,,
DiagonalScanPath_7,Diagonal,evaluation,0,reference,0.03,295.92680693793324,295.92680693793324,0.0,33.315955053464165,0.9227721194785653,0.030387844862055178,0.03198720511795282,single-frame censored RBF,near_ceiling_unsaturated_1K,76,1.3545564251447648,1.0736442519218807,0.09425679291238216,0.8750447449939545,2.662681269953557,1.0,10.364818762532614,0.4135625323047374
DiagonalScanPath_7,Diagonal,evaluation,0,reference,0.03,295.92680693793324,295.92680693793324,0.0,33.315955053464165,0.9227721194785653,0.030387844862055178,0.03198720511795282,single-frame censored RBF,observed_censored_full_grid,76,5.727691574050743,3.3080106942879635,0.4425448181601222,2.4907513487750457,1.8260781374311135,0.7631578947368421,6.928608355195486,1.8370950050305912
DiagonalScanPath_7,Diagonal,evaluation,0,reference,0.03,295.92680693793324,295.92680693793324,0.0,33.315955053464165,0.9227721194785653,0.030387844862055178,0.03198720511795282,single-frame censored RBF,overall,2501,1.0704308681997305,0.2806838170122428,-0.04929902475333293,0.7703797389697603,2.9384207422464286,0.9928028788484606,11.459962611880831,0.1323887141819503
DiagonalScanPath_7,Diagonal,evaluation,0,reference,0.03,295.92680693793324,295.92680693793324,0.0,33.315955053464165,0.9227721194785653,0.030387844862055178,0.03198720511795282,single-frame censored RBF,top_1pct,25,9.152402660117996,4.730401855455059,-3.980614407973578,4.146101109994587,1.8272592316795777,0.8,6.898562822373033,2.734968996622763
DiagonalScanPath_7,Diagonal,evaluation,0,reference,0.03,295.92680693793324,295.92680693793324,0.0,33.315955053464165,0.9227721194785653,0.030387844862055178,0.03198720511795282,single-frame censored RBF,unsaturated_full_grid,2425,0.39188214770834506,0.185806768487313,-0.06471351220134224,0.7164629380026669,2.973281788830332,1.0,11.601976188585198,0.07896286754092073
DiagonalScanPath_7,Diagonal,evaluation,1,target_5pct,0.05,295.2620578276572,295.92680693793324,0.6647491102760341,33.9807041637402,0.9411840768853551,0.05037984806077569,0.05157936825269892,advective posterior physics mean + sequential advective ST,deliberately_hidden_observable,49,2.143573142219863,1.8711287101337148,1.835123457769251,1.2440232515310667,1.4111238077552337,0.9591836734693877,5.509881777229209,1.2157994379942705
DiagonalScanPath_7,Diagonal,evaluation,1,target_5pct,0.05,295.2620578276572,295.92680693793324,0.6647491102760341,33.9807041637402,0.9411840768853551,0.05037984806077569,0.05157936825269892,advective posterior physics mean + sequential advective ST,near_ceiling_unsaturated_1K,138,0.8886035297481607,0.4260243381943366,0.29622921177654715,0.3562148742485537,0.7636266298595586,0.9855072463768116,2.9951433764085156,0.4050520394876745
DiagonalScanPath_7,Diagonal,evaluation,1,target_5pct,0.05,295.2620578276572,295.92680693793324,0.6647491102760341,33.9807041637402,0.9411840768853551,0.05037984806077569,0.05157936825269892,advective posterior physics mean + sequential advective ST,observed_censored_full_grid,126,2.7918533529997593,2.175237584576687,1.2691295233879334,1.526231021580195,1.660776723015062,0.8888888888888888,6.486610536209261,1.29676735122738
DiagonalScanPath_7,Diagonal,evaluation,1,target_5pct,0.05,295.2620578276572,295.92680693793324,0.6647491102760341,33.9807041637402,0.9411840768853551,0.05037984806077569,0.05157936825269892,advective posterior physics mean + sequential advective ST,overall,2501,0.6799982462977024,0.23866472527294624,0.13243846220779132,0.24841031126742225,0.7139526609105403,0.9932027189124351,2.7886432261118084,0.25155916920023946
DiagonalScanPath_7,Diagonal,evaluation,1,target_5pct,0.05,295.2620578276572,295.92680693793324,0.6647491102760341,33.9807041637402,0.9411840768853551,0.05037984806077569,0.05157936825269892,advective posterior physics mean + sequential advective ST,top_1pct,25,4.472514565975495,2.9673499411330044,-1.363804472075833,2.4496341838867908,1.8882530959680486,0.68,7.375556743152931,1.7000392785389318
DiagonalScanPath_7,Diagonal,evaluation,1,target_5pct,0.05,295.2620578276572,295.92680693793324,0.6647491102760341,33.9807041637402,0.9411840768853551,0.05037984806077569,0.05157936825269892,advective posterior physics mean + sequential advective ST,unsaturated_full_grid,2375,0.2709487011522282,0.1359244388425162,0.07213401011991853,0.18061855989924988,0.6637211527736268,0.9987368421052631,2.592456328818217,0.19610812459585214
DiagonalScanPath_7,Diagonal,evaluation,1,target_5pct,0.05,295.2620578276572,295.92680693793324,0.6647491102760341,33.9807041637402,0.9411840768853551,0.05037984806077569,0.05157936825269892,single-frame censored RBF,deliberately_hidden_observable,49,3.0284554250656153,2.937150520621705,2.937150520621705,1.9388391886516614,1.8227455891700872,0.5306122448979592,6.871210134000352,1.6144474127676498
DiagonalScanPath_7,Diagonal,evaluation,1,target_5pct,0.05,295.2620578276572,295.92680693793324,0.6647491102760341,33.9807041637402,0.9411840768853551,0.05037984806077569,0.05157936825269892,single-frame censored RBF,near_ceiling_unsaturated_1K,138,1.4084936619896222,1.0646903823220115,0.37509504955659784,0.9285861908728853,2.7717746735825615,0.9927536231884058,10.785929672310827,0.4225021420887109
DiagonalScanPath_7,Diagonal,evaluation,1,target_5pct,0.05,295.2620578276572,295.92680693793324,0.6647491102760341,33.9807041637402,0.9411840768853551,0.05037984806077569,0.05157936825269892,single-frame censored RBF,observed_censored_full_grid,126,4.706678012357866,2.9204359669332933,1.2710834748286775,2.092909309354797,1.9295317419458864,0.7222222222222222,7.223188413988634,1.5092933870710294
DiagonalScanPath_7,Diagonal,evaluation,1,target_5pct,0.05,295.2620578276572,295.92680693793324,0.6647491102760341,33.9807041637402,0.9411840768853551,0.05037984806077569,0.05157936825269892,single-frame censored RBF,overall,2501,1.128549021462389,0.31650003534447,0.04590893259642569,0.7875741773945533,2.915549298958655,0.9856057576969213,11.367226406011456,0.1514244950970805
DiagonalScanPath_7,Diagonal,evaluation,1,target_5pct,0.05,295.2620578276572,295.92680693793324,0.6647491102760341,33.9807041637402,0.9411840768853551,0.05037984806077569,0.05157936825269892,single-frame censored RBF,top_1pct,25,9.039741837034212,4.39901804468745,-3.913718515519813,3.945005366742901,2.1706039014970626,0.8,8.184502979906744,2.0733301013174015
DiagonalScanPath_7,Diagonal,evaluation,1,target_5pct,0.05,295.2620578276572,295.92680693793324,0.6647491102760341,33.9807041637402,0.9411840768853551,0.05037984806077569,0.05157936825269892,single-frame censored RBF,unsaturated_full_grid,2375,0.40734095409102683,0.17835438171070506,-0.019089801012527458,0.7183227135516099,2.9678601251412275,0.999578947368421,11.587078526851403,0.07938597703867309
DiagonalScanPath_7,Diagonal,evaluation,2,target_7.5pct,0.075,294.7048056597936,295.92680693793324,1.2220012781396576,34.53795633160382,0.9566186265837908,0.07516993202718912,0.07477009196321471,advective posterior physics mean + sequential advective ST,deliberately_hidden_observable,112,1.857798942214367,1.5942422378665715,1.5628413597921487,1.0619963504017822,1.2804796019400508,0.9196428571428571,4.975629287833168,1.1399530103286166
DiagonalScanPath_7,Diagonal,evaluation,2,target_7.5pct,0.075,294.7048056597936,295.92680693793324,1.2220012781396576,34.53795633160382,0.9566186265837908,0.07516993202718912,0.07477009196321471,advective posterior physics mean + sequential advective ST,near_ceiling_unsaturated_1K,253,0.6191507522144476,0.3360515052907879,0.19712387736923423,0.2842565108493376,0.7223722337053499,0.9920948616600791,2.8193466369555904,0.38525099717720607
DiagonalScanPath_7,Diagonal,evaluation,2,target_7.5pct,0.075,294.7048056597936,295.92680693793324,1.2220012781396576,34.53795633160382,0.9566186265837908,0.07516993202718912,0.07477009196321471,advective posterior physics mean + sequential advective ST,observed_censored_full_grid,188,2.4829002479664717,1.812319829844252,0.8761628233363016,1.2758022924334451,1.4384063626081152,0.8882978723404256,5.595977521459766,1.1922782857439012
DiagonalScanPath_7,Diagonal,evaluation,2,target_7.5pct,0.075,294.7048056597936,295.92680693793324,1.2220012781396576,34.53795633160382,0.9566186265837908,0.07516993202718912,0.07477009196321471,advective posterior physics mean + sequential advective ST,overall,2501,0.7224321421061904,0.2628000286343252,0.1367273991804905,0.2628945000361468,0.7224898170881495,0.9908036785285885,2.8203764509889977,0.2733792156946897
DiagonalScanPath_7,Diagonal,evaluation,2,target_7.5pct,0.075,294.7048056597936,295.92680693793324,1.2220012781396576,34.53795633160382,0.9566186265837908,0.07516993202718912,0.07477009196321471,advective posterior physics mean + sequential advective ST,top_1pct,25,5.142359044658582,3.787415748517246,-2.8798215948110144,3.1146934536645032,1.7011226495196998,0.56,6.61466196529341,2.2213433480077125
DiagonalScanPath_7,Diagonal,evaluation,2,target_7.5pct,0.075,294.7048056597936,295.92680693793324,1.2220012781396576,34.53795633160382,0.9566186265837908,0.07516993202718912,0.07477009196321471,advective posterior physics mean + sequential advective ST,unsaturated_full_grid,2313,0.2515075200464515,0.13685548793935495,0.07662629250461828,0.18056563493857128,0.6643003183601972,0.9991353220925205,2.5947763639814303,0.1986913535376418
DiagonalScanPath_7,Diagonal,evaluation,2,target_7.5pct,0.075,294.7048056597936,295.92680693793324,1.2220012781396576,34.53795633160382,0.9566186265837908,0.07516993202718912,0.07477009196321471,single-frame censored RBF,deliberately_hidden_observable,112,1.364816765982823,1.2349105964554308,1.2349105964554308,0.7232430507408163,1.21491499415902,0.8928571428571429,4.652160262689837,1.0080598690732372
DiagonalScanPath_7,Diagonal,evaluation,2,target_7.5pct,0.075,294.7048056597936,295.92680693793324,1.2220012781396576,34.53795633160382,0.9566186265837908,0.07516993202718912,0.07477009196321471,single-frame censored RBF,near_ceiling_unsaturated_1K,253,0.6802790803987051,0.486841106671642,0.1598620806101738,0.6910725780196012,2.584185436189251,1.0,10.099744358224058,0.24806510219734126
DiagonalScanPath_7,Diagonal,evaluation,2,target_7.5pct,0.075,294.7048056597936,295.92680693793324,1.2220012781396576,34.53795633160382,0.9566186265837908,0.07516993202718912,0.07477009196321471,single-frame censored RBF,observed_censored_full_grid,188,4.122457605322767,1.8237741417058921,-0.22032502316586394,1.3994839854266183,1.2009870578092443,0.8351063829787234,4.57268653041867,1.5267373367248125
DiagonalScanPath_7,Diagonal,evaluation,2,target_7.5pct,0.075,294.7048056597936,295.92680693793324,1.2220012781396576,34.53795633160382,0.9566186265837908,0.07516993202718912,0.07477009196321471,single-frame censored RBF,overall,2501,1.159247057440014,0.26485581337481473,-0.02000788638591531,0.7526616287900988,2.806001572328003,0.9876049580167933,10.944074353866354,0.17986173033738137
DiagonalScanPath_7,Diagonal,evaluation,2,target_7.5pct,0.075,294.7048056597936,295.92680693793324,1.2220012781396576,34.53795633160382,0.9566186265837908,0.07516993202718912,0.07477009196321471,single-frame censored RBF,top_1pct,25,10.869463210561557,6.868264363061851,-6.868264363061851,6.281025393702748,1.1622910243659035,0.28,4.367206727799853,5.7539756232810335
DiagonalScanPath_7,Diagonal,evaluation,2,target_7.5pct,0.075,294.7048056597936,295.92680693793324,1.2220012781396576,34.53795633160382,0.9566186265837908,0.07516993202718912,0.07477009196321471,single-frame censored RBF,unsaturated_full_grid,2313,0.2678820738945684,0.138147362995981,-0.003726164935577936,0.7000880866164431,2.9364567079654984,1.0,11.46193899321273,0.07038805372655692
DiagonalScanPath_7,Diagonal,evaluation,3,target_10pct,0.1,294.33569524357466,295.92680693793324,1.591111694358574,34.90706674782274,0.9668421006084542,0.10035985605757697,0.09796081567373051,advective posterior physics mean + sequential advective ST,deliberately_hidden_observable,174,1.4162315806830164,1.2179653133390012,1.1874371306259723,0.7930482024616814,1.2079197643981494,0.9827586206896551,4.724180712661137,0.9577320611664643
DiagonalScanPath_7,Diagonal,evaluation,3,target_10pct,0.1,294.33569524357466,295.92680693793324,1.591111694358574,34.90706674782274,0.9668421006084542,0.10035985605757697,0.09796081567373051,advective posterior physics mean + sequential advective ST,near_ceiling_unsaturated_1K,717,0.3517603204374787,0.1778299345278469,0.09410948576798568,0.20029330812121676,0.6741045585311979,0.99721059972106,2.631724413313086,0.2440785694412039
DiagonalScanPath_7,Diagonal,evaluation,3,target_10pct,0.1,294.33569524357466,295.92680693793324,1.591111694358574,34.90706674782274,0.9668421006084542,0.10035985605757697,0.09796081567373051,advective posterior physics mean + sequential advective ST,observed_censored_full_grid,251,2.2070514410339968,1.4389846736431962,0.38461871457925295,1.043354285953114,1.254775674588881,0.9282868525896414,4.902800320294423,1.1009857454322507
DiagonalScanPath_7,Diagonal,evaluation,3,target_10pct,0.1,294.33569524357466,295.92680693793324,1.591111694358574,34.90706674782274,0.9668421006084542,0.10035985605757697,0.09796081567373051,advective posterior physics mean + sequential advective ST,overall,2501,0.73326394349653,0.2623297868393287,0.10327030403825105,0.2643073413630482,0.7218803155380561,0.9920031987205118,2.8197303027553247,0.2848032439834028
DiagonalScanPath_7,Diagonal,evaluation,3,target_10pct,0.1,294.33569524357466,295.92680693793324,1.591111694358574,34.90706674782274,0.9668421006084542,0.10035985605757697,0.09796081567373051,advective posterior physics mean + sequential advective ST,top_1pct,25,5.7805197497105425,4.544098246749956,-3.8983212230094137,3.8702716441062086,1.4334449023518059,0.4,5.568152751696111,3.2628731828302837
DiagonalScanPath_7,Diagonal,evaluation,3,target_10pct,0.1,294.33569524357466,295.92680693793324,1.591111694358574,34.90706674782274,0.9668421006084542,0.10035985605757697,0.09796081567373051,advective posterior physics mean + sequential advective ST,unsaturated_full_grid,2250,0.232940250980191,0.13106739724476396,0.07188432579567706,0.1774003266554453,0.6624328777061642,0.9991111111111111,2.587352269687629,0.19375355159955351
DiagonalScanPath_7,Diagonal,evaluation,3,target_10pct,0.1,294.33569524357466,295.92680693793324,1.591111694358574,34.90706674782274,0.9668421006084542,0.10035985605757697,0.09796081567373051,single-frame censored RBF,deliberately_hidden_observable,174,0.6214720234823895,0.5228870720013645,0.3496979538264092,0.3449543234430382,0.7088837893250065,0.9827586206896551,2.7350028900434786,0.7428282212838397
DiagonalScanPath_7,Diagonal,evaluation,3,target_10pct,0.1,294.33569524357466,295.92680693793324,1.591111694358574,34.90706674782274,0.9668421006084542,0.10035985605757697,0.09796081567373051,single-frame censored RBF,near_ceiling_unsaturated_1K,717,0.2698401809544426,0.1715202851378981,0.03658723239942278,0.6694169763037418,2.7873733104454894,1.0,10.876308692939858,0.10112418673126049
DiagonalScanPath_7,Diagonal,evaluation,3,target_10pct,0.1,294.33569524357466,295.92680693793324,1.591111694358574,34.90706674782274,0.9668421006084542,0.10035985605757697,0.09796081567373051,single-frame censored RBF,observed_censored_full_grid,251,3.782169774537289,1.433208241950237,-0.8215887472934449,1.2143535117058257,0.712442890435436,0.8127490039840638,2.7636327838727834,2.1177303153293785
DiagonalScanPath_7,Diagonal,evaluation,3,target_10pct,0.1,294.33569524357466,295.92680693793324,1.591111694358574,34.90706674782274,0.9668421006084542,0.10035985605757697,0.09796081567373051,single-frame censored RBF,overall,2501,1.2112774770905164,0.24475603137348229,-0.0813559749773579,0.742423366860408,2.6963815049479285,0.9812075169932027,10.52496525615853,0.26818638890985047
DiagonalScanPath_7,Diagonal,evaluation,3,target_10pct,0.1,294.33569524357466,295.92680693793324,1.591111694358574,34.90706674782274,0.9668421006084542,0.10035985605757697,0.09796081567373051,single-frame censored RBF,top_1pct,25,11.671623400765062,8.011237258271557,-8.011237258271557,7.6233353640279145,0.706888464114472,0.0,2.7360506478610658,12.01766517951961
DiagonalScanPath_7,Diagonal,evaluation,3,target_10pct,0.1,294.33569524357466,295.92680693793324,1.591111694358574,34.90706674782274,0.9668421006084542,0.10035985605757697,0.09796081567373051,single-frame censored RBF,unsaturated_full_grid,2250,0.18731215815571253,0.11217758477136429,0.0012211031787922417,0.6897769373687636,2.917700879277989,1.0,11.39078501195574,0.06185948867371644
DiagonalScanPath_7,Diagonal,evaluation,4,target_15pct,0.15,293.83418214457384,295.92680693793324,2.0926247933593913,35.40857984682356,0.9807328116677227,0.15033986405437824,0.14634146341463414,advective posterior physics mean + sequential advective ST,deliberately_hidden_observable,299,0.5178113532277091,0.3945063549474729,-0.03080586978300092,0.30009425692894764,0.7543449259048666,0.9933110367892977,2.9344051696674907,0.5223910288724538
DiagonalScanPath_7,Diagonal,evaluation,4,target_15pct,0.15,293.83418214457384,295.92680693793324,2.0926247933593913,35.40857984682356,0.9807328116677227,0.15033986405437824,0.14634146341463414,advective posterior physics mean + sequential advective ST,near_ceiling_unsaturated_1K,1939,0.18486699778124502,0.1260757509253826,0.07585233614726887,0.17390401075713088,0.6598454260237517,1.0,2.580747289573224,0.19378434687160112
DiagonalScanPath_7,Diagonal,evaluation,4,target_15pct,0.15,293.83418214457384,295.92680693793324,2.0926247933593913,35.40857984682356,0.9807328116677227,0.15033986405437824,0.14634146341463414,advective posterior physics mean + sequential advective ST,observed_censored_full_grid,376,1.9700031616322864,0.9699692086885637,-0.6432125298346164,0.8085687202141674,0.7629064366474108,0.8404255319148937,2.9713056525461616,1.22191020283202
DiagonalScanPath_7,Diagonal,evaluation,4,target_15pct,0.15,293.83418214457384,295.92680693793324,2.0926247933593913,35.40857984682356,0.9807328116677227,0.15033986405437824,0.14634146341463414,advective posterior physics mean + sequential advective ST,overall,2501,0.7819552274890654,0.2518687654521136,-0.0341892911723121,0.268699055207571,0.6747860930206464,0.9760095961615354,2.6366734710861444,0.34749125302371736
DiagonalScanPath_7,Diagonal,evaluation,4,target_15pct,0.15,293.83418214457384,295.92680693793324,2.0926247933593913,35.40857984682356,0.9807328116677227,0.15033986405437824,0.14634146341463414,advective posterior physics mean + sequential advective ST,top_1pct,25,6.831500093749721,5.958899360906234,-5.470193636889453,5.4800279005629156,0.8391339242625273,0.04,3.278783804858908,7.038449921839146
DiagonalScanPath_7,Diagonal,evaluation,4,target_15pct,0.15,293.83418214457384,295.92680693793324,2.0926247933593913,35.40857984682356,0.9807328116677227,0.15033986405437824,0.14634146341463414,advective posterior physics mean + sequential advective ST,unsaturated_full_grid,2125,0.18152726542792008,0.1248072282018053,0.07357199717452385,0.1731738815405214,0.6591939757483342,1.0,2.5774632592136895,0.19277053531646005
DiagonalScanPath_7,Diagonal,evaluation,4,target_15pct,0.15,293.83418214457384,295.92680693793324,2.0926247933593913,35.40857984682356,0.9807328116677227,0.15033986405437824,0.14634146341463414,single-frame censored RBF,deliberately_hidden_observable,299,0.6334405637301502,0.5145040563576229,-0.1364550929847281,0.36258799814901327,0.5094108246216984,0.8762541806020067,1.971266149090013,1.0280796067017797
DiagonalScanPath_7,Diagonal,evaluation,4,target_15pct,0.15,293.83418214457384,295.92680693793324,2.0926247933593913,35.40857984682356,0.9807328116677227,0.15033986405437824,0.14634146341463414,single-frame censored RBF,near_ceiling_unsaturated_1K,1939,0.2034592282520105,0.12599577721626282,0.047393648723324,0.6788530738025084,2.866582846391732,1.0,11.190526545488018,0.06772712771953902
DiagonalScanPath_7,Diagonal,evaluation,4,target_15pct,0.15,293.83418214457384,295.92680693793324,2.0926247933593913,35.40857984682356,0.9807328116677227,0.15033986405437824,0.14634146341463414,single-frame censored RBF,observed_censored_full_grid,376,3.343025482970135,1.3118591824020926,-1.0068231431588504,1.1302048963149376,0.5143914126195213,0.7047872340425532,1.9874857825787302,2.533516561730837
DiagonalScanPath_7,Diagonal,evaluation,4,target_15pct,0.15,293.83418214457384,295.92680693793324,2.0926247933593913,35.40857984682356,0.9807328116677227,0.15033986405437824,0.14634146341463414,single-frame censored RBF,overall,2501,1.3095180134947237,0.3038661597413909,-0.11495097187814063,0.7478861705413133,2.516696460481154,0.9556177528988404,9.820893110655254,0.43951080405186377
DiagonalScanPath_7,Diagonal,evaluation,4,target_15pct,0.15,293.83418214457384,295.92680693793324,2.0926247933593913,35.40857984682356,0.9807328116677227,0.15033986405437824,0.14634146341463414,single-frame censored RBF,top_1pct,25,12.323686065798345,8.94065749565758,-8.94065749565758,8.609989192730707,0.5981949202138024,0.0,2.249718856964521,16.423207749994532
DiagonalScanPath_7,Diagonal,evaluation,4,target_15pct,0.15,293.83418214457384,295.92680693793324,2.0926247933593913,35.40857984682356,0.9807328116677227,0.15033986405437824,0.14634146341463414,single-frame censored RBF,unsaturated_full_grid,2125,0.2019904712900017,0.12551068843766205,0.0428579393696461,0.680238245416192,2.8709866713027896,1.0,11.20694541905844,0.06899496175196065
DiagonalScanPath_7,Diagonal,evaluation,5,target_20pct,0.2,293.6173844367176,295.92680693793324,2.3094225012156357,35.6253775546798,0.9867375886598745,0.20031987205117952,0.19672131147540983,advective posterior physics mean + sequential advective ST,deliberately_hidden_observable,424,0.7138677192755261,0.4976693514414515,-0.3911490780002282,0.38703053574655427,0.6923965581505017,0.9150943396226415,2.7026880325253266,0.7123478834515399
DiagonalScanPath_7,Diagonal,evaluation,5,target_20pct,0.2,293.6173844367176,295.92680693793324,2.3094225012156357,35.6253775546798,0.9867375886598745,0.20031987205117952,0.19672131147540983,advective posterior physics mean + sequential advective ST,near_ceiling_unsaturated_1K,1974,0.16189225716680888,0.11812695746136498,0.07120709247065396,0.1696076614767512,0.6595896786729812,1.0,2.5766480843975343,0.18297998262168436
DiagonalScanPath_7,Diagonal,evaluation,5,target_20pct,0.2,293.6173844367176,295.92680693793324,2.3094225012156357,35.6253775546798,0.9867375886598745,0.20031987205117952,0.19672131147540983,advective posterior physics mean + sequential advective ST,observed_censored_full_grid,501,2.0329878815711826,1.030199333753632,-0.9163614135576881,0.875900506381052,0.6952458821207158,0.780439121756487,2.713447108258727,1.4588722995904089
DiagonalScanPath_7,Diagonal,evaluation,5,target_20pct,0.2,293.6173844367176,295.92680693793324,2.3094225012156357,35.6253775546798,0.9867375886598745,0.20031987205117952,0.19672131147540983,advective posterior physics mean + sequential advective ST,overall,2501,0.9213365293505776,0.30080135512629064,-0.12676522880659408,0.3110787283458033,0.6665875276811027,0.9560175929628149,2.603497395115586,0.43864383710933597
DiagonalScanPath_7,Diagonal,evaluation,5,target_20pct,0.2,293.6173844367176,295.92680693793324,2.3094225012156357,35.6253775546798,0.9867375886598745,0.20031987205117952,0.19672131147540983,advective posterior physics mean + sequential advective ST,top_1pct,25,7.71066585394918,6.902317193751594,-6.474540622949669,6.495398209861967,0.7089989112527766,0.0,2.785661209161542,9.690104796949797
DiagonalScanPath_7,Diagonal,evaluation,5,target_20pct,0.2,293.6173844367176,295.92680693793324,2.3094225012156357,35.6253775546798,0.9867375886598745,0.20031987205117952,0.19672131147540983,advective posterior physics mean + sequential advective ST,unsaturated_full_grid,2000,0.16178451525946186,0.11808716148014162,0.07102861547355496,0.1695908729479735,0.6594086098939796,1.0,2.575954991973229,0.18307660725782726
DiagonalScanPath_7,Diagonal,evaluation,5,target_20pct,0.2,293.6173844367176,295.92680693793324,2.3094225012156357,35.6253775546798,0.9867375886598745,0.20031987205117952,0.19672131147540983,single-frame censored RBF,deliberately_hidden_observable,424,0.7917815736183191,0.6264554850821868,-0.23564219137089268,0.4710321390082702,0.45708642635606067,0.7617924528301887,1.7771075038067192,1.400880060061389
DiagonalScanPath_7,Diagonal,evaluation,5,target_20pct,0.2,293.6173844367176,295.92680693793324,2.3094225012156357,35.6253775546798,0.9867375886598745,0.20031987205117952,0.19672131147540983,single-frame censored RBF,near_ceiling_unsaturated_1K,1974,0.28333951331569884,0.2007988763671831,0.13327055818788758,0.6421117480536183,2.678246247751619,1.0,10.455362907979861,0.1034174855676688
DiagonalScanPath_7,Diagonal,evaluation,5,target_20pct,0.2,293.6173844367176,295.92680693793324,2.3094225012156357,35.6253775546798,0.9867375886598745,0.20031987205117952,0.19672131147540983,single-frame censored RBF,observed_censored_full_grid,501,3.035478403593421,1.2723115387130504,-0.9384246061809506,1.1024699096809645,0.454631751290867,0.6467065868263473,1.7678622310699943,2.841191646015233
DiagonalScanPath_7,Diagonal,evaluation,5,target_20pct,0.2,293.6173844367176,295.92680693793324,2.3094225012156357,35.6253775546798,0.9867375886598745,0.20031987205117952,0.19672131147540983,single-frame censored RBF,overall,2501,1.3821538480118027,0.4161756361640707,-0.08150737841690703,0.734494366606834,2.2330075490490944,0.9292283086765294,8.716728319093589,0.6522145985314058
DiagonalScanPath_7,Diagonal,evaluation,5,target_20pct,0.2,293.6173844367176,295.92680693793324,2.3094225012156357,35.6253775546798,0.9867375886598745,0.20031987205117952,0.19672131147540983,single-frame censored RBF,top_1pct,25,12.584138447736198,9.336791979770174,-9.336791979770174,9.087574427213028,0.4431865021950792,0.0,1.7199778489493338,20.55543393211893
DiagonalScanPath_7,Diagonal,evaluation,5,target_20pct,0.2,293.6173844367176,295.92680693793324,2.3094225012156357,35.6253775546798,0.9867375886598745,0.20031987205117952,0.19672131147540983,single-frame censored RBF,unsaturated_full_grid,2000,0.28416966737711746,0.20171359257555127,0.13315038713798588,0.6423164930667644,2.6784906863875304,1.0,10.4574192741435,0.10387584813670714
DiagonalScanPath_8,Diagonal,development,0,reference,0.03,296.12149833303096,296.12149833303096,0.0,40.09334965368305,0.9307393533206213,0.031187524990004,0.03078768492602959,advective posterior physics mean + sequential advective ST,deliberately_hidden_observable,0,,,,,,,,
DiagonalScanPath_8,Diagonal,development,0,reference,0.03,296.12149833303096,296.12149833303096,0.0,40.09334965368305,0.9307393533206213,0.031187524990004,0.03078768492602959,advective posterior physics mean + sequential advective ST,near_ceiling_unsaturated_1K,71,0.8461719510531702,0.5143133198125324,0.2309034495529409,0.3828908375782418,0.7608043038991038,0.9859154929577465,2.9723631657709046,0.555720721218363
DiagonalScanPath_8,Diagonal,development,0,reference,0.03,296.12149833303096,296.12149833303096,0.0,40.09334965368305,0.9307393533206213,0.031187524990004,0.03078768492602959,advective posterior physics mean + sequential advective ST,observed_censored_full_grid,78,3.0447789551549707,2.2440620793032426,0.7918823299422152,1.6300785326651486,1.6359973578437812,0.8589743589743589,6.384768676765941,1.3408059899032636
DiagonalScanPath_8,Diagonal,development,0,reference,0.03,296.12149833303096,296.12149833303096,0.0,40.09334965368305,0.9307393533206213,0.031187524990004,0.03078768492602959,advective posterior physics mean + sequential advective ST,overall,2501,0.5839733323178479,0.2041447853299907,0.08760991089539626,0.22371035896148916,0.6913864717050595,0.995201919232307,2.701508079765367,0.2431064914995189
DiagonalScanPath_8,Diagonal,development,0,reference,0.03,296.12149833303096,296.12149833303096,0.0,40.09334965368305,0.9307393533206213,0.031187524990004,0.03078768492602959,advective posterior physics mean + sequential advective ST,top_1pct,25,4.40384360563882,3.053930987018296,-1.2603291777664958,2.4831584481230284,1.9189858311291923,0.72,7.475222110039583,1.7108402672399226
DiagonalScanPath_8,Diagonal,development,0,reference,0.03,296.12149833303096,296.12149833303096,0.0,40.09334965368305,0.9307393533206213,0.031187524990004,0.03078768492602959,advective posterior physics mean + sequential advective ST,unsaturated_full_grid,2423,0.23144310670789867,0.13847679154958886,0.06493832662562661,0.17843726050961733,0.6609780321182578,0.9995872884853487,2.5829384030975815,0.20776990013530422
DiagonalScanPath_8,Diagonal,development,0,reference,0.03,296.12149833303096,296.12149833303096,0.0,40.09334965368305,0.9307393533206213,0.031187524990004,0.03078768492602959,single-frame censored RBF,deliberately_hidden_observable,0,,,,,,,,
DiagonalScanPath_8,Diagonal,development,0,reference,0.03,296.12149833303096,296.12149833303096,0.0,40.09334965368305,0.9307393533206213,0.031187524990004,0.03078768492602959,single-frame censored RBF,near_ceiling_unsaturated_1K,71,1.218606760167208,1.004869973558115,0.04674392276421367,0.8426425022811183,2.698549275017726,1.0,10.55985295936118,0.3878846567177596
DiagonalScanPath_8,Diagonal,development,0,reference,0.03,296.12149833303096,296.12149833303096,0.0,40.09334965368305,0.9307393533206213,0.031187524990004,0.03078768492602959,single-frame censored RBF,observed_censored_full_grid,78,5.928073911374706,3.289374125960779,0.44724744688228485,2.4628498211436667,1.888504822584208,0.7435897435897436,7.150689788781886,1.6958761895332726
DiagonalScanPath_8,Diagonal,development,0,reference,0.03,296.12149833303096,296.12149833303096,0.0,40.09334965368305,0.9307393533206213,0.031187524990004,0.03078768492602959,single-frame censored RBF,overall,2501,1.1187228518756271,0.29478048676320784,-0.054767592482308426,0.7724816998412259,2.9404642864825745,0.9920031987205118,11.478978057552826,0.13429255093072132
DiagonalScanPath_8,Diagonal,development,0,reference,0.03,296.12149833303096,296.12149833303096,0.0,40.09334965368305,0.9307393533206213,0.031187524990004,0.03078768492602959,single-frame censored RBF,top_1pct,25,9.69708132744627,4.780644760982934,-4.0867904777419675,4.222022613132173,2.0003720886314316,0.76,7.631545064226986,2.3286048549052634
DiagonalScanPath_8,Diagonal,development,0,reference,0.03,296.12149833303096,296.12149833303096,0.0,40.09334965368305,0.9307393533206213,0.031187524990004,0.03078768492602959,single-frame censored RBF,unsaturated_full_grid,2423,0.4006921816416656,0.19838003118854394,-0.0709282086896705,0.7180662176036732,2.9743284376109576,1.0,11.61831214131846,0.08402283412882326
DiagonalScanPath_8,Diagonal,development,1,target_5pct,0.05,295.3443160965603,296.12149833303096,0.7771822364706509,40.8705318901537,0.9487811008531455,0.05037984806077569,0.04998000799680128,advective posterior physics mean + sequential advective ST,deliberately_hidden_observable,47,2.4064222456304885,2.0683176789566424,2.0361906690401734,1.429857631676041,1.426873435681283,0.8297872340425532,5.543679773566887,1.3153042095720482
DiagonalScanPath_8,Diagonal,development,1,target_5pct,0.05,295.3443160965603,296.12149833303096,0.7771822364706509,40.8705318901537,0.9487811008531455,0.05037984806077569,0.04998000799680128,advective posterior physics mean + sequential advective ST,near_ceiling_unsaturated_1K,126,0.6394360418197117,0.3406862566305859,0.11361403406855487,0.2856349941241039,0.7200268645009475,0.9920634920634921,2.826699854888805,0.385552714622115
DiagonalScanPath_8,Diagonal,development,1,target_5pct,0.05,295.3443160965603,296.12149833303096,0.7771822364706509,40.8705318901537,0.9487811008531455,0.05037984806077569,0.04998000799680128,advective posterior physics mean + sequential advective ST,observed_censored_full_grid,126,2.8999786570417636,2.2243009418264914,1.105847512276749,1.5943969424417592,1.6888739748264647,0.873015873015873,6.5631230173554425,1.2799296460948595
DiagonalScanPath_8,Diagonal,development,1,target_5pct,0.05,295.3443160965603,296.12149833303096,0.7771822364706509,40.8705318901537,0.9487811008531455,0.05037984806077569,0.04998000799680128,advective posterior physics mean + sequential advective ST,overall,2501,0.6893974723383016,0.24158671319218683,0.12085102137491407,0.2494550599888398,0.7128640265436624,0.9924030387844862,2.785150864751073,0.2583120685162194
DiagonalScanPath_8,Diagonal,development,1,target_5pct,0.05,295.3443160965603,296.12149833303096,0.7771822364706509,40.8705318901537,0.9487811008531455,0.05037984806077569,0.04998000799680128,advective posterior physics mean + sequential advective ST,top_1pct,25,4.689600732966703,3.2703540090071623,-2.124175798840822,2.670877982827837,1.9591044252893668,0.72,7.56396746546864,1.7046410410997566
DiagonalScanPath_8,Diagonal,development,1,target_5pct,0.05,295.3443160965603,296.12149833303096,0.7771822364706509,40.8705318901537,0.9487811008531455,0.05037984806077569,0.04998000799680128,advective posterior physics mean + sequential advective ST,unsaturated_full_grid,2375,0.2330602392583,0.1363985056941143,0.06859436543654304,0.17810235380396916,0.6610841303400274,0.9987368421052631,2.5847195000234304,0.20411256755836316
DiagonalScanPath_8,Diagonal,development,1,target_5pct,0.05,295.3443160965603,296.12149833303096,0.7771822364706509,40.8705318901537,0.9487811008531455,0.05037984806077569,0.04998000799680128,single-frame censored RBF,deliberately_hidden_observable,47,2.6367694625986586,2.579205910935266,2.579205910935266,1.645464896887632,1.7249762764506995,0.7021276595744681,6.530593395004349,1.5081151020505437
DiagonalScanPath_8,Diagonal,development,1,target_5pct,0.05,295.3443160965603,296.12149833303096,0.7771822364706509,40.8705318901537,0.9487811008531455,0.05037984806077569,0.04998000799680128,single-frame censored RBF,near_ceiling_unsaturated_1K,126,1.2194325912729838,0.9902145477370218,-0.06636286862605778,0.8418464094046147,2.674023742289526,0.9920634920634921,10.447231502834299,0.39853109361937894
DiagonalScanPath_8,Diagonal,development,1,target_5pct,0.05,295.3443160965603,296.12149833303096,0.7771822364706509,40.8705318901537,0.9487811008531455,0.05037984806077569,0.04998000799680128,single-frame censored RBF,observed_censored_full_grid,126,5.057604696133333,2.730358097273308,0.5759806721857532,1.992012491910711,1.7560215363990108,0.8095238095238095,6.667371277962318,1.525340050528866
DiagonalScanPath_8,Diagonal,development,1,target_5pct,0.05,295.3443160965603,296.12149833303096,0.7771822364706509,40.8705318901537,0.9487811008531455,0.05037984806077569,0.04998000799680128,single-frame censored RBF,overall,2501,1.1999459162207389,0.3143952039349688,-0.003312084769074785,0.7807259941523466,2.9013609032074776,0.9896041583366654,11.333331538332338,0.15595188219353626
DiagonalScanPath_8,Diagonal,development,1,target_5pct,0.05,295.3443160965603,296.12149833303096,0.7771822364706509,40.8705318901537,0.9487811008531455,0.05037984806077569,0.04998000799680128,single-frame censored RBF,top_1pct,25,10.442937475610785,5.478341101270164,-5.366690571117527,4.930822057023907,1.7775869762383008,0.68,6.801743059309929,2.953673707650597
DiagonalScanPath_8,Diagonal,development,1,target_5pct,0.05,295.3443160965603,296.12149833303096,0.7771822364706509,40.8705318901537,0.9487811008531455,0.05037984806077569,0.04998000799680128,single-frame censored RBF,unsaturated_full_grid,2375,0.3990068469444619,0.18622201464628213,-0.03404508998015198,0.7164640578502185,2.9621241706676327,0.9991578947368421,11.580873008987759,0.08330223621027244
DiagonalScanPath_8,Diagonal,development,2,target_7.5pct,0.075,294.72385117814065,296.12149833303096,1.3976471548903078,41.49099680857336,0.9631847643513635,0.07516993202718912,0.07836865253898441,advective posterior physics mean + sequential advective ST,deliberately_hidden_observable,110,1.5672313204777026,1.3643528393902469,1.32532808751931,0.8919503082563857,1.3724125639349143,0.990909090909091,5.352690268098631,0.9557695191660288
DiagonalScanPath_8,Diagonal,development,2,target_7.5pct,0.075,294.72385117814065,296.12149833303096,1.3976471548903078,41.49099680857336,0.9631847643513635,0.07516993202718912,0.07836865253898441,advective posterior physics mean + sequential advective ST,near_ceiling_unsaturated_1K,242,0.4561803969588138,0.28197427442321166,0.08638038000073288,0.24242516300233094,0.7107048379877831,1.0,2.7775732948478464,0.36315542509658877
DiagonalScanPath_8,Diagonal,development,2,target_7.5pct,0.075,294.72385117814065,296.12149833303096,1.3976471548903078,41.49099680857336,0.9631847643513635,0.07516993202718912,0.07836865253898441,advective posterior physics mean + sequential advective ST,observed_censored_full_grid,188,2.60504667701246,1.7566953950800992,0.38366223954385853,1.2739352382030307,1.4718319537554916,0.9148936170212766,5.7300771476015075,1.1927633985537738
DiagonalScanPath_8,Diagonal,development,2,target_7.5pct,0.075,294.72385117814065,296.12149833303096,1.3976471548903078,41.49099680857336,0.9631847643513635,0.07516993202718912,0.07836865253898441,advective posterior physics mean + sequential advective ST,overall,2501,0.7428988521076615,0.2574214125544563,0.09574184968637757,0.2594819389718373,0.7240470913626479,0.9936025589764095,2.8283048543642484,0.2782605236975154
DiagonalScanPath_8,Diagonal,development,2,target_7.5pct,0.075,294.72385117814065,296.12149833303096,1.3976471548903078,41.49099680857336,0.9631847643513635,0.07516993202718912,0.07836865253898441,advective posterior physics mean + sequential advective ST,top_1pct,25,5.9845960163475524,4.674862178523622,-4.160344175816163,3.924062431361851,1.5275663309699234,0.44,5.979514643088021,3.2356855438830645
DiagonalScanPath_8,Diagonal,development,2,target_7.5pct,0.075,294.72385117814065,296.12149833303096,1.3976471548903078,41.49099680857336,0.9631847643513635,0.07516993202718912,0.07836865253898441,advective posterior physics mean + sequential advective ST,unsaturated_full_grid,2313,0.21253441546483906,0.13556083809928082,0.0723397600654496,0.1770274555064398,0.6632673446571336,1.0,2.59244960528141,0.20392998306933705
DiagonalScanPath_8,Diagonal,development,2,target_7.5pct,0.075,294.72385117814065,296.12149833303096,1.3976471548903078,41.49099680857336,0.9631847643513635,0.07516993202718912,0.07836865253898441,single-frame censored RBF,deliberately_hidden_observable,110,1.5910656203279832,1.494427165564946,1.494427165564946,0.8742937178902135,1.3216125776134011,0.9181818181818182,5.050150305047282,1.1373328397750213
DiagonalScanPath_8,Diagonal,development,2,target_7.5pct,0.075,294.72385117814065,296.12149833303096,1.3976471548903078,41.49099680857336,0.9631847643513635,0.07516993202718912,0.07836865253898441,single-frame censored RBF,near_ceiling_unsaturated_1K,242,0.6930134041121238,0.5176082337371765,0.10131897481690028,0.6952624691495869,2.611412292594979,1.0,10.227989384233533,0.24437308066166322
DiagonalScanPath_8,Diagonal,development,2,target_7.5pct,0.075,294.72385117814065,296.12149833303096,1.3976471548903078,41.49099680857336,0.9631847643513635,0.07516993202718912,0.07836865253898441,single-frame censored RBF,observed_censored_full_grid,188,4.343683567621086,1.9632714458010314,-0.03990929777395386,1.4850474232592312,1.2986632846761033,0.8776595744680851,4.971988381627479,1.6108742555667679
DiagonalScanPath_8,Diagonal,development,2,target_7.5pct,0.075,294.72385117814065,296.12149833303096,1.3976471548903078,41.49099680857336,0.9631847643513635,0.07516993202718912,0.07836865253898441,single-frame censored RBF,overall,2501,1.2215252522165878,0.2830964254016065,-0.0020066096455354505,0.7614632937203727,2.8201607507779287,0.9908036785285885,11.014125449992383,0.18792761929416127
DiagonalScanPath_8,Diagonal,development,2,target_7.5pct,0.075,294.72385117814065,296.12149833303096,1.3976471548903078,41.49099680857336,0.9631847643513635,0.07516993202718912,0.07836865253898441,single-frame censored RBF,top_1pct,25,11.382175103747988,6.895975005221687,-6.895975005221687,6.323950695946341,1.1971199104986847,0.44,4.6195515205187645,6.069539326058923
DiagonalScanPath_8,Diagonal,development,2,target_7.5pct,0.075,294.72385117814065,296.12149833303096,1.3976471548903078,41.49099680857336,0.9631847643513635,0.07516993202718912,0.07836865253898441,single-frame censored RBF,unsaturated_full_grid,2313,0.2825794001736398,0.14653226464281197,0.001074110357984939,0.7026505758849618,2.9438276438290067,1.0,11.505228679068301,0.07227091042289019
DiagonalScanPath_8,Diagonal,development,3,target_10pct,0.1,294.36281532036475,296.12149833303096,1.7586830126662107,41.85203266634926,0.9715659618241227,0.10035985605757697,0.10275889644142343,advective posterior physics mean + sequential advective ST,deliberately_hidden_observable,172,0.8817854155594804,0.7410559730063347,0.6377836536067572,0.49948390465198955,1.1449454622001782,1.0,4.456649482932145,0.6409936652016142
DiagonalScanPath_8,Diagonal,development,3,target_10pct,0.1,294.36281532036475,296.12149833303096,1.7586830126662107,41.85203266634926,0.9715659618241227,0.10035985605757697,0.10275889644142343,advective posterior physics mean + sequential advective ST,near_ceiling_unsaturated_1K,704,0.29317947271567146,0.1804901776491694,0.0847883656533302,0.1953336974764235,0.6704564789088561,1.0,2.6178610726815648,0.26194592335624506
DiagonalScanPath_8,Diagonal,development,3,target_10pct,0.1,294.36281532036475,296.12149833303096,1.7586830126662107,41.85203266634926,0.9715659618241227,0.10035985605757697,0.10275889644142343,advective posterior physics mean + sequential advective ST,observed_censored_full_grid,251,2.2152488599797895,1.2666863610387167,-0.2432209967188688,0.9674632970791945,1.1615743981867104,0.8924302788844621,4.521901085646721,1.0924679428792232
DiagonalScanPath_8,Diagonal,development,3,target_10pct,0.1,294.36281532036475,296.12149833303096,1.7586830126662107,41.85203266634926,0.9715659618241227,0.10035985605757697,0.10275889644142343,advective posterior physics mean + sequential advective ST,overall,2501,0.7286995652587491,0.24828304865318396,0.04515383386478543,0.25593640527661843,0.7121768076769545,0.989204318272691,2.782257961196379,0.29274609637436483
DiagonalScanPath_8,Diagonal,development,3,target_10pct,0.1,294.36281532036475,296.12149833303096,1.7586830126662107,41.85203266634926,0.9715659618241227,0.10035985605757697,0.10275889644142343,advective posterior physics mean + sequential advective ST,top_1pct,25,6.38290865122103,5.401039285504655,-4.987982536496213,4.728551834878288,1.204402960550047,0.04,4.703896946649963,4.619845031569861
DiagonalScanPath_8,Diagonal,development,3,target_10pct,0.1,294.36281532036475,296.12149833303096,1.7586830126662107,41.85203266634926,0.9715659618241227,0.10035985605757697,0.10275889644142343,advective posterior physics mean + sequential advective ST,unsaturated_full_grid,2250,0.20688100568528886,0.13467450136039788,0.07732364829878419,0.17656162756886437,0.6620440098023106,1.0,2.5881911059799183,0.20353268149760065
DiagonalScanPath_8,Diagonal,development,3,target_10pct,0.1,294.36281532036475,296.12149833303096,1.7586830126662107,41.85203266634926,0.9715659618241227,0.10035985605757697,0.10275889644142343,single-frame censored RBF,deliberately_hidden_observable,172,0.6539057561906616,0.553513783324679,0.42482416783678667,0.36373959164951447,0.8079970458698844,1.0,3.118343747441723,0.7104783986314992
DiagonalScanPath_8,Diagonal,development,3,target_10pct,0.1,294.36281532036475,296.12149833303096,1.7586830126662107,41.85203266634926,0.9715659618241227,0.10035985605757697,0.10275889644142343,single-frame censored RBF,near_ceiling_unsaturated_1K,704,0.2814362643429893,0.17978332355011242,0.01524782868954992,0.6688073597648095,2.7798059191878703,1.0,10.872179549706054,0.10691222857461731
DiagonalScanPath_8,Diagonal,development,3,target_10pct,0.1,294.36281532036475,296.12149833303096,1.7586830126662107,41.85203266634926,0.9715659618241227,0.10035985605757697,0.10275889644142343,single-frame censored RBF,observed_censored_full_grid,251,3.9459505589542747,1.5113123292860187,-0.8287996622833854,1.2641338665905142,0.8061099413971508,0.8326693227091634,3.1077107125015795,2.0622744170105913
DiagonalScanPath_8,Diagonal,development,3,target_10pct,0.1,294.36281532036475,296.12149833303096,1.7586830126662107,41.85203266634926,0.9715659618241227,0.10035985605757697,0.10275889644142343,single-frame censored RBF,overall,2501,1.2635920848945175,0.2562236521788622,-0.08079800689086877,0.7492365140263301,2.7117247908174313,0.9832067173130747,10.589730917087149,0.26318976419994233
DiagonalScanPath_8,Diagonal,development,3,target_10pct,0.1,294.36281532036475,296.12149833303096,1.7586830126662107,41.85203266634926,0.9715659618241227,0.10035985605757697,0.10275889644142343,single-frame censored RBF,top_1pct,25,12.162585865371346,8.29975485583574,-8.29975485583574,7.823499706804557,0.8542987969396961,0.0,3.2376773761707183,11.691647755391575
DiagonalScanPath_8,Diagonal,development,3,target_10pct,0.1,294.36281532036475,296.12149833303096,1.7586830126662107,41.85203266634926,0.9715659618241227,0.10035985605757697,0.10275889644142343,single-frame censored RBF,unsaturated_full_grid,2250,0.19443031112068157,0.11621153753268611,0.002645733332918629,0.6917968538069477,2.9243067140194268,1.0,11.424391837687583,0.0624918762641767
DiagonalScanPath_8,Diagonal,development,4,target_15pct,0.15,293.8191112865884,296.12149833303096,2.3023870464425613,42.39573670012561,0.9841876745312406,0.15033986405437824,0.15473810475809677,advective posterior physics mean + sequential advective ST,deliberately_hidden_observable,297,0.6288489332137839,0.47268947919148024,-0.2808553387439074,0.3509035787163145,0.7227211717553866,0.9629629629629629,2.8271146834300125,0.653246809763167
DiagonalScanPath_8,Diagonal,development,4,target_15pct,0.15,293.8191112865884,296.12149833303096,2.3023870464425613,42.39573670012561,0.9841876745312406,0.15033986405437824,0.15473810475809677,advective posterior physics mean + sequential advective ST,near_ceiling_unsaturated_1K,1956,0.17496863407522467,0.1269021639021652,0.08097389315863511,0.17214703224974734,0.658614487716919,1.0,2.5744600328844944,0.19717422518919367
DiagonalScanPath_8,Diagonal,development,4,target_15pct,0.15,293.8191112865884,296.12149833303096,2.3023870464425613,42.39573670012561,0.9841876745312406,0.15033986405437824,0.15473810475809677,advective posterior physics mean + sequential advective ST,observed_censored_full_grid,376,2.256948614623261,1.1586099906676883,-0.9843520813928197,0.9769579282406499,0.7262503809610146,0.776595744680851,2.8401957116534984,1.5741584894692562
DiagonalScanPath_8,Diagonal,development,4,target_15pct,0.15,293.8191112865884,296.12149833303096,2.3023870464425613,42.39573670012561,0.9841876745312406,0.15033986405437824,0.15473810475809677,advective posterior physics mean + sequential advective ST,overall,2501,0.8896886584982155,0.2815178477525917,-0.07979238103474087,0.2930924419541847,0.6690899850746258,0.9664134346261496,2.6151902617493072,0.40363961126641185
DiagonalScanPath_8,Diagonal,development,4,target_15pct,0.15,293.8191112865884,296.12149833303096,2.3023870464425613,42.39573670012561,0.9841876745312406,0.15033986405437824,0.15473810475809677,advective posterior physics mean + sequential advective ST,top_1pct,25,7.6813349349281905,6.7760312521220865,-6.467539760210149,6.3603322458960125,0.7418916950169709,0.0,2.900973345435075,9.121493044322232
DiagonalScanPath_8,Diagonal,development,4,target_15pct,0.15,293.8191112865884,296.12149833303096,2.3023870464425613,42.39573670012561,0.9841876745312406,0.15033986405437824,0.15473810475809677,advective posterior physics mean + sequential advective ST,unsaturated_full_grid,2125,0.1740603115450304,0.1263241321120852,0.08026147653450037,0.17208847826302667,0.6589759573789635,1.0,2.575377532730966,0.19652662387616737
DiagonalScanPath_8,Diagonal,development,4,target_15pct,0.15,293.8191112865884,296.12149833303096,2.3023870464425613,42.39573670012561,0.9841876745312406,0.15033986405437824,0.15473810475809677,single-frame censored RBF,deliberately_hidden_observable,297,0.6929060909896786,0.5564421876127871,-0.22216665048396003,0.39861704839632806,0.5014688239448287,0.8417508417508418,1.9543279263405133,1.108741707764827
DiagonalScanPath_8,Diagonal,development,4,target_15pct,0.15,293.8191112865884,296.12149833303096,2.3023870464425613,42.39573670012561,0.9841876745312406,0.15033986405437824,0.15473810475809677,single-frame censored RBF,near_ceiling_unsaturated_1K,1956,0.21064953659964886,0.13065885573311783,0.06627290217038978,0.6740803938867572,2.8429320727335257,1.0,11.103896821573299,0.0713730616407507
DiagonalScanPath_8,Diagonal,development,4,target_15pct,0.15,293.8191112865884,296.12149833303096,2.3023870464425613,42.39573670012561,0.9841876745312406,0.15033986405437824,0.15473810475809677,single-frame censored RBF,observed_censored_full_grid,376,3.543248817913843,1.4333704041198694,-1.165816740289826,1.250954238160159,0.49812966198847997,0.6702127659574468,1.9400868360230952,2.784270214339208
DiagonalScanPath_8,Diagonal,development,4,target_15pct,0.15,293.8191112865884,296.12149833303096,2.3023870464425613,42.39573670012561,0.9841876745312406,0.15033986405437824,0.15473810475809677,single-frame censored RBF,overall,2501,1.3874717593343924,0.3259326026246996,-0.12235414926455489,0.7634777318335186,2.501319138787502,0.9504198320671732,9.772126418621678,0.4792200215052004
DiagonalScanPath_8,Diagonal,development,4,target_15pct,0.15,293.8191112865884,296.12149833303096,2.3023870464425613,42.39573670012561,0.9841876745312406,0.15033986405437824,0.15473810475809677,single-frame censored RBF,top_1pct,25,12.980631646082825,9.533155400896883,-9.533155400896883,9.241094551235147,0.518628636501201,0.0,2.0133132072003423,17.00603469805171
DiagonalScanPath_8,Diagonal,development,4,target_15pct,0.15,293.8191112865884,296.12149833303096,2.3023870464425613,42.39573670012561,0.9841876745312406,0.15033986405437824,0.15473810475809677,single-frame censored RBF,unsaturated_full_grid,2125,0.21041762781840992,0.12998125516014244,0.062277349194504866,0.6772230653023107,2.855765841505823,1.0,11.157936716530886,0.07136172856139468
DiagonalScanPath_8,Diagonal,development,5,target_20pct,0.2,293.6305450615168,296.12149833303096,2.4909532715141722,42.58430292519722,0.988565108891234,0.20031987205117952,0.20551779288284686,advective posterior physics mean + sequential advective ST,deliberately_hidden_observable,422,0.7545260156956533,0.5279745116672933,-0.41388304831566647,0.4080025517565976,0.6946703061750261,0.9123222748815166,2.717774457614075,0.7545226552527701
DiagonalScanPath_8,Diagonal,development,5,target_20pct,0.2,293.6305450615168,296.12149833303096,2.4909532715141722,42.58430292519722,0.988565108891234,0.20031987205117952,0.20551779288284686,advective posterior physics mean + sequential advective ST,near_ceiling_unsaturated_1K,1967,0.17137684698083924,0.12442099716981632,0.08412215999643671,0.17178785472572994,0.6594224049277537,1.0,2.576789111036987,0.19336769254511904
DiagonalScanPath_8,Diagonal,development,5,target_20pct,0.2,293.6305450615168,296.12149833303096,2.4909532715141722,42.58430292519722,0.988565108891234,0.20031987205117952,0.20551779288284686,advective posterior physics mean + sequential advective ST,observed_censored_full_grid,501,2.169317683735804,1.1075553418775022,-0.9972414880099029,0.9453796295115685,0.6964688947249381,0.7724550898203593,2.7243771203793394,1.570636961302178
DiagonalScanPath_8,Diagonal,development,5,target_20pct,0.2,293.6305450615168,296.12149833303096,2.4909532715141722,42.58430292519722,0.988565108891234,0.20031987205117952,0.20551779288284686,advective posterior physics mean + sequential advective ST,overall,2501,0.982970835437067,0.3214762105742097,-0.13251137988143505,0.3268274153275522,0.666957664747981,0.9544182327069173,2.60686941252266,0.469515980356591
DiagonalScanPath_8,Diagonal,development,5,target_20pct,0.2,293.6305450615168,296.12149833303096,2.4909532715141722,42.58430292519722,0.988565108891234,0.20031987205117952,0.20551779288284686,advective posterior physics mean + sequential advective ST,top_1pct,25,8.174414043166378,7.3249866133872725,-7.047225008300274,6.924222005997811,0.7068232330188573,0.0,2.763113721184234,10.299706688542502
DiagonalScanPath_8,Diagonal,development,5,target_20pct,0.2,293.6305450615168,296.12149833303096,2.4909532715141722,42.58430292519722,0.988565108891234,0.20031987205117952,0.20551779288284686,advective posterior physics mean + sequential advective ST,unsaturated_full_grid,2000,0.1715660867793051,0.12456338818273494,0.08410351220474613,0.17188008567445615,0.6595651016387534,1.0,2.577433731704562,0.1936851746297214
DiagonalScanPath_8,Diagonal,development,5,target_20pct,0.2,293.6305450615168,296.12149833303096,2.4909532715141722,42.58430292519722,0.988565108891234,0.20031987205117952,0.20551779288284686,single-frame censored RBF,deliberately_hidden_observable,422,0.8131494567944486,0.6451116257464342,-0.26299596882450615,0.48165357098722383,0.46016341670225686,0.7725118483412322,1.7982318830336954,1.4300380619530302
DiagonalScanPath_8,Diagonal,development,5,target_20pct,0.2,293.6305450615168,296.12149833303096,2.4909532715141722,42.58430292519722,0.988565108891234,0.20031987205117952,0.20551779288284686,single-frame censored RBF,near_ceiling_unsaturated_1K,1967,0.295969895217775,0.21721809446978108,0.1628153903680604,0.6433863441677795,2.679207135386634,1.0,10.466930158339661,0.10896083107134026
DiagonalScanPath_8,Diagonal,development,5,target_20pct,0.2,293.6305450615168,296.12149833303096,2.4909532715141722,42.58430292519722,0.988565108891234,0.20031987205117952,0.20551779288284686,single-frame censored RBF,observed_censored_full_grid,501,3.2160025428931913,1.3421536294353575,-1.020291738774572,1.166851450716623,0.45559872779964544,0.6526946107784432,1.7805899980903441,3.0609247204387415
DiagonalScanPath_8,Diagonal,development,5,target_20pct,0.2,293.6305450615168,296.12149833303096,2.4909532715141722,42.58430292519722,0.988565108891234,0.20031987205117952,0.20551779288284686,single-frame censored RBF,overall,2501,1.463649191232508,0.44293681479077757,-0.07441566420314728,0.7489163618972313,2.235673358679877,0.9304278288684527,8.735143462085835,0.7005669661114076
DiagonalScanPath_8,Diagonal,development,5,target_20pct,0.2,293.6305450615168,296.12149833303096,2.4909532715141722,42.58430292519722,0.988565108891234,0.20031987205117952,0.20551779288284686,single-frame censored RBF,top_1pct,25,13.331041946793974,9.917758296506522,-9.917758296506522,9.679835746956062,0.4248260034316963,0.0,1.6610348511694315,23.110863350824772
DiagonalScanPath_8,Diagonal,development,5,target_20pct,0.2,293.6305450615168,296.12149833303096,2.4909532715141722,42.58430292519722,0.988565108891234,0.20031987205117952,0.20551779288284686,single-frame censored RBF,unsaturated_full_grid,2000,0.29676236801547373,0.2176830027223102,0.1625262924769946,0.6442236221479736,2.6815820537153754,1.0,10.477259104816705,0.10929734865241045
HorizontalScanPath_1,Horizontal,evaluation,0,reference,0.03,294.63123831934564,294.63123831934564,0.0,22.849814961801087,0.9382933493008395,0.03198720511795282,0.032387045181927226,advective posterior physics mean + sequential advective ST,deliberately_hidden_observable,0,,,,,,,,
HorizontalScanPath_1,Horizontal,evaluation,0,reference,0.03,294.63123831934564,294.63123831934564,0.0,22.849814961801087,0.9382933493008395,0.03198720511795282,0.032387045181927226,advective posterior physics mean + sequential advective ST,near_ceiling_unsaturated_1K,219,0.6552440783910584,0.297909215106956,0.1607581563973963,0.2656255400318396,0.7072181824297398,1.0,2.756348598071363,0.33645820964781825
HorizontalScanPath_1,Horizontal,evaluation,0,reference,0.03,294.63123831934564,294.63123831934564,0.0,22.849814961801087,0.9382933493008395,0.03198720511795282,0.032387045181927226,advective posterior physics mean + sequential advective ST,observed_censored_full_grid,80,2.466701160812435,1.9573345150519779,1.2209055732713943,1.3570049460427354,1.727062883762759,0.95,6.71399653355855,1.0607813034993878
HorizontalScanPath_1,Horizontal,evaluation,0,reference,0.03,294.63123831934564,294.63123831934564,0.0,22.849814961801087,0.9382933493008395,0.03198720511795282,0.032387045181927226,advective posterior physics mean + sequential advective ST,overall,2501,0.5073480778527624,0.19439880786118469,0.1162183729308493,0.21712932181092742,0.6954632442898075,0.9984006397441023,2.7160289816840884,0.22943377536642753
HorizontalScanPath_1,Horizontal,evaluation,0,reference,0.03,294.63123831934564,294.63123831934564,0.0,22.849814961801087,0.9382933493008395,0.03198720511795282,0.032387045181927226,advective posterior physics mean + sequential advective ST,top_1pct,25,2.8665871228412994,1.8155271691599342,-0.4564172022761954,1.4264128974756485,1.8582094973632945,0.84,7.231328134464738,0.9567697724631928
HorizontalScanPath_1,Horizontal,evaluation,0,reference,0.03,294.63123831934564,294.63123831934564,0.0,22.849814961801087,0.9382933493008395,0.03198720511795282,0.032387045181927226,advective posterior physics mean + sequential advective ST,unsaturated_full_grid,2421,0.2546497890629999,0.13614401373674706,0.07971487188696512,0.1794630475694798,0.6613748629771944,1.0,2.583919355847675,0.2019625641930955
HorizontalScanPath_1,Horizontal,evaluation,0,reference,0.03,294.63123831934564,294.63123831934564,0.0,22.849814961801087,0.9382933493008395,0.03198720511795282,0.032387045181927226,single-frame censored RBF,deliberately_hidden_observable,0,,,,,,,,
HorizontalScanPath_1,Horizontal,evaluation,0,reference,0.03,294.63123831934564,294.63123831934564,0.0,22.849814961801087,0.9382933493008395,0.03198720511795282,0.032387045181927226,single-frame censored RBF,near_ceiling_unsaturated_1K,219,1.053306907168415,0.7312554596592379,0.37610531476810644,0.8118163231203718,2.7512790692856046,1.0,10.736218301864962,0.3116437374174021
HorizontalScanPath_1,Horizontal,evaluation,0,reference,0.03,294.63123831934564,294.63123831934564,0.0,22.849814961801087,0.9382933493008395,0.03198720511795282,0.032387045181927226,single-frame censored RBF,observed_censored_full_grid,80,3.4147201983266875,2.6571747775180308,1.6286066900647633,1.7967821676085567,1.9278351332810355,0.7375,7.250698540826328,1.42242256779105
HorizontalScanPath_1,Horizontal,evaluation,0,reference,0.03,294.63123831934564,294.63123831934564,0.0,22.849814961801087,0.9382933493008395,0.03198720511795282,0.032387045181927226,single-frame censored RBF,overall,2501,0.7117905736714947,0.23958069124457906,0.08492630724187551,0.7480191139038704,2.926775442834112,0.9916033586565374,11.421386073484468,0.1175840981002584
HorizontalScanPath_1,Horizontal,evaluation,0,reference,0.03,294.63123831934564,294.63123831934564,0.0,22.849814961801087,0.9382933493008395,0.03198720511795282,0.032387045181927226,single-frame censored RBF,top_1pct,25,4.508396782956792,2.570125811726889,-0.7212920681235664,1.9592876634183838,2.1199249605460597,0.88,8.111183402571069,1.327433271213778
HorizontalScanPath_1,Horizontal,evaluation,0,reference,0.03,294.63123831934564,294.63123831934564,0.0,22.849814961801087,0.9382933493008395,0.03198720511795282,0.032387045181927226,single-frame censored RBF,unsaturated_full_grid,2421,0.3715936159453953,0.15969323692740595,0.033916629164291445,0.7133635813568342,2.9597846228276046,1.0,11.559203092324887,0.07446675915962918
HorizontalScanPath_1,Horizontal,evaluation,1,target_5pct,0.05,294.20825640203134,294.63123831934564,0.4229819173143028,23.27279687911539,0.9556624667555764,0.05037984806077569,0.047181127548980406,advective posterior physics mean + sequential advective ST,deliberately_hidden_observable,45,2.3983645052436087,1.9399483762579584,1.876441719673874,1.3237500970400342,1.43105406206868,0.9555555555555556,5.602077616446003,1.1308735055442363
HorizontalScanPath_1,Horizontal,evaluation,1,target_5pct,0.05,294.20825640203134,294.63123831934564,0.4229819173143028,23.27279687911539,0.9556624667555764,0.05037984806077569,0.047181127548980406,advective posterior physics mean + sequential advective ST,near_ceiling_unsaturated_1K,1046,0.31379799470528086,0.15518588470394104,0.09309776780111988,0.18828463779941848,0.6661816850998742,0.9980879541108987,2.6022498488818915,0.22074638733279003
HorizontalScanPath_1,Horizontal,evaluation,1,target_5pct,0.05,294.20825640203134,294.63123831934564,0.4229819173143028,23.27279687911539,0.9556624667555764,0.05037984806077569,0.047181127548980406,advective posterior physics mean + sequential advective ST,observed_censored_full_grid,126,2.7136365828586597,2.1773113299354616,1.5752452182356478,1.5094391977330954,1.7764546363065008,0.9285714285714286,6.944677959541628,1.1327321744927425
HorizontalScanPath_1,Horizontal,evaluation,1,target_5pct,0.05,294.20825640203134,294.63123831934564,0.4229819173143028,23.27279687911539,0.9556624667555764,0.05037984806077569,0.047181127548980406,advective posterior physics mean + sequential advective ST,overall,2501,0.6534832286980866,0.23716113397381877,0.15607296017252228,0.2454739774747058,0.7178009357892472,0.9956017592962815,2.8047014629671607,0.24692054822661336
HorizontalScanPath_1,Horizontal,evaluation,1,target_5pct,0.05,294.20825640203134,294.63123831934564,0.4229819173143028,23.27279687911539,0.9556624667555764,0.05037984806077569,0.047181127548980406,advective posterior physics mean + sequential advective ST,top_1pct,25,3.1835351630848066,1.9504920535921724,-0.9292697652512039,1.566265872231328,1.872412029402116,0.84,7.325931645066378,1.0114602968244377
HorizontalScanPath_1,Horizontal,evaluation,1,target_5pct,0.05,294.20825640203134,294.63123831934564,0.4229819173143028,23.27279687911539,0.9556624667555764,0.05037984806077569,0.047181127548980406,advective posterior physics mean + sequential advective ST,unsaturated_full_grid,2375,0.24295211078637854,0.13423106041964317,0.08078213721843645,0.17841729631573444,0.661636571046016,0.9991578947368421,2.585064815148894,0.19992591036996815
HorizontalScanPath_1,Horizontal,evaluation,1,target_5pct,0.05,294.20825640203134,294.63123831934564,0.4229819173143028,23.27279687911539,0.9556624667555764,0.05037984806077569,0.047181127548980406,single-frame censored RBF,deliberately_hidden_observable,45,2.854696435179578,2.7671993103119172,2.7671993103119172,1.848898636287827,1.6611518796966374,0.4666666666666667,6.193291571825823,1.6757348843707156
HorizontalScanPath_1,Horizontal,evaluation,1,target_5pct,0.05,294.20825640203134,294.63123831934564,0.4229819173143028,23.27279687911539,0.9556624667555764,0.05037984806077569,0.047181127548980406,single-frame censored RBF,near_ceiling_unsaturated_1K,1046,0.5387189838128235,0.2383175144749057,0.13912531303944933,0.7202071436850671,2.8802826445514444,0.9990439770554493,11.248418861170736,0.1174713691722727
HorizontalScanPath_1,Horizontal,evaluation,1,target_5pct,0.05,294.20825640203134,294.63123831934564,0.4229819173143028,23.27279687911539,0.9556624667555764,0.05037984806077569,0.047181127548980406,single-frame censored RBF,observed_censored_full_grid,126,3.2529988530926586,2.4745893166838484,1.534042266042717,1.7505614112279255,1.63685083074682,0.626984126984127,6.187206102210968,1.5171973894048274
HorizontalScanPath_1,Horizontal,evaluation,1,target_5pct,0.05,294.20825640203134,294.63123831934564,0.4229819173143028,23.27279687911539,0.9556624667555764,0.05037984806077569,0.047181127548980406,single-frame censored RBF,overall,2501,0.834435009451178,0.2804472983107022,0.1467160254199859,0.7669579845947658,2.87458972323558,0.9808076769292283,11.219720477158393,0.1520375087949173
HorizontalScanPath_1,Horizontal,evaluation,1,target_5pct,0.05,294.20825640203134,294.63123831934564,0.4229819173143028,23.27279687911539,0.9556624667555764,0.05037984806077569,0.047181127548980406,single-frame censored RBF,top_1pct,25,5.064407150383341,2.532784805883823,-2.1534790216016315,2.212385111645619,1.6833635783781447,0.88,6.416735958747983,1.5185046334906707
HorizontalScanPath_1,Horizontal,evaluation,1,target_5pct,0.05,294.20825640203134,294.63123831934564,0.4229819173143028,23.27279687911539,0.9556624667555764,0.05037984806077569,0.047181127548980406,single-frame censored RBF,unsaturated_full_grid,2375,0.41450975505680554,0.16404229017806365,0.07311471749642205,0.7147752343818067,2.9402550286897204,0.999578947368421,11.486708608208234,0.07961218460255995
HorizontalScanPath_1,Horizontal,evaluation,2,target_7.5pct,0.075,293.8766937079928,294.63123831934564,0.7545446113528556,23.604359573153943,0.9692775910448859,0.07516993202718912,0.07317073170731707,advective posterior physics mean + sequential advective ST,deliberately_hidden_observable,108,1.4255505718798012,1.148360703329909,1.0545346115823249,0.7591446215314279,1.1500932699132231,0.9722222222222222,4.469563000221185,0.8668757877396535
HorizontalScanPath_1,Horizontal,evaluation,2,target_7.5pct,0.075,293.8766937079928,294.63123831934564,0.7545446113528556,23.604359573153943,0.9692775910448859,0.07516993202718912,0.07317073170731707,advective posterior physics mean + sequential advective ST,near_ceiling_unsaturated_1K,2022,0.2898026057985328,0.14877901790493075,0.10010515668311175,0.18787496722119013,0.6690914832175113,0.9990108803165183,2.6140713455336018,0.20950432944752556
HorizontalScanPath_1,Horizontal,evaluation,2,target_7.5pct,0.075,293.8766937079928,294.63123831934564,0.7545446113528556,23.604359573153943,0.9692775910448859,0.07516993202718912,0.07317073170731707,advective posterior physics mean + sequential advective ST,observed_censored_full_grid,188,1.8801732789104741,1.244432000121198,0.5058840023019503,0.8834381686268684,1.2923232029766112,0.9468085106382979,5.039569368134535,0.8910071822207755
HorizontalScanPath_1,Horizontal,evaluation,2,target_7.5pct,0.075,293.8766937079928,294.63123831934564,0.7545446113528556,23.604359573153943,0.9692775910448859,0.07516993202718912,0.07317073170731707,advective posterior physics mean + sequential advective ST,overall,2501,0.5809329019904796,0.22865435509895418,0.12717737153247077,0.23856334717391228,0.7148169495354754,0.995201919232307,2.792560966381013,0.25972481474868875
HorizontalScanPath_1,Horizontal,evaluation,2,target_7.5pct,0.075,293.8766937079928,294.63123831934564,0.7545446113528556,23.604359573153943,0.9692775910448859,0.07516993202718912,0.07317073170731707,advective posterior physics mean + sequential advective ST,top_1pct,25,3.9355806473927966,2.5302001827235108,-2.5176706406347513,2.0484621879583673,1.463825391870428,0.72,5.752504163991914,1.7217869703576236
HorizontalScanPath_1,Horizontal,evaluation,2,target_7.5pct,0.075,293.8766937079928,294.63123831934564,0.7545446113528556,23.604359573153943,0.9692775910448859,0.07516993202718912,0.07317073170731707,advective posterior physics mean + sequential advective ST,unsaturated_full_grid,2313,0.2785418314994331,0.14609222917410253,0.09639620137048975,0.18614810012109959,0.6678774010499875,0.9991353220925205,2.6099247452268135,0.20841435859445084
HorizontalScanPath_1,Horizontal,evaluation,2,target_7.5pct,0.075,293.8766937079928,294.63123831934564,0.7545446113528556,23.604359573153943,0.9692775910448859,0.07516993202718912,0.07317073170731707,single-frame censored RBF,deliberately_hidden_observable,108,1.4926363255745267,1.4310274183576854,1.4310274183576854,0.8813460515761876,1.0934599307097994,0.7962962962962963,4.199168132218464,1.3265027112379402
HorizontalScanPath_1,Horizontal,evaluation,2,target_7.5pct,0.075,293.8766937079928,294.63123831934564,0.7545446113528556,23.604359573153943,0.9692775910448859,0.07516993202718912,0.07317073170731707,single-frame censored RBF,near_ceiling_unsaturated_1K,2022,0.362818866636955,0.17033900268383778,0.09708186146527682,0.7016541510829716,2.8976930163523096,1.0,11.323800440269785,0.0864504545442357
HorizontalScanPath_1,Horizontal,evaluation,2,target_7.5pct,0.075,293.8766937079928,294.63123831934564,0.7545446113528556,23.604359573153943,0.9692775910448859,0.07516993202718912,0.07317073170731707,single-frame censored RBF,observed_censored_full_grid,188,2.479077455921114,1.5110646718497873,0.4391202551911903,1.0580996907563234,1.0906914324131367,0.8351063829787234,4.166784306357632,1.3979939686658283
HorizontalScanPath_1,Horizontal,evaluation,2,target_7.5pct,0.075,293.8766937079928,294.63123831934564,0.7545446113528556,23.604359573153943,0.9692775910448859,0.07516993202718912,0.07317073170731707,single-frame censored RBF,overall,2501,0.7622805313345052,0.2692929220441738,0.11686983205334049,0.7299668425866022,2.770118851456634,0.9876049580167933,10.819766462146186,0.1845651392345336
HorizontalScanPath_1,Horizontal,evaluation,2,target_7.5pct,0.075,293.8766937079928,294.63123831934564,0.7545446113528556,23.604359573153943,0.9692775910448859,0.07516993202718912,0.07317073170731707,single-frame censored RBF,top_1pct,25,5.934547558761685,3.695223719389296,-3.695223719389296,3.203950893427418,1.0863428277287368,0.64,4.080403939699313,3.4325797189603766
HorizontalScanPath_1,Horizontal,evaluation,2,target_7.5pct,0.075,293.8766937079928,294.63123831934564,0.7545446113528556,23.604359573153943,0.9692775910448859,0.07516993202718912,0.07317073170731707,single-frame censored RBF,unsaturated_full_grid,2313,0.3588453565238174,0.16836205781440494,0.09067740682639897,0.7032962954807191,2.9066222473840777,1.0,11.36051901090894,0.08593797973039032
HorizontalScanPath_1,Horizontal,evaluation,3,target_10pct,0.1,293.7107319103548,294.63123831934564,0.9205064089908319,23.77032137079192,0.9760925631233053,0.10035985605757697,0.09276289484206318,advective posterior physics mean + sequential advective ST,deliberately_hidden_observable,170,0.41976701960431523,0.3281362928551974,0.2153186235862279,0.26461483853778855,0.7829011412467309,1.0,3.0567365290263657,0.419496494090993
HorizontalScanPath_1,Horizontal,evaluation,3,target_10pct,0.1,293.7107319103548,294.63123831934564,0.9205064089908319,23.77032137079192,0.9760925631233053,0.10035985605757697,0.09276289484206318,advective posterior physics mean + sequential advective ST,near_ceiling_unsaturated_1K,2169,0.19535707447796197,0.13018686509117702,0.08347100383100922,0.17592263280428647,0.6602879212127296,1.0,2.5802753344313922,0.20002064235580458
HorizontalScanPath_1,Horizontal,evaluation,3,target_10pct,0.1,293.7107319103548,294.63123831934564,0.9205064089908319,23.77032137079192,0.9760925631233053,0.10035985605757697,0.09276289484206318,advective posterior physics mean + sequential advective ST,observed_censored_full_grid,251,1.6682718006253665,0.7774897910028781,-0.3958108492522418,0.6348494974619152,0.8115401378592115,0.900398406374502,3.171722139312352,0.9198205677905927
HorizontalScanPath_1,Horizontal,evaluation,3,target_10pct,0.1,293.7107319103548,294.63123831934564,0.9205064089908319,23.77032137079192,0.9760925631233053,0.10035985605757697,0.09276289484206318,advective posterior physics mean + sequential advective ST,overall,2501,0.5600747709673448,0.19520337530075985,0.034936113886778614,0.22200404025052436,0.6755697747644027,0.9900039984006398,2.640149455673629,0.2723536926988673
HorizontalScanPath_1,Horizontal,evaluation,3,target_10pct,0.1,293.7107319103548,294.63123831934564,0.9205064089908319,23.77032137079192,0.9760925631233053,0.10035985605757697,0.09276289484206318,advective posterior physics mean + sequential advective ST,top_1pct,25,4.998295299328422,3.9232017733105566,-3.9232017733105566,3.434400658832962,0.8820203080094352,0.08,3.445152279649765,4.46964614021163
HorizontalScanPath_1,Horizontal,evaluation,3,target_10pct,0.1,293.7107319103548,294.63123831934564,0.9205064089908319,23.77032137079192,0.9760925631233053,0.10035985605757697,0.09276289484206318,advective posterior physics mean + sequential advective ST,unsaturated_full_grid,2250,0.19545641792500945,0.13024609070465687,0.08298833066362045,0.1759488359127203,0.6604015253702707,1.0,2.5808495696321545,0.20012516574419031
HorizontalScanPath_1,Horizontal,evaluation,3,target_10pct,0.1,293.7107319103548,294.63123831934564,0.9205064089908319,23.77032137079192,0.9760925631233053,0.10035985605757697,0.09276289484206318,single-frame censored RBF,deliberately_hidden_observable,170,0.5568249116075459,0.4645661999533211,0.4070639618535645,0.3096481437554164,0.5457070089356721,0.9882352941176471,2.1278027947748206,0.8276545288050443
HorizontalScanPath_1,Horizontal,evaluation,3,target_10pct,0.1,293.7107319103548,294.63123831934564,0.9205064089908319,23.77032137079192,0.9760925631233053,0.10035985605757697,0.09276289484206318,single-frame censored RBF,near_ceiling_unsaturated_1K,2169,0.2702258700541692,0.1640705829301729,0.10495357079770043,0.6751737188370122,2.8237783465177553,1.0,11.04011410542666,0.08518407040332991
HorizontalScanPath_1,Horizontal,evaluation,3,target_10pct,0.1,293.7107319103548,294.63123831934564,0.9205064089908319,23.77032137079192,0.9760925631233053,0.10035985605757697,0.09276289484206318,single-frame censored RBF,observed_censored_full_grid,251,2.2654764955427096,1.0048612659591991,-0.40440109041012884,0.8255021169658269,0.5382632521353733,0.8127490039840638,2.098058024228104,1.925773965398207
HorizontalScanPath_1,Horizontal,evaluation,3,target_10pct,0.1,293.7107319103548,294.63123831934564,0.9205064089908319,23.77032137079192,0.9760925631233053,0.10035985605757697,0.09276289484206318,single-frame censored RBF,overall,2501,0.7623883681781436,0.2487602693451534,0.053618036869793995,0.6910379696315387,2.5965377868975072,0.9812075169932027,10.152439129479518,0.27028604135541134
HorizontalScanPath_1,Horizontal,evaluation,3,target_10pct,0.1,293.7107319103548,294.63123831934564,0.9205064089908319,23.77032137079192,0.9760925631233053,0.10035985605757697,0.09276289484206318,single-frame censored RBF,top_1pct,25,6.859484199581505,4.991877799792672,-4.991877799792672,4.70115626139077,0.5196683250521211,0.0,2.0338075953483257,9.899226525579136
HorizontalScanPath_1,Horizontal,evaluation,3,target_10pct,0.1,293.7107319103548,294.63123831934564,0.9205064089908319,23.77032137079192,0.9760925631233053,0.10035985605757697,0.09276289484206318,single-frame censored RBF,unsaturated_full_grid,2250,0.27116454548753616,0.16441300261176434,0.1047126150685765,0.6760377469733582,2.8261497461087495,1.0,11.050950088332007,0.08560716627330388
HorizontalScanPath_1,Horizontal,evaluation,4,target_15pct,0.15,293.5477392959682,294.63123831934564,1.083499023377442,23.93331398517853,0.9827856101488405,0.15033986405437824,0.14994002399040385,advective posterior physics mean + sequential advective ST,deliberately_hidden_observable,295,0.3098898031507685,0.23041667369925234,0.006259353322510548,0.21487928015507785,0.6902102085414886,1.0,2.705193414256161,0.33819438679694347
HorizontalScanPath_1,Horizontal,evaluation,4,target_15pct,0.15,293.5477392959682,294.63123831934564,1.083499023377442,23.93331398517853,0.9827856101488405,0.15033986405437824,0.14994002399040385,advective posterior physics mean + sequential advective ST,near_ceiling_unsaturated_1K,2115,0.1888751352409287,0.1295411409780958,0.08482009191977145,0.17525441608632347,0.6606708932315505,1.0,2.580337780579905,0.1993069398509457
HorizontalScanPath_1,Horizontal,evaluation,4,target_15pct,0.15,293.5477392959682,294.63123831934564,1.083499023377442,23.93331398517853,0.9827856101488405,0.15033986405437824,0.14994002399040385,advective posterior physics mean + sequential advective ST,observed_censored_full_grid,376,1.5780673897030748,0.680521827807535,-0.49385748636905163,0.5891299076120605,0.6986900349644334,0.8696808510638298,2.7373208664113267,0.9482174745097505
HorizontalScanPath_1,Horizontal,evaluation,4,target_15pct,0.15,293.5477392959682,294.63123831934564,1.083499023377442,23.93331398517853,0.9827856101488405,0.15033986405437824,0.14994002399040385,advective posterior physics mean + sequential advective ST,overall,2501,0.6362043257753215,0.212542474716324,-0.0022805907611051332,0.23751374112969628,0.6663843875238176,0.9804078368652539,2.6038443911003286,0.3122481727048961
HorizontalScanPath_1,Horizontal,evaluation,4,target_15pct,0.15,293.5477392959682,294.63123831934564,1.083499023377442,23.93331398517853,0.9827856101488405,0.15033986405437824,0.14994002399040385,advective posterior physics mean + sequential advective ST,top_1pct,25,5.647853396356335,4.676945758937788,-4.676945758937788,4.2551269583639435,0.7309798922117102,0.0,2.843103516801757,6.3879605000038024
HorizontalScanPath_1,Horizontal,evaluation,4,target_15pct,0.15,293.5477392959682,294.63123831934564,1.083499023377442,23.93331398517853,0.9827856101488405,0.15033986405437824,0.14994002399040385,advective posterior physics mean + sequential advective ST,unsaturated_full_grid,2125,0.18904473442475217,0.1297376574164203,0.08469960347352445,0.1752983629662285,0.6606681882590311,1.0,2.5802269065276535,0.1997190162443665
HorizontalScanPath_1,Horizontal,evaluation,4,target_15pct,0.15,293.5477392959682,294.63123831934564,1.083499023377442,23.93331398517853,0.9827856101488405,0.15033986405437824,0.14994002399040385,single-frame censored RBF,deliberately_hidden_observable,295,0.503939246032757,0.4267947886754358,0.28424595212262466,0.2887925420802773,0.48560528886700477,1.0,1.8945448356122778,0.8527960023546324
HorizontalScanPath_1,Horizontal,evaluation,4,target_15pct,0.15,293.5477392959682,294.63123831934564,1.083499023377442,23.93331398517853,0.9827856101488405,0.15033986405437824,0.14994002399040385,single-frame censored RBF,near_ceiling_unsaturated_1K,2115,0.31951848232921376,0.2390980078280084,0.1917016046628974,0.6300395667382971,2.6079348646295686,1.0,10.191953237342835,0.12087654762424548
HorizontalScanPath_1,Horizontal,evaluation,4,target_15pct,0.15,293.5477392959682,294.63123831934564,1.083499023377442,23.93331398517853,0.9827856101488405,0.15033986405437824,0.14994002399040385,single-frame censored RBF,observed_censored_full_grid,376,1.9902999104833863,0.883245387163892,-0.3215951090532456,0.7249181969253612,0.4745400584032456,0.8351063829787234,1.8535804109433114,1.9481787724697222
HorizontalScanPath_1,Horizontal,evaluation,4,target_15pct,0.15,293.5477392959682,294.63123831934564,1.083499023377442,23.93331398517853,0.9827856101488405,0.15033986405437824,0.14994002399040385,single-frame censored RBF,overall,2501,0.82603129363396,0.33598221922808186,0.11420697205113847,0.6444473843433788,2.2876300550595645,0.9752099160335865,8.939658351877396,0.3958907186873201
HorizontalScanPath_1,Horizontal,evaluation,4,target_15pct,0.15,293.5477392959682,294.63123831934564,1.083499023377442,23.93331398517853,0.9827856101488405,0.15033986405437824,0.14994002399040385,single-frame censored RBF,top_1pct,25,7.218026969056127,5.410700905787269,-5.410700905787269,5.16769989379108,0.4302795415885399,0.0,1.6863981306648703,12.629640732256114
HorizontalScanPath_1,Horizontal,evaluation,4,target_15pct,0.15,293.5477392959682,294.63123831934564,1.083499023377442,23.93331398517853,0.9827856101488405,0.15033986405437824,0.14994002399040385,single-frame censored RBF,unsaturated_full_grid,2125,0.3195991084391304,0.23914883045449856,0.1913183049900789,0.6302087840935785,2.6084403321149883,1.0,10.193477319308556,0.12122704422982218
HorizontalScanPath_1,Horizontal,evaluation,5,target_20pct,0.2,293.467490349412,294.63123831934564,1.1637479699336382,24.013562931734725,0.986080912669581,0.20031987205117952,0.20151939224310275,advective posterior physics mean + sequential advective ST,deliberately_hidden_observable,420,0.3081247657330049,0.2304648695890497,0.017888253033112547,0.21189928609902792,0.6861898073590957,1.0,2.682236730303009,0.33942858433383744
HorizontalScanPath_1,Horizontal,evaluation,5,target_20pct,0.2,293.467490349412,294.63123831934564,1.1637479699336382,24.013562931734725,0.986080912669581,0.20031987205117952,0.20151939224310275,advective posterior physics mean + sequential advective ST,near_ceiling_unsaturated_1K,1997,0.19113098972884024,0.13381926663172483,0.08783042783298044,0.17605541637967084,0.6629570052676015,1.0,2.589842740942711,0.20438531838829926
HorizontalScanPath_1,Horizontal,evaluation,5,target_20pct,0.2,293.467490349412,294.63123831934564,1.1637479699336382,24.013562931734725,0.986080912669581,0.20031987205117952,0.20151939224310275,advective posterior physics mean + sequential advective ST,observed_censored_full_grid,501,1.4133343316435936,0.5880680611968082,-0.37831541278604924,0.5117547002500336,0.6930906936246964,0.9001996007984032,2.7116369038491235,0.8258954758019246
HorizontalScanPath_1,Horizontal,evaluation,5,target_20pct,0.2,293.467490349412,294.63123831934564,1.1637479699336382,24.013562931734725,0.986080912669581,0.20031987205117952,0.20151939224310275,advective posterior physics mean + sequential advective ST,overall,2501,0.6552762465222478,0.2248793530185872,-0.005466597344968418,0.2433343511628005,0.669046969216213,0.9800079968012795,2.614437904591098,0.3289603855917168
HorizontalScanPath_1,Horizontal,evaluation,5,target_20pct,0.2,293.467490349412,294.63123831934564,1.1637479699336382,24.013562931734725,0.986080912669581,0.20031987205117952,0.20151939224310275,advective posterior physics mean + sequential advective ST,top_1pct,25,5.767188040573046,4.807863407715706,-4.807863407715706,4.394713434851045,0.728260640790943,0.0,2.8780899185916566,6.597494740772447
HorizontalScanPath_1,Horizontal,evaluation,5,target_20pct,0.2,293.467490349412,294.63123831934564,1.1637479699336382,24.013562931734725,0.986080912669581,0.20031987205117952,0.20151939224310275,advective posterior physics mean + sequential advective ST,unsaturated_full_grid,2000,0.19123585524914832,0.1339005816199428,0.08793203092302232,0.17609505371644854,0.6630240162518879,1.0,2.5900895552769625,0.20447814549405982
HorizontalScanPath_1,Horizontal,evaluation,5,target_20pct,0.2,293.467490349412,294.63123831934564,1.1637479699336382,24.013562931734725,0.986080912669581,0.20031987205117952,0.20151939224310275,single-frame censored RBF,deliberately_hidden_observable,420,0.49037903769843183,0.44082710448968054,0.2784012260067565,0.28550014627669895,0.4819051978199936,0.9880952380952381,1.8824011253020547,0.9006105539306061
HorizontalScanPath_1,Horizontal,evaluation,5,target_20pct,0.2,293.467490349412,294.63123831934564,1.1637479699336382,24.013562931734725,0.986080912669581,0.20031987205117952,0.20151939224310275,single-frame censored RBF,near_ceiling_unsaturated_1K,1997,0.3480299071919723,0.2838577969160653,0.24504242882381486,0.5823724657557241,2.382583795086215,1.0,9.311195508270366,0.15129569548655664
HorizontalScanPath_1,Horizontal,evaluation,5,target_20pct,0.2,293.467490349412,294.63123831934564,1.1637479699336382,24.013562931734725,0.986080912669581,0.20031987205117952,0.20151939224310275,single-frame censored RBF,observed_censored_full_grid,501,1.757439268910132,0.799426264760822,-0.19397403959578752,0.6306898081279644,0.47390941208407383,0.846307385229541,1.8509781020418388,1.7358842480585022
HorizontalScanPath_1,Horizontal,evaluation,5,target_20pct,0.2,293.467490349412,294.63123831934564,1.1637479699336382,24.013562931734725,0.986080912669581,0.20031987205117952,0.20151939224310275,single-frame censored RBF,overall,2501,0.845964390972823,0.38728090977058016,0.1572897692016536,0.5920402354168832,2.0001618777264207,0.9692123150739704,7.816517983678793,0.46876694081482195
HorizontalScanPath_1,Horizontal,evaluation,5,target_20pct,0.2,293.467490349412,294.63123831934564,1.1637479699336382,24.013562931734725,0.986080912669581,0.20031987205117952,0.20151939224310275,single-frame censored RBF,top_1pct,25,7.2658028654435665,5.522385051511378,-5.522385051511378,5.27758309986783,0.43971230065912154,0.0,1.7143653488677182,12.437946244185255
HorizontalScanPath_1,Horizontal,evaluation,5,target_20pct,0.2,293.467490349412,294.63123831934564,1.1637479699336382,24.013562931734725,0.986080912669581,0.20031987205117952,0.20151939224310275,single-frame censored RBF,unsaturated_full_grid,2000,0.34818820198151884,0.2840384983455246,0.24528135330541262,0.5823585174527575,2.3824881203698283,1.0,9.310885724028848,0.15135405535028004
HorizontalScanPath_10,Horizontal,evaluation,0,reference,0.03,296.06802208777685,296.06802208777685,0.0,22.58197189113912,0.8853100948199079,0.032387045181927226,0.029188324670131948,advective posterior physics mean + sequential advective ST,deliberately_hidden_observable,0,,,,,,,,
HorizontalScanPath_10,Horizontal,evaluation,0,reference,0.03,296.06802208777685,296.06802208777685,0.0,22.58197189113912,0.8853100948199079,0.032387045181927226,0.029188324670131948,advective posterior physics mean + sequential advective ST,near_ceiling_unsaturated_1K,66,0.8400512956814402,0.4472109196191361,0.2029641350948168,0.34253196559958343,0.7722688127450936,1.0,3.00941592263976,0.4445122218290221
HorizontalScanPath_10,Horizontal,evaluation,0,reference,0.03,296.06802208777685,296.06802208777685,0.0,22.58197189113912,0.8853100948199079,0.032387045181927226,0.029188324670131948,advective posterior physics mean + sequential advective ST,observed_censored_full_grid,81,2.4336727377663654,1.8811012531107703,1.1225522247478528,1.2984652842864133,1.751241491336564,0.9506172839506173,6.848270650218688,0.9845147091623596
HorizontalScanPath_10,Horizontal,evaluation,0,reference,0.03,296.06802208777685,296.06802208777685,0.0,22.58197189113912,0.8853100948199079,0.032387045181927226,0.029188324670131948,advective posterior physics mean + sequential advective ST,overall,2501,0.4890351040209218,0.19324952206055135,0.0894385766641211,0.21301446899185933,0.695353851939725,0.9984006397441023,2.7176606767087335,0.23256055710611132
HorizontalScanPath_10,Horizontal,evaluation,0,reference,0.03,296.06802208777685,296.06802208777685,0.0,22.58197189113912,0.8853100948199079,0.032387045181927226,0.029188324670131948,advective posterior physics mean + sequential advective ST,top_1pct,25,2.9752593521167756,2.0595950305690396,-0.2515367856171588,1.528677620026101,2.1162999193662917,0.92,8.215057140183651,0.9558679848917834
HorizontalScanPath_10,Horizontal,evaluation,0,reference,0.03,296.06802208777685,296.06802208777685,0.0,22.58197189113912,0.8853100948199079,0.032387045181927226,0.029188324670131948,advective posterior physics mean + sequential advective ST,unsaturated_full_grid,2420,0.221176124788028,0.13675531122787873,0.054859152905946604,0.17668326401712425,0.6600121582243762,1.0,2.579404723049929,0.2073918437521625
HorizontalScanPath_10,Horizontal,evaluation,0,reference,0.03,296.06802208777685,296.06802208777685,0.0,22.58197189113912,0.8853100948199079,0.032387045181927226,0.029188324670131948,single-frame censored RBF,deliberately_hidden_observable,0,,,,,,,,
HorizontalScanPath_10,Horizontal,evaluation,0,reference,0.03,296.06802208777685,296.06802208777685,0.0,22.58197189113912,0.8853100948199079,0.032387045181927226,0.029188324670131948,single-frame censored RBF,near_ceiling_unsaturated_1K,66,1.3418666781537094,1.130042497944058,-0.06436060150359639,0.88933446301229,2.7371632083125093,0.9848484848484849,10.662670608877283,0.4243084499748687
HorizontalScanPath_10,Horizontal,evaluation,0,reference,0.03,296.06802208777685,296.06802208777685,0.0,22.58197189113912,0.8853100948199079,0.032387045181927226,0.029188324670131948,single-frame censored RBF,observed_censored_full_grid,81,3.423382169046069,2.4841274758677003,1.3520471114894521,1.7206694641959408,1.8291240064375358,0.7407407407407407,6.882034975507273,1.3807704286935596
HorizontalScanPath_10,Horizontal,evaluation,0,reference,0.03,296.06802208777685,296.06802208777685,0.0,22.58197189113912,0.8853100948199079,0.032387045181927226,0.029188324670131948,single-frame censored RBF,overall,2501,0.7283392637011185,0.27132376297433475,-0.038228728199668445,0.7491697859302142,2.9335978594455607,0.991203518592563,11.45859023960261,0.1255421492775246
HorizontalScanPath_10,Horizontal,evaluation,0,reference,0.03,296.06802208777685,296.06802208777685,0.0,22.58197189113912,0.8853100948199079,0.032387045181927226,0.029188324670131948,single-frame censored RBF,top_1pct,25,4.770479675018797,2.573065504276219,-1.0948748763093044,2.1187317366409064,1.8321816072422816,0.84,6.993426768968004,1.497906406728299
HorizontalScanPath_10,Horizontal,evaluation,0,reference,0.03,296.06802208777685,296.06802208777685,0.0,22.58197189113912,0.8853100948199079,0.032387045181927226,0.029188324670131948,single-frame censored RBF,unsaturated_full_grid,2420,0.39492781127256255,0.197258845311375,-0.08476275423884976,0.7166526479386754,2.9705657859305403,0.9995867768595041,11.611772461252084,0.0835283101731036
HorizontalScanPath_10,Horizontal,evaluation,1,target_5pct,0.05,295.3981259555306,296.06802208777685,0.6698961322462651,23.251868023385384,0.9115728946859879,0.05037984806077569,0.04878048780487805,advective posterior physics mean + sequential advective ST,deliberately_hidden_observable,44,2.4577710313230376,2.061460612640396,2.005824948731771,1.4211313340365943,1.473741745910412,0.9318181818181818,5.7907580120217625,1.1861502491794584
HorizontalScanPath_10,Horizontal,evaluation,1,target_5pct,0.05,295.3981259555306,296.06802208777685,0.6698961322462651,23.251868023385384,0.9115728946859879,0.05037984806077569,0.04878048780487805,advective posterior physics mean + sequential advective ST,near_ceiling_unsaturated_1K,115,0.7920629307301841,0.40743261278273474,0.17667897889386802,0.3230488253564712,0.7595291689479136,0.991304347826087,2.9623773071801556,0.4134501707343042
HorizontalScanPath_10,Horizontal,evaluation,1,target_5pct,0.05,295.3981259555306,296.06802208777685,0.6698961322462651,23.251868023385384,0.9115728946859879,0.05037984806077569,0.04878048780487805,advective posterior physics mean + sequential advective ST,observed_censored_full_grid,126,2.5004276537715824,1.9852520090527763,1.3894366657733508,1.3801516867179988,1.7281061028059357,0.9365079365079365,6.77087445644006,1.080836319602455
HorizontalScanPath_10,Horizontal,evaluation,1,target_5pct,0.05,295.3981259555306,296.06802208777685,0.6698961322462651,23.251868023385384,0.9115728946859879,0.05037984806077569,0.04878048780487805,advective posterior physics mean + sequential advective ST,overall,2501,0.6085732382184627,0.23201996725813104,0.12788320234607298,0.2391093390007859,0.715345401901826,0.9964014394242303,2.795877702983253,0.25127574225775867
HorizontalScanPath_10,Horizontal,evaluation,1,target_5pct,0.05,295.3981259555306,296.06802208777685,0.6698961322462651,23.251868023385384,0.9115728946859879,0.05037984806077569,0.04878048780487805,advective posterior physics mean + sequential advective ST,top_1pct,25,3.167551738504116,1.8187361219725948,-1.0085218829664313,1.512500347794591,2.016006342213942,0.84,7.903901208323923,0.87608385669003
HorizontalScanPath_10,Horizontal,evaluation,1,target_5pct,0.05,295.3981259555306,296.06802208777685,0.6698961322462651,23.251868023385384,0.9115728946859879,0.05037984806077569,0.04878048780487805,advective posterior physics mean + sequential advective ST,unsaturated_full_grid,2375,0.2414904441004367,0.13900639367239404,0.060954471233720546,0.17857403971136745,0.6616157815591239,0.999578947368421,2.584993664694597,0.20726537057547165
HorizontalScanPath_10,Horizontal,evaluation,1,target_5pct,0.05,295.3981259555306,296.06802208777685,0.6698961322462651,23.251868023385384,0.9115728946859879,0.05037984806077569,0.04878048780487805,single-frame censored RBF,deliberately_hidden_observable,44,3.0319873584177492,2.9443885188867283,2.9443885188867283,1.9758226601210174,1.7589217235967445,0.45454545454545453,6.619059819666824,1.6839262121781255
HorizontalScanPath_10,Horizontal,evaluation,1,target_5pct,0.05,295.3981259555306,296.06802208777685,0.6698961322462651,23.251868023385384,0.9115728946859879,0.05037984806077569,0.04878048780487805,single-frame censored RBF,near_ceiling_unsaturated_1K,115,1.189318074460145,1.0112067049931976,-0.1478379988772185,0.8366055277907282,2.679287615825334,0.991304347826087,10.499958202096025,0.4044581021029562
HorizontalScanPath_10,Horizontal,evaluation,1,target_5pct,0.05,295.3981259555306,296.06802208777685,0.6698961322462651,23.251868023385384,0.9115728946859879,0.05037984806077569,0.04878048780487805,single-frame censored RBF,observed_censored_full_grid,126,3.2477568606316023,2.4581265360703886,1.502728142787807,1.7265180606510444,1.753707038201915,0.7063492063492064,6.627542775449229,1.3907365379889216
HorizontalScanPath_10,Horizontal,evaluation,1,target_5pct,0.05,295.3981259555306,296.06802208777685,0.6698961322462651,23.251868023385384,0.9115728946859879,0.05037984806077569,0.04878048780487805,single-frame censored RBF,overall,2501,0.8055126996065647,0.29137134670981696,0.015106046248006908,0.7627532911568985,2.9015469509773455,0.9848060775689724,11.329503234378114,0.1445487169385753
HorizontalScanPath_10,Horizontal,evaluation,1,target_5pct,0.05,295.3981259555306,296.06802208777685,0.6698961322462651,23.251868023385384,0.9115728946859879,0.05037984806077569,0.04878048780487805,single-frame censored RBF,top_1pct,25,5.045671115966775,2.5502117335672576,-2.2243824825808405,2.2875078843293433,1.7971344130236204,0.8,6.691436447259752,1.406612951195609
HorizontalScanPath_10,Horizontal,evaluation,1,target_5pct,0.05,295.3981259555306,296.06802208777685,0.6698961322462651,23.251868023385384,0.9115728946859879,0.05037984806077569,0.04878048780487805,single-frame censored RBF,unsaturated_full_grid,2375,0.35167995075045877,0.1764192819268982,-0.06381622076842039,0.7116230339121564,2.962442878981432,0.999578947368421,11.578954610304447,0.07843517359022008
HorizontalScanPath_10,Horizontal,evaluation,2,target_7.5pct,0.075,294.7999939677911,296.06802208777685,1.268028119985729,23.85000001112485,0.935022232473368,0.07516993202718912,0.0743702518992403,advective posterior physics mean + sequential advective ST,deliberately_hidden_observable,107,2.422128072096194,2.085587379133428,2.027893733664584,1.3949878880431417,1.6827587230284755,0.9158878504672897,6.568613627756808,1.128194606320941
HorizontalScanPath_10,Horizontal,evaluation,2,target_7.5pct,0.075,294.7999939677911,296.06802208777685,1.268028119985729,23.85000001112485,0.935022232473368,0.07516993202718912,0.0743702518992403,advective posterior physics mean + sequential advective ST,near_ceiling_unsaturated_1K,207,0.8205691451127746,0.3638224486088023,0.21601366949688433,0.30955197976616416,0.739605215700318,0.9855072463768116,2.886115994350832,0.3568302530291494
HorizontalScanPath_10,Horizontal,evaluation,2,target_7.5pct,0.075,294.7999939677911,296.06802208777685,1.268028119985729,23.85000001112485,0.935022232473368,0.07516993202718912,0.0743702518992403,advective posterior physics mean + sequential advective ST,observed_censored_full_grid,188,2.4763815835614493,1.9688968144693233,1.4209652277255047,1.3532514397115376,1.754886211329943,0.9308510638297872,6.848995893195341,1.0697586311850205
HorizontalScanPath_10,Horizontal,evaluation,2,target_7.5pct,0.075,294.7999939677911,296.06802208777685,1.268028119985729,23.85000001112485,0.935022232473368,0.07516993202718912,0.0743702518992403,advective posterior physics mean + sequential advective ST,overall,2501,0.735504713350369,0.28197190227354174,0.17376764001397108,0.27137566042116257,0.7465484580178268,0.9936025589764095,2.9158815046148896,0.2729609614667172
HorizontalScanPath_10,Horizontal,evaluation,2,target_7.5pct,0.075,294.7999939677911,296.06802208777685,1.268028119985729,23.85000001112485,0.935022232473368,0.07516993202718912,0.0743702518992403,advective posterior physics mean + sequential advective ST,top_1pct,25,3.522465354920874,2.0164297350538662,-1.7332691452999733,1.702694414441819,1.8824063438753464,0.84,7.328117344946622,1.167817435812935
HorizontalScanPath_10,Horizontal,evaluation,2,target_7.5pct,0.075,294.7999939677911,296.06802208777685,1.268028119985729,23.85000001112485,0.935022232473368,0.07516993202718912,0.0743702518992403,advective posterior physics mean + sequential advective ST,unsaturated_full_grid,2313,0.2940947589226779,0.14485911217721364,0.07239576518052174,0.18344109643214812,0.6645910444325789,0.9987029831387808,2.596199055391749,0.20819746734348288
HorizontalScanPath_10,Horizontal,evaluation,2,target_7.5pct,0.075,294.7999939677911,296.06802208777685,1.268028119985729,23.85000001112485,0.935022232473368,0.07516993202718912,0.0743702518992403,single-frame censored RBF,deliberately_hidden_observable,107,1.1319873072649032,1.0273301820963814,1.0174858303781222,0.6296638189460942,0.9793567139331301,0.9532710280373832,3.7868235253905507,1.0619301322376529
HorizontalScanPath_10,Horizontal,evaluation,2,target_7.5pct,0.075,294.7999939677911,296.06802208777685,1.268028119985729,23.85000001112485,0.935022232473368,0.07516993202718912,0.0743702518992403,single-frame censored RBF,near_ceiling_unsaturated_1K,207,0.7090821413177588,0.5676722978598424,0.08844246362981428,0.6789808719426109,2.4642187534814584,1.0,9.600393458588512,0.2918402413354203
HorizontalScanPath_10,Horizontal,evaluation,2,target_7.5pct,0.075,294.7999939677911,296.06802208777685,1.268028119985729,23.85000001112485,0.935022232473368,0.07516993202718912,0.0743702518992403,single-frame censored RBF,observed_censored_full_grid,188,2.495948983616546,1.3440274696415475,-0.09291864725610158,1.006110532800267,0.9959889642116329,0.8829787234042553,3.831005665289039,1.4004228610884069
HorizontalScanPath_10,Horizontal,evaluation,2,target_7.5pct,0.075,294.7999939677911,296.06802208777685,1.268028119985729,23.85000001112485,0.935022232473368,0.07516993202718912,0.0743702518992403,single-frame censored RBF,overall,2501,0.7300284339024526,0.2360954318181711,-0.028786918027018632,0.7232985604432323,2.7882137123263937,0.991203518592563,10.893918019474658,0.17398300710852627
HorizontalScanPath_10,Horizontal,evaluation,2,target_7.5pct,0.075,294.7999939677911,296.06802208777685,1.268028119985729,23.85000001112485,0.935022232473368,0.07516993202718912,0.0743702518992403,single-frame censored RBF,top_1pct,25,6.304314590664483,4.276001116143634,-4.276001116143634,3.7584163518858236,1.0658407270898183,0.4,4.084930219638718,4.410345400077596
HorizontalScanPath_10,Horizontal,evaluation,2,target_7.5pct,0.075,294.7999939677911,296.06802208777685,1.268028119985729,23.85000001112485,0.935022232473368,0.07516993202718912,0.0743702518992403,single-frame censored RBF,unsaturated_full_grid,2313,0.26439662644447237,0.14604302234528102,-0.02357430882033139,0.7003116815832572,2.9338852439500753,1.0,11.467989581336694,0.0742983151291845
HorizontalScanPath_10,Horizontal,evaluation,3,target_10pct,0.1,294.3373386020571,296.06802208777685,1.7306834857197373,24.312655376858856,0.953160305963205,0.10035985605757697,0.10115953618552578,advective posterior physics mean + sequential advective ST,deliberately_hidden_observable,169,1.4977546146325595,1.2962813192966847,1.2459709437810518,0.838837486476479,1.2820555973181915,0.9822485207100592,4.988082590357342,0.9485655006325151
HorizontalScanPath_10,Horizontal,evaluation,3,target_10pct,0.1,294.3373386020571,296.06802208777685,1.7306834857197373,24.312655376858856,0.953160305963205,0.10035985605757697,0.10115953618552578,advective posterior physics mean + sequential advective ST,near_ceiling_unsaturated_1K,762,0.34644225355393987,0.1880667379081295,0.10106037192757203,0.20234810102645442,0.6742054144162425,1.0,2.6350417424612127,0.25930779707814855
HorizontalScanPath_10,Horizontal,evaluation,3,target_10pct,0.1,294.3373386020571,296.06802208777685,1.7306834857197373,24.312655376858856,0.953160305963205,0.10035985605757697,0.10115953618552578,advective posterior physics mean + sequential advective ST,observed_censored_full_grid,251,2.010260955796479,1.3950529147973258,0.38270003752410797,0.9929607239787789,1.277846008435444,0.9203187250996016,4.977413996272306,1.0602652811568616
HorizontalScanPath_10,Horizontal,evaluation,3,target_10pct,0.1,294.3373386020571,296.06802208777685,1.7306834857197373,24.312655376858856,0.953160305963205,0.10035985605757697,0.10115953618552578,advective posterior physics mean + sequential advective ST,overall,2501,0.6772335702713678,0.26770027657269196,0.1027853538846072,0.2625943769986747,0.7247760835493675,0.9920031987205118,2.8305995498611485,0.29508241204917757
HorizontalScanPath_10,Horizontal,evaluation,3,target_10pct,0.1,294.3373386020571,296.06802208777685,1.7306834857197373,24.312655376858856,0.953160305963205,0.10035985605757697,0.10115953618552578,advective posterior physics mean + sequential advective ST,top_1pct,25,4.824672183702584,3.6766199777718156,-3.6766199777718156,3.0358830612070444,1.3145601655772492,0.44,5.126078101090878,2.8848955311329876
HorizontalScanPath_10,Horizontal,evaluation,3,target_10pct,0.1,294.3373386020571,296.06802208777685,1.7306834857197373,24.312655376858856,0.953160305963205,0.10035985605757697,0.10115953618552578,advective posterior physics mean + sequential advective ST,unsaturated_full_grid,2250,0.24289320044882887,0.1419378267085217,0.07155931584304512,0.18111795340222756,0.6630780608176319,1.0,2.5911104716170597,0.20972201198427598
HorizontalScanPath_10,Horizontal,evaluation,3,target_10pct,0.1,294.3373386020571,296.06802208777685,1.7306834857197373,24.312655376858856,0.953160305963205,0.10035985605757697,0.10115953618552578,single-frame censored RBF,deliberately_hidden_observable,169,0.6865308419250999,0.5649649290679438,0.413985277978638,0.37468105056442735,0.7937860043737578,0.9881656804733728,3.086861367981857,0.7141683929865069
HorizontalScanPath_10,Horizontal,evaluation,3,target_10pct,0.1,294.3373386020571,296.06802208777685,1.7306834857197373,24.312655376858856,0.953160305963205,0.10035985605757697,0.10115953618552578,single-frame censored RBF,near_ceiling_unsaturated_1K,762,0.3256019285485183,0.20075531583394154,0.04594187101561957,0.6759275067907727,2.7839917035473194,1.0,10.891435282149734,0.11519305989152566
HorizontalScanPath_10,Horizontal,evaluation,3,target_10pct,0.1,294.3373386020571,296.06802208777685,1.7306834857197373,24.312655376858856,0.953160305963205,0.10035985605757697,0.10115953618552578,single-frame censored RBF,observed_censored_full_grid,251,2.3873115756225647,1.1964001006474123,-0.525894756613525,0.9543530332127169,0.7986966755234594,0.8326693227091634,3.0888888076263914,1.4804882919842628
HorizontalScanPath_10,Horizontal,evaluation,3,target_10pct,0.1,294.3373386020571,296.06802208777685,1.7306834857197373,24.312655376858856,0.953160305963205,0.10035985605757697,0.10115953618552578,single-frame censored RBF,overall,2501,0.7837355768489035,0.23343048204702715,-0.05327671841967931,0.7182386065509611,2.701750222096978,0.9832067173130747,10.560904672216427,0.21054670237228593
HorizontalScanPath_10,Horizontal,evaluation,3,target_10pct,0.1,294.3373386020571,296.06802208777685,1.7306834857197373,24.312655376858856,0.953160305963205,0.10035985605757697,0.10115953618552578,single-frame censored RBF,top_1pct,25,7.037741765354423,5.39760396763724,-5.39760396763724,4.936553682767587,0.8203327434853871,0.0,3.157774249248748,6.372085959839467
HorizontalScanPath_10,Horizontal,evaluation,3,target_10pct,0.1,294.3373386020571,296.06802208777685,1.7306834857197373,24.312655376858856,0.953160305963205,0.10035985605757697,0.10115953618552578,single-frame censored RBF,unsaturated_full_grid,2250,0.21674817048224732,0.1260058712609398,-0.0005535506033880766,0.6918987305100275,2.914046417736957,1.0,11.394449553110695,0.06887766282001646
HorizontalScanPath_10,Horizontal,evaluation,4,target_15pct,0.15,293.83778456263036,296.06802208777685,2.2302375251464923,24.81220941628561,0.9727449656264342,0.15033986405437824,0.14634146341463414,advective posterior physics mean + sequential advective ST,deliberately_hidden_observable,294,0.5785150479350003,0.4405209477938941,-0.19204591291886425,0.32689767342979703,0.7411943700738799,0.9829931972789115,2.899002544387354,0.5923237276783752
HorizontalScanPath_10,Horizontal,evaluation,4,target_15pct,0.15,293.83778456263036,296.06802208777685,2.2302375251464923,24.81220941628561,0.9727449656264342,0.15033986405437824,0.14634146341463414,advective posterior physics mean + sequential advective ST,near_ceiling_unsaturated_1K,1946,0.1821227138965466,0.129154558940787,0.06469571831693997,0.17337957672253387,0.658727927979206,1.0,2.5729806050486648,0.20045605920431192
HorizontalScanPath_10,Horizontal,evaluation,4,target_15pct,0.15,293.83778456263036,296.06802208777685,2.2302375251464923,24.81220941628561,0.9727449656264342,0.15033986405437824,0.14634146341463414,advective posterior physics mean + sequential advective ST,observed_censored_full_grid,376,1.9216417633118743,1.0324495510529677,-0.8378387981500778,0.8511149167528457,0.7478239339935,0.8031914893617021,2.9251219984596744,1.3378463759712091
HorizontalScanPath_10,Horizontal,evaluation,4,target_15pct,0.15,293.83778456263036,296.06802208777685,2.2302375251464923,24.81220941628561,0.9727449656264342,0.15033986405437824,0.14634146341463414,advective posterior physics mean + sequential advective ST,overall,2501,0.7637792791679975,0.2644910340632548,-0.07168066910362123,0.2753000021942378,0.6720549877551218,0.9704118352658937,2.62571451484391,0.37109178758320743
HorizontalScanPath_10,Horizontal,evaluation,4,target_15pct,0.15,293.83778456263036,296.06802208777685,2.2302375251464923,24.81220941628561,0.9727449656264342,0.15033986405437824,0.14634146341463414,advective posterior physics mean + sequential advective ST,top_1pct,25,6.385020372747369,5.661514335685129,-5.661514335685129,5.213923483919638,0.7986118309829408,0.0,3.1038724864285245,6.990578083534324
HorizontalScanPath_10,Horizontal,evaluation,4,target_15pct,0.15,293.83778456263036,296.06802208777685,2.2302375251464923,24.81220941628561,0.9727449656264342,0.15033986405437824,0.14634146341463414,advective posterior physics mean + sequential advective ST,unsaturated_full_grid,2125,0.18217311740417858,0.1286075505864868,0.06388425161236357,0.17341463378292649,0.6586483412677665,1.0,2.572737002448838,0.20003309335549516
HorizontalScanPath_10,Horizontal,evaluation,4,target_15pct,0.15,293.83778456263036,296.06802208777685,2.2302375251464923,24.81220941628561,0.9727449656264342,0.15033986405437824,0.14634146341463414,single-frame censored RBF,deliberately_hidden_observable,294,0.7163845636875178,0.5715243433565668,-0.26055881692452004,0.41819230873086777,0.47928956022974817,0.7925170068027211,1.8680952694588655,1.210175135995211
HorizontalScanPath_10,Horizontal,evaluation,4,target_15pct,0.15,293.83778456263036,296.06802208777685,2.2302375251464923,24.81220941628561,0.9727449656264342,0.15033986405437824,0.14634146341463414,single-frame censored RBF,near_ceiling_unsaturated_1K,1946,0.1993447473790366,0.12857598769223683,0.03555893797341663,0.6768287935921029,2.8616920878347685,1.0,11.190719970198458,0.06812429637978716
HorizontalScanPath_10,Horizontal,evaluation,4,target_15pct,0.15,293.83778456263036,296.06802208777685,2.2302375251464923,24.81220941628561,0.9727449656264342,0.15033986405437824,0.14634146341463414,single-frame censored RBF,observed_censored_full_grid,376,2.3497037920045205,1.2368324184286548,-0.9880184072007603,1.0588043139333763,0.47768551228577627,0.6223404255319149,1.860607752618177,2.600971294864721
HorizontalScanPath_10,Horizontal,evaluation,4,target_15pct,0.15,293.83778456263036,296.06802208777685,2.2302375251464923,24.81220941628561,0.9727449656264342,0.15033986405437824,0.14634146341463414,single-frame censored RBF,overall,2501,0.9292888771508523,0.2939975978892385,-0.12098411349364956,0.7362517301832021,2.510727502015551,0.9432227109156337,9.815256227977496,0.4490681776907719
HorizontalScanPath_10,Horizontal,evaluation,4,target_15pct,0.15,293.83778456263036,296.06802208777685,2.2302375251464923,24.81220941628561,0.9727449656264342,0.15033986405437824,0.14634146341463414,single-frame censored RBF,top_1pct,25,7.968002188376829,6.550288588144797,-6.550288588144797,6.2811349249562936,0.4764163581435703,0.0,1.8439843497552375,13.522600479363984
HorizontalScanPath_10,Horizontal,evaluation,4,target_15pct,0.15,293.83778456263036,296.06802208777685,2.2302375251464923,24.81220941628561,0.9727449656264342,0.15033986405437824,0.14634146341463414,single-frame censored RBF,unsaturated_full_grid,2125,0.1986679720036686,0.12717129552555823,0.03242995447523216,0.6791788965408184,2.8704563434924424,1.0,11.222761087617544,0.06830790848728713
HorizontalScanPath_10,Horizontal,evaluation,5,target_20pct,0.2,293.62960180924995,296.06802208777685,2.4384202785269053,25.020392169666025,0.9809066219256967,0.20031987205117952,0.19752099160335865,advective posterior physics mean + sequential advective ST,deliberately_hidden_observable,419,0.706870114249859,0.48595177853393745,-0.39476507713412173,0.38093577627538056,0.7028331842532984,0.9212410501193318,2.7409641300249548,0.677061025146472
HorizontalScanPath_10,Horizontal,evaluation,5,target_20pct,0.2,293.62960180924995,296.06802208777685,2.4384202785269053,25.020392169666025,0.9809066219256967,0.20031987205117952,0.19752099160335865,advective posterior physics mean + sequential advective ST,near_ceiling_unsaturated_1K,1974,0.17922268105090639,0.1275699463268249,0.06825722951287844,0.17324120275063518,0.6591286069818435,1.0,2.5763049303132206,0.1977903985209061
HorizontalScanPath_10,Horizontal,evaluation,5,target_20pct,0.2,293.62960180924995,296.06802208777685,2.4384202785269053,25.020392169666025,0.9809066219256967,0.20031987205117952,0.19752099160335865,advective posterior physics mean + sequential advective ST,observed_censored_full_grid,501,1.9099737459448258,1.0126564237322433,-0.9347197621978417,0.8590864665709358,0.7064276388171664,0.7724550898203593,2.756933636352318,1.3977292738789069
HorizontalScanPath_10,Horizontal,evaluation,5,target_20pct,0.2,293.62960180924995,296.06802208777685,2.4384202785269053,25.020392169666025,0.9809066219256967,0.20031987205117952,0.19752099160335865,advective posterior physics mean + sequential advective ST,overall,2501,0.8697254246392061,0.3048150990038477,-0.1324977780209321,0.31065993666531627,0.6687801281020883,0.9544182327069173,2.613149508583134,0.4381077809865534
HorizontalScanPath_10,Horizontal,evaluation,5,target_20pct,0.2,293.62960180924995,296.06802208777685,2.4384202785269053,25.020392169666025,0.9809066219256967,0.20031987205117952,0.19752099160335865,advective posterior physics mean + sequential advective ST,top_1pct,25,6.9301328331105605,6.222023984640334,-6.222023984640334,5.805011717248837,0.7458454611331256,0.0,2.9189687550582697,8.361293581385345
HorizontalScanPath_10,Horizontal,evaluation,5,target_20pct,0.2,293.62960180924995,296.06802208777685,2.4384202785269053,25.020392169666025,0.9809066219256967,0.20031987205117952,0.19752099160335865,advective posterior physics mean + sequential advective ST,unsaturated_full_grid,2000,0.1791149814566467,0.1275008471593846,0.06845882901538375,0.1732790909239586,0.6593494266679611,1.0,2.577131584576954,0.19772259701701886
HorizontalScanPath_10,Horizontal,evaluation,5,target_20pct,0.2,293.62960180924995,296.06802208777685,2.4384202785269053,25.020392169666025,0.9809066219256967,0.20031987205117952,0.19752099160335865,single-frame censored RBF,deliberately_hidden_observable,419,0.813807537581443,0.6370782761750204,-0.26853325921699095,0.4834760459787009,0.4545409777607355,0.7517899761336515,1.7728688219380784,1.4306874798436082
HorizontalScanPath_10,Horizontal,evaluation,5,target_20pct,0.2,293.62960180924995,296.06802208777685,2.4384202785269053,25.020392169666025,0.9809066219256967,0.20031987205117952,0.19752099160335865,single-frame censored RBF,near_ceiling_unsaturated_1K,1974,0.2860285119064347,0.2044811009015367,0.12969259426463506,0.6460205119512706,2.6952747998122093,1.0,10.525210112914477,0.10452058155116341
HorizontalScanPath_10,Horizontal,evaluation,5,target_20pct,0.2,293.62960180924995,296.06802208777685,2.4384202785269053,25.020392169666025,0.9809066219256967,0.20031987205117952,0.19752099160335865,single-frame censored RBF,observed_censored_full_grid,501,2.215082182392776,1.1872561029551925,-0.8767858428469514,1.0192167201703177,0.4506712891444866,0.6307385229540918,1.7574754119314706,2.715511362122358
HorizontalScanPath_10,Horizontal,evaluation,5,target_20pct,0.2,293.62960180924995,296.06802208777685,2.4384202785269053,25.020392169666025,0.9809066219256967,0.20031987205117952,0.19752099160335865,single-frame censored RBF,overall,2501,1.0240253844639686,0.401637531847641,-0.0715838430990403,0.7211666156364033,2.2466265758088175,0.9260295881647341,8.773123233278437,0.6279097152567255
HorizontalScanPath_10,Horizontal,evaluation,5,target_20pct,0.2,293.62960180924995,296.06802208777685,2.4384202785269053,25.020392169666025,0.9809066219256967,0.20031987205117952,0.19752099160335865,single-frame censored RBF,top_1pct,25,8.3378473262192,6.974890463011389,-6.974890463011389,6.730742230454653,0.43312584801581994,0.0,1.6842297375038129,16.054268298942972
HorizontalScanPath_10,Horizontal,evaluation,5,target_20pct,0.2,293.62960180924995,296.06802208777685,2.4384202785269053,25.020392169666025,0.9809066219256967,0.20031987205117952,0.19752099160335865,single-frame censored RBF,unsaturated_full_grid,2000,0.28672065813501096,0.20484007978519939,0.13011925783781142,0.6465050644506577,2.696513375118233,1.0,10.53054301252585,0.10496550271688454
HorizontalScanPath_11,Horizontal,evaluation,0,reference,0.03,296.2091569703494,296.2091569703494,0.0,21.054448638147107,0.8728813666424511,0.02958816473410636,0.031187524990004,advective posterior physics mean + sequential advective ST,deliberately_hidden_observable,0,,,,,,,,
HorizontalScanPath_11,Horizontal,evaluation,0,reference,0.03,296.2091569703494,296.2091569703494,0.0,21.054448638147107,0.8728813666424511,0.02958816473410636,0.031187524990004,advective posterior physics mean + sequential advective ST,near_ceiling_unsaturated_1K,77,0.9737824693413217,0.4856501886846452,0.38049496103952213,0.38193212086757306,0.8146885839168341,1.0,3.1679798952957032,0.4208946966203679
HorizontalScanPath_11,Horizontal,evaluation,0,reference,0.03,296.2091569703494,296.2091569703494,0.0,21.054448638147107,0.8728813666424511,0.02958816473410636,0.031187524990004,advective posterior physics mean + sequential advective ST,observed_censored_full_grid,74,2.5443449679853947,1.9859484471409923,1.1245731186925418,1.3806082903691137,1.826460139409968,0.9054054054054054,7.102906301845242,1.0190976431912573
HorizontalScanPath_11,Horizontal,evaluation,0,reference,0.03,296.2091569703494,296.2091569703494,0.0,21.054448638147107,0.8728813666424511,0.02958816473410636,0.031187524990004,advective posterior physics mean + sequential advective ST,overall,2501,0.5031619012406098,0.19475825013027936,0.09860194586438398,0.21631635269368352,0.6963471613848028,0.9972011195521792,2.7213516620525544,0.23196128514475084
HorizontalScanPath_11,Horizontal,evaluation,0,reference,0.03,296.2091569703494,296.2091569703494,0.0,21.054448638147107,0.8728813666424511,0.02958816473410636,0.031187524990004,advective posterior physics mean + sequential advective ST,top_1pct,25,2.8754025320154875,1.8289714620760582,-0.6967117784430298,1.4263087613630454,2.059317469758524,0.88,8.013372345175144,0.8413137341386606
HorizontalScanPath_11,Horizontal,evaluation,0,reference,0.03,296.2091569703494,296.2091569703494,0.0,21.054448638147107,0.8728813666424511,0.02958816473410636,0.031187524990004,advective posterior physics mean + sequential advective ST,unsaturated_full_grid,2427,0.25200454019811996,0.14014429274305532,0.06731975930102028,0.18081672212591188,0.661889658140525,1.0,2.587756670975233,0.20796124785779513
HorizontalScanPath_11,Horizontal,evaluation,0,reference,0.03,296.2091569703494,296.2091569703494,0.0,21.054448638147107,0.8728813666424511,0.02958816473410636,0.031187524990004,single-frame censored RBF,deliberately_hidden_observable,0,,,,,,,,
HorizontalScanPath_11,Horizontal,evaluation,0,reference,0.03,296.2091569703494,296.2091569703494,0.0,21.054448638147107,0.8728813666424511,0.02958816473410636,0.031187524990004,single-frame censored RBF,near_ceiling_unsaturated_1K,77,1.3177772093801796,1.1833068379399843,-0.09237061801304633,0.892505266315725,2.8329722700263207,1.0,11.049760914465272,0.4291207231547523
HorizontalScanPath_11,Horizontal,evaluation,0,reference,0.03,296.2091569703494,296.2091569703494,0.0,21.054448638147107,0.8728813666424511,0.02958816473410636,0.031187524990004,single-frame censored RBF,observed_censored_full_grid,74,3.296777560049731,2.351295918670125,1.0786213857249582,1.6075083790979985,1.901411030862715,0.8243243243243243,7.319630416296918,1.2258553288536163
HorizontalScanPath_11,Horizontal,evaluation,0,reference,0.03,296.2091569703494,296.2091569703494,0.0,21.054448638147107,0.8728813666424511,0.02958816473410636,0.031187524990004,single-frame censored RBF,overall,2501,0.6933393816051443,0.2575799845496646,-0.038288889206373536,0.7446750885961686,2.942385032477428,0.9948020791683326,11.491600810763948,0.11418871245437334
HorizontalScanPath_11,Horizontal,evaluation,0,reference,0.03,296.2091569703494,296.2091569703494,0.0,21.054448638147107,0.8728813666424511,0.02958816473410636,0.031187524990004,single-frame censored RBF,top_1pct,25,4.476998314151278,2.460980346783649,-1.3061362707340458,1.9835447005219329,1.9852928051988985,0.84,7.674858321873312,1.2643116985163012
HorizontalScanPath_11,Horizontal,evaluation,0,reference,0.03,296.2091569703494,296.2091569703494,0.0,21.054448638147107,0.8728813666424511,0.02958816473410636,0.031187524990004,single-frame censored RBF,unsaturated_full_grid,2427,0.40495109297733245,0.19374192145740493,-0.07234383784457649,0.7183670278227299,2.9741246600503533,1.0,11.618805511707732,0.08029364462843845
HorizontalScanPath_11,Horizontal,evaluation,1,target_5pct,0.05,295.5002842656077,296.2091569703494,0.7088727047416796,21.763321342888787,0.9022700144253883,0.05037984806077569,0.04878048780487805,advective posterior physics mean + sequential advective ST,deliberately_hidden_observable,51,2.579660768910474,2.1463350949498454,2.11230082769063,1.4641003628196685,1.5665702884153458,0.9803921568627451,6.1650022500547665,1.1535368352423732
HorizontalScanPath_11,Horizontal,evaluation,1,target_5pct,0.05,295.5002842656077,296.2091569703494,0.7088727047416796,21.763321342888787,0.9022700144253883,0.05037984806077569,0.04878048780487805,advective posterior physics mean + sequential advective ST,near_ceiling_unsaturated_1K,116,0.9030974587256587,0.44134238230718525,0.20968349213155016,0.349866289296415,0.7755652389149932,0.9827586206896551,3.0285985352470415,0.432934183801159
HorizontalScanPath_11,Horizontal,evaluation,1,target_5pct,0.05,295.5002842656077,296.2091569703494,0.7088727047416796,21.763321342888787,0.9022700144253883,0.05037984806077569,0.04878048780487805,advective posterior physics mean + sequential advective ST,observed_censored_full_grid,126,2.591264750911847,2.0476007630707698,1.3620029971197871,1.4101428425343105,1.7604892593971444,0.9603174603174603,6.888404654846844,1.0817876083758509
HorizontalScanPath_11,Horizontal,evaluation,1,target_5pct,0.05,295.5002842656077,296.2091569703494,0.7088727047416796,21.763321342888787,0.9022700144253883,0.05037984806077569,0.04878048780487805,advective posterior physics mean + sequential advective ST,overall,2501,0.6369315869675634,0.23668482560596116,0.1341828472957346,0.2435925040533527,0.7176808697303003,0.9972011195521792,2.8051618989071128,0.2508397139249664
HorizontalScanPath_11,Horizontal,evaluation,1,target_5pct,0.05,295.5002842656077,296.2091569703494,0.7088727047416796,21.763321342888787,0.9022700144253883,0.05037984806077569,0.04878048780487805,advective posterior physics mean + sequential advective ST,top_1pct,25,3.353234047790618,2.0817153779153226,-1.1913157317448282,1.661151582580696,1.9774264777488826,0.84,7.718681198515023,1.0679061584613272
HorizontalScanPath_11,Horizontal,evaluation,1,target_5pct,0.05,295.5002842656077,296.2091569703494,0.7088727047416796,21.763321342888787,0.9022700144253883,0.05037984806077569,0.04878048780487805,advective posterior physics mean + sequential advective ST,unsaturated_full_grid,2375,0.26641006687548496,0.14061096955519659,0.0690437572419112,0.18170393872762614,0.6623571404258699,0.9991578947368421,2.588535125328837,0.20675574141936157
HorizontalScanPath_11,Horizontal,evaluation,1,target_5pct,0.05,295.5002842656077,296.2091569703494,0.7088727047416796,21.763321342888787,0.9022700144253883,0.05037984806077569,0.04878048780487805,single-frame censored RBF,deliberately_hidden_observable,51,2.5140711386134575,2.421737084068079,2.421737084068079,1.57882874022121,1.557645990893813,0.6274509803921569,5.8124015545788765,1.5621922666258519
HorizontalScanPath_11,Horizontal,evaluation,1,target_5pct,0.05,295.5002842656077,296.2091569703494,0.7088727047416796,21.763321342888787,0.9022700144253883,0.05037984806077569,0.04878048780487805,single-frame censored RBF,near_ceiling_unsaturated_1K,116,1.5098788207146807,1.2263091728736397,0.3897741010255011,0.9668089855284826,2.6246921926709295,0.9741379310344828,10.207118147049345,0.5310009880253141
HorizontalScanPath_11,Horizontal,evaluation,1,target_5pct,0.05,295.5002842656077,296.2091569703494,0.7088727047416796,21.763321342888787,0.9022700144253883,0.05037984806077569,0.04878048780487805,single-frame censored RBF,observed_censored_full_grid,126,3.018645429006896,2.1293249938575416,1.1258406537645338,1.5040744426695407,1.60305122161915,0.7936507936507936,6.049258300410146,1.3493298751166203
HorizontalScanPath_11,Horizontal,evaluation,1,target_5pct,0.05,295.5002842656077,296.2091569703494,0.7088727047416796,21.763321342888787,0.9022700144253883,0.05037984806077569,0.04878048780487805,single-frame censored RBF,overall,2501,0.7927369927619593,0.2814135474442414,0.03587879254342456,0.7583752479285467,2.8880260042316577,0.9884046381447421,11.273050014089055,0.14606640151817404
HorizontalScanPath_11,Horizontal,evaluation,1,target_5pct,0.05,295.5002842656077,296.2091569703494,0.7088727047416796,21.763321342888787,0.9022700144253883,0.05037984806077569,0.04878048780487805,single-frame censored RBF,top_1pct,25,5.156760842082467,2.512032743548375,-2.276802933004542,2.3812324863884577,1.6782173369588682,0.8,6.40423161833959,1.6064662745557259
HorizontalScanPath_11,Horizontal,evaluation,1,target_5pct,0.05,295.5002842656077,296.2091569703494,0.7088727047416796,21.763321342888787,0.9022700144253883,0.05037984806077569,0.04878048780487805,single-frame censored RBF,unsaturated_full_grid,2375,0.4223087085801658,0.18337698228715682,-0.02194655251504271,0.7188139432812349,2.956197297961837,0.9987368421052631,11.550185911320021,0.0822301077609512
HorizontalScanPath_11,Horizontal,evaluation,2,target_7.5pct,0.075,294.833434067864,296.2091569703494,1.3757229024853928,22.4301715406325,0.9299164810679623,0.07516993202718912,0.07516993202718912,advective posterior physics mean + sequential advective ST,deliberately_hidden_observable,114,1.820274518653877,1.568534063963869,1.5289031602059415,1.0267418199156044,1.4673047246139352,0.9649122807017544,5.7137712801281095,0.9970591702412367
HorizontalScanPath_11,Horizontal,evaluation,2,target_7.5pct,0.075,294.833434067864,296.2091569703494,1.3757229024853928,22.4301715406325,0.9299164810679623,0.07516993202718912,0.07516993202718912,advective posterior physics mean + sequential advective ST,near_ceiling_unsaturated_1K,192,0.669157300706982,0.3554055488516695,0.1626089105980156,0.29036016804828085,0.7259373252378548,0.984375,2.8339499703725863,0.40828527792902564
HorizontalScanPath_11,Horizontal,evaluation,2,target_7.5pct,0.075,294.833434067864,296.2091569703494,1.3757229024853928,22.4301715406325,0.9299164810679623,0.07516993202718912,0.07516993202718912,advective posterior physics mean + sequential advective ST,observed_censored_full_grid,188,2.049131583706593,1.5290447673775516,0.7354856500348567,1.065589098790639,1.549678171784201,0.9414893617021277,6.056349531851468,0.9534057874421134
HorizontalScanPath_11,Horizontal,evaluation,2,target_7.5pct,0.075,294.833434067864,296.2091569703494,1.3757229024853928,22.4301715406325,0.9299164810679623,0.07516993202718912,0.07516993202718912,advective posterior physics mean + sequential advective ST,overall,2501,0.6131780302634224,0.24411355421523698,0.12097912444349185,0.2480979096684118,0.7292600856470667,0.9944022391043582,2.8495667792506274,0.2620065518080611
HorizontalScanPath_11,Horizontal,evaluation,2,target_7.5pct,0.075,294.833434067864,296.2091569703494,1.3757229024853928,22.4301715406325,0.9299164810679623,0.07516993202718912,0.07516993202718912,advective posterior physics mean + sequential advective ST,top_1pct,25,3.7851215055730476,2.691252188459448,-2.6646402126022393,2.118798212250574,1.8171955950014185,0.72,7.177717170792027,1.5910484282293027
HorizontalScanPath_11,Horizontal,evaluation,2,target_7.5pct,0.075,294.833434067864,296.2091569703494,1.3757229024853928,22.4301715406325,0.9299164810679623,0.07516993202718912,0.07516993202718912,advective posterior physics mean + sequential advective ST,unsaturated_full_grid,2313,0.2554579002040951,0.13967470074592653,0.07103220407549504,0.1816524520138598,0.6625767306130066,0.9987029831387808,2.5889203644261753,0.2058098132437715
HorizontalScanPath_11,Horizontal,evaluation,2,target_7.5pct,0.075,294.833434067864,296.2091569703494,1.3757229024853928,22.4301715406325,0.9299164810679623,0.07516993202718912,0.07516993202718912,single-frame censored RBF,deliberately_hidden_observable,114,1.4396957351234974,1.3501964452879882,1.3501964452879882,0.7832439638206357,1.2990078445537143,0.956140350877193,4.910610204765035,1.0508125973381797
HorizontalScanPath_11,Horizontal,evaluation,2,target_7.5pct,0.075,294.833434067864,296.2091569703494,1.3757229024853928,22.4301715406325,0.9299164810679623,0.07516993202718912,0.07516993202718912,single-frame censored RBF,near_ceiling_unsaturated_1K,192,0.8079580108268096,0.6501891722886182,0.04767477917635373,0.7113358767796488,2.5653310286935276,1.0,9.998508187512387,0.30852477945269213
HorizontalScanPath_11,Horizontal,evaluation,2,target_7.5pct,0.075,294.833434067864,296.2091569703494,1.3757229024853928,22.4301715406325,0.9299164810679623,0.07516993202718912,0.07516993202718912,single-frame censored RBF,observed_censored_full_grid,188,2.5042544223763885,1.5028933007473013,0.24568747266138485,1.0722216962888445,1.3110999354177615,0.9095744680851063,4.949371092860214,1.2240459404373267
HorizontalScanPath_11,Horizontal,evaluation,2,target_7.5pct,0.075,294.833434067864,296.2091569703494,1.3757229024853928,22.4301715406325,0.9299164810679623,0.07516993202718912,0.07516993202718912,single-frame censored RBF,overall,2501,0.7363999356209876,0.24127142864215834,0.002076631109838652,0.7300828657801778,2.821399155735649,0.9932027189124351,11.014418704393796,0.15456458346545868
HorizontalScanPath_11,Horizontal,evaluation,2,target_7.5pct,0.075,294.833434067864,296.2091569703494,1.3757229024853928,22.4301715406325,0.9299164810679623,0.07516993202718912,0.07516993202718912,single-frame censored RBF,top_1pct,25,6.041378709547488,3.9923239451505945,-3.9923239451505945,3.465924096124319,1.3563622299732636,0.56,5.087557179545417,3.4188684794505644
HorizontalScanPath_11,Horizontal,evaluation,2,target_7.5pct,0.075,294.833434067864,296.2091569703494,1.3757229024853928,22.4301715406325,0.9299164810679623,0.07516993202718912,0.07516993202718912,single-frame censored RBF,unsaturated_full_grid,2313,0.2768264723471082,0.1387271519643516,-0.017723990685098955,0.7022739163051975,2.9441558584679286,1.0,11.507384096079189,0.06763743469299388
HorizontalScanPath_11,Horizontal,evaluation,3,target_10pct,0.1,294.3930801694012,296.2091569703494,1.816076800948224,22.87052543909533,0.9481727992125345,0.10035985605757697,0.09916033586565375,advective posterior physics mean + sequential advective ST,deliberately_hidden_observable,176,0.9389548179574507,0.7918905564236802,0.5931094848894763,0.5347257493939693,1.2207858675374808,1.0,4.762696263483677,0.6465927160943012
HorizontalScanPath_11,Horizontal,evaluation,3,target_10pct,0.1,294.3930801694012,296.2091569703494,1.816076800948224,22.87052543909533,0.9481727992125345,0.10035985605757697,0.09916033586565375,advective posterior physics mean + sequential advective ST,near_ceiling_unsaturated_1K,613,0.3652083561133599,0.2056970511803114,0.10779002629405403,0.20926492917909686,0.6819128661043995,1.0,2.6667279044703256,0.2795784947473631
HorizontalScanPath_11,Horizontal,evaluation,3,target_10pct,0.1,294.3930801694012,296.2091569703494,1.816076800948224,22.87052543909533,0.9481727992125345,0.10035985605757697,0.09916033586565375,advective posterior physics mean + sequential advective ST,observed_censored_full_grid,251,1.8559957911009821,1.1256093980903286,-0.11690980143659334,0.833637223790131,1.2658872188087096,0.9442231075697212,4.945832700069734,0.8765698844235834
HorizontalScanPath_11,Horizontal,evaluation,3,target_10pct,0.1,294.3930801694012,296.2091569703494,1.816076800948224,22.87052543909533,0.9481727992125345,0.10035985605757697,0.09916033586565375,advective posterior physics mean + sequential advective ST,overall,2501,0.6299459733948435,0.2372045966986441,0.05506571641377697,0.24628866806128044,0.7236278472527405,0.9944022391043582,2.8287261786811,0.2710920698806257
HorizontalScanPath_11,Horizontal,evaluation,3,target_10pct,0.1,294.3930801694012,296.2091569703494,1.816076800948224,22.87052543909533,0.9481727992125345,0.10035985605757697,0.09916033586565375,advective posterior physics mean + sequential advective ST,top_1pct,25,5.058162752802936,3.9743607609742413,-3.9743607609742413,3.228944781871837,1.4319912628336622,0.56,5.593824921282737,2.8257826844820513
HorizontalScanPath_11,Horizontal,evaluation,3,target_10pct,0.1,294.3930801694012,296.2091569703494,1.816076800948224,22.87052543909533,0.9481727992125345,0.10035985605757697,0.09916033586565375,advective posterior physics mean + sequential advective ST,unsaturated_full_grid,2250,0.2383758385385138,0.13809810552117172,0.0742505408495294,0.18076667362219537,0.6631358018036081,1.0,2.5925511845173013,0.2035476559027224
HorizontalScanPath_11,Horizontal,evaluation,3,target_10pct,0.1,294.3930801694012,296.2091569703494,1.816076800948224,22.87052543909533,0.9481727992125345,0.10035985605757697,0.09916033586565375,single-frame censored RBF,deliberately_hidden_observable,176,0.5568001557670404,0.45572522912662805,0.231089101518414,0.31933257513428864,0.7143314908983066,0.9943181818181818,2.783171988815978,0.6572304403894179
HorizontalScanPath_11,Horizontal,evaluation,3,target_10pct,0.1,294.3930801694012,296.2091569703494,1.816076800948224,22.87052543909533,0.9481727992125345,0.10035985605757697,0.09916033586565375,single-frame censored RBF,near_ceiling_unsaturated_1K,613,0.28994111920868976,0.19322406504895487,0.020804912520003046,0.671260835146288,2.795029384749672,1.0,10.92181387941736,0.10657718452849478
HorizontalScanPath_11,Horizontal,evaluation,3,target_10pct,0.1,294.3930801694012,296.2091569703494,1.816076800948224,22.87052543909533,0.9481727992125345,0.10035985605757697,0.09916033586565375,single-frame censored RBF,observed_censored_full_grid,251,2.481664835515712,1.227537619931515,-0.7406745285165096,1.0273469573124263,0.7074621994374737,0.7729083665338645,2.770676375897318,1.7909949363079096
HorizontalScanPath_11,Horizontal,evaluation,3,target_10pct,0.1,294.3930801694012,296.2091569703494,1.816076800948224,22.87052543909533,0.9481727992125345,0.10035985605757697,0.09916033586565375,single-frame censored RBF,overall,2501,0.8041936846040032,0.2182186691268479,-0.07471869952012654,0.7244326321335207,2.7016685063106807,0.9772091163534586,10.562617366278348,0.23000779673513902
HorizontalScanPath_11,Horizontal,evaluation,3,target_10pct,0.1,294.3930801694012,296.2091569703494,1.816076800948224,22.87052543909533,0.9481727992125345,0.10035985605757697,0.09916033586565375,single-frame censored RBF,top_1pct,25,7.299208628867372,5.844828496625942,-5.844828496625942,5.467319330238671,0.6850164387819515,0.0,2.764832080447243,8.471704817451409
HorizontalScanPath_11,Horizontal,evaluation,3,target_10pct,0.1,294.3930801694012,296.2091569703494,1.816076800948224,22.87052543909533,0.9481727992125345,0.10035985605757697,0.09916033586565375,single-frame censored RBF,unsaturated_full_grid,2250,0.1784397614635417,0.1056235328370828,-0.0004276270409744585,0.6906408563024516,2.9241332987663133,1.0,11.43185167231641,0.055871009165021045
HorizontalScanPath_11,Horizontal,evaluation,4,target_15pct,0.15,293.84240367584505,296.2091569703494,2.366753294504349,23.421201932651456,0.9710029031271172,0.15033986405437824,0.1439424230307877,advective posterior physics mean + sequential advective ST,deliberately_hidden_observable,301,0.6421805560912505,0.49038461013681317,-0.19270172864783106,0.3588952410973552,0.7648712764363818,0.9634551495016611,2.9953467277679438,0.6364863561207311
HorizontalScanPath_11,Horizontal,evaluation,4,target_15pct,0.15,293.84240367584505,296.2091569703494,2.366753294504349,23.421201932651456,0.9710029031271172,0.15033986405437824,0.1439424230307877,advective posterior physics mean + sequential advective ST,near_ceiling_unsaturated_1K,1928,0.19632570846498698,0.12945818135863355,0.0733317903375628,0.17579923119222138,0.6581856044219256,1.0,2.5708836340299834,0.1991440169839854
HorizontalScanPath_11,Horizontal,evaluation,4,target_15pct,0.15,293.84240367584505,296.2091569703494,2.366753294504349,23.421201932651456,0.9710029031271172,0.15033986405437824,0.1439424230307877,advective posterior physics mean + sequential advective ST,observed_censored_full_grid,376,1.9844706715945555,1.0836229915072382,-0.8394258075508104,0.8898249938737631,0.7695738802025662,0.7925531914893617,3.0105889060812,1.3820896897347488
HorizontalScanPath_11,Horizontal,evaluation,4,target_15pct,0.15,293.84240367584505,296.2091569703494,2.366753294504349,23.421201932651456,0.9710029031271172,0.15033986405437824,0.1439424230307877,advective posterior physics mean + sequential advective ST,overall,2501,0.7897366566672795,0.2706949373076338,-0.06637497109038412,0.28269026373370826,0.6755617192789656,0.968812475009996,2.640056174833418,0.3737767673461994
HorizontalScanPath_11,Horizontal,evaluation,4,target_15pct,0.15,293.84240367584505,296.2091569703494,2.366753294504349,23.421201932651456,0.9710029031271172,0.15033986405437824,0.1439424230307877,advective posterior physics mean + sequential advective ST,top_1pct,25,6.554109649934172,5.8430828959976155,-5.8430828959976155,5.381221910406049,0.8094305230433357,0.0,3.151821480930453,7.242104643430981
HorizontalScanPath_11,Horizontal,evaluation,4,target_15pct,0.15,293.84240367584505,296.2091569703494,2.366753294504349,23.421201932651456,0.9710029031271172,0.15033986405437824,0.1439424230307877,advective posterior physics mean + sequential advective ST,unsaturated_full_grid,2125,0.19293288676866394,0.12685449101160967,0.07040955338449602,0.17526313030657378,0.6589270969226013,1.0,2.5744936774455756,0.19536469260827263
HorizontalScanPath_11,Horizontal,evaluation,4,target_15pct,0.15,293.84240367584505,296.2091569703494,2.366753294504349,23.421201932651456,0.9710029031271172,0.15033986405437824,0.1439424230307877,single-frame censored RBF,deliberately_hidden_observable,301,0.777215162337545,0.6093832648485767,-0.2761835153986244,0.45254281515216666,0.5027353684237965,0.7873754152823921,1.960284336351523,1.2329241912985272
HorizontalScanPath_11,Horizontal,evaluation,4,target_15pct,0.15,293.84240367584505,296.2091569703494,2.366753294504349,23.421201932651456,0.9710029031271172,0.15033986405437824,0.1439424230307877,single-frame censored RBF,near_ceiling_unsaturated_1K,1928,0.18681097637473257,0.1106800775443126,0.04524918639030614,0.6754325566340216,2.8560554685607995,1.0,11.163244222539076,0.061330097253064826
HorizontalScanPath_11,Horizontal,evaluation,4,target_15pct,0.15,293.84240367584505,296.2091569703494,2.366753294504349,23.421201932651456,0.9710029031271172,0.15033986405437824,0.1439424230307877,single-frame censored RBF,observed_censored_full_grid,376,2.4063842811228002,1.2819875188549703,-1.0117906764733893,1.1016329485555343,0.4993683773294917,0.6329787234042553,1.9481034882920514,2.641819134807625
HorizontalScanPath_11,Horizontal,evaluation,4,target_15pct,0.15,293.84240367584505,296.2091569703494,2.366753294504349,23.421201932651456,0.9710029031271172,0.15033986405437824,0.1439424230307877,single-frame censored RBF,overall,2501,0.9482849231385801,0.28492678148291833,-0.11698954438039288,0.7431532209390321,2.5172933563466264,0.9448220711715314,9.839899969232455,0.4481253142595025
HorizontalScanPath_11,Horizontal,evaluation,4,target_15pct,0.15,293.84240367584505,296.2091569703494,2.366753294504349,23.421201932651456,0.9710029031271172,0.15033986405437824,0.1439424230307877,single-frame censored RBF,top_1pct,25,8.098836446711001,6.789750853169832,-6.789750853169832,6.5130264601047365,0.4799791050872927,0.0,1.8861071360600068,14.218756919307467
HorizontalScanPath_11,Horizontal,evaluation,4,target_15pct,0.15,293.84240367584505,296.2091569703494,2.366753294504349,23.421201932651456,0.9710029031271172,0.15033986405437824,0.1439424230307877,single-frame censored RBF,unsaturated_full_grid,2125,0.18370347840542742,0.10850568159967519,0.041337620639356136,0.6797233961937121,2.874347376163306,1.0,11.2362837230365,0.05997054883545825
HorizontalScanPath_11,Horizontal,evaluation,5,target_20pct,0.2,293.6310259178298,296.2091569703494,2.578131052519609,23.632579690666716,0.9797662628077826,0.20031987205117952,0.20231907237105157,advective posterior physics mean + sequential advective ST,deliberately_hidden_observable,426,0.8120192152458866,0.5699965133527981,-0.44201604793927196,0.4400184009469117,0.7050607703702475,0.8849765258215962,2.7567865924029897,0.7962868280917071
HorizontalScanPath_11,Horizontal,evaluation,5,target_20pct,0.2,293.6310259178298,296.2091569703494,2.578131052519609,23.632579690666716,0.9797662628077826,0.20031987205117952,0.20231907237105157,advective posterior physics mean + sequential advective ST,near_ceiling_unsaturated_1K,1967,0.1865272106321652,0.12414372064329966,0.07219248303990199,0.17437662044884905,0.6601572242817881,1.0,2.5797271019697927,0.18996424216237942
HorizontalScanPath_11,Horizontal,evaluation,5,target_20pct,0.2,293.6310259178298,296.2091569703494,2.578131052519609,23.632579690666716,0.9797662628077826,0.20031987205117952,0.20231907237105157,advective posterior physics mean + sequential advective ST,observed_censored_full_grid,501,1.9983679300232502,1.0950672616952462,-0.9862455485891339,0.924985270919456,0.7074050123703199,0.7544910179640718,2.764922704115286,1.5148119257458779
HorizontalScanPath_11,Horizontal,evaluation,5,target_20pct,0.2,293.6310259178298,296.2091569703494,2.578131052519609,23.632579690666716,0.9797662628077826,0.20031987205117952,0.20231907237105157,advective posterior physics mean + sequential advective ST,overall,2501,0.9096909426838613,0.3180399818875228,-0.14079928928305432,0.3246417738771696,0.6696961597354844,0.9508196721311475,2.6170223211454853,0.4545782688298013
HorizontalScanPath_11,Horizontal,evaluation,5,target_20pct,0.2,293.6310259178298,296.2091569703494,2.578131052519609,23.632579690666716,0.9797662628077826,0.20031987205117952,0.20231907237105157,advective posterior physics mean + sequential advective ST,top_1pct,25,7.181498658919986,6.556168441804507,-6.556168441804507,6.1411492404018455,0.7446510254852073,0.0,2.911971838386005,8.797049016466023
HorizontalScanPath_11,Horizontal,evaluation,5,target_20pct,0.2,293.6310259178298,296.2091569703494,2.578131052519609,23.632579690666716,0.9797662628077826,0.20031987205117952,0.20231907237105157,advective posterior physics mean + sequential advective ST,unsaturated_full_grid,2000,0.18566219237823026,0.12339464829568814,0.07098499867311861,0.17425572786807683,0.660250092150458,1.0,2.5799732752115507,0.18898973777232403
HorizontalScanPath_11,Horizontal,evaluation,5,target_20pct,0.2,293.6310259178298,296.2091569703494,2.578131052519609,23.632579690666716,0.9797662628077826,0.20031987205117952,0.20231907237105157,single-frame censored RBF,deliberately_hidden_observable,426,0.863994955347286,0.673311719601441,-0.30581846698948056,0.5123413043160762,0.46050079404926353,0.744131455399061,1.7995604645518783,1.4952875729187733
HorizontalScanPath_11,Horizontal,evaluation,5,target_20pct,0.2,293.6310259178298,296.2091569703494,2.578131052519609,23.632579690666716,0.9797662628077826,0.20031987205117952,0.20231907237105157,single-frame censored RBF,near_ceiling_unsaturated_1K,1967,0.27300785023424773,0.18908631708778614,0.13405714323347603,0.6456655467698886,2.6964044951542854,1.0,10.538464021800118,0.09673827360186024
HorizontalScanPath_11,Horizontal,evaluation,5,target_20pct,0.2,293.6310259178298,296.2091569703494,2.578131052519609,23.632579690666716,0.9797662628077826,0.20031987205117952,0.20231907237105157,single-frame censored RBF,observed_censored_full_grid,501,2.2510591103385633,1.2226055532786038,-0.9072030817080418,1.0493986617339472,0.45632993257105003,0.6347305389221557,1.782149404103589,2.7801853920785864
HorizontalScanPath_11,Horizontal,evaluation,5,target_20pct,0.2,293.6310259178298,296.2091569703494,2.578131052519609,23.632579690666716,0.9797662628077826,0.20031987205117952,0.20231907237105157,single-frame censored RBF,overall,2501,1.0367071109616,0.3963303005758643,-0.07481527402609663,0.7270519741743325,2.249848468200251,0.926829268292683,8.793369136340196,0.6343919659710467
HorizontalScanPath_11,Horizontal,evaluation,5,target_20pct,0.2,293.6310259178298,296.2091569703494,2.578131052519609,23.632579690666716,0.9797662628077826,0.20031987205117952,0.20231907237105157,single-frame censored RBF,top_1pct,25,8.417895104789752,7.176785165775989,-7.176785165775989,6.933211208977439,0.4316362123219357,0.0,1.690090035114174,16.673844820852445
HorizontalScanPath_11,Horizontal,evaluation,5,target_20pct,0.2,293.6310259178298,296.2091569703494,2.578131052519609,23.632579690666716,0.9797662628077826,0.20031987205117952,0.20231907237105157,single-frame censored RBF,unsaturated_full_grid,2000,0.2732014093964617,0.18934834977382806,0.13369787179823064,0.6463041289406489,2.699124861375366,1.0,10.549679679265466,0.09687071273110823
HorizontalScanPath_12,Horizontal,evaluation,0,reference,0.03,296.3525815864646,296.3525815864646,0.0,19.11197064999004,0.8562565627766059,0.031187524990004,0.03438624550179928,advective posterior physics mean + sequential advective ST,deliberately_hidden_observable,0,,,,,,,,
HorizontalScanPath_12,Horizontal,evaluation,0,reference,0.03,296.3525815864646,296.3525815864646,0.0,19.11197064999004,0.8562565627766059,0.031187524990004,0.03438624550179928,advective posterior physics mean + sequential advective ST,near_ceiling_unsaturated_1K,61,1.2481948455405307,0.6555340463853843,0.5118115432989593,0.49431343747233686,0.9054659496352355,1.0,3.539851830716404,0.4832296194434835
HorizontalScanPath_12,Horizontal,evaluation,0,reference,0.03,296.3525815864646,296.3525815864646,0.0,19.11197064999004,0.8562565627766059,0.031187524990004,0.03438624550179928,advective posterior physics mean + sequential advective ST,observed_censored_full_grid,78,2.823998285764885,2.425358444279884,1.6707744358133227,1.6728903287414203,1.9504721021260194,0.9230769230769231,7.622814361662165,1.210861632768965
HorizontalScanPath_12,Horizontal,evaluation,0,reference,0.03,296.3525815864646,296.3525815864646,0.0,19.11197064999004,0.8562565627766059,0.031187524990004,0.03438624550179928,advective posterior physics mean + sequential advective ST,overall,2501,0.5675062377836089,0.22464123792051474,0.11721958177716175,0.23066592669239425,0.7032954898974437,0.9976009596161536,2.7473176594104944,0.258279661808482
HorizontalScanPath_12,Horizontal,evaluation,0,reference,0.03,296.3525815864646,296.3525815864646,0.0,19.11197064999004,0.8562565627766059,0.031187524990004,0.03438624550179928,advective posterior physics mean + sequential advective ST,top_1pct,25,2.7657709699340853,1.952687556724527,-0.3869133280531787,1.4598667018222435,2.0615341042460087,0.84,8.110781036202141,0.954857345316918
HorizontalScanPath_12,Horizontal,evaluation,0,reference,0.03,296.3525815864646,296.3525815864646,0.0,19.11197064999004,0.8562565627766059,0.031187524990004,0.03438624550179928,advective posterior physics mean + sequential advective ST,unsaturated_full_grid,2423,0.27514526635129216,0.15379685405917307,0.06720832357872157,0.18423856253233487,0.6631470063011462,1.0,2.5903681163747407,0.22761462105944452
HorizontalScanPath_12,Horizontal,evaluation,0,reference,0.03,296.3525815864646,296.3525815864646,0.0,19.11197064999004,0.8562565627766059,0.031187524990004,0.03438624550179928,single-frame censored RBF,deliberately_hidden_observable,0,,,,,,,,
HorizontalScanPath_12,Horizontal,evaluation,0,reference,0.03,296.3525815864646,296.3525815864646,0.0,19.11197064999004,0.8562565627766059,0.031187524990004,0.03438624550179928,single-frame censored RBF,near_ceiling_unsaturated_1K,61,1.530021731083945,1.2776500513060907,0.3233434514648841,0.9885702363828947,2.823072773402279,1.0,11.00704241814395,0.4916700824423551
HorizontalScanPath_12,Horizontal,evaluation,0,reference,0.03,296.3525815864646,296.3525815864646,0.0,19.11197064999004,0.8562565627766059,0.031187524990004,0.03438624550179928,single-frame censored RBF,observed_censored_full_grid,78,3.3388400879238787,2.431491098133786,1.2267161982073276,1.6955039279337496,1.8679409818296107,0.7948717948717948,7.030136723493284,1.307502840535729
HorizontalScanPath_12,Horizontal,evaluation,0,reference,0.03,296.3525815864646,296.3525815864646,0.0,19.11197064999004,0.8562565627766059,0.031187524990004,0.03438624550179928,single-frame censored RBF,overall,2501,0.72679998089123,0.281930099124018,-0.026775438431474407,0.7527279113111032,2.9407098560765603,0.9936025589764095,11.497358495804075,0.128908869261606
HorizontalScanPath_12,Horizontal,evaluation,0,reference,0.03,296.3525815864646,296.3525815864646,0.0,19.11197064999004,0.8562565627766059,0.031187524990004,0.03438624550179928,single-frame censored RBF,top_1pct,25,4.5728244213858655,2.4452178786640206,-1.3136798091065294,2.0757554230372866,1.9436996905374953,0.84,7.426928627609434,1.2832271868659584
HorizontalScanPath_12,Horizontal,evaluation,0,reference,0.03,296.3525815864646,296.3525815864646,0.0,19.11197064999004,0.8562565627766059,0.031187524990004,0.03438624550179928,single-frame censored RBF,unsaturated_full_grid,2423,0.43171390785201075,0.21273251021656361,-0.06712721212434546,0.7223785389229205,2.975243893299533,1.0,11.641165057190886,0.09096816362422196
HorizontalScanPath_12,Horizontal,evaluation,1,target_5pct,0.05,295.5117739642993,296.3525815864646,0.8408076221653005,19.952778272155342,0.8939265162155521,0.05037984806077569,0.05037984806077569,advective posterior physics mean + sequential advective ST,deliberately_hidden_observable,47,2.5297592236622353,2.1300151969272685,2.074047103254336,1.4598705315202298,1.5584709215577195,0.9574468085106383,6.096424655205952,1.1494230647673012
HorizontalScanPath_12,Horizontal,evaluation,1,target_5pct,0.05,295.5117739642993,296.3525815864646,0.8408076221653005,19.952778272155342,0.8939265162155521,0.05037984806077569,0.05037984806077569,advective posterior physics mean + sequential advective ST,near_ceiling_unsaturated_1K,103,0.9677508186942398,0.5006855509534175,0.28458600064956535,0.38767827819837886,0.7963541654793251,0.9902912621359223,3.112134159578049,0.45925248378029787
HorizontalScanPath_12,Horizontal,evaluation,1,target_5pct,0.05,295.5117739642993,296.3525815864646,0.8408076221653005,19.952778272155342,0.8939265162155521,0.05037984806077569,0.05037984806077569,advective posterior physics mean + sequential advective ST,observed_censored_full_grid,126,2.4901500890667596,1.9485678403723572,1.305249976447336,1.3720832814602648,1.8149946384696267,0.9444444444444444,7.100229900477452,1.0098747682931888
HorizontalScanPath_12,Horizontal,evaluation,1,target_5pct,0.05,295.5117739642993,296.3525815864646,0.8408076221653005,19.952778272155342,0.8939265162155521,0.05037984806077569,0.05037984806077569,advective posterior physics mean + sequential advective ST,overall,2501,0.6197115840771856,0.2448190597378047,0.13142584820828587,0.24452797342196525,0.7208260746632921,0.9968012794882047,2.816259947979055,0.26786735052396315
HorizontalScanPath_12,Horizontal,evaluation,1,target_5pct,0.05,295.5117739642993,296.3525815864646,0.8408076221653005,19.952778272155342,0.8939265162155521,0.05037984806077569,0.05037984806077569,advective posterior physics mean + sequential advective ST,top_1pct,25,3.127794898159489,1.761969155092852,-1.3504478022909507,1.5590401987418425,2.1432772655301777,0.84,8.367909600676693,0.8203424945299157
HorizontalScanPath_12,Horizontal,evaluation,1,target_5pct,0.05,295.5117739642993,296.3525815864646,0.8408076221653005,19.952778272155342,0.8939265162155521,0.05037984806077569,0.05037984806077569,advective posterior physics mean + sequential advective ST,unsaturated_full_grid,2375,0.27467368606946774,0.15443070337571901,0.06915138919434048,0.18470819707972283,0.6627775529624086,0.999578947368421,2.5889840683938767,0.22850190436020637
HorizontalScanPath_12,Horizontal,evaluation,1,target_5pct,0.05,295.5117739642993,296.3525815864646,0.8408076221653005,19.952778272155342,0.8939265162155521,0.05037984806077569,0.05037984806077569,single-frame censored RBF,deliberately_hidden_observable,47,3.135212368651154,3.0608049653389,3.0608049653389,2.0296843713587296,1.872603449335336,0.574468085106383,6.894017418581297,1.6442433816069117
HorizontalScanPath_12,Horizontal,evaluation,1,target_5pct,0.05,295.5117739642993,296.3525815864646,0.8408076221653005,19.952778272155342,0.8939265162155521,0.05037984806077569,0.05037984806077569,single-frame censored RBF,near_ceiling_unsaturated_1K,103,1.4868852047768961,1.1549025054259243,0.557220479995117,0.9342711260663251,2.6175043685405903,0.9902912621359223,10.166741613750439,0.47938142527251265
HorizontalScanPath_12,Horizontal,evaluation,1,target_5pct,0.05,295.5117739642993,296.3525815864646,0.8408076221653005,19.952778272155342,0.8939265162155521,0.05037984806077569,0.05037984806077569,single-frame censored RBF,observed_censored_full_grid,126,3.2443993353127802,2.439436183903313,1.4664358094269778,1.701509369745821,1.8254942199023392,0.7698412698412699,6.747866838720205,1.3077025047777804
HorizontalScanPath_12,Horizontal,evaluation,1,target_5pct,0.05,295.5117739642993,296.3525815864646,0.8408076221653005,19.952778272155342,0.8939265162155521,0.05037984806077569,0.05037984806077569,single-frame censored RBF,overall,2501,0.831496138526846,0.3063779920451454,0.056398731044568697,0.7685520839682137,2.905283770146261,0.9880047980807677,11.344800083412677,0.14889051293468164
HorizontalScanPath_12,Horizontal,evaluation,1,target_5pct,0.05,295.5117739642993,296.3525815864646,0.8408076221653005,19.952778272155342,0.8939265162155521,0.05037984806077569,0.05037984806077569,single-frame censored RBF,top_1pct,25,5.019689389979249,2.7160055803425736,-2.1552213667892306,2.3054125090738813,1.9360087507350516,0.84,7.16240511487975,1.3622510522152749
HorizontalScanPath_12,Horizontal,evaluation,1,target_5pct,0.05,295.5117739642993,296.3525815864646,0.8408076221653005,19.952778272155342,0.8939265162155521,0.05037984806077569,0.05037984806077569,single-frame censored RBF,unsaturated_full_grid,2375,0.41185789520264887,0.1932136416560384,-0.018407446587508588,0.7190562448069596,2.9625694473381485,0.999578947368421,11.588679489236364,0.08741248726216355
HorizontalScanPath_12,Horizontal,evaluation,2,target_7.5pct,0.075,294.83624071802836,296.3525815864646,1.5163408684362594,20.6283115184263,0.9241918293057851,0.07516993202718912,0.07756897241103558,advective posterior physics mean + sequential advective ST,deliberately_hidden_observable,110,2.7129123873928602,2.4221913833777142,2.3991073776761347,1.6265633910992976,1.761363777981812,0.9272727272727272,6.89923577511402,1.2665307193353867
HorizontalScanPath_12,Horizontal,evaluation,2,target_7.5pct,0.075,294.83624071802836,296.3525815864646,1.5163408684362594,20.6283115184263,0.9241918293057851,0.07516993202718912,0.07756897241103558,advective posterior physics mean + sequential advective ST,near_ceiling_unsaturated_1K,188,1.1529343490034198,0.5615385025419385,0.4075376862445375,0.4362960290369061,0.8061705746932437,0.9680851063829787,3.141500535408544,0.48336521737037624
HorizontalScanPath_12,Horizontal,evaluation,2,target_7.5pct,0.075,294.83624071802836,296.3525815864646,1.5163408684362594,20.6283115184263,0.9241918293057851,0.07516993202718912,0.07756897241103558,advective posterior physics mean + sequential advective ST,observed_censored_full_grid,188,2.5824452803653184,2.065228061133007,1.4059095303394427,1.4273362017328557,1.8111096741918205,0.9308510638297872,7.082446144653646,1.0825010198989211
HorizontalScanPath_12,Horizontal,evaluation,2,target_7.5pct,0.075,294.83624071802836,296.3525815864646,1.5163408684362594,20.6283115184263,0.9241918293057851,0.07516993202718912,0.07756897241103558,advective posterior physics mean + sequential advective ST,overall,2501,0.794123803168752,0.31202363573898334,0.18837668980602623,0.28826786610807464,0.7545073592170305,0.9924030387844862,2.9470391842942094,0.29806975126069324
HorizontalScanPath_12,Horizontal,evaluation,2,target_7.5pct,0.075,294.83624071802836,296.3525815864646,1.5163408684362594,20.6283115184263,0.9241918293057851,0.07516993202718912,0.07756897241103558,advective posterior physics mean + sequential advective ST,top_1pct,25,3.7036588869372324,2.2815020853271246,-2.2789287788486625,1.8863642558059563,1.9498280931246936,0.8,7.608190781850633,1.196532303170062
HorizontalScanPath_12,Horizontal,evaluation,2,target_7.5pct,0.075,294.83624071802836,296.3525815864646,1.5163408684362594,20.6283115184263,0.9241918293057851,0.07516993202718912,0.07756897241103558,advective posterior physics mean + sequential advective ST,unsaturated_full_grid,2313,0.37394366442449006,0.16952366514923997,0.08941595741506977,0.19568470696520443,0.6686270154144968,0.9974059662775616,2.610914450810606,0.23431139479550225
HorizontalScanPath_12,Horizontal,evaluation,2,target_7.5pct,0.075,294.83624071802836,296.3525815864646,1.5163408684362594,20.6283115184263,0.9241918293057851,0.07516993202718912,0.07756897241103558,single-frame censored RBF,deliberately_hidden_observable,110,1.5209944878398298,1.4282219010390909,1.4209156883720508,0.8204540704765714,1.3896150233252833,0.9,5.231973129991932,1.0640837497245579
HorizontalScanPath_12,Horizontal,evaluation,2,target_7.5pct,0.075,294.83624071802836,296.3525815864646,1.5163408684362594,20.6283115184263,0.9241918293057851,0.07516993202718912,0.07756897241103558,single-frame censored RBF,near_ceiling_unsaturated_1K,188,0.7269840005792882,0.5892608762832393,0.118259720065912,0.7046828572548411,2.6141253279179337,1.0,10.22386066713452,0.2768330453007977
HorizontalScanPath_12,Horizontal,evaluation,2,target_7.5pct,0.075,294.83624071802836,296.3525815864646,1.5163408684362594,20.6283115184263,0.9241918293057851,0.07516993202718912,0.07756897241103558,single-frame censored RBF,observed_censored_full_grid,188,2.68276278009708,1.677801183812991,0.10935533925502558,1.1831684524452912,1.3447995384152687,0.8563829787234043,5.012688156024316,1.330417059892836
HorizontalScanPath_12,Horizontal,evaluation,2,target_7.5pct,0.075,294.83624071802836,296.3525815864646,1.5163408684362594,20.6283115184263,0.9241918293057851,0.07516993202718912,0.07756897241103558,single-frame censored RBF,overall,2501,0.7814112161725236,0.26896018577459785,-0.007231409161341171,0.7390901812649562,2.823920024856728,0.989204318272691,11.039310002429833,0.17119760362849742
HorizontalScanPath_12,Horizontal,evaluation,2,target_7.5pct,0.075,294.83624071802836,296.3525815864646,1.5163408684362594,20.6283115184263,0.9241918293057851,0.07516993202718912,0.07756897241103558,single-frame censored RBF,top_1pct,25,6.481189509976286,4.633917744677446,-4.633917744677446,3.9755795426374676,1.2397378294246773,0.4,4.532369483450346,3.8838186141978563
HorizontalScanPath_12,Horizontal,evaluation,2,target_7.5pct,0.075,294.83624071802836,296.3525815864646,1.5163408684362594,20.6283115184263,0.9241918293057851,0.07516993202718912,0.07756897241103558,single-frame censored RBF,unsaturated_full_grid,2313,0.2743090144861193,0.1544499792760168,-0.01670754781342805,0.7029956222585131,2.9441425287265917,1.0,11.529152158557906,0.0769765669757972
HorizontalScanPath_12,Horizontal,evaluation,3,target_10pct,0.1,294.4165744542677,296.3525815864646,1.9360071321969485,21.04797778218699,0.9429937623508852,0.10035985605757697,0.09836065573770492,advective posterior physics mean + sequential advective ST,deliberately_hidden_observable,172,1.6860567006125626,1.4710449721037895,1.4162906565487479,0.964163197005433,1.3324395922501573,0.9593023255813954,5.1935516752731665,1.045885221963569
HorizontalScanPath_12,Horizontal,evaluation,3,target_10pct,0.1,294.4165744542677,296.3525815864646,1.9360071321969485,21.04797778218699,0.9429937623508852,0.10035985605757697,0.09836065573770492,advective posterior physics mean + sequential advective ST,near_ceiling_unsaturated_1K,590,0.46604316671598034,0.23637821158966643,0.12750749565676217,0.22523192893025157,0.682850423163693,0.9966101694915255,2.666436052166349,0.3080152117376381
HorizontalScanPath_12,Horizontal,evaluation,3,target_10pct,0.1,294.4165744542677,296.3525815864646,1.9360071321969485,21.04797778218699,0.9429937623508852,0.10035985605757697,0.09836065573770492,advective posterior physics mean + sequential advective ST,observed_censored_full_grid,251,2.0732430281069774,1.5144707318823614,0.6032770133284272,1.0583181021625747,1.3828863626556067,0.9362549800796812,5.3948782044749,1.0590840873435614
HorizontalScanPath_12,Horizontal,evaluation,3,target_10pct,0.1,294.4165744542677,296.3525815864646,1.9360071321969485,21.04797778218699,0.9429937623508852,0.10035985605757697,0.09836065573770492,advective posterior physics mean + sequential advective ST,overall,2501,0.7098859388786742,0.29287201744804664,0.13196802723824086,0.2742186267252369,0.7365249892129518,0.9928028788484606,2.8765869080553115,0.3118981764284771
HorizontalScanPath_12,Horizontal,evaluation,3,target_10pct,0.1,294.4165744542677,296.3525815864646,1.9360071321969485,21.04797778218699,0.9429937623508852,0.10035985605757697,0.09836065573770492,advective posterior physics mean + sequential advective ST,top_1pct,25,4.678204488115269,3.566743216696855,-3.566743216696855,2.835943166318817,1.6499830840918746,0.64,6.492092000093591,2.337733509458092
HorizontalScanPath_12,Horizontal,evaluation,3,target_10pct,0.1,294.4165744542677,296.3525815864646,1.9360071321969485,21.04797778218699,0.9429937623508852,0.10035985605757697,0.09836065573770492,advective posterior physics mean + sequential advective ST,unsaturated_full_grid,2250,0.28399260830616957,0.1565958941933742,0.07939089145662451,0.186747974132005,0.6644197871089045,0.9991111111111111,2.595657523432504,0.22854543703306107
HorizontalScanPath_12,Horizontal,evaluation,3,target_10pct,0.1,294.4165744542677,296.3525815864646,1.9360071321969485,21.04797778218699,0.9429937623508852,0.10035985605757697,0.09836065573770492,single-frame censored RBF,deliberately_hidden_observable,172,0.8513389304280825,0.7144725595568567,0.49705415852518764,0.4649086981519539,0.8216202891021329,0.9709302325581395,3.1713261005867253,0.8552834220341478
HorizontalScanPath_12,Horizontal,evaluation,3,target_10pct,0.1,294.4165744542677,296.3525815864646,1.9360071321969485,21.04797778218699,0.9429937623508852,0.10035985605757697,0.09836065573770492,single-frame censored RBF,near_ceiling_unsaturated_1K,590,0.40983094596257813,0.25242866632109634,0.09250661540113865,0.6714329811114609,2.699977180823653,1.0,10.55660954855076,0.15788535657133096
HorizontalScanPath_12,Horizontal,evaluation,3,target_10pct,0.1,294.4165744542677,296.3525815864646,1.9360071321969485,21.04797778218699,0.9429937623508852,0.10035985605757697,0.09836065573770492,single-frame censored RBF,observed_censored_full_grid,251,2.4408361428882817,1.3367393117807238,-0.4963014101260375,1.0493709483568945,0.8131951758846876,0.8047808764940239,3.148546891446986,1.6329512882357249
HorizontalScanPath_12,Horizontal,evaluation,3,target_10pct,0.1,294.4165744542677,296.3525815864646,1.9360071321969485,21.04797778218699,0.9429937623508852,0.10035985605757697,0.09836065573770492,single-frame censored RBF,overall,2501,0.8065354549876796,0.25593603160946554,-0.04043763814126951,0.730968527123761,2.7039571294447797,0.9804078368652539,10.57855531023779,0.23171420067780416
HorizontalScanPath_12,Horizontal,evaluation,3,target_10pct,0.1,294.4165744542677,296.3525815864646,1.9360071321969485,21.04797778218699,0.9429937623508852,0.10035985605757697,0.09836065573770492,single-frame censored RBF,top_1pct,25,7.052925220499264,5.525578136143761,-5.525578136143761,5.066459628148396,0.8159099468338346,0.0,3.160963769285743,6.589849214763339
HorizontalScanPath_12,Horizontal,evaluation,3,target_10pct,0.1,294.4165744542677,296.3525815864646,1.9360071321969485,21.04797778218699,0.9429937623508852,0.10035985605757697,0.09836065573770492,single-frame censored RBF,unsaturated_full_grid,2250,0.24177229841939685,0.13536642124369408,0.01041649820014239,0.6954489681328648,2.9148821295974834,1.0,11.407414027178453,0.0753984189102316
HorizontalScanPath_12,Horizontal,evaluation,4,target_15pct,0.15,293.8367590268282,296.3525815864646,2.515822559636433,21.627793209626475,0.9689707154362772,0.15033986405437824,0.1523390643742503,advective posterior physics mean + sequential advective ST,deliberately_hidden_observable,297,0.6892058522298354,0.522354034104952,-0.24476845109029455,0.3842775065698795,0.7649198053055705,0.9562289562289562,2.983430697297619,0.6814793691576034
HorizontalScanPath_12,Horizontal,evaluation,4,target_15pct,0.15,293.8367590268282,296.3525815864646,2.515822559636433,21.627793209626475,0.9689707154362772,0.15033986405437824,0.1523390643742503,advective posterior physics mean + sequential advective ST,near_ceiling_unsaturated_1K,1934,0.20450694476211997,0.1433135276172942,0.07218641056445105,0.1785879211912292,0.6603409519133399,1.0,2.5809216665162547,0.22089932628213627
HorizontalScanPath_12,Horizontal,evaluation,4,target_15pct,0.15,293.8367590268282,296.3525815864646,2.515822559636433,21.627793209626475,0.9689707154362772,0.15033986405437824,0.1523390643742503,advective posterior physics mean + sequential advective ST,observed_censored_full_grid,376,2.066342461456298,1.154273195435376,-0.9316943817688084,0.9540901125426732,0.7687786226541456,0.7659574468085106,2.9976528742703543,1.4823454788527717
HorizontalScanPath_12,Horizontal,evaluation,4,target_15pct,0.15,293.8367590268282,296.3525815864646,2.515822559636433,21.627793209626475,0.9689707154362772,0.15033986405437824,0.1523390643742503,advective posterior physics mean + sequential advective ST,overall,2501,0.8227664902266368,0.2946546008673311,-0.0807036421805334,0.2948433829153304,0.675609769146597,0.9648140743702519,2.6395428871326563,0.41085096112326264
HorizontalScanPath_12,Horizontal,evaluation,4,target_15pct,0.15,293.8367590268282,296.3525815864646,2.515822559636433,21.627793209626475,0.9689707154362772,0.15033986405437824,0.1523390643742503,advective posterior physics mean + sequential advective ST,top_1pct,25,6.751958822357299,6.081512431871806,-6.081512431871806,5.62969205153197,0.803316402590085,0.0,3.133459664696811,7.646470049996781
HorizontalScanPath_12,Horizontal,evaluation,4,target_15pct,0.15,293.8367590268282,296.3525815864646,2.515822559636433,21.627793209626475,0.9689707154362772,0.15033986405437824,0.1523390643742503,advective posterior physics mean + sequential advective ST,unsaturated_full_grid,2125,0.20304126398646025,0.14255267542846756,0.06987166044779197,0.1781954909906806,0.6591243625965555,1.0,2.5761784847026457,0.2212594605744177
HorizontalScanPath_12,Horizontal,evaluation,4,target_15pct,0.15,293.8367590268282,296.3525815864646,2.515822559636433,21.627793209626475,0.9689707154362772,0.15033986405437824,0.1523390643742503,single-frame censored RBF,deliberately_hidden_observable,297,0.8267168026001072,0.6344206261186702,-0.33899474166175286,0.48337324592926373,0.4890727956618552,0.7508417508417509,1.9064412710117775,1.3273366928560784
HorizontalScanPath_12,Horizontal,evaluation,4,target_15pct,0.15,293.8367590268282,296.3525815864646,2.515822559636433,21.627793209626475,0.9689707154362772,0.15033986405437824,0.1523390643742503,single-frame censored RBF,near_ceiling_unsaturated_1K,1934,0.21148842361095158,0.13935610399761872,0.06105433827421887,0.6745851954142696,2.8423183930510585,1.0,11.124709406791967,0.07427348633793222
HorizontalScanPath_12,Horizontal,evaluation,4,target_15pct,0.15,293.8367590268282,296.3525815864646,2.515822559636433,21.627793209626475,0.9689707154362772,0.15033986405437824,0.1523390643742503,single-frame censored RBF,observed_censored_full_grid,376,2.4939782734593616,1.3492364318274868,-1.1151785561106065,1.173611794294193,0.48665831786167146,0.5957446808510638,1.8982572471634696,2.838461518828674
HorizontalScanPath_12,Horizontal,evaluation,4,target_15pct,0.15,293.8367590268282,296.3525815864646,2.515822559636433,21.627793209626475,0.9689707154362772,0.15033986405437824,0.1523390643742503,single-frame censored RBF,overall,2501,0.986212519039258,0.3204527284568161,-0.12087384357677726,0.7502325393766989,2.489304080752035,0.9392243102758896,9.742275500847448,0.4914368958836066
HorizontalScanPath_12,Horizontal,evaluation,4,target_15pct,0.15,293.8367590268282,296.3525815864646,2.515822559636433,21.627793209626475,0.9689707154362772,0.15033986405437824,0.1523390643742503,single-frame censored RBF,top_1pct,25,8.3074651542335,7.019266736996835,-7.019266736996835,6.7460053615813615,0.47903206670066567,0.0,1.8780090991195335,14.767782043851557
HorizontalScanPath_12,Horizontal,evaluation,4,target_15pct,0.15,293.8367590268282,296.3525815864646,2.515822559636433,21.627793209626475,0.9689707154362772,0.15033986405437824,0.1523390643742503,single-frame censored RBF,unsaturated_full_grid,2125,0.2101177917218223,0.13841852964864093,0.05505960202920853,0.6753193159183564,2.8436545780916944,1.0,11.13020531891106,0.07615159789426762
HorizontalScanPath_12,Horizontal,evaluation,5,target_20pct,0.2,293.6302867036322,296.3525815864646,2.7222948828324434,21.834265532822485,0.9782211106470091,0.20031987205117952,0.2067173130747701,advective posterior physics mean + sequential advective ST,deliberately_hidden_observable,422,0.8582336187066253,0.5990233237993161,-0.47351985016914566,0.46420028575670746,0.703528747318032,0.8720379146919431,2.7439136750811315,0.8425654853784696
HorizontalScanPath_12,Horizontal,evaluation,5,target_20pct,0.2,293.6302867036322,296.3525815864646,2.7222948828324434,21.834265532822485,0.9782211106470091,0.20031987205117952,0.2067173130747701,advective posterior physics mean + sequential advective ST,near_ceiling_unsaturated_1K,1959,0.20095645936378773,0.14102468588941677,0.07718325570319083,0.17796199334050303,0.6610324681573813,1.0,2.582606926993999,0.2176490360303162
HorizontalScanPath_12,Horizontal,evaluation,5,target_20pct,0.2,293.6302867036322,296.3525815864646,2.7222948828324434,21.834265532822485,0.9782211106470091,0.20031987205117952,0.2067173130747701,advective posterior physics mean + sequential advective ST,observed_censored_full_grid,501,2.0775784448175276,1.157533608695562,-1.0511224811821733,0.9811281324335343,0.7057709421905637,0.7365269461077845,2.752837494598639,1.6118654176507343
HorizontalScanPath_12,Horizontal,evaluation,5,target_20pct,0.2,293.6302867036322,296.3525815864646,2.7222948828324434,21.834265532822485,0.9782211106470091,0.20031987205117952,0.2067173130747701,advective posterior physics mean + sequential advective ST,overall,2501,0.9468730307513857,0.3438211181282861,-0.14925904493346154,0.3386805308720055,0.6700885035726567,0.9472211115553778,2.6170383008623563,0.4957102198637621
HorizontalScanPath_12,Horizontal,evaluation,5,target_20pct,0.2,293.6302867036322,296.3525815864646,2.7222948828324434,21.834265532822485,0.9782211106470091,0.20031987205117952,0.2067173130747701,advective posterior physics mean + sequential advective ST,top_1pct,25,7.375761587761834,6.78890809314255,-6.78890809314255,6.370497164395277,0.7415177363394304,0.0,2.887575661323808,9.156759979347543
HorizontalScanPath_12,Horizontal,evaluation,5,target_20pct,0.2,293.6302867036322,296.3525815864646,2.7222948828324434,21.834265532822485,0.9782211106470091,0.20031987205117952,0.2067173130747701,advective posterior physics mean + sequential advective ST,unsaturated_full_grid,2000,0.1997942442458906,0.13998613924118344,0.07665774584684075,0.17774740668084257,0.6611500526988711,1.0,2.5830206028314175,0.21611334281812566
HorizontalScanPath_12,Horizontal,evaluation,5,target_20pct,0.2,293.6302867036322,296.3525815864646,2.7222948828324434,21.834265532822485,0.9782211106470091,0.20031987205117952,0.2067173130747701,single-frame censored RBF,deliberately_hidden_observable,422,0.8874510893074411,0.6934908882451387,-0.30454453317899244,0.530084198142348,0.4666926504069781,0.7464454976303317,1.821040790477527,1.5239526658935638
HorizontalScanPath_12,Horizontal,evaluation,5,target_20pct,0.2,293.6302867036322,296.3525815864646,2.7222948828324434,21.834265532822485,0.9782211106470091,0.20031987205117952,0.2067173130747701,single-frame censored RBF,near_ceiling_unsaturated_1K,1959,0.30830025892975665,0.21993334220783337,0.141507823250725,0.6436134389335953,2.669350718117064,1.0,10.445352816884133,0.11453860956208521
HorizontalScanPath_12,Horizontal,evaluation,5,target_20pct,0.2,293.6302867036322,296.3525815864646,2.7222948828324434,21.834265532822485,0.9782211106470091,0.20031987205117952,0.2067173130747701,single-frame censored RBF,observed_censored_full_grid,501,2.324567757254648,1.2739083820921784,-0.9424742262541775,1.0967999871466432,0.46302737414862155,0.6307385229540918,1.8055374054198137,2.8658892818137933
HorizontalScanPath_12,Horizontal,evaluation,5,target_20pct,0.2,293.6302867036322,296.3525815864646,2.7222948828324434,21.834265532822485,0.9782211106470091,0.20031987205117952,0.2067173130747701,single-frame censored RBF,overall,2501,1.075921931921865,0.429754763455588,-0.07722965681716214,0.7355374856790255,2.2328824727969305,0.9260295881647341,8.735468349856225,0.6650036496131055
HorizontalScanPath_12,Horizontal,evaluation,5,target_20pct,0.2,293.6302867036322,296.3525815864646,2.7222948828324434,21.834265532822485,0.9782211106470091,0.20031987205117952,0.2067173130747701,single-frame censored RBF,top_1pct,25,8.643520516705822,7.387912671781462,-7.387912671781462,7.146716320262597,0.4274370260386869,0.0,1.6574685575408352,17.284821943115052
HorizontalScanPath_12,Horizontal,evaluation,5,target_20pct,0.2,293.6302867036322,296.3525815864646,2.7222948828324434,21.834265532822485,0.9782211106470091,0.20031987205117952,0.2067173130747701,single-frame censored RBF,unsaturated_full_grid,2000,0.30656677305912183,0.21829428198712206,0.1395141078268102,0.6450412290613874,2.676231175008332,1.0,10.471416051437544,0.11368179874683317
HorizontalScanPath_13,Horizontal,development,0,reference,0.03,296.4959614680289,296.4959614680289,0.0,22.63373216854353,0.871039636985566,0.03078768492602959,0.03078768492602959,advective posterior physics mean + sequential advective ST,deliberately_hidden_observable,0,,,,,,,,
HorizontalScanPath_13,Horizontal,development,0,reference,0.03,296.4959614680289,296.4959614680289,0.0,22.63373216854353,0.871039636985566,0.03078768492602959,0.03078768492602959,advective posterior physics mean + sequential advective ST,near_ceiling_unsaturated_1K,55,0.7655130151829993,0.42265000643606176,0.16408722833772757,0.3297950879491317,0.7694141096786757,1.0,3.023002533272288,0.44193680553585324
HorizontalScanPath_13,Horizontal,development,0,reference,0.03,296.4959614680289,296.4959614680289,0.0,22.63373216854353,0.871039636985566,0.03078768492602959,0.03078768492602959,advective posterior physics mean + sequential advective ST,observed_censored_full_grid,77,2.374634245725186,1.6167644401161194,0.6562666411202273,1.1880563007172955,1.6613128935763388,0.922077922077922,6.5164405938947105,0.9173249474294536
HorizontalScanPath_13,Horizontal,development,0,reference,0.03,296.4959614680289,296.4959614680289,0.0,22.63373216854353,0.871039636985566,0.03078768492602959,0.03078768492602959,advective posterior physics mean + sequential advective ST,overall,2501,0.4643076449356293,0.1801161982741012,0.07051761610905025,0.20700035025191058,0.6902990786582484,0.9976009596161536,2.698530875227412,0.22882934399329266
HorizontalScanPath_13,Horizontal,development,0,reference,0.03,296.4959614680289,296.4959614680289,0.0,22.63373216854353,0.871039636985566,0.03078768492602959,0.03078768492602959,advective posterior physics mean + sequential advective ST,top_1pct,25,3.1142843410479806,1.7095798174154515,-1.1468083378802112,1.4830366965602588,1.9100227155162133,0.84,7.454406837877164,0.8986136578454054
HorizontalScanPath_13,Horizontal,development,0,reference,0.03,296.4959614680289,296.4959614680289,0.0,22.63373216854353,0.871039636985566,0.03078768492602959,0.03078768492602959,advective posterior physics mean + sequential advective ST,unsaturated_full_grid,2424,0.20810237406975626,0.1344800948822549,0.05191090203072491,0.17583644423465206,0.6594541678708338,1.0,2.5772523899397135,0.2069588153362859
HorizontalScanPath_13,Horizontal,development,0,reference,0.03,296.4959614680289,296.4959614680289,0.0,22.63373216854353,0.871039636985566,0.03078768492602959,0.03078768492602959,single-frame censored RBF,deliberately_hidden_observable,0,,,,,,,,
HorizontalScanPath_13,Horizontal,development,0,reference,0.03,296.4959614680289,296.4959614680289,0.0,22.63373216854353,0.871039636985566,0.03078768492602959,0.03078768492602959,single-frame censored RBF,near_ceiling_unsaturated_1K,55,1.3593604975275992,1.109665612629906,0.33403258817026593,0.8851677464923531,2.6655944631859927,1.0,10.410873336764462,0.4307580923519824
HorizontalScanPath_13,Horizontal,development,0,reference,0.03,296.4959614680289,296.4959614680289,0.0,22.63373216854353,0.871039636985566,0.03078768492602959,0.03078768492602959,single-frame censored RBF,observed_censored_full_grid,77,3.292884028060875,2.275071104291035,0.9963830671103024,1.5834999379393973,1.7746305623467815,0.8051948051948052,6.733351556773726,1.231145566072952
HorizontalScanPath_13,Horizontal,development,0,reference,0.03,296.4959614680289,296.4959614680289,0.0,22.63373216854353,0.871039636985566,0.03078768492602959,0.03078768492602959,single-frame censored RBF,overall,2501,0.7025099410934186,0.2681850302656296,-0.042011208970922614,0.7447400854225447,2.9336896542925537,0.9940023990403839,11.453877098763002,0.12299288014886114
HorizontalScanPath_13,Horizontal,development,0,reference,0.03,296.4959614680289,296.4959614680289,0.0,22.63373216854353,0.871039636985566,0.03078768492602959,0.03078768492602959,single-frame censored RBF,top_1pct,25,4.645683756005993,2.4895244650538415,-1.4441376580852647,2.0637891529584964,1.8367582348738907,0.84,6.843964952671756,1.2585470516697008
HorizontalScanPath_13,Horizontal,development,0,reference,0.03,296.4959614680289,296.4959614680289,0.0,22.63373216854353,0.871039636985566,0.03078768492602959,0.03078768492602959,single-frame censored RBF,unsaturated_full_grid,2424,0.4059055096604934,0.20443493633000412,-0.07499650569462489,0.718096311229559,2.970507950530105,1.0,11.603827786359195,0.08779166034021633
HorizontalScanPath_13,Horizontal,development,1,target_5pct,0.05,295.54245008951557,296.4959614680289,0.9535113785133262,23.587243547056858,0.9077346989761002,0.05037984806077569,0.05157936825269892,advective posterior physics mean + sequential advective ST,deliberately_hidden_observable,48,2.8963409983027417,2.5364855095704812,2.493573476837889,1.777374367738818,1.6535202598710805,0.8125,6.483461311889607,1.3826278937713894
HorizontalScanPath_13,Horizontal,development,1,target_5pct,0.05,295.54245008951557,296.4959614680289,0.9535113785133262,23.587243547056858,0.9077346989761002,0.05037984806077569,0.05157936825269892,advective posterior physics mean + sequential advective ST,near_ceiling_unsaturated_1K,104,0.8941550598065126,0.4205801025354734,0.2707052593918719,0.3436033651990295,0.7873672144228513,0.9903846153846154,3.087946063002538,0.3823562555532317
HorizontalScanPath_13,Horizontal,development,1,target_5pct,0.05,295.54245008951557,296.4959614680289,0.9535113785133262,23.587243547056858,0.9077346989761002,0.05037984806077569,0.05157936825269892,advective posterior physics mean + sequential advective ST,observed_censored_full_grid,126,2.8199824622103895,2.308086625888621,1.6180458392253123,1.6210961938726833,1.831894048423542,0.8492063492063492,7.14164906932603,1.2025208710818467
HorizontalScanPath_13,Horizontal,development,1,target_5pct,0.05,295.54245008951557,296.4959614680289,0.9535113785133262,23.587243547056858,0.9077346989761002,0.05037984806077569,0.05157936825269892,advective posterior physics mean + sequential advective ST,overall,2501,0.678780480670807,0.2477221529697231,0.14004578904079817,0.25182883302735654,0.7213599327635918,0.9920031987205118,2.8188341983840095,0.2563184559835408
HorizontalScanPath_13,Horizontal,development,1,target_5pct,0.05,295.54245008951557,296.4959614680289,0.9535113785133262,23.587243547056858,0.9077346989761002,0.05037984806077569,0.05157936825269892,advective posterior physics mean + sequential advective ST,top_1pct,25,3.265752434389576,2.1605140997006176,-1.1748607896063503,1.665173484223474,1.9727926919454142,0.84,7.653713553851637,1.067845880492961
HorizontalScanPath_13,Horizontal,development,1,target_5pct,0.05,295.54245008951557,296.4959614680289,0.9535113785133262,23.587243547056858,0.9077346989761002,0.05037984806077569,0.05157936825269892,advective posterior physics mean + sequential advective ST,unsaturated_full_grid,2375,0.25158709556583364,0.13841439566960473,0.061633996904693435,0.17918559619935182,0.6624431754696322,0.999578947368421,2.5894974936519275,0.20611992785622021
HorizontalScanPath_13,Horizontal,development,1,target_5pct,0.05,295.54245008951557,296.4959614680289,0.9535113785133262,23.587243547056858,0.9077346989761002,0.05037984806077569,0.05157936825269892,single-frame censored RBF,deliberately_hidden_observable,48,2.893411915752206,2.746497886762588,2.746497886762588,1.7880796680065896,1.7840033619744808,0.7083333333333334,6.661334593878586,1.524111174458808
HorizontalScanPath_13,Horizontal,development,1,target_5pct,0.05,295.54245008951557,296.4959614680289,0.9535113785133262,23.587243547056858,0.9077346989761002,0.05037984806077569,0.05157936825269892,single-frame censored RBF,near_ceiling_unsaturated_1K,104,1.4838322388996175,1.2423799558056017,0.06848554466797416,0.9498165842042867,2.6653089947511677,0.9711538461538461,10.410223348916263,0.5113528512424111
HorizontalScanPath_13,Horizontal,development,1,target_5pct,0.05,295.54245008951557,296.4959614680289,0.9535113785133262,23.587243547056858,0.9077346989761002,0.05037984806077569,0.05157936825269892,single-frame censored RBF,observed_censored_full_grid,126,3.149123786737348,2.272654337600763,1.1389275011486242,1.570498178811994,1.8302687151853998,0.8571428571428571,6.806160888194212,1.2279901000877735
HorizontalScanPath_13,Horizontal,development,1,target_5pct,0.05,295.54245008951557,296.4959614680289,0.9535113785133262,23.587243547056858,0.9077346989761002,0.05037984806077569,0.05157936825269892,single-frame censored RBF,overall,2501,0.8117028067350264,0.29992933256299537,0.01616410917922621,0.761112345879863,2.90619466604687,0.9916033586565374,11.335383877739547,0.14506494635168693
HorizontalScanPath_13,Horizontal,development,1,target_5pct,0.05,295.54245008951557,296.4959614680289,0.9535113785133262,23.587243547056858,0.9077346989761002,0.05037984806077569,0.05157936825269892,single-frame censored RBF,top_1pct,25,5.196027265803845,2.809696514372961,-2.731041125796403,2.439106182752366,1.9871971470384417,0.84,7.247176815400939,1.4159157541841407
HorizontalScanPath_13,Horizontal,development,1,target_5pct,0.05,295.54245008951557,296.4959614680289,0.9535113785133262,23.587243547056858,0.9077346989761002,0.05037984806077569,0.05157936825269892,single-frame censored RBF,unsaturated_full_grid,2375,0.40950440853700154,0.19527107966414953,-0.04340144340525553,0.7181722974800953,2.963275369124152,0.9987368421052631,11.575671076342791,0.08761291714295139
HorizontalScanPath_13,Horizontal,development,2,target_7.5pct,0.075,294.940762216292,296.4959614680289,1.5551992517368944,24.188931420280426,0.9308901371852553,0.07516993202718912,0.07636945221911236,advective posterior physics mean + sequential advective ST,deliberately_hidden_observable,111,2.7118794322785966,2.328109011130086,2.3162604584070268,1.6047914831775212,1.687444535329426,0.8378378378378378,6.607750768568505,1.2684730850429478
HorizontalScanPath_13,Horizontal,development,2,target_7.5pct,0.075,294.940762216292,296.4959614680289,1.5551992517368944,24.188931420280426,0.9308901371852553,0.07516993202718912,0.07636945221911236,advective posterior physics mean + sequential advective ST,near_ceiling_unsaturated_1K,162,1.1486762883393087,0.5297919657803821,0.42154059500824076,0.41717160194286307,0.7854435026909408,0.9567901234567902,3.0673210350544906,0.4664000725958565
HorizontalScanPath_13,Horizontal,development,2,target_7.5pct,0.075,294.940762216292,296.4959614680289,1.5551992517368944,24.188931420280426,0.9308901371852553,0.07516993202718912,0.07636945221911236,advective posterior physics mean + sequential advective ST,observed_censored_full_grid,188,2.653466438464034,2.081658045572847,1.4902697850468354,1.456044527672081,1.786628466677369,0.8882978723404256,6.969603791209058,1.1015433948708189
HorizontalScanPath_13,Horizontal,development,2,target_7.5pct,0.075,294.940762216292,296.4959614680289,1.5551992517368944,24.188931420280426,0.9308901371852553,0.07516993202718912,0.07636945221911236,advective posterior physics mean + sequential advective ST,overall,2501,0.7996323670744814,0.2966244147803427,0.1845720755582008,0.28375229832186966,0.7504980053051483,0.9888044782087165,2.9321230082693046,0.2799318303250376
HorizontalScanPath_13,Horizontal,development,2,target_7.5pct,0.075,294.940762216292,296.4959614680289,1.5551992517368944,24.188931420280426,0.9308901371852553,0.07516993202718912,0.07636945221911236,advective posterior physics mean + sequential advective ST,top_1pct,25,3.6843441648386306,2.091495978099772,-1.9832770291056228,1.7246389664712203,1.9735898900166904,0.88,7.685084516714528,1.0098832241908864
HorizontalScanPath_13,Horizontal,development,2,target_7.5pct,0.075,294.940762216292,296.4959614680289,1.5551992517368944,24.188931420280426,0.9308901371852553,0.07516993202718912,0.07636945221911236,advective posterior physics mean + sequential advective ST,unsaturated_full_grid,2313,0.34511162237136617,0.15153737518285426,0.07844532701351278,0.18846871028994588,0.6662816080989324,0.9969736273238219,2.603957687390501,0.21315146969615437
HorizontalScanPath_13,Horizontal,development,2,target_7.5pct,0.075,294.940762216292,296.4959614680289,1.5551992517368944,24.188931420280426,0.9308901371852553,0.07516993202718912,0.07636945221911236,single-frame censored RBF,deliberately_hidden_observable,111,1.8000784002559016,1.6766610359120508,1.6629771800699724,0.9948906102984996,1.4467176706032159,0.8558558558558559,5.4430910464217925,1.1548226437380702
HorizontalScanPath_13,Horizontal,development,2,target_7.5pct,0.075,294.940762216292,296.4959614680289,1.5551992517368944,24.188931420280426,0.9308901371852553,0.07516993202718912,0.07636945221911236,single-frame censored RBF,near_ceiling_unsaturated_1K,162,1.0969869781639483,0.8440290080698937,0.4367975661152597,0.7802021984877812,2.491061433642357,0.9938271604938271,9.740275236452192,0.39617013413242497
HorizontalScanPath_13,Horizontal,development,2,target_7.5pct,0.075,294.940762216292,296.4959614680289,1.5551992517368944,24.188931420280426,0.9308901371852553,0.07516993202718912,0.07636945221911236,single-frame censored RBF,observed_censored_full_grid,188,2.612120706212589,1.7747783028549915,0.4940035674168886,1.2082584482109622,1.4553178157771332,0.8617021276595744,5.432507455547537,1.2548712916675677
HorizontalScanPath_13,Horizontal,development,2,target_7.5pct,0.075,294.940762216292,296.4959614680289,1.5551992517368944,24.188931420280426,0.9308901371852553,0.07516993202718912,0.07636945221911236,single-frame censored RBF,overall,2501,0.7903219017075486,0.29138474683843896,0.0355306110599472,0.7469413153696188,2.834714631379209,0.989204318272691,11.049532600937486,0.17093363686807153
HorizontalScanPath_13,Horizontal,development,2,target_7.5pct,0.075,294.940762216292,296.4959614680289,1.5551992517368944,24.188931420280426,0.9308901371852553,0.07516993202718912,0.07636945221911236,single-frame censored RBF,top_1pct,25,5.871849877347127,4.000431107234494,-4.000431107234494,3.3466694515285913,1.4890545274726954,0.64,5.485913552196503,2.8939231833815047
HorizontalScanPath_13,Horizontal,development,2,target_7.5pct,0.075,294.940762216292,296.4959614680289,1.5551992517368944,24.188931420280426,0.9308901371852553,0.07516993202718912,0.07636945221911236,single-frame censored RBF,unsaturated_full_grid,2313,0.3475499806958211,0.17081492905585707,-0.0017339439746853092,0.7094455864573092,2.9468316228764806,0.9995676610462603,11.506082850541166,0.08283148420819028
HorizontalScanPath_13,Horizontal,development,3,target_10pct,0.1,294.4248269440411,296.4959614680289,2.07113452398778,24.70486669253131,0.9507454605982467,0.10035985605757697,0.10115953618552578,advective posterior physics mean + sequential advective ST,deliberately_hidden_observable,173,1.1348388508630152,0.9213197320703644,0.8853768524567645,0.6187574389909332,1.1225514965536543,0.9942196531791907,4.381782978775311,0.7720347205431368
HorizontalScanPath_13,Horizontal,development,3,target_10pct,0.1,294.4248269440411,296.4959614680289,2.07113452398778,24.70486669253131,0.9507454605982467,0.10035985605757697,0.10115953618552578,advective posterior physics mean + sequential advective ST,near_ceiling_unsaturated_1K,592,0.4071898964487911,0.2169265597281507,0.12118137488687948,0.2177613478931433,0.6742071468153022,0.9983108108108109,2.6339788550670007,0.2955004136608418
HorizontalScanPath_13,Horizontal,development,3,target_10pct,0.1,294.4248269440411,296.4959614680289,2.07113452398778,24.70486669253131,0.9507454605982467,0.10035985605757697,0.10115953618552578,advective posterior physics mean + sequential advective ST,observed_censored_full_grid,251,1.9678336502974287,1.2366409378546677,0.03736300903170809,0.9221343276779378,1.15841089669542,0.9163346613545816,4.510544634464779,1.0541000583776496
HorizontalScanPath_13,Horizontal,development,3,target_10pct,0.1,294.4248269440411,296.4959614680289,2.07113452398778,24.70486669253131,0.9507454605982467,0.10035985605757697,0.10115953618552578,advective posterior physics mean + sequential advective ST,overall,2501,0.6674007578642506,0.25270730907739813,0.06699096497927998,0.2567256958360068,0.7120642179003318,0.991203518592563,2.7802014845057013,0.29723333502709154
HorizontalScanPath_13,Horizontal,development,3,target_10pct,0.1,294.4248269440411,296.4959614680289,2.07113452398778,24.70486669253131,0.9507454605982467,0.10035985605757697,0.10115953618552578,advective posterior physics mean + sequential advective ST,top_1pct,25,5.2005344503087985,4.143197240356694,-4.143197240356694,3.4971831215149076,1.3109013429723426,0.4,5.082252008928944,3.479696312143638
HorizontalScanPath_13,Horizontal,development,3,target_10pct,0.1,294.4248269440411,296.4959614680289,2.07113452398778,24.70486669253131,0.9507454605982467,0.10035985605757697,0.10115953618552578,advective posterior physics mean + sequential advective ST,unsaturated_full_grid,2250,0.25125477523826434,0.14294404648935607,0.07029612806498689,0.182495666239418,0.6622717661769686,0.9995555555555555,2.5871720931102664,0.21280064722220707
HorizontalScanPath_13,Horizontal,development,3,target_10pct,0.1,294.4248269440411,296.4959614680289,2.07113452398778,24.70486669253131,0.9507454605982467,0.10035985605757697,0.10115953618552578,single-frame censored RBF,deliberately_hidden_observable,173,0.7812796069192686,0.6677650955269475,0.4392978902146955,0.4259328987589621,0.8823310328013941,0.9884393063583815,3.416580322437856,0.762881027139858
HorizontalScanPath_13,Horizontal,development,3,target_10pct,0.1,294.4248269440411,296.4959614680289,2.07113452398778,24.70486669253131,0.9507454605982467,0.10035985605757697,0.10115953618552578,single-frame censored RBF,near_ceiling_unsaturated_1K,592,0.3610880111202839,0.23793479153689265,0.05550097494633713,0.6676237478624419,2.732669726374158,1.0,10.682854879694636,0.13332624766736467
HorizontalScanPath_13,Horizontal,development,3,target_10pct,0.1,294.4248269440411,296.4959614680289,2.07113452398778,24.70486669253131,0.9507454605982467,0.10035985605757697,0.10115953618552578,single-frame censored RBF,observed_censored_full_grid,251,2.607672820495622,1.424741504274739,-0.6488062919790706,1.139115821556564,0.8597247784370855,0.8007968127490039,3.348456159422997,1.7853130717945032
HorizontalScanPath_13,Horizontal,development,3,target_10pct,0.1,294.4248269440411,296.4959614680289,2.07113452398778,24.70486669253131,0.9507454605982467,0.10035985605757697,0.10115953618552578,single-frame censored RBF,overall,2501,0.8516251975174299,0.26024233227862537,-0.0642302224787613,0.738123451101761,2.7149017513418126,0.9800079968012795,10.606095947245276,0.24205753764484816
HorizontalScanPath_13,Horizontal,development,3,target_10pct,0.1,294.4248269440411,296.4959614680289,2.07113452398778,24.70486669253131,0.9507454605982467,0.10035985605757697,0.10115953618552578,single-frame censored RBF,top_1pct,25,7.502492581159029,6.003017076929354,-6.003017076929354,5.548847545172999,0.8097878459955915,0.0,3.202525673815339,7.7795253015041315
HorizontalScanPath_13,Horizontal,development,3,target_10pct,0.1,294.4248269440411,296.4959614680289,2.07113452398778,24.70486669253131,0.9507454605982467,0.10035985605757697,0.10115953618552578,single-frame censored RBF,unsaturated_full_grid,2250,0.2181738510321025,0.13033598020261447,0.00098248571882876,0.6933905244421363,2.9218570492080738,1.0,11.415725985797893,0.06989880916859782
HorizontalScanPath_13,Horizontal,development,4,target_15pct,0.15,293.862827391197,296.4959614680289,2.6331340768318796,25.26686624537541,0.97237352807073,0.15033986405437824,0.1563374650139944,advective posterior physics mean + sequential advective ST,deliberately_hidden_observable,298,0.7236372736316639,0.5344929515141038,-0.3303900740099464,0.3955200576577592,0.7374468732439378,0.9328859060402684,2.878474093346115,0.7192880867284723
HorizontalScanPath_13,Horizontal,development,4,target_15pct,0.15,293.862827391197,296.4959614680289,2.6331340768318796,25.26686624537541,0.97237352807073,0.15033986405437824,0.1563374650139944,advective posterior physics mean + sequential advective ST,near_ceiling_unsaturated_1K,1911,0.18507757529637361,0.130159527481824,0.06432819088399608,0.17428404721589671,0.660231389149742,1.0,2.5793907450048246,0.2015291855984312
HorizontalScanPath_13,Horizontal,development,4,target_15pct,0.15,293.862827391197,296.4959614680289,2.6331340768318796,25.26686624537541,0.97237352807073,0.15033986405437824,0.1563374650139944,advective posterior physics mean + sequential advective ST,observed_censored_full_grid,376,2.1836339684706223,1.2178306151641642,-1.0549782104362952,1.0205189676468644,0.7414466198928505,0.7446808510638298,2.893344917795573,1.610720443920863
HorizontalScanPath_13,Horizontal,development,4,target_15pct,0.15,293.862827391197,296.4959614680289,2.6331340768318796,25.26686624537541,0.97237352807073,0.15033986405437824,0.1563374650139944,advective posterior physics mean + sequential advective ST,overall,2501,0.8635421941026086,0.29273902906726507,-0.10600602112531217,0.3012727343493402,0.671815879112513,0.9616153538584566,2.6240896362716053,0.4129738230616529
HorizontalScanPath_13,Horizontal,development,4,target_15pct,0.15,293.862827391197,296.4959614680289,2.6331340768318796,25.26686624537541,0.97237352807073,0.15033986405437824,0.1563374650139944,advective posterior physics mean + sequential advective ST,top_1pct,25,7.06412340992049,6.42789355265178,-6.42789355265178,5.996821507240307,0.7787661981933465,0.0,3.0367151542121813,8.235487146651787
HorizontalScanPath_13,Horizontal,development,4,target_15pct,0.15,293.862827391197,296.4959614680289,2.6331340768318796,25.26686624537541,0.97237352807073,0.15033986405437824,0.1563374650139944,advective posterior physics mean + sequential advective ST,unsaturated_full_grid,2125,0.18425527011962692,0.1290522354802373,0.06190623448924295,0.17400845965763717,0.6594953339203214,1.0,2.5764472899878355,0.20104312685315273
HorizontalScanPath_13,Horizontal,development,4,target_15pct,0.15,293.862827391197,296.4959614680289,2.6331340768318796,25.26686624537541,0.97237352807073,0.15033986405437824,0.1563374650139944,single-frame censored RBF,deliberately_hidden_observable,298,0.7727648572822721,0.5955138106346256,-0.21892584618575617,0.4397042164416896,0.5683962051480491,0.8657718120805369,2.2042423427265216,1.089869743171398
HorizontalScanPath_13,Horizontal,development,4,target_15pct,0.15,293.862827391197,296.4959614680289,2.6331340768318796,25.26686624537541,0.97237352807073,0.15033986405437824,0.1563374650139944,single-frame censored RBF,near_ceiling_unsaturated_1K,1911,0.2119944374769095,0.13472632372751212,0.03613838311497405,0.6847681521832886,2.889671460731331,1.0,11.292597736127727,0.06888952778847386
HorizontalScanPath_13,Horizontal,development,4,target_15pct,0.15,293.862827391197,296.4959614680289,2.6331340768318796,25.26686624537541,0.97237352807073,0.15033986405437824,0.1563374650139944,single-frame censored RBF,observed_censored_full_grid,376,2.509736358319362,1.324995916416371,-1.0191252529449502,1.1360588868478019,0.5670587689286151,0.6888297872340425,2.2027022921901693,2.426685942673615
HorizontalScanPath_13,Horizontal,development,4,target_15pct,0.15,293.862827391197,296.4959614680289,2.6331340768318796,25.26686624537541,0.97237352807073,0.15033986405437824,0.1563374650139944,single-frame censored RBF,overall,2501,0.9924461758600279,0.3132375593681439,-0.1270574193874295,0.7531008580723179,2.54090910545221,0.953218712514994,9.925059382057372,0.4262322812971609
HorizontalScanPath_13,Horizontal,development,4,target_15pct,0.15,293.862827391197,296.4959614680289,2.6331340768318796,25.26686624537541,0.97237352807073,0.15033986405437824,0.1563374650139944,single-frame censored RBF,top_1pct,25,8.419624591167963,7.097590488485746,-7.097590488485746,6.772863614693251,0.5732484163040799,0.0,2.2225584483940066,12.995970102994852
HorizontalScanPath_13,Horizontal,development,4,target_15pct,0.15,293.862827391197,296.4959614680289,2.6331340768318796,25.26686624537541,0.97237352807073,0.15033986405437824,0.1563374650139944,single-frame censored RBF,unsaturated_full_grid,2125,0.21145822245751197,0.13421584536808112,0.030786112573807072,0.6853398139219266,2.8901645061735617,1.0,11.291462330664464,0.07226965697831539
HorizontalScanPath_13,Horizontal,development,5,target_20pct,0.2,293.6405573222221,296.4959614680289,2.8554041458068014,25.489136314350333,0.9809273997323266,0.20031987205117952,0.19992003198720512,advective posterior physics mean + sequential advective ST,deliberately_hidden_observable,423,0.8446934005057762,0.5886072675320909,-0.45300496505250987,0.45472505419321463,0.7030116861971962,0.8841607565011821,2.748926372818664,0.8242924025916972
HorizontalScanPath_13,Horizontal,development,5,target_20pct,0.2,293.6405573222221,296.4959614680289,2.8554041458068014,25.489136314350333,0.9809273997323266,0.20031987205117952,0.19992003198720512,advective posterior physics mean + sequential advective ST,near_ceiling_unsaturated_1K,1970,0.18435717681203206,0.12950526836469645,0.06780389549324739,0.1744195353675876,0.6612840407620219,1.0,2.5829268072616496,0.20055908536237732
HorizontalScanPath_13,Horizontal,development,5,target_20pct,0.2,293.6405573222221,296.4959614680289,2.8554041458068014,25.489136314350333,0.9809273997323266,0.20031987205117952,0.19992003198720512,advective posterior physics mean + sequential advective ST,observed_censored_full_grid,501,2.094572143049638,1.157761606839237,-1.0428527432659493,0.9807888602254217,0.7080570435100031,0.7485029940119761,2.7683720116599413,1.5890842790176332
HorizontalScanPath_13,Horizontal,development,5,target_20pct,0.2,293.6405573222221,296.4959614680289,2.8554041458068014,25.489136314350333,0.9809273997323266,0.20031987205117952,0.19992003198720512,advective posterior physics mean + sequential advective ST,overall,2501,0.9518651855401993,0.3354646727643932,-0.15537693666464544,0.3359983037769745,0.6704941862792237,0.9496201519392243,2.6193703669427157,0.47915124424215433
HorizontalScanPath_13,Horizontal,development,5,target_20pct,0.2,293.6405573222221,296.4959614680289,2.8554041458068014,25.489136314350333,0.9809273997323266,0.20031987205117952,0.19992003198720512,advective posterior physics mean + sequential advective ST,top_1pct,25,7.429970223207948,6.8523937592808855,-6.8523937592808855,6.422213290497691,0.7484091684452201,0.0,2.921287968842098,9.145027715621403
HorizontalScanPath_13,Horizontal,development,5,target_20pct,0.2,293.6405573222221,296.4959614680289,2.8554041458068014,25.489136314350333,0.9809273997323266,0.20031987205117952,0.19992003198720512,advective posterior physics mean + sequential advective ST,unsaturated_full_grid,2000,0.18441924012684116,0.12947929077864478,0.0669357528889812,0.1744782693866385,0.6610846905429134,1.0,2.582045454941051,0.20111301903089696
HorizontalScanPath_13,Horizontal,development,5,target_20pct,0.2,293.6405573222221,296.4959614680289,2.8554041458068014,25.489136314350333,0.9809273997323266,0.20031987205117952,0.19992003198720512,single-frame censored RBF,deliberately_hidden_observable,423,0.9287585894661657,0.7234088930864937,-0.35920275910084326,0.5550138841142415,0.46460117694049646,0.723404255319149,1.8114824733604995,1.5895115226649386
HorizontalScanPath_13,Horizontal,development,5,target_20pct,0.2,293.6405573222221,296.4959614680289,2.8554041458068014,25.489136314350333,0.9809273997323266,0.20031987205117952,0.19992003198720512,single-frame censored RBF,near_ceiling_unsaturated_1K,1970,0.29519466933119676,0.2163409632226586,0.14236565061623,0.645007531324869,2.6867611215061564,1.0,10.49272195248873,0.10713413083029685
HorizontalScanPath_13,Horizontal,development,5,target_20pct,0.2,293.6405573222221,296.4959614680289,2.8554041458068014,25.489136314350333,0.9809273997323266,0.20031987205117952,0.19992003198720512,single-frame censored RBF,observed_censored_full_grid,501,2.4150038928877513,1.3303364414377357,-1.0205072262348145,1.1506765464637259,0.4590627882790344,0.6127744510978044,1.7906359707046795,3.0402225114926296
HorizontalScanPath_13,Horizontal,development,5,target_20pct,0.2,293.6405573222221,296.4959614680289,2.8554041458068014,25.489136314350333,0.9809273997323266,0.20031987205117952,0.19992003198720512,single-frame censored RBF,overall,2501,1.1129849955886462,0.44027951176599545,-0.09065287618985582,0.7465487359555163,2.239728739124157,0.9224310275889644,8.745973671459579,0.6961228834071588
HorizontalScanPath_13,Horizontal,development,5,target_20pct,0.2,293.6405573222221,296.4959614680289,2.8554041458068014,25.489136314350333,0.9809273997323266,0.20031987205117952,0.19992003198720512,single-frame censored RBF,top_1pct,25,8.91394617769534,7.692097669437155,-7.692097669437155,7.459418257293258,0.4158410745696173,0.0,1.6322442359264664,18.40536512784191
HorizontalScanPath_13,Horizontal,development,5,target_20pct,0.2,293.6405573222221,296.4959614680289,2.8554041458068014,25.489136314350333,0.9809273997323266,0.20031987205117952,0.19992003198720512,single-frame censored RBF,unsaturated_full_grid,2000,0.2967520779033337,0.21732025088322451,0.14227563849640631,0.64531471942321,2.68578555981086,1.0,10.488285765498679,0.10892592657174827
HorizontalScanPath_2,Horizontal,evaluation,0,reference,0.03,294.6301695664475,294.6301695664475,0.0,21.30353875343104,0.9342405572678586,0.03078768492602959,0.03278688524590164,advective posterior physics mean + sequential advective ST,deliberately_hidden_observable,0,,,,,,,,
HorizontalScanPath_2,Horizontal,evaluation,0,reference,0.03,294.6301695664475,294.6301695664475,0.0,21.30353875343104,0.9342405572678586,0.03078768492602959,0.03278688524590164,advective posterior physics mean + sequential advective ST,near_ceiling_unsaturated_1K,299,0.6238805728355612,0.2955330556683143,0.12133920212236768,0.2594468853162167,0.7102879000405772,1.0,2.7739503903660627,0.34014232168314246
HorizontalScanPath_2,Horizontal,evaluation,0,reference,0.03,294.6301695664475,294.6301695664475,0.0,21.30353875343104,0.9342405572678586,0.03078768492602959,0.03278688524590164,advective posterior physics mean + sequential advective ST,observed_censored_full_grid,77,2.6227012884275993,2.1243788969763644,1.3636308048714805,1.4552580064057121,1.8432268125670221,0.961038961038961,7.188544022908708,1.096811734768069
HorizontalScanPath_2,Horizontal,evaluation,0,reference,0.03,294.6301695664475,294.6301695664475,0.0,21.30353875343104,0.9342405572678586,0.03078768492602959,0.03278688524590164,advective posterior physics mean + sequential advective ST,overall,2501,0.5365775154093151,0.21137866127616423,0.11059068282345162,0.22402279780743087,0.6995197374518738,0.9988004798080767,2.7335063024083093,0.2476641088039867
HorizontalScanPath_2,Horizontal,evaluation,0,reference,0.03,294.6301695664475,294.6301695664475,0.0,21.30353875343104,0.9342405572678586,0.03078768492602959,0.03278688524590164,advective posterior physics mean + sequential advective ST,top_1pct,25,3.0237104709762104,2.046349246643765,-0.24906484269894236,1.5715422439021451,2.0230596396638467,0.88,7.931869902277174,1.013860346678099
HorizontalScanPath_2,Horizontal,evaluation,0,reference,0.03,294.6301695664475,294.6301695664475,0.0,21.30353875343104,0.9342405572678586,0.03078768492602959,0.03278688524590164,advective posterior physics mean + sequential advective ST,unsaturated_full_grid,2424,0.2802839296051903,0.1506109145150605,0.07078701558017678,0.18491177839238646,0.6631891084156253,1.0,2.5919890150821825,0.22069035995941805
HorizontalScanPath_2,Horizontal,evaluation,0,reference,0.03,294.6301695664475,294.6301695664475,0.0,21.30353875343104,0.9342405572678586,0.03078768492602959,0.03278688524590164,single-frame censored RBF,deliberately_hidden_observable,0,,,,,,,,
HorizontalScanPath_2,Horizontal,evaluation,0,reference,0.03,294.6301695664475,294.6301695664475,0.0,21.30353875343104,0.9342405572678586,0.03078768492602959,0.03278688524590164,single-frame censored RBF,near_ceiling_unsaturated_1K,299,1.0272922162983955,0.6933246271830934,0.1790106569966463,0.8239044761296636,2.8520163684210074,1.0,11.145894550430615,0.28269052308315995
HorizontalScanPath_2,Horizontal,evaluation,0,reference,0.03,294.6301695664475,294.6301695664475,0.0,21.30353875343104,0.9342405572678586,0.03078768492602959,0.03278688524590164,single-frame censored RBF,observed_censored_full_grid,77,3.385911460706369,2.5650874617808324,1.4074161423937552,1.7789560908757955,1.8216633633530015,0.8051948051948052,6.9308670388368165,1.3752933004500731
HorizontalScanPath_2,Horizontal,evaluation,0,reference,0.03,294.6301695664475,294.6301695664475,0.0,21.30353875343104,0.9342405572678586,0.03078768492602959,0.03278688524590164,single-frame censored RBF,overall,2501,0.7330411167255825,0.2625937696896864,0.05887677904750395,0.7542048618723586,2.925378247272445,0.9940023990403839,11.412706728857833,0.12570404284146625
HorizontalScanPath_2,Horizontal,evaluation,0,reference,0.03,294.6301695664475,294.6301695664475,0.0,21.30353875343104,0.9342405572678586,0.03078768492602959,0.03278688524590164,single-frame censored RBF,top_1pct,25,4.564769526165323,2.6162340024838318,-0.9493936612283664,2.1197753858954083,1.9123338116614763,0.84,7.318326793478189,1.2784109756722943
HorizontalScanPath_2,Horizontal,evaluation,0,reference,0.03,294.6301695664475,294.6301695664475,0.0,21.30353875343104,0.9342405572678586,0.03078768492602959,0.03278688524590164,single-frame censored RBF,unsaturated_full_grid,2424,0.43616995941019415,0.1894534997676492,0.016039513792693166,0.7216529457695267,2.960438497297939,1.0,11.555075398879127,0.08600999464185294
HorizontalScanPath_2,Horizontal,evaluation,1,target_5pct,0.05,294.22403029012474,294.6301695664475,0.40613927632273317,21.709678029753775,0.9520512969872869,0.05037984806077569,0.04878048780487805,advective posterior physics mean + sequential advective ST,deliberately_hidden_observable,48,2.055805140356012,1.495016917582343,1.3496564724088504,1.0379899542640771,1.2615278450884013,0.8958333333333334,4.91144979667293,0.9112938350174636
HorizontalScanPath_2,Horizontal,evaluation,1,target_5pct,0.05,294.22403029012474,294.6301695664475,0.40613927632273317,21.709678029753775,0.9520512969872869,0.05037984806077569,0.04878048780487805,advective posterior physics mean + sequential advective ST,near_ceiling_unsaturated_1K,1120,0.3863180650887276,0.1832280650334503,0.08502551535104656,0.20252859020759836,0.6781606844139717,0.9973214285714286,2.650731917418136,0.2476373207882073
HorizontalScanPath_2,Horizontal,evaluation,1,target_5pct,0.05,294.22403029012474,294.6301695664475,0.40613927632273317,21.709678029753775,0.9520512969872869,0.05037984806077569,0.04878048780487805,advective posterior physics mean + sequential advective ST,observed_censored_full_grid,126,2.340257734948637,1.8666721747841397,1.3967455858751752,1.2785135109188592,1.654229074363017,0.8968253968253969,6.452787094341371,1.0319915561962791
HorizontalScanPath_2,Horizontal,evaluation,1,target_5pct,0.05,294.22403029012474,294.6301695664475,0.40613927632273317,21.709678029753775,0.9520512969872869,0.05037984806077569,0.04878048780487805,advective posterior physics mean + sequential advective ST,overall,2501,0.599206867560576,0.23858811875926558,0.1409893646302533,0.2416597898779038,0.7152330451336718,0.9936025589764095,2.794334246495184,0.261104028167287
HorizontalScanPath_2,Horizontal,evaluation,1,target_5pct,0.05,294.22403029012474,294.6301695664475,0.40613927632273317,21.709678029753775,0.9520512969872869,0.05037984806077569,0.04878048780487805,advective posterior physics mean + sequential advective ST,top_1pct,25,2.7933200611745135,1.976673471585052,-0.1031227246460071,1.4664380913644226,1.937158575222955,0.84,7.520127348735636,1.0089442477776804
HorizontalScanPath_2,Horizontal,evaluation,1,target_5pct,0.05,294.22403029012474,294.6301695664475,0.40613927632273317,21.709678029753775,0.9520512969872869,0.05037984806077569,0.04878048780487805,advective posterior physics mean + sequential advective ST,unsaturated_full_grid,2375,0.29586884340704134,0.15221397515541962,0.07436819247157535,0.1866519714142573,0.6654168347408729,0.9987368421052631,2.6002436954094494,0.2202064161539594
HorizontalScanPath_2,Horizontal,evaluation,1,target_5pct,0.05,294.22403029012474,294.6301695664475,0.40613927632273317,21.709678029753775,0.9520512969872869,0.05037984806077569,0.04878048780487805,single-frame censored RBF,deliberately_hidden_observable,48,2.1968721306458656,2.1044181820134056,2.1044181820134056,1.365725039598324,1.3658431501615667,0.5416666666666666,5.172553412945152,1.5447643587355941
HorizontalScanPath_2,Horizontal,evaluation,1,target_5pct,0.05,294.22403029012474,294.6301695664475,0.40613927632273317,21.709678029753775,0.9520512969872869,0.05037984806077569,0.04878048780487805,single-frame censored RBF,near_ceiling_unsaturated_1K,1120,0.5530511048090554,0.27753013631190776,0.12813840404577514,0.7287295360025805,2.8851059797867427,1.0,11.266514159102023,0.13456168385000256
HorizontalScanPath_2,Horizontal,evaluation,1,target_5pct,0.05,294.22403029012474,294.6301695664475,0.40613927632273317,21.709678029753775,0.9520512969872869,0.05037984806077569,0.04878048780487805,single-frame censored RBF,observed_censored_full_grid,126,2.9367014268457767,2.0749123819024446,1.0100346175592982,1.4471488407491748,1.4399116824503482,0.7698412698412699,5.483463176535975,1.454263129095652
HorizontalScanPath_2,Horizontal,evaluation,1,target_5pct,0.05,294.22403029012474,294.6301695664475,0.40613927632273317,21.709678029753775,0.9520512969872869,0.05037984806077569,0.04878048780487805,single-frame censored RBF,overall,2501,0.7693010223193643,0.28152080206198055,0.100114150428337,0.7493524381570338,2.846378924283056,0.9884046381447421,11.103126782925072,0.16070470826392472
HorizontalScanPath_2,Horizontal,evaluation,1,target_5pct,0.05,294.22403029012474,294.6301695664475,0.40613927632273317,21.709678029753775,0.9520512969872869,0.05037984806077569,0.04878048780487805,single-frame censored RBF,top_1pct,25,5.218516515922209,2.873436984061743,-2.446748685929972,2.523004067623098,1.4602135346355767,0.8,5.634202121619503,1.9995999884018325
HorizontalScanPath_2,Horizontal,evaluation,1,target_5pct,0.05,294.22403029012474,294.6301695664475,0.40613927632273317,21.709678029753775,0.9520512969872869,0.05037984806077569,0.04878048780487805,single-frame censored RBF,unsaturated_full_grid,2375,0.40704369730083795,0.186376659299918,0.05184047511949443,0.712332502693198,2.920995712691864,1.0,11.401264725832451,0.09207802993769414
HorizontalScanPath_2,Horizontal,evaluation,2,target_7.5pct,0.075,293.9594393672763,294.6301695664475,0.6707301991712029,21.974268952602245,0.9636546073138476,0.07516993202718912,0.07876849260295882,advective posterior physics mean + sequential advective ST,deliberately_hidden_observable,111,0.8755955983662626,0.7232395712750836,0.6019281008916407,0.4781790202392048,0.9646994630224323,1.0,3.760076084156318,0.6995652793145591
HorizontalScanPath_2,Horizontal,evaluation,2,target_7.5pct,0.075,293.9594393672763,294.6301695664475,0.6707301991712029,21.974268952602245,0.9636546073138476,0.07516993202718912,0.07876849260295882,advective posterior physics mean + sequential advective ST,near_ceiling_unsaturated_1K,1888,0.2568316334174074,0.15573047250186436,0.08054304483862076,0.1869048443578702,0.6663136721763215,1.0,2.603913842367467,0.22782119841066184
HorizontalScanPath_2,Horizontal,evaluation,2,target_7.5pct,0.075,293.9594393672763,294.6301695664475,0.6707301991712029,21.974268952602245,0.9636546073138476,0.07516993202718912,0.07876849260295882,advective posterior physics mean + sequential advective ST,observed_censored_full_grid,188,1.8115507319587674,1.0338945937467563,-0.09573016894150346,0.7684868154633628,1.0401901686255042,0.9308510638297872,4.054620472656873,0.9661675429644527
HorizontalScanPath_2,Horizontal,evaluation,2,target_7.5pct,0.075,293.9594393672763,294.6301695664475,0.6707301991712029,21.974268952602245,0.9636546073138476,0.07516993202718912,0.07876849260295882,advective posterior physics mean + sequential advective ST,overall,2501,0.5509956127158994,0.21789721431804193,0.06501915191500343,0.22889327708998677,0.6928317467252737,0.9948020791683326,2.707195341399933,0.27992208315451683
HorizontalScanPath_2,Horizontal,evaluation,2,target_7.5pct,0.075,293.9594393672763,294.6301695664475,0.6707301991712029,21.974268952602245,0.9636546073138476,0.07516993202718912,0.07876849260295882,advective posterior physics mean + sequential advective ST,top_1pct,25,4.4929851458824315,3.252725307234034,-3.252725307234034,2.7264973434801583,1.0961129320416207,0.48,4.284040668962469,2.994210908693722
HorizontalScanPath_2,Horizontal,evaluation,2,target_7.5pct,0.075,293.9594393672763,294.6301695664475,0.6707301991712029,21.974268952602245,0.9636546073138476,0.07516993202718912,0.07876849260295882,advective posterior physics mean + sequential advective ST,unsaturated_full_grid,2313,0.24806330779124697,0.1515731731020461,0.07808481223537667,0.1850352635948745,0.664598550306232,1.0,2.597676999559767,0.22414424206317748
HorizontalScanPath_2,Horizontal,evaluation,2,target_7.5pct,0.075,293.9594393672763,294.6301695664475,0.6707301991712029,21.974268952602245,0.9636546073138476,0.07516993202718912,0.07876849260295882,single-frame censored RBF,deliberately_hidden_observable,111,1.2682855546288596,1.2113063279460345,1.2113063279460345,0.7418983362214276,0.9666369896272676,0.8738738738738738,3.7361048942198907,1.2560884758403554
HorizontalScanPath_2,Horizontal,evaluation,2,target_7.5pct,0.075,293.9594393672763,294.6301695664475,0.6707301991712029,21.974268952602245,0.9636546073138476,0.07516993202718912,0.07876849260295882,single-frame censored RBF,near_ceiling_unsaturated_1K,1888,0.3458935579572579,0.17665052325148764,0.08136873807054065,0.6932032747069603,2.861399556975131,1.0,11.16712838888518,0.09273482009678541
HorizontalScanPath_2,Horizontal,evaluation,2,target_7.5pct,0.075,293.9594393672763,294.6301695664475,0.6707301991712029,21.974268952602245,0.9636546073138476,0.07516993202718912,0.07876849260295882,single-frame censored RBF,observed_censored_full_grid,188,2.4382586423566655,1.361644357834202,0.2853305397214512,0.9931485529161849,0.9760848325359537,0.8457446808510638,3.7553117804149734,1.4594907073154637
HorizontalScanPath_2,Horizontal,evaluation,2,target_7.5pct,0.075,293.9594393672763,294.6301695664475,0.6707301991712029,21.974268952602245,0.9636546073138476,0.07516993202718912,0.07876849260295882,single-frame censored RBF,overall,2501,0.7371977657866707,0.2537489804680147,0.08161195612439433,0.7169015235657029,2.7341344602517026,0.9884046381447421,10.67447830542333,0.1916294489046944
HorizontalScanPath_2,Horizontal,evaluation,2,target_7.5pct,0.075,293.9594393672763,294.6301695664475,0.6707301991712029,21.974268952602245,0.9636546073138476,0.07516993202718912,0.07876849260295882,single-frame censored RBF,top_1pct,25,6.065508991889186,3.8629471609340613,-3.8629471609340613,3.4337568818240305,0.9225071636152227,0.44,3.5439282379244603,4.397016496124848
HorizontalScanPath_2,Horizontal,evaluation,2,target_7.5pct,0.075,293.9594393672763,294.6301695664475,0.6707301991712029,21.974268952602245,0.9636546073138476,0.07516993202718912,0.07876849260295882,single-frame censored RBF,unsaturated_full_grid,2313,0.3231352076784577,0.16369955074694106,0.0650537660179323,0.6944482414568007,2.877028247545503,1.0,11.236866246063869,0.08857803663438545
HorizontalScanPath_2,Horizontal,evaluation,3,target_10pct,0.1,293.79292587499856,294.6301695664475,0.8372436914489185,22.14078244487996,0.9709568522421975,0.10035985605757697,0.10715713714514194,advective posterior physics mean + sequential advective ST,deliberately_hidden_observable,173,0.39891073203603555,0.33170947102947057,0.172556659201731,0.25414020978103163,0.7588898745062885,1.0,2.9676709968095127,0.43621767612725443
HorizontalScanPath_2,Horizontal,evaluation,3,target_10pct,0.1,293.79292587499856,294.6301695664475,0.8372436914489185,22.14078244487996,0.9709568522421975,0.10035985605757697,0.10715713714514194,advective posterior physics mean + sequential advective ST,near_ceiling_unsaturated_1K,2128,0.22036482230018697,0.14500651469344908,0.07658463799634797,0.18120635152367862,0.6610277198457183,1.0,2.5830398552263074,0.22078577782192815
HorizontalScanPath_2,Horizontal,evaluation,3,target_10pct,0.1,293.79292587499856,294.6301695664475,0.8372436914489185,22.14078244487996,0.9709568522421975,0.10035985605757697,0.10715713714514194,advective posterior physics mean + sequential advective ST,observed_censored_full_grid,251,1.724957466598712,0.820442633509866,-0.4623474691564232,0.6720384268992208,0.7718026673174587,0.8685258964143426,3.0194841169531768,1.0284159628201817
HorizontalScanPath_2,Horizontal,evaluation,3,target_10pct,0.1,293.79292587499856,294.6301695664475,0.8372436914489185,22.14078244487996,0.9709568522421975,0.10035985605757697,0.10715713714514194,advective posterior physics mean + sequential advective ST,overall,2501,0.5856139176475584,0.21306339956890516,0.021845776382632697,0.2306957708087368,0.6719437918246698,0.9868052778888444,2.626110612867178,0.30254505591408687
HorizontalScanPath_2,Horizontal,evaluation,3,target_10pct,0.1,293.79292587499856,294.6301695664475,0.8372436914489185,22.14078244487996,0.9709568522421975,0.10035985605757697,0.10715713714514194,advective posterior physics mean + sequential advective ST,top_1pct,25,5.15005480259928,4.160075578975077,-4.160075578975077,3.703791524610371,0.8112464231474966,0.0,3.1964313853494493,5.055966747562492
HorizontalScanPath_2,Horizontal,evaluation,3,target_10pct,0.1,293.79292587499856,294.6301695664475,0.8372436914489185,22.14078244487996,0.9709568522421975,0.10035985605757697,0.10715713714514194,advective posterior physics mean + sequential advective ST,unsaturated_full_grid,2250,0.2219680170771452,0.14530687169371354,0.0758602228849896,0.18146154561819836,0.6608039794919186,1.0,2.5822276130780284,0.22157012363256254
HorizontalScanPath_2,Horizontal,evaluation,3,target_10pct,0.1,293.79292587499856,294.6301695664475,0.8372436914489185,22.14078244487996,0.9709568522421975,0.10035985605757697,0.10715713714514194,single-frame censored RBF,deliberately_hidden_observable,173,0.5820663188405437,0.49997326238693246,0.4734142261850237,0.3232440747056819,0.5643102450755826,0.9826589595375722,2.1922823843170094,0.8619985089202425
HorizontalScanPath_2,Horizontal,evaluation,3,target_10pct,0.1,293.79292587499856,294.6301695664475,0.8372436914489185,22.14078244487996,0.9709568522421975,0.10035985605757697,0.10715713714514194,single-frame censored RBF,near_ceiling_unsaturated_1K,2128,0.2566601253580426,0.15075707706697816,0.07104587428555816,0.6760738557013118,2.8279503607957306,1.0,11.038963518414878,0.08400197044382135
HorizontalScanPath_2,Horizontal,evaluation,3,target_10pct,0.1,293.79292587499856,294.6301695664475,0.8372436914489185,22.14078244487996,0.9709568522421975,0.10035985605757697,0.10715713714514194,single-frame censored RBF,observed_censored_full_grid,251,2.2122822258199677,0.970405930522305,-0.279597523129711,0.7840528290433385,0.5578432535598681,0.8366533864541833,2.1714454670262673,1.7907266536259114
HorizontalScanPath_2,Horizontal,evaluation,3,target_10pct,0.1,293.79292587499856,294.6301695664475,0.8372436914489185,22.14078244487996,0.9709568522421975,0.10035985605757697,0.10715713714514194,single-frame censored RBF,overall,2501,0.7414732499850603,0.23223922510623643,0.03319533814725867,0.6881607394787136,2.604754900130348,0.9836065573770492,10.16960562480618,0.25571736183667104
HorizontalScanPath_2,Horizontal,evaluation,3,target_10pct,0.1,293.79292587499856,294.6301695664475,0.8372436914489185,22.14078244487996,0.9709568522421975,0.10035985605757697,0.10715713714514194,single-frame censored RBF,top_1pct,25,6.726664122357147,4.844469927431183,-4.844469927431183,4.5527342200004295,0.5228230609142112,0.0,2.0319072365694297,9.309752743029465
HorizontalScanPath_2,Horizontal,evaluation,3,target_10pct,0.1,293.79292587499856,294.6301695664475,0.8372436914489185,22.14078244487996,0.9709568522421975,0.10035985605757697,0.10715713714514194,single-frame censored RBF,unsaturated_full_grid,2250,0.2552244148653376,0.1498926281909328,0.06808911956082284,0.6774634441539489,2.8330992660366547,1.0,11.06184482462963,0.0844785475081825
HorizontalScanPath_2,Horizontal,evaluation,4,target_15pct,0.15,293.63062672885263,294.6301695664475,0.999542837594845,22.303081591025887,0.9780742821910152,0.15033986405437824,0.15073970411835266,advective posterior physics mean + sequential advective ST,deliberately_hidden_observable,298,0.2831576688304835,0.21472026299570335,-0.016431200849232774,0.207962835992947,0.7023847275136668,1.0,2.739012919630381,0.3125242609770258
HorizontalScanPath_2,Horizontal,evaluation,4,target_15pct,0.15,293.63062672885263,294.6301695664475,0.999542837594845,22.303081591025887,0.9780742821910152,0.15033986405437824,0.15073970411835266,advective posterior physics mean + sequential advective ST,near_ceiling_unsaturated_1K,2097,0.20444706289447262,0.1386017442172601,0.07682453490835284,0.17843816954610192,0.6603178352205679,1.0,2.5810948969757224,0.21293368708184052
HorizontalScanPath_2,Horizontal,evaluation,4,target_15pct,0.15,293.63062672885263,294.6301695664475,0.999542837594845,22.303081591025887,0.9780742821910152,0.15033986405437824,0.15073970411835266,advective posterior physics mean + sequential advective ST,observed_censored_full_grid,376,1.5350637313939164,0.6430940045157432,-0.485562499814855,0.5653835339653391,0.7094799820378559,0.8882978723404256,2.768535741322195,0.8828463763020931
HorizontalScanPath_2,Horizontal,evaluation,4,target_15pct,0.15,293.63062672885263,294.6301695664475,0.999542837594845,22.303081591025887,0.9780742821910152,0.15033986405437824,0.15073970411835266,advective posterior physics mean + sequential advective ST,overall,2501,0.6242222322547142,0.2144020368918839,-0.008476290392562567,0.2365534719841437,0.6675156645981792,0.9832067173130747,2.6085048870347958,0.3139515101395918
HorizontalScanPath_2,Horizontal,evaluation,4,target_15pct,0.15,293.63062672885263,294.6301695664475,0.999542837594845,22.303081591025887,0.9780742821910152,0.15033986405437824,0.15073970411835266,advective posterior physics mean + sequential advective ST,top_1pct,25,5.529134038491503,4.572615716151583,-4.572615716151583,4.151409254389715,0.7474565253039429,0.0,2.922389095434428,6.0899644628263205
HorizontalScanPath_2,Horizontal,evaluation,4,target_15pct,0.15,293.63062672885263,294.6301695664475,0.999542837594845,22.303081591025887,0.9780742821910152,0.15033986405437824,0.15073970411835266,advective posterior physics mean + sequential advective ST,unsaturated_full_grid,2125,0.2040864563602343,0.1385487757970269,0.07593990478051128,0.17836989395829456,0.6600904489006175,1.0,2.5801888394055896,0.21329058323272101
HorizontalScanPath_2,Horizontal,evaluation,4,target_15pct,0.15,293.63062672885263,294.6301695664475,0.999542837594845,22.303081591025887,0.9780742821910152,0.15033986405437824,0.15073970411835266,single-frame censored RBF,deliberately_hidden_observable,298,0.430267171752954,0.34434239319356175,0.17303201525642875,0.2407603402421473,0.4693242197599944,0.9932885906040269,1.829250974538523,0.713463300187549
HorizontalScanPath_2,Horizontal,evaluation,4,target_15pct,0.15,293.63062672885263,294.6301695664475,0.999542837594845,22.303081591025887,0.9780742821910152,0.15033986405437824,0.15073970411835266,single-frame censored RBF,near_ceiling_unsaturated_1K,2097,0.27519407684602976,0.19411987018491042,0.12879611846104358,0.6466772598859551,2.699208740359878,1.0,10.541235955803499,0.09992145266980382
HorizontalScanPath_2,Horizontal,evaluation,4,target_15pct,0.15,293.63062672885263,294.6301695664475,0.999542837594845,22.303081591025887,0.9780742821910152,0.15033986405437824,0.15073970411835266,single-frame censored RBF,observed_censored_full_grid,376,1.9145725095883348,0.8034550493331233,-0.38920533039309224,0.6723241337489838,0.4639669152069831,0.824468085106383,1.8097112179043267,1.7561400444919812
HorizontalScanPath_2,Horizontal,evaluation,4,target_15pct,0.15,293.63062672885263,294.6301695664475,0.999542837594845,22.303081591025887,0.9780742821910152,0.15033986405437824,0.15073970411835266,single-frame censored RBF,overall,2501,0.7845916593588382,0.2859311776070706,0.04973915692404384,0.6506673886839706,2.3625737444357977,0.973610555777689,9.22622469510334,0.34995214042238765
HorizontalScanPath_2,Horizontal,evaluation,4,target_15pct,0.15,293.63062672885263,294.6301695664475,0.999542837594845,22.303081591025887,0.9780742821910152,0.15033986405437824,0.15073970411835266,single-frame censored RBF,top_1pct,25,6.982523879867052,5.268664712411183,-5.268664712411183,5.015116562068829,0.45164513002661166,0.0,1.7637687653886087,11.673202585688907
HorizontalScanPath_2,Horizontal,evaluation,4,target_15pct,0.15,293.63062672885263,294.6301695664475,0.999542837594845,22.303081591025887,0.9780742821910152,0.15033986405437824,0.15073970411835266,single-frame censored RBF,unsaturated_full_grid,2125,0.2755227891412227,0.19435989489224903,0.1274065109152171,0.6468354187336436,2.698515470454637,1.0,10.538511315068906,0.10113959833760305
HorizontalScanPath_2,Horizontal,evaluation,5,target_20pct,0.2,293.51252355739297,294.6301695664475,1.1176460090545106,22.421184762485552,0.9832535518887225,0.20031987205117952,0.20591763294682128,advective posterior physics mean + sequential advective ST,deliberately_hidden_observable,423,0.30550675356186435,0.22977131774147455,-0.05547136630136924,0.21303257700117847,0.6921076474761743,1.0,2.7075689978183255,0.33731108573916924
HorizontalScanPath_2,Horizontal,evaluation,5,target_20pct,0.2,293.51252355739297,294.6301695664475,1.1176460090545106,22.421184762485552,0.9832535518887225,0.20031987205117952,0.20591763294682128,advective posterior physics mean + sequential advective ST,near_ceiling_unsaturated_1K,1998,0.20211442870470503,0.13964624332985778,0.07815756445541203,0.1783511063167403,0.6625199567569506,1.0,2.589534112493104,0.21297791109749784
HorizontalScanPath_2,Horizontal,evaluation,5,target_20pct,0.2,293.51252355739297,294.6301695664475,1.1176460090545106,22.421184762485552,0.9832535518887225,0.20031987205117952,0.20591763294682128,advective posterior physics mean + sequential advective ST,observed_censored_full_grid,501,1.3956038990783677,0.5768626941031674,-0.4296226161504624,0.5056699500281282,0.6978236472824869,0.9021956087824351,2.7294352862526363,0.8061523311455633
HorizontalScanPath_2,Horizontal,evaluation,5,target_20pct,0.2,293.51252355739297,294.6301695664475,1.1176460090545106,22.421184762485552,0.9832535518887225,0.20031987205117952,0.20591763294682128,advective posterior physics mean + sequential advective ST,overall,2501,0.6502685509103563,0.22730674917272728,-0.023686479912288717,0.24392510759003494,0.669511737980217,0.9804078368652539,2.617221002838409,0.3320234583462036
HorizontalScanPath_2,Horizontal,evaluation,5,target_20pct,0.2,293.51252355739297,294.6301695664475,1.1176460090545106,22.421184762485552,0.9832535518887225,0.20031987205117952,0.20591763294682128,advective posterior physics mean + sequential advective ST,top_1pct,25,5.7051639721311185,4.7696353735858725,-4.7696353735858725,4.3582187430162636,0.73675644240736,0.0,2.8850057055212868,6.453954936148135
HorizontalScanPath_2,Horizontal,evaluation,5,target_20pct,0.2,293.51252355739297,294.6301695664475,1.1176460090545106,22.421184762485552,0.9832535518887225,0.20031987205117952,0.20591763294682128,advective posterior physics mean + sequential advective ST,unsaturated_full_grid,2000,0.20216699550303163,0.13974298496765203,0.07800052221537379,0.1783580245592926,0.6624196046999982,1.0,2.5891113248431448,0.213254175709964
HorizontalScanPath_2,Horizontal,evaluation,5,target_20pct,0.2,293.51252355739297,294.6301695664475,1.1176460090545106,22.421184762485552,0.9832535518887225,0.20031987205117952,0.20591763294682128,single-frame censored RBF,deliberately_hidden_observable,423,0.4571148577619124,0.38787348039376107,0.17881238126307072,0.2615700047335545,0.4690298872144796,0.9858156028368794,1.8315668290406022,0.8112093607822433
HorizontalScanPath_2,Horizontal,evaluation,5,target_20pct,0.2,293.51252355739297,294.6301695664475,1.1176460090545106,22.421184762485552,0.9832535518887225,0.20031987205117952,0.20591763294682128,single-frame censored RBF,near_ceiling_unsaturated_1K,1998,0.3353246489409767,0.2662757374660122,0.21658053365200156,0.5997566485503946,2.4697195658932682,1.0,9.645007520605182,0.13490708831784884
HorizontalScanPath_2,Horizontal,evaluation,5,target_20pct,0.2,293.51252355739297,294.6301695664475,1.1176460090545106,22.421184762485552,0.9832535518887225,0.20031987205117952,0.20591763294682128,single-frame censored RBF,observed_censored_full_grid,501,1.733747370011518,0.7517818886769294,-0.2716660123455072,0.6087597524510677,0.46300968877833504,0.8522954091816367,1.8050489877786287,1.6586744054975846
HorizontalScanPath_2,Horizontal,evaluation,5,target_20pct,0.2,293.51252355739297,294.6301695664475,1.1176460090545106,22.421184762485552,0.9832535518887225,0.20031987205117952,0.20591763294682128,single-frame censored RBF,overall,2501,0.8319620731766608,0.36367586103663574,0.11843161602339837,0.601567707731551,2.0672722658685543,0.9704118352658937,8.072561017955683,0.44060076338575066
HorizontalScanPath_2,Horizontal,evaluation,5,target_20pct,0.2,293.51252355739297,294.6301695664475,1.1176460090545106,22.421184762485552,0.9832535518887225,0.20031987205117952,0.20591763294682128,single-frame censored RBF,top_1pct,25,7.194811804383556,5.516229394701304,-5.516229394701304,5.267104856575254,0.44225502384578064,0.0,1.7131745642942702,12.462989948219851
HorizontalScanPath_2,Horizontal,evaluation,5,target_20pct,0.2,293.51252355739297,294.6301695664475,1.1176460090545106,22.421184762485552,0.9832535518887225,0.20031987205117952,0.20591763294682128,single-frame censored RBF,unsaturated_full_grid,2000,0.3355208916358808,0.2664553011127422,0.2161510719298092,0.599766100529312,2.4691400414296543,1.0,9.642572781515035,0.1354733160367363
HorizontalScanPath_3,Horizontal,evaluation,0,reference,0.03,294.64317213251667,294.64317213251667,0.0,19.36529638179519,0.9274640356746272,0.03278688524590164,0.03198720511795282,advective posterior physics mean + sequential advective ST,deliberately_hidden_observable,0,,,,,,,,
HorizontalScanPath_3,Horizontal,evaluation,0,reference,0.03,294.64317213251667,294.64317213251667,0.0,19.36529638179519,0.9274640356746272,0.03278688524590164,0.03198720511795282,advective posterior physics mean + sequential advective ST,near_ceiling_unsaturated_1K,342,0.557134622030294,0.2625385607161536,0.13489776439251405,0.23958887052179853,0.6942971829804289,1.0,2.7135162564854913,0.3160952970719684
HorizontalScanPath_3,Horizontal,evaluation,0,reference,0.03,294.64317213251667,294.64317213251667,0.0,19.36529638179519,0.9274640356746272,0.03278688524590164,0.03198720511795282,advective posterior physics mean + sequential advective ST,observed_censored_full_grid,82,2.3786771185943287,1.9018315180936378,1.1803388743201528,1.2884736201027331,1.7134602110623387,0.9512195121951219,6.713052647367457,0.9933839599691611
HorizontalScanPath_3,Horizontal,evaluation,0,reference,0.03,294.64317213251667,294.64317213251667,0.0,19.36529638179519,0.9274640356746272,0.03278688524590164,0.03198720511795282,advective posterior physics mean + sequential advective ST,overall,2501,0.503342220716126,0.20312389498044556,0.10780088016438988,0.21810042256762774,0.6971329639564654,0.9984006397441023,2.7248558739312854,0.24086230490270694
HorizontalScanPath_3,Horizontal,evaluation,0,reference,0.03,294.64317213251667,294.64317213251667,0.0,19.36529638179519,0.9274640356746272,0.03278688524590164,0.03198720511795282,advective posterior physics mean + sequential advective ST,top_1pct,25,2.8381202210027268,2.0974372757033324,-0.1551256924559084,1.5058067921587779,2.0281755373573094,0.88,7.929634256405291,0.9753784967772116
HorizontalScanPath_3,Horizontal,evaluation,0,reference,0.03,294.64317213251667,294.64317213251667,0.0,19.36529638179519,0.9274640356746272,0.03278688524590164,0.03198720511795282,advective posterior physics mean + sequential advective ST,unsaturated_full_grid,2419,0.26484236409779033,0.14554058572237125,0.07144366002351657,0.1818165853630479,0.6626811928681308,1.0,2.5896627629673477,0.2153530962563864
HorizontalScanPath_3,Horizontal,evaluation,0,reference,0.03,294.64317213251667,294.64317213251667,0.0,19.36529638179519,0.9274640356746272,0.03278688524590164,0.03198720511795282,single-frame censored RBF,deliberately_hidden_observable,0,,,,,,,,
HorizontalScanPath_3,Horizontal,evaluation,0,reference,0.03,294.64317213251667,294.64317213251667,0.0,19.36529638179519,0.9274640356746272,0.03278688524590164,0.03198720511795282,single-frame censored RBF,near_ceiling_unsaturated_1K,342,0.931089960953531,0.6461278119801109,0.12442140972760252,0.7791753420419752,2.776228444845282,1.0,10.834771238743649,0.27562089910009624
HorizontalScanPath_3,Horizontal,evaluation,0,reference,0.03,294.64317213251667,294.64317213251667,0.0,19.36529638179519,0.9274640356746272,0.03278688524590164,0.03198720511795282,single-frame censored RBF,observed_censored_full_grid,82,3.361711012830948,2.6388649741492096,1.5879266960655853,1.793453921326957,1.9083228456985752,0.7560975609756098,7.146569654927006,1.3768522983444849
HorizontalScanPath_3,Horizontal,evaluation,0,reference,0.03,294.64317213251667,294.64317213251667,0.0,19.36529638179519,0.9274640356746272,0.03278688524590164,0.03198720511795282,single-frame censored RBF,overall,2501,0.7350824529994359,0.27275614288856115,0.06771998827023591,0.7541101025195545,2.9239220799536363,0.9920031987205118,11.407580271015703,0.12971426318057655
HorizontalScanPath_3,Horizontal,evaluation,0,reference,0.03,294.64317213251667,294.64317213251667,0.0,19.36529638179519,0.9274640356746272,0.03278688524590164,0.03198720511795282,single-frame censored RBF,top_1pct,25,4.508630709918859,2.6197399204011593,-0.8273376317131284,2.0922048171128047,1.9822281613442172,0.84,7.429193108545769,1.2627831804486662
HorizontalScanPath_3,Horizontal,evaluation,0,reference,0.03,294.64317213251667,294.64317213251667,0.0,19.36529638179519,0.9274640356746272,0.03278688524590164,0.03198720511795282,single-frame censored RBF,unsaturated_full_grid,2419,0.41901654648753267,0.19254906386277645,0.016187557497512196,0.7188781086616765,2.9583491726402484,1.0,11.552021308849216,0.08743839758180004
HorizontalScanPath_3,Horizontal,evaluation,1,target_5pct,0.05,294.35397682553565,294.64317213251667,0.28919530698101426,19.654491688776204,0.9413144948270582,0.05037984806077569,0.04958016793282687,advective posterior physics mean + sequential advective ST,deliberately_hidden_observable,43,2.0759730237889893,1.402118822596172,1.372750740987881,1.0012029286227502,1.220321114708427,0.9534883720930233,4.740398748883573,0.8024314054637811
HorizontalScanPath_3,Horizontal,evaluation,1,target_5pct,0.05,294.35397682553565,294.64317213251667,0.28919530698101426,19.654491688776204,0.9413144948270582,0.05037984806077569,0.04958016793282687,advective posterior physics mean + sequential advective ST,near_ceiling_unsaturated_1K,766,0.5918342338003852,0.25137143566935466,0.1627099020756792,0.24310453693869574,0.6982545883053228,1.0,2.729717723538222,0.29139843274999655
HorizontalScanPath_3,Horizontal,evaluation,1,target_5pct,0.05,294.35397682553565,294.64317213251667,0.28919530698101426,19.654491688776204,0.9413144948270582,0.05037984806077569,0.04958016793282687,advective posterior physics mean + sequential advective ST,observed_censored_full_grid,126,2.419110120394435,1.8264491286785205,1.239744307896513,1.2773980305898631,1.5687792030448855,0.9206349206349206,6.1250772100914395,1.017714124086717
HorizontalScanPath_3,Horizontal,evaluation,1,target_5pct,0.05,294.35397682553565,294.64317213251667,0.28919530698101426,19.654491688776204,0.9413144948270582,0.05037984806077569,0.04958016793282687,advective posterior physics mean + sequential advective ST,overall,2501,0.6488868246849844,0.2485414009467673,0.15025158743566713,0.24912829286986984,0.715274440564245,0.9960015993602559,2.794832267414388,0.2654585544371564
HorizontalScanPath_3,Horizontal,evaluation,1,target_5pct,0.05,294.35397682553565,294.64317213251667,0.28919530698101426,19.654491688776204,0.9413144948270582,0.05037984806077569,0.04958016793282687,advective posterior physics mean + sequential advective ST,top_1pct,25,3.0911204026468204,1.9956933887946138,-0.8550135298248347,1.586187275614678,1.9035971940125558,0.84,7.434603361447364,1.0829301144082688
HorizontalScanPath_3,Horizontal,evaluation,1,target_5pct,0.05,294.35397682553565,294.64317213251667,0.28919530698101426,19.654491688776204,0.9413144948270582,0.05037984806077569,0.04958016793282687,advective posterior physics mean + sequential advective ST,unsaturated_full_grid,2375,0.36458629280277133,0.1648292436018406,0.0924511315291128,0.19457587731083015,0.6699937668494825,1.0,2.6181540094028892,0.22554941684732713
HorizontalScanPath_3,Horizontal,evaluation,1,target_5pct,0.05,294.35397682553565,294.64317213251667,0.28919530698101426,19.654491688776204,0.9413144948270582,0.05037984806077569,0.04958016793282687,single-frame censored RBF,deliberately_hidden_observable,43,2.4798366876644597,2.399869874704179,2.399869874704179,1.5444317333701267,1.5664086053619664,0.5581395348837209,5.831928075429524,1.5388730068023715
HorizontalScanPath_3,Horizontal,evaluation,1,target_5pct,0.05,294.35397682553565,294.64317213251667,0.28919530698101426,19.654491688776204,0.9413144948270582,0.05037984806077569,0.04958016793282687,single-frame censored RBF,near_ceiling_unsaturated_1K,766,0.7195103105548255,0.374903076640395,0.23107128889636186,0.7447130580695264,2.8070514371433513,0.9960835509138382,10.967855916316438,0.1893077731968743
HorizontalScanPath_3,Horizontal,evaluation,1,target_5pct,0.05,294.35397682553565,294.64317213251667,0.28919530698101426,19.654491688776204,0.9413144948270582,0.05037984806077569,0.04958016793282687,single-frame censored RBF,observed_censored_full_grid,126,3.081518480063077,2.272410714727105,1.4085785105520503,1.5644226161161532,1.6594305491802694,0.7619047619047619,6.208596867417389,1.4155293483729474
HorizontalScanPath_3,Horizontal,evaluation,1,target_5pct,0.05,294.35397682553565,294.64317213251667,0.28919530698101426,19.654491688776204,0.9413144948270582,0.05037984806077569,0.04958016793282687,single-frame censored RBF,overall,2501,0.8148438831463075,0.297287030176092,0.14269009435437915,0.7599495905387402,2.859826759442303,0.9868052778888444,11.159303177108791,0.16259812836823184
HorizontalScanPath_3,Horizontal,evaluation,1,target_5pct,0.05,294.35397682553565,294.64317213251667,0.28919530698101426,19.654491688776204,0.9413144948270582,0.05037984806077569,0.04958016793282687,single-frame censored RBF,top_1pct,25,5.101282019943279,2.575220261412046,-1.7784940476302291,2.2844896565386725,1.8393950624985425,0.84,6.807895831940316,1.574059455873102
HorizontalScanPath_3,Horizontal,evaluation,1,target_5pct,0.05,294.35397682553565,294.64317213251667,0.28919530698101426,19.654491688776204,0.9413144948270582,0.05037984806077569,0.04958016793282687,single-frame censored RBF,unsaturated_full_grid,2375,0.44206457317885456,0.19250152101675402,0.0755313825897869,0.7172701794975805,2.923510937334099,0.9987368421052631,11.421951175012419,0.09612682995956065
HorizontalScanPath_3,Horizontal,evaluation,2,target_7.5pct,0.075,294.1414057042616,294.64317213251667,0.5017664282550527,19.867062810050243,0.9514951843511307,0.07516993202718912,0.07197121151539385,advective posterior physics mean + sequential advective ST,deliberately_hidden_observable,106,0.9328047668950427,0.7189499114657227,0.6298428404770444,0.48457376790176715,1.0331568864653637,1.0,4.05199344238438,0.6214498620974659
HorizontalScanPath_3,Horizontal,evaluation,2,target_7.5pct,0.075,294.1414057042616,294.64317213251667,0.5017664282550527,19.867062810050243,0.9514951843511307,0.07516993202718912,0.07197121151539385,advective posterior physics mean + sequential advective ST,near_ceiling_unsaturated_1K,1317,0.28913984465193093,0.1706504889102861,0.09834637363140718,0.19268940144214813,0.6744956935309273,1.0,2.6328624440976958,0.24226116668046313
HorizontalScanPath_3,Horizontal,evaluation,2,target_7.5pct,0.075,294.1414057042616,294.64317213251667,0.5017664282550527,19.867062810050243,0.9514951843511307,0.07516993202718912,0.07197121151539385,advective posterior physics mean + sequential advective ST,observed_censored_full_grid,188,1.6883386305501848,0.9560160393290422,0.10258872719406738,0.7167776430901788,1.1841169176748605,0.9468085106382979,4.647503006671609,0.7581212139867443
HorizontalScanPath_3,Horizontal,evaluation,2,target_7.5pct,0.075,294.1414057042616,294.64317213251667,0.5017664282550527,19.867062810050243,0.9514951843511307,0.07516993202718912,0.07197121151539385,advective posterior physics mean + sequential advective ST,overall,2501,0.5188106903743174,0.209152056375611,0.07950589094855377,0.22327397810201075,0.7059939276942224,0.9960015993602559,2.7593757944630903,0.25939164735784825
HorizontalScanPath_3,Horizontal,evaluation,2,target_7.5pct,0.075,294.1414057042616,294.64317213251667,0.5017664282550527,19.867062810050243,0.9514951843511307,0.07516993202718912,0.07197121151539385,advective posterior physics mean + sequential advective ST,top_1pct,25,4.055407150258915,2.7320095023120166,-2.7320095023120166,2.259309167358699,1.332993397202495,0.6,5.246512891662937,2.0541131756587414
HorizontalScanPath_3,Horizontal,evaluation,2,target_7.5pct,0.075,294.1414057042616,294.64317213251667,0.5017664282550527,19.867062810050243,0.9514951843511307,0.07516993202718912,0.07197121151539385,advective posterior physics mean + sequential advective ST,unsaturated_full_grid,2313,0.24362949244947377,0.1484471584961276,0.07762972440546835,0.1831621367627217,0.6671322233637598,1.0,2.605909337093786,0.21885504617919177
HorizontalScanPath_3,Horizontal,evaluation,2,target_7.5pct,0.075,294.1414057042616,294.64317213251667,0.5017664282550527,19.867062810050243,0.9514951843511307,0.07516993202718912,0.07197121151539385,single-frame censored RBF,deliberately_hidden_observable,106,1.3275181978892563,1.2874329216242661,1.2874329216242661,0.7972222124784223,0.9585896051505693,0.8962264150943396,3.7000327604734515,1.352398670434177
HorizontalScanPath_3,Horizontal,evaluation,2,target_7.5pct,0.075,294.1414057042616,294.64317213251667,0.5017664282550527,19.867062810050243,0.9514951843511307,0.07516993202718912,0.07197121151539385,single-frame censored RBF,near_ceiling_unsaturated_1K,1317,0.38341434040734984,0.197142635209069,0.11075485545104012,0.6933079518815096,2.8186294620786727,1.0,11.013642209205951,0.11653996170328132
HorizontalScanPath_3,Horizontal,evaluation,2,target_7.5pct,0.075,294.1414057042616,294.64317213251667,0.5017664282550527,19.867062810050243,0.9514951843511307,0.07516993202718912,0.07197121151539385,single-frame censored RBF,observed_censored_full_grid,188,2.403986352273603,1.3879037831948795,0.3394062951446463,0.9987560935759122,0.9700353136854498,0.8776595744680851,3.7892674908208317,1.429348135663319
HorizontalScanPath_3,Horizontal,evaluation,2,target_7.5pct,0.075,294.1414057042616,294.64317213251667,0.5017664282550527,19.867062810050243,0.9514951843511307,0.07516993202718912,0.07197121151539385,single-frame censored RBF,overall,2501,0.7243030367362666,0.2488736792491386,0.08148302271589301,0.7209486130309793,2.7437539074341135,0.9908036785285885,10.71575173176753,0.19132437601654426
HorizontalScanPath_3,Horizontal,evaluation,2,target_7.5pct,0.075,294.1414057042616,294.64317213251667,0.5017664282550527,19.867062810050243,0.9514951843511307,0.07516993202718912,0.07197121151539385,single-frame censored RBF,top_1pct,25,5.89846432118237,3.6349271809690253,-3.6349271809690253,3.22085778955679,1.0371907579819268,0.56,4.072576045505748,3.6007103279337467
HorizontalScanPath_3,Horizontal,evaluation,2,target_7.5pct,0.075,294.1414057042616,294.64317213251667,0.5017664282550527,19.867062810050243,0.9514951843511307,0.07516993202718912,0.07197121151539385,single-frame censored RBF,unsaturated_full_grid,2313,0.3122942491896507,0.1562936275665622,0.060519090499461706,0.6983684978807643,2.887921263951514,1.0,11.27873445433475,0.09069814738982845
HorizontalScanPath_3,Horizontal,evaluation,3,target_10pct,0.1,293.97957998763076,294.64317213251667,0.6635921448859108,20.0288885266811,0.9592455192421313,0.10035985605757697,0.09196321471411435,advective posterior physics mean + sequential advective ST,deliberately_hidden_observable,168,0.820285335408135,0.6784004805452358,0.5975074289759945,0.45148699493300204,0.8559859263173843,1.0,3.341699056167667,0.7396159919300275
HorizontalScanPath_3,Horizontal,evaluation,3,target_10pct,0.1,293.97957998763076,294.64317213251667,0.6635921448859108,20.0288885266811,0.9592455192421313,0.10035985605757697,0.09196321471411435,advective posterior physics mean + sequential advective ST,near_ceiling_unsaturated_1K,1736,0.24247848742992814,0.15137817424427294,0.08736618104580793,0.18461872200650567,0.6634661400419324,1.0,2.5918941107642097,0.22627460439916305
HorizontalScanPath_3,Horizontal,evaluation,3,target_10pct,0.1,293.97957998763076,294.64317213251667,0.6635921448859108,20.0288885266811,0.9592455192421313,0.10035985605757697,0.09196321471411435,advective posterior physics mean + sequential advective ST,observed_censored_full_grid,251,1.5900405068262229,0.8930573289738771,0.08030985960909513,0.660804540955697,0.9115729067207197,0.952191235059761,3.5660255538589305,0.9207133603610702
HorizontalScanPath_3,Horizontal,evaluation,3,target_10pct,0.1,293.97957998763076,294.64317213251667,0.6635921448859108,20.0288885266811,0.9592455192421313,0.10035985605757697,0.09196321471411435,advective posterior physics mean + sequential advective ST,overall,2501,0.5479231713173843,0.21928959254234667,0.07608853649019766,0.22954789377305598,0.6866988892971699,0.995201919232307,2.6834324345495433,0.28903734412414156
HorizontalScanPath_3,Horizontal,evaluation,3,target_10pct,0.1,293.97957998763076,294.64317213251667,0.6635921448859108,20.0288885266811,0.9592455192421313,0.10035985605757697,0.09196321471411435,advective posterior physics mean + sequential advective ST,top_1pct,25,4.473328757362759,3.259307757168992,-3.259307757168992,2.729940218945868,1.0661675180783714,0.52,4.192151466222722,3.1133078185840577
HorizontalScanPath_3,Horizontal,evaluation,3,target_10pct,0.1,293.97957998763076,294.64317213251667,0.6635921448859108,20.0288885266811,0.9592455192421313,0.10035985605757697,0.09196321471411435,advective posterior physics mean + sequential advective ST,unsaturated_full_grid,2250,0.22731700021240006,0.14412705838931814,0.07561762444448954,0.18143881890957028,0.6616129433534762,1.0,2.584974268795474,0.21857037520171085
HorizontalScanPath_3,Horizontal,evaluation,3,target_10pct,0.1,293.97957998763076,294.64317213251667,0.6635921448859108,20.0288885266811,0.9592455192421313,0.10035985605757697,0.09196321471411435,single-frame censored RBF,deliberately_hidden_observable,168,0.68464050446148,0.6341307126771364,0.6289491765247422,0.3899287814268443,0.6329945600156944,0.9761904761904762,2.476803474915891,1.0022442870718853
HorizontalScanPath_3,Horizontal,evaluation,3,target_10pct,0.1,293.97957998763076,294.64317213251667,0.6635921448859108,20.0288885266811,0.9592455192421313,0.10035985605757697,0.09196321471411435,single-frame censored RBF,near_ceiling_unsaturated_1K,1736,0.27320956813904673,0.1559558732902709,0.08149248754928327,0.6816430785655733,2.83839921302362,1.0,11.086001359587922,0.09063048642207111
HorizontalScanPath_3,Horizontal,evaluation,3,target_10pct,0.1,293.97957998763076,294.64317213251667,0.6635921448859108,20.0288885266811,0.9592455192421313,0.10035985605757697,0.09196321471411435,single-frame censored RBF,observed_censored_full_grid,251,2.1804701574107095,1.0312562465996948,-0.14341449068616743,0.7931211840375045,0.6374495699807743,0.8605577689243028,2.499436136426023,1.658379889636443
HorizontalScanPath_3,Horizontal,evaluation,3,target_10pct,0.1,293.97957998763076,294.64317213251667,0.6635921448859108,20.0288885266811,0.9592455192421313,0.10035985605757697,0.09196321471411435,single-frame censored RBF,overall,2501,0.7329914677464398,0.2362648554808722,0.04053361532525165,0.6967452221775894,2.6403268212859676,0.9860055977608957,10.314132905732922,0.2447255733953181
HorizontalScanPath_3,Horizontal,evaluation,3,target_10pct,0.1,293.97957998763076,294.64317213251667,0.6635921448859108,20.0288885266811,0.9592455192421313,0.10035985605757697,0.09196321471411435,single-frame censored RBF,top_1pct,25,6.571805106812976,4.61127726713413,-4.61127726713413,4.2641313737693896,0.6265708342292752,0.04,2.454790047765589,7.531011290178283
HorizontalScanPath_3,Horizontal,evaluation,3,target_10pct,0.1,293.97957998763076,294.64317213251667,0.6635921448859108,20.0288885266811,0.9592455192421313,0.10035985605757697,0.09196321471411435,single-frame censored RBF,unsaturated_full_grid,2250,0.258509857123441,0.14757914918272796,0.061054048484747735,0.6859939482101055,2.863758905764903,1.0,11.185905745331159,0.0870245807835304
HorizontalScanPath_3,Horizontal,evaluation,4,target_15pct,0.15,293.7123360864242,294.64317213251667,0.9308360460924519,20.296132427887642,0.9720446575685374,0.15033986405437824,0.1399440223910436,advective posterior physics mean + sequential advective ST,deliberately_hidden_observable,293,0.32738214302832364,0.27012575211472384,0.16528547105398356,0.22438859532137254,0.7180754508211806,1.0,2.8074503694927375,0.3804361089573708
HorizontalScanPath_3,Horizontal,evaluation,4,target_15pct,0.15,293.7123360864242,294.64317213251667,0.9308360460924519,20.296132427887642,0.9720446575685374,0.15033986405437824,0.1399440223910436,advective posterior physics mean + sequential advective ST,near_ceiling_unsaturated_1K,2049,0.19669754478784576,0.13616128762595953,0.07598456424200854,0.17686671147176417,0.6602640656027838,1.0,2.5794789189486003,0.21119643821387984
HorizontalScanPath_3,Horizontal,evaluation,4,target_15pct,0.15,293.7123360864242,294.64317213251667,0.9308360460924519,20.296132427887642,0.9720446575685374,0.15033986405437824,0.1399440223910436,advective posterior physics mean + sequential advective ST,observed_censored_full_grid,376,1.4975883346801484,0.654443904882429,-0.3100732487612801,0.5471730820088543,0.7272343832270902,0.901595744680851,2.8461173066277667,0.8824993199717824
HorizontalScanPath_3,Horizontal,evaluation,4,target_15pct,0.15,293.7123360864242,294.64317213251667,0.9308360460924519,20.296132427887642,0.9720446575685374,0.15033986405437824,0.1399440223910436,advective posterior physics mean + sequential advective ST,overall,2501,0.6086341347358635,0.21485031193512205,0.017031520842408963,0.2327289118011933,0.670120478275534,0.9852059176329468,2.6185750542110204,0.31361682069959373
HorizontalScanPath_3,Horizontal,evaluation,4,target_15pct,0.15,293.7123360864242,294.64317213251667,0.9308360460924519,20.296132427887642,0.9720446575685374,0.15033986405437824,0.1399440223910436,advective posterior physics mean + sequential advective ST,top_1pct,25,5.440102978354469,4.452149558935551,-4.452149558935551,4.020725474957368,0.7577301551450348,0.0,2.9601877309053974,5.875018958239001
HorizontalScanPath_3,Horizontal,evaluation,4,target_15pct,0.15,293.7123360864242,294.64317213251667,0.9308360460924519,20.296132427887642,0.9720446575685374,0.15033986405437824,0.1399440223910436,advective posterior physics mean + sequential advective ST,unsaturated_full_grid,2125,0.19784412407419433,0.13706810443009265,0.07490982360522642,0.17709079039033188,0.6600146767405763,1.0,2.578313460371634,0.21295808200484406
HorizontalScanPath_3,Horizontal,evaluation,4,target_15pct,0.15,293.7123360864242,294.64317213251667,0.9308360460924519,20.296132427887642,0.9720446575685374,0.15033986405437824,0.1399440223910436,single-frame censored RBF,deliberately_hidden_observable,293,0.4212666947314869,0.32168273929237884,0.2138993781798755,0.23076077034666942,0.48045793822317,0.9863481228668942,1.8730248076396667,0.6466327935743033
HorizontalScanPath_3,Horizontal,evaluation,4,target_15pct,0.15,293.7123360864242,294.64317213251667,0.9308360460924519,20.296132427887642,0.9720446575685374,0.15033986405437824,0.1399440223910436,single-frame censored RBF,near_ceiling_unsaturated_1K,2049,0.27727383564277497,0.1862921067062189,0.11542218661347535,0.665382727360558,2.780049974084365,1.0,10.856390069935548,0.09567570301461824
HorizontalScanPath_3,Horizontal,evaluation,4,target_15pct,0.15,293.7123360864242,294.64317213251667,0.9308360460924519,20.296132427887642,0.9720446575685374,0.15033986405437824,0.1399440223910436,single-frame censored RBF,observed_censored_full_grid,376,1.9267162083959923,0.77742722895134,-0.35589538056473596,0.6549564608061649,0.4735902018630354,0.8218085106382979,1.847213093341309,1.6744179468063827
HorizontalScanPath_3,Horizontal,evaluation,4,target_15pct,0.15,293.7123360864242,294.64317213251667,0.9308360460924519,20.296132427887642,0.9720446575685374,0.15033986405437824,0.1399440223910436,single-frame censored RBF,overall,2501,0.7896248571299003,0.2751719074511111,0.04231644674351479,0.6643493745115647,2.4347217460682185,0.9732107157137145,9.508755682956572,0.33390854649463
HorizontalScanPath_3,Horizontal,evaluation,4,target_15pct,0.15,293.7123360864242,294.64317213251667,0.9308360460924519,20.296132427887642,0.9720446575685374,0.15033986405437824,0.1399440223910436,single-frame censored RBF,top_1pct,25,7.070113679486945,5.2739438113822485,-5.2739438113822485,5.015098567871096,0.4525913768150946,0.0,1.774502956431861,11.662543056383106
HorizontalScanPath_3,Horizontal,evaluation,4,target_15pct,0.15,293.7123360864242,294.64317213251667,0.9308360460924519,20.296132427887642,0.9720446575685374,0.15033986405437824,0.1399440223910436,single-frame censored RBF,unsaturated_full_grid,2125,0.27746037696973996,0.18630225997624703,0.1127765159519394,0.6660113677130849,2.7817266687134654,1.0,10.864398042342613,0.09671723613358577
HorizontalScanPath_3,Horizontal,evaluation,5,target_20pct,0.2,293.5700691517091,294.64317213251667,1.0731029808075618,20.438399362602752,0.9788582618022416,0.20031987205117952,0.18992403038784486,advective posterior physics mean + sequential advective ST,deliberately_hidden_observable,418,0.2883906952434665,0.21716910397658212,-0.034311760045433425,0.2083246402774848,0.6910430931250574,1.0,2.7083611001784638,0.3208498388630796
HorizontalScanPath_3,Horizontal,evaluation,5,target_20pct,0.2,293.5700691517091,294.64317213251667,1.0731029808075618,20.438399362602752,0.9788582618022416,0.20031987205117952,0.18992403038784486,advective posterior physics mean + sequential advective ST,near_ceiling_unsaturated_1K,1976,0.19949199574113666,0.13915476432024795,0.07804886317602702,0.1780811675804718,0.6619077689440847,1.0,2.5848295704734356,0.21473941506531732
HorizontalScanPath_3,Horizontal,evaluation,5,target_20pct,0.2,293.5700691517091,294.64317213251667,1.0731029808075618,20.438399362602752,0.9788582618022416,0.20031987205117952,0.18992403038784486,advective posterior physics mean + sequential advective ST,observed_censored_full_grid,501,1.3885281725961098,0.5672831608579412,-0.4141799199053171,0.49851961757396757,0.6977472904397771,0.9041916167664671,2.7322273318090256,0.7924594074636434
HorizontalScanPath_3,Horizontal,evaluation,5,target_20pct,0.2,293.5700691517091,294.64317213251667,1.0731029808075618,20.438399362602752,0.9788582618022416,0.20031987205117952,0.18992403038784486,advective posterior physics mean + sequential advective ST,overall,2501,0.6466912716155564,0.22523543965508852,-0.020634302741347175,0.24235310600023813,0.6690983530898907,0.9808076769292283,2.6143672943301137,0.3309590352881212
HorizontalScanPath_3,Horizontal,evaluation,5,target_20pct,0.2,293.5700691517091,294.64317213251667,1.0731029808075618,20.438399362602752,0.9788582618022416,0.20031987205117952,0.18992403038784486,advective posterior physics mean + sequential advective ST,top_1pct,25,5.727245805926067,4.7852802028853265,-4.7852802028853265,4.365119941105853,0.7359504654888082,0.0,2.854362472989394,6.489690491863157
HorizontalScanPath_3,Horizontal,evaluation,5,target_20pct,0.2,293.5700691517091,294.64317213251667,1.0731029808075618,20.438399362602752,0.9788582618022416,0.20031987205117952,0.18992403038784486,advective posterior physics mean + sequential advective ST,unsaturated_full_grid,2000,0.2000111972209404,0.13955248549377397,0.0779488743582273,0.17818339485101886,0.6619217942837442,1.0,2.5848433549416465,0.21535319205815295
HorizontalScanPath_3,Horizontal,evaluation,5,target_20pct,0.2,293.5700691517091,294.64317213251667,1.0731029808075618,20.438399362602752,0.9788582618022416,0.20031987205117952,0.18992403038784486,single-frame censored RBF,deliberately_hidden_observable,418,0.4514481270547503,0.3707773064821572,0.13559677105954684,0.2535931270851897,0.4638704425987837,0.9904306220095693,1.8107305859489158,0.77499518201536
HorizontalScanPath_3,Horizontal,evaluation,5,target_20pct,0.2,293.5700691517091,294.64317213251667,1.0731029808075618,20.438399362602752,0.9788582618022416,0.20031987205117952,0.18992403038784486,single-frame censored RBF,near_ceiling_unsaturated_1K,1976,0.34477368008750364,0.26233670038602336,0.20231697334750356,0.6311310755895192,2.6022797806784577,1.0,10.156605640512002,0.128758265469322
HorizontalScanPath_3,Horizontal,evaluation,5,target_20pct,0.2,293.5700691517091,294.64317213251667,1.0731029808075618,20.438399362602752,0.9788582618022416,0.20031987205117952,0.18992403038784486,single-frame censored RBF,observed_censored_full_grid,501,1.7374964435337918,0.736363969711801,-0.31104441881185363,0.5996429509099562,0.45885564896214676,0.8582834331337326,1.7899922891562634,1.6383136960097637
HorizontalScanPath_3,Horizontal,evaluation,5,target_20pct,0.2,293.5700691517091,294.64317213251667,1.0731029808075618,20.438399362602752,0.9788582618022416,0.20031987205117952,0.18992403038784486,single-frame censored RBF,overall,2501,0.8365417146585363,0.35729349288197804,0.0986170862899706,0.6251882892233968,2.1743011417218456,0.9716113554578168,8.486838952665451,0.43122946326924927
HorizontalScanPath_3,Horizontal,evaluation,5,target_20pct,0.2,293.5700691517091,294.64317213251667,1.0731029808075618,20.438399362602752,0.9788582618022416,0.20031987205117952,0.18992403038784486,single-frame censored RBF,top_1pct,25,7.225113240799311,5.462981582848324,-5.462981582848324,5.218494906935579,0.4308331214424713,0.0,1.690358460996597,12.71762009775601
HorizontalScanPath_3,Horizontal,evaluation,5,target_20pct,0.2,293.5700691517091,294.64317213251667,1.0731029808075618,20.438399362602752,0.9788582618022416,0.20031987205117952,0.18992403038784486,single-frame censored RBF,unsaturated_full_grid,2000,0.344774610008041,0.2623363384361074,0.20123729331797757,0.6315873964709136,2.6040202376581503,1.0,10.164399041874502,0.1288548629677504
HorizontalScanPath_4,Horizontal,evaluation,0,reference,0.03,294.825260500259,294.825260500259,0.0,22.790270856738005,0.9307795888666951,0.03358656537385046,0.03598560575769692,advective posterior physics mean + sequential advective ST,deliberately_hidden_observable,0,,,,,,,,
HorizontalScanPath_4,Horizontal,evaluation,0,reference,0.03,294.825260500259,294.825260500259,0.0,22.790270856738005,0.9307795888666951,0.03358656537385046,0.03598560575769692,advective posterior physics mean + sequential advective ST,near_ceiling_unsaturated_1K,253,0.8215750565305281,0.3737728346340318,0.21311321477241119,0.3138733314836629,0.7402894144173986,0.9920948616600791,2.893426840615966,0.3694659717238889
HorizontalScanPath_4,Horizontal,evaluation,0,reference,0.03,294.825260500259,294.825260500259,0.0,22.790270856738005,0.9307795888666951,0.03358656537385046,0.03598560575769692,advective posterior physics mean + sequential advective ST,observed_censored_full_grid,84,2.6081435011035095,2.047761397898905,1.3644896085593037,1.4274535313781154,1.7623029435011326,0.9404761904761905,6.8885776896375255,1.066716832730707
HorizontalScanPath_4,Horizontal,evaluation,0,reference,0.03,294.825260500259,294.825260500259,0.0,22.790270856738005,0.9307795888666951,0.03358656537385046,0.03598560575769692,advective posterior physics mean + sequential advective ST,overall,2501,0.5665168797385929,0.2111046789603866,0.12179835952162596,0.22721829376168903,0.7022335008079238,0.9972011195521792,2.743002617129783,0.2371199825147564
HorizontalScanPath_4,Horizontal,evaluation,0,reference,0.03,294.825260500259,294.825260500259,0.0,22.790270856738005,0.9307795888666951,0.03358656537385046,0.03598560575769692,advective posterior physics mean + sequential advective ST,top_1pct,25,2.989939133974748,1.8868284935111137,-0.330393326306164,1.4647778959722006,1.9916328125033231,0.88,7.762013867628732,0.9381911832511988
HorizontalScanPath_4,Horizontal,evaluation,0,reference,0.03,294.825260500259,294.825260500259,0.0,22.790270856738005,0.9307795888666951,0.03358656537385046,0.03598560575769692,advective posterior physics mean + sequential advective ST,unsaturated_full_grid,2417,0.30933064460412263,0.14727382898486505,0.07861008276566198,0.18550552588424596,0.6653920307267365,0.9991725279271825,2.598928018002497,0.20828831705421033
HorizontalScanPath_4,Horizontal,evaluation,0,reference,0.03,294.825260500259,294.825260500259,0.0,22.790270856738005,0.9307795888666951,0.03358656537385046,0.03598560575769692,single-frame censored RBF,deliberately_hidden_observable,0,,,,,,,,
HorizontalScanPath_4,Horizontal,evaluation,0,reference,0.03,294.825260500259,294.825260500259,0.0,22.790270856738005,0.9307795888666951,0.03358656537385046,0.03598560575769692,single-frame censored RBF,near_ceiling_unsaturated_1K,253,1.2451218522225862,0.9501714104987042,0.2669511334545845,0.8676075120643756,2.7753382677780682,0.9920948616600791,10.815358208149641,0.37492677161247223
HorizontalScanPath_4,Horizontal,evaluation,0,reference,0.03,294.825260500259,294.825260500259,0.0,22.790270856738005,0.9307795888666951,0.03358656537385046,0.03598560575769692,single-frame censored RBF,observed_censored_full_grid,84,3.677723635557568,2.8416691541414023,1.7877212675754661,1.9879414909184119,1.9562070395306197,0.6666666666666666,7.376738459745873,1.4763939215117687
HorizontalScanPath_4,Horizontal,evaluation,0,reference,0.03,294.825260500259,294.825260500259,0.0,22.790270856738005,0.9307795888666951,0.03358656537385046,0.03598560575769692,single-frame censored RBF,overall,2501,0.8029194568100091,0.2819082850891223,0.06676458964259444,0.762557354402276,2.925186227851001,0.9880047980807677,11.412199165087939,0.13277557363290257
HorizontalScanPath_4,Horizontal,evaluation,0,reference,0.03,294.825260500259,294.825260500259,0.0,22.790270856738005,0.9307795888666951,0.03358656537385046,0.03598560575769692,single-frame censored RBF,top_1pct,25,4.628610133695156,2.472985425784184,-1.0682794730773617,2.020924906103829,1.9662824621703812,0.88,7.364056359227004,1.3614568529234794
HorizontalScanPath_4,Horizontal,evaluation,0,reference,0.03,294.825260500259,294.825260500259,0.0,22.790270856738005,0.9307795888666951,0.03358656537385046,0.03598560575769692,single-frame censored RBF,unsaturated_full_grid,2417,0.4438655187966398,0.19294679853538155,0.006954758882825627,0.719970566041765,2.958861962985015,0.9991725279271825,11.55244686854211,0.08607969393831226
HorizontalScanPath_4,Horizontal,evaluation,1,target_5pct,0.05,294.57853355406934,294.825260500259,0.24672694618965352,23.036997802927658,0.9408561872090463,0.05037984806077569,0.04998000799680128,advective posterior physics mean + sequential advective ST,deliberately_hidden_observable,41,2.5933117372914793,2.101165853180416,2.0586514182611424,1.477536831431825,1.4281309348125686,0.8536585365853658,5.604300989836831,1.213947303713521
HorizontalScanPath_4,Horizontal,evaluation,1,target_5pct,0.05,294.57853355406934,294.825260500259,0.24672694618965352,23.036997802927658,0.9408561872090463,0.05037984806077569,0.04998000799680128,advective posterior physics mean + sequential advective ST,near_ceiling_unsaturated_1K,368,0.5518608001369929,0.25767336425181947,0.1143825638036448,0.24331342522386212,0.7032806747714606,0.9972826086956522,2.7528199861012506,0.30061684523818943
HorizontalScanPath_4,Horizontal,evaluation,1,target_5pct,0.05,294.57853355406934,294.825260500259,0.24672694618965352,23.036997802927658,0.9408561872090463,0.05037984806077569,0.04998000799680128,advective posterior physics mean + sequential advective ST,observed_censored_full_grid,126,2.698784640325364,2.16256072868909,1.600498442550238,1.517174321370855,1.7164477785878556,0.8968253968253969,6.728305963405051,1.1755043533254068
HorizontalScanPath_4,Horizontal,evaluation,1,target_5pct,0.05,294.57853355406934,294.825260500259,0.24672694618965352,23.036997802927658,0.9408561872090463,0.05037984806077569,0.04998000799680128,advective posterior physics mean + sequential advective ST,overall,2501,0.6587237725884595,0.24297338984646435,0.15053750235955923,0.2489460927245946,0.7168470827994708,0.9944022391043582,2.8005680775863575,0.254069107371942
HorizontalScanPath_4,Horizontal,evaluation,1,target_5pct,0.05,294.57853355406934,294.825260500259,0.24672694618965352,23.036997802927658,0.9408561872090463,0.05037984806077569,0.04998000799680128,advective posterior physics mean + sequential advective ST,top_1pct,25,3.0913339150353303,1.8931134302612258,-0.8274067659776324,1.5141248967102785,1.9440811186569227,0.88,7.62100092435506,1.021915099381043
HorizontalScanPath_4,Horizontal,evaluation,1,target_5pct,0.05,294.57853355406934,294.825260500259,0.24672694618965352,23.036997802927658,0.9408561872090463,0.05037984806077569,0.04998000799680128,advective posterior physics mean + sequential advective ST,unsaturated_full_grid,2375,0.2655783623475658,0.14113422997523456,0.07361325879575902,0.18166324775220352,0.6638156353597502,0.999578947368421,2.5921912465913453,0.20518454274451606
HorizontalScanPath_4,Horizontal,evaluation,1,target_5pct,0.05,294.57853355406934,294.825260500259,0.24672694618965352,23.036997802927658,0.9408561872090463,0.05037984806077569,0.04998000799680128,single-frame censored RBF,deliberately_hidden_observable,41,2.7518295265747525,2.635534687280342,2.635534687280342,1.7183390199905753,1.677126988872967,0.5853658536585366,6.217039247043782,1.5563720907643912
HorizontalScanPath_4,Horizontal,evaluation,1,target_5pct,0.05,294.57853355406934,294.825260500259,0.24672694618965352,23.036997802927658,0.9408561872090463,0.05037984806077569,0.04998000799680128,single-frame censored RBF,near_ceiling_unsaturated_1K,368,0.9360242943579956,0.5966909041569243,0.23057490236258021,0.7789183645814286,2.7460836204834673,0.9836956521739131,10.714905112519368,0.26785670052363936
HorizontalScanPath_4,Horizontal,evaluation,1,target_5pct,0.05,294.57853355406934,294.825260500259,0.24672694618965352,23.036997802927658,0.9408561872090463,0.05037984806077569,0.04998000799680128,single-frame censored RBF,observed_censored_full_grid,126,3.1330206686889923,2.338727492635474,1.3892110063062013,1.6049614337606892,1.6330306056273955,0.7619047619047619,6.0616079974769,1.4096094522702218
HorizontalScanPath_4,Horizontal,evaluation,1,target_5pct,0.05,294.57853355406934,294.825260500259,0.24672694618965352,23.036997802927658,0.9408561872090463,0.05037984806077569,0.04998000799680128,single-frame censored RBF,overall,2501,0.8005792699135702,0.27810350807198897,0.08624383649116683,0.7571417110458154,2.8754920881472525,0.9856057576969213,11.213039957214987,0.1485898916626164
HorizontalScanPath_4,Horizontal,evaluation,1,target_5pct,0.05,294.57853355406934,294.825260500259,0.24672694618965352,23.036997802927658,0.9408561872090463,0.05037984806077569,0.04998000799680128,single-frame censored RBF,top_1pct,25,5.0572056300260035,2.5987156605988617,-2.1868474305006727,2.2619847197446843,1.5143376443913024,0.8,5.705947950911893,1.6218694654627483
HorizontalScanPath_4,Horizontal,evaluation,1,target_5pct,0.05,294.57853355406934,294.825260500259,0.24672694618965352,23.036997802927658,0.9408561872090463,0.05037984806077569,0.04998000799680128,single-frame censored RBF,unsaturated_full_grid,2375,0.3926512921376759,0.16878198299619984,0.017117999271506052,0.7121626436512578,2.941407939430411,0.9974736842105263,11.486336979078986,0.08168948549985502
HorizontalScanPath_4,Horizontal,evaluation,2,target_7.5pct,0.075,294.29760848374445,294.825260500259,0.5276520165145371,23.31792287325254,0.9523294743456069,0.07516993202718912,0.07716913234706117,advective posterior physics mean + sequential advective ST,deliberately_hidden_observable,104,1.6360884418412815,1.3609520504847776,1.317365676381412,0.9093666005950537,1.1853405462282345,0.9807692307692307,4.603011318100034,1.01260645538837
HorizontalScanPath_4,Horizontal,evaluation,2,target_7.5pct,0.075,294.29760848374445,294.825260500259,0.5276520165145371,23.31792287325254,0.9523294743456069,0.07516993202718912,0.07716913234706117,advective posterior physics mean + sequential advective ST,near_ceiling_unsaturated_1K,881,0.41878925077507456,0.20108418556301166,0.12237654733757024,0.21507572713922055,0.6872516201459647,1.0,2.6805939080387122,0.25429128962992026
HorizontalScanPath_4,Horizontal,evaluation,2,target_7.5pct,0.075,294.29760848374445,294.825260500259,0.5276520165145371,23.31792287325254,0.9523294743456069,0.07516993202718912,0.07716913234706117,advective posterior physics mean + sequential advective ST,observed_censored_full_grid,188,1.9234062107479852,1.428232497382677,0.9191173277417339,0.9852045461417623,1.374225513539077,0.9574468085106383,5.3531494624256375,0.9604652205813025
HorizontalScanPath_4,Horizontal,evaluation,2,target_7.5pct,0.075,294.29760848374445,294.825260500259,0.5276520165145371,23.31792287325254,0.9523294743456069,0.07516993202718912,0.07716913234706117,advective posterior physics mean + sequential advective ST,overall,2501,0.5958484190381487,0.24558038997386036,0.14917568996805136,0.24694440549734653,0.7218265960440109,0.9968012794882047,2.8183044085722813,0.26682634147136863
HorizontalScanPath_4,Horizontal,evaluation,2,target_7.5pct,0.075,294.29760848374445,294.825260500259,0.5276520165145371,23.31792287325254,0.9523294743456069,0.07516993202718912,0.07716913234706117,advective posterior physics mean + sequential advective ST,top_1pct,25,3.335006890162871,1.922927109888658,-1.6533024314741511,1.5758292011496837,1.6340653491333854,0.8,6.398691206850592,1.078601789641741
HorizontalScanPath_4,Horizontal,evaluation,2,target_7.5pct,0.075,294.29760848374445,294.825260500259,0.5276520165145371,23.31792287325254,0.9523294743456069,0.07516993202718912,0.07716913234706117,advective posterior physics mean + sequential advective ST,unsaturated_full_grid,2313,0.288442144979499,0.14945475391987958,0.0865950466902942,0.18693882554008315,0.6687997925467899,1.0,2.612272903978926,0.21044756530506178
HorizontalScanPath_4,Horizontal,evaluation,2,target_7.5pct,0.075,294.29760848374445,294.825260500259,0.5276520165145371,23.31792287325254,0.9523294743456069,0.07516993202718912,0.07716913234706117,single-frame censored RBF,deliberately_hidden_observable,104,1.5785061218629448,1.5307164887201639,1.5307164887201639,0.9364292627706156,1.159665669162379,0.8653846153846154,4.409500061428208,1.3422151086906016
HorizontalScanPath_4,Horizontal,evaluation,2,target_7.5pct,0.075,294.29760848374445,294.825260500259,0.5276520165145371,23.31792287325254,0.9523294743456069,0.07516993202718912,0.07716913234706117,single-frame censored RBF,near_ceiling_unsaturated_1K,881,0.5198825375980811,0.26895112814165006,0.1281643058554394,0.7094483605324821,2.7984187642550027,1.0,10.937445987887159,0.15110434905312156
HorizontalScanPath_4,Horizontal,evaluation,2,target_7.5pct,0.075,294.29760848374445,294.825260500259,0.5276520165145371,23.31792287325254,0.9523294743456069,0.07516993202718912,0.07716913234706117,single-frame censored RBF,observed_censored_full_grid,188,2.5152461042759082,1.590968369289983,0.6038113422917581,1.1131075996277533,1.1314972211881777,0.8563829787234043,4.2758274146548185,1.4761781546018322
HorizontalScanPath_4,Horizontal,evaluation,2,target_7.5pct,0.075,294.29760848374445,294.825260500259,0.5276520165145371,23.31792287325254,0.9523294743456069,0.07516993202718912,0.07716913234706117,single-frame censored RBF,overall,2501,0.762741452480501,0.26426691623806586,0.08031290608479191,0.7348214032113732,2.778856569332341,0.989204318272691,10.843321303785814,0.1897832960828855
HorizontalScanPath_4,Horizontal,evaluation,2,target_7.5pct,0.075,294.29760848374445,294.825260500259,0.5276520165145371,23.31792287325254,0.9523294743456069,0.07516993202718912,0.07716913234706117,single-frame censored RBF,top_1pct,25,5.888196897483619,3.617728312718109,-3.617728312718109,3.1972361870875146,0.9714959790736547,0.56,3.754786868973074,3.81776266933474
HorizontalScanPath_4,Horizontal,evaluation,2,target_7.5pct,0.075,294.29760848374445,294.825260500259,0.5276520165145371,23.31792287325254,0.9523294743456069,0.07516993202718912,0.07716913234706117,single-frame censored RBF,unsaturated_full_grid,2313,0.33889207179402364,0.15643298922822566,0.03776309804030006,0.7040744058372791,2.912753481330224,1.0,11.377125389888983,0.08522547792397413
HorizontalScanPath_4,Horizontal,evaluation,3,target_10pct,0.1,294.11780144176737,294.825260500259,0.7074590584916223,23.497729915229627,0.9596729906056292,0.10035985605757697,0.09836065573770492,advective posterior physics mean + sequential advective ST,deliberately_hidden_observable,166,0.885977050748464,0.7340148016243931,0.6746775356520807,0.484976079651165,0.9180240898025082,1.0,3.575050028471887,0.7483895800085666
HorizontalScanPath_4,Horizontal,evaluation,3,target_10pct,0.1,294.11780144176737,294.825260500259,0.7074590584916223,23.497729915229627,0.9596729906056292,0.10035985605757697,0.09836065573770492,advective posterior physics mean + sequential advective ST,near_ceiling_unsaturated_1K,1370,0.2341186969169173,0.14384710872088746,0.0799768913307806,0.18242341513524646,0.6638722510584515,1.0,2.595982968355852,0.2134097696342587
HorizontalScanPath_4,Horizontal,evaluation,3,target_10pct,0.1,294.11780144176737,294.825260500259,0.7074590584916223,23.497729915229627,0.9596729906056292,0.10035985605757697,0.09836065573770492,advective posterior physics mean + sequential advective ST,observed_censored_full_grid,251,1.6605938969878007,0.9742525652601702,0.08482183138793094,0.7050254413050115,0.9471407607843179,0.9402390438247012,3.6934669024771636,0.9954843557376295
HorizontalScanPath_4,Horizontal,evaluation,3,target_10pct,0.1,294.11780144176737,294.825260500259,0.7074590584916223,23.497729915229627,0.9596729906056292,0.10035985605757697,0.09836065573770492,advective posterior physics mean + sequential advective ST,overall,2501,0.5624107978110247,0.21864796568830097,0.07413553216218095,0.23039839027861433,0.6895693946194897,0.9940023990403839,2.6938908411664393,0.283040999114802
HorizontalScanPath_4,Horizontal,evaluation,3,target_10pct,0.1,294.11780144176737,294.825260500259,0.7074590584916223,23.497729915229627,0.9596729906056292,0.10035985605757697,0.09836065573770492,advective posterior physics mean + sequential advective ST,top_1pct,25,4.613873472933512,3.3831470459798085,-3.3831470459798085,2.862411676972233,0.9712068170475122,0.4,3.790505884055101,3.532798362151326
HorizontalScanPath_4,Horizontal,evaluation,3,target_10pct,0.1,294.11780144176737,294.825260500259,0.7074590584916223,23.497729915229627,0.9596729906056292,0.10035985605757697,0.09836065573770492,advective posterior physics mean + sequential advective ST,unsaturated_full_grid,2250,0.20968810157796175,0.13435607480272801,0.07294341611521951,0.17745110591966956,0.6608358777717689,1.0,2.5823825783268877,0.20356398466487774
HorizontalScanPath_4,Horizontal,evaluation,3,target_10pct,0.1,294.11780144176737,294.825260500259,0.7074590584916223,23.497729915229627,0.9596729906056292,0.10035985605757697,0.09836065573770492,single-frame censored RBF,deliberately_hidden_observable,166,0.7423309191767349,0.6681514672328758,0.665820128592698,0.41012721761200027,0.683741655320985,0.9698795180722891,2.635900646894872,0.9698591046658231
HorizontalScanPath_4,Horizontal,evaluation,3,target_10pct,0.1,294.11780144176737,294.825260500259,0.7074590584916223,23.497729915229627,0.9596729906056292,0.10035985605757697,0.09836065573770492,single-frame censored RBF,near_ceiling_unsaturated_1K,1370,0.2518485148295887,0.13555635600856908,0.03956728132717929,0.6813832273445073,2.8521063018823045,1.0,11.152816996815208,0.07978744865482394
HorizontalScanPath_4,Horizontal,evaluation,3,target_10pct,0.1,294.11780144176737,294.825260500259,0.7074590584916223,23.497729915229627,0.9596729906056292,0.10035985605757697,0.09836065573770492,single-frame censored RBF,observed_censored_full_grid,251,2.1892938655637524,1.0541007188928433,-0.07227316159179283,0.7945202607780731,0.6855865603773662,0.8565737051792829,2.6361433030924117,1.5926935955078787
HorizontalScanPath_4,Horizontal,evaluation,3,target_10pct,0.1,294.11780144176737,294.825260500259,0.7074590584916223,23.497729915229627,0.9596729906056292,0.10035985605757697,0.09836065573770492,single-frame censored RBF,overall,2501,0.722438661596238,0.21152059409282017,0.007763853752922954,0.6989510991157143,2.6772688400399693,0.9856057576969213,10.458543531340048,0.22170692683232487
HorizontalScanPath_4,Horizontal,evaluation,3,target_10pct,0.1,294.11780144176737,294.825260500259,0.7074590584916223,23.497729915229627,0.9596729906056292,0.10035985605757697,0.09836065573770492,single-frame censored RBF,top_1pct,25,6.550794018155169,4.485311568890657,-4.485311568890657,4.11112751654465,0.6747338288687075,0.08,2.5858922494177228,7.010885710993401
HorizontalScanPath_4,Horizontal,evaluation,3,target_10pct,0.1,294.11780144176737,294.825260500259,0.7074590584916223,23.497729915229627,0.9596729906056292,0.10035985605757697,0.09836065573770492,single-frame censored RBF,unsaturated_full_grid,2250,0.2131989701492884,0.11752610017068428,0.016692427464711248,0.6882898281924912,2.899452063237887,1.0,11.33117573458012,0.06876574734896305
HorizontalScanPath_4,Horizontal,evaluation,4,target_15pct,0.15,293.7458650854788,294.825260500259,1.0793954147802083,23.869666271518213,0.974863278205415,0.15033986405437824,0.14274290283886445,advective posterior physics mean + sequential advective ST,deliberately_hidden_observable,291,0.2922880069898453,0.23731277592628,0.033541755109644474,0.2145620804852181,0.7266414858525969,1.0,2.8436207546209595,0.326868735520019
HorizontalScanPath_4,Horizontal,evaluation,4,target_15pct,0.15,293.7458650854788,294.825260500259,1.0793954147802083,23.869666271518213,0.974863278205415,0.15033986405437824,0.14274290283886445,advective posterior physics mean + sequential advective ST,near_ceiling_unsaturated_1K,2027,0.17794119809241096,0.1262156383320821,0.07140414758544743,0.17257638646462078,0.6579373607135015,1.0,2.5694170188578784,0.19580886806834125
HorizontalScanPath_4,Horizontal,evaluation,4,target_15pct,0.15,293.7458650854788,294.825260500259,1.0793954147802083,23.869666271518213,0.974863278205415,0.15033986405437824,0.14274290283886445,advective posterior physics mean + sequential advective ST,observed_censored_full_grid,376,1.5038701831477057,0.6404201034923774,-0.4281931635129847,0.5494301599833467,0.7333529774878864,0.8909574468085106,2.8696425010230753,0.8570380302360563
HorizontalScanPath_4,Horizontal,evaluation,4,target_15pct,0.15,293.7458650854788,294.825260500259,1.0793954147802083,23.869666271518213,0.974863278205415,0.15033986405437824,0.14274290283886445,advective posterior physics mean + sequential advective ST,overall,2501,0.6057614792346139,0.20338717516717963,-0.004562441650135271,0.22934736546965998,0.6695999034504703,0.9836065573770492,2.6161789222291354,0.29523038331316825
HorizontalScanPath_4,Horizontal,evaluation,4,target_15pct,0.15,293.7458650854788,294.825260500259,1.0793954147802083,23.869666271518213,0.974863278205415,0.15033986405437824,0.14274290283886445,advective posterior physics mean + sequential advective ST,top_1pct,25,5.449610385867608,4.453629906980493,-4.453629906980493,4.026713148445153,0.7537455821596211,0.0,2.943543179414055,5.8892605452814495
HorizontalScanPath_4,Horizontal,evaluation,4,target_15pct,0.15,293.7458650854788,294.825260500259,1.0793954147802083,23.869666271518213,0.974863278205415,0.15033986405437824,0.14274290283886445,advective posterior physics mean + sequential advective ST,unsaturated_full_grid,2125,0.17804582733662566,0.12605805467293285,0.07039527666536186,0.17271153924041474,0.6583193595266734,1.0,2.571330778404889,0.19582347731645958
HorizontalScanPath_4,Horizontal,evaluation,4,target_15pct,0.15,293.7458650854788,294.825260500259,1.0793954147802083,23.869666271518213,0.974863278205415,0.15033986405437824,0.14274290283886445,single-frame censored RBF,deliberately_hidden_observable,291,0.4045890347121884,0.32453637016213316,0.13298466900264477,0.22709848953111497,0.4942591272465757,1.0,1.9264228271511041,0.6432897405784307
HorizontalScanPath_4,Horizontal,evaluation,4,target_15pct,0.15,293.7458650854788,294.825260500259,1.0793954147802083,23.869666271518213,0.974863278205415,0.15033986405437824,0.14274290283886445,single-frame censored RBF,near_ceiling_unsaturated_1K,2027,0.22880767324218465,0.1459302248648135,0.06767938239746667,0.6726368448003035,2.8314347338557764,1.0,11.064806326688757,0.07681201286666556
HorizontalScanPath_4,Horizontal,evaluation,4,target_15pct,0.15,293.7458650854788,294.825260500259,1.0793954147802083,23.869666271518213,0.974863278205415,0.15033986405437824,0.14274290283886445,single-frame censored RBF,observed_censored_full_grid,376,1.9129417278223697,0.7659221123009918,-0.40762965176736454,0.63532643515038,0.4941714009940974,0.848404255319149,1.9257636154258069,1.5753916033492101
HorizontalScanPath_4,Horizontal,evaluation,4,target_15pct,0.15,293.7458650854788,294.825260500259,1.0793954147802083,23.869666271518213,0.974863278205415,0.15033986405437824,0.14274290283886445,single-frame censored RBF,overall,2501,0.7707583303495549,0.23804258548127372,-0.006121637583208046,0.6687208471895243,2.487572325894024,0.9772091163534586,9.721415783243112,0.30205361104184925
HorizontalScanPath_4,Horizontal,evaluation,4,target_15pct,0.15,293.7458650854788,294.825260500259,1.0793954147802083,23.869666271518213,0.974863278205415,0.15033986405437824,0.14274290283886445,single-frame censored RBF,top_1pct,25,7.044126752628658,5.231690245174768,-5.231690245174768,4.960642481027407,0.47857749690035917,0.0,1.8719489994953846,11.222221431657704
HorizontalScanPath_4,Horizontal,evaluation,4,target_15pct,0.15,293.7458650854788,294.825260500259,1.0793954147802083,23.869666271518213,0.974863278205415,0.15033986405437824,0.14274290283886445,single-frame censored RBF,unsaturated_full_grid,2125,0.22736439950138687,0.14463896097105539,0.06492166280890622,0.6746296937432742,2.840287030723376,1.0,11.100787649172197,0.07674768863828788
HorizontalScanPath_4,Horizontal,evaluation,5,target_20pct,0.2,293.57098562168835,294.825260500259,1.2542748785706408,24.044545735308645,0.9820055467827085,0.20031987205117952,0.20471811275489804,advective posterior physics mean + sequential advective ST,deliberately_hidden_observable,416,0.3435746959602965,0.24725536230919604,-0.15084443383782706,0.2244776569377526,0.6985698463887426,1.0,2.7305839792177222,0.3508901633423518
HorizontalScanPath_4,Horizontal,evaluation,5,target_20pct,0.2,293.57098562168835,294.825260500259,1.2542748785706408,24.044545735308645,0.9820055467827085,0.20031987205117952,0.20471811275489804,advective posterior physics mean + sequential advective ST,near_ceiling_unsaturated_1K,1977,0.18143380281163313,0.1269704566570152,0.07584624680925091,0.17351344959137838,0.6599393650915044,1.0,2.5777221862295234,0.19559401756396325
HorizontalScanPath_4,Horizontal,evaluation,5,target_20pct,0.2,293.57098562168835,294.825260500259,1.2542748785706408,24.044545735308645,0.9820055467827085,0.20031987205117952,0.20471811275489804,advective posterior physics mean + sequential advective ST,observed_censored_full_grid,501,1.432341089100013,0.6143103570141574,-0.5341993213560413,0.5327110754002691,0.703461364533631,0.8962075848303394,2.748517759012975,0.8512218578540587
HorizontalScanPath_4,Horizontal,evaluation,5,target_20pct,0.2,293.57098562168835,294.825260500259,1.2542748785706408,24.044545735308645,0.9820055467827085,0.20031987205117952,0.20471811275489804,advective posterior physics mean + sequential advective ST,overall,2501,0.6612702796040143,0.22472807653071167,-0.04657681348587447,0.24549509146449403,0.6686452583358016,0.9792083166733306,2.612012772894182,0.32725300816019076
HorizontalScanPath_4,Horizontal,evaluation,5,target_20pct,0.2,293.57098562168835,294.825260500259,1.2542748785706408,24.044545735308645,0.9820055467827085,0.20031987205117952,0.20471811275489804,advective posterior physics mean + sequential advective ST,top_1pct,25,5.778834283323193,4.843917436883671,-4.843917436883671,4.433030944166498,0.7303719590188466,0.0,2.868994738714844,6.610401811786642
HorizontalScanPath_4,Horizontal,evaluation,5,target_20pct,0.2,293.57098562168835,294.825260500259,1.2542748785706408,24.044545735308645,0.9820055467827085,0.20031987205117952,0.20471811275489804,advective posterior physics mean + sequential advective ST,unsaturated_full_grid,2000,0.18135756993297214,0.1271377152696085,0.07557262473560232,0.17354748748858242,0.6599238237332452,1.0,2.577818273871424,0.1959988113118768
HorizontalScanPath_4,Horizontal,evaluation,5,target_20pct,0.2,293.57098562168835,294.825260500259,1.2542748785706408,24.044545735308645,0.9820055467827085,0.20031987205117952,0.20471811275489804,single-frame censored RBF,deliberately_hidden_observable,416,0.48664039812898024,0.40998410182908473,0.0704343019231701,0.2792744426243133,0.4685390388845636,0.96875,1.8283987309413354,0.8648475229842604
HorizontalScanPath_4,Horizontal,evaluation,5,target_20pct,0.2,293.57098562168835,294.825260500259,1.2542748785706408,24.044545735308645,0.9820055467827085,0.20031987205117952,0.20471811275489804,single-frame censored RBF,near_ceiling_unsaturated_1K,1977,0.31715004577604744,0.23772053981404526,0.1766567907656054,0.6333472989378807,2.6270809992532627,1.0,10.26275449799475,0.11797502879311733
HorizontalScanPath_4,Horizontal,evaluation,5,target_20pct,0.2,293.57098562168835,294.825260500259,1.2542748785706408,24.044545735308645,0.9820055467827085,0.20031987205117952,0.20471811275489804,single-frame censored RBF,observed_censored_full_grid,501,1.7640247773209605,0.7790526955858041,-0.3770992556129259,0.6299950594718317,0.4632811208039838,0.8383233532934131,1.8078949772337263,1.7374685874186935
HorizontalScanPath_4,Horizontal,evaluation,5,target_20pct,0.2,293.57098562168835,294.825260500259,1.2542748785706408,24.044545735308645,0.9820055467827085,0.20031987205117952,0.20471811275489804,single-frame censored RBF,overall,2501,0.8390793732848842,0.3464706523574056,0.06552203452359989,0.6331136683132468,2.194952421284111,0.9676129548180727,8.574655519234865,0.442675902371509
HorizontalScanPath_4,Horizontal,evaluation,5,target_20pct,0.2,293.57098562168835,294.825260500259,1.2542748785706408,24.044545735308645,0.9820055467827085,0.20031987205117952,0.20471811275489804,single-frame censored RBF,top_1pct,25,7.283085316795398,5.5098655814281505,-5.5098655814281505,5.266386371632686,0.43281831581386115,0.0,1.6803105092163129,12.902477057426543
HorizontalScanPath_4,Horizontal,evaluation,5,target_20pct,0.2,293.57098562168835,294.825260500259,1.2542748785706408,24.044545735308645,0.9820055467827085,0.20031987205117952,0.20471811275489804,single-frame censored RBF,unsaturated_full_grid,2000,0.3176759748225567,0.23810885052869182,0.1763986677027996,0.6338948798280211,2.628736082054383,1.0,10.269729035006149,0.11833033476718936
HorizontalScanPath_5,Horizontal,evaluation,0,reference,0.03,295.0840552279015,295.0840552279015,0.0,21.13743654844785,0.9153153759923924,0.031187524990004,0.03318672530987605,advective posterior physics mean + sequential advective ST,deliberately_hidden_observable,0,,,,,,,,
HorizontalScanPath_5,Horizontal,evaluation,0,reference,0.03,295.0840552279015,295.0840552279015,0.0,21.13743654844785,0.9153153759923924,0.031187524990004,0.03318672530987605,advective posterior physics mean + sequential advective ST,near_ceiling_unsaturated_1K,178,0.783456860341983,0.3837017929061632,0.20948790624301222,0.30826383050605566,0.758225764093351,1.0,2.958694875603102,0.38017193920780956
HorizontalScanPath_5,Horizontal,evaluation,0,reference,0.03,295.0840552279015,295.0840552279015,0.0,21.13743654844785,0.9153153759923924,0.031187524990004,0.03318672530987605,advective posterior physics mean + sequential advective ST,observed_censored_full_grid,78,2.718071512104531,2.209222491644201,1.512321106375075,1.516581063893933,1.87119449373887,0.9230769230769231,7.283493398947021,1.097067213502165
HorizontalScanPath_5,Horizontal,evaluation,0,reference,0.03,295.0840552279015,295.0840552279015,0.0,21.13743654844785,0.9153153759923924,0.031187524990004,0.03318672530987605,advective posterior physics mean + sequential advective ST,overall,2501,0.5527127331423402,0.21494017037202828,0.12694774508338433,0.22616246422710035,0.701947141553828,0.9976009596161536,2.7416442431800347,0.24781048291843108
HorizontalScanPath_5,Horizontal,evaluation,0,reference,0.03,295.0840552279015,295.0840552279015,0.0,21.13743654844785,0.9153153759923924,0.031187524990004,0.03318672530987605,advective posterior physics mean + sequential advective ST,top_1pct,25,2.8160654736868325,1.9388170539095178,-0.21644531872352446,1.45105627520688,2.00971377151302,0.88,7.770838335658077,0.9616591675746339
HorizontalScanPath_5,Horizontal,evaluation,0,reference,0.03,295.0840552279015,295.0840552279015,0.0,21.13743654844785,0.9153153759923924,0.031187524990004,0.03318672530987605,advective posterior physics mean + sequential advective ST,unsaturated_full_grid,2423,0.27838392678423646,0.15074123473057988,0.08235050109628078,0.18462195627249328,0.6643073175874915,1.0,2.595435314517292,0.22047163645308593
HorizontalScanPath_5,Horizontal,evaluation,0,reference,0.03,295.0840552279015,295.0840552279015,0.0,21.13743654844785,0.9153153759923924,0.031187524990004,0.03318672530987605,single-frame censored RBF,deliberately_hidden_observable,0,,,,,,,,
HorizontalScanPath_5,Horizontal,evaluation,0,reference,0.03,295.0840552279015,295.0840552279015,0.0,21.13743654844785,0.9153153759923924,0.031187524990004,0.03318672530987605,single-frame censored RBF,near_ceiling_unsaturated_1K,178,1.1875783036434704,0.9053887680453228,0.02965857341542608,0.8556929654279292,2.8607279267471912,0.9943820224719101,11.173422338305738,0.3377885899404433
HorizontalScanPath_5,Horizontal,evaluation,0,reference,0.03,295.0840552279015,295.0840552279015,0.0,21.13743654844785,0.9153153759923924,0.031187524990004,0.03318672530987605,single-frame censored RBF,observed_censored_full_grid,78,3.5903540152284243,2.9195111679127197,1.8742295664770392,1.9914844719114935,2.0048206047048276,0.6923076923076923,7.639071983619103,1.4744716523911963
HorizontalScanPath_5,Horizontal,evaluation,0,reference,0.03,295.0840552279015,295.0840552279015,0.0,21.13743654844785,0.9153153759923924,0.031187524990004,0.03318672530987605,single-frame censored RBF,overall,2501,0.7533837714666048,0.27079667311642647,0.05916589594598101,0.7583424763143386,2.941387309605571,0.9900039984006398,11.486096876367323,0.12413812315853098
HorizontalScanPath_5,Horizontal,evaluation,0,reference,0.03,295.0840552279015,295.0840552279015,0.0,21.13743654844785,0.9153153759923924,0.031187524990004,0.03318672530987605,single-frame censored RBF,top_1pct,25,4.535284431024727,2.799006397076287,-0.4622721994030371,2.156579728413389,2.0399390102155657,0.84,7.822271647551461,1.418304097474982
HorizontalScanPath_5,Horizontal,evaluation,0,reference,0.03,295.0840552279015,295.0840552279015,0.0,21.13743654844785,0.9153153759923924,0.031187524990004,0.03318672530987605,single-frame censored RBF,unsaturated_full_grid,2423,0.41338784436711995,0.185530585376389,0.0007362771670199957,0.7186457880532664,2.9715367949469904,0.9995872884853487,11.609938371057526,0.0806688638600795
HorizontalScanPath_5,Horizontal,evaluation,1,target_5pct,0.05,294.74149853334137,295.0840552279015,0.3425566945601304,21.479993243007982,0.9301491241132374,0.05037984806077569,0.05557776889244302,advective posterior physics mean + sequential advective ST,deliberately_hidden_observable,47,2.3380609906168193,1.9300380642856088,1.8587734585881925,1.3251004608674306,1.5146647475251072,0.9148936170212766,5.930255012062061,1.089278715825882
HorizontalScanPath_5,Horizontal,evaluation,1,target_5pct,0.05,294.74149853334137,295.0840552279015,0.3425566945601304,21.479993243007982,0.9301491241132374,0.05037984806077569,0.05557776889244302,advective posterior physics mean + sequential advective ST,near_ceiling_unsaturated_1K,232,0.8289718339490846,0.40027364108326824,0.22936260970371017,0.3267219809988577,0.7654770426466747,0.9870689655172413,2.9931311512798815,0.3909281947448555
HorizontalScanPath_5,Horizontal,evaluation,1,target_5pct,0.05,294.74149853334137,295.0840552279015,0.3425566945601304,21.479993243007982,0.9301491241132374,0.05037984806077569,0.05557776889244302,advective posterior physics mean + sequential advective ST,observed_censored_full_grid,126,2.764450309178424,2.287665226807561,1.7717931177210522,1.6005526890718413,1.7926881362177955,0.873015873015873,7.005784670880916,1.1889192931592467
HorizontalScanPath_5,Horizontal,evaluation,1,target_5pct,0.05,294.74149853334137,295.0840552279015,0.3425566945601304,21.479993243007982,0.9301491241132374,0.05037984806077569,0.05557776889244302,advective posterior physics mean + sequential advective ST,overall,2501,0.6916519078389547,0.26451749306497874,0.17424366715816536,0.26066311081454346,0.7240314016579462,0.9924030387844862,2.8294343069907577,0.2723442584554698
HorizontalScanPath_5,Horizontal,evaluation,1,target_5pct,0.05,294.74149853334137,295.0840552279015,0.3425566945601304,21.479993243007982,0.9301491241132374,0.05037984806077569,0.05557776889244302,advective posterior physics mean + sequential advective ST,top_1pct,25,2.8924314880965967,1.9536374636465894,-0.49452055563501063,1.5313696771432144,1.999481440167053,0.88,7.84735855968215,0.9760093478469619
HorizontalScanPath_5,Horizontal,evaluation,1,target_5pct,0.05,294.74149853334137,295.0840552279015,0.3425566945601304,21.479993243007982,0.9301491241132374,0.05037984806077569,0.05557776889244302,advective posterior physics mean + sequential advective ST,unsaturated_full_grid,2375,0.31356618500777245,0.1571841817169512,0.08948946472830274,0.18957844266278795,0.6673363496349816,0.9987368421052631,2.6078679297906904,0.22371754082486942
HorizontalScanPath_5,Horizontal,evaluation,1,target_5pct,0.05,294.74149853334137,295.0840552279015,0.3425566945601304,21.479993243007982,0.9301491241132374,0.05037984806077569,0.05557776889244302,single-frame censored RBF,deliberately_hidden_observable,47,2.90570120221111,2.8042991030589675,2.8042991030589675,1.862402198353417,1.7299908829513833,0.3829787234042553,6.64338922467464,1.6283551110506698
HorizontalScanPath_5,Horizontal,evaluation,1,target_5pct,0.05,294.74149853334137,295.0840552279015,0.3425566945601304,21.479993243007982,0.9301491241132374,0.05037984806077569,0.05557776889244302,single-frame censored RBF,near_ceiling_unsaturated_1K,232,1.2543141418170067,0.863958302929498,0.2663429047994882,0.8704074948039942,2.7181138852747746,0.978448275862069,10.58465250333636,0.3704126696834547
HorizontalScanPath_5,Horizontal,evaluation,1,target_5pct,0.05,294.74149853334137,295.0840552279015,0.3425566945601304,21.479993243007982,0.9301491241132374,0.05037984806077569,0.05557776889244302,single-frame censored RBF,observed_censored_full_grid,126,3.0890973375426856,2.481043423220515,1.6932488604355893,1.6954565011099627,1.72906612610648,0.6428571428571429,6.59610564816754,1.4218978509903752
HorizontalScanPath_5,Horizontal,evaluation,1,target_5pct,0.05,294.74149853334137,295.0840552279015,0.3425566945601304,21.479993243007982,0.9301491241132374,0.05037984806077569,0.05557776889244302,single-frame censored RBF,overall,2501,0.8163136412794939,0.2972722694808311,0.11795681863062997,0.7691651153632725,2.8907325902750247,0.9800079968012795,11.289581077885044,0.15148880878519724
HorizontalScanPath_5,Horizontal,evaluation,1,target_5pct,0.05,294.74149853334137,295.0840552279015,0.3425566945601304,21.479993243007982,0.9301491241132374,0.05037984806077569,0.05557776889244302,single-frame censored RBF,top_1pct,25,4.45690162148628,2.4677003482133046,-1.502784248222722,2.081096389836948,1.691565000095618,0.8,6.351499409411729,1.431008353908902
HorizontalScanPath_5,Horizontal,evaluation,1,target_5pct,0.05,294.74149853334137,295.0840552279015,0.3425566945601304,21.479993243007982,0.9301491241132374,0.05037984806077569,0.05557776889244302,single-frame censored RBF,unsaturated_full_grid,2375,0.4421137995184057,0.18141746300874673,0.03438343030750371,0.7200229197405007,2.952362053216177,0.9978947368421053,11.53858230068269,0.08409026591452252
HorizontalScanPath_5,Horizontal,evaluation,2,target_7.5pct,0.075,294.4225915096562,295.0840552279015,0.6614637182453293,21.79890026669318,0.943958769460817,0.07516993202718912,0.07836865253898441,advective posterior physics mean + sequential advective ST,deliberately_hidden_observable,110,1.9360160020380475,1.7091654616531793,1.6528714267555467,1.1157815242199518,1.4180325796597544,0.990909090909091,5.526818079802655,1.1060311503559843
HorizontalScanPath_5,Horizontal,evaluation,2,target_7.5pct,0.075,294.4225915096562,295.0840552279015,0.6614637182453293,21.79890026669318,0.943958769460817,0.07516993202718912,0.07836865253898441,advective posterior physics mean + sequential advective ST,near_ceiling_unsaturated_1K,571,0.5268508832434128,0.24644528585514258,0.14271117606002945,0.23852930228078323,0.6930576504381697,0.9982486865148862,2.7065122630917595,0.30071535737545413
HorizontalScanPath_5,Horizontal,evaluation,2,target_7.5pct,0.075,294.4225915096562,295.0840552279015,0.6614637182453293,21.79890026669318,0.943958769460817,0.07516993202718912,0.07836865253898441,advective posterior physics mean + sequential advective ST,observed_censored_full_grid,188,2.1280018640099474,1.7083637756852907,1.2401978444290302,1.15893742336129,1.5858547699181331,0.9627659574468085,6.18814971183789,1.0318595181613348
HorizontalScanPath_5,Horizontal,evaluation,2,target_7.5pct,0.075,294.4225915096562,295.0840552279015,0.6614637182453293,21.79890026669318,0.943958769460817,0.07516993202718912,0.07836865253898441,advective posterior physics mean + sequential advective ST,overall,2501,0.6535851590209147,0.273671299871737,0.18002936199280994,0.2627286176513085,0.7356458690466118,0.9968012794882047,2.873587552094563,0.2849557737889481
HorizontalScanPath_5,Horizontal,evaluation,2,target_7.5pct,0.075,294.4225915096562,295.0840552279015,0.6614637182453293,21.79890026669318,0.943958769460817,0.07516993202718912,0.07836865253898441,advective posterior physics mean + sequential advective ST,top_1pct,25,3.2293630008787657,1.8998852640537394,-1.3477696393797964,1.581816392335802,1.9539373924740084,0.8,7.639237302463153,0.9773326784427434
HorizontalScanPath_5,Horizontal,evaluation,2,target_7.5pct,0.075,294.4225915096562,295.0840552279015,0.6614637182453293,21.79890026669318,0.943958769460817,0.07516993202718912,0.07836865253898441,advective posterior physics mean + sequential advective ST,unsaturated_full_grid,2313,0.30631301885215395,0.1570598924126155,0.09385916108575874,0.18988501390142673,0.6665411248339675,0.9995676610462603,2.604180856879801,0.2242476441123339
HorizontalScanPath_5,Horizontal,evaluation,2,target_7.5pct,0.075,294.4225915096562,295.0840552279015,0.6614637182453293,21.79890026669318,0.943958769460817,0.07516993202718912,0.07836865253898441,single-frame censored RBF,deliberately_hidden_observable,110,1.5701652187030586,1.5149016500132197,1.5149016500132197,0.9258365018440421,1.160400788568511,0.8272727272727273,4.435271615070137,1.326033014620161
HorizontalScanPath_5,Horizontal,evaluation,2,target_7.5pct,0.075,294.4225915096562,295.0840552279015,0.6614637182453293,21.79890026669318,0.943958769460817,0.07516993202718912,0.07836865253898441,single-frame censored RBF,near_ceiling_unsaturated_1K,571,0.48100526415592937,0.282698053962386,0.09547460620142963,0.6945550204389689,2.768446065922866,0.9982486865148862,10.836210051690037,0.15513402456996025
HorizontalScanPath_5,Horizontal,evaluation,2,target_7.5pct,0.075,294.4225915096562,295.0840552279015,0.6614637182453293,21.79890026669318,0.943958769460817,0.07516993202718912,0.07836865253898441,single-frame censored RBF,observed_censored_full_grid,188,2.51603428296535,1.600467367834079,0.6207114253978014,1.118726821282266,1.2094971315969332,0.8404255319148937,4.573979858304633,1.4671063424160753
HorizontalScanPath_5,Horizontal,evaluation,2,target_7.5pct,0.075,294.4225915096562,295.0840552279015,0.6614637182453293,21.79890026669318,0.943958769460817,0.07516993202718912,0.07836865253898441,single-frame censored RBF,overall,2501,0.738377084149798,0.24719935222677775,0.0728945587671905,0.7322574682493025,2.8040580855339767,0.9876049580167933,10.952610809215464,0.17624959493822878
HorizontalScanPath_5,Horizontal,evaluation,2,target_7.5pct,0.075,294.4225915096562,295.0840552279015,0.6614637182453293,21.79890026669318,0.943958769460817,0.07516993202718912,0.07836865253898441,single-frame censored RBF,top_1pct,25,5.8835566543401105,3.5902190630011934,-3.5897218699797326,3.2275297660151896,1.1482651756011184,0.6,4.4402158411814,3.891211290845923
HorizontalScanPath_5,Horizontal,evaluation,2,target_7.5pct,0.075,294.4225915096562,295.0840552279015,0.6614637182453293,21.79890026669318,0.943958769460817,0.07516993202718912,0.07836865253898441,single-frame censored RBF,unsaturated_full_grid,2313,0.2738229427977385,0.1372061023633222,0.028368155426699862,0.7008453461696669,2.9336635586598585,0.9995676610462603,11.471064167957895,0.07132911567932901
HorizontalScanPath_5,Horizontal,evaluation,3,target_10pct,0.1,294.1129402509706,295.0840552279015,0.9711149769308918,22.108551525378743,0.9573676119957508,0.10035985605757697,0.10355857656937226,advective posterior physics mean + sequential advective ST,deliberately_hidden_observable,172,1.4367982871417695,1.287827756742189,1.2439685786488193,0.8379250847022576,1.1205442954686964,0.9825581395348837,4.379998049299028,1.0842728617955701
HorizontalScanPath_5,Horizontal,evaluation,3,target_10pct,0.1,294.1129402509706,295.0840552279015,0.9711149769308918,22.108551525378743,0.9573676119957508,0.10035985605757697,0.10355857656937226,advective posterior physics mean + sequential advective ST,near_ceiling_unsaturated_1K,1416,0.33255578485334075,0.17162070823502923,0.10851749189403789,0.1979082207575827,0.6666775688469182,0.9978813559322034,2.6062909855221736,0.24153258340363
HorizontalScanPath_5,Horizontal,evaluation,3,target_10pct,0.1,294.1129402509706,295.0840552279015,0.9711149769308918,22.108551525378743,0.9573676119957508,0.10035985605757697,0.10355857656937226,advective posterior physics mean + sequential advective ST,observed_censored_full_grid,251,1.7975687354176284,1.3034017643416647,0.7106743553170817,0.9023442151973448,1.1639964276746502,0.9601593625498008,4.54841334142833,1.0687433355219664
HorizontalScanPath_5,Horizontal,evaluation,3,target_10pct,0.1,294.1129402509706,295.0840552279015,0.9711149769308918,22.108551525378743,0.9573676119957508,0.10035985605757697,0.10355857656937226,advective posterior physics mean + sequential advective ST,overall,2501,0.6307100789556507,0.2699785658716043,0.15878398635919785,0.26074695518307706,0.7145008113914719,0.9948020791683326,2.7927148068072483,0.30952364668862625
HorizontalScanPath_5,Horizontal,evaluation,3,target_10pct,0.1,294.1129402509706,295.0840552279015,0.9711149769308918,22.108551525378743,0.9573676119957508,0.10035985605757697,0.10355857656937226,advective posterior physics mean + sequential advective ST,top_1pct,25,4.070870347177456,2.656795567201275,-2.6551120443364287,2.185508372741537,1.2904491735365087,0.76,5.048894521338971,1.9926779276179654
HorizontalScanPath_5,Horizontal,evaluation,3,target_10pct,0.1,294.1129402509706,295.0840552279015,0.9711149769308918,22.108551525378743,0.9573676119957508,0.10035985605757697,0.10355857656937226,advective posterior physics mean + sequential advective ST,unsaturated_full_grid,2250,0.2858447219873213,0.15469446684227756,0.09721754964434058,0.18917321639926316,0.6643570781972152,0.9986666666666667,2.596856881389519,0.22482847251210702
HorizontalScanPath_5,Horizontal,evaluation,3,target_10pct,0.1,294.1129402509706,295.0840552279015,0.9711149769308918,22.108551525378743,0.9573676119957508,0.10035985605757697,0.10355857656937226,single-frame censored RBF,deliberately_hidden_observable,172,0.7073545598956832,0.6234209339442973,0.622123582283114,0.3775762772794941,0.7492571674514888,0.9883720930232558,2.969795496245016,0.8265746493418863
HorizontalScanPath_5,Horizontal,evaluation,3,target_10pct,0.1,294.1129402509706,295.0840552279015,0.9711149769308918,22.108551525378743,0.9573676119957508,0.10035985605757697,0.10355857656937226,single-frame censored RBF,near_ceiling_unsaturated_1K,1416,0.24847744450266523,0.14223556507487575,0.05434052555840156,0.6816038689981192,2.8574491858018387,1.0,11.172838761049213,0.08008674263869942
HorizontalScanPath_5,Horizontal,evaluation,3,target_10pct,0.1,294.1129402509706,295.0840552279015,0.9711149769308918,22.108551525378743,0.9573676119957508,0.10035985605757697,0.10355857656937226,single-frame censored RBF,observed_censored_full_grid,251,2.1626332885575996,1.0156384555521305,-0.12583111031269406,0.7764907741686935,0.7498288585398823,0.8804780876494024,2.9523327112722546,1.4562609042714112
HorizontalScanPath_5,Horizontal,evaluation,3,target_10pct,0.1,294.1129402509706,295.0840552279015,0.9711149769308918,22.108551525378743,0.9573676119957508,0.10035985605757697,0.10355857656937226,single-frame censored RBF,overall,2501,0.7144767876488071,0.21102000299813284,0.018394491548969383,0.7003892733475441,2.6991854116575977,0.9880047980807677,10.548488745158105,0.20607365638564704
HorizontalScanPath_5,Horizontal,evaluation,3,target_10pct,0.1,294.1129402509706,295.0840552279015,0.9711149769308918,22.108551525378743,0.9573676119957508,0.10035985605757697,0.10355857656937226,single-frame censored RBF,top_1pct,25,6.495862534168159,4.553972153635825,-4.553972153635825,4.173858380368853,0.6952970573553593,0.08,2.6857117156892354,7.027157401144874
HorizontalScanPath_5,Horizontal,evaluation,3,target_10pct,0.1,294.1129402509706,295.0840552279015,0.9711149769308918,22.108551525378743,0.9573676119957508,0.10035985605757697,0.10355857656937226,single-frame censored RBF,unsaturated_full_grid,2250,0.21372932972684433,0.12126034451322021,0.034483658689981614,0.6918997281448293,2.9166469649165077,1.0,11.395882151604926,0.0666083233992796
HorizontalScanPath_5,Horizontal,evaluation,4,target_15pct,0.15,293.7185814015664,295.0840552279015,1.3654738263351192,22.50291037478297,0.9744445511832922,0.15033986405437824,0.15513794482207116,advective posterior physics mean + sequential advective ST,deliberately_hidden_observable,297,0.40684282044286496,0.32195645873234036,-0.13434413075443216,0.25302864848156553,0.7201770878395202,1.0,2.817036069162361,0.44879680215533746
HorizontalScanPath_5,Horizontal,evaluation,4,target_15pct,0.15,293.7185814015664,295.0840552279015,1.3654738263351192,22.50291037478297,0.9744445511832922,0.15033986405437824,0.15513794482207116,advective posterior physics mean + sequential advective ST,near_ceiling_unsaturated_1K,2049,0.20209444445607497,0.13840616279066073,0.08656452461780875,0.17815368119399638,0.6597658981601144,1.0,2.5777339945835145,0.21381678440771107
HorizontalScanPath_5,Horizontal,evaluation,4,target_15pct,0.15,293.7185814015664,295.0840552279015,1.3654738263351192,22.50291037478297,0.9744445511832922,0.15033986405437824,0.15513794482207116,advective posterior physics mean + sequential advective ST,observed_censored_full_grid,376,1.6281790042121445,0.7777651558443401,-0.628011160211089,0.6415693331903626,0.7248740962504134,0.8696808510638298,2.8351341752004955,1.0523010350204494
HorizontalScanPath_5,Horizontal,evaluation,4,target_15pct,0.15,293.7185814015664,295.0840552279015,1.3654738263351192,22.50291037478297,0.9744445511832922,0.15033986405437824,0.15513794482207116,advective posterior physics mean + sequential advective ST,overall,2501,0.6580784554919232,0.23426817352083135,-0.02143698800738253,0.24772019502006573,0.6693529237251298,0.9804078368652539,2.6157599407490477,0.33991255581950075
HorizontalScanPath_5,Horizontal,evaluation,4,target_15pct,0.15,293.7185814015664,295.0840552279015,1.3654738263351192,22.50291037478297,0.9744445511832922,0.15033986405437824,0.15513794482207116,advective posterior physics mean + sequential advective ST,top_1pct,25,5.729347695219517,4.794812452960294,-4.794812452960294,4.369091019705207,0.7594126055010882,0.0,2.9618607376927595,6.33554832538025
HorizontalScanPath_5,Horizontal,evaluation,4,target_15pct,0.15,293.7185814015664,295.0840552279015,1.3654738263351192,22.50291037478297,0.9744445511832922,0.15033986405437824,0.15513794482207116,advective posterior physics mean + sequential advective ST,unsaturated_full_grid,2125,0.2015675723002902,0.1381011780602952,0.08589095963901448,0.17803206516028613,0.6595289421394797,1.0,2.5769436056178745,0.21386170020559173
HorizontalScanPath_5,Horizontal,evaluation,4,target_15pct,0.15,293.7185814015664,295.0840552279015,1.3654738263351192,22.50291037478297,0.9744445511832922,0.15033986405437824,0.15513794482207116,single-frame censored RBF,deliberately_hidden_observable,297,0.49876366816727824,0.3998808479822755,0.029306426271838562,0.28169355899599285,0.49244411288437406,0.9696969696969697,1.9160967095748966,0.8062850852297068
HorizontalScanPath_5,Horizontal,evaluation,4,target_15pct,0.15,293.7185814015664,295.0840552279015,1.3654738263351192,22.50291037478297,0.9744445511832922,0.15033986405437824,0.15513794482207116,single-frame censored RBF,near_ceiling_unsaturated_1K,2049,0.24702470557823927,0.1583184310292937,0.10333773837143197,0.6702137963917056,2.8147804952283706,1.0,10.993400666595043,0.08074259175222083
HorizontalScanPath_5,Horizontal,evaluation,4,target_15pct,0.15,293.7185814015664,295.0840552279015,1.3654738263351192,22.50291037478297,0.9744445511832922,0.15033986405437824,0.15513794482207116,single-frame censored RBF,observed_censored_full_grid,376,1.943464470002566,0.8720616056062169,-0.5298202829832878,0.7214165745937923,0.49148922861831934,0.8031914893617021,1.9129496310430958,1.7553627324950647
HorizontalScanPath_5,Horizontal,evaluation,4,target_15pct,0.15,293.7185814015664,295.0840552279015,1.3654738263351192,22.50291037478297,0.9744445511832922,0.15033986405437824,0.15513794482207116,single-frame censored RBF,overall,2501,0.7869970805627499,0.2649884085822314,0.005995316510808328,0.6786049559988134,2.4681263835711857,0.9704118352658937,9.638383756931923,0.33319476574241413
HorizontalScanPath_5,Horizontal,evaluation,4,target_15pct,0.15,293.7185814015664,295.0840552279015,1.3654738263351192,22.50291037478297,0.9744445511832922,0.15033986405437824,0.15513794482207116,single-frame censored RBF,top_1pct,25,7.002714397579475,5.360288417188539,-5.360288417188539,5.065890026916524,0.5148156908665794,0.0,1.99963594292243,10.44506246491553
HorizontalScanPath_5,Horizontal,evaluation,4,target_15pct,0.15,293.7185814015664,295.0840552279015,1.3654738263351192,22.50291037478297,0.9744445511832922,0.15033986405437824,0.15513794482207116,single-frame censored RBF,unsaturated_full_grid,2125,0.24625000924072582,0.1575721628970462,0.10080315905658721,0.6710298178380077,2.817874887224023,1.0,11.005331159912725,0.0815546925664157
HorizontalScanPath_5,Horizontal,evaluation,5,target_20pct,0.2,293.5813835425857,295.0840552279015,1.5026716853158177,22.64010823376367,0.980385636309222,0.20031987205117952,0.1991203518592563,advective posterior physics mean + sequential advective ST,deliberately_hidden_observable,422,0.4692517260902704,0.3479258146325191,-0.20443252269438406,0.2745909079652611,0.7020693602781543,1.0,2.745436211393997,0.49284626892018374
HorizontalScanPath_5,Horizontal,evaluation,5,target_20pct,0.2,293.5813835425857,295.0840552279015,1.5026716853158177,22.64010823376367,0.980385636309222,0.20031987205117952,0.1991203518592563,advective posterior physics mean + sequential advective ST,near_ceiling_unsaturated_1K,1980,0.2005661850640779,0.13798595174558753,0.08885879428616038,0.17808817989183134,0.6614039401311228,1.0,2.583452124083796,0.21184683651386432
HorizontalScanPath_5,Horizontal,evaluation,5,target_20pct,0.2,293.5813835425857,295.0840552279015,1.5026716853158177,22.64010823376367,0.980385636309222,0.20031987205117952,0.1991203518592563,advective posterior physics mean + sequential advective ST,observed_censored_full_grid,501,1.5255108313606305,0.7322127289946434,-0.6113461238092283,0.6083517401577049,0.7051489725093506,0.8822355289421158,2.7579110201743986,1.0182696019977524
HorizontalScanPath_5,Horizontal,evaluation,5,target_20pct,0.2,293.5813835425857,295.0840552279015,1.5026716853158177,22.64010823376367,0.980385636309222,0.20031987205117952,0.1991203518592563,advective posterior physics mean + sequential advective ST,overall,2501,0.7059358637692642,0.25702948358487837,-0.05254906085589861,0.2642968809188273,0.6699370445126882,0.9764094362255098,2.6174969632020435,0.3739126352101594
HorizontalScanPath_5,Horizontal,evaluation,5,target_20pct,0.2,293.5813835425857,295.0840552279015,1.5026716853158177,22.64010823376367,0.980385636309222,0.20031987205117952,0.1991203518592563,advective posterior physics mean + sequential advective ST,top_1pct,25,5.981435010690452,5.106229144768083,-5.106229144768083,4.6893662158613285,0.7333662709787009,0.0,2.869821846978052,6.946499499548674
HorizontalScanPath_5,Horizontal,evaluation,5,target_20pct,0.2,293.5813835425857,295.0840552279015,1.5026716853158177,22.64010823376367,0.980385636309222,0.20031987205117952,0.1991203518592563,advective posterior physics mean + sequential advective ST,unsaturated_full_grid,2000,0.20055313913898104,0.13799608060973226,0.08742960341391046,0.17811113867948847,0.6611164565495242,1.0,2.5823232419304682,0.21250121502986735
HorizontalScanPath_5,Horizontal,evaluation,5,target_20pct,0.2,293.5813835425857,295.0840552279015,1.5026716853158177,22.64010823376367,0.980385636309222,0.20031987205117952,0.1991203518592563,single-frame censored RBF,deliberately_hidden_observable,422,0.5730561683067595,0.48824515593624873,-0.018188112967227287,0.3382244733820017,0.46601513053890165,0.8838862559241706,1.820700744147795,1.0506291366354832
HorizontalScanPath_5,Horizontal,evaluation,5,target_20pct,0.2,293.5813835425857,295.0840552279015,1.5026716853158177,22.64010823376367,0.980385636309222,0.20031987205117952,0.1991203518592563,single-frame censored RBF,near_ceiling_unsaturated_1K,1980,0.3164280274893624,0.23652233821735258,0.19832289979544934,0.6323067081223784,2.6252769945450285,1.0,10.254142485223165,0.11711779507931425
HorizontalScanPath_5,Horizontal,evaluation,5,target_20pct,0.2,293.5813835425857,295.0840552279015,1.5026716853158177,22.64010823376367,0.980385636309222,0.20031987205117952,0.1991203518592563,single-frame censored RBF,observed_censored_full_grid,501,1.8134249987405127,0.8768404127345948,-0.4809041410121855,0.7116696660120443,0.46259835620562517,0.7465069860279441,1.8060882088571828,1.9309223727651201
HorizontalScanPath_5,Horizontal,evaluation,5,target_20pct,0.2,293.5813835425857,295.0840552279015,1.5026716853158177,22.64010823376367,0.980385636309222,0.20031987205117952,0.1991203518592563,single-frame censored RBF,overall,2501,0.8599022134054083,0.3656016740798805,0.061023834270607036,0.6481803281974272,2.190072346168576,0.9492203118752499,8.55368149986037,0.4821973797721556
HorizontalScanPath_5,Horizontal,evaluation,5,target_20pct,0.2,293.5813835425857,295.0840552279015,1.5026716853158177,22.64010823376367,0.980385636309222,0.20031987205117952,0.1991203518592563,single-frame censored RBF,top_1pct,25,7.320421033649607,5.711915197003277,-5.711915197003277,5.458607423923861,0.4462596121136881,0.0,1.7406639463444684,12.770733690187997
HorizontalScanPath_5,Horizontal,evaluation,5,target_20pct,0.2,293.5813835425857,295.0840552279015,1.5026716853158177,22.64010823376367,0.980385636309222,0.20031987205117952,0.1991203518592563,single-frame censored RBF,unsaturated_full_grid,2000,0.3176282025504422,0.2375363700468745,0.19677679207894655,0.6322762490748658,2.6228045806542952,1.0,10.243953619256668,0.11929176902741798
HorizontalScanPath_6,Horizontal,evaluation,0,reference,0.03,295.31752139540873,295.31752139540873,0.0,19.119945492969975,0.8973764967093982,0.032387045181927226,0.031187524990004,advective posterior physics mean + sequential advective ST,deliberately_hidden_observable,0,,,,,,,,
HorizontalScanPath_6,Horizontal,evaluation,0,reference,0.03,295.31752139540873,295.31752139540873,0.0,19.119945492969975,0.8973764967093982,0.032387045181927226,0.031187524990004,advective posterior physics mean + sequential advective ST,near_ceiling_unsaturated_1K,131,0.704059939638416,0.33355524746420234,0.1895781598336361,0.283892169871949,0.7467804300614672,1.0,2.9207884219526026,0.3409040417135939
HorizontalScanPath_6,Horizontal,evaluation,0,reference,0.03,295.31752139540873,295.31752139540873,0.0,19.119945492969975,0.8973764967093982,0.032387045181927226,0.031187524990004,advective posterior physics mean + sequential advective ST,observed_censored_full_grid,81,2.4980826757469536,1.9513640778791088,1.1570339623056984,1.3560387584869338,1.6728279376122575,0.9135802469135802,6.523318507399406,1.0730128874722058
HorizontalScanPath_6,Horizontal,evaluation,0,reference,0.03,295.31752139540873,295.31752139540873,0.0,19.119945492969975,0.8973764967093982,0.032387045181927226,0.031187524990004,advective posterior physics mean + sequential advective ST,overall,2501,0.5047474864587937,0.1923670207104164,0.09887958834039604,0.21546554263069273,0.6943712086000865,0.9972011195521792,2.7122747349754075,0.22775910864508409
HorizontalScanPath_6,Horizontal,evaluation,0,reference,0.03,295.31752139540873,295.31752139540873,0.0,19.119945492969975,0.8973764967093982,0.032387045181927226,0.031187524990004,advective posterior physics mean + sequential advective ST,top_1pct,25,3.01378076528959,1.9882565955420568,-0.4709630874690174,1.544372224750936,1.8628487488047594,0.84,7.2580849024446845,1.0498405224365743
HorizontalScanPath_6,Horizontal,evaluation,0,reference,0.03,295.31752139540873,295.31752139540873,0.0,19.119945492969975,0.8973764967093982,0.032387045181927226,0.031187524990004,advective posterior physics mean + sequential advective ST,unsaturated_full_grid,2420,0.23328949427539306,0.13349149937543123,0.06346202458370617,0.17728933168674416,0.6616212106455469,1.0,2.5847150054025385,0.1994675565438457
HorizontalScanPath_6,Horizontal,evaluation,0,reference,0.03,295.31752139540873,295.31752139540873,0.0,19.119945492969975,0.8973764967093982,0.032387045181927226,0.031187524990004,single-frame censored RBF,deliberately_hidden_observable,0,,,,,,,,
HorizontalScanPath_6,Horizontal,evaluation,0,reference,0.03,295.31752139540873,295.31752139540873,0.0,19.119945492969975,0.8973764967093982,0.032387045181927226,0.031187524990004,single-frame censored RBF,near_ceiling_unsaturated_1K,131,1.2982670968948322,1.0188292676620163,0.16064837478446703,0.8945399691490099,2.7930385338533417,1.0,10.892542474921644,0.39194799610886
HorizontalScanPath_6,Horizontal,evaluation,0,reference,0.03,295.31752139540873,295.31752139540873,0.0,19.119945492969975,0.8973764967093982,0.032387045181927226,0.031187524990004,single-frame censored RBF,observed_censored_full_grid,81,3.45796577679445,2.664668122235018,1.551738134805025,1.8385089319176393,1.818731389783422,0.7777777777777778,6.898753250543172,1.459350153614713
HorizontalScanPath_6,Horizontal,evaluation,0,reference,0.03,295.31752139540873,295.31752139540873,0.0,19.119945492969975,0.8973764967093982,0.032387045181927226,0.031187524990004,single-frame censored RBF,overall,2501,0.7346234488409144,0.2604192149928563,0.023485074371080168,0.7545799848576096,2.9327213344326144,0.9928028788484606,11.445918503506212,0.12369966423387693
HorizontalScanPath_6,Horizontal,evaluation,0,reference,0.03,295.31752139540873,295.31752139540873,0.0,19.119945492969975,0.8973764967093982,0.032387045181927226,0.031187524990004,single-frame censored RBF,top_1pct,25,4.676768342776194,2.723320433019812,-0.8825727262533656,2.1997257764988443,1.8030658257609267,0.84,6.861476008690054,1.4566598719019166
HorizontalScanPath_6,Horizontal,evaluation,0,reference,0.03,295.31752139540873,295.31752139540873,0.0,19.119945492969975,0.8973764967093982,0.032387045181927226,0.031187524990004,single-frame censored RBF,unsaturated_full_grid,2420,0.3968673759920397,0.1799464209901228,-0.027667197486419638,0.7182997184477491,2.970007774728724,1.0,11.598117009907039,0.07899400735790678
HorizontalScanPath_6,Horizontal,evaluation,1,target_5pct,0.05,294.85680519560503,295.31752139540873,0.4607161998036986,19.580661692773674,0.9189997743232974,0.05037984806077569,0.05677728908436625,advective posterior physics mean + sequential advective ST,deliberately_hidden_observable,44,2.4774529458947074,2.0227100606520945,1.9551619603360628,1.4113622025051578,1.4659898579712343,0.8863636363636364,5.7011558747091895,1.1438486450229801
HorizontalScanPath_6,Horizontal,evaluation,1,target_5pct,0.05,294.85680519560503,295.31752139540873,0.4607161998036986,19.580661692773674,0.9189997743232974,0.05037984806077569,0.05677728908436625,advective posterior physics mean + sequential advective ST,near_ceiling_unsaturated_1K,203,1.103291370930541,0.5464793757448173,0.38501779307623935,0.42684451244982885,0.8132955577010111,0.9753694581280788,3.177051658153642,0.459680086466535
HorizontalScanPath_6,Horizontal,evaluation,1,target_5pct,0.05,294.85680519560503,295.31752139540873,0.4607161998036986,19.580661692773674,0.9189997743232974,0.05037984806077569,0.05677728908436625,advective posterior physics mean + sequential advective ST,observed_censored_full_grid,126,2.7097488259290126,2.228347777146902,1.6764270935354437,1.5548989750368125,1.7641076974662109,0.8809523809523809,6.866748365555549,1.1906039138561368
HorizontalScanPath_6,Horizontal,evaluation,1,target_5pct,0.05,294.85680519560503,295.31752139540873,0.4607161998036986,19.580661692773674,0.9189997743232974,0.05037984806077569,0.05677728908436625,advective posterior physics mean + sequential advective ST,overall,2501,0.7024182391377981,0.26057735390452513,0.1676182677393734,0.261541331487432,0.7256235082509176,0.9920031987205118,2.8341476141699475,0.26024539088937004
HorizontalScanPath_6,Horizontal,evaluation,1,target_5pct,0.05,294.85680519560503,295.31752139540873,0.4607161998036986,19.580661692773674,0.9189997743232974,0.05037984806077569,0.05677728908436625,advective posterior physics mean + sequential advective ST,top_1pct,25,3.2637916348822116,2.063347270570962,-0.5994483182745717,1.6691242749151376,2.030753233540283,0.84,7.927896953753898,1.0387832255274025
HorizontalScanPath_6,Horizontal,evaluation,1,target_5pct,0.05,294.85680519560503,295.31752139540873,0.4607161998036986,19.580661692773674,0.9189997743232974,0.05037984806077569,0.05677728908436625,advective posterior physics mean + sequential advective ST,unsaturated_full_grid,2375,0.3605765978416146,0.15618195460829798,0.08757198898135031,0.19292530492439117,0.6705291891599169,0.9978947368421053,2.6202075322017007,0.21088742293408053
HorizontalScanPath_6,Horizontal,evaluation,1,target_5pct,0.05,294.85680519560503,295.31752139540873,0.4607161998036986,19.580661692773674,0.9189997743232974,0.05037984806077569,0.05677728908436625,single-frame censored RBF,deliberately_hidden_observable,44,3.020038570110075,2.8919453025794284,2.8919453025794284,1.9140377153519232,1.7716811059870892,0.5,6.6784903410514405,1.6234342154283772
HorizontalScanPath_6,Horizontal,evaluation,1,target_5pct,0.05,294.85680519560503,295.31752139540873,0.4607161998036986,19.580661692773674,0.9189997743232974,0.05037984806077569,0.05677728908436625,single-frame censored RBF,near_ceiling_unsaturated_1K,203,1.214453413028092,0.9005553193354745,0.11555670734484412,0.8487898080658662,2.6824836936319962,0.9901477832512315,10.486790920649888,0.37451921128335003
HorizontalScanPath_6,Horizontal,evaluation,1,target_5pct,0.05,294.85680519560503,295.31752139540873,0.4607161998036986,19.580661692773674,0.9189997743232974,0.05037984806077569,0.05677728908436625,single-frame censored RBF,observed_censored_full_grid,126,3.186983519615724,2.586869382726085,1.8233622639095188,1.7732586326973283,1.7993905072026706,0.7063492063492064,6.736677887476514,1.445078144498118
HorizontalScanPath_6,Horizontal,evaluation,1,target_5pct,0.05,294.85680519560503,295.31752139540873,0.4607161998036986,19.580661692773674,0.9189997743232974,0.05037984806077569,0.05677728908436625,single-frame censored RBF,overall,2501,0.8166792333489786,0.2942876991066453,0.08378602354650054,0.7703497187066618,2.898636658969419,0.984406237504998,11.299415193800955,0.14852661076719936
HorizontalScanPath_6,Horizontal,evaluation,1,target_5pct,0.05,294.85680519560503,295.31752139540873,0.4607161998036986,19.580661692773674,0.9189997743232974,0.05037984806077569,0.05677728908436625,single-frame censored RBF,top_1pct,25,4.564703565933514,2.4969083317645984,-1.351167547070895,2.117572266482146,1.936335568086924,0.84,7.04741876993558,1.3310939433246105
HorizontalScanPath_6,Horizontal,evaluation,1,target_5pct,0.05,294.85680519560503,295.31752139540873,0.4607161998036986,19.580661692773674,0.9189997743232974,0.05037984806077569,0.05677728908436625,single-frame censored RBF,unsaturated_full_grid,2375,0.4043523904437768,0.17266020768094026,-0.00850307383696906,0.7171427615854726,2.9569545600736755,0.9991578947368421,11.541480415104903,0.0797411399250538
HorizontalScanPath_6,Horizontal,evaluation,2,target_7.5pct,0.075,294.4711950726978,295.31752139540873,0.8463263227109223,19.966271815680898,0.9370980194944144,0.07516993202718912,0.08076769292283087,advective posterior physics mean + sequential advective ST,deliberately_hidden_observable,107,2.8735691363739115,2.6073585780255537,2.584931825572685,1.7733165694527813,1.7605170439408215,0.8504672897196262,6.8797050282625785,1.3782993603251574
HorizontalScanPath_6,Horizontal,evaluation,2,target_7.5pct,0.075,294.4711950726978,295.31752139540873,0.8463263227109223,19.966271815680898,0.9370980194944144,0.07516993202718912,0.08076769292283087,advective posterior physics mean + sequential advective ST,near_ceiling_unsaturated_1K,462,0.6688406399601557,0.2854398464031863,0.17150635462069724,0.26472222788124805,0.7180871475668842,0.9956709956709957,2.805281842894694,0.30160587853844206
HorizontalScanPath_6,Horizontal,evaluation,2,target_7.5pct,0.075,294.4711950726978,295.31752139540873,0.8463263227109223,19.966271815680898,0.9370980194944144,0.07516993202718912,0.08076769292283087,advective posterior physics mean + sequential advective ST,observed_censored_full_grid,188,2.8226124570489795,2.3981182663909673,1.904300741300156,1.6583094353413876,1.819778644998473,0.8723404255319149,7.101492707920259,1.2701495979998347
HorizontalScanPath_6,Horizontal,evaluation,2,target_7.5pct,0.075,294.4711950726978,295.31752139540873,0.8463263227109223,19.966271815680898,0.9370980194944144,0.07516993202718912,0.08076769292283087,advective posterior physics mean + sequential advective ST,overall,2501,0.83776069639939,0.31926609914871107,0.220417383912318,0.29962582755681294,0.7560397740524685,0.9896041583366654,2.952093955909291,0.28618074322166903
HorizontalScanPath_6,Horizontal,evaluation,2,target_7.5pct,0.075,294.4711950726978,295.31752139540873,0.8463263227109223,19.966271815680898,0.9370980194944144,0.07516993202718912,0.08076769292283087,advective posterior physics mean + sequential advective ST,top_1pct,25,3.3735947499227015,2.075575384772892,-1.5328746939773827,1.719962954438006,1.7806988866573088,0.8,6.939954179551084,1.2498358937184688
HorizontalScanPath_6,Horizontal,evaluation,2,target_7.5pct,0.075,294.4711950726978,295.31752139540873,0.8463263227109223,19.966271815680898,0.9370980194944144,0.07516993202718912,0.08076769292283087,advective posterior physics mean + sequential advective ST,unsaturated_full_grid,2313,0.3336488652625477,0.15029757020727397,0.08355181054919066,0.18919239985966635,0.6695793729552574,0.9991353220925205,2.614831973471737,0.20620402696646137
HorizontalScanPath_6,Horizontal,evaluation,2,target_7.5pct,0.075,294.4711950726978,295.31752139540873,0.8463263227109223,19.966271815680898,0.9370980194944144,0.07516993202718912,0.08076769292283087,single-frame censored RBF,deliberately_hidden_observable,107,1.7095626370584502,1.6320193318787493,1.6320193318787493,0.9885072420427758,1.2785461549733812,0.8504672897196262,4.843747107038623,1.2907807937399642
HorizontalScanPath_6,Horizontal,evaluation,2,target_7.5pct,0.075,294.4711950726978,295.31752139540873,0.8463263227109223,19.966271815680898,0.9370980194944144,0.07516993202718912,0.08076769292283087,single-frame censored RBF,near_ceiling_unsaturated_1K,462,0.6281847365288671,0.369922308283346,0.13114691987603957,0.7125444785487163,2.72420387880958,0.9978354978354979,10.624946387811159,0.19300972178583606
HorizontalScanPath_6,Horizontal,evaluation,2,target_7.5pct,0.075,294.4711950726978,295.31752139540873,0.8463263227109223,19.966271815680898,0.9370980194944144,0.07516993202718912,0.08076769292283087,single-frame censored RBF,observed_censored_full_grid,188,2.5061489328894653,1.6250391408980258,0.651516498710431,1.1093762746272187,1.282416933888879,0.8723404255319149,4.835296109953093,1.299064125717104
HorizontalScanPath_6,Horizontal,evaluation,2,target_7.5pct,0.075,294.4711950726978,295.31752139540873,0.8463263227109223,19.966271815680898,0.9370980194944144,0.07516993202718912,0.08076769292283087,single-frame censored RBF,overall,2501,0.7491564362906825,0.25385012377351907,0.058762854444427075,0.7349721327985197,2.807717663175047,0.9900039984006398,10.949198738000675,0.1663732287900144
HorizontalScanPath_6,Horizontal,evaluation,2,target_7.5pct,0.075,294.4711950726978,295.31752139540873,0.8463263227109223,19.966271815680898,0.9370980194944144,0.07516993202718912,0.08076769292283087,single-frame censored RBF,top_1pct,25,5.738057770142254,3.4989938371435416,-3.4989938371435416,3.038204915433545,1.2240404255976087,0.68,4.6416922987028375,2.8859309341854607
HorizontalScanPath_6,Horizontal,evaluation,2,target_7.5pct,0.075,294.4711950726978,295.31752139540873,0.8463263227109223,19.966271815680898,0.9370980194944144,0.07516993202718912,0.08076769292283087,single-frame censored RBF,unsaturated_full_grid,2313,0.3104064427423113,0.14240025986543117,0.010584002251600118,0.7045406677471597,2.931693684405397,0.9995676610462603,11.446135051910293,0.07430842609987486
HorizontalScanPath_6,Horizontal,evaluation,3,target_10pct,0.1,294.14832222379135,295.31752139540873,1.1691991716173789,20.289144664587354,0.9522517502485522,0.10035985605757697,0.10195921631347461,advective posterior physics mean + sequential advective ST,deliberately_hidden_observable,169,1.164658534497589,1.0058753710503305,0.9731071561655122,0.6492748676359605,1.116979059325533,1.0,4.364423698721937,0.8587707640256301
HorizontalScanPath_6,Horizontal,evaluation,3,target_10pct,0.1,294.14832222379135,295.31752139540873,1.1691991716173789,20.289144664587354,0.9522517502485522,0.10035985605757697,0.10195921631347461,advective posterior physics mean + sequential advective ST,near_ceiling_unsaturated_1K,1294,0.2524879462271161,0.14611002205259654,0.07964652093739753,0.18425493585112765,0.6653155843328563,1.0,2.596848855472592,0.21398038291971916
HorizontalScanPath_6,Horizontal,evaluation,3,target_10pct,0.1,294.14832222379135,295.31752139540873,1.1691991716173789,20.289144664587354,0.9522517502485522,0.10035985605757697,0.10195921631347461,advective posterior physics mean + sequential advective ST,observed_censored_full_grid,251,1.7467158692821898,1.1285272975942835,0.3098996705595786,0.802660854961203,1.129930936759802,0.9482071713147411,4.4188267295999335,0.9645584811034196
HorizontalScanPath_6,Horizontal,evaluation,3,target_10pct,0.1,294.14832222379135,295.31752139540873,1.1691991716173789,20.289144664587354,0.9522517502485522,0.10035985605757697,0.10195921631347461,advective posterior physics mean + sequential advective ST,overall,2501,0.5911695530698167,0.2332493665148586,0.0938442601434718,0.24076081099029084,0.7083725654095255,0.9948020791683326,2.7675968720109396,0.27736396652189
HorizontalScanPath_6,Horizontal,evaluation,3,target_10pct,0.1,294.14832222379135,295.31752139540873,1.1691991716173789,20.289144664587354,0.9522517502485522,0.10035985605757697,0.10195921631347461,advective posterior physics mean + sequential advective ST,top_1pct,25,4.521974834780844,3.3143882829680047,-3.3143882829680047,2.7289849890889775,1.2281761630514085,0.48,4.813340472726277,2.77157537989327
HorizontalScanPath_6,Horizontal,evaluation,3,target_10pct,0.1,294.14832222379135,295.31752139540873,1.1691991716173789,20.289144664587354,0.9522517502485522,0.10035985605757697,0.10195921631347461,advective posterior physics mean + sequential advective ST,unsaturated_full_grid,2250,0.21934040951486314,0.13337613953666497,0.06974207880371945,0.17807773941842464,0.6613453870944505,1.0,2.583393007897679,0.2007036006730172
HorizontalScanPath_6,Horizontal,evaluation,3,target_10pct,0.1,294.14832222379135,295.31752139540873,1.1691991716173789,20.289144664587354,0.9522517502485522,0.10035985605757697,0.10195921631347461,single-frame censored RBF,deliberately_hidden_observable,169,0.5344687026693526,0.4579822302579643,0.3917482557923733,0.2891582874344096,0.6926246535095275,1.0,2.6856258461672144,0.6587664029923836
HorizontalScanPath_6,Horizontal,evaluation,3,target_10pct,0.1,294.14832222379135,295.31752139540873,1.1691991716173789,20.289144664587354,0.9522517502485522,0.10035985605757697,0.10195921631347461,single-frame censored RBF,near_ceiling_unsaturated_1K,1294,0.22157816421319704,0.13220947469079428,0.023528772936761363,0.6848568323495738,2.8839478256335354,1.0,11.266832345295606,0.06958756036856203
HorizontalScanPath_6,Horizontal,evaluation,3,target_10pct,0.1,294.14832222379135,295.31752139540873,1.1691991716173789,20.289144664587354,0.9522517502485522,0.10035985605757697,0.10195921631347461,single-frame censored RBF,observed_censored_full_grid,251,2.2543954767780474,0.9894674708998643,-0.40698464545582724,0.7971316963129789,0.6871128529035893,0.852589641434263,2.6577914864916026,1.554384344871081
HorizontalScanPath_6,Horizontal,evaluation,3,target_10pct,0.1,294.14832222379135,295.31752139540873,1.1691991716173789,20.289144664587354,0.9522517502485522,0.10035985605757697,0.10195921631347461,single-frame censored RBF,overall,2501,0.7362135109348293,0.19967577569449696,-0.03663077310228138,0.7014594481921612,2.695327299474333,0.9852059176329468,10.524328530644775,0.2102732395445409
HorizontalScanPath_6,Horizontal,evaluation,3,target_10pct,0.1,294.14832222379135,295.31752139540873,1.1691991716173789,20.289144664587354,0.9522517502485522,0.10035985605757697,0.10195921631347461,single-frame censored RBF,top_1pct,25,6.84721759468721,5.016883934897821,-5.016883934897821,4.664394937767629,0.6206265250826107,0.0,2.357543920778428,8.411010595666525
HorizontalScanPath_6,Horizontal,evaluation,3,target_10pct,0.1,294.14832222379135,295.31752139540873,1.1691991716173789,20.289144664587354,0.9522517502485522,0.10035985605757697,0.10195921631347461,single-frame censored RBF,unsaturated_full_grid,2250,0.18845666067779349,0.1115701243626982,0.004684258880269731,0.6907866774017944,2.919354777736225,1.0,11.40188444090364,0.060330178461446796
HorizontalScanPath_6,Horizontal,evaluation,4,target_15pct,0.15,293.7528770240489,295.31752139540873,1.5646443713598046,20.68458986432978,0.9708115954173516,0.15033986405437824,0.149140343862455,advective posterior physics mean + sequential advective ST,deliberately_hidden_observable,294,0.4043552639698186,0.3165136196497231,-0.11125359230363606,0.25245831243618405,0.7294709690229781,1.0,2.858098786567574,0.435241043615601
HorizontalScanPath_6,Horizontal,evaluation,4,target_15pct,0.15,293.7528770240489,295.31752139540873,1.5646443713598046,20.68458986432978,0.9708115954173516,0.15033986405437824,0.149140343862455,advective posterior physics mean + sequential advective ST,near_ceiling_unsaturated_1K,2021,0.1860881812418907,0.1266470843019108,0.07348590067563439,0.17443813533838157,0.660370084663353,1.0,2.578090571673754,0.1947572679908685
HorizontalScanPath_6,Horizontal,evaluation,4,target_15pct,0.15,293.7528770240489,295.31752139540873,1.5646443713598046,20.68458986432978,0.9708115954173516,0.15033986405437824,0.149140343862455,advective posterior physics mean + sequential advective ST,observed_censored_full_grid,376,1.6726686408095095,0.8063247761637053,-0.6417600722916081,0.6706081969610242,0.7320739346178947,0.8590425531914894,2.868521293012121,1.0871621547761727
HorizontalScanPath_6,Horizontal,evaluation,4,target_15pct,0.15,293.7528770240489,295.31752139540873,1.5646443713598046,20.68458986432978,0.9708115954173516,0.15033986405437824,0.149140343862455,advective posterior physics mean + sequential advective ST,overall,2501,0.6707793047673752,0.22915645066140794,-0.03458295279299467,0.2490365846724544,0.67093519285182,0.9788084766093562,2.6211387623964817,0.3300390056888796
HorizontalScanPath_6,Horizontal,evaluation,4,target_15pct,0.15,293.7528770240489,295.31752139540873,1.5646443713598046,20.68458986432978,0.9708115954173516,0.15033986405437824,0.149140343862455,advective posterior physics mean + sequential advective ST,top_1pct,25,5.866563832050617,5.016302818901932,-5.016302818901932,4.594864981847559,0.7486837595896769,0.0,2.9304205935327103,6.668081929067727
HorizontalScanPath_6,Horizontal,evaluation,4,target_15pct,0.15,293.7528770240489,295.31752139540873,1.5646443713598046,20.68458986432978,0.9708115954173516,0.15033986405437824,0.149140343862455,advective posterior physics mean + sequential advective ST,unsaturated_full_grid,2125,0.18576603947716305,0.12703160812547198,0.07285168105711294,0.17444320762751217,0.6601172319557993,1.0,2.5773666063910796,0.19607274495625746
HorizontalScanPath_6,Horizontal,evaluation,4,target_15pct,0.15,293.7528770240489,295.31752139540873,1.5646443713598046,20.68458986432978,0.9708115954173516,0.15033986405437824,0.149140343862455,single-frame censored RBF,deliberately_hidden_observable,294,0.5151898804709268,0.41129892845616395,0.004224491430176584,0.2921153299920435,0.5139745032032005,0.9455782312925171,2.007293293846419,0.7961882882302543
HorizontalScanPath_6,Horizontal,evaluation,4,target_15pct,0.15,293.7528770240489,295.31752139540873,1.5646443713598046,20.68458986432978,0.9708115954173516,0.15033986405437824,0.149140343862455,single-frame censored RBF,near_ceiling_unsaturated_1K,2021,0.2475581795867469,0.15341551422671423,0.08038422036470752,0.6733109480228706,2.8242588830018307,1.0,11.036146133223115,0.08067212451127692
HorizontalScanPath_6,Horizontal,evaluation,4,target_15pct,0.15,293.7528770240489,295.31752139540873,1.5646443713598046,20.68458986432978,0.9708115954173516,0.15033986405437824,0.149140343862455,single-frame censored RBF,observed_censored_full_grid,376,2.04685105137985,0.9303027458951891,-0.5999380611591492,0.7777468432550178,0.5083596126418103,0.773936170212766,1.9843771588348154,1.886107736301153
HorizontalScanPath_6,Horizontal,evaluation,4,target_15pct,0.15,293.7528770240489,295.31752139540873,1.5646443713598046,20.68458986432978,0.9708115954173516,0.15033986405437824,0.149140343862455,single-frame censored RBF,overall,2501,0.8253648187592102,0.2693388590141024,-0.02477481602679387,0.6900480978411421,2.4805524920310447,0.9660135945621752,9.692806511923987,0.3522880887417183
HorizontalScanPath_6,Horizontal,evaluation,4,target_15pct,0.15,293.7528770240489,295.31752139540873,1.5646443713598046,20.68458986432978,0.9708115954173516,0.15033986405437824,0.149140343862455,single-frame censored RBF,top_1pct,25,7.333122125103386,5.655294994185156,-5.655294994185156,5.382925981700068,0.47953526520123696,0.0,1.8668911396688237,11.793097112359176
HorizontalScanPath_6,Horizontal,evaluation,4,target_15pct,0.15,293.7528770240489,295.31752139540873,1.5646443713598046,20.68458986432978,0.9708115954173516,0.15033986405437824,0.149140343862455,single-frame censored RBF,unsaturated_full_grid,2125,0.24586904981456328,0.15238713126479014,0.0769952452295664,0.6745305786526163,2.8295146203370924,1.0,11.056745070399998,0.08089223580884887
HorizontalScanPath_6,Horizontal,evaluation,5,target_20pct,0.2,293.58608801232094,295.31752139540873,1.73143338308779,20.851378876057765,0.978639679398507,0.20031987205117952,0.1955217912834866,advective posterior physics mean + sequential advective ST,deliberately_hidden_observable,419,0.507452552818925,0.3709510808252782,-0.23762301093414917,0.28853639345612553,0.6974760003134592,0.9952267303102625,2.7160935874305294,0.5262859572499429
HorizontalScanPath_6,Horizontal,evaluation,5,target_20pct,0.2,293.58608801232094,295.31752139540873,1.73143338308779,20.851378876057765,0.978639679398507,0.20031987205117952,0.1955217912834866,advective posterior physics mean + sequential advective ST,near_ceiling_unsaturated_1K,1977,0.18508349339058044,0.12695216462370293,0.07520126670994079,0.17488261919224024,0.6619496746390892,1.0,2.588426919191368,0.19478889294252147
HorizontalScanPath_6,Horizontal,evaluation,5,target_20pct,0.2,293.58608801232094,295.31752139540873,1.73143338308779,20.851378876057765,0.978639679398507,0.20031987205117952,0.1955217912834866,advective posterior physics mean + sequential advective ST,observed_censored_full_grid,501,1.5882234360152558,0.7802540281654957,-0.6684330773818284,0.6476749923711566,0.7015843290453466,0.8682634730538922,2.733826640887062,1.0844498606397803
HorizontalScanPath_6,Horizontal,evaluation,5,target_20pct,0.2,293.58608801232094,295.31752139540873,1.73143338308779,20.851378876057765,0.978639679398507,0.20031987205117952,0.1955217912834866,advective posterior physics mean + sequential advective ST,overall,2501,0.730034894119816,0.2584410441455055,-0.07354786614363301,0.2697180543655345,0.6697329201162733,0.973610555777689,2.616865210241266,0.3741356521165121
HorizontalScanPath_6,Horizontal,evaluation,5,target_20pct,0.2,293.58608801232094,295.31752139540873,1.73143338308779,20.851378876057765,0.978639679398507,0.20031987205117952,0.1955217912834866,advective posterior physics mean + sequential advective ST,top_1pct,25,6.161356096933038,5.327105119724104,-5.327105119724104,4.92199583123944,0.7340837033761071,0.0,2.861909088398659,7.241466215528987
HorizontalScanPath_6,Horizontal,evaluation,5,target_20pct,0.2,293.58608801232094,295.31752139540873,1.73143338308779,20.851378876057765,0.978639679398507,0.20031987205117952,0.1955217912834866,advective posterior physics mean + sequential advective ST,unsaturated_full_grid,2000,0.18595835890220075,0.12772689164849793,0.07547087927153495,0.17503984139512613,0.6617541421795404,1.0,2.5875663718644937,0.19620194288143342
HorizontalScanPath_6,Horizontal,evaluation,5,target_20pct,0.2,293.58608801232094,295.31752139540873,1.73143338308779,20.851378876057765,0.978639679398507,0.20031987205117952,0.1955217912834866,single-frame censored RBF,deliberately_hidden_observable,419,0.6296786747467978,0.5374422235390781,-0.08766672539871445,0.3766174182098795,0.46387704317902273,0.8496420047732697,1.8086119814364405,1.175471436856364
HorizontalScanPath_6,Horizontal,evaluation,5,target_20pct,0.2,293.58608801232094,295.31752139540873,1.73143338308779,20.851378876057765,0.978639679398507,0.20031987205117952,0.1955217912834866,single-frame censored RBF,near_ceiling_unsaturated_1K,1977,0.3097584386289567,0.22668218491164155,0.16444341321341635,0.6358157360114621,2.6390923721710884,1.0,10.311180279355916,0.11401342754435492
HorizontalScanPath_6,Horizontal,evaluation,5,target_20pct,0.2,293.58608801232094,295.31752139540873,1.73143338308779,20.851378876057765,0.978639679398507,0.20031987205117952,0.1955217912834866,single-frame censored RBF,observed_censored_full_grid,501,1.902627306460767,0.9619793494148333,-0.5830407110392278,0.7868776576717974,0.46024661632616753,0.7125748502994012,1.7953272111548775,2.1358380231610035
HorizontalScanPath_6,Horizontal,evaluation,5,target_20pct,0.2,293.58608801232094,295.31752139540873,1.73143338308779,20.851378876057765,0.978639679398507,0.20031987205117952,0.1955217912834866,single-frame censored RBF,overall,2501,0.8953085968641873,0.3735876385807116,0.013648858683958607,0.6663762866705911,2.20351051083457,0.942423030787685,8.60933034282036,0.5190655379919712
HorizontalScanPath_6,Horizontal,evaluation,5,target_20pct,0.2,293.58608801232094,295.31752139540873,1.73143338308779,20.851378876057765,0.978639679398507,0.20031987205117952,0.1955217912834866,single-frame censored RBF,top_1pct,25,7.554505053015006,5.976789446330631,-5.976789446330631,5.726359007618536,0.44889166451584545,0.0,1.7532313447915522,13.258990990053467
HorizontalScanPath_6,Horizontal,evaluation,5,target_20pct,0.2,293.58608801232094,295.31752139540873,1.73143338308779,20.851378876057765,0.978639679398507,0.20031987205117952,0.1955217912834866,single-frame censored RBF,unsaturated_full_grid,2000,0.309135861894533,0.2261955150167641,0.1631195958996168,0.6361906932347889,2.6401981164089245,1.0,10.316238127302563,0.11406403045712864
HorizontalScanPath_7,Horizontal,evaluation,0,reference,0.03,295.52522559779794,295.52522559779794,0.0,22.594262614314573,0.9041392542898362,0.032387045181927226,0.032387045181927226,advective posterior physics mean + sequential advective ST,deliberately_hidden_observable,0,,,,,,,,
HorizontalScanPath_7,Horizontal,evaluation,0,reference,0.03,295.52522559779794,295.52522559779794,0.0,22.594262614314573,0.9041392542898362,0.032387045181927226,0.032387045181927226,advective posterior physics mean + sequential advective ST,near_ceiling_unsaturated_1K,114,0.8488278716089778,0.4270925361911809,0.16891106800857975,0.33568007756585866,0.7630355587142568,0.9824561403508771,2.981067516400177,0.42914913192764237
HorizontalScanPath_7,Horizontal,evaluation,0,reference,0.03,295.52522559779794,295.52522559779794,0.0,22.594262614314573,0.9041392542898362,0.032387045181927226,0.032387045181927226,advective posterior physics mean + sequential advective ST,observed_censored_full_grid,81,2.5742482095847463,2.007118484386171,1.2519466613169161,1.4014867734116039,1.751151726460366,0.9506172839506173,6.841789152845456,1.07166249180504
HorizontalScanPath_7,Horizontal,evaluation,0,reference,0.03,295.52522559779794,295.52522559779794,0.0,22.594262614314573,0.9041392542898362,0.032387045181927226,0.032387045181927226,advective posterior physics mean + sequential advective ST,overall,2501,0.5262581912355514,0.20311202451829277,0.10845333150884898,0.22019799941387574,0.6971192236794184,0.9976009596161536,2.7238204507247388,0.2407623420051558
HorizontalScanPath_7,Horizontal,evaluation,0,reference,0.03,295.52522559779794,295.52522559779794,0.0,22.594262614314573,0.9041392542898362,0.032387045181927226,0.032387045181927226,advective posterior physics mean + sequential advective ST,top_1pct,25,2.895682178824057,1.7264649681199966,-0.6371970966416325,1.3990155988340804,1.8994489135046977,0.88,7.506988800435199,0.9210686722507414
HorizontalScanPath_7,Horizontal,evaluation,0,reference,0.03,295.52522559779794,295.52522559779794,0.0,22.594262614314573,0.9041392542898362,0.032387045181927226,0.032387045181927226,advective posterior physics mean + sequential advective ST,unsaturated_full_grid,2420,0.25379686668245727,0.14272999011775636,0.07017938121362029,0.18065899499494353,0.6618396233797255,0.9991735537190083,2.5859876140008633,0.21295122128871344
HorizontalScanPath_7,Horizontal,evaluation,0,reference,0.03,295.52522559779794,295.52522559779794,0.0,22.594262614314573,0.9041392542898362,0.032387045181927226,0.032387045181927226,single-frame censored RBF,deliberately_hidden_observable,0,,,,,,,,
HorizontalScanPath_7,Horizontal,evaluation,0,reference,0.03,295.52522559779794,295.52522559779794,0.0,22.594262614314573,0.9041392542898362,0.032387045181927226,0.032387045181927226,single-frame censored RBF,near_ceiling_unsaturated_1K,114,1.2766086354353647,1.0381683984732588,0.17351698090820078,0.8810561437493692,2.7483703725768156,1.0,10.74158103593363,0.3999919390333449
HorizontalScanPath_7,Horizontal,evaluation,0,reference,0.03,295.52522559779794,295.52522559779794,0.0,22.594262614314573,0.9041392542898362,0.032387045181927226,0.032387045181927226,single-frame censored RBF,observed_censored_full_grid,81,3.6581994037937076,2.9183998183040694,1.8093938715535878,1.969163283283316,2.037587214632287,0.7283950617283951,7.63854141846748,1.433609059791227
HorizontalScanPath_7,Horizontal,evaluation,0,reference,0.03,295.52522559779794,295.52522559779794,0.0,22.594262614314573,0.9041392542898362,0.032387045181927226,0.032387045181927226,single-frame censored RBF,overall,2501,0.7639657511616867,0.2739224011331646,0.026696996690473318,0.7583250839869725,2.938423687220597,0.991203518592563,11.469822738827254,0.12547586437700564
HorizontalScanPath_7,Horizontal,evaluation,0,reference,0.03,295.52522559779794,295.52522559779794,0.0,22.594262614314573,0.9041392542898362,0.032387045181927226,0.032387045181927226,single-frame censored RBF,top_1pct,25,4.751558062983672,2.9139635555863537,-0.679215711885206,2.229279667894205,2.068848573085201,0.88,7.899973689400549,1.420570112125763
HorizontalScanPath_7,Horizontal,evaluation,0,reference,0.03,295.52522559779794,295.52522559779794,0.0,22.594262614314573,0.9041392542898362,0.032387045181927226,0.032387045181927226,single-frame censored RBF,unsaturated_full_grid,2420,0.3940238293166284,0.18540890080636982,-0.032971783005358204,0.7177970285559793,2.9685756517989663,1.0,11.598059840872352,0.08169124089413295
HorizontalScanPath_7,Horizontal,evaluation,1,target_5pct,0.05,295.0182770061354,295.52522559779794,0.5069485916625354,23.10121120597711,0.9244254716120452,0.05037984806077569,0.05197920831667333,advective posterior physics mean + sequential advective ST,deliberately_hidden_observable,44,2.494733399214553,2.053020788969001,1.9648750274527513,1.3920228646584498,1.5349552181170452,0.9545454545454546,5.981858067868914,1.1168736953381773
HorizontalScanPath_7,Horizontal,evaluation,1,target_5pct,0.05,295.0182770061354,295.52522559779794,0.5069485916625354,23.10121120597711,0.9244254716120452,0.05037984806077569,0.05197920831667333,advective posterior physics mean + sequential advective ST,near_ceiling_unsaturated_1K,161,0.8650848158318774,0.44645882212831467,0.23059605073950495,0.349806080893741,0.7805318748636783,1.0,3.043003259651502,0.42895651653155925
HorizontalScanPath_7,Horizontal,evaluation,1,target_5pct,0.05,295.0182770061354,295.52522559779794,0.5069485916625354,23.10121120597711,0.9244254716120452,0.05037984806077569,0.05197920831667333,advective posterior physics mean + sequential advective ST,observed_censored_full_grid,126,2.833150842951741,2.337671378923927,1.7350008657463827,1.6094747342690112,1.8542393177577845,0.8968253968253969,7.245818490761333,1.1929782997529161
HorizontalScanPath_7,Horizontal,evaluation,1,target_5pct,0.05,295.0182770061354,295.52522559779794,0.5069485916625354,23.10121120597711,0.9244254716120452,0.05037984806077569,0.05197920831667333,advective posterior physics mean + sequential advective ST,overall,2501,0.6931886553720962,0.25904817619909454,0.16197377713447636,0.25646816584432536,0.725110838494248,0.9948020791683326,2.833858637661787,0.26483533864647096
HorizontalScanPath_7,Horizontal,evaluation,1,target_5pct,0.05,295.0182770061354,295.52522559779794,0.5069485916625354,23.10121120597711,0.9244254716120452,0.05037984806077569,0.05197920831667333,advective posterior physics mean + sequential advective ST,top_1pct,25,3.2348904119832214,2.0736717926727306,-0.8032449400889482,1.622361588831649,1.955406833150285,0.84,7.701131542961323,1.1258176156089175
HorizontalScanPath_7,Horizontal,evaluation,1,target_5pct,0.05,295.0182770061354,295.52522559779794,0.5069485916625354,23.10121120597711,0.9244254716120452,0.05037984806077569,0.05197920831667333,advective posterior physics mean + sequential advective ST,unsaturated_full_grid,2375,0.2831306815921136,0.1487717452334823,0.0785205505386447,0.18468760684579466,0.6652076012785826,1.0,2.59979255703419,0.21559491207829745
HorizontalScanPath_7,Horizontal,evaluation,1,target_5pct,0.05,295.0182770061354,295.52522559779794,0.5069485916625354,23.10121120597711,0.9244254716120452,0.05037984806077569,0.05197920831667333,single-frame censored RBF,deliberately_hidden_observable,44,2.820618607091738,2.7460895963931424,2.7460895963931424,1.833646612325377,1.6540540978948746,0.38636363636363635,6.280645934341582,1.663337101259127
HorizontalScanPath_7,Horizontal,evaluation,1,target_5pct,0.05,295.0182770061354,295.52522559779794,0.5069485916625354,23.10121120597711,0.9244254716120452,0.05037984806077569,0.05197920831667333,single-frame censored RBF,near_ceiling_unsaturated_1K,161,1.238987560346737,0.9317772836990813,0.300231737851997,0.8581253835571346,2.6636165127598925,0.9875776397515528,10.413245365607526,0.396668714726184
HorizontalScanPath_7,Horizontal,evaluation,1,target_5pct,0.05,295.0182770061354,295.52522559779794,0.5069485916625354,23.10121120597711,0.9244254716120452,0.05037984806077569,0.05197920831667333,single-frame censored RBF,observed_censored_full_grid,126,3.1589686399874215,2.4607768084901793,1.6536375939676828,1.6795965897410587,1.7511337021303701,0.6587301587301587,6.634367808171448,1.4071748155188426
HorizontalScanPath_7,Horizontal,evaluation,1,target_5pct,0.05,295.0182770061354,295.52522559779794,0.5069485916625354,23.10121120597711,0.9244254716120452,0.05037984806077569,0.05197920831667333,single-frame censored RBF,overall,2501,0.8064332549375449,0.29133790546878763,0.08259344449134583,0.7653167183745804,2.894830165735547,0.9820071971211516,11.307162416037977,0.14911964412865594
HorizontalScanPath_7,Horizontal,evaluation,1,target_5pct,0.05,295.0182770061354,295.52522559779794,0.5069485916625354,23.10121120597711,0.9244254716120452,0.05037984806077569,0.05197920831667333,single-frame censored RBF,top_1pct,25,4.9418041360955005,2.6924824858131275,-1.3754991553802551,2.2166301006012556,1.9650633316388184,0.84,7.485797271418887,1.3590794544901885
HorizontalScanPath_7,Horizontal,evaluation,1,target_5pct,0.05,295.0182770061354,295.52522559779794,0.5069485916625354,23.10121120597711,0.9244254716120452,0.05037984806077569,0.05197920831667333,single-frame censored RBF,unsaturated_full_grid,2375,0.39423336922298646,0.17624346261375803,-0.0007545819650829943,0.7168117651989273,2.9555062728573374,0.9991578947368421,11.555066466813212,0.08237650661490287
HorizontalScanPath_7,Horizontal,evaluation,2,target_7.5pct,0.075,294.5764558215017,295.52522559779794,0.9487697762962171,23.54303239061079,0.9421055297410973,0.07516993202718912,0.07876849260295882,advective posterior physics mean + sequential advective ST,deliberately_hidden_observable,107,1.5778450799435872,1.3252341560519905,1.2450256235516641,0.8687693027661969,1.426890507681918,0.9813084112149533,5.548463279259321,0.8613367777430961
HorizontalScanPath_7,Horizontal,evaluation,2,target_7.5pct,0.075,294.5764558215017,295.52522559779794,0.9487697762962171,23.54303239061079,0.9421055297410973,0.07516993202718912,0.07876849260295882,advective posterior physics mean + sequential advective ST,near_ceiling_unsaturated_1K,316,0.6474997698502843,0.31123902207430576,0.20230723072282294,0.2750468335500855,0.7250909552684252,0.990506329113924,2.836058223165472,0.34462924060831557
HorizontalScanPath_7,Horizontal,evaluation,2,target_7.5pct,0.075,294.5764558215017,295.52522559779794,0.9487697762962171,23.54303239061079,0.9421055297410973,0.07516993202718912,0.07876849260295882,advective posterior physics mean + sequential advective ST,observed_censored_full_grid,188,1.9359375013450244,1.3916291192982946,0.6525823745977056,0.9667050933984607,1.5241921593042242,0.9680851063829787,5.9348969859951,0.893001316042282
HorizontalScanPath_7,Horizontal,evaluation,2,target_7.5pct,0.075,294.5764558215017,295.52522559779794,0.9487697762962171,23.54303239061079,0.9421055297410973,0.07516993202718912,0.07876849260295882,advective posterior physics mean + sequential advective ST,overall,2501,0.5988558908311776,0.24256997488133397,0.12858382311958932,0.24479400796765718,0.7312313892836726,0.9964014394242303,2.8568479286007262,0.265469954894532
HorizontalScanPath_7,Horizontal,evaluation,2,target_7.5pct,0.075,294.5764558215017,295.52522559779794,0.9487697762962171,23.54303239061079,0.9421055297410973,0.07516993202718912,0.07876849260295882,advective posterior physics mean + sequential advective ST,top_1pct,25,3.724713253020347,2.260476806778504,-2.088585894884152,1.8816110863359217,1.645778102849396,0.84,6.490217610435812,1.4793836278204435
HorizontalScanPath_7,Horizontal,evaluation,2,target_7.5pct,0.075,294.5764558215017,295.52522559779794,0.9487697762962171,23.54303239061079,0.9421055297410973,0.07516993202718912,0.07876849260295882,advective posterior physics mean + sequential advective ST,unsaturated_full_grid,2313,0.2883627168571198,0.14917476556426154,0.08599336584423875,0.18611727469442285,0.6667797573062131,0.9987029831387808,2.6066649529024377,0.21446437949644423
HorizontalScanPath_7,Horizontal,evaluation,2,target_7.5pct,0.075,294.5764558215017,295.52522559779794,0.9487697762962171,23.54303239061079,0.9421055297410973,0.07516993202718912,0.07876849260295882,single-frame censored RBF,deliberately_hidden_observable,107,1.0677051934828123,0.9834963979572503,0.9829570222798397,0.5533975590332454,1.0429026695431471,0.9719626168224299,4.039495426925988,0.9475299687135823
HorizontalScanPath_7,Horizontal,evaluation,2,target_7.5pct,0.075,294.5764558215017,295.52522559779794,0.9487697762962171,23.54303239061079,0.9421055297410973,0.07516993202718912,0.07876849260295882,single-frame censored RBF,near_ceiling_unsaturated_1K,316,0.5186789918099886,0.37064680775936004,0.03158566227228359,0.6668629401828522,2.6142026492181505,1.0,10.242634927438933,0.19839386122049685
HorizontalScanPath_7,Horizontal,evaluation,2,target_7.5pct,0.075,294.5764558215017,295.52522559779794,0.9487697762962171,23.54303239061079,0.9421055297410973,0.07516993202718912,0.07876849260295882,single-frame censored RBF,observed_censored_full_grid,188,2.3910704498355093,1.294458810559083,-0.014105804792208687,0.9321646870421748,1.05356291290915,0.9148936170212766,4.09529568481829,1.2595073536695482
HorizontalScanPath_7,Horizontal,evaluation,2,target_7.5pct,0.075,294.5764558215017,295.52522559779794,0.9487697762962171,23.54303239061079,0.9421055297410973,0.07516993202718912,0.07876849260295882,single-frame censored RBF,overall,2501,0.6960687202617967,0.2208406302690587,-0.011313235533943533,0.7158409248730676,2.792879289222497,0.9936025589764095,10.914175526961268,0.15909545273497652
HorizontalScanPath_7,Horizontal,evaluation,2,target_7.5pct,0.075,294.5764558215017,295.52522559779794,0.9487697762962171,23.54303239061079,0.9421055297410973,0.07516993202718912,0.07876849260295882,single-frame censored RBF,top_1pct,25,6.054613633014378,4.032517984676924,-4.032517984676924,3.534826616772932,1.0652486258696552,0.48,4.030379631852704,3.895711876359867
HorizontalScanPath_7,Horizontal,evaluation,2,target_7.5pct,0.075,294.5764558215017,295.52522559779794,0.9487697762962171,23.54303239061079,0.9421055297410973,0.07516993202718912,0.07876849260295882,single-frame censored RBF,unsaturated_full_grid,2313,0.24330792959283676,0.1335772416419404,-0.011086256277327084,0.6982581893400834,2.9342504430257437,1.0,11.468412193767527,0.06965427790760967
HorizontalScanPath_7,Horizontal,evaluation,3,target_10pct,0.1,294.1967295706152,295.52522559779794,1.328496027182723,23.922758641497296,0.9573007770997469,0.10035985605757697,0.1015593762495002,advective posterior physics mean + sequential advective ST,deliberately_hidden_observable,169,0.7782106396448486,0.6468883741918061,0.5978967216003511,0.43245458637459583,0.9986490092315204,1.0,3.9029142186414942,0.6231438471479706
HorizontalScanPath_7,Horizontal,evaluation,3,target_10pct,0.1,294.1967295706152,295.52522559779794,1.328496027182723,23.922758641497296,0.9573007770997469,0.10035985605757697,0.1015593762495002,advective posterior physics mean + sequential advective ST,near_ceiling_unsaturated_1K,1131,0.2622813943128206,0.15570080515968282,0.09693973816136023,0.18768591910069582,0.6689921218916771,1.0,2.6136331601695146,0.22691601562459834
HorizontalScanPath_7,Horizontal,evaluation,3,target_10pct,0.1,294.1967295706152,295.52522559779794,1.328496027182723,23.922758641497296,0.9573007770997469,0.10035985605757697,0.1015593762495002,advective posterior physics mean + sequential advective ST,observed_censored_full_grid,251,1.7032090294730868,0.9703816362230843,-0.06435143378598696,0.7177657351721368,1.0211861977303638,0.9322709163346613,3.9925632173537577,0.9173369694636343
HorizontalScanPath_7,Horizontal,evaluation,3,target_10pct,0.1,294.1967295706152,295.52522559779794,1.328496027182723,23.922758641497296,0.9573007770997469,0.10035985605757697,0.1015593762495002,advective posterior physics mean + sequential advective ST,overall,2501,0.5791403948392557,0.22217770197811942,0.06500185009679908,0.23338843411950103,0.6978195896634213,0.9932027189124351,2.7274135702743307,0.2805256988366425
HorizontalScanPath_7,Horizontal,evaluation,3,target_10pct,0.1,294.1967295706152,295.52522559779794,1.328496027182723,23.922758641497296,0.9573007770997469,0.10035985605757697,0.1015593762495002,advective posterior physics mean + sequential advective ST,top_1pct,25,4.822590793652005,3.7238370387018565,-3.7238370387018565,3.132769308408351,1.0811969188629291,0.36,4.243475694654596,3.4531964364662504
HorizontalScanPath_7,Horizontal,evaluation,3,target_10pct,0.1,294.1967295706152,295.52522559779794,1.328496027182723,23.922758641497296,0.9573007770997469,0.10035985605757697,0.1015593762495002,advective posterior physics mean + sequential advective ST,unsaturated_full_grid,2250,0.22182397968320647,0.13871139642457,0.07943192754327877,0.17935345520207369,0.661746248052398,1.0,2.58627909853347,0.20948586375780925
HorizontalScanPath_7,Horizontal,evaluation,3,target_10pct,0.1,294.1967295706152,295.52522559779794,1.328496027182723,23.922758641497296,0.9573007770997469,0.10035985605757697,0.1015593762495002,single-frame censored RBF,deliberately_hidden_observable,169,0.6268402764485571,0.5426255439368391,0.46705987543463146,0.3369817562455106,0.7179821951202705,0.9940828402366864,2.7769267276098444,0.7492978126043863
HorizontalScanPath_7,Horizontal,evaluation,3,target_10pct,0.1,294.1967295706152,295.52522559779794,1.328496027182723,23.922758641497296,0.9573007770997469,0.10035985605757697,0.1015593762495002,single-frame censored RBF,near_ceiling_unsaturated_1K,1131,0.23660641193038198,0.1408678729038729,0.03936025225028913,0.6842585928445203,2.864983487241855,1.0,11.197785314031021,0.08131648282934635
HorizontalScanPath_7,Horizontal,evaluation,3,target_10pct,0.1,294.1967295706152,295.52522559779794,1.328496027182723,23.922758641497296,0.9573007770997469,0.10035985605757697,0.1015593762495002,single-frame censored RBF,observed_censored_full_grid,251,2.3068421974854663,1.0890445110548297,-0.39995497822228465,0.8702665561518363,0.7067227141687288,0.8326693227091634,2.7431545825672385,1.645368882210428
HorizontalScanPath_7,Horizontal,evaluation,3,target_10pct,0.1,294.1967295706152,295.52522559779794,1.328496027182723,23.922758641497296,0.9573007770997469,0.10035985605757697,0.1015593762495002,single-frame censored RBF,overall,2501,0.7533999481274518,0.21232575064264633,-0.03208278017054123,0.7083979355112644,2.6915621619378913,0.9832067173130747,10.51104314642212,0.22312856188908642
HorizontalScanPath_7,Horizontal,evaluation,3,target_10pct,0.1,294.1967295706152,295.52522559779794,1.328496027182723,23.922758641497296,0.9573007770997469,0.10035985605757697,0.1015593762495002,single-frame censored RBF,top_1pct,25,6.895908985051256,5.116248965819944,-5.116248965819944,4.763112165951148,0.6377951868789162,0.0,2.5162420917059514,8.162205867305973
HorizontalScanPath_7,Horizontal,evaluation,3,target_10pct,0.1,294.1967295706152,295.52522559779794,1.328496027182723,23.922758641497296,0.9573007770997469,0.10035985605757697,0.1015593762495002,single-frame censored RBF,unsaturated_full_grid,2250,0.1930970557678326,0.11452290225888724,0.008955407256564362,0.690340591608694,2.9129820292223623,1.0,11.377594270656598,0.06446975282212786
HorizontalScanPath_7,Horizontal,evaluation,4,target_15pct,0.15,293.75988045814535,295.52522559779794,1.7653451396525952,24.35960775396717,0.974781871195531,0.15033986405437824,0.1563374650139944,advective posterior physics mean + sequential advective ST,deliberately_hidden_observable,294,0.48707846643131264,0.38252758033878387,-0.09148737061142097,0.28888812303942024,0.7359331491585998,0.9965986394557823,2.8783019790212627,0.5224710589137115
HorizontalScanPath_7,Horizontal,evaluation,4,target_15pct,0.15,293.75988045814535,295.52522559779794,1.7653451396525952,24.35960775396717,0.974781871195531,0.15033986405437824,0.1563374650139944,advective posterior physics mean + sequential advective ST,near_ceiling_unsaturated_1K,2027,0.19804732228211053,0.13562898569052872,0.08408121654957793,0.1771634146242577,0.6610048620023826,1.0,2.582329537872859,0.20882493834898794
HorizontalScanPath_7,Horizontal,evaluation,4,target_15pct,0.15,293.75988045814535,295.52522559779794,1.7653451396525952,24.35960775396717,0.974781871195531,0.15033986405437824,0.1563374650139944,advective posterior physics mean + sequential advective ST,observed_censored_full_grid,376,1.727495340838975,0.886329319619047,-0.6556107628872441,0.7246770154646374,0.7397445373707373,0.8457446808510638,2.8931149234343256,1.185135851529154
HorizontalScanPath_7,Horizontal,evaluation,4,target_15pct,0.15,293.75988045814535,295.52522559779794,1.7653451396525952,24.35960775396717,0.974781871195531,0.15033986405437824,0.1563374650139944,advective posterior physics mean + sequential advective ST,overall,2501,0.6941779872425149,0.24874368928041904,-0.029340006572843847,0.25933628977908185,0.6719312378805227,0.9768092762894842,2.6257614736645705,0.35706134660803424
HorizontalScanPath_7,Horizontal,evaluation,4,target_15pct,0.15,293.75988045814535,295.52522559779794,1.7653451396525952,24.35960775396717,0.974781871195531,0.15033986405437824,0.1563374650139944,advective posterior physics mean + sequential advective ST,top_1pct,25,5.872426136798383,4.983318749065245,-4.983318749065245,4.547418540907482,0.7643785629621139,0.0,2.9991787223183426,6.526464645601391
HorizontalScanPath_7,Horizontal,evaluation,4,target_15pct,0.15,293.75988045814535,295.52522559779794,1.7653451396525952,24.35960775396717,0.974781871195531,0.15033986405437824,0.1563374650139944,advective posterior physics mean + sequential advective ST,unsaturated_full_grid,2125,0.19777025366394163,0.1359285377475606,0.08147307783855119,0.17699835431660238,0.6599322728883719,1.0,2.57845563972884,0.21054086950199136
HorizontalScanPath_7,Horizontal,evaluation,4,target_15pct,0.15,293.75988045814535,295.52522559779794,1.7653451396525952,24.35960775396717,0.974781871195531,0.15033986405437824,0.1563374650139944,single-frame censored RBF,deliberately_hidden_observable,294,0.5898611561489251,0.4894113498007013,-0.1211216461136727,0.34300838917466964,0.493045737785262,0.9047619047619048,1.916051292767775,1.0020800956283626
HorizontalScanPath_7,Horizontal,evaluation,4,target_15pct,0.15,293.75988045814535,295.52522559779794,1.7653451396525952,24.35960775396717,0.974781871195531,0.15033986405437824,0.1563374650139944,single-frame censored RBF,near_ceiling_unsaturated_1K,2027,0.23531184842445232,0.1509791322523221,0.06998179454053118,0.6767265365300608,2.8446486078996784,1.0,11.118089620880207,0.07707879967502582
HorizontalScanPath_7,Horizontal,evaluation,4,target_15pct,0.15,293.75988045814535,295.52522559779794,1.7653451396525952,24.35960775396717,0.974781871195531,0.15033986405437824,0.1563374650139944,single-frame censored RBF,observed_censored_full_grid,376,2.132700727549774,1.0413418880753442,-0.7520548280629455,0.8683847260116396,0.49126301108030607,0.723404255319149,1.9095617034467403,2.16419763998464
HorizontalScanPath_7,Horizontal,evaluation,4,target_15pct,0.15,293.75988045814535,295.52522559779794,1.7653451396525952,24.35960775396717,0.974781871195531,0.15033986405437824,0.1563374650139944,single-frame censored RBF,overall,2501,0.8549159566449734,0.28502293418722624,-0.05713138485006974,0.7055389199633116,2.4890658955249076,0.9584166333466614,9.727234581158836,0.3928790603401125
HorizontalScanPath_7,Horizontal,evaluation,4,target_15pct,0.15,293.75988045814535,295.52522559779794,1.7653451396525952,24.35960775396717,0.974781871195531,0.15033986405437824,0.1563374650139944,single-frame censored RBF,top_1pct,25,7.499755588230796,5.880309236295043,-5.880309236295043,5.606923898914135,0.48523084088464263,0.0,1.8826138395385328,12.36025799094609
HorizontalScanPath_7,Horizontal,evaluation,4,target_15pct,0.15,293.75988045814535,295.52522559779794,1.7653451396525952,24.35960775396717,0.974781871195531,0.15033986405437824,0.1563374650139944,single-frame censored RBF,unsaturated_full_grid,2125,0.23537809756755712,0.151198968699258,0.06582918674900852,0.676724791457819,2.842559488254871,1.0,11.110502817403425,0.0794598669535985
HorizontalScanPath_7,Horizontal,evaluation,5,target_20pct,0.2,293.58216932464046,295.52522559779794,1.943056273157481,24.537318887472054,0.9818932168707075,0.20031987205117952,0.20631747301079567,advective posterior physics mean + sequential advective ST,deliberately_hidden_observable,419,0.5858410264786065,0.4197411285278193,-0.2542868767886285,0.32844345181859613,0.6997484020754395,0.9737470167064439,2.732337791051035,0.5982336008689241
HorizontalScanPath_7,Horizontal,evaluation,5,target_20pct,0.2,293.58216932464046,295.52522559779794,1.943056273157481,24.537318887472054,0.9818932168707075,0.20031987205117952,0.20631747301079567,advective posterior physics mean + sequential advective ST,near_ceiling_unsaturated_1K,1985,0.19578380253013772,0.1370492877210921,0.08770519184329302,0.17689622236519437,0.6619725933893418,1.0,2.5874817252112017,0.21023679171559295
HorizontalScanPath_7,Horizontal,evaluation,5,target_20pct,0.2,293.58216932464046,295.52522559779794,1.943056273157481,24.537318887472054,0.9818932168707075,0.20031987205117952,0.20631747301079567,advective posterior physics mean + sequential advective ST,observed_censored_full_grid,501,1.678476124949711,0.8625860753613223,-0.7224688755200515,0.720869672514968,0.7028994295848654,0.8223552894211577,2.743982989730491,1.2053756148703196
HorizontalScanPath_7,Horizontal,evaluation,5,target_20pct,0.2,293.58216932464046,295.52522559779794,1.943056273157481,24.537318887472054,0.9818932168707075,0.20031987205117952,0.20631747301079567,advective posterior physics mean + sequential advective ST,overall,2501,0.7714446329013016,0.28268580853929165,-0.07560563321675663,0.2859389127217418,0.6699473580429148,0.9644142343062775,2.6178287827077282,0.41041712147378956
HorizontalScanPath_7,Horizontal,evaluation,5,target_20pct,0.2,293.58216932464046,295.52522559779794,1.943056273157481,24.537318887472054,0.9818932168707075,0.20031987205117952,0.20631747301079567,advective posterior physics mean + sequential advective ST,top_1pct,25,6.302570643482023,5.483477297732341,-5.483477297732341,5.066038749666401,0.733527799222641,0.0,2.8565988995602516,7.462599108918104
HorizontalScanPath_7,Horizontal,evaluation,5,target_20pct,0.2,293.58216932464046,295.52522559779794,1.943056273157481,24.537318887472054,0.9818932168707075,0.20031987205117952,0.20631747301079567,advective posterior physics mean + sequential advective ST,unsaturated_full_grid,2000,0.19615535652521354,0.13742079170037297,0.08643360898021873,0.17698875739353867,0.6616928641216563,1.0,2.5862271538485264,0.21128001887795864
HorizontalScanPath_7,Horizontal,evaluation,5,target_20pct,0.2,293.58216932464046,295.52522559779794,1.943056273157481,24.537318887472054,0.9818932168707075,0.20031987205117952,0.20631747301079567,single-frame censored RBF,deliberately_hidden_observable,419,0.6723270619789261,0.5557317665632627,-0.1377581530461072,0.40133687858090333,0.46368472373274994,0.8257756563245824,1.8105442174086575,1.2192400426480516
HorizontalScanPath_7,Horizontal,evaluation,5,target_20pct,0.2,293.58216932464046,295.52522559779794,1.943056273157481,24.537318887472054,0.9818932168707075,0.20031987205117952,0.20631747301079567,single-frame censored RBF,near_ceiling_unsaturated_1K,1985,0.29811065428775374,0.22197457254683647,0.15976452639705258,0.6392613920716548,2.65942924457881,1.0,10.399208133835538,0.10831368336318296
HorizontalScanPath_7,Horizontal,evaluation,5,target_20pct,0.2,293.58216932464046,295.52522559779794,1.943056273157481,24.537318887472054,0.9818932168707075,0.20031987205117952,0.20631747301079567,single-frame censored RBF,observed_censored_full_grid,501,1.9943703777424018,1.0249311213014496,-0.6749241973985278,0.8569169367082294,0.45746937585041647,0.6926147704590818,1.7859380833030833,2.3208866200531597
HorizontalScanPath_7,Horizontal,evaluation,5,target_20pct,0.2,293.58216932464046,295.52522559779794,1.943056273157481,24.537318887472054,0.9818932168707075,0.20031987205117952,0.20631747301079567,single-frame censored RBF,overall,2501,0.9317051207521477,0.3829564042860568,-0.008902127077029328,0.6829130634126926,2.217555144058293,0.9384246301479409,8.66970352728843,0.5524204670838471
HorizontalScanPath_7,Horizontal,evaluation,5,target_20pct,0.2,293.58216932464046,295.52522559779794,1.943056273157481,24.537318887472054,0.9818932168707075,0.20031987205117952,0.20631747301079567,single-frame censored RBF,top_1pct,25,7.760501424437142,6.245226993125036,-6.245226993125036,5.999507648625422,0.4303564727660573,0.0,1.688389341965251,14.267978759368907
HorizontalScanPath_7,Horizontal,evaluation,5,target_20pct,0.2,293.58216932464046,295.52522559779794,1.943056273157481,24.537318887472054,0.9818932168707075,0.20031987205117952,0.20631747301079567,single-frame censored RBF,unsaturated_full_grid,2000,0.29859675107883404,0.222141737673701,0.15793640153850602,0.6393250931521607,2.658456628994366,1.0,10.39408677100676,0.10941969576503413
HorizontalScanPath_8,Horizontal,evaluation,0,reference,0.03,295.71434881764065,295.71434881764065,0.0,21.03719645851851,0.890738741613233,0.032387045181927226,0.03318672530987605,advective posterior physics mean + sequential advective ST,deliberately_hidden_observable,0,,,,,,,,
HorizontalScanPath_8,Horizontal,evaluation,0,reference,0.03,295.71434881764065,295.71434881764065,0.0,21.03719645851851,0.890738741613233,0.032387045181927226,0.03318672530987605,advective posterior physics mean + sequential advective ST,near_ceiling_unsaturated_1K,96,1.0564373034684935,0.5177564065891117,0.43900455125265303,0.4095446777988514,0.8112920553842663,0.9895833333333334,3.1800035238916293,0.45134464722263945
HorizontalScanPath_8,Horizontal,evaluation,0,reference,0.03,295.71434881764065,295.71434881764065,0.0,21.03719645851851,0.890738741613233,0.032387045181927226,0.03318672530987605,advective posterior physics mean + sequential advective ST,observed_censored_full_grid,81,2.6289448256150174,2.0683665448600994,1.2942697041864069,1.4519760652986764,1.7993818404670934,0.9135802469135802,7.008844003856565,1.0735903123964403
HorizontalScanPath_8,Horizontal,evaluation,0,reference,0.03,295.71434881764065,295.71434881764065,0.0,21.03719645851851,0.890738741613233,0.032387045181927226,0.03318672530987605,advective posterior physics mean + sequential advective ST,overall,2501,0.5488459915253471,0.213576457916101,0.12201552941917826,0.22609721838760133,0.6998010198564932,0.9968012794882047,2.7338301151849342,0.25059611365020634
HorizontalScanPath_8,Horizontal,evaluation,0,reference,0.03,295.71434881764065,295.71434881764065,0.0,21.03719645851851,0.890738741613233,0.032387045181927226,0.03318672530987605,advective posterior physics mean + sequential advective ST,top_1pct,25,2.9296070769575446,2.005319891185268,-0.392287200001806,1.5345093151864413,1.9591271067557,0.88,7.649397637203212,1.0512626384824055
HorizontalScanPath_8,Horizontal,evaluation,0,reference,0.03,295.71434881764065,295.71434881764065,0.0,21.03719645851851,0.890738741613233,0.032387045181927226,0.03318672530987605,advective posterior physics mean + sequential advective ST,unsaturated_full_grid,2420,0.28281467179497666,0.1514946409564052,0.08277892274308507,0.18506573632156953,0.6629968684228326,0.9995867768595041,2.590740807340966,0.2230496136095266
HorizontalScanPath_8,Horizontal,evaluation,0,reference,0.03,295.71434881764065,295.71434881764065,0.0,21.03719645851851,0.890738741613233,0.032387045181927226,0.03318672530987605,single-frame censored RBF,deliberately_hidden_observable,0,,,,,,,,
HorizontalScanPath_8,Horizontal,evaluation,0,reference,0.03,295.71434881764065,295.71434881764065,0.0,21.03719645851851,0.890738741613233,0.032387045181927226,0.03318672530987605,single-frame censored RBF,near_ceiling_unsaturated_1K,96,1.4146033680930072,1.168643175472064,0.6069024538188673,0.9161931308294174,2.6471517106834406,0.9895833333333334,10.291394347152528,0.49030276654515764
HorizontalScanPath_8,Horizontal,evaluation,0,reference,0.03,295.71434881764065,295.71434881764065,0.0,21.03719645851851,0.890738741613233,0.032387045181927226,0.03318672530987605,single-frame censored RBF,observed_censored_full_grid,81,3.2947891445140085,2.506614956892048,1.420687398092636,1.6847402859363163,1.8831690146379108,0.8024691358024691,7.06018205530619,1.3361096119868359
HorizontalScanPath_8,Horizontal,evaluation,0,reference,0.03,295.71434881764065,295.71434881764065,0.0,21.03719645851851,0.890738741613233,0.032387045181927226,0.03318672530987605,single-frame censored RBF,overall,2501,0.7105824587135997,0.2601855481451309,0.029204151737834368,0.748482812137066,2.9312883586109457,0.9932027189124351,11.444340236696124,0.12288139112962244
HorizontalScanPath_8,Horizontal,evaluation,0,reference,0.03,295.71434881764065,295.71434881764065,0.0,21.03719645851851,0.890738741613233,0.032387045181927226,0.03318672530987605,single-frame censored RBF,top_1pct,25,4.515737610348548,2.602986678047123,-0.9154186124629723,2.0705174023378414,1.9659984027236683,0.84,7.349757106113189,1.3453438919561915
HorizontalScanPath_8,Horizontal,evaluation,0,reference,0.03,295.71434881764065,295.71434881764065,0.0,21.03719645851851,0.890738741613233,0.032387045181927226,0.03318672530987605,single-frame censored RBF,unsaturated_full_grid,2420,0.39809309304031376,0.18499514231517206,-0.01737028749966106,0.7171452685925458,2.9663700391323573,0.9995867768595041,11.591082721279838,0.08227333910919506
HorizontalScanPath_8,Horizontal,evaluation,1,target_5pct,0.05,295.1877028582759,295.71434881764065,0.526645959364771,21.56384241788328,0.9130375284332951,0.05037984806077569,0.05197920831667333,advective posterior physics mean + sequential advective ST,deliberately_hidden_observable,44,2.9454665583390804,2.578011327843228,2.558551123753693,1.807247017011622,1.6289706854879176,0.7727272727272727,6.295334037078543,1.3898514419187207
HorizontalScanPath_8,Horizontal,evaluation,1,target_5pct,0.05,295.1877028582759,295.71434881764065,0.526645959364771,21.56384241788328,0.9130375284332951,0.05037984806077569,0.05197920831667333,advective posterior physics mean + sequential advective ST,near_ceiling_unsaturated_1K,137,1.0481758821008416,0.49820369499717837,0.40773605774063404,0.39300292657923164,0.7841444807939811,0.9854014598540146,3.0675892218217506,0.45079556732856935
HorizontalScanPath_8,Horizontal,evaluation,1,target_5pct,0.05,295.1877028582759,295.71434881764065,0.526645959364771,21.56384241788328,0.9130375284332951,0.05037984806077569,0.05197920831667333,advective posterior physics mean + sequential advective ST,observed_censored_full_grid,126,2.837266629722365,2.3834326615573773,1.81102755967146,1.6621550792147108,1.8562277901622384,0.873015873015873,7.242124243953333,1.2400568383543826
HorizontalScanPath_8,Horizontal,evaluation,1,target_5pct,0.05,295.1877028582759,295.71434881764065,0.526645959364771,21.56384241788328,0.9130375284332951,0.05037984806077569,0.05197920831667333,advective posterior physics mean + sequential advective ST,overall,2501,0.7086525575077728,0.26765414445631985,0.17421674951797464,0.2628014227015033,0.724665045553768,0.9928028788484606,2.831267138997404,0.2743904968275093
HorizontalScanPath_8,Horizontal,evaluation,1,target_5pct,0.05,295.1877028582759,295.71434881764065,0.526645959364771,21.56384241788328,0.9130375284332951,0.05037984806077569,0.05197920831667333,advective posterior physics mean + sequential advective ST,top_1pct,25,3.147263026217147,1.9088803220223713,-0.9358085333697431,1.5568715913356925,2.061532003978351,0.84,8.073312325337467,0.9686372410758018
HorizontalScanPath_8,Horizontal,evaluation,1,target_5pct,0.05,295.1877028582759,295.71434881764065,0.526645959364771,21.56384241788328,0.9130375284332951,0.05037984806077569,0.05197920831667333,advective posterior physics mean + sequential advective ST,unsaturated_full_grid,2375,0.3189872022893251,0.15540652628590584,0.08737962864246342,0.18856202871385525,0.6646326641555923,0.9991578947368421,2.5972595620607946,0.22315935618229416
HorizontalScanPath_8,Horizontal,evaluation,1,target_5pct,0.05,295.1877028582759,295.71434881764065,0.526645959364771,21.56384241788328,0.9130375284332951,0.05037984806077569,0.05197920831667333,single-frame censored RBF,deliberately_hidden_observable,44,2.8095222535930726,2.7637162154382264,2.7637162154382264,1.8370246836102249,1.6842389553438828,0.38636363636363635,6.322201790337152,1.6635028657530915
HorizontalScanPath_8,Horizontal,evaluation,1,target_5pct,0.05,295.1877028582759,295.71434881764065,0.526645959364771,21.56384241788328,0.9130375284332951,0.05037984806077569,0.05197920831667333,single-frame censored RBF,near_ceiling_unsaturated_1K,137,1.243806125165214,1.0025612563026611,-0.013049938960032283,0.8747616210065573,2.7164826055861684,0.9781021897810219,10.554687381284912,0.4238811880245185
HorizontalScanPath_8,Horizontal,evaluation,1,target_5pct,0.05,295.1877028582759,295.71434881764065,0.526645959364771,21.56384241788328,0.9130375284332951,0.05037984806077569,0.05197920831667333,single-frame censored RBF,observed_censored_full_grid,126,3.179158886539037,2.4403979264608564,1.5163868635263151,1.6805105170163948,1.7294602614622943,0.6904761904761905,6.536648430135729,1.4485242935580545
HorizontalScanPath_8,Horizontal,evaluation,1,target_5pct,0.05,295.1877028582759,295.71434881764065,0.526645959364771,21.56384241788328,0.9130375284332951,0.05037984806077569,0.05197920831667333,single-frame censored RBF,overall,2501,0.7982701013910294,0.28348426475280014,0.05145519558242661,0.7624148829060646,2.900002485518107,0.9832067173130747,11.3178708921621,0.1473300791925078
HorizontalScanPath_8,Horizontal,evaluation,1,target_5pct,0.05,295.1877028582759,295.71434881764065,0.526645959364771,21.56384241788328,0.9130375284332951,0.05037984806077569,0.05197920831667333,single-frame censored RBF,top_1pct,25,5.139686484710793,2.832942036030729,-1.777015640450752,2.4227184094822887,1.8485122903451952,0.84,7.0966953038309635,1.6697552767582133
HorizontalScanPath_8,Horizontal,evaluation,1,target_5pct,0.05,295.1877028582759,295.71434881764065,0.526645959364771,21.56384241788328,0.9130375284332951,0.05037984806077569,0.05197920831667333,single-frame censored RBF,unsaturated_full_grid,2375,0.36720088730170836,0.16905431891060427,-0.02626328448533336,0.7137074934753691,2.9621028308785418,0.9987368421052631,11.571527325936973,0.07829830192511458
HorizontalScanPath_8,Horizontal,evaluation,2,target_7.5pct,0.075,294.5977749294631,295.71434881764065,1.116573888177527,22.153770346696035,0.9380157455635724,0.07516993202718912,0.08196721311475409,advective posterior physics mean + sequential advective ST,deliberately_hidden_observable,107,2.5001439513467627,2.3228065964932916,2.309235804860096,1.5612026695020678,1.6201365835206614,0.8785046728971962,6.309672722682085,1.3805069650502797
HorizontalScanPath_8,Horizontal,evaluation,2,target_7.5pct,0.075,294.5977749294631,295.71434881764065,1.116573888177527,22.153770346696035,0.9380157455635724,0.07516993202718912,0.08196721311475409,advective posterior physics mean + sequential advective ST,near_ceiling_unsaturated_1K,307,0.8806950094320602,0.41901548807667877,0.2920992877275715,0.3428754994529682,0.7442823213150854,0.9804560260586319,2.9149254594732765,0.41970215182792975
HorizontalScanPath_8,Horizontal,evaluation,2,target_7.5pct,0.075,294.5977749294631,295.71434881764065,1.116573888177527,22.153770346696035,0.9380157455635724,0.07516993202718912,0.08196721311475409,advective posterior physics mean + sequential advective ST,observed_censored_full_grid,188,2.5090842276937617,2.0459066853425463,1.4108178716262925,1.4245510332522238,1.66722311240558,0.898936170212766,6.500301838223649,1.226486718862289
HorizontalScanPath_8,Horizontal,evaluation,2,target_7.5pct,0.075,294.5977749294631,295.71434881764065,1.116573888177527,22.153770346696035,0.9380157455635724,0.07516993202718912,0.08196721311475409,advective posterior physics mean + sequential advective ST,overall,2501,0.7714149090079836,0.30695906149259344,0.19751515458439944,0.28817117132233355,0.7438074155190797,0.9900039984006398,2.904978929913639,0.3029935641922978
HorizontalScanPath_8,Horizontal,evaluation,2,target_7.5pct,0.075,294.5977749294631,295.71434881764065,1.116573888177527,22.153770346696035,0.9380157455635724,0.07516993202718912,0.08196721311475409,advective posterior physics mean + sequential advective ST,top_1pct,25,3.848804023398339,2.3539312644297117,-2.1934125491341594,2.0095915732591205,1.6944519821196502,0.76,6.643108160963413,1.5755888921750474
HorizontalScanPath_8,Horizontal,evaluation,2,target_7.5pct,0.075,294.5977749294631,295.71434881764065,1.116573888177527,22.153770346696035,0.9380157455635724,0.07516993202718912,0.08196721311475409,advective posterior physics mean + sequential advective ST,unsaturated_full_grid,2313,0.36297683409240056,0.16561787978753892,0.09889824546037182,0.1958065305774916,0.6687524431824337,0.9974059662775616,2.6127520787410132,0.2279322961084421
HorizontalScanPath_8,Horizontal,evaluation,2,target_7.5pct,0.075,294.5977749294631,295.71434881764065,1.116573888177527,22.153770346696035,0.9380157455635724,0.07516993202718912,0.08196721311475409,single-frame censored RBF,deliberately_hidden_observable,107,2.229662749900018,2.1721607516759414,2.1721607516759414,1.278543829052754,1.7266643411103086,0.822429906542056,6.434245371153887,1.2858292312868405
HorizontalScanPath_8,Horizontal,evaluation,2,target_7.5pct,0.075,294.5977749294631,295.71434881764065,1.116573888177527,22.153770346696035,0.9380157455635724,0.07516993202718912,0.08196721311475409,single-frame censored RBF,near_ceiling_unsaturated_1K,307,0.8851060062866926,0.5540983917908026,0.20711848820903198,0.7698802392903112,2.765821386289227,0.996742671009772,10.817440310756776,0.24828036976867185
HorizontalScanPath_8,Horizontal,evaluation,2,target_7.5pct,0.075,294.5977749294631,295.71434881764065,1.116573888177527,22.153770346696035,0.9380157455635724,0.07516993202718912,0.08196721311475409,single-frame censored RBF,observed_censored_full_grid,188,2.7112966659882836,1.9914943177325362,1.1443131687323187,1.284254753203277,1.7172280656489933,0.8723404255319149,6.421097303289675,1.1911371415414562
HorizontalScanPath_8,Horizontal,evaluation,2,target_7.5pct,0.075,294.5977749294631,295.71434881764065,1.116573888177527,22.153770346696035,0.9380157455635724,0.07516993202718912,0.08196721311475409,single-frame censored RBF,overall,2501,0.8238711688783582,0.2975377923989642,0.10363376215703905,0.7554227024866039,2.8623913445743283,0.9900039984006398,11.158218759817753,0.16023560813705753
HorizontalScanPath_8,Horizontal,evaluation,2,target_7.5pct,0.075,294.5977749294631,295.71434881764065,1.116573888177527,22.153770346696035,0.9380157455635724,0.07516993202718912,0.08196721311475409,single-frame censored RBF,top_1pct,25,5.502308435112491,3.099828244872308,-3.0770190081699433,2.701098903410808,1.6891985178784628,0.8,6.325081967964004,1.9727852772769177
HorizontalScanPath_8,Horizontal,evaluation,2,target_7.5pct,0.075,294.5977749294631,295.71434881764065,1.116573888177527,22.153770346696035,0.9380157455635724,0.07516993202718912,0.08196721311475409,single-frame censored RBF,unsaturated_full_grid,2313,0.36937196445126536,0.15985347473242226,0.019047627943397646,0.7124393797305578,2.9554698990222152,0.9995676610462603,11.543250681057389,0.07644421674923783
HorizontalScanPath_8,Horizontal,evaluation,3,target_10pct,0.1,294.233881730295,295.71434881764065,1.4804670873456303,22.51766354586414,0.9534233960529207,0.10035985605757697,0.10475809676129548,advective posterior physics mean + sequential advective ST,deliberately_hidden_observable,169,1.525002186815667,1.3368864306365986,1.309432480777337,0.8630371925735267,1.250094147667087,0.9940828402366864,4.886636027106817,1.0164190140629858
HorizontalScanPath_8,Horizontal,evaluation,3,target_10pct,0.1,294.233881730295,295.71434881764065,1.4804670873456303,22.51766354586414,0.9534233960529207,0.10035985605757697,0.10475809676129548,advective posterior physics mean + sequential advective ST,near_ceiling_unsaturated_1K,1009,0.3719576224731925,0.191411636066916,0.10777823971474661,0.20683436514103945,0.6693308164226502,0.9970267591674926,2.614345707535692,0.2654481540247873
HorizontalScanPath_8,Horizontal,evaluation,3,target_10pct,0.1,294.233881730295,295.71434881764065,1.4804670873456303,22.51766354586414,0.9534233960529207,0.10035985605757697,0.10475809676129548,advective posterior physics mean + sequential advective ST,observed_censored_full_grid,251,1.9129199175139235,1.366865407114432,0.6437046520876599,0.9498943240133063,1.311032440221805,0.9641434262948207,5.120123252598272,1.0313918715881465
HorizontalScanPath_8,Horizontal,evaluation,3,target_10pct,0.1,294.233881730295,295.71434881764065,1.4804670873456303,22.51766354586414,0.9534233960529207,0.10035985605757697,0.10475809676129548,advective posterior physics mean + sequential advective ST,overall,2501,0.6619478426008032,0.2747836133986831,0.1418542476760656,0.26425906065693683,0.7285427274471898,0.995201919232307,2.8456952590696862,0.30482329604416875
HorizontalScanPath_8,Horizontal,evaluation,3,target_10pct,0.1,294.233881730295,295.71434881764065,1.4804670873456303,22.51766354586414,0.9534233960529207,0.10035985605757697,0.10475809676129548,advective posterior physics mean + sequential advective ST,top_1pct,25,4.402469304961602,3.090818190329196,-3.090818190329196,2.5165762316710296,1.5142836275673748,0.72,5.896584629490353,2.2841128841472296
HorizontalScanPath_8,Horizontal,evaluation,3,target_10pct,0.1,294.233881730295,295.71434881764065,1.4804670873456303,22.51766354586414,0.9534233960529207,0.10035985605757697,0.10475809676129548,advective posterior physics mean + sequential advective ST,unsaturated_full_grid,2250,0.28079302416135465,0.15295582218861511,0.08587004700614999,0.1877726379447374,0.6635627639332217,0.9986666666666667,2.5919701806804976,0.22377053495015167
HorizontalScanPath_8,Horizontal,evaluation,3,target_10pct,0.1,294.233881730295,295.71434881764065,1.4804670873456303,22.51766354586414,0.9534233960529207,0.10035985605757697,0.10475809676129548,single-frame censored RBF,deliberately_hidden_observable,169,0.7981193590229734,0.7008746642710538,0.6543577530889573,0.44154230382294696,0.8113059552839138,0.9881656804733728,3.104053183742111,0.8702970580844165
HorizontalScanPath_8,Horizontal,evaluation,3,target_10pct,0.1,294.233881730295,295.71434881764065,1.4804670873456303,22.51766354586414,0.9534233960529207,0.10035985605757697,0.10475809676129548,single-frame censored RBF,near_ceiling_unsaturated_1K,1009,0.28199950828878423,0.1620653836849925,0.051162928420551715,0.679740778904395,2.8323415128220635,1.0,11.060815004166331,0.09379462616006164
HorizontalScanPath_8,Horizontal,evaluation,3,target_10pct,0.1,294.233881730295,295.71434881764065,1.4804670873456303,22.51766354586414,0.9534233960529207,0.10035985605757697,0.10475809676129548,single-frame censored RBF,observed_censored_full_grid,251,2.259250572966685,1.1725556151545697,-0.22801398327318878,0.8926888683670852,0.8107033714906605,0.8605577689243028,3.0949998696714247,1.4970735755676765
HorizontalScanPath_8,Horizontal,evaluation,3,target_10pct,0.1,294.233881730295,295.71434881764065,1.4804670873456303,22.51766354586414,0.9534233960529207,0.10035985605757697,0.10475809676129548,single-frame censored RBF,overall,2501,0.7427376596722333,0.22262797503230808,-0.006830518404150471,0.7133548918520104,2.711483589365449,0.9860055977608957,10.581933434740249,0.20895042774655787
HorizontalScanPath_8,Horizontal,evaluation,3,target_10pct,0.1,294.233881730295,295.71434881764065,1.4804670873456303,22.51766354586414,0.9534233960529207,0.10035985605757697,0.10475809676129548,single-frame censored RBF,top_1pct,25,6.622405543347041,4.808461596260916,-4.808461596260916,4.326047654138446,0.8609062544256141,0.16,3.178558040565308,6.183849565932989
HorizontalScanPath_8,Horizontal,evaluation,3,target_10pct,0.1,294.233881730295,295.71434881764065,1.4804670873456303,22.51766354586414,0.9534233960529207,0.10035985605757697,0.10475809676129548,single-frame censored RBF,unsaturated_full_grid,2250,0.20927625119342144,0.11665826940089134,0.017843725899017802,0.6933491904718843,2.923526182559481,1.0,11.417142467999037,0.06525313436740197
HorizontalScanPath_8,Horizontal,evaluation,4,target_15pct,0.15,293.7822010693023,295.71434881764065,1.932147748338366,22.969344206856874,0.9725480671742378,0.15033986405437824,0.1531387445021991,advective posterior physics mean + sequential advective ST,deliberately_hidden_observable,294,0.554336186878689,0.4285850420780144,-0.24100681068564508,0.317754900457058,0.7281556707165857,0.9897959183673469,2.8464950854075157,0.5870666238547243
HorizontalScanPath_8,Horizontal,evaluation,4,target_15pct,0.15,293.7822010693023,295.71434881764065,1.932147748338366,22.969344206856874,0.9725480671742378,0.15033986405437824,0.1531387445021991,advective posterior physics mean + sequential advective ST,near_ceiling_unsaturated_1K,1986,0.19732871618614292,0.13406546946940473,0.07768265876998642,0.17657605397419784,0.6581622179362354,1.0,2.571715234080089,0.20778870033841634
HorizontalScanPath_8,Horizontal,evaluation,4,target_15pct,0.15,293.7822010693023,295.71434881764065,1.932147748338366,22.969344206856874,0.9725480671742378,0.15033986405437824,0.1531387445021991,advective posterior physics mean + sequential advective ST,observed_censored_full_grid,376,1.8462020674892843,0.9798922480166066,-0.8318522217691035,0.8038002478643161,0.732787033876875,0.824468085106383,2.863554194010355,1.3132144802790116
HorizontalScanPath_8,Horizontal,evaluation,4,target_15pct,0.15,293.7822010693023,295.71434881764065,1.932147748338366,22.969344206856874,0.9725480671742378,0.15033986405437824,0.1531387445021991,advective posterior physics mean + sequential advective ST,overall,2501,0.7385240070539848,0.2612990350054089,-0.05911883259473143,0.2710576842177294,0.6703124818627333,0.973610555777689,2.6192011299003055,0.37414299219139674
HorizontalScanPath_8,Horizontal,evaluation,4,target_15pct,0.15,293.7822010693023,295.71434881764065,1.932147748338366,22.969344206856874,0.9725480671742378,0.15033986405437824,0.1531387445021991,advective posterior physics mean + sequential advective ST,top_1pct,25,6.207096740639249,5.407330359825457,-5.407330359825457,4.973520088382503,0.7652827271242301,0.0,2.9895978285367755,7.0728015933476005
HorizontalScanPath_8,Horizontal,evaluation,4,target_15pct,0.15,293.7822010693023,295.71434881764065,1.932147748338366,22.969344206856874,0.9725480671742378,0.15033986405437824,0.1531387445021991,advective posterior physics mean + sequential advective ST,unsaturated_full_grid,2125,0.19704636703911166,0.13415030649142756,0.07760952238388687,0.17679358825014513,0.659258161129878,1.0,2.575965011262481,0.20798257829918818
HorizontalScanPath_8,Horizontal,evaluation,4,target_15pct,0.15,293.7822010693023,295.71434881764065,1.932147748338366,22.969344206856874,0.9725480671742378,0.15033986405437824,0.1531387445021991,single-frame censored RBF,deliberately_hidden_observable,294,0.6133338948352657,0.5011498321012435,-0.13177119256713615,0.35563779411560564,0.513227681901474,0.9217687074829932,2.00432972183356,0.9862343852463117
HorizontalScanPath_8,Horizontal,evaluation,4,target_15pct,0.15,293.7822010693023,295.71434881764065,1.932147748338366,22.969344206856874,0.9725480671742378,0.15033986405437824,0.1531387445021991,single-frame censored RBF,near_ceiling_unsaturated_1K,1986,0.21499468171386454,0.13408336991153122,0.06277184850208319,0.6727799648235216,2.8369637439995175,1.0,11.080898758793914,0.07264835811810333
HorizontalScanPath_8,Horizontal,evaluation,4,target_15pct,0.15,293.7822010693023,295.71434881764065,1.932147748338366,22.969344206856874,0.9725480671742378,0.15033986405437824,0.1531387445021991,single-frame censored RBF,observed_censored_full_grid,376,2.174395642309369,1.0954002920617274,-0.803597828173837,0.9230349923519621,0.5077793099904704,0.7393617021276596,1.9824726230876466,2.198380156256631
HorizontalScanPath_8,Horizontal,evaluation,4,target_15pct,0.15,293.7822010693023,295.71434881764065,1.932147748338366,22.969344206856874,0.9725480671742378,0.15033986405437824,0.1531387445021991,single-frame censored RBF,overall,2501,0.8657329032058646,0.27715743273603866,-0.068745934462226,0.7132198861079708,2.4989151177276114,0.9608156737305078,9.760269546181977,0.39192667274427484
HorizontalScanPath_8,Horizontal,evaluation,4,target_15pct,0.15,293.7822010693023,295.71434881764065,1.932147748338366,22.969344206856874,0.9725480671742378,0.15033986405437824,0.1531387445021991,single-frame censored RBF,top_1pct,25,7.524428304361295,6.035554067598175,-6.035554067598175,5.752313752108854,0.5081636020854786,0.0,1.966702222401416,11.775639454334339
HorizontalScanPath_8,Horizontal,evaluation,4,target_15pct,0.15,293.7822010693023,295.71434881764065,1.932147748338366,22.969344206856874,0.9725480671742378,0.15033986405437824,0.1531387445021991,single-frame censored RBF,unsaturated_full_grid,2125,0.21338338079428398,0.13237657856829324,0.061279624142746104,0.6760949543678576,2.851229030061336,1.0,11.13648208410361,0.07229066813220625
HorizontalScanPath_8,Horizontal,evaluation,5,target_20pct,0.2,293.58969660600656,295.71434881764065,2.1246522116341,23.161848670152608,0.9806989243347479,0.20031987205117952,0.20871651339464214,advective posterior physics mean + sequential advective ST,deliberately_hidden_observable,419,0.6472663642616596,0.4613797279979399,-0.31440579996074947,0.3578146160482463,0.7064845065109134,0.9594272076372315,2.7582740096081,0.6478039705398408
HorizontalScanPath_8,Horizontal,evaluation,5,target_20pct,0.2,293.58969660600656,295.71434881764065,2.1246522116341,23.161848670152608,0.9806989243347479,0.20031987205117952,0.20871651339464214,advective posterior physics mean + sequential advective ST,near_ceiling_unsaturated_1K,1964,0.19550910113792322,0.1343191624019171,0.08422285565019638,0.17679732980349322,0.6616470603408073,1.0,2.5855537093057666,0.20614319147171217
HorizontalScanPath_8,Horizontal,evaluation,5,target_20pct,0.2,293.58969660600656,295.71434881764065,2.1246522116341,23.161848670152608,0.9806989243347479,0.20031987205117952,0.20871651339464214,advective posterior physics mean + sequential advective ST,observed_censored_full_grid,501,1.7694595579024575,0.9340134810368828,-0.807759643171029,0.7804559131750247,0.70979185534424,0.810379241516966,2.7734233000452178,1.2892069691370647
HorizontalScanPath_8,Horizontal,evaluation,5,target_20pct,0.2,293.58969660600656,295.71434881764065,2.1246522116341,23.161848670152608,0.9806989243347479,0.20031987205117952,0.20871651339464214,advective posterior physics mean + sequential advective ST,overall,2501,0.8114780067141374,0.2956802246861648,-0.09338404533029057,0.29816178026997586,0.6715600381515643,0.9620151939224311,2.623815934777276,0.4248111941140076
HorizontalScanPath_8,Horizontal,evaluation,5,target_20pct,0.2,293.58969660600656,295.71434881764065,2.1246522116341,23.161848670152608,0.9806989243347479,0.20031987205117952,0.20871651339464214,advective posterior physics mean + sequential advective ST,top_1pct,25,6.544148522514066,5.796638255745076,-5.796638255745076,5.370473686549456,0.7437622490173287,0.0,2.930831738759555,7.790872799780498
HorizontalScanPath_8,Horizontal,evaluation,5,target_20pct,0.2,293.58969660600656,295.71434881764065,2.1246522116341,23.161848670152608,0.9806989243347479,0.20031987205117952,0.20871651339464214,advective posterior physics mean + sequential advective ST,unsaturated_full_grid,2000,0.197832421956087,0.1357777439703099,0.08556704192881441,0.1773470999772611,0.6619829679447989,1.0,2.5863392897776567,0.2082800524707318
HorizontalScanPath_8,Horizontal,evaluation,5,target_20pct,0.2,293.58969660600656,295.71434881764065,2.1246522116341,23.161848670152608,0.9806989243347479,0.20031987205117952,0.20871651339464214,single-frame censored RBF,deliberately_hidden_observable,419,0.7354008287327134,0.5992545957126142,-0.20283351659760865,0.43852217748791106,0.46049398169783307,0.7995226730310262,1.797134500860087,1.326339124726074
HorizontalScanPath_8,Horizontal,evaluation,5,target_20pct,0.2,293.58969660600656,295.71434881764065,2.1246522116341,23.161848670152608,0.9806989243347479,0.20031987205117952,0.20871651339464214,single-frame censored RBF,near_ceiling_unsaturated_1K,1964,0.3002389880037272,0.22552624564694132,0.17220075842884242,0.6355552259131684,2.6485880952887086,1.0,10.330140351365273,0.11069893065723521
HorizontalScanPath_8,Horizontal,evaluation,5,target_20pct,0.2,293.58969660600656,295.71434881764065,2.1246522116341,23.161848670152608,0.9806989243347479,0.20031987205117952,0.20871651339464214,single-frame censored RBF,observed_censored_full_grid,501,2.05597528893653,1.0903790201188757,-0.7563233277590862,0.916298237337833,0.4552436045693896,0.6706586826347305,1.7763786668250514,2.486259614874735
HorizontalScanPath_8,Horizontal,evaluation,5,target_20pct,0.2,293.58969660600656,295.71434881764065,2.1246522116341,23.161848670152608,0.9806989243347479,0.20031987205117952,0.20871651339464214,single-frame censored RBF,overall,2501,0.958876846156347,0.39933622714817707,-0.013533980529005004,0.6921886163663789,2.21019582487008,0.9340263894442223,8.621359438591107,0.5872946477159532
HorizontalScanPath_8,Horizontal,evaluation,5,target_20pct,0.2,293.58969660600656,295.71434881764065,2.1246522116341,23.161848670152608,0.9806989243347479,0.20031987205117952,0.20871651339464214,single-frame censored RBF,top_1pct,25,7.884460937443783,6.477307517022338,-6.477307517022338,6.233187399540322,0.42963084405781415,0.0,1.6582540769886305,15.093117512721605
HorizontalScanPath_8,Horizontal,evaluation,5,target_20pct,0.2,293.58969660600656,295.71434881764065,2.1246522116341,23.161848670152608,0.9806989243347479,0.20031987205117952,0.20871651339464214,single-frame censored RBF,unsaturated_full_grid,2000,0.30148568066776466,0.22623000750901703,0.17253475095213033,0.6360491563130296,2.6498113560554026,1.0,10.336027121918503,0.11160392344267829
SpiralScanPath_1,Spiral,evaluation,0,reference,0.03,294.5644045668491,294.5644045668491,0.0,38.54069989066409,0.964582266986384,0.03078768492602959,0.028788484606157537,advective posterior physics mean + sequential advective ST,deliberately_hidden_observable,0,,,,,,,,
SpiralScanPath_1,Spiral,evaluation,0,reference,0.03,294.5644045668491,294.5644045668491,0.0,38.54069989066409,0.964582266986384,0.03078768492602959,0.028788484606157537,advective posterior physics mean + sequential advective ST,near_ceiling_unsaturated_1K,172,0.6476604259723667,0.2899624351506269,0.19539423874997702,0.27675260323451806,0.7235789448575058,1.0,2.8188329532137333,0.3098875054666969
SpiralScanPath_1,Spiral,evaluation,0,reference,0.03,294.5644045668491,294.5644045668491,0.0,38.54069989066409,0.964582266986384,0.03078768492602959,0.028788484606157537,advective posterior physics mean + sequential advective ST,observed_censored_full_grid,77,2.760390557251636,2.144245525432523,1.2918955605839382,1.5503458531815375,1.54797447189054,0.8701298701298701,6.038147090669295,1.2788675101037823
SpiralScanPath_1,Spiral,evaluation,0,reference,0.03,294.5644045668491,294.5644045668491,0.0,38.54069989066409,0.964582266986384,0.03078768492602959,0.028788484606157537,advective posterior physics mean + sequential advective ST,overall,2501,0.5325023036311747,0.17581310311650986,0.09971553313345415,0.21601759440891832,0.6896184682576804,0.9960015993602559,2.693992847302996,0.20059290210368144
SpiralScanPath_1,Spiral,evaluation,0,reference,0.03,294.5644045668491,294.5644045668491,0.0,38.54069989066409,0.964582266986384,0.03078768492602959,0.028788484606157537,advective posterior physics mean + sequential advective ST,top_1pct,25,3.421451339356287,2.450754347775003,0.020378562085454632,1.8855429378586488,1.7703927473879733,0.76,6.939834005361856,1.3641039256468763
SpiralScanPath_1,Spiral,evaluation,0,reference,0.03,294.5644045668491,294.5644045668491,0.0,38.54069989066409,0.964582266986384,0.03078768492602959,0.028788484606157537,advective posterior physics mean + sequential advective ST,unsaturated_full_grid,2424,0.22476528180296496,0.11328451544393023,0.061845127971041906,0.17363175450566265,0.6623522090663726,1.0,2.5877635252158653,0.16634077965483335
SpiralScanPath_1,Spiral,evaluation,0,reference,0.03,294.5644045668491,294.5644045668491,0.0,38.54069989066409,0.964582266986384,0.03078768492602959,0.028788484606157537,single-frame censored RBF,deliberately_hidden_observable,0,,,,,,,,
SpiralScanPath_1,Spiral,evaluation,0,reference,0.03,294.5644045668491,294.5644045668491,0.0,38.54069989066409,0.964582266986384,0.03078768492602959,0.028788484606157537,single-frame censored RBF,near_ceiling_unsaturated_1K,172,1.159219886223525,0.637753675621548,0.5160081892647403,0.8719712325047898,2.892889655112721,1.0,11.312480314507397,0.2695576868656731
SpiralScanPath_1,Spiral,evaluation,0,reference,0.03,294.5644045668491,294.5644045668491,0.0,38.54069989066409,0.964582266986384,0.03078768492602959,0.028788484606157537,single-frame censored RBF,observed_censored_full_grid,77,5.306666773215651,3.3547110711761827,1.307378982635383,2.4153409422927847,2.0870168479443127,0.7272727272727273,7.935220584896227,1.5877425371608098
SpiralScanPath_1,Spiral,evaluation,0,reference,0.03,294.5644045668491,294.5644045668491,0.0,38.54069989066409,0.964582266986384,0.03078768492602959,0.028788484606157537,single-frame censored RBF,overall,2501,1.0074041131050162,0.23972258207487074,0.08016099506102087,0.7698956167544257,2.944795119994425,0.9916033586565374,11.498437635564754,0.11325357312034476
SpiralScanPath_1,Spiral,evaluation,0,reference,0.03,294.5644045668491,294.5644045668491,0.0,38.54069989066409,0.964582266986384,0.03078768492602959,0.028788484606157537,single-frame censored RBF,top_1pct,25,8.116043275237036,3.9665804332308356,-2.339202399474827,3.368413706979359,2.122603938687047,0.84,8.146286466993226,1.8337798123610538
SpiralScanPath_1,Spiral,evaluation,0,reference,0.03,294.5644045668491,294.5644045668491,0.0,38.54069989066409,0.964582266986384,0.03078768492602959,0.028788484606157537,single-frame censored RBF,unsaturated_full_grid,2424,0.39058517819153066,0.14077286521810464,0.041177585389723055,0.7176269327336116,2.9720430271511327,1.0,11.61162563593665,0.06641543358605605
SpiralScanPath_1,Spiral,evaluation,1,target_5pct,0.05,293.81331409404754,294.5644045668491,0.7510904728015362,39.29179036346562,0.9833802792960223,0.05037984806077569,0.04798080767692923,advective posterior physics mean + sequential advective ST,deliberately_hidden_observable,48,1.982395267656638,1.443353317802572,1.3560229549134526,0.998090035193251,1.2327930820363517,0.9583333333333334,4.824248602826384,0.9063008119679675
SpiralScanPath_1,Spiral,evaluation,1,target_5pct,0.05,293.81331409404754,294.5644045668491,0.7510904728015362,39.29179036346562,0.9833802792960223,0.05037984806077569,0.04798080767692923,advective posterior physics mean + sequential advective ST,near_ceiling_unsaturated_1K,2177,0.25939623858516575,0.12147182321551274,0.07731198355004494,0.1790120519214082,0.6675785968975737,0.9995406522737712,2.606502365096752,0.16995982061143516
SpiralScanPath_1,Spiral,evaluation,1,target_5pct,0.05,293.81331409404754,294.5644045668491,0.7510904728015362,39.29179036346562,0.9833802792960223,0.05037984806077569,0.04798080767692923,advective posterior physics mean + sequential advective ST,observed_censored_full_grid,126,2.3446680372760715,1.7803065881130806,1.1813167594124059,1.2426032323922376,1.5366668135208632,0.8888888888888888,5.9875080225761135,1.024572800245718
SpiralScanPath_1,Spiral,evaluation,1,target_5pct,0.05,293.81331409404754,294.5644045668491,0.7510904728015362,39.29179036346562,0.9833802792960223,0.05037984806077569,0.04798080767692923,advective posterior physics mean + sequential advective ST,overall,2501,0.5812975809660953,0.20468013181591027,0.13003121062139708,0.23185640979413485,0.7102577493485007,0.9940023990403839,2.772080606179754,0.2145554562022102
SpiralScanPath_1,Spiral,evaluation,1,target_5pct,0.05,293.81331409404754,294.5644045668491,0.7510904728015362,39.29179036346562,0.9833802792960223,0.05037984806077569,0.04798080767692923,advective posterior physics mean + sequential advective ST,top_1pct,25,3.2108245998048432,2.275871103863774,-0.5176761274532601,1.729943797563415,1.8609382403308004,0.76,7.241476713809041,1.1640177670342442
SpiralScanPath_1,Spiral,evaluation,1,target_5pct,0.05,293.81331409404754,294.5644045668491,0.7510904728015362,39.29179036346562,0.9833802792960223,0.05037984806077569,0.04798080767692923,advective posterior physics mean + sequential advective ST,unsaturated_full_grid,2375,0.2533348997398254,0.12108900192393407,0.07425774571711621,0.17823363099524603,0.6664145737334617,0.999578947368421,2.6014937200888313,0.1715819044761125
SpiralScanPath_1,Spiral,evaluation,1,target_5pct,0.05,293.81331409404754,294.5644045668491,0.7510904728015362,39.29179036346562,0.9833802792960223,0.05037984806077569,0.04798080767692923,single-frame censored RBF,deliberately_hidden_observable,48,2.9148613164031065,2.856198301803546,2.856198301803546,1.876658280902861,1.793384897042519,0.4583333333333333,6.796593584862215,1.6034574830427264
SpiralScanPath_1,Spiral,evaluation,1,target_5pct,0.05,293.81331409404754,294.5644045668491,0.7510904728015362,39.29179036346562,0.9833802792960223,0.05037984806077569,0.04798080767692923,single-frame censored RBF,near_ceiling_unsaturated_1K,2177,0.568553072264245,0.24389379448366963,0.14078279964034848,0.7352611673029438,2.94496496102013,0.9995406522737712,11.50171328827348,0.10326042593176715
SpiralScanPath_1,Spiral,evaluation,1,target_5pct,0.05,293.81331409404754,294.5644045668491,0.7510904728015362,39.29179036346562,0.9833802792960223,0.05037984806077569,0.04798080767692923,single-frame censored RBF,observed_censored_full_grid,126,4.667736245970531,2.9476278694055402,1.4027663705448092,2.0650986446824136,1.8944004937520096,0.7301587301587301,7.167513224007744,1.627591300472654
SpiralScanPath_1,Spiral,evaluation,1,target_5pct,0.05,293.81331409404754,294.5644045668491,0.7510904728015362,39.29179036346562,0.9833802792960223,0.05037984806077569,0.04798080767692923,single-frame censored RBF,overall,2501,1.1806802817960917,0.37628210480459795,0.198094159455614,0.8007037131986362,2.889436168633483,0.9860055977608957,11.272208774007533,0.18099125382980952
SpiralScanPath_1,Spiral,evaluation,1,target_5pct,0.05,293.81331409404754,294.5644045668491,0.7510904728015362,39.29179036346562,0.9833802792960223,0.05037984806077569,0.04798080767692923,single-frame censored RBF,top_1pct,25,8.97015748217452,4.343239644513062,-3.426718376453016,3.8005095864747354,1.9087395066142243,0.8,7.197551545061669,2.5759484213129746
SpiralScanPath_1,Spiral,evaluation,1,target_5pct,0.05,293.81331409404754,294.5644045668491,0.7510904728015362,39.29179036346562,0.9833802792960223,0.05037984806077569,0.04798080767692923,single-frame censored RBF,unsaturated_full_grid,2375,0.558626456899887,0.23986544529313739,0.13418312846730301,0.733624234728339,2.9422254297008794,0.999578947368421,11.489973674765418,0.10424531451317863
SpiralScanPath_1,Spiral,evaluation,2,target_7.5pct,0.075,293.6415574661454,294.5644045668491,0.9228471007036774,39.463546991367764,0.9876789401398001,0.07516993202718912,0.07157137145141944,advective posterior physics mean + sequential advective ST,deliberately_hidden_observable,111,0.32552717070430204,0.22596600809998688,0.13279183561427071,0.218058615629645,0.719023231294228,1.0,2.802424203637579,0.30164582497214143
SpiralScanPath_1,Spiral,evaluation,2,target_7.5pct,0.075,293.6415574661454,294.5644045668491,0.9228471007036774,39.463546991367764,0.9876789401398001,0.07516993202718912,0.07157137145141944,advective posterior physics mean + sequential advective ST,near_ceiling_unsaturated_1K,2268,0.16929656369215282,0.11147995096757833,0.06307988405703273,0.17046727745514711,0.6603163968987766,1.0,2.579722825604539,0.17131191342384125
SpiralScanPath_1,Spiral,evaluation,2,target_7.5pct,0.075,293.6415574661454,294.5644045668491,0.9228471007036774,39.463546991367764,0.9876789401398001,0.07516993202718912,0.07157137145141944,advective posterior physics mean + sequential advective ST,observed_censored_full_grid,188,1.869228260993778,0.8735767737299778,-0.5015839158478475,0.7593670554441647,0.7723352495497015,0.8670212765957447,3.0105595689997315,1.0820331295015206
SpiralScanPath_1,Spiral,evaluation,2,target_7.5pct,0.075,293.6415574661454,294.5644045668491,0.9228471007036774,39.463546991367764,0.9876789401398001,0.07516993202718912,0.07157137145141944,advective posterior physics mean + sequential advective ST,overall,2501,0.5376459671792424,0.16875696336191648,0.0197343092025074,0.21463344354319758,0.6683254968499549,0.9900039984006398,2.610572635973169,0.24016738569430537
SpiralScanPath_1,Spiral,evaluation,2,target_7.5pct,0.075,293.6415574661454,294.5644045668491,0.9228471007036774,39.463546991367764,0.9876789401398001,0.07516993202718912,0.07157137145141944,advective posterior physics mean + sequential advective ST,top_1pct,25,4.936674068911874,4.212971950211597,-3.5122595704458694,3.751152436807307,0.8351762514122805,0.16,3.236936011033724,5.134395474109859
SpiralScanPath_1,Spiral,evaluation,2,target_7.5pct,0.075,293.6415574661454,294.5644045668491,0.9228471007036774,39.463546991367764,0.9876789401398001,0.07516993202718912,0.07157137145141944,advective posterior physics mean + sequential advective ST,unsaturated_full_grid,2313,0.1690137478286193,0.11146940419667847,0.06210691028744762,0.17035764629400527,0.6598716129296988,1.0,2.5780618087319263,0.17174077097932203
SpiralScanPath_1,Spiral,evaluation,2,target_7.5pct,0.075,293.6415574661454,294.5644045668491,0.9228471007036774,39.463546991367764,0.9876789401398001,0.07516993202718912,0.07157137145141944,single-frame censored RBF,deliberately_hidden_observable,111,0.8010164290510476,0.7222481330259696,0.6932180911793651,0.48399682187325943,0.5876426001768047,0.954954954954955,2.2833212908934017,1.2088658848177458
SpiralScanPath_1,Spiral,evaluation,2,target_7.5pct,0.075,293.6415574661454,294.5644045668491,0.9228471007036774,39.463546991367764,0.9876789401398001,0.07516993202718912,0.07157137145141944,single-frame censored RBF,near_ceiling_unsaturated_1K,2268,0.32937945607011954,0.21981707008060372,0.13645943699503826,0.673660833486713,2.7920941273079127,1.0,10.911393554744421,0.10495025929873085
SpiralScanPath_1,Spiral,evaluation,2,target_7.5pct,0.075,293.6415574661454,294.5644045668491,0.9228471007036774,39.463546991367764,0.9876789401398001,0.07516993202718912,0.07157137145141944,single-frame censored RBF,observed_censored_full_grid,188,3.900035356343485,1.5434879177730454,-0.7022323661022594,1.2996852131489534,0.5947062576251181,0.776595744680851,2.3032658917865447,2.692607504925774
SpiralScanPath_1,Spiral,evaluation,2,target_7.5pct,0.075,293.6415574661454,294.5644045668491,0.9228471007036774,39.463546991367764,0.9876789401398001,0.07516993202718912,0.07157137145141944,single-frame censored RBF,overall,2501,1.1154299826212708,0.31968128855173006,0.07299551423654577,0.7203391841654415,2.6241789003913363,0.9832067173130747,10.25405132539906,0.30055686331158876
SpiralScanPath_1,Spiral,evaluation,2,target_7.5pct,0.075,293.6415574661454,294.5644045668491,0.9228471007036774,39.463546991367764,0.9876789401398001,0.07516993202718912,0.07157137145141944,single-frame censored RBF,top_1pct,25,10.468171029231717,6.668550688447765,-6.668550688447765,6.322405665697723,0.6253566290501801,0.08,2.407791777894522,11.841439735113907
SpiralScanPath_1,Spiral,evaluation,2,target_7.5pct,0.075,293.6415574661454,294.5644045668491,0.9228471007036774,39.463546991367764,0.9876789401398001,0.07516993202718912,0.07157137145141944,single-frame censored RBF,unsaturated_full_grid,2313,0.33018778644434116,0.22021062435215927,0.136005821847309,0.6732500992329296,2.7891338752465242,1.0,10.900288965485158,0.10613164903425767
SpiralScanPath_1,Spiral,evaluation,3,target_10pct,0.1,293.5620598731056,294.5644045668491,1.0023446937434528,39.54304458440754,0.989668576257769,0.10035985605757697,0.09516193522590964,advective posterior physics mean + sequential advective ST,deliberately_hidden_observable,173,0.24826393984528441,0.16683886538455805,0.0026279415641727354,0.1924763816022577,0.6786530212557278,1.0,2.6527239430952054,0.24861394843155685
SpiralScanPath_1,Spiral,evaluation,3,target_10pct,0.1,293.5620598731056,294.5644045668491,1.0023446937434528,39.54304458440754,0.989668576257769,0.10035985605757697,0.09516193522590964,advective posterior physics mean + sequential advective ST,near_ceiling_unsaturated_1K,2228,0.15129001881044565,0.10680169495945392,0.05844106368727003,0.16753225593758395,0.6590665242125477,1.0,2.57343198455424,0.16595476097109738
SpiralScanPath_1,Spiral,evaluation,3,target_10pct,0.1,293.5620598731056,294.5644045668491,1.0023446937434528,39.54304458440754,0.989668576257769,0.10035985605757697,0.09516193522590964,advective posterior physics mean + sequential advective ST,observed_censored_full_grid,251,1.7941313310236762,0.8270486871776044,-0.6332552496901966,0.7363212651805997,0.6880956894841751,0.8247011952191236,2.6920206722325664,1.1696091269469744
SpiralScanPath_1,Spiral,evaluation,3,target_10pct,0.1,293.5620598731056,294.5644045668491,1.0023446937434528,39.54304458440754,0.989668576257769,0.10035985605757697,0.09516193522590964,advective posterior physics mean + sequential advective ST,overall,2501,0.5861890312579259,0.1790539804396414,-0.01154093633816472,0.224585273914855,0.661875365963947,0.9824070371851259,2.584902825162844,0.26676846184408176
SpiralScanPath_1,Spiral,evaluation,3,target_10pct,0.1,293.5620598731056,294.5644045668491,1.0023446937434528,39.54304458440754,0.989668576257769,0.10035985605757697,0.09516193522590964,advective posterior physics mean + sequential advective ST,top_1pct,25,5.333389185200914,4.678793242914757,-4.100730818422275,4.280677359599397,0.7103716165252894,0.0,2.778560434867188,6.555699862462486
SpiralScanPath_1,Spiral,evaluation,3,target_10pct,0.1,293.5620598731056,294.5644045668491,1.0023446937434528,39.54304458440754,0.989668576257769,0.10035985605757697,0.09516193522590964,advective posterior physics mean + sequential advective ST,unsaturated_full_grid,2250,0.15120531005516025,0.10676657093242865,0.05781474928466196,0.16749828111143192,0.6589503432068017,1.0,2.572953234223066,0.1660515698703813
SpiralScanPath_1,Spiral,evaluation,3,target_10pct,0.1,293.5620598731056,294.5644045668491,1.0023446937434528,39.54304458440754,0.989668576257769,0.10035985605757697,0.09516193522590964,single-frame censored RBF,deliberately_hidden_observable,173,0.6096926292900366,0.5522406930619612,0.4768498828740812,0.3645220938344695,0.5132534377591709,0.9942196531791907,2.0027459881317378,1.059981209455667
SpiralScanPath_1,Spiral,evaluation,3,target_10pct,0.1,293.5620598731056,294.5644045668491,1.0023446937434528,39.54304458440754,0.989668576257769,0.10035985605757697,0.09516193522590964,single-frame censored RBF,near_ceiling_unsaturated_1K,2228,0.3193113516976794,0.23853187878626464,0.17087245256437875,0.6415036587374833,2.657478810480046,1.0,10.38190920002166,0.11589741168189503
SpiralScanPath_1,Spiral,evaluation,3,target_10pct,0.1,293.5620598731056,294.5644045668491,1.0023446937434528,39.54304458440754,0.989668576257769,0.10035985605757697,0.09516193522590964,single-frame censored RBF,observed_censored_full_grid,251,3.48881758396945,1.3280608471419153,-0.6126027646802414,1.12202893363209,0.49510599604815914,0.7609561752988048,1.9306329679799623,2.860660347889193
SpiralScanPath_1,Spiral,evaluation,3,target_10pct,0.1,293.5620598731056,294.5644045668491,1.0023446937434528,39.54304458440754,0.989668576257769,0.10035985605757697,0.09516193522590964,single-frame censored RBF,overall,2501,1.146086013541276,0.3481087821560693,0.0921541666512744,0.6898363983536223,2.440262507087344,0.9760095961615354,9.532896428622687,0.3917507909203002
SpiralScanPath_1,Spiral,evaluation,3,target_10pct,0.1,293.5620598731056,294.5644045668491,1.0023446937434528,39.54304458440754,0.989668576257769,0.10035985605757697,0.09516193522590964,single-frame censored RBF,top_1pct,25,10.788998896264548,7.083747084269155,-7.083747084269155,6.831976030577846,0.4427848542057826,0.0,1.7279938769421688,16.090021730077375
SpiralScanPath_1,Spiral,evaluation,3,target_10pct,0.1,293.5620598731056,294.5644045668491,1.0023446937434528,39.54304458440754,0.989668576257769,0.10035985605757697,0.09516193522590964,single-frame censored RBF,unsaturated_full_grid,2250,0.3196960414379381,0.23878968512875928,0.17077371765759017,0.6416229199736689,2.657255522318826,1.0,10.380971152454388,0.11633021367621475
SpiralScanPath_1,Spiral,evaluation,4,target_15pct,0.15,293.46890644977,294.5644045668491,1.095498117079103,39.63619800774319,0.9919999854048148,0.15033986405437824,0.1407437025189924,advective posterior physics mean + sequential advective ST,deliberately_hidden_observable,298,0.24335962954599866,0.16001350756603272,0.014811834784726847,0.19044575647343998,0.673286881017258,1.0,2.6305543932441844,0.24041734893616537
SpiralScanPath_1,Spiral,evaluation,4,target_15pct,0.15,293.46890644977,294.5644045668491,1.095498117079103,39.63619800774319,0.9919999854048148,0.15033986405437824,0.1407437025189924,advective posterior physics mean + sequential advective ST,near_ceiling_unsaturated_1K,2118,0.14805719093025901,0.10646673281278136,0.05788424464651998,0.16734556824920088,0.6595457060087285,1.0,2.576396475770753,0.16547988613794684
SpiralScanPath_1,Spiral,evaluation,4,target_15pct,0.15,293.46890644977,294.5644045668491,1.095498117079103,39.63619800774319,0.9919999854048148,0.15033986405437824,0.1407437025189924,advective posterior physics mean + sequential advective ST,observed_censored_full_grid,376,1.5245684622813156,0.6332013004410986,-0.44452615370609716,0.5827979003400976,0.6791786832941474,0.8643617021276596,2.6511776817281625,0.9069388860698775
SpiralScanPath_1,Spiral,evaluation,4,target_15pct,0.15,293.46890644977,294.5644045668491,1.095498117079103,39.63619800774319,0.9919999854048148,0.15033986405437824,0.1407437025189924,advective posterior physics mean + sequential advective ST,overall,2501,0.6066389658960263,0.18551613646381526,-0.017750140491260235,0.2297840149301788,0.662543082584545,0.9796081567373051,2.587777941763045,0.2767226042847346
SpiralScanPath_1,Spiral,evaluation,4,target_15pct,0.15,293.46890644977,294.5644045668491,1.095498117079103,39.63619800774319,0.9919999854048148,0.15033986405437824,0.1407437025189924,advective posterior physics mean + sequential advective ST,top_1pct,25,5.477533388216992,4.834668821807986,-4.2681032081995,4.441069172813742,0.7032308104657092,0.0,2.723570055937432,6.831685162734564
SpiralScanPath_1,Spiral,evaluation,4,target_15pct,0.15,293.46890644977,294.5644045668491,1.095498117079103,39.63619800774319,0.9919999854048148,0.15033986405437824,0.1407437025189924,advective posterior physics mean + sequential advective ST,unsaturated_full_grid,2125,0.1478551208665078,0.10630219686124656,0.05776410937640032,0.16732132273529438,0.659599559823693,1.0,2.5765599171856874,0.16521139395475168
SpiralScanPath_1,Spiral,evaluation,4,target_15pct,0.15,293.46890644977,294.5644045668491,1.095498117079103,39.63619800774319,0.9919999854048148,0.15033986405437824,0.1407437025189924,single-frame censored RBF,deliberately_hidden_observable,298,0.5603504449905088,0.5299479429500279,0.4519116090114362,0.336687626936354,0.5035081005113098,0.9899328859060402,1.9628418113826986,1.0441226953969587
SpiralScanPath_1,Spiral,evaluation,4,target_15pct,0.15,293.46890644977,294.5644045668491,1.095498117079103,39.63619800774319,0.9919999854048148,0.15033986405437824,0.1407437025189924,single-frame censored RBF,near_ceiling_unsaturated_1K,2118,0.36088328116171375,0.2904694750602607,0.2377177275891131,0.5905486055487651,2.410951686966806,1.0,9.42274415517871,0.15035491068061696
SpiralScanPath_1,Spiral,evaluation,4,target_15pct,0.15,293.46890644977,294.5644045668491,1.095498117079103,39.63619800774319,0.9919999854048148,0.15033986405437824,0.1407437025189924,single-frame censored RBF,observed_censored_full_grid,376,2.891593187090469,1.0879793395016408,-0.30702167964745936,0.8838504790371065,0.49052958705593624,0.8085106382978723,1.9118146519082115,2.347368043307263
SpiralScanPath_1,Spiral,evaluation,4,target_15pct,0.15,293.46890644977,294.5644045668491,1.095498117079103,39.63619800774319,0.9919999854048148,0.15033986405437824,0.1407437025189924,single-frame censored RBF,overall,2501,1.1695870349216932,0.4107610821463097,0.15636340747859587,0.6345247217348348,2.1215220572004587,0.9712115153938424,8.290894939662518,0.4808121684520866
SpiralScanPath_1,Spiral,evaluation,4,target_15pct,0.15,293.46890644977,294.5644045668491,1.095498117079103,39.63619800774319,0.9919999854048148,0.15033986405437824,0.1407437025189924,single-frame censored RBF,top_1pct,25,10.852532288158018,7.216874367606535,-7.216874367606535,6.963089445620188,0.44883747561180326,0.0,1.759256344139285,16.339130990849448
SpiralScanPath_1,Spiral,evaluation,4,target_15pct,0.15,293.46890644977,294.5644045668491,1.095498117079103,39.63619800774319,0.9919999854048148,0.15033986405437824,0.1407437025189924,single-frame censored RBF,unsaturated_full_grid,2125,0.36127194805179347,0.2909332869624958,0.2383553099536061,0.5904087289133504,2.4101117836825012,1.0,9.419616910578105,0.15054157600712362
SpiralScanPath_1,Spiral,evaluation,5,target_20pct,0.2,293.4040758119578,294.5644045668491,1.1603287548912817,39.70102864555537,0.9936225424359131,0.20031987205117952,0.1951219512195122,advective posterior physics mean + sequential advective ST,deliberately_hidden_observable,423,0.24646527071245425,0.15960020698211744,0.02668373785885919,0.19088263997256394,0.6722823602142731,1.0,2.627598371468159,0.2418064396561105
SpiralScanPath_1,Spiral,evaluation,5,target_20pct,0.2,293.4040758119578,294.5644045668491,1.1603287548912817,39.70102864555537,0.9936225424359131,0.20031987205117952,0.1951219512195122,advective posterior physics mean + sequential advective ST,near_ceiling_unsaturated_1K,1999,0.1560653098430327,0.11104540063372899,0.06271900501342699,0.16904542343951345,0.6613787839965339,1.0,2.582296216594668,0.1710513958155243
SpiralScanPath_1,Spiral,evaluation,5,target_20pct,0.2,293.4040758119578,294.5644045668491,1.1603287548912817,39.70102864555537,0.9936225424359131,0.20031987205117952,0.1951219512195122,advective posterior physics mean + sequential advective ST,observed_censored_full_grid,501,1.3634199969688798,0.5323813821699906,-0.3379947455034536,0.5017522549053607,0.675879675218382,0.8982035928143712,2.6406743593137483,0.7726712999286656
SpiralScanPath_1,Spiral,evaluation,5,target_20pct,0.2,293.4040758119578,294.5644045668491,1.1603287548912817,39.70102864555537,0.9936225424359131,0.20031987205117952,0.1951219512195122,advective posterior physics mean + sequential advective ST,overall,2501,0.6259755081944287,0.19541444658439816,-0.017588476229100338,0.23569202637389855,0.6643008013451648,0.9796081567373051,2.5940909530192795,0.2915157173863814
SpiralScanPath_1,Spiral,evaluation,5,target_20pct,0.2,293.4040758119578,294.5644045668491,1.1603287548912817,39.70102864555537,0.9936225424359131,0.20031987205117952,0.1951219512195122,advective posterior physics mean + sequential advective ST,top_1pct,25,5.607033373951041,4.979973289021388,-4.43773873956108,4.589156537535715,0.6945565614639255,0.04,2.715131639132671,7.123267924768997
SpiralScanPath_1,Spiral,evaluation,5,target_20pct,0.2,293.4040758119578,294.5644045668491,1.1603287548912817,39.70102864555537,0.9936225424359131,0.20031987205117952,0.1951219512195122,advective posterior physics mean + sequential advective ST,unsaturated_full_grid,2000,0.15602760866205362,0.11100422922020724,0.06267329422412515,0.16904393912676727,0.6614002934399239,1.0,2.582421809742515,0.17098624395953926
SpiralScanPath_1,Spiral,evaluation,5,target_20pct,0.2,293.4040758119578,294.5644045668491,1.1603287548912817,39.70102864555537,0.9936225424359131,0.20031987205117952,0.1951219512195122,single-frame censored RBF,deliberately_hidden_observable,423,0.5091174289071827,0.48644843493861173,0.40819447718224294,0.30212681804737646,0.49689771971312985,0.9881796690307328,1.9421027222210043,0.977105155853161
SpiralScanPath_1,Spiral,evaluation,5,target_20pct,0.2,293.4040758119578,294.5644045668491,1.1603287548912817,39.70102864555537,0.9936225424359131,0.20031987205117952,0.1951219512195122,single-frame censored RBF,near_ceiling_unsaturated_1K,1999,0.37673975802318055,0.31579383751466544,0.27383870548290296,0.5405903948892445,2.1831525540762593,1.0,8.524838595466143,0.1741797292799946
SpiralScanPath_1,Spiral,evaluation,5,target_20pct,0.2,293.4040758119578,294.5644045668491,1.1603287548912817,39.70102864555537,0.9936225424359131,0.20031987205117952,0.1951219512195122,single-frame censored RBF,observed_censored_full_grid,501,2.5381113308573253,0.9295101565259217,-0.1721030937151726,0.7364198774727294,0.4866722482846004,0.8483033932135728,1.9011365002530705,2.041752671790698
SpiralScanPath_1,Spiral,evaluation,5,target_20pct,0.2,293.4040758119578,294.5644045668491,1.1603287548912817,39.70102864555537,0.9936225424359131,0.20031987205117952,0.1951219512195122,single-frame censored RBF,overall,2501,1.1849267459121966,0.438847782141691,0.18463884679491718,0.5798508881526877,1.8433942680010516,0.9696121551379449,7.198436127967018,0.5483229833196462
SpiralScanPath_1,Spiral,evaluation,5,target_20pct,0.2,293.4040758119578,294.5644045668491,1.1603287548912817,39.70102864555537,0.9936225424359131,0.20031987205117952,0.1951219512195122,single-frame censored RBF,top_1pct,25,10.947470657068894,7.363156087573463,-7.363156087573463,7.127900040540295,0.42384061219684666,0.0,1.6544037277446637,17.354695029635515
SpiralScanPath_1,Spiral,evaluation,5,target_20pct,0.2,293.4040758119578,294.5644045668491,1.1603287548912817,39.70102864555537,0.9936225424359131,0.20031987205117952,0.1951219512195122,single-frame censored RBF,unsaturated_full_grid,2000,0.3768858987129577,0.31593685735844124,0.2740027028926947,0.5406303563280174,2.1832531339400223,1.0,8.525409684709365,0.1742188463576478
SpiralScanPath_10,Spiral,evaluation,0,reference,0.03,296.24464913741537,296.24464913741537,0.0,31.186554326988755,0.9097148428065075,0.03198720511795282,0.031187524990004,advective posterior physics mean + sequential advective ST,deliberately_hidden_observable,0,,,,,,,,
SpiralScanPath_10,Spiral,evaluation,0,reference,0.03,296.24464913741537,296.24464913741537,0.0,31.186554326988755,0.9097148428065075,0.03198720511795282,0.031187524990004,advective posterior physics mean + sequential advective ST,near_ceiling_unsaturated_1K,150,0.7668578258796206,0.43544533579334105,0.2077671678768676,0.34067544603398753,0.7459672557334152,0.9866666666666667,2.909617077854611,0.48375432143976366
SpiralScanPath_10,Spiral,evaluation,0,reference,0.03,296.24464913741537,296.24464913741537,0.0,31.186554326988755,0.9097148428065075,0.03198720511795282,0.031187524990004,advective posterior physics mean + sequential advective ST,observed_censored_full_grid,80,2.785762709332081,2.0991274318709414,0.9457470718229501,1.5303113407678515,1.507074307310554,0.825,5.897315700937494,1.2979833375377534
SpiralScanPath_10,Spiral,evaluation,0,reference,0.03,296.24464913741537,296.24464913741537,0.0,31.186554326988755,0.9097148428065075,0.03198720511795282,0.031187524990004,advective posterior physics mean + sequential advective ST,overall,2501,0.5544699985633971,0.19878304015340484,0.09711601694266805,0.2232002750245489,0.6896249166001777,0.9936025589764095,2.693289030910982,0.2353635710006807
SpiralScanPath_10,Spiral,evaluation,0,reference,0.03,296.24464913741537,296.24464913741537,0.0,31.186554326988755,0.9097148428065075,0.03198720511795282,0.031187524990004,advective posterior physics mean + sequential advective ST,top_1pct,25,3.5481487473504956,2.4685581196269366,-0.7833768240832842,1.9430124503642392,1.592736094333846,0.76,6.267007251545715,1.5504648233895972
SpiralScanPath_10,Spiral,evaluation,0,reference,0.03,296.24464913741537,296.24464913741537,0.0,31.186554326988755,0.9097148428065075,0.03198720511795282,0.031187524990004,advective posterior physics mean + sequential advective ST,unsaturated_full_grid,2421,0.24730014726587082,0.13598768644113596,0.06907368551333201,0.18000783997313866,0.6626129582123916,0.9991738950846758,2.5874145436734266,0.20025015451040154
SpiralScanPath_10,Spiral,evaluation,0,reference,0.03,296.24464913741537,296.24464913741537,0.0,31.186554326988755,0.9097148428065075,0.03198720511795282,0.031187524990004,single-frame censored RBF,deliberately_hidden_observable,0,,,,,,,,
SpiralScanPath_10,Spiral,evaluation,0,reference,0.03,296.24464913741537,296.24464913741537,0.0,31.186554326988755,0.9097148428065075,0.03198720511795282,0.031187524990004,single-frame censored RBF,near_ceiling_unsaturated_1K,150,1.4151824862855047,1.2084843746078608,-0.01505500177390066,0.9092887848505594,2.64391786487807,1.0,10.272460315429143,0.4791335136062122
SpiralScanPath_10,Spiral,evaluation,0,reference,0.03,296.24464913741537,296.24464913741537,0.0,31.186554326988755,0.9097148428065075,0.03198720511795282,0.031187524990004,single-frame censored RBF,observed_censored_full_grid,80,5.012731478885784,2.898687249376773,0.698596558750868,2.1509427424414023,1.748725645346978,0.7,6.600691210937477,1.7650549101139652
SpiralScanPath_10,Spiral,evaluation,0,reference,0.03,296.24464913741537,296.24464913741537,0.0,31.186554326988755,0.9097148428065075,0.03198720511795282,0.031187524990004,single-frame censored RBF,overall,2501,1.0069409819093804,0.2951532611926099,-0.02285367212751052,0.7686183914533211,2.919713449753169,0.9904038384646141,11.382117678512891,0.1435872490124626
SpiralScanPath_10,Spiral,evaluation,0,reference,0.03,296.24464913741537,296.24464913741537,0.0,31.186554326988755,0.9097148428065075,0.03198720511795282,0.031187524990004,single-frame censored RBF,top_1pct,25,8.1406883048143,3.9015571842488406,-3.138733025754054,3.482992594686719,1.7523169415419022,0.72,6.5648954860022695,2.5467674190698903
SpiralScanPath_10,Spiral,evaluation,0,reference,0.03,296.24464913741537,296.24464913741537,0.0,31.186554326988755,0.9097148428065075,0.03198720511795282,0.031187524990004,single-frame censored RBF,unsaturated_full_grid,2421,0.46595854063435155,0.20912157219850291,-0.04669341540312815,0.7229405938163749,2.9584078009933568,1.0,11.540116074797911,0.0900071528174522
SpiralScanPath_10,Spiral,evaluation,1,target_5pct,0.05,295.8578970294162,296.24464913741537,0.3867521079991434,31.5733064349879,0.9209964396589385,0.05037984806077569,0.04638144742103159,advective posterior physics mean + sequential advective ST,deliberately_hidden_observable,45,1.5612243260443566,1.1836133235664381,0.9833427314057,0.8114536600810145,1.1050031993451996,0.9777777777777777,4.3206439769322955,0.9217265381983851
SpiralScanPath_10,Spiral,evaluation,1,target_5pct,0.05,295.8578970294162,296.24464913741537,0.3867521079991434,31.5733064349879,0.9209964396589385,0.05037984806077569,0.04638144742103159,advective posterior physics mean + sequential advective ST,near_ceiling_unsaturated_1K,148,0.9268428536694023,0.5470415485851703,0.32524259102363595,0.41567835441653395,0.7851224825543694,0.9797297297297297,3.0706071856003065,0.5587873217964494
SpiralScanPath_10,Spiral,evaluation,1,target_5pct,0.05,295.8578970294162,296.24464913741537,0.3867521079991434,31.5733064349879,0.9209964396589385,0.05037984806077569,0.04638144742103159,advective posterior physics mean + sequential advective ST,observed_censored_full_grid,126,2.3795767427701495,1.793924223590316,1.0247166191633024,1.269050201681482,1.4293384740329194,0.8968253968253969,5.583050542776366,1.1405857648608304
SpiralScanPath_10,Spiral,evaluation,1,target_5pct,0.05,295.8578970294162,296.24464913741537,0.3867521079991434,31.5733064349879,0.9209964396589385,0.05037984806077569,0.04638144742103159,advective posterior physics mean + sequential advective ST,overall,2501,0.5983326404329172,0.22396640665106127,0.12520684668880952,0.23866253061860712,0.7031037787925051,0.9936025589764095,2.7471862154029925,0.2491030665679871
SpiralScanPath_10,Spiral,evaluation,1,target_5pct,0.05,295.8578970294162,296.24464913741537,0.3867521079991434,31.5733064349879,0.9209964396589385,0.05037984806077569,0.04638144742103159,advective posterior physics mean + sequential advective ST,top_1pct,25,3.602714757316177,2.541024915334956,-0.6059102004783745,1.9820423773453286,1.7387498699632227,0.76,6.74018139928015,1.4196047427113245
SpiralScanPath_10,Spiral,evaluation,1,target_5pct,0.05,295.8578970294162,296.24464913741537,0.3867521079991434,31.5733064349879,0.9209964396589385,0.05037984806077569,0.04638144742103159,advective posterior physics mean + sequential advective ST,unsaturated_full_grid,2375,0.2767497852618327,0.1406760129944945,0.07748548612805749,0.18399775312221878,0.6645751170660662,0.9987368421052631,2.596736150034973,0.20180756341645104
SpiralScanPath_10,Spiral,evaluation,1,target_5pct,0.05,295.8578970294162,296.24464913741537,0.3867521079991434,31.5733064349879,0.9209964396589385,0.05037984806077569,0.04638144742103159,single-frame censored RBF,deliberately_hidden_observable,45,2.263566289070612,2.1919703602426037,2.1919703602426037,1.4226249479650013,1.4158540395464783,0.7111111111111111,5.302532310397535,1.5560576118277032
SpiralScanPath_10,Spiral,evaluation,1,target_5pct,0.05,295.8578970294162,296.24464913741537,0.3867521079991434,31.5733064349879,0.9209964396589385,0.05037984806077569,0.04638144742103159,single-frame censored RBF,near_ceiling_unsaturated_1K,148,1.2511784824037095,1.015114230935778,0.38946101486373735,0.8176800791821608,2.38594871927409,0.9932432432432432,9.317024736786127,0.47297548316105775
SpiralScanPath_10,Spiral,evaluation,1,target_5pct,0.05,295.8578970294162,296.24464913741537,0.3867521079991434,31.5733064349879,0.9209964396589385,0.05037984806077569,0.04638144742103159,single-frame censored RBF,observed_censored_full_grid,126,4.168667023121561,2.390950308969764,0.7827679450226511,1.7389851106757157,1.4638894275274703,0.7619047619047619,5.533620888720731,1.658276426071693
SpiralScanPath_10,Spiral,evaluation,1,target_5pct,0.05,295.8578970294162,296.24464913741537,0.3867521079991434,31.5733064349879,0.9209964396589385,0.05037984806077569,0.04638144742103159,single-frame censored RBF,overall,2501,1.009179820595447,0.2843112345477224,0.04524251836999188,0.7631669654518587,2.861680615629089,0.9876049580167933,11.163208253719024,0.16178148912824294
SpiralScanPath_10,Spiral,evaluation,1,target_5pct,0.05,295.8578970294162,296.24464913741537,0.3867521079991434,31.5733064349879,0.9209964396589385,0.05037984806077569,0.04638144742103159,single-frame censored RBF,top_1pct,25,8.417698001450484,4.281720932469468,-3.823518181823981,3.840855813310416,1.563031111908634,0.68,5.913801834510927,2.911431429611156
SpiralScanPath_10,Spiral,evaluation,1,target_5pct,0.05,295.8578970294162,296.24464913741537,0.3867521079991434,31.5733064349879,0.9209964396589385,0.05037984806077569,0.04638144742103159,single-frame censored RBF,unsaturated_full_grid,2375,0.3879920461450809,0.17254848786259513,0.006114853629682377,0.7113972449052456,2.9358371165557435,0.999578947368421,11.461872678135773,0.08238849457882202
SpiralScanPath_10,Spiral,evaluation,2,target_7.5pct,0.075,295.49248252229785,296.24464913741537,0.7521666151175168,31.938720942106272,0.931655616604778,0.07516993202718912,0.07556977209116353,advective posterior physics mean + sequential advective ST,deliberately_hidden_observable,108,2.1823580092766925,1.9030834739272382,1.8436956596962428,1.3089893414866847,1.3045475719210788,0.8703703703703703,5.093414830324195,1.3321954113923804
SpiralScanPath_10,Spiral,evaluation,2,target_7.5pct,0.075,295.49248252229785,296.24464913741537,0.7521666151175168,31.938720942106272,0.931655616604778,0.07516993202718912,0.07556977209116353,advective posterior physics mean + sequential advective ST,near_ceiling_unsaturated_1K,105,1.5040505395637656,1.0429373236655282,0.9236514142121764,0.741956114376142,0.9542587756781157,0.9238095238095239,3.729445399588145,0.8794828422045458
SpiralScanPath_10,Spiral,evaluation,2,target_7.5pct,0.075,295.49248252229785,296.24464913741537,0.7521666151175168,31.938720942106272,0.931655616604778,0.07516993202718912,0.07556977209116353,advective posterior physics mean + sequential advective ST,observed_censored_full_grid,188,2.397836040085592,1.9587091365351765,1.3276982725086839,1.3710650192125362,1.403441144398966,0.8670212765957447,5.467591294781139,1.329718436575523
SpiralScanPath_10,Spiral,evaluation,2,target_7.5pct,0.075,295.49248252229785,296.24464913741537,0.7521666151175168,31.938720942106272,0.931655616604778,0.07516993202718912,0.07556977209116353,advective posterior physics mean + sequential advective ST,overall,2501,0.7414389595976102,0.291102781688806,0.1929405096891027,0.2829684077750044,0.7254975494226208,0.9868052778888444,2.833511584484642,0.2932002276402662
SpiralScanPath_10,Spiral,evaluation,2,target_7.5pct,0.075,295.49248252229785,296.24464913741537,0.7521666151175168,31.938720942106272,0.931655616604778,0.07516993202718912,0.07556977209116353,advective posterior physics mean + sequential advective ST,top_1pct,25,3.9136251915022418,2.810690310217378,-1.3688006743394725,2.3101373809457306,1.509069680428401,0.6,5.888759819640495,1.8900176002303328
SpiralScanPath_10,Spiral,evaluation,2,target_7.5pct,0.075,295.49248252229785,296.24464913741537,0.7521666151175168,31.938720942106272,0.931655616604778,0.07516993202718912,0.07556977209116353,advective posterior physics mean + sequential advective ST,unsaturated_full_grid,2313,0.3564918513051843,0.1555601985884525,0.10070771271111686,0.1945282162703542,0.6703944816078551,0.9965412883700822,2.619414314473514,0.20895231441941525
SpiralScanPath_10,Spiral,evaluation,2,target_7.5pct,0.075,295.49248252229785,296.24464913741537,0.7521666151175168,31.938720942106272,0.931655616604778,0.07516993202718912,0.07556977209116353,single-frame censored RBF,deliberately_hidden_observable,108,1.5357343381190816,1.4659330909617145,1.4659330909617145,0.937257272477786,1.0582720898057603,0.7777777777777778,4.012366529717155,1.402832093625667
SpiralScanPath_10,Spiral,evaluation,2,target_7.5pct,0.075,295.49248252229785,296.24464913741537,0.7521666151175168,31.938720942106272,0.931655616604778,0.07516993202718912,0.07556977209116353,single-frame censored RBF,near_ceiling_unsaturated_1K,105,1.2594966804609522,1.0679993064511915,1.0091203191003566,0.7725771251402043,1.7841713770676972,1.0,6.970488086337583,0.690674381197066
SpiralScanPath_10,Spiral,evaluation,2,target_7.5pct,0.075,295.49248252229785,296.24464913741537,0.7521666151175168,31.938720942106272,0.931655616604778,0.07516993202718912,0.07556977209116353,single-frame censored RBF,observed_censored_full_grid,188,3.5900532438087684,1.7705440831917472,0.33024669291067105,1.3104093893102513,1.1060703191426797,0.8085106382978723,4.179084508737914,1.5180934143273532
SpiralScanPath_10,Spiral,evaluation,2,target_7.5pct,0.075,295.49248252229785,296.24464913741537,0.7521666151175168,31.938720942106272,0.931655616604778,0.07516993202718912,0.07556977209116353,single-frame censored RBF,overall,2501,1.0316969764743988,0.2675498865086551,0.05158924086151165,0.7492614411692603,2.779943706901512,0.9856057576969213,10.842073310251413,0.1883383068902043
SpiralScanPath_10,Spiral,evaluation,2,target_7.5pct,0.075,295.49248252229785,296.24464913741537,0.7521666151175168,31.938720942106272,0.931655616604778,0.07516993202718912,0.07556977209116353,single-frame censored RBF,top_1pct,25,9.200885737642606,5.217891887510559,-5.217891887510559,4.691361800213158,1.2409693087458302,0.52,4.588242965622933,3.8455983640713542
SpiralScanPath_10,Spiral,evaluation,2,target_7.5pct,0.075,295.49248252229785,296.24464913741537,0.7521666151175168,31.938720942106272,0.931655616604778,0.07516993202718912,0.07556977209116353,single-frame censored RBF,unsaturated_full_grid,2313,0.3214660239013153,0.145386934076134,0.028940040262617584,0.7036514912122753,2.9159956727029215,1.0,11.383639196409883,0.0802561796968693
SpiralScanPath_10,Spiral,evaluation,3,target_10pct,0.1,295.10487498826063,296.24464913741537,1.1397741491547322,32.32632847614349,0.9429621663184837,0.10035985605757697,0.09836065573770492,advective posterior physics mean + sequential advective ST,deliberately_hidden_observable,170,2.276275846273789,2.0618927989530413,2.0100957409264497,1.3999478470434028,1.3823176626509224,0.8705882352941177,5.392258252142783,1.416494014205889
SpiralScanPath_10,Spiral,evaluation,3,target_10pct,0.1,295.10487498826063,296.24464913741537,1.1397741491547322,32.32632847614349,0.9429621663184837,0.10035985605757697,0.09836065573770492,advective posterior physics mean + sequential advective ST,near_ceiling_unsaturated_1K,88,1.0304185078680277,0.6940045733829614,0.48532481339228056,0.5023448076212413,0.7962541696434677,0.9659090909090909,3.112831642567768,0.7234126334834794
SpiralScanPath_10,Spiral,evaluation,3,target_10pct,0.1,295.10487498826063,296.24464913741537,1.1397741491547322,32.32632847614349,0.9429621663184837,0.10035985605757697,0.09836065573770492,advective posterior physics mean + sequential advective ST,observed_censored_full_grid,251,2.319023315521202,1.9656008842841135,1.44968199352831,1.3557130599152525,1.4171870693667132,0.8764940239043825,5.528941297311568,1.3286116172362974
SpiralScanPath_10,Spiral,evaluation,3,target_10pct,0.1,295.10487498826063,296.24464913741537,1.1397741491547322,32.32632847614349,0.9429621663184837,0.10035985605757697,0.09836065573770492,advective posterior physics mean + sequential advective ST,overall,2501,0.7723056786812699,0.3162304373739524,0.21617549792958704,0.2983243474042482,0.7380028351929048,0.98640543782487,2.882403946927531,0.307092267956841
SpiralScanPath_10,Spiral,evaluation,3,target_10pct,0.1,295.10487498826063,296.24464913741537,1.1397741491547322,32.32632847614349,0.9429621663184837,0.10035985605757697,0.09836065573770492,advective posterior physics mean + sequential advective ST,top_1pct,25,3.6396246998765,2.749006291809956,-1.4238408517496282,2.1439321811741068,1.644043708739055,0.68,6.41992389038875,1.662525938572298
SpiralScanPath_10,Spiral,evaluation,3,target_10pct,0.1,295.10487498826063,296.24464913741537,1.1397741491547322,32.32632847614349,0.9429621663184837,0.10035985605757697,0.09836065573770492,advective posterior physics mean + sequential advective ST,unsaturated_full_grid,2250,0.25112321521869796,0.13223400085197445,0.07857099553168503,0.18036676214190944,0.662236060625071,0.9986666666666667,2.5871680025069117,0.19313610943722173
SpiralScanPath_10,Spiral,evaluation,3,target_10pct,0.1,295.10487498826063,296.24464913741537,1.1397741491547322,32.32632847614349,0.9429621663184837,0.10035985605757697,0.09836065573770492,single-frame censored RBF,deliberately_hidden_observable,170,0.7422149515770188,0.6680704243110259,0.6531935724145168,0.3903252217951176,0.8181409831171937,1.0,3.1881911951373807,0.8072303292421376
SpiralScanPath_10,Spiral,evaluation,3,target_10pct,0.1,295.10487498826063,296.24464913741537,1.1397741491547322,32.32632847614349,0.9429621663184837,0.10035985605757697,0.09836065573770492,single-frame censored RBF,near_ceiling_unsaturated_1K,88,0.6284327849821657,0.5371272740772018,0.422836663306985,0.5397931037123403,1.8980189687794342,1.0,7.430506812173152,0.3519285420109435
SpiralScanPath_10,Spiral,evaluation,3,target_10pct,0.1,295.10487498826063,296.24464913741537,1.1397741491547322,32.32632847614349,0.9429621663184837,0.10035985605757697,0.09836065573770492,single-frame censored RBF,observed_censored_full_grid,251,3.2257878649465828,1.2105394455572585,-0.2725358355437119,0.9498105713406193,0.8247869994166903,0.8884462151394422,3.1976197538633913,1.418343270445818
SpiralScanPath_10,Spiral,evaluation,3,target_10pct,0.1,295.10487498826063,296.24464913741537,1.1397741491547322,32.32632847614349,0.9429621663184837,0.10035985605757697,0.09836065573770492,single-frame censored RBF,overall,2501,1.03776134622998,0.2208146482891877,-0.02905824111556693,0.7187928948004774,2.718898429019554,0.9888044782087165,10.610860043387525,0.196410936585663
SpiralScanPath_10,Spiral,evaluation,3,target_10pct,0.1,295.10487498826063,296.24464913741537,1.1397741491547322,32.32632847614349,0.9429621663184837,0.10035985605757697,0.09836065573770492,single-frame censored RBF,top_1pct,25,9.972298541289259,6.3867620667859315,-6.3867620667859315,5.908679365603444,0.8818430268006816,0.12,3.384446342422434,7.124943116409819
SpiralScanPath_10,Spiral,evaluation,3,target_10pct,0.1,295.10487498826063,296.24464913741537,1.1397741491547322,32.32632847614349,0.9429621663184837,0.10035985605757697,0.09836065573770492,single-frame censored RBF,unsaturated_full_grid,2250,0.19045668294401813,0.11040534868283847,-0.0018969628038049803,0.6930215895508882,2.930197081833029,1.0,11.437848182352218,0.06009759623059677
SpiralScanPath_10,Spiral,evaluation,4,target_15pct,0.15,293.8718879236406,296.24464913741537,2.3727612137747656,33.55931554076352,0.9789285196999018,0.15033986405437824,0.14994002399040385,advective posterior physics mean + sequential advective ST,deliberately_hidden_observable,295,0.867049143551381,0.7251530674183545,-0.6614557132281939,0.501497030319194,0.7329894574114599,0.9355932203389831,2.86217915629171,0.9727234021053598
SpiralScanPath_10,Spiral,evaluation,4,target_15pct,0.15,293.8718879236406,296.24464913741537,2.3727612137747656,33.55931554076352,0.9789285196999018,0.15033986405437824,0.14994002399040385,advective posterior physics mean + sequential advective ST,near_ceiling_unsaturated_1K,1878,0.1583420740726097,0.11240999556718895,0.06802561739807104,0.16848424904343778,0.6571721630170541,1.0,2.5692515165326673,0.17479988340415153
SpiralScanPath_10,Spiral,evaluation,4,target_15pct,0.15,293.8718879236406,296.24464913741537,2.3727612137747656,33.55931554076352,0.9789285196999018,0.15033986405437824,0.14994002399040385,advective posterior physics mean + sequential advective ST,observed_censored_full_grid,376,2.0030371442646353,1.2608882433151238,-1.1785133954832543,0.99677826903822,0.7365523597952663,0.7526595744680851,2.877840502591195,1.6796270788349594
SpiralScanPath_10,Spiral,evaluation,4,target_15pct,0.15,293.8718879236406,296.24464913741537,2.3727612137747656,33.55931554076352,0.9789285196999018,0.15033986405437824,0.14994002399040385,advective posterior physics mean + sequential advective ST,overall,2501,0.790189221581722,0.28489003266772994,-0.12111670918152566,0.29311619596345845,0.6695721873764175,0.9628148740503798,2.616621255293698,0.40115310000096616
SpiralScanPath_10,Spiral,evaluation,4,target_15pct,0.15,293.8718879236406,296.24464913741537,2.3727612137747656,33.55931554076352,0.9789285196999018,0.15033986405437824,0.14994002399040385,advective posterior physics mean + sequential advective ST,top_1pct,25,6.402983632789545,5.7761198364380535,-5.311851311241937,5.351351239798576,0.7631908515082056,0.04,3.0004456033315274,7.567083810707445
SpiralScanPath_10,Spiral,evaluation,4,target_15pct,0.15,293.8718879236406,296.24464913741537,2.3727612137747656,33.55931554076352,0.9789285196999018,0.15033986405437824,0.14994002399040385,advective posterior physics mean + sequential advective ST,unsaturated_full_grid,2125,0.15800309822053124,0.11219576104259107,0.06598030448880375,0.16860940091587712,0.6577206368684235,1.0,2.5704008143601174,0.17493841009904554
SpiralScanPath_10,Spiral,evaluation,4,target_15pct,0.15,293.8718879236406,296.24464913741537,2.3727612137747656,33.55931554076352,0.9789285196999018,0.15033986405437824,0.14994002399040385,single-frame censored RBF,deliberately_hidden_observable,295,0.9325545161783572,0.8031740501213329,-0.6111832036177947,0.5989961069577521,0.5168807184857922,0.6474576271186441,1.9981468422332624,1.5909398419023002
SpiralScanPath_10,Spiral,evaluation,4,target_15pct,0.15,293.8718879236406,296.24464913741537,2.3727612137747656,33.55931554076352,0.9789285196999018,0.15033986405437824,0.14994002399040385,single-frame censored RBF,near_ceiling_unsaturated_1K,1878,0.1703999076469157,0.1052766692675413,0.031366008287195775,0.6800382642238589,2.8824068422464415,1.0,11.262548808776662,0.056187462024149065
SpiralScanPath_10,Spiral,evaluation,4,target_15pct,0.15,293.8718879236406,296.24464913741537,2.3727612137747656,33.55931554076352,0.9789285196999018,0.15033986405437824,0.14994002399040385,single-frame censored RBF,observed_censored_full_grid,376,3.173203279303598,1.5210251977923563,-1.3680896608899786,1.300507520733842,0.5130059647543774,0.5106382978723404,1.9833961211211928,3.0885345253622
SpiralScanPath_10,Spiral,evaluation,4,target_15pct,0.15,293.8718879236406,296.24464913741537,2.3727612137747656,33.55931554076352,0.9789285196999018,0.15033986405437824,0.14994002399040385,single-frame censored RBF,overall,2501,1.2399994793898967,0.3162754454568852,-0.1835263684686308,0.7763189382975041,2.5383172784078547,0.9264294282287086,9.91446140815774,0.5125966135707712
SpiralScanPath_10,Spiral,evaluation,4,target_15pct,0.15,293.8718879236406,296.24464913741537,2.3727612137747656,33.55931554076352,0.9789285196999018,0.15033986405437824,0.14994002399040385,single-frame censored RBF,top_1pct,25,11.357778120373373,8.37617173049503,-8.37617173049503,8.106097340955333,0.48103183516536757,0.0,1.8665023199701591,17.58777152670691
SpiralScanPath_10,Spiral,evaluation,4,target_15pct,0.15,293.8718879236406,296.24464913741537,2.3727612137747656,33.55931554076352,0.9789285196999018,0.15033986405437824,0.14994002399040385,single-frame censored RBF,unsaturated_full_grid,2125,0.1673432646233855,0.10310560692599716,0.026071654096275966,0.6835683938287687,2.8966782449648933,1.0,11.317793430711031,0.056807128943205484
SpiralScanPath_10,Spiral,evaluation,5,target_20pct,0.2,293.6064974707694,296.24464913741537,2.6381516666459675,33.82470599363472,0.9866699851912383,0.20031987205117952,0.19632147141143544,advective posterior physics mean + sequential advective ST,deliberately_hidden_observable,420,1.0693228849554837,0.8187138123534602,-0.7005553491582102,0.6291469877369051,0.6995261370052251,0.7214285714285714,2.735497159634977,1.151913711531955
SpiralScanPath_10,Spiral,evaluation,5,target_20pct,0.2,293.6064974707694,296.24464913741537,2.6381516666459675,33.82470599363472,0.9866699851912383,0.20031987205117952,0.19632147141143544,advective posterior physics mean + sequential advective ST,near_ceiling_unsaturated_1K,1979,0.16438404176110502,0.11565815669012589,0.07480580177295548,0.17017242508046831,0.6598947958062229,1.0,2.5782624654951585,0.1785654565630989
SpiralScanPath_10,Spiral,evaluation,5,target_20pct,0.2,293.6064974707694,296.24464913741537,2.6381516666459675,33.82470599363472,0.9866699851912383,0.20031987205117952,0.19632147141143544,advective posterior physics mean + sequential advective ST,observed_censored_full_grid,501,2.013651817720666,1.2803535114917,-1.1588882949097052,1.058139496689772,0.701995471993473,0.6107784431137725,2.7458000372410027,1.7953240616000947
SpiralScanPath_10,Spiral,evaluation,5,target_20pct,0.2,293.6064974707694,296.24464913741537,2.6381516666459675,33.82470599363472,0.9866699851912383,0.20031987205117952,0.19632147141143544,advective posterior physics mean + sequential advective ST,overall,2501,0.9132185827037996,0.34900587438507813,-0.1722256202404915,0.3481626404765112,0.6684728744947198,0.92203118752499,2.6124602013493328,0.5024818619880134
SpiralScanPath_10,Spiral,evaluation,5,target_20pct,0.2,293.6064974707694,296.24464913741537,2.6381516666459675,33.82470599363472,0.9866699851912383,0.20031987205117952,0.19632147141143544,advective posterior physics mean + sequential advective ST,top_1pct,25,6.8105852705699705,6.193278348885692,-5.759819509696386,5.80530901459174,0.7202622567045799,0.04,2.804431765895365,8.604159356207601
SpiralScanPath_10,Spiral,evaluation,5,target_20pct,0.2,293.6064974707694,296.24464913741537,2.6381516666459675,33.82470599363472,0.9866699851912383,0.20031987205117952,0.19632147141143544,advective posterior physics mean + sequential advective ST,unsaturated_full_grid,2000,0.16477682258247897,0.11570329128986935,0.07493337976414648,0.17031343799508938,0.6600754638212821,1.0,2.57905857245847,0.178624890985187
SpiralScanPath_10,Spiral,evaluation,5,target_20pct,0.2,293.6064974707694,296.24464913741537,2.6381516666459675,33.82470599363472,0.9866699851912383,0.20031987205117952,0.19632147141143544,single-frame censored RBF,deliberately_hidden_observable,420,1.1626097449926305,0.9751723095715318,-0.616419949830037,0.7810225704197691,0.4602582096329076,0.5452380952380952,1.7989181858588026,2.1887992456071097
SpiralScanPath_10,Spiral,evaluation,5,target_20pct,0.2,293.6064974707694,296.24464913741537,2.6381516666459675,33.82470599363472,0.9866699851912383,0.20031987205117952,0.19632147141143544,single-frame censored RBF,near_ceiling_unsaturated_1K,1979,0.2965014197538521,0.209295667201739,0.14640384616911886,0.6502723065269254,2.7100074117852895,1.0,10.587028443694097,0.10326591024869933
SpiralScanPath_10,Spiral,evaluation,5,target_20pct,0.2,293.6064974707694,296.24464913741537,2.6381516666459675,33.82470599363472,0.9866699851912383,0.20031987205117952,0.19632147141143544,single-frame censored RBF,observed_censored_full_grid,501,2.9696892874941234,1.5545703745517394,-1.2519427150448033,1.3519381646805368,0.456370682164206,0.4590818363273453,1.78344525000533,3.548117444726806
SpiralScanPath_10,Spiral,evaluation,5,target_20pct,0.2,293.6064974707694,296.24464913741537,2.6381516666459675,33.82470599363472,0.9866699851912383,0.20031987205117952,0.19632147141143544,single-frame censored RBF,overall,2501,1.3553661148401308,0.4788154523733025,-0.13349534280278344,0.7911829086832167,2.2602637476880774,0.8916433426629349,8.829783050869356,0.7931609823637167
SpiralScanPath_10,Spiral,evaluation,5,target_20pct,0.2,293.6064974707694,296.24464913741537,2.6381516666459675,33.82470599363472,0.9866699851912383,0.20031987205117952,0.19632147141143544,single-frame censored RBF,top_1pct,25,11.712161509070112,8.804943483121454,-8.804943483121454,8.558539049611813,0.43215536132096205,0.0,1.6884515254254757,20.63780753772995
SpiralScanPath_10,Spiral,evaluation,5,target_20pct,0.2,293.6064974707694,296.24464913741537,2.6381516666459675,33.82470599363472,0.9866699851912383,0.20031987205117952,0.19632147141143544,single-frame censored RBF,unsaturated_full_grid,2000,0.2966765864155767,0.20933884436760394,0.1466757239438425,0.6507137170558881,2.7121389606018074,1.0,10.594890669985796,0.10304438854176269
SpiralScanPath_11,Spiral,evaluation,0,reference,0.03,296.3525026623504,296.3525026623504,0.0,34.5589207094427,0.9151801286208465,0.03278688524590164,0.03078768492602959,advective posterior physics mean + sequential advective ST,deliberately_hidden_observable,0,,,,,,,,
SpiralScanPath_11,Spiral,evaluation,0,reference,0.03,296.3525026623504,296.3525026623504,0.0,34.5589207094427,0.9151801286208465,0.03278688524590164,0.03078768492602959,advective posterior physics mean + sequential advective ST,near_ceiling_unsaturated_1K,149,0.6893795777859493,0.41505575998676997,0.05246685065240921,0.32390747085450383,0.7374634965875179,1.0,2.8748799768237214,0.49186251455341884
SpiralScanPath_11,Spiral,evaluation,0,reference,0.03,296.3525026623504,296.3525026623504,0.0,34.5589207094427,0.9151801286208465,0.03278688524590164,0.03078768492602959,advective posterior physics mean + sequential advective ST,observed_censored_full_grid,82,2.5813783536968042,1.9747287014922545,0.871825190660766,1.419946866135807,1.442208757440075,0.8170731707317073,5.6301459339561415,1.2765915180230374
SpiralScanPath_11,Spiral,evaluation,0,reference,0.03,296.3525026623504,296.3525026623504,0.0,34.5589207094427,0.9151801286208465,0.03278688524590164,0.03078768492602959,advective posterior physics mean + sequential advective ST,overall,2501,0.5215697224743094,0.20011729827340533,0.09442426266017809,0.2205005243932567,0.6872234128398299,0.9940023990403839,2.6846331710989695,0.24433345028441925
SpiralScanPath_11,Spiral,evaluation,0,reference,0.03,296.3525026623504,296.3525026623504,0.0,34.5589207094427,0.9151801286208465,0.03278688524590164,0.03078768492602959,advective posterior physics mean + sequential advective ST,top_1pct,25,3.5072179612440575,2.5017028464183726,-0.7096840272407894,1.9339562234142849,1.632707680301868,0.68,6.362871256499461,1.4966661648784887
SpiralScanPath_11,Spiral,evaluation,0,reference,0.03,296.3525026623504,296.3525026623504,0.0,34.5589207094427,0.9151801286208465,0.03278688524590164,0.03078768492602959,advective posterior physics mean + sequential advective ST,unsaturated_full_grid,2419,0.23531821547942236,0.13996097952022402,0.06807168882964969,0.17984132636808547,0.661630689294059,1.0,2.584785280832625,0.20934165137802535
SpiralScanPath_11,Spiral,evaluation,0,reference,0.03,296.3525026623504,296.3525026623504,0.0,34.5589207094427,0.9151801286208465,0.03278688524590164,0.03078768492602959,single-frame censored RBF,deliberately_hidden_observable,0,,,,,,,,
SpiralScanPath_11,Spiral,evaluation,0,reference,0.03,296.3525026623504,296.3525026623504,0.0,34.5589207094427,0.9151801286208465,0.03278688524590164,0.03078768492602959,single-frame censored RBF,near_ceiling_unsaturated_1K,149,1.5089027894827076,1.3316303886144532,-0.35561855345575766,0.9464959925840106,2.743935778296198,1.0,10.703325502313703,0.49008318343093643
SpiralScanPath_11,Spiral,evaluation,0,reference,0.03,296.3525026623504,296.3525026623504,0.0,34.5589207094427,0.9151801286208465,0.03278688524590164,0.03078768492602959,single-frame censored RBF,observed_censored_full_grid,82,5.28233302255337,3.2065788157839696,0.9891997123648616,2.382673049835379,1.797805113320056,0.6463414634146342,6.821303576969182,1.7839188397468813
SpiralScanPath_11,Spiral,evaluation,0,reference,0.03,296.3525026623504,296.3525026623504,0.0,34.5589207094427,0.9151801286208465,0.03278688524590164,0.03078768492602959,single-frame censored RBF,overall,2501,1.067229083434673,0.31083329250067876,-0.025064706093700147,0.7791097309275024,2.9247635450535694,0.9884046381447421,11.415890453349007,0.14467538030279153
SpiralScanPath_11,Spiral,evaluation,0,reference,0.03,296.3525026623504,296.3525026623504,0.0,34.5589207094427,0.9151801286208465,0.03278688524590164,0.03078768492602959,single-frame censored RBF,top_1pct,25,8.509380925292124,4.232330717617203,-3.0406727415974704,3.655191456974938,1.8734827767443278,0.8,7.218972742354969,2.2084918396775244
SpiralScanPath_11,Spiral,evaluation,0,reference,0.03,296.3525026623504,296.3525026623504,0.0,34.5589207094427,0.9151801286208465,0.03278688524590164,0.03078768492602959,single-frame censored RBF,unsaturated_full_grid,2419,0.4813745957740633,0.212672427304635,-0.059446550787210714,0.7247516523204558,2.9629655257902985,1.0,11.5716391610229,0.08910780540638169
SpiralScanPath_11,Spiral,evaluation,1,target_5pct,0.05,295.9246814710634,296.3525026623504,0.4278211912869665,34.98674190072967,0.9265095753984407,0.05037984806077569,0.04918032786885246,advective posterior physics mean + sequential advective ST,deliberately_hidden_observable,43,1.6587188349395345,1.2940859548828612,1.069188706098229,0.8902265798560597,1.046310693666228,0.8372093023255814,4.052641837401396,1.0823829203604278
SpiralScanPath_11,Spiral,evaluation,1,target_5pct,0.05,295.9246814710634,296.3525026623504,0.4278211912869665,34.98674190072967,0.9265095753984407,0.05037984806077569,0.04918032786885246,advective posterior physics mean + sequential advective ST,near_ceiling_unsaturated_1K,150,1.0298644705734972,0.6214445497331561,0.3524886936264761,0.46248052042726956,0.8055151306695023,0.9666666666666667,3.1601886748073333,0.623699378219013
SpiralScanPath_11,Spiral,evaluation,1,target_5pct,0.05,295.9246814710634,296.3525026623504,0.4278211912869665,34.98674190072967,0.9265095753984407,0.05037984806077569,0.04918032786885246,advective posterior physics mean + sequential advective ST,observed_censored_full_grid,126,2.508967100906216,1.899839687209011,0.9724070000648019,1.3771339629883643,1.3717893379998034,0.8095238095238095,5.336080602322324,1.3064624888774288
SpiralScanPath_11,Spiral,evaluation,1,target_5pct,0.05,295.9246814710634,296.3525026623504,0.4278211912869665,34.98674190072967,0.9265095753984407,0.05037984806077569,0.04918032786885246,advective posterior physics mean + sequential advective ST,overall,2501,0.6361264691917528,0.2397109961946462,0.13270839703285883,0.24812555604465653,0.7015388899768691,0.9884046381447421,2.739250750845165,0.27027141437748875
SpiralScanPath_11,Spiral,evaluation,1,target_5pct,0.05,295.9246814710634,296.3525026623504,0.4278211912869665,34.98674190072967,0.9265095753984407,0.05037984806077569,0.04918032786885246,advective posterior physics mean + sequential advective ST,top_1pct,25,3.8054189098945876,2.5892376136278497,-1.2735427664590064,2.1610203236284553,1.633154491722541,0.64,6.340983621779267,1.6647092464046833
SpiralScanPath_11,Spiral,evaluation,1,target_5pct,0.05,295.9246814710634,296.3525026623504,0.4278211912869665,34.98674190072967,0.9265095753984407,0.05037984806077569,0.04918032786885246,advective posterior physics mean + sequential advective ST,unsaturated_full_grid,2375,0.3035838313485116,0.15163680037662092,0.08816017640884839,0.18822868898153772,0.6659803398922841,0.9978947368421053,2.6014820934615344,0.2152987510566498
SpiralScanPath_11,Spiral,evaluation,1,target_5pct,0.05,295.9246814710634,296.3525026623504,0.4278211912869665,34.98674190072967,0.9265095753984407,0.05037984806077569,0.04918032786885246,single-frame censored RBF,deliberately_hidden_observable,43,2.4089870045220048,2.3082795229740656,2.3082795229740656,1.5068541616230342,1.480251672097012,0.5116279069767442,5.592566744405121,1.5508354380094953
SpiralScanPath_11,Spiral,evaluation,1,target_5pct,0.05,295.9246814710634,296.3525026623504,0.4278211912869665,34.98674190072967,0.9265095753984407,0.05037984806077569,0.04918032786885246,single-frame censored RBF,near_ceiling_unsaturated_1K,150,1.395666427102088,1.159977856943902,0.5825231408330773,0.8868861628867726,2.4648920911426693,1.0,9.603966640902827,0.5190154596121128
SpiralScanPath_11,Spiral,evaluation,1,target_5pct,0.05,295.9246814710634,296.3525026623504,0.4278211912869665,34.98674190072967,0.9265095753984407,0.05037984806077569,0.04918032786885246,single-frame censored RBF,observed_censored_full_grid,126,4.417105479381423,2.4452228540446663,0.8253613948773239,1.7907062579753084,1.5227100057191836,0.6984126984126984,5.757521960060296,1.6046117774805013
SpiralScanPath_11,Spiral,evaluation,1,target_5pct,0.05,295.9246814710634,296.3525026623504,0.4278211912869665,34.98674190072967,0.9265095753984407,0.05037984806077569,0.04918032786885246,single-frame censored RBF,overall,2501,1.070914623869583,0.292424236415664,0.06258987949480808,0.7696974916987619,2.868443658816169,0.9848060775689724,11.189126598433134,0.16019841951696961
SpiralScanPath_11,Spiral,evaluation,1,target_5pct,0.05,295.9246814710634,296.3525026623504,0.4278211912869665,34.98674190072967,0.9265095753984407,0.05037984806077569,0.04918032786885246,single-frame censored RBF,top_1pct,25,8.91636055389717,4.223791884015913,-3.9242749011473963,3.8515736872063373,1.5661923946327962,0.64,5.883072171962296,2.7595712266956935
SpiralScanPath_11,Spiral,evaluation,1,target_5pct,0.05,295.9246814710634,296.3525026623504,0.4278211912869665,34.98674190072967,0.9265095753984407,0.05037984806077569,0.04918032786885246,single-frame censored RBF,unsaturated_full_grid,2375,0.4154534691089342,0.17821260449092532,0.02212284331030409,0.7155302897826166,2.9398383705173146,1.0,11.47728751819523,0.08356848978922017
SpiralScanPath_11,Spiral,evaluation,2,target_7.5pct,0.075,295.58043247639444,296.3525026623504,0.772070185955954,35.33099089539866,0.935625885536352,0.07516993202718912,0.07317073170731707,advective posterior physics mean + sequential advective ST,deliberately_hidden_observable,106,1.3639433323496422,1.1245370573344295,0.8962565365470232,0.744144121763909,1.0873267602702044,0.9811320754716981,4.247409922346265,0.9463730314699779
SpiralScanPath_11,Spiral,evaluation,2,target_7.5pct,0.075,295.58043247639444,296.3525026623504,0.772070185955954,35.33099089539866,0.935625885536352,0.07516993202718912,0.07317073170731707,advective posterior physics mean + sequential advective ST,near_ceiling_unsaturated_1K,113,1.0032396685710683,0.6980347751256359,0.4865236594711897,0.4828473077267562,0.8785922151312835,1.0,3.4203795399709933,0.6726640130837627
SpiralScanPath_11,Spiral,evaluation,2,target_7.5pct,0.075,295.58043247639444,296.3525026623504,0.772070185955954,35.33099089539866,0.935625885536352,0.07516993202718912,0.07317073170731707,advective posterior physics mean + sequential advective ST,observed_censored_full_grid,188,2.0258668308959895,1.3832569070224416,0.3298170451827505,0.997482048962239,1.2071973403254035,0.9202127659574468,4.724723971970534,1.0950778002126098
SpiralScanPath_11,Spiral,evaluation,2,target_7.5pct,0.075,295.58043247639444,296.3525026623504,0.772070185955954,35.33099089539866,0.935625885536352,0.07516993202718912,0.07317073170731707,advective posterior physics mean + sequential advective ST,overall,2501,0.6139917012882763,0.23930501664799628,0.10979104673800284,0.2457062901736324,0.708070928704261,0.9940023990403839,2.766230244839702,0.2750054548763202
SpiralScanPath_11,Spiral,evaluation,2,target_7.5pct,0.075,295.58043247639444,296.3525026623504,0.772070185955954,35.33099089539866,0.935625885536352,0.07516993202718912,0.07317073170731707,advective posterior physics mean + sequential advective ST,top_1pct,25,4.4423694144319175,3.3181991033345137,-2.378563409965418,2.771037037061218,1.4658957105514405,0.56,5.783946080677194,2.3795247933312136
SpiralScanPath_11,Spiral,evaluation,2,target_7.5pct,0.075,295.58043247639444,296.3525026623504,0.772070185955954,35.33099089539866,0.935625885536352,0.07516993202718912,0.07317073170731707,advective posterior physics mean + sequential advective ST,unsaturated_full_grid,2313,0.27211034376296456,0.14632492352633794,0.09190739446493212,0.18460216451333922,0.6675020720744407,1.0,2.607044416607711,0.20835020155888723
SpiralScanPath_11,Spiral,evaluation,2,target_7.5pct,0.075,295.58043247639444,296.3525026623504,0.772070185955954,35.33099089539866,0.935625885536352,0.07516993202718912,0.07317073170731707,single-frame censored RBF,deliberately_hidden_observable,106,1.3687397266719954,1.2910034683091696,1.2910034683091696,0.7877180328332745,1.0304457567216805,0.9339622641509434,3.9783767873786497,1.2450647333107285
SpiralScanPath_11,Spiral,evaluation,2,target_7.5pct,0.075,295.58043247639444,296.3525026623504,0.772070185955954,35.33099089539866,0.935625885536352,0.07516993202718912,0.07317073170731707,single-frame censored RBF,near_ceiling_unsaturated_1K,113,0.9537819467990217,0.8011702785366809,0.6155369055025874,0.6456467013682082,1.8355614884744553,1.0,7.164523112546765,0.522363397606271
SpiralScanPath_11,Spiral,evaluation,2,target_7.5pct,0.075,295.58043247639444,296.3525026623504,0.772070185955954,35.33099089539866,0.935625885536352,0.07516993202718912,0.07317073170731707,single-frame censored RBF,observed_censored_full_grid,188,3.7277246218448328,1.6094353786687507,0.11291823961923826,1.2179693938583174,1.0388864155619655,0.8882978723404256,3.9972766432849762,1.5798916896944086
SpiralScanPath_11,Spiral,evaluation,2,target_7.5pct,0.075,295.58043247639444,296.3525026623504,0.772070185955954,35.33099089539866,0.935625885536352,0.07516993202718912,0.07317073170731707,single-frame censored RBF,overall,2501,1.0557207984277204,0.24583068101323174,0.02324925040721662,0.7364798706677519,2.7710629766575705,0.9916033586565374,10.811978399181639,0.18722220314853505
SpiralScanPath_11,Spiral,evaluation,2,target_7.5pct,0.075,295.58043247639444,296.3525026623504,0.772070185955954,35.33099089539866,0.935625885536352,0.07516993202718912,0.07317073170731707,single-frame censored RBF,top_1pct,25,9.770043422195503,5.380406936073707,-5.380406936073707,4.9523754808457845,1.1049878838858733,0.44,4.170022388503173,5.4072464228995525
SpiralScanPath_11,Spiral,evaluation,2,target_7.5pct,0.075,295.58043247639444,296.3525026623504,0.772070185955954,35.33099089539866,0.935625885536352,0.07516993202718912,0.07317073170731707,single-frame censored RBF,unsaturated_full_grid,2313,0.2750981870860367,0.13499726849302526,0.015960979775197566,0.6973445354494958,2.9118538082554837,1.0,11.365875472293862,0.07402641262945844
SpiralScanPath_11,Spiral,evaluation,3,target_10pct,0.1,295.1876502234943,296.3525026623504,1.1648524388560872,35.72377314829879,0.9460274404851126,0.10035985605757697,0.10275889644142343,advective posterior physics mean + sequential advective ST,deliberately_hidden_observable,168,1.4827529405629525,1.3492338541600946,1.2301159441199767,0.8635928348996507,1.1919925549332047,0.9761904761904762,4.647376000590243,1.0986952570700457
SpiralScanPath_11,Spiral,evaluation,3,target_10pct,0.1,295.1876502234943,296.3525026623504,1.1648524388560872,35.72377314829879,0.9460274404851126,0.10035985605757697,0.10275889644142343,advective posterior physics mean + sequential advective ST,near_ceiling_unsaturated_1K,90,0.9662351371736636,0.7192272787844609,0.5348677465019162,0.4936734653290285,0.8095447542342961,0.9777777777777777,3.167159926837764,0.7794714749936944
SpiralScanPath_11,Spiral,evaluation,3,target_10pct,0.1,295.1876502234943,296.3525026623504,1.1648524388560872,35.72377314829879,0.9460274404851126,0.10035985605757697,0.10275889644142343,advective posterior physics mean + sequential advective ST,observed_censored_full_grid,251,1.89250469959302,1.4147879920148276,0.6565341874447607,0.9765803220094629,1.2005781714804664,0.9362549800796812,4.674393892319326,1.1553780195117018
SpiralScanPath_11,Spiral,evaluation,3,target_10pct,0.1,295.1876502234943,296.3525026623504,1.1648524388560872,35.72377314829879,0.9460274404851126,0.10035985605757697,0.10275889644142343,advective posterior physics mean + sequential advective ST,overall,2501,0.6434256591964755,0.26728577746828996,0.14704096927504717,0.2611285404062104,0.7166493494076166,0.9928028788484606,2.798320397062955,0.29981657638519593
SpiralScanPath_11,Spiral,evaluation,3,target_10pct,0.1,295.1876502234943,296.3525026623504,1.1648524388560872,35.72377314829879,0.9460274404851126,0.10035985605757697,0.10275889644142343,advective posterior physics mean + sequential advective ST,top_1pct,25,4.384820531293349,3.369719344271173,-2.514166695380179,2.778402635630405,1.3449890814473742,0.56,5.212084965049699,2.6382997620012123
SpiralScanPath_11,Spiral,evaluation,3,target_10pct,0.1,295.1876502234943,296.3525026623504,1.1648524388560872,35.72377314829879,0.9460274404851126,0.10035985605757697,0.10275889644142343,advective posterior physics mean + sequential advective ST,unsaturated_full_grid,2250,0.24624320437464683,0.13927553042332066,0.09020417027033692,0.18131591943624764,0.6626644008119342,0.9991111111111111,2.5890339760365775,0.2043739442853058
SpiralScanPath_11,Spiral,evaluation,3,target_10pct,0.1,295.1876502234943,296.3525026623504,1.1648524388560872,35.72377314829879,0.9460274404851126,0.10035985605757697,0.10275889644142343,single-frame censored RBF,deliberately_hidden_observable,168,0.970016391754202,0.8709401619887074,0.8583328928864156,0.5284775046882582,0.880394154578298,0.9583333333333334,3.3441540450895646,0.982791545236803
SpiralScanPath_11,Spiral,evaluation,3,target_10pct,0.1,295.1876502234943,296.3525026623504,1.1648524388560872,35.72377314829879,0.9460274404851126,0.10035985605757697,0.10275889644142343,single-frame censored RBF,near_ceiling_unsaturated_1K,90,0.7939051438370692,0.6674701523813786,0.5499524887434037,0.5881561767583777,1.822692811807803,1.0,7.116077470871459,0.45451430453678243
SpiralScanPath_11,Spiral,evaluation,3,target_10pct,0.1,295.1876502234943,296.3525026623504,1.1648524388560872,35.72377314829879,0.9460274404851126,0.10035985605757697,0.10275889644142343,single-frame censored RBF,observed_censored_full_grid,251,3.3277584922720074,1.3197535149853377,-0.08885240233145594,1.0175206075705179,0.8846798445110369,0.8844621513944223,3.36266740826294,1.6030740860967176
SpiralScanPath_11,Spiral,evaluation,3,target_10pct,0.1,295.1876502234943,296.3525026623504,1.1648524388560872,35.72377314829879,0.9460274404851126,0.10035985605757697,0.10275889644142343,single-frame censored RBF,overall,2501,1.0750014525019005,0.2375177312727795,-0.0026832577517473997,0.7272919655212108,2.720239991457496,0.9884046381447421,10.601847312536492,0.21870263904832343
SpiralScanPath_11,Spiral,evaluation,3,target_10pct,0.1,295.1876502234943,296.3525026623504,1.1648524388560872,35.72377314829879,0.9460274404851126,0.10035985605757697,0.10275889644142343,single-frame censored RBF,top_1pct,25,10.19937745951095,6.258497048724774,-6.258497048724774,5.7806225831921845,0.872670335606727,0.16,3.3308450566052397,8.116239725514859
SpiralScanPath_11,Spiral,evaluation,3,target_10pct,0.1,295.1876502234943,296.3525026623504,1.1648524388560872,35.72377314829879,0.9460274404851126,0.10035985605757697,0.10275889644142343,single-frame censored RBF,unsaturated_full_grid,2250,0.2217684608583825,0.11678831717862302,0.0069293890435889755,0.6949153481192659,2.9250069234057454,1.0,11.409418048524342,0.06426831317759146
SpiralScanPath_11,Spiral,evaluation,4,target_15pct,0.15,293.9572135185845,296.3525026623504,2.395289143765865,36.95420985320857,0.9786115374054616,0.15033986405437824,0.14754098360655737,advective posterior physics mean + sequential advective ST,deliberately_hidden_observable,293,0.6082026071250051,0.5145743238577803,-0.11341158644600928,0.35893627165473685,0.8698711136567993,0.9965870307167235,3.3959143083840098,0.597087266538099
SpiralScanPath_11,Spiral,evaluation,4,target_15pct,0.15,293.9572135185845,296.3525026623504,2.395289143765865,36.95420985320857,0.9786115374054616,0.15033986405437824,0.14754098360655737,advective posterior physics mean + sequential advective ST,near_ceiling_unsaturated_1K,1719,0.1944253797752006,0.12700895249282035,0.08703883515760474,0.17490598114064618,0.6602543289232895,1.0,2.57893038709634,0.19339973283400158
SpiralScanPath_11,Spiral,evaluation,4,target_15pct,0.15,293.9572135185845,296.3525026623504,2.395289143765865,36.95420985320857,0.9786115374054616,0.15033986405437824,0.14754098360655737,advective posterior physics mean + sequential advective ST,observed_censored_full_grid,376,1.7488716361624306,0.9893140212793174,-0.6274680421947858,0.7728498799826204,0.8733179963234208,0.8723404255319149,3.406919159915139,1.1285421822321662
SpiralScanPath_11,Spiral,evaluation,4,target_15pct,0.15,293.9572135185845,296.3525026623504,2.395289143765865,36.95420985320857,0.9786115374054616,0.15033986405437824,0.14754098360655737,advective posterior physics mean + sequential advective ST,overall,2501,0.699409153401909,0.2530750437030607,-0.023607413254297216,0.2632876363075979,0.6913856297486272,0.9808076769292283,2.700084623524145,0.32965359844399633
SpiralScanPath_11,Spiral,evaluation,4,target_15pct,0.15,293.9572135185845,296.3525026623504,2.395289143765865,36.95420985320857,0.9786115374054616,0.15033986405437824,0.14754098360655737,advective posterior physics mean + sequential advective ST,top_1pct,25,5.939359986667243,5.341243334341564,-4.7958757441000515,4.835645400256154,0.9014543846753789,0.04,3.4886552336030445,5.8824199664432255
SpiralScanPath_11,Spiral,evaluation,4,target_15pct,0.15,293.9572135185845,296.3525026623504,2.395289143765865,36.95420985320857,0.9786115374054616,0.15033986405437824,0.14754098360655737,advective posterior physics mean + sequential advective ST,unsaturated_full_grid,2125,0.18586083459846472,0.12280405284721484,0.08324039685470218,0.1731250934267468,0.659194302768805,1.0,2.5750164890850797,0.1882973125595954
SpiralScanPath_11,Spiral,evaluation,4,target_15pct,0.15,293.9572135185845,296.3525026623504,2.395289143765865,36.95420985320857,0.9786115374054616,0.15033986405437824,0.14754098360655737,single-frame censored RBF,deliberately_hidden_observable,293,0.9530214434368968,0.8306503932441204,-0.6346917038241603,0.6246144192483968,0.5101133822797667,0.6075085324232082,1.980197978559082,1.6793372810590146
SpiralScanPath_11,Spiral,evaluation,4,target_15pct,0.15,293.9572135185845,296.3525026623504,2.395289143765865,36.95420985320857,0.9786115374054616,0.15033986405437824,0.14754098360655737,single-frame censored RBF,near_ceiling_unsaturated_1K,1719,0.17447555849734175,0.10398723569207638,0.03701895494810348,0.6834086268519621,2.894116088131092,1.0,11.287610863473184,0.0558608749640298
SpiralScanPath_11,Spiral,evaluation,4,target_15pct,0.15,293.9572135185845,296.3525026623504,2.395289143765865,36.95420985320857,0.9786115374054616,0.15033986405437824,0.14754098360655737,single-frame censored RBF,observed_censored_full_grid,376,3.2203121490841444,1.5431933876245119,-1.3869877198923855,1.3199685168304283,0.5081848265393187,0.4787234042553192,1.9750377374858106,3.129275468184679
SpiralScanPath_11,Spiral,evaluation,4,target_15pct,0.15,293.9572135185845,296.3525026623504,2.395289143765865,36.95420985320857,0.9786115374054616,0.15033986405437824,0.14754098360655737,single-frame censored RBF,overall,2501,1.258490483199663,0.31826612289207157,-0.18066466475286538,0.7816881143422918,2.5468391145419145,0.9216313474610156,9.936852400609466,0.5171623692938493
SpiralScanPath_11,Spiral,evaluation,4,target_15pct,0.15,293.9572135185845,296.3525026623504,2.395289143765865,36.95420985320857,0.9786115374054616,0.15033986405437824,0.14754098360655737,single-frame censored RBF,top_1pct,25,11.540546193996137,8.324258057096824,-8.324258057096824,8.028571535219879,0.5172497515506306,0.0,2.021908187684387,16.790483071795858
SpiralScanPath_11,Spiral,evaluation,4,target_15pct,0.15,293.9572135185845,296.3525026623504,2.395289143765865,36.95420985320857,0.9786115374054616,0.15033986405437824,0.14754098360655737,single-frame censored RBF,unsaturated_full_grid,2125,0.17054273522315458,0.10152605157941388,0.03278355582711562,0.6864441466549791,2.907561002677903,1.0,11.345625253943345,0.05497200450187199
SpiralScanPath_11,Spiral,evaluation,5,target_20pct,0.2,293.6317176082199,296.3525026623504,2.720785054130488,37.27970576357319,0.987231233362334,0.20031987205117952,0.20431827269092362,advective posterior physics mean + sequential advective ST,deliberately_hidden_observable,418,1.128534963135922,0.8688162417578329,-0.7721030753189008,0.672102516631429,0.696952951261743,0.6626794258373205,2.725960506120216,1.2278320286857425
SpiralScanPath_11,Spiral,evaluation,5,target_20pct,0.2,293.6317176082199,296.3525026623504,2.720785054130488,37.27970576357319,0.987231233362334,0.20031987205117952,0.20431827269092362,advective posterior physics mean + sequential advective ST,near_ceiling_unsaturated_1K,1969,0.16845981359570783,0.12014344377512114,0.08635714240868267,0.1708742717547487,0.659388686746661,1.0,2.5747008183569773,0.18579229522663634
SpiralScanPath_11,Spiral,evaluation,5,target_20pct,0.2,293.6317176082199,296.3525026623504,2.720785054130488,37.27970576357319,0.987231233362334,0.20031987205117952,0.20431827269092362,advective posterior physics mean + sequential advective ST,observed_censored_full_grid,501,2.086045144255249,1.342128287662889,-1.2427720241928832,1.1151253425279948,0.6994996529193053,0.5608782435129741,2.734894756411833,1.8867256634387752
SpiralScanPath_11,Spiral,evaluation,5,target_20pct,0.2,293.6317176082199,296.3525026623504,2.720785054130488,37.27970576357319,0.987231233362334,0.20031987205117952,0.20431827269092362,advective posterior physics mean + sequential advective ST,overall,2501,0.9457037159428494,0.36469652688352816,-0.18013894234851405,0.3600141542903293,0.6674853531329304,0.9120351859256297,2.6070358584833917,0.5261491687416746
SpiralScanPath_11,Spiral,evaluation,5,target_20pct,0.2,293.6317176082199,296.3525026623504,2.720785054130488,37.27970576357319,0.987231233362334,0.20031987205117952,0.20431827269092362,advective posterior physics mean + sequential advective ST,top_1pct,25,6.9919071709063685,6.348799958440147,-5.980568118274926,5.9710070571657585,0.7214731286886162,0.04,2.8115681656655034,8.800092384358868
SpiralScanPath_11,Spiral,evaluation,5,target_20pct,0.2,293.6317176082199,296.3525026623504,2.720785054130488,37.27970576357319,0.987231233362334,0.20031987205117952,0.20431827269092362,advective posterior physics mean + sequential advective ST,unsaturated_full_grid,2000,0.16828457313329392,0.1198498708082983,0.0860506446535004,0.17085880163679415,0.6594657710364435,1.0,2.5750072045523167,0.1853247568200508
SpiralScanPath_11,Spiral,evaluation,5,target_20pct,0.2,293.6317176082199,296.3525026623504,2.720785054130488,37.27970576357319,0.987231233362334,0.20031987205117952,0.20431827269092362,single-frame censored RBF,deliberately_hidden_observable,418,1.2051772609793547,1.005516078828954,-0.6871299495402166,0.8153870561752808,0.45650972829204,0.5239234449760766,1.7802814653790566,2.2761975338962603
SpiralScanPath_11,Spiral,evaluation,5,target_20pct,0.2,293.6317176082199,296.3525026623504,2.720785054130488,37.27970576357319,0.987231233362334,0.20031987205117952,0.20431827269092362,single-frame censored RBF,near_ceiling_unsaturated_1K,1969,0.2764477410939756,0.1933843208846113,0.14397438086129935,0.6501203510941682,2.7163936059717764,1.0,10.608068514114981,0.09619425531965334
SpiralScanPath_11,Spiral,evaluation,5,target_20pct,0.2,293.6317176082199,296.3525026623504,2.720785054130488,37.27970576357319,0.987231233362334,0.20031987205117952,0.20431827269092362,single-frame censored RBF,observed_censored_full_grid,501,3.04431571272837,1.6030104388888144,-1.336096486516447,1.404535612632197,0.4527677443130841,0.43912175648702595,1.765719305190427,3.6553251756979344
SpiralScanPath_11,Spiral,evaluation,5,target_20pct,0.2,293.6317176082199,296.3525026623504,2.720785054130488,37.27970576357319,0.987231233362334,0.20031987205117952,0.20431827269092362,single-frame censored RBF,overall,2501,1.384752418239186,0.47542288615381906,-0.15329391345862492,0.8017823089482675,2.265605506850491,0.8876449420231908,8.846765058411652,0.8087847448061635
SpiralScanPath_11,Spiral,evaluation,5,target_20pct,0.2,293.6317176082199,296.3525026623504,2.720785054130488,37.27970576357319,0.987231233362334,0.20031987205117952,0.20431827269092362,single-frame censored RBF,top_1pct,25,11.943000383772302,8.888386302693142,-8.888386302693142,8.643582101403972,0.4332970191151648,0.0,1.689784517249327,20.237711772641855
SpiralScanPath_11,Spiral,evaluation,5,target_20pct,0.2,293.6317176082199,296.3525026623504,2.720785054130488,37.27970576357319,0.987231233362334,0.20031987205117952,0.20431827269092362,single-frame censored RBF,unsaturated_full_grid,2000,0.27619626288820104,0.19296220419370266,0.14299813109235956,0.6507926063754431,2.7197213663661115,1.0,10.62056701959357,0.09572636686777487
SpiralScanPath_12,Spiral,evaluation,0,reference,0.03,296.4285472031083,296.4285472031083,0.0,38.081978562365464,0.9207239743836442,0.03078768492602959,0.03158736505397841,advective posterior physics mean + sequential advective ST,deliberately_hidden_observable,0,,,,,,,,
SpiralScanPath_12,Spiral,evaluation,0,reference,0.03,296.4285472031083,296.4285472031083,0.0,38.081978562365464,0.9207239743836442,0.03078768492602959,0.03158736505397841,advective posterior physics mean + sequential advective ST,near_ceiling_unsaturated_1K,160,0.907513690744388,0.5079563341585072,0.30341736985686724,0.39167675525893164,0.7724155773940306,0.975,3.026945309946088,0.5263515437806928
SpiralScanPath_12,Spiral,evaluation,0,reference,0.03,296.4285472031083,296.4285472031083,0.0,38.081978562365464,0.9207239743836442,0.03078768492602959,0.03158736505397841,advective posterior physics mean + sequential advective ST,observed_censored_full_grid,77,2.628875716799457,1.94054819268574,0.8145620117625739,1.4202876835932574,1.4516535249690523,0.8441558441558441,5.688601352046712,1.2245299683944826
SpiralScanPath_12,Spiral,evaluation,0,reference,0.03,296.4285472031083,296.4285472031083,0.0,38.081978562365464,0.9207239743836442,0.03078768492602959,0.03158736505397841,advective posterior physics mean + sequential advective ST,overall,2501,0.5369282853595524,0.19788846164202747,0.09825557438865912,0.22170378296223756,0.6889103464733548,0.9936025589764095,2.6922819253193477,0.23647794510934736
SpiralScanPath_12,Spiral,evaluation,0,reference,0.03,296.4285472031083,296.4285472031083,0.0,38.081978562365464,0.9207239743836442,0.03078768492602959,0.03158736505397841,advective posterior physics mean + sequential advective ST,top_1pct,25,3.473601730681642,2.4376457275887766,-0.649194340743245,1.937088981239674,1.6424170516657848,0.68,6.440849464521473,1.4675837139288717
SpiralScanPath_12,Spiral,evaluation,0,reference,0.03,296.4285472031083,296.4285472031083,0.0,38.081978562365464,0.9207239743836442,0.03078768492602959,0.03158736505397841,advective posterior physics mean + sequential advective ST,unsaturated_full_grid,2424,0.27913720416255566,0.14253169625821316,0.07550161577570885,0.1836299544355921,0.664681293361074,0.9983498349834984,2.5971018115165396,0.2050918041056529
SpiralScanPath_12,Spiral,evaluation,0,reference,0.03,296.4285472031083,296.4285472031083,0.0,38.081978562365464,0.9207239743836442,0.03078768492602959,0.03158736505397841,single-frame censored RBF,deliberately_hidden_observable,0,,,,,,,,
SpiralScanPath_12,Spiral,evaluation,0,reference,0.03,296.4285472031083,296.4285472031083,0.0,38.081978562365464,0.9207239743836442,0.03078768492602959,0.03158736505397841,single-frame censored RBF,near_ceiling_unsaturated_1K,160,1.5542736606559586,1.3717187730692715,-0.2322741951950867,0.9674358991566061,2.734123097105887,1.0,10.645344074190113,0.5131119926587526
SpiralScanPath_12,Spiral,evaluation,0,reference,0.03,296.4285472031083,296.4285472031083,0.0,38.081978562365464,0.9207239743836442,0.03078768492602959,0.03158736505397841,single-frame censored RBF,observed_censored_full_grid,77,5.477003491540591,3.1425211524721646,0.7937184257322686,2.3214799353273294,1.8425078954247527,0.7662337662337663,6.927514272063261,1.756302004619892
SpiralScanPath_12,Spiral,evaluation,0,reference,0.03,296.4285472031083,296.4285472031083,0.0,38.081978562365464,0.9207239743836442,0.03078768492602959,0.03158736505397841,single-frame censored RBF,overall,2501,1.082763124584124,0.316731802505093,-0.034346402992480846,0.7780197375145322,2.9290437770887015,0.9928028788484606,11.432198340212567,0.1459578638936333
SpiralScanPath_12,Spiral,evaluation,0,reference,0.03,296.4285472031083,296.4285472031083,0.0,38.081978562365464,0.9207239743836442,0.03078768492602959,0.03158736505397841,single-frame censored RBF,top_1pct,25,8.766535011567612,4.2457074678938715,-2.9886049304650077,3.7458206934924685,1.7694726243046803,0.72,6.657462488387014,2.545695008034391
SpiralScanPath_12,Spiral,evaluation,0,reference,0.03,296.4285472031083,296.4285472031083,0.0,38.081978562365464,0.9207239743836442,0.03078768492602959,0.03158736505397841,single-frame censored RBF,unsaturated_full_grid,2424,0.5066796634139675,0.22696869196570996,-0.06065044251880333,0.7289906800757594,2.9635583244847927,1.0,11.575292677360876,0.09480419275670181
SpiralScanPath_12,Spiral,evaluation,1,target_5pct,0.05,296.0291877165216,296.4285472031083,0.3993594865866612,38.481338048952125,0.9303794562566702,0.05037984806077569,0.04918032786885246,advective posterior physics mean + sequential advective ST,deliberately_hidden_observable,48,1.811320887100977,1.4266231302251882,1.3877304848733114,0.9917530295030467,1.1473096750278409,0.875,4.474729097121942,1.0809437077173758
SpiralScanPath_12,Spiral,evaluation,1,target_5pct,0.05,296.0291877165216,296.4285472031083,0.3993594865866612,38.481338048952125,0.9303794562566702,0.05037984806077569,0.04918032786885246,advective posterior physics mean + sequential advective ST,near_ceiling_unsaturated_1K,154,0.9878166614001666,0.5785614999775237,0.40418882015312346,0.4356641734330508,0.8043629626158926,0.9675324675324676,3.140408680704259,0.5747428924168299
SpiralScanPath_12,Spiral,evaluation,1,target_5pct,0.05,296.0291877165216,296.4285472031083,0.3993594865866612,38.481338048952125,0.9303794562566702,0.05037984806077569,0.04918032786885246,advective posterior physics mean + sequential advective ST,observed_censored_full_grid,126,2.453171864499747,1.9127536292937788,1.1854740141537683,1.3815229678320429,1.4071893003230524,0.8333333333333334,5.493808544362697,1.2806209638746922
SpiralScanPath_12,Spiral,evaluation,1,target_5pct,0.05,296.0291877165216,296.4285472031083,0.3993594865866612,38.481338048952125,0.9303794562566702,0.05037984806077569,0.04918032786885246,advective posterior physics mean + sequential advective ST,overall,2501,0.6202339641999787,0.2338374984392055,0.1373249739471175,0.24577455723490743,0.7035955853339836,0.9896041583366654,2.7486544517057467,0.2593997531430847
SpiralScanPath_12,Spiral,evaluation,1,target_5pct,0.05,296.0291877165216,296.4285472031083,0.3993594865866612,38.481338048952125,0.9303794562566702,0.05037984806077569,0.04918032786885246,advective posterior physics mean + sequential advective ST,top_1pct,25,3.4589813059690306,2.439040853477354,-0.9112075518808979,1.980554710908366,1.6135985475505041,0.72,6.296026502391287,1.6088346902460193
SpiralScanPath_12,Spiral,evaluation,1,target_5pct,0.05,296.0291877165216,296.4285472031083,0.3993594865866612,38.481338048952125,0.9303794562566702,0.05037984806077569,0.04918032786885246,advective posterior physics mean + sequential advective ST,unsaturated_full_grid,2375,0.29295987815469277,0.144766579497026,0.08171790907720677,0.18552011524112252,0.6662680871914054,0.9978947368421053,2.6030168030005782,0.20522128048953422
SpiralScanPath_12,Spiral,evaluation,1,target_5pct,0.05,296.0291877165216,296.4285472031083,0.3993594865866612,38.481338048952125,0.9303794562566702,0.05037984806077569,0.04918032786885246,single-frame censored RBF,deliberately_hidden_observable,48,1.8290543698818198,1.764955863648364,1.764955863648364,1.084924900042634,1.30390475634177,0.8333333333333334,4.9017383888256205,1.3671092705813221
SpiralScanPath_12,Spiral,evaluation,1,target_5pct,0.05,296.0291877165216,296.4285472031083,0.3993594865866612,38.481338048952125,0.9303794562566702,0.05037984806077569,0.04918032786885246,single-frame censored RBF,near_ceiling_unsaturated_1K,154,1.1656925952491417,0.9616870801858832,0.4218680259003638,0.7669081222619045,2.3035536696717087,1.0,9.006291542381964,0.4626505189376585
SpiralScanPath_12,Spiral,evaluation,1,target_5pct,0.05,296.0291877165216,296.4285472031083,0.3993594865866612,38.481338048952125,0.9303794562566702,0.05037984806077569,0.04918032786885246,single-frame censored RBF,observed_censored_full_grid,126,4.559052118453788,2.1747635389378996,0.1929984576758913,1.6236734147492675,1.306480718703311,0.8333333333333334,4.939850463643502,1.7644183399891327
SpiralScanPath_12,Spiral,evaluation,1,target_5pct,0.05,296.0291877165216,296.4285472031083,0.3993594865866612,38.481338048952125,0.9303794562566702,0.05037984806077569,0.04918032786885246,single-frame censored RBF,overall,2501,1.0835260389732115,0.27330265083435684,0.007766986264832977,0.7534009063811987,2.846281957704513,0.9916033586565374,11.109101503320188,0.16786857393471377
SpiralScanPath_12,Spiral,evaluation,1,target_5pct,0.05,296.0291877165216,296.4285472031083,0.3993594865866612,38.481338048952125,0.9303794562566702,0.05037984806077569,0.04918032786885246,single-frame censored RBF,top_1pct,25,9.693255379788907,4.964711481741892,-4.939024662971305,4.50518244359358,1.2446641353084018,0.64,4.805403779450498,4.39217215751927
SpiralScanPath_12,Spiral,evaluation,1,target_5pct,0.05,296.0291877165216,296.4285472031083,0.3993594865866612,38.481338048952125,0.9303794562566702,0.05037984806077569,0.04918032786885246,single-frame censored RBF,unsaturated_full_grid,2375,0.36553708887697456,0.17242514687602148,-0.0020600307447642225,0.7072306596214613,2.9279724655420503,1.0,11.436396505846192,0.08316740739877407
SpiralScanPath_12,Spiral,evaluation,2,target_7.5pct,0.075,295.6971924070116,296.4285472031083,0.7313547960966957,38.81333335846216,0.9384062461554201,0.07516993202718912,0.07117153138744502,advective posterior physics mean + sequential advective ST,deliberately_hidden_observable,111,2.1332999673439126,1.7892035291514103,1.688560580320976,1.2353627575548425,1.2752331959407386,0.8378378378378378,4.9689654149243605,1.254376340592853
SpiralScanPath_12,Spiral,evaluation,2,target_7.5pct,0.075,295.6971924070116,296.4285472031083,0.7313547960966957,38.81333335846216,0.9384062461554201,0.07516993202718912,0.07117153138744502,advective posterior physics mean + sequential advective ST,near_ceiling_unsaturated_1K,114,1.3342378419276886,0.8715646296958903,0.6918914423183975,0.6250619184416093,0.9017586515298326,0.9473684210526315,3.5148185466608193,0.7669540432972269
SpiralScanPath_12,Spiral,evaluation,2,target_7.5pct,0.075,295.6971924070116,296.4285472031083,0.7313547960966957,38.81333335846216,0.9384062461554201,0.07516993202718912,0.07117153138744502,advective posterior physics mean + sequential advective ST,observed_censored_full_grid,188,2.439140132024219,1.9406550030393617,1.3386565976389668,1.374378077291491,1.3930098693965256,0.8351063829787234,5.427135056426333,1.3229363498811582
SpiralScanPath_12,Spiral,evaluation,2,target_7.5pct,0.075,295.6971924070116,296.4285472031083,0.7313547960966957,38.81333335846216,0.9384062461554201,0.07516993202718912,0.07117153138744502,advective posterior physics mean + sequential advective ST,overall,2501,0.7403173134377441,0.28411248815413004,0.1842784529664865,0.2787399469615984,0.7230083369915818,0.9852059176329468,2.8237356022804434,0.2889285861712665
SpiralScanPath_12,Spiral,evaluation,2,target_7.5pct,0.075,295.6971924070116,296.4285472031083,0.7313547960966957,38.81333335846216,0.9384062461554201,0.07516993202718912,0.07117153138744502,advective posterior physics mean + sequential advective ST,top_1pct,25,3.8336457267661035,2.6493934615609103,-1.148236934623003,2.203018234457152,1.5963480263709107,0.68,6.2194193471090395,1.894591462441867
SpiralScanPath_12,Spiral,evaluation,2,target_7.5pct,0.075,295.6971924070116,296.4285472031083,0.7313547960966957,38.81333335846216,0.9384062461554201,0.07516993202718912,0.07117153138744502,advective posterior physics mean + sequential advective ST,unsaturated_full_grid,2313,0.33022828734498527,0.14946917090448736,0.09045091678039645,0.18968678288809218,0.6685507978250753,0.9974059662775616,2.6121320150001024,0.20488472124370077
SpiralScanPath_12,Spiral,evaluation,2,target_7.5pct,0.075,295.6971924070116,296.4285472031083,0.7313547960966957,38.81333335846216,0.9384062461554201,0.07516993202718912,0.07117153138744502,single-frame censored RBF,deliberately_hidden_observable,111,0.8592077552854545,0.7813816927665292,0.780317108771389,0.46747924365294635,0.7878545358154723,0.9819819819819819,3.041439519504933,0.9846624188514073
SpiralScanPath_12,Spiral,evaluation,2,target_7.5pct,0.075,295.6971924070116,296.4285472031083,0.7313547960966957,38.81333335846216,0.9384062461554201,0.07516993202718912,0.07117153138744502,single-frame censored RBF,near_ceiling_unsaturated_1K,114,0.7770002203992314,0.6791646226641324,0.5690135406468323,0.5491794433191164,1.6960203080406142,1.0,6.61722967531319,0.46040007153616885
SpiralScanPath_12,Spiral,evaluation,2,target_7.5pct,0.075,295.6971924070116,296.4285472031083,0.7313547960966957,38.81333335846216,0.9384062461554201,0.07516993202718912,0.07117153138744502,single-frame censored RBF,observed_censored_full_grid,188,3.887218406554926,1.4228093502913761,-0.4321099286699009,1.152028156895315,0.7620891014158259,0.8670212765957447,2.9527515856207645,2.0907481831949783
SpiralScanPath_12,Spiral,evaluation,2,target_7.5pct,0.075,295.6971924070116,296.4285472031083,0.7313547960966957,38.81333335846216,0.9384062461554201,0.07516993202718912,0.07117153138744502,single-frame censored RBF,overall,2501,1.090403647884178,0.23004307533486854,-0.03540562848671926,0.7262439122953909,2.7435554404627664,0.9900039984006398,10.714225502613296,0.22419722901489367
SpiralScanPath_12,Spiral,evaluation,2,target_7.5pct,0.075,295.6971924070116,296.4285472031083,0.7313547960966957,38.81333335846216,0.9384062461554201,0.07516993202718912,0.07117153138744502,single-frame censored RBF,top_1pct,25,10.46992009523093,6.270080405064846,-6.270080405064846,5.880233977171354,0.7289692693474261,0.16,2.815899192982479,9.982404872971852
SpiralScanPath_12,Spiral,evaluation,2,target_7.5pct,0.075,295.6971924070116,296.4285472031083,0.7313547960966957,38.81333335846216,0.9384062461554201,0.07516993202718912,0.07117153138744502,single-frame censored RBF,unsaturated_full_grid,2313,0.23967794688007174,0.13309536254117055,-0.003161612734692388,0.6916362867075025,2.9046084762348485,1.0,11.34507595501044,0.0724844839280558
SpiralScanPath_12,Spiral,evaluation,3,target_10pct,0.1,295.2895117716579,296.4285472031083,1.1390354314503952,39.22101399381586,0.9482629119336278,0.10035985605757697,0.10115953618552578,advective posterior physics mean + sequential advective ST,deliberately_hidden_observable,173,1.718170934885635,1.5642966102057152,1.5021821586248312,1.0091425394179345,1.2823157926124231,0.9826589595375722,4.997021235331799,1.1707944189271149
SpiralScanPath_12,Spiral,evaluation,3,target_10pct,0.1,295.2895117716579,296.4285472031083,1.1390354314503952,39.22101399381586,0.9482629119336278,0.10035985605757697,0.10115953618552578,advective posterior physics mean + sequential advective ST,near_ceiling_unsaturated_1K,82,1.2493224228673852,0.9119996281183015,0.736814635705622,0.6222163301826947,0.9030134102994776,0.975609756097561,3.529441866908233,0.837270636451952
SpiralScanPath_12,Spiral,evaluation,3,target_10pct,0.1,295.2895117716579,296.4285472031083,1.1390354314503952,39.22101399381586,0.9482629119336278,0.10035985605757697,0.10115953618552578,advective posterior physics mean + sequential advective ST,observed_censored_full_grid,251,2.040993053920318,1.616211314660279,0.9106514105516219,1.1118453374716686,1.293114834036046,0.9282868525896414,5.044303058109887,1.2319811284657893
SpiralScanPath_12,Spiral,evaluation,3,target_10pct,0.1,295.2895117716579,296.4285472031083,1.1390354314503952,39.22101399381586,0.9482629119336278,0.10035985605757697,0.10115953618552578,advective posterior physics mean + sequential advective ST,overall,2501,0.6987326709012884,0.2882448216730416,0.1668551090263559,0.27682592589223554,0.7286362361030314,0.9920031987205118,2.847318220947197,0.3019877055179338
SpiralScanPath_12,Spiral,evaluation,3,target_10pct,0.1,295.2895117716579,296.4285472031083,1.1390354314503952,39.22101399381586,0.9482629119336278,0.10035985605757697,0.10115953618552578,advective posterior physics mean + sequential advective ST,top_1pct,25,4.3422189688473924,3.463260145926647,-2.5601842781777533,2.862645235354707,1.2681819070971458,0.48,4.926401309871667,2.769638572749198
SpiralScanPath_12,Spiral,evaluation,3,target_10pct,0.1,295.2895117716579,296.4285472031083,1.1390354314503952,39.22101399381586,0.9482629119336278,0.10035985605757697,0.10115953618552578,advective posterior physics mean + sequential advective ST,unsaturated_full_grid,2250,0.2792671175484607,0.14010278178868757,0.08388049938953734,0.18367487153381878,0.6656655125113929,0.9991111111111111,2.6022323568903807,0.1982417725579731
SpiralScanPath_12,Spiral,evaluation,3,target_10pct,0.1,295.2895117716579,296.4285472031083,1.1390354314503952,39.22101399381586,0.9482629119336278,0.10035985605757697,0.10115953618552578,single-frame censored RBF,deliberately_hidden_observable,173,0.7819453190701927,0.6934631066147993,0.6861080921249346,0.41575610005319563,0.8291590041462858,0.9942196531791907,3.2234708385088076,0.8353781919667136
SpiralScanPath_12,Spiral,evaluation,3,target_10pct,0.1,295.2895117716579,296.4285472031083,1.1390354314503952,39.22101399381586,0.9482629119336278,0.10035985605757697,0.10115953618552578,single-frame censored RBF,near_ceiling_unsaturated_1K,82,0.7303890035994515,0.6401051538322035,0.5800765102871971,0.5475995258395521,1.7479154803934325,1.0,6.833551778084578,0.4502505245035786
SpiralScanPath_12,Spiral,evaluation,3,target_10pct,0.1,295.2895117716579,296.4285472031083,1.1390354314503952,39.22101399381586,0.9482629119336278,0.10035985605757697,0.10115953618552578,single-frame censored RBF,observed_censored_full_grid,251,3.4101008148154626,1.2497422159351816,-0.26607617845124343,0.9786558368436422,0.8375674165654955,0.900398406374502,3.253620427850977,1.5282073138526218
SpiralScanPath_12,Spiral,evaluation,3,target_10pct,0.1,295.2895117716579,296.4285472031083,1.1390354314503952,39.22101399381586,0.9482629119336278,0.10035985605757697,0.10115953618552578,single-frame censored RBF,overall,2501,1.0969424315907939,0.22996480426480514,-0.03137658929122977,0.7220454131610915,2.7169045751526935,0.9900039984006398,10.614220770773391,0.21060942522924692
SpiralScanPath_12,Spiral,evaluation,3,target_10pct,0.1,295.2895117716579,296.4285472031083,1.1390354314503952,39.22101399381586,0.9482629119336278,0.10035985605757697,0.10115953618552578,single-frame censored RBF,top_1pct,25,10.54188607858107,6.4164752828782525,-6.4164752828782525,5.9336683055794,0.9035032294608082,0.16,3.4364196495012242,7.821951016603588
SpiralScanPath_12,Spiral,evaluation,3,target_10pct,0.1,295.2895117716579,296.4285472031083,1.1390354314503952,39.22101399381586,0.9482629119336278,0.10035985605757697,0.10115953618552578,single-frame censored RBF,unsaturated_full_grid,2250,0.20064822605252572,0.11620296856290979,-0.005194546233823808,0.693419094785838,2.9265550759550876,1.0,11.435336631250513,0.06362406076503935
SpiralScanPath_12,Spiral,evaluation,4,target_15pct,0.15,293.99747057118356,296.4285472031083,2.431076631924725,40.51305519429019,0.979501134160447,0.15033986405437824,0.14954018392642943,advective posterior physics mean + sequential advective ST,deliberately_hidden_observable,298,0.7915831585159584,0.6701783350200221,-0.5173555616962598,0.4599026189786545,0.7601223417066842,0.9664429530201343,2.9634055641598187,0.8861604991923817
SpiralScanPath_12,Spiral,evaluation,4,target_15pct,0.15,293.99747057118356,296.4285472031083,2.431076631924725,40.51305519429019,0.979501134160447,0.15033986405437824,0.14954018392642943,advective posterior physics mean + sequential advective ST,near_ceiling_unsaturated_1K,1647,0.16214057165665818,0.11620951587229268,0.07007763420077953,0.16968933667529496,0.6609970444074973,1.0,2.582707154994055,0.17856464642457756
SpiralScanPath_12,Spiral,evaluation,4,target_15pct,0.15,293.99747057118356,296.4285472031083,2.431076631924725,40.51305519429019,0.979501134160447,0.15033986405437824,0.14954018392642943,advective posterior physics mean + sequential advective ST,observed_censored_full_grid,376,1.9217923222332263,1.171258450048555,-1.0151341367645261,0.9183094860612102,0.7632980349535446,0.8138297872340425,2.9788041747645226,1.5308299930374476
SpiralScanPath_12,Spiral,evaluation,4,target_15pct,0.15,293.99747057118356,296.4285472031083,2.431076631924725,40.51305519429019,0.979501134160447,0.15033986405437824,0.14954018392642943,advective posterior physics mean + sequential advective ST,overall,2501,0.7592169496182509,0.2729302942193545,-0.09664369829634867,0.2813166110272855,0.6742156739710977,0.9720111955217913,2.6339865144807324,0.3806493618376657
SpiralScanPath_12,Spiral,evaluation,4,target_15pct,0.15,293.99747057118356,296.4285472031083,2.431076631924725,40.51305519429019,0.979501134160447,0.15033986405437824,0.14954018392642943,advective posterior physics mean + sequential advective ST,top_1pct,25,6.283066447073534,5.6050752818332175,-5.167761278086857,5.1738559161560564,0.7764207285129704,0.04,3.036402187759236,7.224833803040848
SpiralScanPath_12,Spiral,evaluation,4,target_15pct,0.15,293.99747057118356,296.4285472031083,2.431076631924725,40.51305519429019,0.979501134160447,0.15033986405437824,0.14954018392642943,advective posterior physics mean + sequential advective ST,unsaturated_full_grid,2125,0.15781883499451688,0.11397905347028181,0.06587508046319711,0.16860634231540045,0.658453336216086,1.0,2.5729740720022836,0.17713504779949246
SpiralScanPath_12,Spiral,evaluation,4,target_15pct,0.15,293.99747057118356,296.4285472031083,2.431076631924725,40.51305519429019,0.979501134160447,0.15033986405437824,0.14954018392642943,single-frame censored RBF,deliberately_hidden_observable,298,0.9136980775579876,0.8039334287802996,-0.5522085164523878,0.5838112239779292,0.5679504428736715,0.7449664429530202,2.2151426869634334,1.4575818534550977
SpiralScanPath_12,Spiral,evaluation,4,target_15pct,0.15,293.99747057118356,296.4285472031083,2.431076631924725,40.51305519429019,0.979501134160447,0.15033986405437824,0.14954018392642943,single-frame censored RBF,near_ceiling_unsaturated_1K,1647,0.17829755913648293,0.10739813470017529,0.026073988164702536,0.6876819449431414,2.9133075355586526,1.0,11.373132933335038,0.05549698939083396
SpiralScanPath_12,Spiral,evaluation,4,target_15pct,0.15,293.99747057118356,296.4285472031083,2.431076631924725,40.51305519429019,0.979501134160447,0.15033986405437824,0.14954018392642943,single-frame censored RBF,observed_censored_full_grid,376,3.233711663655443,1.497924719904347,-1.2957576972063738,1.2594225255962144,0.5642649395340373,0.5957446808510638,2.1998889818390643,2.7168930168350154
SpiralScanPath_12,Spiral,evaluation,4,target_15pct,0.15,293.99747057118356,296.4285472031083,2.431076631924725,40.51305519429019,0.979501134160447,0.15033986405437824,0.14954018392642943,single-frame censored RBF,overall,2501,1.263334717623185,0.3117236062819979,-0.18290104682180466,0.7740841581636801,2.5618604784949586,0.9392243102758896,9.999724057672942,0.456397660634957
SpiralScanPath_12,Spiral,evaluation,4,target_15pct,0.15,293.99747057118356,296.4285472031083,2.431076631924725,40.51305519429019,0.979501134160447,0.15033986405437824,0.14954018392642943,single-frame censored RBF,top_1pct,25,11.67340567701905,8.256031079168045,-8.256031079168045,7.945487130493019,0.5551108473717811,0.0,2.155933032756354,14.761444211904472
SpiralScanPath_12,Spiral,evaluation,4,target_15pct,0.15,293.99747057118356,296.4285472031083,2.431076631924725,40.51305519429019,0.979501134160447,0.15033986405437824,0.14954018392642943,single-frame censored RBF,unsaturated_full_grid,2125,0.16781148245401192,0.1018357857069376,0.014009118140359106,0.6882078164438529,2.915317383271103,1.0,11.37983605226755,0.05642295290261736
SpiralScanPath_12,Spiral,evaluation,5,target_20pct,0.2,293.6695071355875,296.4285472031083,2.7590400675208,40.841018629886264,0.9874304437518596,0.20031987205117952,0.19272291083566573,advective posterior physics mean + sequential advective ST,deliberately_hidden_observable,423,1.1553546721099788,0.8909192250161879,-0.7872333886803496,0.6920452128281894,0.7022894962529811,0.6643026004728132,2.7462401327373653,1.2551749949031754
SpiralScanPath_12,Spiral,evaluation,5,target_20pct,0.2,293.6695071355875,296.4285472031083,2.7590400675208,40.841018629886264,0.9874304437518596,0.20031987205117952,0.19272291083566573,advective posterior physics mean + sequential advective ST,near_ceiling_unsaturated_1K,1947,0.15975575338767073,0.11518049841470324,0.07292098219587201,0.1694614239775889,0.6601052667443147,1.0,2.5789079641314396,0.17810538663192246
SpiralScanPath_12,Spiral,evaluation,5,target_20pct,0.2,293.6695071355875,296.4285472031083,2.7590400675208,40.841018629886264,0.9874304437518596,0.20031987205117952,0.19272291083566573,advective posterior physics mean + sequential advective ST,observed_censored_full_grid,501,2.085268402690735,1.3471452419817092,-1.2422917436905603,1.1192796942305714,0.7045092591284653,0.5688622754491018,2.7539376663829684,1.8888645154885457
SpiralScanPath_12,Spiral,evaluation,5,target_20pct,0.2,293.6695071355875,296.4285472031083,2.7590400675208,40.841018629886264,0.9874304437518596,0.20031987205117952,0.19272291083566573,advective posterior physics mean + sequential advective ST,overall,2501,0.9441855193726779,0.36216682517854176,-0.19139254983810866,0.35969569834861514,0.6685196975581398,0.9136345461815274,2.612305847175994,0.5215733220473444
SpiralScanPath_12,Spiral,evaluation,5,target_20pct,0.2,293.6695071355875,296.4285472031083,2.7590400675208,40.841018629886264,0.9874304437518596,0.20031987205117952,0.19272291083566573,advective posterior physics mean + sequential advective ST,top_1pct,25,6.962222967839868,6.3090089324601175,-5.98875996834189,5.924364610172741,0.7190188893325568,0.04,2.8002520975964034,8.780530032220373
SpiralScanPath_12,Spiral,evaluation,5,target_20pct,0.2,293.6695071355875,296.4285472031083,2.7590400675208,40.841018629886264,0.9874304437518596,0.20031987205117952,0.19272291083566573,advective posterior physics mean + sequential advective ST,unsaturated_full_grid,2000,0.159822907989095,0.1154297317693484,0.07185769822193049,0.1694199073801852,0.6595043123847733,1.0,2.576827076464647,0.1790668780903237
SpiralScanPath_12,Spiral,evaluation,5,target_20pct,0.2,293.6695071355875,296.4285472031083,2.7590400675208,40.841018629886264,0.9874304437518596,0.20031987205117952,0.19272291083566573,single-frame censored RBF,deliberately_hidden_observable,423,1.250397024863609,1.0441260406946293,-0.7317212957380376,0.8486815346302087,0.460806575756911,0.5130023640661938,1.802226499899157,2.347930791949406
SpiralScanPath_12,Spiral,evaluation,5,target_20pct,0.2,293.6695071355875,296.4285472031083,2.7590400675208,40.841018629886264,0.9874304437518596,0.20031987205117952,0.19272291083566573,single-frame censored RBF,near_ceiling_unsaturated_1K,1947,0.2846561228808684,0.19727677933738808,0.12628269866389433,0.6553811899206575,2.7384081268642344,1.0,10.694371041327125,0.09845652038064764
SpiralScanPath_12,Spiral,evaluation,5,target_20pct,0.2,293.6695071355875,296.4285472031083,2.7590400675208,40.841018629886264,0.9874304437518596,0.20031987205117952,0.19272291083566573,single-frame censored RBF,observed_censored_full_grid,501,3.1117843998985766,1.6311495825777993,-1.3642087603664244,1.4280078289530993,0.45706525535267956,0.4351297405189621,1.786883556254103,3.7337586698306833
SpiralScanPath_12,Spiral,evaluation,5,target_20pct,0.2,293.6695071355875,296.4285472031083,2.7590400675208,40.841018629886264,0.9874304437518596,0.20031987205117952,0.19272291083566573,single-frame censored RBF,overall,2501,1.415689525049191,0.48419898243534665,-0.17423741996456074,0.8098482626948139,2.279662085449525,0.8868452618952419,8.902207252882814,0.8274206814397798
SpiralScanPath_12,Spiral,evaluation,5,target_20pct,0.2,293.6695071355875,296.4285472031083,2.7590400675208,40.841018629886264,0.9874304437518596,0.20031987205117952,0.19272291083566573,single-frame censored RBF,top_1pct,25,12.223276477945221,8.948599467760454,-8.948599467760454,8.704185137462451,0.4335030429469655,0.0,1.6977489897053692,21.11799978193182
SpiralScanPath_12,Spiral,evaluation,5,target_20pct,0.2,293.6695071355875,296.4285472031083,2.7590400675208,40.841018629886264,0.9874304437518596,0.20031987205117952,0.19272291083566573,single-frame censored RBF,unsaturated_full_grid,2000,0.28386790703496234,0.1968878570996622,0.12385040080610611,0.6549992913471135,2.7362225913887848,1.0,10.684595838888306,0.09938301534785839
SpiralScanPath_13,Spiral,development,0,reference,0.03,296.4901280292387,296.4901280292387,0.0,39.21825257640779,0.9215099017018572,0.027588964414234307,0.030387844862055178,advective posterior physics mean + sequential advective ST,deliberately_hidden_observable,0,,,,,,,,
SpiralScanPath_13,Spiral,development,0,reference,0.03,296.4901280292387,296.4901280292387,0.0,39.21825257640779,0.9215099017018572,0.027588964414234307,0.030387844862055178,advective posterior physics mean + sequential advective ST,near_ceiling_unsaturated_1K,158,0.8271354584686762,0.48413553390999753,0.2095879240466625,0.3683182025115851,0.7677819842132075,0.9873417721518988,3.00752865661143,0.514357169227195
SpiralScanPath_13,Spiral,development,0,reference,0.03,296.4901280292387,296.4901280292387,0.0,39.21825257640779,0.9215099017018572,0.027588964414234307,0.030387844862055178,advective posterior physics mean + sequential advective ST,observed_censored_full_grid,69,2.467760034281403,1.8740061655873343,0.8148630041136051,1.3456235200950222,1.4891549467013852,0.8695652173913043,5.796875923286597,1.2148713490232481
SpiralScanPath_13,Spiral,development,0,reference,0.03,296.4901280292387,296.4901280292387,0.0,39.21825257640779,0.9215099017018572,0.027588964414234307,0.030387844862055178,advective posterior physics mean + sequential advective ST,overall,2501,0.48749674659072345,0.19491337952288557,0.08380307495914834,0.2155717016330543,0.6872270279558507,0.9956017592962815,2.684142311908954,0.24201506783590881
SpiralScanPath_13,Spiral,development,0,reference,0.03,296.4901280292387,296.4901280292387,0.0,39.21825257640779,0.9215099017018572,0.027588964414234307,0.030387844862055178,advective posterior physics mean + sequential advective ST,top_1pct,25,3.1803481718364908,2.230632310267863,-0.45777370195460887,1.725593323977169,1.675131494679107,0.76,6.531793772943406,1.3557831182460436
SpiralScanPath_13,Spiral,development,0,reference,0.03,296.4901280292387,296.4901280292387,0.0,39.21825257640779,0.9215099017018572,0.027588964414234307,0.030387844862055178,advective posterior physics mean + sequential advective ST,unsaturated_full_grid,2432,0.2676126610628751,0.14727464504983992,0.06306165427178917,0.1835101985599146,0.6644749611822314,0.9991776315789473,2.595828734941414,0.21441347104235356
SpiralScanPath_13,Spiral,development,0,reference,0.03,296.4901280292387,296.4901280292387,0.0,39.21825257640779,0.9215099017018572,0.027588964414234307,0.030387844862055178,single-frame censored RBF,deliberately_hidden_observable,0,,,,,,,,
SpiralScanPath_13,Spiral,development,0,reference,0.03,296.4901280292387,296.4901280292387,0.0,39.21825257640779,0.9215099017018572,0.027588964414234307,0.030387844862055178,single-frame censored RBF,near_ceiling_unsaturated_1K,158,1.6477545584333413,1.4457920105929345,-0.6353514738116609,0.994644370788529,2.7528990135043627,0.9936708860759493,10.728261299972736,0.5209841215141318
SpiralScanPath_13,Spiral,development,0,reference,0.03,296.4901280292387,296.4901280292387,0.0,39.21825257640779,0.9215099017018572,0.027588964414234307,0.030387844862055178,single-frame censored RBF,observed_censored_full_grid,69,5.210394477569135,2.9554370990833014,0.4584630820988128,2.1648968204933987,1.855559145634162,0.8260869565217391,6.988754789893034,1.5575883625796068
SpiralScanPath_13,Spiral,development,0,reference,0.03,296.4901280292387,296.4901280292387,0.0,39.21825257640779,0.9215099017018572,0.027588964414234307,0.030387844862055178,single-frame censored RBF,overall,2501,1.01667715891156,0.324933393199049,-0.1055282916539261,0.7716090499097334,2.934147874049208,0.9948020791683326,11.455346086367616,0.1418856383916079
SpiralScanPath_13,Spiral,development,0,reference,0.03,296.4901280292387,296.4901280292387,0.0,39.21825257640779,0.9215099017018572,0.027588964414234307,0.030387844862055178,single-frame censored RBF,top_1pct,25,7.933650032018934,3.812562450815765,-3.079085836061424,3.281122528748111,1.883833277699924,0.8,7.114974219166855,1.938713948927423
SpiralScanPath_13,Spiral,development,0,reference,0.03,296.4901280292387,296.4901280292387,0.0,39.21825257640779,0.9215099017018572,0.027588964414234307,0.030387844862055178,single-frame censored RBF,unsaturated_full_grid,2432,0.5410334492410518,0.2503015035173,-0.12152969164937799,0.7320790926028778,2.964749281228747,0.9995888157894737,11.582070921670555,0.1017197305096293
SpiralScanPath_13,Spiral,development,1,target_5pct,0.05,296.07893827293725,296.4901280292387,0.4111897563014395,39.62944233270923,0.9311716129464345,0.05037984806077569,0.05197920831667333,advective posterior physics mean + sequential advective ST,deliberately_hidden_observable,56,1.9821676930801078,1.6310179324501024,1.544203266169242,1.1258740127480125,1.2128461697956345,0.875,4.761813482970466,1.1952585203945445
SpiralScanPath_13,Spiral,development,1,target_5pct,0.05,296.07893827293725,296.4901280292387,0.4111897563014395,39.62944233270923,0.9311716129464345,0.05037984806077569,0.05197920831667333,advective posterior physics mean + sequential advective ST,near_ceiling_unsaturated_1K,153,0.9403795438554979,0.5997550637794332,0.38891700453691175,0.4365216143849197,0.8072744839780874,0.9738562091503268,3.1412931016819643,0.6217549239715612
SpiralScanPath_13,Spiral,development,1,target_5pct,0.05,296.07893827293725,296.4901280292387,0.4111897563014395,39.62944233270923,0.9311716129464345,0.05037984806077569,0.05197920831667333,advective posterior physics mean + sequential advective ST,observed_censored_full_grid,126,2.4060100783709584,1.8707964113136453,1.0826576173469045,1.341796702778157,1.3456023727119155,0.8492063492063492,5.265113748105824,1.3070782486216814
SpiralScanPath_13,Spiral,development,1,target_5pct,0.05,296.07893827293725,296.4901280292387,0.4111897563014395,39.62944233270923,0.9311716129464345,0.05037984806077569,0.05197920831667333,advective posterior physics mean + sequential advective ST,overall,2501,0.6078897970121151,0.23878451457936387,0.12654085398863524,0.24507845164747716,0.7006636554435249,0.9908036785285885,2.736648081213296,0.27305898238715187
SpiralScanPath_13,Spiral,development,1,target_5pct,0.05,296.07893827293725,296.4901280292387,0.4111897563014395,39.62944233270923,0.9311716129464345,0.05037984806077569,0.05197920831667333,advective posterior physics mean + sequential advective ST,top_1pct,25,3.499075373764326,2.448364950293053,-1.1646278542595565,1.9597339632692043,1.495634011485621,0.76,5.804814248030193,1.69188727119909
SpiralScanPath_13,Spiral,development,1,target_5pct,0.05,296.07893827293725,296.4901280292387,0.4111897563014395,39.62944233270923,0.9311716129464345,0.05037984806077569,0.05197920831667333,advective posterior physics mean + sequential advective ST,unsaturated_full_grid,2375,0.2863895739309523,0.15220198868946092,0.07581634359573337,0.18689466232433374,0.6664479592852862,0.9983157894736842,2.6025063237276296,0.21820153921007784
SpiralScanPath_13,Spiral,development,1,target_5pct,0.05,296.07893827293725,296.4901280292387,0.4111897563014395,39.62944233270923,0.9311716129464345,0.05037984806077569,0.05197920831667333,single-frame censored RBF,deliberately_hidden_observable,56,2.0918642576369657,2.0111915611386926,2.0111915611386926,1.293014374843967,1.3410398512233175,0.7142857142857143,5.082433047036372,1.5120316419290316
SpiralScanPath_13,Spiral,development,1,target_5pct,0.05,296.07893827293725,296.4901280292387,0.4111897563014395,39.62944233270923,0.9311716129464345,0.05037984806077569,0.05197920831667333,single-frame censored RBF,near_ceiling_unsaturated_1K,153,1.3455526982305637,1.1407385784853468,0.2717821180413539,0.854782896439336,2.4036819075313076,1.0,9.384505970494397,0.5132036017508756
SpiralScanPath_13,Spiral,development,1,target_5pct,0.05,296.07893827293725,296.4901280292387,0.4111897563014395,39.62944233270923,0.9311716129464345,0.05037984806077569,0.05197920831667333,single-frame censored RBF,observed_censored_full_grid,126,4.373944707432564,2.4082947051386214,0.5550643337290452,1.7612777520670673,1.4109472712882296,0.7698412698412699,5.328970373782688,1.77378420272519
SpiralScanPath_13,Spiral,development,1,target_5pct,0.05,296.07893827293725,296.4901280292387,0.4111897563014395,39.62944233270923,0.9311716129464345,0.05037984806077569,0.05197920831667333,single-frame censored RBF,overall,2501,1.0651994973496028,0.3121887170455298,0.005476698621748824,0.767768367108991,2.8562789922580407,0.9884046381447421,11.153671630659439,0.1777830538686317
SpiralScanPath_13,Spiral,development,1,target_5pct,0.05,296.07893827293725,296.4901280292387,0.4111897563014395,39.62944233270923,0.9311716129464345,0.05037984806077569,0.05197920831667333,single-frame censored RBF,top_1pct,25,8.988278638304433,4.676661818153804,-4.629890479807143,4.245107212724755,1.2820682962253693,0.6,4.883797269903505,3.680954235476948
SpiralScanPath_13,Spiral,development,1,target_5pct,0.05,296.07893827293725,296.4901280292387,0.4111897563014395,39.62944233270923,0.9311716129464345,0.05037984806077569,0.05197920831667333,single-frame censored RBF,unsaturated_full_grid,2375,0.42411723433400683,0.20098477830880154,-0.023680371703943534,0.7150600797385835,2.932957643560018,1.0,11.46268736049795,0.09311099291876795
SpiralScanPath_13,Spiral,development,2,target_7.5pct,0.075,295.7283075235065,296.4901280292387,0.761820505732203,39.980073082139995,0.9394103713360921,0.07516993202718912,0.07197121151539385,advective posterior physics mean + sequential advective ST,deliberately_hidden_observable,119,1.6816352003391632,1.4487081363544512,1.3391684869907954,0.9565830682496045,1.1627281120351585,0.9831932773109243,4.53693303939881,1.1498283838421413
SpiralScanPath_13,Spiral,development,2,target_7.5pct,0.075,295.7283075235065,296.4901280292387,0.761820505732203,39.980073082139995,0.9394103713360921,0.07516993202718912,0.07197121151539385,advective posterior physics mean + sequential advective ST,near_ceiling_unsaturated_1K,108,0.9232259111790139,0.6459881301710224,0.48380334210059767,0.45578543238324404,0.8257399693235322,0.9907407407407407,3.2211201789545894,0.6675675109350219
SpiralScanPath_13,Spiral,development,2,target_7.5pct,0.075,295.7283075235065,296.4901280292387,0.761820505732203,39.980073082139995,0.9394103713360921,0.07516993202718912,0.07197121151539385,advective posterior physics mean + sequential advective ST,observed_censored_full_grid,188,2.0261746198850865,1.5648564973106254,0.8859020188006781,1.081404790436255,1.2682620652150498,0.9468085106382979,4.9432837390372715,1.1782262896916567
SpiralScanPath_13,Spiral,development,2,target_7.5pct,0.075,295.7283075235065,296.4901280292387,0.761820505732203,39.980073082139995,0.9394103713360921,0.07516993202718912,0.07197121151539385,advective posterior physics mean + sequential advective ST,overall,2501,0.6066179931100661,0.25131563892599584,0.13542034075466777,0.2501439152952597,0.7096796268840074,0.9956017592962815,2.771544178801128,0.2837592804439374
SpiralScanPath_13,Spiral,development,2,target_7.5pct,0.075,295.7283075235065,296.4901280292387,0.761820505732203,39.980073082139995,0.9394103713360921,0.07516993202718912,0.07197121151539385,advective posterior physics mean + sequential advective ST,top_1pct,25,3.7067163527323483,2.6130495224823265,-1.824815984560139,2.123806858820799,1.508509619207626,0.72,5.877162998894778,1.792204000809777
SpiralScanPath_13,Spiral,development,2,target_7.5pct,0.075,295.7283075235065,296.4901280292387,0.761820505732203,39.980073082139995,0.9394103713360921,0.07516993202718912,0.07197121151539385,advective posterior physics mean + sequential advective ST,unsaturated_full_grid,2313,0.25339829900468686,0.1445514014092166,0.0744213976190647,0.18257926137113212,0.6642782008545063,0.9995676610462603,2.5950257882588046,0.21105724942855858
SpiralScanPath_13,Spiral,development,2,target_7.5pct,0.075,295.7283075235065,296.4901280292387,0.761820505732203,39.980073082139995,0.9394103713360921,0.07516993202718912,0.07197121151539385,single-frame censored RBF,deliberately_hidden_observable,119,1.25944155017987,1.180647706484464,1.1793649380368576,0.6947138087076542,1.0588139883429013,0.9411764705882353,4.057351856571929,1.1127291377341202
SpiralScanPath_13,Spiral,development,2,target_7.5pct,0.075,295.7283075235065,296.4901280292387,0.761820505732203,39.980073082139995,0.9394103713360921,0.07516993202718912,0.07197121151539385,single-frame censored RBF,near_ceiling_unsaturated_1K,108,0.9281276606026808,0.7959418585957015,0.6209088946291766,0.6262273829855358,1.8548419220309158,1.0,7.236954311704846,0.487712203252672
SpiralScanPath_13,Spiral,development,2,target_7.5pct,0.075,295.7283075235065,296.4901280292387,0.761820505732203,39.980073082139995,0.9394103713360921,0.07516993202718912,0.07197121151539385,single-frame censored RBF,observed_censored_full_grid,188,3.6323679246940785,1.628687758771727,0.04401402470344532,1.2120605173357364,1.0729446838322925,0.8882978723404256,4.1358870290915295,1.4431343221039472
SpiralScanPath_13,Spiral,development,2,target_7.5pct,0.075,295.7283075235065,296.4901280292387,0.761820505732203,39.980073082139995,0.9394103713360921,0.07516993202718912,0.07197121151539385,single-frame censored RBF,overall,2501,1.0312910998701934,0.2634139055577,-0.003979146115721876,0.7355164706899027,2.7719140832915707,0.9916033586565374,10.826849662614546,0.18232731669790012
SpiralScanPath_13,Spiral,development,2,target_7.5pct,0.075,295.7283075235065,296.4901280292387,0.761820505732203,39.980073082139995,0.9394103713360921,0.07516993202718912,0.07197121151539385,single-frame censored RBF,top_1pct,25,9.538783496695645,5.690324855381114,-5.690324855381114,5.140973976768594,1.0929474246277338,0.44,4.269183061463939,4.679150885733457
SpiralScanPath_13,Spiral,development,2,target_7.5pct,0.075,295.7283075235065,296.4901280292387,0.761820505732203,39.980073082139995,0.9394103713360921,0.07516993202718912,0.07197121151539385,single-frame censored RBF,unsaturated_full_grid,2313,0.27855838026806734,0.15244482453554822,-0.007880017760340741,0.6967831024368041,2.910005845980003,1.0,11.370689254098473,0.07984927215992484
SpiralScanPath_13,Spiral,development,3,target_10pct,0.1,295.3207723820381,296.4901280292387,1.1693556472005753,40.38760822360837,0.9489862102244491,0.10035985605757697,0.09956017592962815,advective posterior physics mean + sequential advective ST,deliberately_hidden_observable,181,1.8203393254905302,1.649786537137217,1.5928718939535393,1.0896681962201606,1.2579323990641258,0.9337016574585635,4.905944905611563,1.2548044070692421
SpiralScanPath_13,Spiral,development,3,target_10pct,0.1,295.3207723820381,296.4901280292387,1.1693556472005753,40.38760822360837,0.9489862102244491,0.10035985605757697,0.09956017592962815,advective posterior physics mean + sequential advective ST,near_ceiling_unsaturated_1K,87,1.0268588916923171,0.6846751861721571,0.4697878836113743,0.48043547169581063,0.8062605286457828,0.9770114942528736,3.144349662095249,0.7036278152294103
SpiralScanPath_13,Spiral,development,3,target_10pct,0.1,295.3207723820381,296.4901280292387,1.1693556472005753,40.38760822360837,0.9489862102244491,0.10035985605757697,0.09956017592962815,advective posterior physics mean + sequential advective ST,observed_censored_full_grid,251,2.0852912983272014,1.6822666012327425,1.0735807018799606,1.1659592913670322,1.2764347419758788,0.900398406374502,4.975603093448415,1.2885466060388235
SpiralScanPath_13,Spiral,development,3,target_10pct,0.1,295.3207723820381,296.4901280292387,1.1693556472005753,40.38760822360837,0.9489862102244491,0.10035985605757697,0.09956017592962815,advective posterior physics mean + sequential advective ST,overall,2501,0.7037592479134577,0.294778184492314,0.17235527972167036,0.27989179861803354,0.7243300448838212,0.989204318272691,2.829444206903084,0.31393903524939054
SpiralScanPath_13,Spiral,development,3,target_10pct,0.1,295.3207723820381,296.4901280292387,1.1693556472005753,40.38760822360837,0.9489862102244491,0.10035985605757697,0.09956017592962815,advective posterior physics mean + sequential advective ST,top_1pct,25,4.104964583592377,3.0783302959654906,-2.304673390385622,2.5825899610384564,1.2660251871630048,0.52,4.914836862893983,2.5016124842814134
SpiralScanPath_13,Spiral,development,3,target_10pct,0.1,295.3207723820381,296.4901280292387,1.1693556472005753,40.38760822360837,0.9489862102244491,0.10035985605757697,0.09956017592962815,advective posterior physics mean + sequential advective ST,unsaturated_full_grid,2250,0.25580338380148093,0.1399961433359373,0.07181857707201221,0.1810460472047008,0.6627396986748849,0.9991111111111111,2.5900282600040274,0.20521614624132486
SpiralScanPath_13,Spiral,development,3,target_10pct,0.1,295.3207723820381,296.4901280292387,1.1693556472005753,40.38760822360837,0.9489862102244491,0.10035985605757697,0.09956017592962815,single-frame censored RBF,deliberately_hidden_observable,181,1.0903239111795568,0.9912543871894741,0.9844409326714685,0.5934573150918017,0.9858425904247285,0.9502762430939227,3.7896159270130223,1.0125153181132613
SpiralScanPath_13,Spiral,development,3,target_10pct,0.1,295.3207723820381,296.4901280292387,1.1693556472005753,40.38760822360837,0.9489862102244491,0.10035985605757697,0.09956017592962815,single-frame censored RBF,near_ceiling_unsaturated_1K,87,0.8224910402258083,0.7012629576863288,0.5883706237177041,0.5877276570449462,1.8030228313331733,1.0,7.028301043465179,0.4638270857374083
SpiralScanPath_13,Spiral,development,3,target_10pct,0.1,295.3207723820381,296.4901280292387,1.1693556472005753,40.38760822360837,0.9489862102244491,0.10035985605757697,0.09956017592962815,single-frame censored RBF,observed_censored_full_grid,251,3.2432784079070323,1.4022263695809545,0.09346266100481491,1.0482008560535283,0.9995197032356502,0.8884462151394422,3.842904653013614,1.4171388452273932
SpiralScanPath_13,Spiral,development,3,target_10pct,0.1,295.3207723820381,296.4901280292387,1.1693556472005753,40.38760822360837,0.9489862102244491,0.10035985605757697,0.09956017592962815,single-frame censored RBF,overall,2501,1.0515484460004898,0.2627357998274176,-0.008435071060628106,0.7318646341530735,2.733137308513311,0.9888044782087165,10.676211476556379,0.20657528946586626
SpiralScanPath_13,Spiral,development,3,target_10pct,0.1,295.3207723820381,296.4901280292387,1.1693556472005753,40.38760822360837,0.9489862102244491,0.10035985605757697,0.09956017592962815,single-frame censored RBF,top_1pct,25,9.817133327054936,6.082608581168574,-6.082608581168574,5.540397259103213,1.028903472669315,0.24,3.9575116417688014,6.078005530510791
SpiralScanPath_13,Spiral,development,3,target_10pct,0.1,295.3207723820381,296.4901280292387,1.1693556472005753,40.38760822360837,0.9489862102244491,0.10035985605757697,0.09956017592962815,single-frame censored RBF,unsaturated_full_grid,2250,0.23594587629765945,0.1356192962682453,-0.01980232917103975,0.6965755711766227,2.9265319835909525,1.0,11.438504815538263,0.07153019946758034
SpiralScanPath_13,Spiral,development,4,target_15pct,0.15,294.05552981507384,296.4901280292387,2.4345982141648506,41.65285079057264,0.9787155703289234,0.15033986405437824,0.15153938424630148,advective posterior physics mean + sequential advective ST,deliberately_hidden_observable,306,0.8662631298262957,0.7300583461399786,-0.6179085985204816,0.5016147531315616,0.752501653852634,0.9379084967320261,2.943236917948418,0.9625487720494563
SpiralScanPath_13,Spiral,development,4,target_15pct,0.15,294.05552981507384,296.4901280292387,2.4345982141648506,41.65285079057264,0.9787155703289234,0.15033986405437824,0.15153938424630148,advective posterior physics mean + sequential advective ST,near_ceiling_unsaturated_1K,1482,0.16918338751376805,0.12222346069029415,0.06826087098718785,0.17112176522255454,0.6605549800222497,1.0,2.5807491805346108,0.18845915056375595
SpiralScanPath_13,Spiral,development,4,target_15pct,0.15,294.05552981507384,296.4901280292387,2.4345982141648506,41.65285079057264,0.9787155703289234,0.15033986405437824,0.15153938424630148,advective posterior physics mean + sequential advective ST,observed_censored_full_grid,376,1.9347074612435087,1.2216667905481275,-1.1051537023888245,0.9584426082878718,0.7548129009569484,0.7792553191489362,2.947781069572207,1.599730829465934
SpiralScanPath_13,Spiral,development,4,target_15pct,0.15,294.05552981507384,296.4901280292387,2.4345982141648506,41.65285079057264,0.9787155703289234,0.15033986405437824,0.15153938424630148,advective posterior physics mean + sequential advective ST,overall,2501,0.7653237387379418,0.28579409217974877,-0.11217747031807311,0.28846704616318253,0.6728592090937159,0.9668132746901239,2.6279649309249784,0.3996077534791385
SpiralScanPath_13,Spiral,development,4,target_15pct,0.15,294.05552981507384,296.4901280292387,2.4345982141648506,41.65285079057264,0.9787155703289234,0.15033986405437824,0.15153938424630148,advective posterior physics mean + sequential advective ST,top_1pct,25,6.156488917457133,5.577194842528815,-5.218516665645447,5.145897944672856,0.772130852933543,0.0,2.9859264761073154,7.192668369310552
SpiralScanPath_13,Spiral,development,4,target_15pct,0.15,294.05552981507384,296.4901280292387,2.4345982141648506,41.65285079057264,0.9787155703289234,0.15033986405437824,0.15153938424630148,advective posterior physics mean + sequential advective ST,unsaturated_full_grid,2125,0.16447253292202904,0.12019967590374389,0.06352091239185749,0.16992078199429633,0.6583582264393274,1.0,2.571376287098457,0.18725656450453365
SpiralScanPath_13,Spiral,development,4,target_15pct,0.15,294.05552981507384,296.4901280292387,2.4345982141648506,41.65285079057264,0.9787155703289234,0.15033986405437824,0.15153938424630148,single-frame censored RBF,deliberately_hidden_observable,306,1.0041152162962683,0.866579431280861,-0.7066357090471547,0.6494860672102282,0.5493696067904917,0.6535947712418301,2.1206837449726264,1.6317340843718566
SpiralScanPath_13,Spiral,development,4,target_15pct,0.15,294.05552981507384,296.4901280292387,2.4345982141648506,41.65285079057264,0.9787155703289234,0.15033986405437824,0.15153938424630148,single-frame censored RBF,near_ceiling_unsaturated_1K,1482,0.18115860291809865,0.11449958973372366,0.015474005197406297,0.6838387763788815,2.897199367985436,1.0,11.322604861140665,0.057931929526753634
SpiralScanPath_13,Spiral,development,4,target_15pct,0.15,294.05552981507384,296.4901280292387,2.4345982141648506,41.65285079057264,0.9787155703289234,0.15033986405437824,0.15153938424630148,single-frame censored RBF,observed_censored_full_grid,376,3.1751009398196244,1.5392946425827672,-1.4064734930165947,1.305810350386728,0.5488777776840137,0.5372340425531915,2.118796442079753,2.9008916781574645
SpiralScanPath_13,Spiral,development,4,target_15pct,0.15,294.05552981507384,296.4901280292387,2.4345982141648506,41.65285079057264,0.9787155703289234,0.15033986405437824,0.15153938424630148,single-frame censored RBF,overall,2501,1.2411211832877276,0.3240544009343887,-0.20837530191778525,0.7798195525031283,2.5559979899452685,0.9304278288684527,9.986743909796438,0.4859374897499063
SpiralScanPath_13,Spiral,development,4,target_15pct,0.15,294.05552981507384,296.4901280292387,2.4345982141648506,41.65285079057264,0.9787155703289234,0.15033986405437824,0.15153938424630148,single-frame censored RBF,top_1pct,25,11.340497902606822,8.305963052067415,-8.305963052067415,8.000194041469703,0.5473472348107424,0.0,2.124498177160376,15.681014602488425
SpiralScanPath_13,Spiral,development,4,target_15pct,0.15,294.05552981507384,296.4901280292387,2.4345982141648506,41.65285079057264,0.9787155703289234,0.15033986405437824,0.15153938424630148,single-frame censored RBF,unsaturated_full_grid,2125,0.17072696201291013,0.1090283628827227,0.003617601542521724,0.6867501219129007,2.9111402016206713,1.0,11.378907791143014,0.0586326545304983
SpiralScanPath_13,Spiral,development,5,target_20pct,0.2,293.67704052112003,296.4901280292387,2.813087508118656,42.03134008452645,0.9876089199596102,0.20031987205117952,0.2107157137145142,advective posterior physics mean + sequential advective ST,deliberately_hidden_observable,431,1.2414889010777903,0.9727043350697039,-0.866256265837303,0.7556794433192133,0.6997767112950469,0.6148491879350348,2.7294062180182954,1.3747440993083229
SpiralScanPath_13,Spiral,development,5,target_20pct,0.2,293.67704052112003,296.4901280292387,2.813087508118656,42.03134008452645,0.9876089199596102,0.20031987205117952,0.2107157137145142,advective posterior physics mean + sequential advective ST,near_ceiling_unsaturated_1K,1953,0.167961880951512,0.12339399310848169,0.07043001095385848,0.1711519714142937,0.6596981561661469,1.0,2.577283469095361,0.1916543212593895
SpiralScanPath_13,Spiral,development,5,target_20pct,0.2,293.67704052112003,296.4901280292387,2.813087508118656,42.03134008452645,0.9876089199596102,0.20031987205117952,0.2107157137145142,advective posterior physics mean + sequential advective ST,observed_censored_full_grid,501,2.106510392708907,1.4042623806136845,-1.297607977337977,1.1617304694142991,0.7025123820841087,0.5329341317365269,2.7409690124833554,1.9669531810289895
SpiralScanPath_13,Spiral,development,5,target_20pct,0.2,293.67704052112003,296.4901280292387,2.813087508118656,42.03134008452645,0.9876089199596102,0.20031987205117952,0.2107157137145142,advective posterior physics mean + sequential advective ST,overall,2501,0.9546602858733286,0.3799048093273746,-0.20398061004798962,0.36950470424943127,0.6681007575272333,0.906437425029988,2.6096329726708483,0.5472367942964786
SpiralScanPath_13,Spiral,development,5,target_20pct,0.2,293.67704052112003,296.4901280292387,2.813087508118656,42.03134008452645,0.9876089199596102,0.20031987205117952,0.2107157137145142,advective posterior physics mean + sequential advective ST,top_1pct,25,6.833360486971906,6.2707492120076385,-5.968559683929045,5.8539745500533975,0.7334982896244863,0.0,2.8780065892874336,8.546882597174589
SpiralScanPath_13,Spiral,development,5,target_20pct,0.2,293.67704052112003,296.4901280292387,2.813087508118656,42.03134008452645,0.9876089199596102,0.20031987205117952,0.2107157137145142,advective posterior physics mean + sequential advective ST,unsaturated_full_grid,2000,0.16766279624723024,0.12330323772015393,0.0699730454581522,0.1710521500756319,0.659480645575736,1.0,2.5767332946978154,0.19159783941998462
SpiralScanPath_13,Spiral,development,5,target_20pct,0.2,293.67704052112003,296.4901280292387,2.813087508118656,42.03134008452645,0.9876089199596102,0.20031987205117952,0.2107157137145142,single-frame censored RBF,deliberately_hidden_observable,431,1.3040667686336609,1.0744572767408798,-0.8185642349792482,0.8850371874610024,0.45602561625377963,0.4895591647331787,1.7766952455574663,2.427371846092754
SpiralScanPath_13,Spiral,development,5,target_20pct,0.2,293.67704052112003,296.4901280292387,2.813087508118656,42.03134008452645,0.9876089199596102,0.20031987205117952,0.2107157137145142,single-frame censored RBF,near_ceiling_unsaturated_1K,1953,0.238905548606897,0.16438165381887948,0.08209564929930889,0.6597023266970172,2.7726718503630807,1.0,10.842149507037815,0.0845168693697489
SpiralScanPath_13,Spiral,development,5,target_20pct,0.2,293.67704052112003,296.4901280292387,2.813087508118656,42.03134008452645,0.9876089199596102,0.20031987205117952,0.2107157137145142,single-frame censored RBF,observed_censored_full_grid,501,3.044339485710135,1.6400538080184803,-1.418691700595056,1.442720265490715,0.4532290035602013,0.4231536926147705,1.7668483542587965,3.7537577135718023
SpiralScanPath_13,Spiral,development,5,target_20pct,0.2,293.67704052112003,296.4901280292387,2.813087508118656,42.03134008452645,0.9876089199596102,0.20031987205117952,0.2107157137145142,single-frame censored RBF,overall,2501,1.3791461785844359,0.45976108213206396,-0.2197458199182812,0.8170862678098446,2.310109116876972,0.8844462215113954,9.032220049155839,0.8194440356696576
SpiralScanPath_13,Spiral,development,5,target_20pct,0.2,293.67704052112003,296.4901280292387,2.813087508118656,42.03134008452645,0.9876089199596102,0.20031987205117952,0.2107157137145142,single-frame censored RBF,top_1pct,25,11.820269579427363,8.996350998337004,-8.996350998337004,8.75035779574565,0.42912735509346617,0.0,1.6815997478905502,21.163407689598344
SpiralScanPath_13,Spiral,development,5,target_20pct,0.2,293.67704052112003,296.4901280292387,2.813087508118656,42.03134008452645,0.9876089199596102,0.20031987205117952,0.2107157137145142,single-frame censored RBF,unsaturated_full_grid,2000,0.23847750827998163,0.16409775429751658,0.08059012319125088,0.6603649513907864,2.7752575852628234,1.0,10.852195658727547,0.08439845935517044
SpiralScanPath_2,Spiral,evaluation,0,reference,0.03,294.77953556616137,294.77953556616137,0.0,34.483476784318555,0.954807632708716,0.03078768492602959,0.03558576569372251,advective posterior physics mean + sequential advective ST,deliberately_hidden_observable,0,,,,,,,,
SpiralScanPath_2,Spiral,evaluation,0,reference,0.03,294.77953556616137,294.77953556616137,0.0,34.483476784318555,0.954807632708716,0.03078768492602959,0.03558576569372251,advective posterior physics mean + sequential advective ST,near_ceiling_unsaturated_1K,156,1.0041387356142344,0.580916890189298,0.48072700020766274,0.4468588397249462,0.8155252835478503,0.9743589743589743,3.176064212879618,0.5439741187930082
SpiralScanPath_2,Spiral,evaluation,0,reference,0.03,294.77953556616137,294.77953556616137,0.0,34.483476784318555,0.954807632708716,0.03078768492602959,0.03558576569372251,advective posterior physics mean + sequential advective ST,observed_censored_full_grid,77,2.6237417575614406,2.097749995551722,1.527559593007948,1.4840400287705169,1.6043609645975074,0.8571428571428571,6.246904576369119,1.2629526922828591
SpiralScanPath_2,Spiral,evaluation,0,reference,0.03,294.77953556616137,294.77953556616137,0.0,34.483476784318555,0.954807632708716,0.03078768492602959,0.03558576569372251,advective posterior physics mean + sequential advective ST,overall,2501,0.5419034160987338,0.1952298480633983,0.1415094408526013,0.2238995584919081,0.6962063664655826,0.9940023990403839,2.7186182423887604,0.2208064561553668
SpiralScanPath_2,Spiral,evaluation,0,reference,0.03,294.77953556616137,294.77953556616137,0.0,34.483476784318555,0.954807632708716,0.03078768492602959,0.03558576569372251,advective posterior physics mean + sequential advective ST,top_1pct,25,2.8470621863146977,1.9017662292059527,0.21238949802235538,1.3982371460491563,1.8654682998464107,0.88,7.236943655466864,1.0126405247274641
SpiralScanPath_2,Spiral,evaluation,0,reference,0.03,294.77953556616137,294.77953556616137,0.0,34.483476784318555,0.954807632708716,0.03078768492602959,0.03558576569372251,advective posterior physics mean + sequential advective ST,unsaturated_full_grid,2424,0.29036532260296155,0.13479500839483355,0.09748062001268312,0.18387034388322293,0.6673582212278936,0.9983498349834984,2.6065398398654573,0.18770197588234
SpiralScanPath_2,Spiral,evaluation,0,reference,0.03,294.77953556616137,294.77953556616137,0.0,34.483476784318555,0.954807632708716,0.03078768492602959,0.03558576569372251,single-frame censored RBF,deliberately_hidden_observable,0,,,,,,,,
SpiralScanPath_2,Spiral,evaluation,0,reference,0.03,294.77953556616137,294.77953556616137,0.0,34.483476784318555,0.954807632708716,0.03078768492602959,0.03558576569372251,single-frame censored RBF,near_ceiling_unsaturated_1K,156,1.4419707890904172,1.0893978136943288,0.516768140700859,0.9519080626026157,2.877236144246467,1.0,11.227980648730458,0.4054412660767039
SpiralScanPath_2,Spiral,evaluation,0,reference,0.03,294.77953556616137,294.77953556616137,0.0,34.483476784318555,0.954807632708716,0.03078768492602959,0.03558576569372251,single-frame censored RBF,observed_censored_full_grid,77,4.990583294818315,3.2753049562598937,1.1204758845572833,2.3159802660569264,2.075689897413153,0.7142857142857143,7.881669969594157,1.6049207583377731
SpiralScanPath_2,Spiral,evaluation,0,reference,0.03,294.77953556616137,294.77953556616137,0.0,34.483476784318555,0.954807632708716,0.03078768492602959,0.03558576569372251,single-frame censored RBF,overall,2501,0.9714843374819284,0.2553548470762961,0.09347112248429305,0.7700261703861004,2.947133895530442,0.991203518592563,11.506130792595645,0.11809526136271187
SpiralScanPath_2,Spiral,evaluation,0,reference,0.03,294.77953556616137,294.77953556616137,0.0,34.483476784318555,0.954807632708716,0.03078768492602959,0.03558576569372251,single-frame censored RBF,top_1pct,25,7.686924793852289,4.1885379272248064,-2.4483356136192334,3.472335219331312,2.1522812343701925,0.76,8.22766816396261,2.0136758587586283
SpiralScanPath_2,Spiral,evaluation,0,reference,0.03,294.77953556616137,294.77953556616137,0.0,34.483476784318555,0.954807632708716,0.03078768492602959,0.03558576569372251,single-frame censored RBF,unsaturated_full_grid,2424,0.4273268480595265,0.15942408865751018,0.06084762137883915,0.7209178925945766,2.974815903721461,1.0,11.621264242831254,0.07086524351325654
SpiralScanPath_2,Spiral,evaluation,1,target_5pct,0.05,294.3823330803093,294.77953556616137,0.39720248585206264,34.88067927017062,0.9658057106459991,0.05037984806077569,0.055977608956417436,advective posterior physics mean + sequential advective ST,deliberately_hidden_observable,48,2.70832186510692,2.3131245344991527,2.2472861714540904,1.6116527631167106,1.479602108203016,0.8333333333333334,5.7926520270092,1.3964043096892282
SpiralScanPath_2,Spiral,evaluation,1,target_5pct,0.05,294.3823330803093,294.77953556616137,0.39720248585206264,34.88067927017062,0.9658057106459991,0.05037984806077569,0.055977608956417436,advective posterior physics mean + sequential advective ST,near_ceiling_unsaturated_1K,528,0.8439592410874541,0.34734926328946786,0.29776271942658533,0.3174971534469706,0.7336716617195185,0.9772727272727273,2.8671065123215267,0.336029065970748
SpiralScanPath_2,Spiral,evaluation,1,target_5pct,0.05,294.3823330803093,294.77953556616137,0.39720248585206264,34.88067927017062,0.9658057106459991,0.05037984806077569,0.055977608956417436,advective posterior physics mean + sequential advective ST,observed_censored_full_grid,126,2.8427887748685823,2.342938365317489,1.8615797024543135,1.6738856776853723,1.591886914663407,0.8095238095238095,6.219790649522768,1.3790848621523584
SpiralScanPath_2,Spiral,evaluation,1,target_5pct,0.05,294.3823330803093,294.77953556616137,0.39720248585206264,34.88067927017062,0.9658057106459991,0.05037984806077569,0.055977608956417436,advective posterior physics mean + sequential advective ST,overall,2501,0.7556397635737377,0.2652068160617902,0.2066632384223865,0.27298847419305755,0.7204633872250892,0.9856057576969213,2.813558485004721,0.25564609956972156
SpiralScanPath_2,Spiral,evaluation,1,target_5pct,0.05,294.3823330803093,294.77953556616137,0.39720248585206264,34.88067927017062,0.9658057106459991,0.05037984806077569,0.055977608956417436,advective posterior physics mean + sequential advective ST,top_1pct,25,3.117766018879553,2.0838062501828993,-0.13564542691103043,1.6239871150621168,1.7526583649669416,0.84,6.874348063319519,1.1950621062546676
SpiralScanPath_2,Spiral,evaluation,1,target_5pct,0.05,294.3823330803093,294.77953556616137,0.39720248585206264,34.88067927017062,0.9658057106459991,0.05037984806077569,0.055977608956417436,advective posterior physics mean + sequential advective ST,unsaturated_full_grid,2375,0.4153817125201242,0.15497768965917202,0.11886556496216637,0.19866719097620206,0.6742320758746774,0.9949473684210526,2.632848904908184,0.19604471679691643
SpiralScanPath_2,Spiral,evaluation,1,target_5pct,0.05,294.3823330803093,294.77953556616137,0.39720248585206264,34.88067927017062,0.9658057106459991,0.05037984806077569,0.055977608956417436,single-frame censored RBF,deliberately_hidden_observable,48,3.0264346931466304,2.952451477469443,2.952451477469443,1.9320402122581612,1.8438696619318915,0.6041666666666666,6.9261465177908095,1.6045265211398754
SpiralScanPath_2,Spiral,evaluation,1,target_5pct,0.05,294.3823330803093,294.77953556616137,0.39720248585206264,34.88067927017062,0.9658057106459991,0.05037984806077569,0.055977608956417436,single-frame censored RBF,near_ceiling_unsaturated_1K,528,0.9796790658611947,0.4611612825467484,0.4013436446166004,0.8125118097008401,2.8437151306807382,0.9886363636363636,11.101972540124379,0.2203503852477808
SpiralScanPath_2,Spiral,evaluation,1,target_5pct,0.05,294.3823330803093,294.77953556616137,0.39720248585206264,34.88067927017062,0.9658057106459991,0.05037984806077569,0.055977608956417436,single-frame censored RBF,observed_censored_full_grid,126,4.34940744095288,2.9762793838987998,1.4863569432413135,2.1088790617101094,1.84420596506393,0.746031746031746,6.951049939060704,1.7231384328408443
SpiralScanPath_2,Spiral,evaluation,1,target_5pct,0.05,294.3823330803093,294.77953556616137,0.39720248585206264,34.88067927017062,0.9658057106459991,0.05037984806077569,0.055977608956417436,single-frame censored RBF,overall,2501,1.0856204864608638,0.3095131039834134,0.17435755068517877,0.7958826529433219,2.8962512499394637,0.9848060775689724,11.301622921402384,0.16340544078314026
SpiralScanPath_2,Spiral,evaluation,1,target_5pct,0.05,294.3823330803093,294.77953556616137,0.39720248585206264,34.88067927017062,0.9658057106459991,0.05037984806077569,0.055977608956417436,single-frame censored RBF,top_1pct,25,7.9780652492845325,4.092102005319955,-3.417107095593776,3.7034722920583407,1.7443990600154107,0.76,6.562099271919917,2.8084632888380963
SpiralScanPath_2,Spiral,evaluation,1,target_5pct,0.05,294.3823330803093,294.77953556616137,0.39720248585206264,34.88067927017062,0.9658057106459991,0.05037984806077569,0.055977608956417436,single-frame censored RBF,unsaturated_full_grid,2375,0.48732252041018875,0.16803413502790238,0.10475253028009543,0.7262247382045365,2.9520650208423342,0.9974736842105263,11.532432266991878,0.08065750099397367
SpiralScanPath_2,Spiral,evaluation,2,target_7.5pct,0.075,294.01754742628884,294.77953556616137,0.7619881398725283,35.24546492419108,0.975906203961678,0.07516993202718912,0.0739704118352659,advective posterior physics mean + sequential advective ST,deliberately_hidden_observable,111,3.0995252107187015,2.793465432084485,2.776923302076997,1.9480299441405577,1.6840717711946378,0.7837837837837838,6.569776415494278,1.548470821151791
SpiralScanPath_2,Spiral,evaluation,2,target_7.5pct,0.075,294.01754742628884,294.77953556616137,0.7619881398725283,35.24546492419108,0.975906203961678,0.07516993202718912,0.0739704118352659,advective posterior physics mean + sequential advective ST,near_ceiling_unsaturated_1K,1659,0.37022137694768514,0.1404247249704535,0.10880704629180063,0.18959075897728286,0.6705747252856775,0.9981916817359855,2.6197374315468287,0.18370414089503234
SpiralScanPath_2,Spiral,evaluation,2,target_7.5pct,0.075,294.01754742628884,294.77953556616137,0.7619881398725283,35.24546492419108,0.975906203961678,0.07516993202718912,0.0739704118352659,advective posterior physics mean + sequential advective ST,observed_censored_full_grid,188,2.939965786658017,2.5541065718215035,2.1744277272716244,1.788427773390836,1.709533959717031,0.8404255319148937,6.672181786299996,1.431421929031234
SpiralScanPath_2,Spiral,evaluation,2,target_7.5pct,0.075,294.01754742628884,294.77953556616137,0.7619881398725283,35.24546492419108,0.975906203961678,0.07516993202718912,0.0739704118352659,advective posterior physics mean + sequential advective ST,overall,2501,0.8637167623996778,0.31324192720035254,0.2540254811011067,0.3038133646686194,0.7461340250517395,0.9868052778888444,2.914136729855061,0.27327219852655765
SpiralScanPath_2,Spiral,evaluation,2,target_7.5pct,0.075,294.01754742628884,294.77953556616137,0.7619881398725283,35.24546492419108,0.975906203961678,0.07516993202718912,0.0739704118352659,advective posterior physics mean + sequential advective ST,top_1pct,25,3.1878659796745934,2.218000716977774,-0.5385963208231647,1.7256547822013664,1.8323884809520206,0.84,7.171115558146239,1.2805059303301654
SpiralScanPath_2,Spiral,evaluation,2,target_7.5pct,0.075,294.01754742628884,294.77953556616137,0.7619881398725283,35.24546492419108,0.975906203961678,0.07516993202718912,0.0739704118352659,advective posterior physics mean + sequential advective ST,unsaturated_full_grid,2313,0.32265894433135744,0.131105068925914,0.09793571790177363,0.18314431631592734,0.6678291449319494,0.9987029831387808,2.6086838675067474,0.1791381088876129
SpiralScanPath_2,Spiral,evaluation,2,target_7.5pct,0.075,294.01754742628884,294.77953556616137,0.7619881398725283,35.24546492419108,0.975906203961678,0.07516993202718912,0.0739704118352659,single-frame censored RBF,deliberately_hidden_observable,111,1.8555157266019642,1.7949519745473437,1.7949519745473437,1.0619081178227472,1.4298723905868147,0.7927927927927928,5.414536628933656,1.2795558269342986
SpiralScanPath_2,Spiral,evaluation,2,target_7.5pct,0.075,294.01754742628884,294.77953556616137,0.7619881398725283,35.24546492419108,0.975906203961678,0.07516993202718912,0.0739704118352659,single-frame censored RBF,near_ceiling_unsaturated_1K,1659,0.3882811060766194,0.1587629582066348,0.10570766275276698,0.7072265190973523,2.9145191584521366,0.9993972272453285,11.386682036613735,0.07937840831306185
SpiralScanPath_2,Spiral,evaluation,2,target_7.5pct,0.075,294.01754742628884,294.77953556616137,0.7619881398725283,35.24546492419108,0.975906203961678,0.07516993202718912,0.0739704118352659,single-frame censored RBF,observed_censored_full_grid,188,3.446265527136431,1.9346137857865555,0.6492474008993449,1.3526323926281105,1.4305576857398143,0.8297872340425532,5.407141610864067,1.3306685223663588
SpiralScanPath_2,Spiral,evaluation,2,target_7.5pct,0.075,294.01754742628884,294.77953556616137,0.7619881398725283,35.24546492419108,0.975906203961678,0.07516993202718912,0.0739704118352659,single-frame censored RBF,overall,2501,1.0048259873426215,0.2787447219836492,0.12884345251083235,0.7575182173212381,2.8268319521519714,0.9868052778888444,11.031186878304485,0.1669851188049804
SpiralScanPath_2,Spiral,evaluation,2,target_7.5pct,0.075,294.01754742628884,294.77953556616137,0.7619881398725283,35.24546492419108,0.975906203961678,0.07516993202718912,0.0739704118352659,single-frame censored RBF,top_1pct,25,8.472790413548587,4.80666806204901,-4.794910450458494,4.374492737412508,1.5161173004487947,0.64,5.803039243910057,3.086448981543938
SpiralScanPath_2,Spiral,evaluation,2,target_7.5pct,0.075,294.01754742628884,294.77953556616137,0.7619881398725283,35.24546492419108,0.975906203961678,0.07516993202718912,0.0739704118352659,single-frame censored RBF,unsaturated_full_grid,2313,0.3555316520101959,0.144156142651636,0.08654516357998912,0.709147501818561,2.9403207381811476,0.9995676610462603,11.48830772148598,0.07240125375113728
SpiralScanPath_2,Spiral,evaluation,3,target_10pct,0.1,293.71529417871386,294.77953556616137,1.0642413874475096,35.547718171766064,0.984275247187819,0.10035985605757697,0.09516193522590964,advective posterior physics mean + sequential advective ST,deliberately_hidden_observable,173,1.1867143692897733,0.9977086044594566,0.970564842403859,0.6543547145173371,1.0175576968017683,0.9942196531791907,3.9804364533968593,0.895234509807459
SpiralScanPath_2,Spiral,evaluation,3,target_10pct,0.1,293.71529417871386,294.77953556616137,1.0642413874475096,35.547718171766064,0.984275247187819,0.10035985605757697,0.09516193522590964,advective posterior physics mean + sequential advective ST,near_ceiling_unsaturated_1K,2164,0.22927382871070812,0.12579078628675278,0.09277015709406156,0.17796712769165737,0.6619177600726933,0.9995378927911276,2.584905861680554,0.18556878660426795
SpiralScanPath_2,Spiral,evaluation,3,target_10pct,0.1,293.71529417871386,294.77953556616137,1.0642413874475096,35.547718171766064,0.984275247187819,0.10035985605757697,0.09516193522590964,advective posterior physics mean + sequential advective ST,observed_censored_full_grid,251,1.6367515942502369,1.1136609817291054,0.523737788974163,0.7956705783258926,1.0620894712266362,0.952191235059761,4.151343124291116,0.9677116885436887
SpiralScanPath_2,Spiral,evaluation,3,target_10pct,0.1,293.71529417871386,294.77953556616137,1.0642413874475096,35.547718171766064,0.984275247187819,0.10035985605757697,0.09516193522590964,advective posterior physics mean + sequential advective ST,overall,2501,0.5631663658089878,0.22577251579759616,0.13680469672904796,0.24046400294133316,0.7024658709479528,0.9948020791683326,2.7435728120729737,0.26496849010778223
SpiralScanPath_2,Spiral,evaluation,3,target_10pct,0.1,293.71529417871386,294.77953556616137,1.0642413874475096,35.547718171766064,0.984275247187819,0.10035985605757697,0.09516193522590964,advective posterior physics mean + sequential advective ST,top_1pct,25,3.9237428959969853,2.9415450393261064,-2.2448286639723665,2.42851877228504,1.2667831393942428,0.6,4.909684285724122,2.3301809108010163
SpiralScanPath_2,Spiral,evaluation,3,target_10pct,0.1,293.71529417871386,294.77953556616137,1.0642413874475096,35.547718171766064,0.984275247187819,0.10035985605757697,0.09516193522590964,advective posterior physics mean + sequential advective ST,unsaturated_full_grid,2250,0.2316991768079959,0.1267236247092367,0.09364016066081512,0.17852762497621116,0.6623478604279751,0.9995555555555555,2.586528212798861,0.18657358219337666
SpiralScanPath_2,Spiral,evaluation,3,target_10pct,0.1,293.71529417871386,294.77953556616137,1.0642413874475096,35.547718171766064,0.984275247187819,0.10035985605757697,0.09516193522590964,single-frame censored RBF,deliberately_hidden_observable,173,0.5994031453492998,0.4672961159880829,0.37439328785603393,0.3241205461823983,0.6276610609449104,0.9421965317919075,2.4519112118496222,0.7362681445064179
SpiralScanPath_2,Spiral,evaluation,3,target_10pct,0.1,293.71529417871386,294.77953556616137,1.0642413874475096,35.547718171766064,0.984275247187819,0.10035985605757697,0.09516193522590964,single-frame censored RBF,near_ceiling_unsaturated_1K,2164,0.2878187417051679,0.17053197879355508,0.11794023626817157,0.6828360743852705,2.853563116201206,1.0,11.150114346352499,0.08495511685744904
SpiralScanPath_2,Spiral,evaluation,3,target_10pct,0.1,293.71529417871386,294.77953556616137,1.0642413874475096,35.547718171766064,0.984275247187819,0.10035985605757697,0.09516193522590964,single-frame censored RBF,observed_censored_full_grid,251,3.1330216826905586,1.1271126729579164,-0.5368110048418374,0.9518021764953853,0.6275799955429336,0.8207171314741036,2.4426325732202168,1.9152625872145608
SpiralScanPath_2,Spiral,evaluation,3,target_10pct,0.1,293.71529417871386,294.77953556616137,1.0642413874475096,35.547718171766064,0.984275247187819,0.10035985605757697,0.09516193522590964,single-frame censored RBF,overall,2501,1.0289409766462498,0.26571722965887234,0.051300517505675054,0.7107357351020466,2.6353074370105456,0.9820071971211516,10.295329748536123,0.2676622013238505
SpiralScanPath_2,Spiral,evaluation,3,target_10pct,0.1,293.71529417871386,294.77953556616137,1.0642413874475096,35.547718171766064,0.984275247187819,0.10035985605757697,0.09516193522590964,single-frame censored RBF,top_1pct,25,9.721470869556418,6.544709796576687,-6.544709796576687,6.198602157182576,0.6155734655372478,0.0,2.385558546566151,11.56163246394128
SpiralScanPath_2,Spiral,evaluation,3,target_10pct,0.1,293.71529417871386,294.77953556616137,1.0642413874475096,35.547718171766064,0.984275247187819,0.10035985605757697,0.09516193522590964,single-frame censored RBF,unsaturated_full_grid,2250,0.28603458390066877,0.16962378242862344,0.11690762510977533,0.683843434306612,2.859280587147599,1.0,11.171341744538031,0.08386322494226461
SpiralScanPath_2,Spiral,evaluation,4,target_15pct,0.15,293.54137779612887,294.77953556616137,1.238157770032501,35.721634554351056,0.9890907908925289,0.15033986405437824,0.149140343862455,advective posterior physics mean + sequential advective ST,deliberately_hidden_observable,298,0.37065420206955674,0.276046508950037,-0.1340002489273563,0.23440503757423414,0.6902628051250768,1.0,2.700097760808299,0.39794325648562934
SpiralScanPath_2,Spiral,evaluation,4,target_15pct,0.15,293.54137779612887,294.77953556616137,1.238157770032501,35.721634554351056,0.9890907908925289,0.15033986405437824,0.149140343862455,advective posterior physics mean + sequential advective ST,near_ceiling_unsaturated_1K,2114,0.15479617966485582,0.1111761959280373,0.07865615104705215,0.16793293087346928,0.658161399069387,1.0,2.570182315355083,0.1728412871235811
SpiralScanPath_2,Spiral,evaluation,4,target_15pct,0.15,293.54137779612887,294.77953556616137,1.238157770032501,35.721634554351056,0.9890907908925289,0.15033986405437824,0.149140343862455,advective posterior physics mean + sequential advective ST,observed_censored_full_grid,376,1.5373393979324455,0.7279107035206565,-0.5702257863241538,0.6200899648654443,0.6926910503474141,0.875,2.709837859440495,1.0398255510675165
SpiralScanPath_2,Spiral,evaluation,4,target_15pct,0.15,293.54137779612887,294.77953556616137,1.238157770032501,35.721634554351056,0.9890907908925289,0.15033986405437824,0.149140343862455,advective posterior physics mean + sequential advective ST,overall,2501,0.6131030715417135,0.20439525524430718,-0.018446807478117295,0.23605560450427487,0.6634482734351057,0.9812075169932027,2.591648050682282,0.3038877357522633
SpiralScanPath_2,Spiral,evaluation,4,target_15pct,0.15,293.54137779612887,294.77953556616137,1.238157770032501,35.721634554351056,0.9890907908925289,0.15033986405437824,0.149140343862455,advective posterior physics mean + sequential advective ST,top_1pct,25,5.444236845066849,4.885619654093073,-4.368163066074897,4.483525585199401,0.7022086262022884,0.0,2.7333301371206313,6.959073198165347
SpiralScanPath_2,Spiral,evaluation,4,target_15pct,0.15,293.54137779612887,294.77953556616137,1.238157770032501,35.721634554351056,0.9890907908925289,0.15033986405437824,0.149140343862455,advective posterior physics mean + sequential advective ST,unsaturated_full_grid,2125,0.15563345266191725,0.11176381592576258,0.07918561419064021,0.16810411297683972,0.6582740220849748,1.0,2.5707354068737702,0.1736700329011879
SpiralScanPath_2,Spiral,evaluation,4,target_15pct,0.15,293.54137779612887,294.77953556616137,1.238157770032501,35.721634554351056,0.9890907908925289,0.15033986405437824,0.149140343862455,single-frame censored RBF,deliberately_hidden_observable,298,0.5880546951602068,0.5409995453315772,0.15508121247340312,0.3552905613957651,0.48182099376902815,0.9765100671140939,1.8851006662381946,1.1213146564395426
SpiralScanPath_2,Spiral,evaluation,4,target_15pct,0.15,293.54137779612887,294.77953556616137,1.238157770032501,35.721634554351056,0.9890907908925289,0.15033986405437824,0.149140343862455,single-frame censored RBF,near_ceiling_unsaturated_1K,2114,0.33295019611324406,0.2576295206933101,0.21325137634469804,0.6240058468895671,2.576881536514421,1.0,10.07384487089193,0.12612409678636446
SpiralScanPath_2,Spiral,evaluation,4,target_15pct,0.15,293.54137779612887,294.77953556616137,1.238157770032501,35.721634554351056,0.9890907908925289,0.15033986405437824,0.149140343862455,single-frame censored RBF,observed_censored_full_grid,376,2.7191644122229994,1.1008220875718613,-0.5450677442546391,0.903238044655989,0.47251427337638974,0.7925531914893617,1.847703760420215,2.408782565033567
SpiralScanPath_2,Spiral,evaluation,4,target_15pct,0.15,293.54137779612887,294.77953556616137,1.238157770032501,35.721634554351056,0.9890907908925289,0.15033986405437824,0.149140343862455,single-frame censored RBF,overall,2501,1.0983335874829354,0.3850687432719794,0.10003378049419089,0.6660859569802721,2.260271299782768,0.968812475009996,8.835711488872889,0.4696031789538718
SpiralScanPath_2,Spiral,evaluation,4,target_15pct,0.15,293.54137779612887,294.77953556616137,1.238157770032501,35.721634554351056,0.9890907908925289,0.15033986405437824,0.149140343862455,single-frame censored RBF,top_1pct,25,10.123130503146824,7.156306990525159,-7.156306990525159,6.908746145243059,0.43794756533416396,0.0,1.7121569991137175,16.030367760916267
SpiralScanPath_2,Spiral,evaluation,4,target_15pct,0.15,293.54137779612887,294.77953556616137,1.238157770032501,35.721634554351056,0.9890907908925289,0.15033986405437824,0.149140343862455,single-frame censored RBF,unsaturated_full_grid,2125,0.3339309490362358,0.2584225044688003,0.21417880322621916,0.6241239875844745,2.576599131278673,1.0,10.072177797530868,0.12648249699341751
SpiralScanPath_2,Spiral,evaluation,5,target_20pct,0.2,293.45303391426967,294.77953556616137,1.3265016518917037,35.80997843621026,0.9915369309157601,0.20031987205117952,0.19472211115553778,advective posterior physics mean + sequential advective ST,deliberately_hidden_observable,423,0.3828901154166197,0.2743060563637297,-0.08578462769918965,0.23737868019489453,0.6819264473959553,1.0,2.6659527072546485,0.4028667575279488
SpiralScanPath_2,Spiral,evaluation,5,target_20pct,0.2,293.45303391426967,294.77953556616137,1.3265016518917037,35.80997843621026,0.9915369309157601,0.20031987205117952,0.19472211115553778,advective posterior physics mean + sequential advective ST,near_ceiling_unsaturated_1K,1997,0.17305759890470587,0.12185612416115864,0.08964417601596081,0.17189563685240378,0.66119476613433,1.0,2.582761340480604,0.18677845509792435
SpiralScanPath_2,Spiral,evaluation,5,target_20pct,0.2,293.45303391426967,294.77953556616137,1.3265016518917037,35.80997843621026,0.9915369309157601,0.20031987205117952,0.19472211115553778,advective posterior physics mean + sequential advective ST,observed_censored_full_grid,501,1.382264011046735,0.6315946290203156,-0.4401145106714131,0.5442255139208454,0.6843416878727533,0.8922155688622755,2.6753162369174603,0.9119202361595036
SpiralScanPath_2,Spiral,evaluation,5,target_20pct,0.2,293.45303391426967,294.77953556616137,1.3265016518917037,35.80997843621026,0.9915369309157601,0.20031987205117952,0.19472211115553778,advective posterior physics mean + sequential advective ST,overall,2501,0.637701888163208,0.22391119679809227,-0.016589897948958356,0.2464684558915488,0.6658583458471624,0.9784086365453818,2.6014174587540184,0.3319481586207315
SpiralScanPath_2,Spiral,evaluation,5,target_20pct,0.2,293.45303391426967,294.77953556616137,1.3265016518917037,35.80997843621026,0.9915369309157601,0.20031987205117952,0.19472211115553778,advective posterior physics mean + sequential advective ST,top_1pct,25,5.5546662970986125,5.001118297405385,-4.495852304369348,4.614621297252465,0.701982135773169,0.0,2.739337973096917,7.131022302383652
SpiralScanPath_2,Spiral,evaluation,5,target_20pct,0.2,293.45303391426967,294.77953556616137,1.3265016518917037,35.80997843621026,0.9915369309157601,0.20031987205117952,0.19472211115553778,advective posterior physics mean + sequential advective ST,unsaturated_full_grid,2000,0.17295715828165262,0.12178649702642534,0.08950301753801657,0.17188031285521008,0.6612282686697519,1.0,2.5829058148240764,0.1866651531972691
SpiralScanPath_2,Spiral,evaluation,5,target_20pct,0.2,293.45303391426967,294.77953556616137,1.3265016518917037,35.80997843621026,0.9915369309157601,0.20031987205117952,0.19472211115553778,single-frame censored RBF,deliberately_hidden_observable,423,0.572210513776411,0.5364611289109052,0.2165835789329643,0.3468867065799327,0.48223359724882864,0.9598108747044918,1.8806375544054608,1.1153764745037813
SpiralScanPath_2,Spiral,evaluation,5,target_20pct,0.2,293.45303391426967,294.77953556616137,1.3265016518917037,35.80997843621026,0.9915369309157601,0.20031987205117952,0.19472211115553778,single-frame censored RBF,near_ceiling_unsaturated_1K,1997,0.37170722122603417,0.30768243065745693,0.2720606948657496,0.5776478734479266,2.3494250459503263,1.0,9.18935398775234,0.15737732739516208
SpiralScanPath_2,Spiral,evaluation,5,target_20pct,0.2,293.45303391426967,294.77953556616137,1.3265016518917037,35.80997843621026,0.9915369309157601,0.20031987205117952,0.19472211115553778,single-frame censored RBF,observed_censored_full_grid,501,2.411204826015864,0.9764677889051341,-0.3384337849315531,0.7793179229045649,0.47410428099073765,0.8143712574850299,1.8496732542147596,2.146472765878205
SpiralScanPath_2,Spiral,evaluation,5,target_20pct,0.2,293.45303391426967,294.77953556616137,1.3265016518917037,35.80997843621026,0.9915369309157601,0.20031987205117952,0.19472211115553778,single-frame censored RBF,overall,2501,1.1292983475328735,0.44184751728575117,0.15000333701057333,0.6181096466597036,1.9738443072689726,0.9628148740503798,7.719408014622816,0.5559020380156333
SpiralScanPath_2,Spiral,evaluation,5,target_20pct,0.2,293.45303391426967,294.77953556616137,1.3265016518917037,35.80997843621026,0.9915369309157601,0.20031987205117952,0.19472211115553778,single-frame censored RBF,top_1pct,25,10.281408656762514,7.323929460131046,-7.323929460131046,7.085946460357128,0.42795221638749625,0.0,1.6806883634544034,16.758240918241775
SpiralScanPath_2,Spiral,evaluation,5,target_20pct,0.2,293.45303391426967,294.77953556616137,1.3265016518917037,35.80997843621026,0.9915369309157601,0.20031987205117952,0.19472211115553778,single-frame censored RBF,unsaturated_full_grid,2000,0.372017435004624,0.3079251392450958,0.272356836057076,0.577726973460366,2.3495291838516703,1.0,9.189776572105034,0.15746407068605894
SpiralScanPath_3,Spiral,evaluation,0,reference,0.03,295.09034972544174,295.09034972544174,0.0,38.14375561623575,0.9515666543672048,0.03358656537385046,0.032387045181927226,advective posterior physics mean + sequential advective ST,deliberately_hidden_observable,0,,,,,,,,
SpiralScanPath_3,Spiral,evaluation,0,reference,0.03,295.09034972544174,295.09034972544174,0.0,38.14375561623575,0.9515666543672048,0.03358656537385046,0.032387045181927226,advective posterior physics mean + sequential advective ST,near_ceiling_unsaturated_1K,138,0.999787103176083,0.5845967395888156,0.37683963311621976,0.4329850020174358,0.819974160807357,0.9782608695652174,3.1946626320528533,0.5589222415971443
SpiralScanPath_3,Spiral,evaluation,0,reference,0.03,295.09034972544174,295.09034972544174,0.0,38.14375561623575,0.9515666543672048,0.03358656537385046,0.032387045181927226,advective posterior physics mean + sequential advective ST,observed_censored_full_grid,84,2.5925811621699695,1.941559781385259,0.9495954895617194,1.4147480874116751,1.4203855278551276,0.8333333333333334,5.54010789839225,1.233212598432446
SpiralScanPath_3,Spiral,evaluation,0,reference,0.03,295.09034972544174,295.09034972544174,0.0,38.14375561623575,0.9515666543672048,0.03358656537385046,0.032387045181927226,advective posterior physics mean + sequential advective ST,overall,2501,0.5547668796443388,0.20396986622833133,0.1202703431047113,0.22603493125881888,0.6920969575250836,0.9932027189124351,2.703371028872373,0.23758623795054568
SpiralScanPath_3,Spiral,evaluation,0,reference,0.03,295.09034972544174,295.09034972544174,0.0,38.14375561623575,0.9515666543672048,0.03358656537385046,0.032387045181927226,advective posterior physics mean + sequential advective ST,top_1pct,25,3.4947622500240705,2.6806456757683668,-0.12260266136065866,2.0487452834907085,1.7309246070040947,0.72,6.760161109145379,1.5852820793342517
SpiralScanPath_3,Spiral,evaluation,0,reference,0.03,295.09034972544174,295.09034972544174,0.0,38.14375561623575,0.9515666543672048,0.03358656537385046,0.032387045181927226,advective posterior physics mean + sequential advective ST,unsaturated_full_grid,2417,0.291316486134571,0.14358196681865737,0.09144812038961461,0.1847225998079128,0.6667861425032698,0.9987587918907737,2.6047835662990715,0.20298441160363642
SpiralScanPath_3,Spiral,evaluation,0,reference,0.03,295.09034972544174,295.09034972544174,0.0,38.14375561623575,0.9515666543672048,0.03358656537385046,0.032387045181927226,single-frame censored RBF,deliberately_hidden_observable,0,,,,,,,,
SpiralScanPath_3,Spiral,evaluation,0,reference,0.03,295.09034972544174,295.09034972544174,0.0,38.14375561623575,0.9515666543672048,0.03358656537385046,0.032387045181927226,single-frame censored RBF,near_ceiling_unsaturated_1K,138,1.5431520894351969,1.2269780881685362,0.8154819335810078,0.9536419232273564,2.5984215664575854,1.0,10.095013957112538,0.512609806607084
SpiralScanPath_3,Spiral,evaluation,0,reference,0.03,295.09034972544174,295.09034972544174,0.0,38.14375561623575,0.9515666543672048,0.03358656537385046,0.032387045181927226,single-frame censored RBF,observed_censored_full_grid,84,5.134513713813915,3.018701228109116,1.1164815439260205,2.1542631580039293,1.8692179772661728,0.7380952380952381,7.016913470538126,1.7047470861617533
SpiralScanPath_3,Spiral,evaluation,0,reference,0.03,295.09034972544174,295.09034972544174,0.0,38.14375561623575,0.9515666543672048,0.03358656537385046,0.032387045181927226,single-frame censored RBF,overall,2501,1.03791062739575,0.2677627539542052,0.0967140516983729,0.7690812110934975,2.919227053982603,0.991203518592563,11.397831686988406,0.1348342962590776
SpiralScanPath_3,Spiral,evaluation,0,reference,0.03,295.09034972544174,295.09034972544174,0.0,38.14375561623575,0.9515666543672048,0.03358656537385046,0.032387045181927226,single-frame censored RBF,top_1pct,25,8.493369107300937,4.1193567181247595,-2.2721014207304417,3.4449171390718867,2.0639254366150657,0.84,7.74535326737451,2.359482119062578
SpiralScanPath_3,Spiral,evaluation,0,reference,0.03,295.09034972544174,295.09034972544174,0.0,38.14375561623575,0.9515666543672048,0.03358656537385046,0.032387045181927226,single-frame censored RBF,unsaturated_full_grid,2417,0.4455043787434831,0.17215711397530056,0.06127322863377943,0.720940837266242,2.9557188878444896,1.0,11.550085361039637,0.080273818662129
SpiralScanPath_3,Spiral,evaluation,1,target_5pct,0.05,294.80104010070636,295.09034972544174,0.289309624735381,38.43306524097113,0.9587840189721861,0.05037984806077569,0.04878048780487805,advective posterior physics mean + sequential advective ST,deliberately_hidden_observable,41,2.324594029026323,1.9346290911627386,1.7976194252625046,1.3460382372848987,1.3010419665267696,0.8048780487804879,5.052738310192051,1.3128596957248793
SpiralScanPath_3,Spiral,evaluation,1,target_5pct,0.05,294.80104010070636,295.09034972544174,0.289309624735381,38.43306524097113,0.9587840189721861,0.05037984806077569,0.04878048780487805,advective posterior physics mean + sequential advective ST,near_ceiling_unsaturated_1K,132,1.419555497571805,0.888437172730416,0.6821041513812123,0.6406220168367222,0.9106314616055994,0.9545454545454546,3.564129970767071,0.7422323693414331
SpiralScanPath_3,Spiral,evaluation,1,target_5pct,0.05,294.80104010070636,295.09034972544174,0.289309624735381,38.43306524097113,0.9587840189721861,0.05037984806077569,0.04878048780487805,advective posterior physics mean + sequential advective ST,observed_censored_full_grid,126,2.666446599315588,2.179977941065444,1.4608891037774827,1.546151834171513,1.4979173475806573,0.8174603174603174,5.830494803054432,1.3588966720372144
SpiralScanPath_3,Spiral,evaluation,1,target_5pct,0.05,294.80104010070636,295.09034972544174,0.289309624735381,38.43306524097113,0.9587840189721861,0.05037984806077569,0.04878048780487805,advective posterior physics mean + sequential advective ST,overall,2501,0.69707881293832,0.2587731875093231,0.17661615953157037,0.2625728782461157,0.7127613182291903,0.9884046381447421,2.7836312422311607,0.26762743830719693
SpiralScanPath_3,Spiral,evaluation,1,target_5pct,0.05,294.80104010070636,295.09034972544174,0.289309624735381,38.43306524097113,0.9587840189721861,0.05037984806077569,0.04878048780487805,advective posterior physics mean + sequential advective ST,top_1pct,25,3.5321443360661546,2.6763617223145957,-0.26767612666060814,2.0515690096724084,1.7804398880581858,0.72,6.896036116735563,1.5319500160428026
SpiralScanPath_3,Spiral,evaluation,1,target_5pct,0.05,294.80104010070636,295.09034972544174,0.289309624735381,38.43306524097113,0.9587840189721861,0.05037984806077569,0.04878048780487805,advective posterior physics mean + sequential advective ST,unsaturated_full_grid,2375,0.3667386717070696,0.15684821953118788,0.10848210017368197,0.19447563679491567,0.6711067246720177,0.9974736842105263,2.621987112267484,0.20973273369667814
SpiralScanPath_3,Spiral,evaluation,1,target_5pct,0.05,294.80104010070636,295.09034972544174,0.289309624735381,38.43306524097113,0.9587840189721861,0.05037984806077569,0.04878048780487805,single-frame censored RBF,deliberately_hidden_observable,41,2.7050033996378398,2.6617067709079625,2.6617067709079625,1.7442278970785279,1.665589688751811,0.4146341463414634,6.2114676960945,1.6158279279627903
SpiralScanPath_3,Spiral,evaluation,1,target_5pct,0.05,294.80104010070636,295.09034972544174,0.289309624735381,38.43306524097113,0.9587840189721861,0.05037984806077569,0.04878048780487805,single-frame censored RBF,near_ceiling_unsaturated_1K,132,1.70363277056034,1.4706527297422183,1.433168026815604,1.0189271580275587,2.343047890474299,1.0,9.125884311319462,0.6844532429545828
SpiralScanPath_3,Spiral,evaluation,1,target_5pct,0.05,294.80104010070636,295.09034972544174,0.289309624735381,38.43306524097113,0.9587840189721861,0.05037984806077569,0.04878048780487805,single-frame censored RBF,observed_censored_full_grid,126,4.671894293850722,2.7338176911376366,1.0709360971662145,1.949999622428871,1.6940877607455909,0.6746031746031746,6.329121993789361,1.6845949236753848
SpiralScanPath_3,Spiral,evaluation,1,target_5pct,0.05,294.80104010070636,295.09034972544174,0.289309624735381,38.43306524097113,0.9587840189721861,0.05037984806077569,0.04878048780487805,single-frame censored RBF,overall,2501,1.131849634332325,0.2976213288413403,0.13441232170031014,0.7811425488469799,2.879048054678001,0.9836065573770492,11.235120339436461,0.1643172592574963
SpiralScanPath_3,Spiral,evaluation,1,target_5pct,0.05,294.80104010070636,295.09034972544174,0.289309624735381,38.43306524097113,0.9587840189721861,0.05037984806077569,0.04878048780487805,single-frame censored RBF,top_1pct,25,9.285014966855059,4.403803424437438,-3.9544761462515314,3.9536746076538862,1.6536367139046246,0.72,6.320642542805633,2.9517828427310637
SpiralScanPath_3,Spiral,evaluation,1,target_5pct,0.05,294.80104010070636,295.09034972544174,0.289309624735381,38.43306524097113,0.9587840189721861,0.05037984806077569,0.04878048780487805,single-frame censored RBF,unsaturated_full_grid,2375,0.43713851232906004,0.1683747007784631,0.08472727087559269,0.7191316051537933,2.9419133165876787,1.0,11.495396462195002,0.08366252842943145
SpiralScanPath_3,Spiral,evaluation,2,target_7.5pct,0.075,294.4608192919309,295.09034972544174,0.6295304335108654,38.773286049746616,0.9672714573883129,0.07516993202718912,0.0699720111955218,advective posterior physics mean + sequential advective ST,deliberately_hidden_observable,104,2.5267251562841304,2.268010133753474,2.1849341027362166,1.5497301409959419,1.5242396880904798,0.8365384615384616,5.946540438852561,1.3865374773594665
SpiralScanPath_3,Spiral,evaluation,2,target_7.5pct,0.075,294.4608192919309,295.09034972544174,0.6295304335108654,38.773286049746616,0.9672714573883129,0.07516993202718912,0.0699720111955218,advective posterior physics mean + sequential advective ST,near_ceiling_unsaturated_1K,342,0.677483562000123,0.31988405643674045,0.2285918252350394,0.28494413158493964,0.7235946572732269,0.9912280701754386,2.8252631928936927,0.3467779723403446
SpiralScanPath_3,Spiral,evaluation,2,target_7.5pct,0.075,294.4608192919309,295.09034972544174,0.6295304335108654,38.773286049746616,0.9672714573883129,0.07516993202718912,0.0699720111955218,advective posterior physics mean + sequential advective ST,observed_censored_full_grid,188,2.631732992711779,2.2493936715561182,1.6560457552846455,1.563044348510172,1.5790173708342201,0.8404255319148937,6.167193184381594,1.3540895667493138
SpiralScanPath_3,Spiral,evaluation,2,target_7.5pct,0.075,294.4608192919309,295.09034972544174,0.6295304335108654,38.773286049746616,0.9672714573883129,0.07516993202718912,0.0699720111955218,advective posterior physics mean + sequential advective ST,overall,2501,0.7754648457297744,0.30025949400466795,0.21465484095058993,0.2885563029104044,0.7356536125323587,0.9868052778888444,2.8729679011965303,0.28555956585109676
SpiralScanPath_3,Spiral,evaluation,2,target_7.5pct,0.075,294.4608192919309,295.09034972544174,0.6295304335108654,38.773286049746616,0.9672714573883129,0.07516993202718912,0.0699720111955218,advective posterior physics mean + sequential advective ST,top_1pct,25,3.5416350569586923,2.541609242655095,-1.070629794275228,2.0286384466409566,1.6887107362550617,0.68,6.645013777207644,1.5269161735049506
SpiralScanPath_3,Spiral,evaluation,2,target_7.5pct,0.075,294.4608192919309,295.09034972544174,0.6295304335108654,38.773286049746616,0.9672714573883129,0.07516993202718912,0.0699720111955218,advective posterior physics mean + sequential advective ST,unsaturated_full_grid,2313,0.295428621389436,0.14183440737272993,0.0974989862619594,0.18496626721098536,0.6671052396137466,0.9987029831387808,2.605214181681272,0.198709743037061
SpiralScanPath_3,Spiral,evaluation,2,target_7.5pct,0.075,294.4608192919309,295.09034972544174,0.6295304335108654,38.773286049746616,0.9672714573883129,0.07516993202718912,0.0699720111955218,single-frame censored RBF,deliberately_hidden_observable,104,1.9498580385120905,1.901096646193474,1.901096646193474,1.1718579981163673,1.377780772971247,0.75,5.180623376047333,1.4105575640135113
SpiralScanPath_3,Spiral,evaluation,2,target_7.5pct,0.075,294.4608192919309,295.09034972544174,0.6295304335108654,38.773286049746616,0.9672714573883129,0.07516993202718912,0.0699720111955218,single-frame censored RBF,near_ceiling_unsaturated_1K,342,0.6285640004962355,0.33009033402034355,0.22324862085800776,0.7139661723389679,2.7144928568184747,1.0,10.588800054479346,0.19220100525577763
SpiralScanPath_3,Spiral,evaluation,2,target_7.5pct,0.075,294.4608192919309,295.09034972544174,0.6295304335108654,38.773286049746616,0.9672714573883129,0.07516993202718912,0.0699720111955218,single-frame censored RBF,observed_censored_full_grid,188,3.8836593527201613,2.1225719822182265,0.7900605766924766,1.4878231401569686,1.4124310214230484,0.8031914893617021,5.319205738961092,1.5707227667283754
SpiralScanPath_3,Spiral,evaluation,2,target_7.5pct,0.075,294.4608192919309,295.09034972544174,0.6295304335108654,38.773286049746616,0.9672714573883129,0.07516993202718912,0.0699720111955218,single-frame censored RBF,overall,2501,1.1008779686696082,0.27359483900083265,0.09390697216996562,0.7629499785141285,2.8243232324184726,0.9852059176329468,11.023115682022654,0.1801625972961413
SpiralScanPath_3,Spiral,evaluation,2,target_7.5pct,0.075,294.4608192919309,295.09034972544174,0.6295304335108654,38.773286049746616,0.9672714573883129,0.07516993202718912,0.0699720111955218,single-frame censored RBF,top_1pct,25,9.63339015999565,5.009071701275928,-4.898444488344619,4.514741433886842,1.43955929429948,0.64,5.462495331389548,3.8166896284998626
SpiralScanPath_3,Spiral,evaluation,2,target_7.5pct,0.075,294.4608192919309,295.09034972544174,0.6295304335108654,38.773286049746616,0.9672714573883129,0.07516993202718912,0.0699720111955218,single-frame censored RBF,unsaturated_full_grid,2313,0.2907081065834497,0.12331048840642274,0.03732379981794138,0.7040324885059772,2.93908144066194,1.0,11.486727903940324,0.0671382514884197
SpiralScanPath_3,Spiral,evaluation,3,target_10pct,0.1,293.8391900019463,295.09034972544174,1.251159723495448,39.3949153397312,0.9827791517453812,0.10035985605757697,0.10395841663334666,advective posterior physics mean + sequential advective ST,deliberately_hidden_observable,166,0.8548740739016933,0.7144906702905022,0.6075096495964977,0.4784543625188993,1.1508116588965387,1.0,4.488139446405818,0.5968897368861358
SpiralScanPath_3,Spiral,evaluation,3,target_10pct,0.1,293.8391900019463,295.09034972544174,1.251159723495448,39.3949153397312,0.9827791517453812,0.10035985605757697,0.10395841663334666,advective posterior physics mean + sequential advective ST,near_ceiling_unsaturated_1K,2010,0.19738355116007797,0.1264714582537206,0.08862128497744332,0.17450956312118115,0.6626413525883824,1.0,2.5899621806956548,0.18885984461045763
SpiralScanPath_3,Spiral,evaluation,3,target_10pct,0.1,293.8391900019463,295.09034972544174,1.251159723495448,39.3949153397312,0.9827791517453812,0.10035985605757697,0.10395841663334666,advective posterior physics mean + sequential advective ST,observed_censored_full_grid,251,1.7356330599242604,1.047396678967518,0.011980419135928438,0.7817515109458261,1.164064333997449,0.9402390438247012,4.544671320323157,0.8848557265276122
SpiralScanPath_3,Spiral,evaluation,3,target_10pct,0.1,293.8391900019463,295.09034972544174,1.251159723495448,39.3949153397312,0.9827791517453812,0.10035985605757697,0.10395841663334666,advective posterior physics mean + sequential advective ST,overall,2501,0.579651189596353,0.21753338995546004,0.07859205176308204,0.23501479125749267,0.7130345996807713,0.9940023990403839,2.785764936376132,0.2577166760793812
SpiralScanPath_3,Spiral,evaluation,3,target_10pct,0.1,293.8391900019463,295.09034972544174,1.251159723495448,39.3949153397312,0.9827791517453812,0.10035985605757697,0.10395841663334666,advective posterior physics mean + sequential advective ST,top_1pct,25,4.856170610357007,4.084329510533353,-3.253142700861072,3.4367364907565126,1.2207596200445971,0.44,4.7620302058128345,3.3899455190181187
SpiralScanPath_3,Spiral,evaluation,3,target_10pct,0.1,293.8391900019463,295.09034972544174,1.251159723495448,39.3949153397312,0.9827791517453812,0.10035985605757697,0.10395841663334666,advective posterior physics mean + sequential advective ST,unsaturated_full_grid,2250,0.19345605037326652,0.12495752971455934,0.08602294944726674,0.17402327275003862,0.6627197270969998,1.0,2.589549157544709,0.18775583089604517
SpiralScanPath_3,Spiral,evaluation,3,target_10pct,0.1,293.8391900019463,295.09034972544174,1.251159723495448,39.3949153397312,0.9827791517453812,0.10035985605757697,0.10395841663334666,single-frame censored RBF,deliberately_hidden_observable,166,0.7088061374501416,0.6126113905718189,0.6032302699474578,0.3555903085006385,0.9842558170802613,0.9819277108433735,3.9238261952661153,0.6380313010320928
SpiralScanPath_3,Spiral,evaluation,3,target_10pct,0.1,293.8391900019463,295.09034972544174,1.251159723495448,39.3949153397312,0.9827791517453812,0.10035985605757697,0.10395841663334666,single-frame censored RBF,near_ceiling_unsaturated_1K,2010,0.24340570012509727,0.1303168577834414,0.048745603351409615,0.692777817528603,2.914880363599148,1.0,11.395002350679743,0.06556848955676393
SpiralScanPath_3,Spiral,evaluation,3,target_10pct,0.1,293.8391900019463,295.09034972544174,1.251159723495448,39.3949153397312,0.9827791517453812,0.10035985605757697,0.10395841663334666,single-frame censored RBF,observed_censored_full_grid,251,3.3313503666428756,1.1747431619365536,-0.3164493809193714,0.9177811999674227,0.9673800656124004,0.9043824701195219,3.8483897552331867,1.2166978049273207
SpiralScanPath_3,Spiral,evaluation,3,target_10pct,0.1,293.8391900019463,295.09034972544174,1.251159723495448,39.3949153397312,0.9827791517453812,0.10035985605757697,0.10395841663334666,single-frame censored RBF,overall,2501,1.08038468392273,0.23534425159076117,0.008871096513467593,0.7170607227184383,2.7258043583113807,0.9904038384646141,10.660312579790794,0.18242938356111715
SpiralScanPath_3,Spiral,evaluation,3,target_10pct,0.1,293.8391900019463,295.09034972544174,1.251159723495448,39.3949153397312,0.9827791517453812,0.10035985605757697,0.10395841663334666,single-frame censored RBF,top_1pct,25,10.336625950339736,6.306330125671552,-6.306330125671552,5.799033091014513,0.9904044952224692,0.24,3.9312241737386375,6.302282940375817
SpiralScanPath_3,Spiral,evaluation,3,target_10pct,0.1,293.8391900019463,295.09034972544174,1.251159723495448,39.3949153397312,0.9827791517453812,0.10035985605757697,0.10395841663334666,single-frame censored RBF,unsaturated_full_grid,2250,0.24374228886178617,0.1305490842588528,0.045162403107086524,0.6946692383675516,2.9219663571858003,1.0,11.42022041488589,0.06705099522204283
SpiralScanPath_3,Spiral,evaluation,4,target_15pct,0.15,293.5693748304214,295.09034972544174,1.5209748950203448,39.664730511256096,0.9895101910968439,0.15033986405437824,0.15913634546181527,advective posterior physics mean + sequential advective ST,deliberately_hidden_observable,291,0.5611018769498578,0.44021794390327484,-0.33071587415268955,0.32014237232264414,0.6840851285355951,1.0,2.6771369179698623,0.6366648720634288
SpiralScanPath_3,Spiral,evaluation,4,target_15pct,0.15,293.5693748304214,295.09034972544174,1.5209748950203448,39.664730511256096,0.9895101910968439,0.15033986405437824,0.15913634546181527,advective posterior physics mean + sequential advective ST,near_ceiling_unsaturated_1K,2104,0.16968275349418038,0.12080990970487968,0.08411179424282875,0.17105242888979078,0.6596631526797321,1.0,2.5753652459672236,0.18623613394422153
SpiralScanPath_3,Spiral,evaluation,4,target_15pct,0.15,293.5693748304214,295.09034972544174,1.5209748950203448,39.664730511256096,0.9895101910968439,0.15033986405437824,0.15913634546181527,advective posterior physics mean + sequential advective ST,observed_censored_full_grid,376,1.7066688177130473,0.9239650182660174,-0.7956817411687024,0.7464644149310302,0.689493070083034,0.848404255319149,2.69751183310311,1.3113597256310012
SpiralScanPath_3,Spiral,evaluation,4,target_15pct,0.15,293.5693748304214,295.09034972544174,1.5209748950203448,39.664730511256096,0.9895101910968439,0.15033986405437824,0.15913634546181527,advective posterior physics mean + sequential advective ST,overall,2501,0.6800843467892665,0.24191961571863066,-0.048136171383567954,0.25767417128579284,0.6641047499022947,0.9772091163534586,2.593669433594168,0.3561514733186575
SpiralScanPath_3,Spiral,evaluation,4,target_15pct,0.15,293.5693748304214,295.09034972544174,1.5209748950203448,39.664730511256096,0.9895101910968439,0.15033986405437824,0.15913634546181527,advective posterior physics mean + sequential advective ST,top_1pct,25,5.825462624327759,5.161160912341636,-4.642139452270787,4.755762529679014,0.7148981771729173,0.04,2.7977781373535278,7.210878212097632
SpiralScanPath_3,Spiral,evaluation,4,target_15pct,0.15,293.5693748304214,295.09034972544174,1.5209748950203448,39.664730511256096,0.9895101910968439,0.15033986405437824,0.15913634546181527,advective posterior physics mean + sequential advective ST,unsaturated_full_grid,2125,0.17021394582677837,0.12123769978554014,0.08413542119958996,0.1711870505278591,0.6596125106609029,1.0,2.575295437257527,0.18713580138009686
SpiralScanPath_3,Spiral,evaluation,4,target_15pct,0.15,293.5693748304214,295.09034972544174,1.5209748950203448,39.664730511256096,0.9895101910968439,0.15033986405437824,0.15913634546181527,single-frame censored RBF,deliberately_hidden_observable,291,0.6434550046085321,0.5905624652497777,-0.012323819953241036,0.39722087282569485,0.48180991632591663,0.9140893470790378,1.8814694980538509,1.2338157896910869
SpiralScanPath_3,Spiral,evaluation,4,target_15pct,0.15,293.5693748304214,295.09034972544174,1.5209748950203448,39.664730511256096,0.9895101910968439,0.15033986405437824,0.15913634546181527,single-frame censored RBF,near_ceiling_unsaturated_1K,2104,0.3210827341567932,0.23183411631352827,0.1735273773892924,0.6499651224942034,2.6967438730356226,1.0,10.534323984502905,0.11015135246887274
SpiralScanPath_3,Spiral,evaluation,4,target_15pct,0.15,293.5693748304214,295.09034972544174,1.5209748950203448,39.664730511256096,0.9895101910968439,0.15033986405437824,0.15913634546181527,single-frame censored RBF,observed_censored_full_grid,376,3.0063414366361823,1.1966881699852747,-0.745176640593112,0.9894817262473333,0.47560249717156233,0.7313829787234043,1.8558096067011531,2.5945448451123823
SpiralScanPath_3,Spiral,evaluation,4,target_15pct,0.15,293.5693748304214,295.09034972544174,1.5209748950203448,39.664730511256096,0.9895101910968439,0.15033986405437824,0.15913634546181527,single-frame censored RBF,overall,2501,1.2027267707387288,0.3771659720194743,0.03487256409198069,0.701052644548918,2.362647131745439,0.9596161535385845,9.228704657994887,0.48445552140383485
SpiralScanPath_3,Spiral,evaluation,4,target_15pct,0.15,293.5693748304214,295.09034972544174,1.5209748950203448,39.664730511256096,0.9895101910968439,0.15033986405437824,0.15913634546181527,single-frame censored RBF,top_1pct,25,11.177612108783746,7.514007246994417,-7.514007246994417,7.242225634108179,0.4799872205349559,0.0,1.8625414248950916,16.49389600910372
SpiralScanPath_3,Spiral,evaluation,4,target_15pct,0.15,293.5693748304214,295.09034972544174,1.5209748950203448,39.664730511256096,0.9895101910968439,0.15033986405437824,0.15913634546181527,single-frame censored RBF,unsaturated_full_grid,2125,0.3213972164798045,0.23215875016764337,0.17289538807390767,0.6500176635048691,2.696543029439452,1.0,10.533273382364978,0.11109383400881669
SpiralScanPath_3,Spiral,evaluation,5,target_20pct,0.2,293.4810768600913,295.09034972544174,1.6092728653504196,39.75302848158617,0.9917129475600445,0.20031987205117952,0.20511795281887246,advective posterior physics mean + sequential advective ST,deliberately_hidden_observable,416,0.5413431542427984,0.3964366070243267,-0.24307543650696536,0.30775694848744506,0.6764593713106252,0.9951923076923077,2.6483048407829077,0.5815345103048007
SpiralScanPath_3,Spiral,evaluation,5,target_20pct,0.2,293.4810768600913,295.09034972544174,1.6092728653504196,39.75302848158617,0.9917129475600445,0.20031987205117952,0.20511795281887246,advective posterior physics mean + sequential advective ST,near_ceiling_unsaturated_1K,1992,0.1795398155123601,0.12788720084174174,0.09000274726960514,0.17345857676838897,0.6616996860387868,1.0,2.5844621530341696,0.1958112928725247
SpiralScanPath_3,Spiral,evaluation,5,target_20pct,0.2,293.4810768600913,295.09034972544174,1.6092728653504196,39.75302848158617,0.9917129475600445,0.20031987205117952,0.20511795281887246,advective posterior physics mean + sequential advective ST,observed_censored_full_grid,501,1.5335027909390095,0.7866611751553583,-0.6268132289937386,0.649767670346358,0.6807436680332942,0.874251497005988,2.6637905008178753,1.130827806384148
SpiralScanPath_3,Spiral,evaluation,5,target_20pct,0.2,293.4810768600913,295.09034972544174,1.6092728653504196,39.75302848158617,0.9917129475600445,0.20031987205117952,0.20511795281887246,advective posterior physics mean + sequential advective ST,overall,2501,0.7048816954520329,0.2599068677474278,-0.05341440694045449,0.2688932997890133,0.6656043440985597,0.9748100759696121,2.6007134281530107,0.3831439545273291
SpiralScanPath_3,Spiral,evaluation,5,target_20pct,0.2,293.4810768600913,295.09034972544174,1.6092728653504196,39.75302848158617,0.9917129475600445,0.20031987205117952,0.20511795281887246,advective posterior physics mean + sequential advective ST,top_1pct,25,5.926508647785341,5.286023850521417,-4.768001192610311,4.892032488574075,0.7097829989369322,0.04,2.7650727001394646,7.434044086892339
SpiralScanPath_3,Spiral,evaluation,5,target_20pct,0.2,293.4810768600913,295.09034972544174,1.6092728653504196,39.75302848158617,0.9917129475600445,0.20031987205117952,0.20511795281887246,advective posterior physics mean + sequential advective ST,unsaturated_full_grid,2000,0.17954850868808564,0.12795491374174123,0.09022199798389317,0.17348426996439847,0.6618119434529087,1.0,2.5849126214504614,0.19584914963719596
SpiralScanPath_3,Spiral,evaluation,5,target_20pct,0.2,293.4810768600913,295.09034972544174,1.6092728653504196,39.75302848158617,0.9917129475600445,0.20031987205117952,0.20511795281887246,single-frame censored RBF,deliberately_hidden_observable,416,0.661984740709204,0.6124782425885081,0.04585927259760489,0.41351386690290914,0.4758715253637443,0.8557692307692307,1.8560186394088452,1.31392893213949
SpiralScanPath_3,Spiral,evaluation,5,target_20pct,0.2,293.4810768600913,295.09034972544174,1.6092728653504196,39.75302848158617,0.9917129475600445,0.20031987205117952,0.20511795281887246,single-frame censored RBF,near_ceiling_unsaturated_1K,1992,0.37398976085547364,0.3023729644137947,0.25624419132801973,0.5972357249323861,2.436969445462264,1.0,9.516561578207462,0.15087144958036156
SpiralScanPath_3,Spiral,evaluation,5,target_20pct,0.2,293.4810768600913,295.09034972544174,1.6092728653504196,39.75302848158617,0.9917129475600445,0.20031987205117952,0.20511795281887246,single-frame censored RBF,observed_censored_full_grid,501,2.662110538329318,1.0928424058004085,-0.5451602783793287,0.8869177307931081,0.46765845706234666,0.7125748502994012,1.82562892864401,2.465693544257741
SpiralScanPath_3,Spiral,evaluation,5,target_20pct,0.2,293.4810768600913,295.09034972544174,1.6092728653504196,39.75302848158617,0.9917129475600445,0.20031987205117952,0.20511795281887246,single-frame censored RBF,overall,2501,1.2374438156221728,0.460383245069546,0.09543903433739895,0.6555086272655668,2.0435736891747633,0.942423030787685,7.979875470978205,0.61442990029829
SpiralScanPath_3,Spiral,evaluation,5,target_20pct,0.2,293.4810768600913,295.09034972544174,1.6092728653504196,39.75302848158617,0.9917129475600445,0.20031987205117952,0.20511795281887246,single-frame censored RBF,top_1pct,25,11.284608998444526,7.70639374725393,-7.70639374725393,7.467700215928039,0.4205387579522251,0.0,1.6493005285681648,18.230811462216455
SpiralScanPath_3,Spiral,evaluation,5,target_20pct,0.2,293.4810768600913,295.09034972544174,1.6092728653504196,39.75302848158617,0.9917129475600445,0.20031987205117952,0.20511795281887246,single-frame censored RBF,unsaturated_full_grid,2000,0.3736282695343306,0.30195222530646504,0.25590916217293924,0.5975406468319178,2.4383404548189236,1.0,9.521514229832919,0.15068835748644763
SpiralScanPath_4,Spiral,evaluation,0,reference,0.03,295.3171456785458,295.3171456785458,0.0,34.809897005081325,0.941350231517415,0.03158736505397841,0.03198720511795282,advective posterior physics mean + sequential advective ST,deliberately_hidden_observable,0,,,,,,,,
SpiralScanPath_4,Spiral,evaluation,0,reference,0.03,295.3171456785458,295.3171456785458,0.0,34.809897005081325,0.941350231517415,0.03158736505397841,0.03198720511795282,advective posterior physics mean + sequential advective ST,near_ceiling_unsaturated_1K,152,0.9084850034474449,0.519200611331074,0.34464417894751126,0.39972003684305485,0.7893128404945707,0.9736842105263158,3.077946184153942,0.5164215272435309
SpiralScanPath_4,Spiral,evaluation,0,reference,0.03,295.3171456785458,295.3171456785458,0.0,34.809897005081325,0.941350231517415,0.03158736505397841,0.03198720511795282,advective posterior physics mean + sequential advective ST,observed_censored_full_grid,79,2.40346220597455,1.7531222003322144,0.7186914645562721,1.2485909865465568,1.4728597359405207,0.9240506329113924,5.746205899991345,1.0986090310757926
SpiralScanPath_4,Spiral,evaluation,0,reference,0.03,295.3171456785458,295.3171456785458,0.0,34.809897005081325,0.941350231517415,0.03158736505397841,0.03198720511795282,advective posterior physics mean + sequential advective ST,overall,2501,0.5019311208354184,0.1813496985775999,0.09206621076360912,0.214668738678771,0.6909962515867148,0.9960015993602559,2.6986215912819485,0.21419756450056396
SpiralScanPath_4,Spiral,evaluation,0,reference,0.03,295.3171456785458,295.3171456785458,0.0,34.809897005081325,0.941350231517415,0.03158736505397841,0.03198720511795282,advective posterior physics mean + sequential advective ST,top_1pct,25,3.3700467283578073,2.4734003714134154,-0.36841578769488253,1.8874019510537965,1.7430806268721863,0.8,6.811828044271415,1.4731638208580475
SpiralScanPath_4,Spiral,evaluation,0,reference,0.03,295.3171456785458,295.3171456785458,0.0,34.809897005081325,0.941350231517415,0.03158736505397841,0.03198720511795282,advective posterior physics mean + sequential advective ST,unsaturated_full_grid,2422,0.2678285656956843,0.13008213968469545,0.0716271541782993,0.18094460260050713,0.6654936854166278,0.9983484723369116,2.599216487901254,0.18535012194918368
SpiralScanPath_4,Spiral,evaluation,0,reference,0.03,295.3171456785458,295.3171456785458,0.0,34.809897005081325,0.941350231517415,0.03158736505397841,0.03198720511795282,single-frame censored RBF,deliberately_hidden_observable,0,,,,,,,,
SpiralScanPath_4,Spiral,evaluation,0,reference,0.03,295.3171456785458,295.3171456785458,0.0,34.809897005081325,0.941350231517415,0.03158736505397841,0.03198720511795282,single-frame censored RBF,near_ceiling_unsaturated_1K,152,1.5145497632710507,1.229244598566295,0.3916042152356925,0.9460525419957286,2.6288658457416543,0.9868421052631579,10.247472351684417,0.4998358950819791
SpiralScanPath_4,Spiral,evaluation,0,reference,0.03,295.3171456785458,295.3171456785458,0.0,34.809897005081325,0.941350231517415,0.03158736505397841,0.03198720511795282,single-frame censored RBF,observed_censored_full_grid,79,4.802590064672555,2.8351517041419148,0.741596722843136,2.079662960510615,1.760175504818295,0.7088607594936709,6.615456067638898,1.611812536382291
SpiralScanPath_4,Spiral,evaluation,0,reference,0.03,295.3171456785458,295.3171456785458,0.0,34.809897005081325,0.941350231517415,0.03158736505397841,0.03198720511795282,single-frame censored RBF,overall,2501,0.9556790711508841,0.2563620083641837,0.03660412127798157,0.7630441812217171,2.9204484407932023,0.9900039984006398,11.393300750602261,0.12729619006623077
SpiralScanPath_4,Spiral,evaluation,0,reference,0.03,295.3171456785458,295.3171456785458,0.0,34.809897005081325,0.941350231517415,0.03158736505397841,0.03198720511795282,single-frame censored RBF,top_1pct,25,7.6872837981967415,3.7634623636299693,-2.8521713772741712,3.276920190953145,1.8598771661853712,0.76,6.928098420096637,2.052655598221696
SpiralScanPath_4,Spiral,evaluation,0,reference,0.03,295.3171456785458,295.3171456785458,0.0,34.809897005081325,0.941350231517415,0.03158736505397841,0.03198720511795282,single-frame censored RBF,unsaturated_full_grid,2422,0.43679577275239617,0.17224789359686715,0.01360890429877133,0.7200991425909067,2.9582938420904843,0.9991742361684558,11.549142918213368,0.07887472377433616
SpiralScanPath_4,Spiral,evaluation,1,target_5pct,0.05,294.9692967151779,295.3171456785458,0.3478489633678805,35.157745968449206,0.9507569730010698,0.05037984806077569,0.0507796881247501,advective posterior physics mean + sequential advective ST,deliberately_hidden_observable,46,1.8822518366234284,1.4535085128346328,1.2837235122139916,1.008559458021401,1.2267028547640946,0.9130434782608695,4.819926149032843,1.0121353881990396
SpiralScanPath_4,Spiral,evaluation,1,target_5pct,0.05,294.9692967151779,295.3171456785458,0.3478489633678805,35.157745968449206,0.9507569730010698,0.05037984806077569,0.0507796881247501,advective posterior physics mean + sequential advective ST,near_ceiling_unsaturated_1K,141,1.0954115977887915,0.7259425806773209,0.5599257247038212,0.5224067120348775,0.8620544890591856,0.9787234042553191,3.3582778041091204,0.6862681308456519
SpiralScanPath_4,Spiral,evaluation,1,target_5pct,0.05,294.9692967151779,295.3171456785458,0.3478489633678805,35.157745968449206,0.9507569730010698,0.05037984806077569,0.0507796881247501,advective posterior physics mean + sequential advective ST,observed_censored_full_grid,126,2.4326554814636383,1.7697755242599198,0.9503844458188697,1.2671493876889688,1.4764780809035325,0.873015873015873,5.7957046157105445,1.1148431569913857
SpiralScanPath_4,Spiral,evaluation,1,target_5pct,0.05,294.9692967151779,295.3171456785458,0.3478489633678805,35.157745968449206,0.9507569730010698,0.05037984806077569,0.0507796881247501,advective posterior physics mean + sequential advective ST,overall,2501,0.6194238955479936,0.22092820890191878,0.12860746517182062,0.2411349376824272,0.7098941530008451,0.9924030387844862,2.77385240826276,0.23753667371781823
SpiralScanPath_4,Spiral,evaluation,1,target_5pct,0.05,294.9692967151779,295.3171456785458,0.3478489633678805,35.157745968449206,0.9507569730010698,0.05037984806077569,0.0507796881247501,advective posterior physics mean + sequential advective ST,top_1pct,25,3.8463374416980236,2.7502146061579014,-0.549489938251586,2.149565528781972,1.7993357372943444,0.68,7.001202622386784,1.5863440990492959
SpiralScanPath_4,Spiral,evaluation,1,target_5pct,0.05,294.9692967151779,295.3171456785458,0.3478489633678805,35.157745968449206,0.9507569730010698,0.05037984806077569,0.0507796881247501,advective posterior physics mean + sequential advective ST,unsaturated_full_grid,2375,0.3001432589692526,0.13875778290818905,0.08501003377749296,0.18670217107155385,0.6692248582994815,0.9987368421052631,2.613535196415004,0.1909932560788837
SpiralScanPath_4,Spiral,evaluation,1,target_5pct,0.05,294.9692967151779,295.3171456785458,0.3478489633678805,35.157745968449206,0.9507569730010698,0.05037984806077569,0.0507796881247501,single-frame censored RBF,deliberately_hidden_observable,46,1.955103633098363,1.8502470906051756,1.8502470906051756,1.1498042524229484,1.3084387315302988,0.7608695652173914,4.810809449150428,1.4061990558168418
SpiralScanPath_4,Spiral,evaluation,1,target_5pct,0.05,294.9692967151779,295.3171456785458,0.3478489633678805,35.157745968449206,0.9507569730010698,0.05037984806077569,0.0507796881247501,single-frame censored RBF,near_ceiling_unsaturated_1K,141,1.364449729966786,1.1132304181290267,0.9655844832571013,0.8386505859368197,2.2009816642301443,1.0,8.570692263621167,0.5635347622603571
SpiralScanPath_4,Spiral,evaluation,1,target_5pct,0.05,294.9692967151779,295.3171456785458,0.3478489633678805,35.157745968449206,0.9507569730010698,0.05037984806077569,0.0507796881247501,single-frame censored RBF,observed_censored_full_grid,126,4.109862636136062,2.1287486286980783,0.37733525523380723,1.5674613578515342,1.4105708335433516,0.8253968253968254,5.258849969232144,1.4717671511151502
SpiralScanPath_4,Spiral,evaluation,1,target_5pct,0.05,294.9692967151779,295.3171456785458,0.3478489633678805,35.157745968449206,0.9507569730010698,0.05037984806077569,0.0507796881247501,single-frame censored RBF,overall,2501,0.9934489410430442,0.25308859215573704,0.06207289997730313,0.7530429824385986,2.8518656935921927,0.991203518592563,11.124619566780945,0.14960370679179064
SpiralScanPath_4,Spiral,evaluation,1,target_5pct,0.05,294.9692967151779,295.3171456785458,0.3478489633678805,35.157745968449206,0.9507569730010698,0.05037984806077569,0.0507796881247501,single-frame censored RBF,top_1pct,25,8.576715561351984,4.498380817768784,-4.299979382464203,4.148474600998484,1.6314387950600533,0.64,6.154385375031434,2.7981788470820272
SpiralScanPath_4,Spiral,evaluation,1,target_5pct,0.05,294.9692967151779,295.3171456785458,0.3478489633678805,35.157745968449206,0.9507569730010698,0.05037984806077569,0.0507796881247501,single-frame censored RBF,unsaturated_full_grid,2375,0.3784047429718379,0.15357989126970129,0.0453474023931686,0.7098359444166912,2.928330178798994,1.0,11.435814080166693,0.07945945669295133
SpiralScanPath_4,Spiral,evaluation,2,target_7.5pct,0.075,294.6082531826162,295.3171456785458,0.7088924959296037,35.51878950101093,0.960520529983592,0.07516993202718912,0.07756897241103558,advective posterior physics mean + sequential advective ST,deliberately_hidden_observable,109,2.5627869673020975,2.2988592778222445,2.24311784854293,1.5683303881349167,1.513851754426528,0.8256880733944955,5.872757593138909,1.428026973993191
SpiralScanPath_4,Spiral,evaluation,2,target_7.5pct,0.075,294.6082531826162,295.3171456785458,0.7088924959296037,35.51878950101093,0.960520529983592,0.07516993202718912,0.07756897241103558,advective posterior physics mean + sequential advective ST,near_ceiling_unsaturated_1K,193,1.0350659115976526,0.5755919541088729,0.4713747982805546,0.44608140007463093,0.8279716900583836,0.9844559585492227,3.2365887936007436,0.51237671535159
SpiralScanPath_4,Spiral,evaluation,2,target_7.5pct,0.075,294.6082531826162,295.3171456785458,0.7088924959296037,35.51878950101093,0.960520529983592,0.07516993202718912,0.07756897241103558,advective posterior physics mean + sequential advective ST,observed_censored_full_grid,188,2.564442543360067,2.166013900353023,1.700168912145192,1.4944821931683718,1.5697602677357094,0.8563829787234043,6.1022372815155395,1.3179803661913205
SpiralScanPath_4,Spiral,evaluation,2,target_7.5pct,0.075,294.6082531826162,295.3171456785458,0.7088924959296037,35.51878950101093,0.960520529983592,0.07516993202718912,0.07756897241103558,advective posterior physics mean + sequential advective ST,overall,2501,0.7698715677965285,0.2922080724908889,0.2109834405692129,0.28656315007486866,0.7381481890809228,0.9880047980807677,2.8814893362843437,0.2728049133635881
SpiralScanPath_4,Spiral,evaluation,2,target_7.5pct,0.075,294.6082531826162,295.3171456785458,0.7088924959296037,35.51878950101093,0.960520529983592,0.07516993202718912,0.07756897241103558,advective posterior physics mean + sequential advective ST,top_1pct,25,3.5040423750195773,2.452471630872833,-0.5547894056544146,1.9171404564322387,1.7713189059597239,0.72,6.8904787619542756,1.382432877955123
SpiralScanPath_4,Spiral,evaluation,2,target_7.5pct,0.075,294.6082531826162,295.3171456785458,0.7088924959296037,35.51878950101093,0.960520529983592,0.07516993202718912,0.07756897241103558,advective posterior physics mean + sequential advective ST,unsaturated_full_grid,2313,0.3261161316469014,0.13990565327857538,0.08994285749256609,0.18838382447972007,0.6705549894323714,0.9987029831387808,2.6197078344670217,0.18785334175458945
SpiralScanPath_4,Spiral,evaluation,2,target_7.5pct,0.075,294.6082531826162,295.3171456785458,0.7088924959296037,35.51878950101093,0.960520529983592,0.07516993202718912,0.07756897241103558,single-frame censored RBF,deliberately_hidden_observable,109,2.255426641354375,2.165314769119852,2.165314769119852,1.345033111764424,1.5456118898327142,0.7431192660550459,5.734977279031294,1.4217947635943164
SpiralScanPath_4,Spiral,evaluation,2,target_7.5pct,0.075,294.6082531826162,295.3171456785458,0.7088924959296037,35.51878950101093,0.960520529983592,0.07516993202718912,0.07756897241103558,single-frame censored RBF,near_ceiling_unsaturated_1K,193,1.0290538499993074,0.6353321263972124,0.5204076857431899,0.8051427141439091,2.6444122501171465,0.9844559585492227,10.315165971857807,0.3261444673810752
SpiralScanPath_4,Spiral,evaluation,2,target_7.5pct,0.075,294.6082531826162,295.3171456785458,0.7088924959296037,35.51878950101093,0.960520529983592,0.07516993202718912,0.07756897241103558,single-frame censored RBF,observed_censored_full_grid,188,3.691263136740856,2.2806103376383375,1.0664310556384289,1.5850635887526212,1.5754217261446417,0.8031914893617021,5.856384793169759,1.520664519110644
SpiralScanPath_4,Spiral,evaluation,2,target_7.5pct,0.075,294.6082531826162,295.3171456785458,0.7088924959296037,35.51878950101093,0.960520529983592,0.07516993202718912,0.07756897241103558,single-frame censored RBF,overall,2501,1.0618368888964451,0.2927861862627072,0.10851330966613809,0.7741141275202417,2.8394569184038714,0.9840063974410236,11.067355540493267,0.1789148414119377
SpiralScanPath_4,Spiral,evaluation,2,target_7.5pct,0.075,294.6082531826162,295.3171456785458,0.7088924959296037,35.51878950101093,0.960520529983592,0.07516993202718912,0.07756897241103558,single-frame censored RBF,top_1pct,25,8.632661526200117,4.601192142628056,-4.489964848982481,4.223528901908607,1.6008271377537262,0.64,6.035478399752431,3.357703339402564
SpiralScanPath_4,Spiral,evaluation,2,target_7.5pct,0.075,294.6082531826162,295.3171456785458,0.7088924959296037,35.51878950101093,0.960520529983592,0.07516993202718912,0.07756897241103558,single-frame censored RBF,unsaturated_full_grid,2313,0.3341700379137057,0.13121638926373683,0.030654020326410177,0.7082003796985005,2.9421973490760442,0.9987029831387808,11.49090180097611,0.06985779886660398
SpiralScanPath_4,Spiral,evaluation,3,target_10pct,0.1,294.0975421718707,295.3171456785458,1.219603506675071,36.029500511756396,0.9743314851878997,0.10035985605757697,0.09996001599360256,advective posterior physics mean + sequential advective ST,deliberately_hidden_observable,171,2.7690241473652324,2.6002219445565684,2.5669005155348574,1.7717311778624256,1.6653614943875548,0.8888888888888888,6.50944262087174,1.501930347535881
SpiralScanPath_4,Spiral,evaluation,3,target_10pct,0.1,294.0975421718707,295.3171456785458,1.219603506675071,36.029500511756396,0.9743314851878997,0.10035985605757697,0.09996001599360256,advective posterior physics mean + sequential advective ST,near_ceiling_unsaturated_1K,1399,0.3052335860684772,0.13318205401629057,0.0880973829348766,0.18468764452518432,0.6703214740967531,0.9992852037169406,2.6209205820619923,0.18182843386384134
SpiralScanPath_4,Spiral,evaluation,3,target_10pct,0.1,294.0975421718707,295.3171456785458,1.219603506675071,36.029500511756396,0.9743314851878997,0.10035985605757697,0.09996001599360256,advective posterior physics mean + sequential advective ST,observed_censored_full_grid,251,2.676298525818853,2.408394100473821,2.007751718815108,1.6474939547268366,1.67915117949254,0.8924302788844621,6.55636153685173,1.39654060675497
SpiralScanPath_4,Spiral,evaluation,3,target_10pct,0.1,294.0975421718707,295.3171456785458,1.219603506675071,36.029500511756396,0.9743314851878997,0.10035985605757697,0.09996001599360256,advective posterior physics mean + sequential advective ST,overall,2501,0.8815248038926279,0.3496812472481869,0.26733522839705764,0.3243543188192887,0.7653559653770388,0.9888044782087165,2.9906181582545006,0.2954445172225717
SpiralScanPath_4,Spiral,evaluation,3,target_10pct,0.1,294.0975421718707,295.3171456785458,1.219603506675071,36.029500511756396,0.9743314851878997,0.10035985605757697,0.09996001599360256,advective posterior physics mean + sequential advective ST,top_1pct,25,3.339523134757909,2.492383774591333,-1.2230560697618535,1.9288893960748101,1.6539435132530673,0.72,6.4025535555906705,1.5185257750266807
SpiralScanPath_4,Spiral,evaluation,3,target_10pct,0.1,294.0975421718707,295.3171456785458,1.219603506675071,36.029500511756396,0.9743314851878997,0.10035985605757697,0.09996001599360256,advective posterior physics mean + sequential advective ST,unsaturated_full_grid,2250,0.2544589135578788,0.12002039117723838,0.07318209991042181,0.17675074165804674,0.6634170326023762,0.9995555555555555,2.5928396746865428,0.17261113123473532
SpiralScanPath_4,Spiral,evaluation,3,target_10pct,0.1,294.0975421718707,295.3171456785458,1.219603506675071,36.029500511756396,0.9743314851878997,0.10035985605757697,0.09996001599360256,single-frame censored RBF,deliberately_hidden_observable,171,1.0517230955298542,0.9768753118733324,0.9763239383825973,0.5420591337652003,1.1251471599233571,0.9824561403508771,4.331066680757182,0.8738308470036189
SpiralScanPath_4,Spiral,evaluation,3,target_10pct,0.1,294.0975421718707,295.3171456785458,1.219603506675071,36.029500511756396,0.9743314851878997,0.10035985605757697,0.09996001599360256,single-frame censored RBF,near_ceiling_unsaturated_1K,1399,0.2758117347681799,0.12998442000402488,0.03652234091826535,0.7013841032107868,2.9390825684337547,1.0,11.479286965219282,0.06478252768693299
SpiralScanPath_4,Spiral,evaluation,3,target_10pct,0.1,294.0975421718707,295.3171456785458,1.219603506675071,36.029500511756396,0.9743314851878997,0.10035985605757697,0.09996001599360256,single-frame censored RBF,observed_censored_full_grid,251,3.0939091559943166,1.3638600340189644,0.08454471752053862,0.9841179604393532,1.1151437240303623,0.9322709163346613,4.2887555324372135,1.255636962336756
SpiralScanPath_4,Spiral,evaluation,3,target_10pct,0.1,294.0975421718707,295.3171456785458,1.219603506675071,36.029500511756396,0.9743314851878997,0.10035985605757697,0.09996001599360256,single-frame censored RBF,overall,2501,1.0061932839004903,0.23935087778880154,0.02077842294704935,0.7262886035725014,2.753521272937141,0.9932027189124351,10.750284168880256,0.18092192996636308
SpiralScanPath_4,Spiral,evaluation,3,target_10pct,0.1,294.0975421718707,295.3171456785458,1.219603506675071,36.029500511756396,0.9743314851878997,0.10035985605757697,0.09996001599360256,single-frame censored RBF,top_1pct,25,9.360417771688518,5.841544323996463,-5.841544323996463,5.298851576451143,1.087711367286893,0.44,4.134106516850291,5.5370589471212455
SpiralScanPath_4,Spiral,evaluation,3,target_10pct,0.1,294.0975421718707,295.3171456785458,1.219603506675071,36.029500511756396,0.9743314851878997,0.10035985605757697,0.09996001599360256,single-frame censored RBF,unsaturated_full_grid,2250,0.2398462434225422,0.11390563413823669,0.013664938530184549,0.6975263064286881,2.936291390615186,1.0,11.471103585656794,0.06103149746637699
SpiralScanPath_4,Spiral,evaluation,4,target_15pct,0.15,293.6170569605893,295.3171456785458,1.7000887179564756,36.5099857230378,0.9873250560914395,0.15033986405437824,0.15033986405437824,advective posterior physics mean + sequential advective ST,deliberately_hidden_observable,296,0.6526509138129958,0.5157652952768952,-0.46033130597178445,0.37098847547737057,0.6932438729567909,0.9864864864864865,2.713300384409736,0.7338621447494035
SpiralScanPath_4,Spiral,evaluation,4,target_15pct,0.15,293.6170569605893,295.3171456785458,1.7000887179564756,36.5099857230378,0.9873250560914395,0.15033986405437824,0.15033986405437824,advective posterior physics mean + sequential advective ST,near_ceiling_unsaturated_1K,2103,0.14256456715601082,0.10338305342860253,0.058337044275111244,0.16595311636132212,0.6576436207212998,1.0,2.568576969100329,0.16198345348413984
SpiralScanPath_4,Spiral,evaluation,4,target_15pct,0.15,293.6170569605893,295.3171456785458,1.7000887179564756,36.5099857230378,0.9873250560914395,0.15033986405437824,0.15033986405437824,advective posterior physics mean + sequential advective ST,observed_censored_full_grid,376,1.7660364652972098,1.0123776057897769,-0.9323681528279366,0.8176041300462931,0.696906286379092,0.8191489361702128,2.7254844622207983,1.4288171535928358
SpiralScanPath_4,Spiral,evaluation,4,target_15pct,0.15,293.6170569605893,295.3171456785458,1.7000887179564756,36.5099857230378,0.9873250560914395,0.15033986405437824,0.15033986405437824,advective posterior physics mean + sequential advective ST,overall,2501,0.6972697594861095,0.23995882262884022,-0.09103293372396978,0.2639343732234638,0.6634007666714263,0.9728108756497401,2.5916726387250337,0.3524809263348334
SpiralScanPath_4,Spiral,evaluation,4,target_15pct,0.15,293.6170569605893,295.3171456785458,1.7000887179564756,36.5099857230378,0.9873250560914395,0.15033986405437824,0.15033986405437824,advective posterior physics mean + sequential advective ST,top_1pct,25,5.847904082669764,5.2541695123324645,-4.707165773158899,4.855145864276004,0.7182157515914274,0.04,2.8023112652541524,7.32608372405341
SpiralScanPath_4,Spiral,evaluation,4,target_15pct,0.15,293.6170569605893,295.3171456785458,1.7000887179564756,36.5099857230378,0.9873250560914395,0.15033986405437824,0.15033986405437824,advective posterior physics mean + sequential advective ST,unsaturated_full_grid,2125,0.14266092299860253,0.10328613440836387,0.057833909750426224,0.1659673950750479,0.6574722605960934,1.0,2.5679958172500177,0.16203272800588805
SpiralScanPath_4,Spiral,evaluation,4,target_15pct,0.15,293.6170569605893,295.3171456785458,1.7000887179564756,36.5099857230378,0.9873250560914395,0.15033986405437824,0.15033986405437824,single-frame censored RBF,deliberately_hidden_observable,296,0.7508565361239248,0.6824788212197661,-0.19769677035385577,0.48162466993205455,0.48005125861644277,0.777027027027027,1.8711774315898082,1.4501278580070789
SpiralScanPath_4,Spiral,evaluation,4,target_15pct,0.15,293.6170569605893,295.3171456785458,1.7000887179564756,36.5099857230378,0.9873250560914395,0.15033986405437824,0.15033986405437824,single-frame censored RBF,near_ceiling_unsaturated_1K,2103,0.31164800065368975,0.21778983793339463,0.14131025636832006,0.6502195829260232,2.7028361625385204,1.0,10.557190518896798,0.10698180611652164
SpiralScanPath_4,Spiral,evaluation,4,target_15pct,0.15,293.6170569605893,295.3171456785458,1.7000887179564756,36.5099857230378,0.9873250560914395,0.15033986405437824,0.15033986405437824,single-frame censored RBF,observed_censored_full_grid,376,2.915535238264241,1.308237333168226,-0.9224939419307046,1.0950023227412815,0.4762214036333465,0.6276595744680851,1.8563325785126887,2.844466826585504
SpiralScanPath_4,Spiral,evaluation,4,target_15pct,0.15,293.6170569605893,295.3171456785458,1.7000887179564756,36.5099857230378,0.9873250560914395,0.15033986405437824,0.15033986405437824,single-frame censored RBF,overall,2501,1.1663094503451894,0.38154854559075235,-0.019291217209164668,0.717259879337261,2.368732482868484,0.9440223910435825,9.25194795632707,0.5187138260170403
SpiralScanPath_4,Spiral,evaluation,4,target_15pct,0.15,293.6170569605893,295.3171456785458,1.7000887179564756,36.5099857230378,0.9873250560914395,0.15033986405437824,0.15033986405437824,single-frame censored RBF,top_1pct,25,10.651368366416284,7.691908589307061,-7.691908589307061,7.4354299476833114,0.4517479112835142,0.0,1.7626740673561607,17.092498158313894
SpiralScanPath_4,Spiral,evaluation,4,target_15pct,0.15,293.6170569605893,295.3171456785458,1.7000887179564756,36.5099857230378,0.9873250560914395,0.15033986405437824,0.15033986405437824,single-frame censored RBF,unsaturated_full_grid,2125,0.31129680925365477,0.21757914129469116,0.14052253549450544,0.650421686998479,2.703595619711972,1.0,10.560536842001522,0.10719235391645555
SpiralScanPath_4,Spiral,evaluation,5,target_20pct,0.2,293.49912122276544,295.3171456785458,1.8180244557803462,36.62792146086167,0.9905143454503961,0.20031987205117952,0.1951219512195122,advective posterior physics mean + sequential advective ST,deliberately_hidden_observable,421,0.6497080415939986,0.47186857674149624,-0.35846753335527864,0.36362301972274524,0.6881694681620212,0.9762470308788599,2.6885907376910843,0.6795129778250907
SpiralScanPath_4,Spiral,evaluation,5,target_20pct,0.2,293.49912122276544,295.3171456785458,1.8180244557803462,36.62792146086167,0.9905143454503961,0.20031987205117952,0.1951219512195122,advective posterior physics mean + sequential advective ST,near_ceiling_unsaturated_1K,1990,0.15432717576370522,0.10961066397180587,0.06492637296481489,0.16812299169545256,0.658466375873626,1.0,2.573186220619469,0.17032369874290923
SpiralScanPath_4,Spiral,evaluation,5,target_20pct,0.2,293.49912122276544,295.3171456785458,1.8180244557803462,36.62792146086167,0.9905143454503961,0.20031987205117952,0.1951219512195122,advective posterior physics mean + sequential advective ST,observed_censored_full_grid,501,1.6113580137184793,0.8765104308337673,-0.7544111860958859,0.7245958172049323,0.6908147452018054,0.844311377245509,2.6996594639535827,1.2513374714179515
SpiralScanPath_4,Spiral,evaluation,5,target_20pct,0.2,293.49912122276544,295.3171456785458,1.8180244557803462,36.62792146086167,0.9905143454503961,0.20031987205117952,0.1951219512195122,advective posterior physics mean + sequential advective ST,overall,2501,0.7343318698487238,0.263222559594597,-0.09948718346594053,0.2796402093905556,0.6648401298320803,0.968812475009996,2.5979695012444055,0.3870445277889367
SpiralScanPath_4,Spiral,evaluation,5,target_20pct,0.2,293.49912122276544,295.3171456785458,1.8180244557803462,36.62792146086167,0.9905143454503961,0.20031987205117952,0.1951219512195122,advective posterior physics mean + sequential advective ST,top_1pct,25,5.998807216522022,5.409995460446678,-4.889925215389178,5.014911773326713,0.7112193632398509,0.04,2.794178868799197,7.619741354547581
SpiralScanPath_4,Spiral,evaluation,5,target_20pct,0.2,293.49912122276544,295.3171456785458,1.8180244557803462,36.62792146086167,0.9905143454503961,0.20031987205117952,0.1951219512195122,advective posterior physics mean + sequential advective ST,unsaturated_full_grid,2000,0.1546183723690799,0.10959394784918479,0.06457127919286078,0.1681788296330543,0.6583334886819642,1.0,2.5724961655857563,0.17053914540986856
SpiralScanPath_4,Spiral,evaluation,5,target_20pct,0.2,293.49912122276544,295.3171456785458,1.8180244557803462,36.62792146086167,0.9905143454503961,0.20031987205117952,0.1951219512195122,single-frame censored RBF,deliberately_hidden_observable,421,0.7663022885828309,0.6936291914432346,-0.10035249749797819,0.4909229736231953,0.4709224635726343,0.7078384798099763,1.8397333597705845,1.5131847197302428
SpiralScanPath_4,Spiral,evaluation,5,target_20pct,0.2,293.49912122276544,295.3171456785458,1.8180244557803462,36.62792146086167,0.9905143454503961,0.20031987205117952,0.1951219512195122,single-frame censored RBF,near_ceiling_unsaturated_1K,1990,0.34286991045768983,0.26999032047117005,0.21791647647312587,0.5940880671735782,2.4397104693550324,1.0,9.526720667158115,0.1389300094523043
SpiralScanPath_4,Spiral,evaluation,5,target_20pct,0.2,293.49912122276544,295.3171456785458,1.8180244557803462,36.62792146086167,0.9905143454503961,0.20031987205117952,0.1951219512195122,single-frame censored RBF,observed_censored_full_grid,501,2.593512924070172,1.1907948823819594,-0.6895493391948482,0.9820337039012645,0.4638431133735147,0.5968063872255489,1.812108500790838,2.6997446879356475
SpiralScanPath_4,Spiral,evaluation,5,target_20pct,0.2,293.49912122276544,295.3171456785458,1.8180244557803462,36.62792146086167,0.9905143454503961,0.20031987205117952,0.1951219512195122,single-frame censored RBF,overall,2501,1.2006436890645826,0.45462250096005674,0.03566558230573955,0.6719970472250401,2.044264870196457,0.9192323070771692,7.983074064125505,0.6522980372821237
SpiralScanPath_4,Spiral,evaluation,5,target_20pct,0.2,293.49912122276544,295.3171456785458,1.8180244557803462,36.62792146086167,0.9905143454503961,0.20031987205117952,0.1951219512195122,single-frame censored RBF,top_1pct,25,10.755754043677866,7.87006702519234,-7.87006702519234,7.628504401613492,0.42704445912848543,0.0,1.6802936920770843,18.465964165262427
SpiralScanPath_4,Spiral,evaluation,5,target_20pct,0.2,293.49912122276544,295.3171456785458,1.8180244557803462,36.62792146086167,0.9905143454503961,0.20031987205117952,0.1951219512195122,single-frame censored RBF,unsaturated_full_grid,2000,0.34309165141969733,0.2702113194138702,0.21733192014163677,0.5943328647276458,2.4401605202806045,1.0,9.52890093774084,0.13941265129341593
SpiralScanPath_5,Spiral,evaluation,0,reference,0.03,295.5160834229293,295.5160834229293,0.0,30.628535678257776,0.9282468828027937,0.032387045181927226,0.03358656537385046,advective posterior physics mean + sequential advective ST,deliberately_hidden_observable,0,,,,,,,,
SpiralScanPath_5,Spiral,evaluation,0,reference,0.03,295.5160834229293,295.5160834229293,0.0,30.628535678257776,0.9282468828027937,0.032387045181927226,0.03358656537385046,advective posterior physics mean + sequential advective ST,near_ceiling_unsaturated_1K,159,0.945156883520313,0.5549847916643242,0.29737997006154104,0.41983506277605726,0.7977100381298365,0.9748427672955975,3.1211707470838315,0.5602087417031355
SpiralScanPath_5,Spiral,evaluation,0,reference,0.03,295.5160834229293,295.5160834229293,0.0,30.628535678257776,0.9282468828027937,0.032387045181927226,0.03358656537385046,advective posterior physics mean + sequential advective ST,observed_censored_full_grid,81,2.8518456899351694,2.200887513950887,1.0622137830720277,1.5904995329228642,1.5277987815970036,0.8024691358024691,5.957782979526733,1.3771736388974538
SpiralScanPath_5,Spiral,evaluation,0,reference,0.03,295.5160834229293,295.5160834229293,0.0,30.628535678257776,0.9282468828027937,0.032387045181927226,0.03358656537385046,advective posterior physics mean + sequential advective ST,overall,2501,0.5847861588801503,0.2087035971432643,0.10746073780759072,0.2303747430660061,0.6941497001055511,0.9920031987205118,2.7128209322758114,0.24083836465562453
SpiralScanPath_5,Spiral,evaluation,0,reference,0.03,295.5160834229293,295.5160834229293,0.0,30.628535678257776,0.9282468828027937,0.032387045181927226,0.03358656537385046,advective posterior physics mean + sequential advective ST,top_1pct,25,3.6633069465194645,2.5367391507294927,-0.690446134269298,2.0259779102378817,1.6583144219577866,0.68,6.473314533823159,1.5818477849180985
SpiralScanPath_5,Spiral,evaluation,0,reference,0.03,295.5160834229293,295.5160834229293,0.0,30.628535678257776,0.9282468828027937,0.032387045181927226,0.03358656537385046,advective posterior physics mean + sequential advective ST,unsaturated_full_grid,2420,0.28495626235418087,0.14202306108482735,0.07550412761485543,0.1848499050584005,0.6662465696919943,0.9983471074380166,2.604208566231463,0.20280400217067074
SpiralScanPath_5,Spiral,evaluation,0,reference,0.03,295.5160834229293,295.5160834229293,0.0,30.628535678257776,0.9282468828027937,0.032387045181927226,0.03358656537385046,single-frame censored RBF,deliberately_hidden_observable,0,,,,,,,,
SpiralScanPath_5,Spiral,evaluation,0,reference,0.03,295.5160834229293,295.5160834229293,0.0,30.628535678257776,0.9282468828027937,0.032387045181927226,0.03358656537385046,single-frame censored RBF,near_ceiling_unsaturated_1K,159,1.4199818215401778,1.2393827345775432,0.07358708037462013,0.9248843783600006,2.7623918676538937,1.0,10.765244083319434,0.4646962687678719
SpiralScanPath_5,Spiral,evaluation,0,reference,0.03,295.5160834229293,295.5160834229293,0.0,30.628535678257776,0.9282468828027937,0.032387045181927226,0.03358656537385046,single-frame censored RBF,observed_censored_full_grid,81,4.976620459702436,3.0453295082919842,0.9162782022896679,2.2206684045180873,1.847933907099584,0.7407407407407407,7.034943751478157,1.5849026752029387
SpiralScanPath_5,Spiral,evaluation,0,reference,0.03,295.5160834229293,295.5160834229293,0.0,30.628535678257776,0.9282468828027937,0.032387045181927226,0.03358656537385046,single-frame censored RBF,overall,2501,0.9834805874434835,0.26822088671753036,0.02165735583497851,0.7674844879949396,2.931372404080597,0.9916033586565374,11.444681139830596,0.1266289891720351
SpiralScanPath_5,Spiral,evaluation,0,reference,0.03,295.5160834229293,295.5160834229293,0.0,30.628535678257776,0.9282468828027937,0.032387045181927226,0.03358656537385046,single-frame censored RBF,top_1pct,25,7.954822875713472,3.905231262603272,-2.992894968844232,3.3996370415816797,1.8474504484551952,0.84,7.069413071056481,1.9161710659056659
SpiralScanPath_5,Spiral,evaluation,0,reference,0.03,295.5160834229293,295.5160834229293,0.0,30.628535678257776,0.9282468828027937,0.032387045181927226,0.03358656537385046,single-frame censored RBF,unsaturated_full_grid,2420,0.4130843227143219,0.17526807748301354,-0.00828656505875283,0.7188448610369335,2.967636254599383,1.0,11.592279787953137,0.07781900216025694
SpiralScanPath_5,Spiral,evaluation,1,target_5pct,0.05,295.2163230791929,295.5160834229293,0.29976034373640914,30.928296021994186,0.9373316006484051,0.05037984806077569,0.04878048780487805,advective posterior physics mean + sequential advective ST,deliberately_hidden_observable,44,2.0906983516857975,1.607065922850685,1.4919858401220514,1.1352910697460663,1.1743146635460708,0.8409090909090909,4.551540233377634,1.1468461748099803
SpiralScanPath_5,Spiral,evaluation,1,target_5pct,0.05,295.2163230791929,295.5160834229293,0.29976034373640914,30.928296021994186,0.9373316006484051,0.05037984806077569,0.04878048780487805,advective posterior physics mean + sequential advective ST,near_ceiling_unsaturated_1K,131,1.051281436647323,0.6681673562292992,0.43567342736949116,0.4820818924771473,0.85367820964479,0.9770992366412213,3.3261782470200942,0.6304867646901909
SpiralScanPath_5,Spiral,evaluation,1,target_5pct,0.05,295.2163230791929,295.5160834229293,0.29976034373640914,30.928296021994186,0.9373316006484051,0.05037984806077569,0.04878048780487805,advective posterior physics mean + sequential advective ST,observed_censored_full_grid,126,2.5510393070097117,2.0131604544179202,1.4339910338899948,1.4421894302406624,1.4598744210359305,0.8095238095238095,5.708065949249476,1.276298988446088
SpiralScanPath_5,Spiral,evaluation,1,target_5pct,0.05,295.2163230791929,295.5160834229293,0.29976034373640914,30.928296021994186,0.9373316006484051,0.05037984806077569,0.04878048780487805,advective posterior physics mean + sequential advective ST,overall,2501,0.6375086556056904,0.23602988367484226,0.1483728567808087,0.24835671391853797,0.7075995527326493,0.989204318272691,2.7649056019884815,0.25428909075002293
SpiralScanPath_5,Spiral,evaluation,1,target_5pct,0.05,295.2163230791929,295.5160834229293,0.29976034373640914,30.928296021994186,0.9373316006484051,0.05037984806077569,0.04878048780487805,advective posterior physics mean + sequential advective ST,top_1pct,25,3.2683268040236055,2.1646057446919578,-0.1813296148275549,1.7381030084964286,1.7111456031076293,0.8,6.689183197276329,1.2621232957409503
SpiralScanPath_5,Spiral,evaluation,1,target_5pct,0.05,295.2163230791929,295.5160834229293,0.29976034373640914,30.928296021994186,0.9373316006484051,0.05037984806077569,0.04878048780487805,advective posterior physics mean + sequential advective ST,unsaturated_full_grid,2375,0.28761570664374325,0.1417484302375253,0.08016742927943714,0.1850207466526063,0.6676893912984541,0.9987368421052631,2.608763200407477,0.20006877617751595
SpiralScanPath_5,Spiral,evaluation,1,target_5pct,0.05,295.2163230791929,295.5160834229293,0.29976034373640914,30.928296021994186,0.9373316006484051,0.05037984806077569,0.04878048780487805,single-frame censored RBF,deliberately_hidden_observable,44,2.7907692273195264,2.687679901850775,2.687679901850775,1.7730683613247877,1.6546298869658294,0.45454545454545453,6.0473967852659225,1.6380532774971457
SpiralScanPath_5,Spiral,evaluation,1,target_5pct,0.05,295.2163230791929,295.5160834229293,0.29976034373640914,30.928296021994186,0.9373316006484051,0.05037984806077569,0.04878048780487805,single-frame censored RBF,near_ceiling_unsaturated_1K,131,1.8165611476109462,1.5048783239570156,1.4485836975135757,1.0581468656387143,2.3390850948955837,0.9541984732824428,9.084574457466097,0.6871615735866522
SpiralScanPath_5,Spiral,evaluation,1,target_5pct,0.05,295.2163230791929,295.5160834229293,0.29976034373640914,30.928296021994186,0.9373316006484051,0.05037984806077569,0.04878048780487805,single-frame censored RBF,observed_censored_full_grid,126,4.481376979399693,2.790463004748228,1.2654155761528754,2.0287163396746424,1.6812141586410851,0.6587301587301587,6.161145796628369,1.7982626227895255
SpiralScanPath_5,Spiral,evaluation,1,target_5pct,0.05,295.2163230791929,295.5160834229293,0.29976034373640914,30.928296021994186,0.9373316006484051,0.05037984806077569,0.04878048780487805,single-frame censored RBF,overall,2501,1.1109039046407072,0.31461474005844764,0.13855144974919348,0.7901336049853189,2.8761530316881356,0.9804078368652539,11.211604893137519,0.1748689488693337
SpiralScanPath_5,Spiral,evaluation,1,target_5pct,0.05,295.2163230791929,295.5160834229293,0.29976034373640914,30.928296021994186,0.9373316006484051,0.05037984806077569,0.04878048780487805,single-frame censored RBF,top_1pct,25,8.626388499246104,4.234795705691986,-3.451443334428591,3.8896835367478566,1.7113359218116824,0.72,6.277609477362457,3.1647840312178306
SpiralScanPath_5,Spiral,evaluation,1,target_5pct,0.05,295.2163230791929,295.5160834229293,0.29976034373640914,30.928296021994186,0.9373316006484051,0.05037984806077569,0.04878048780487805,single-frame censored RBF,unsaturated_full_grid,2375,0.48387803042636635,0.18326447422648456,0.07876834241156656,0.7244235314818012,2.939547683479263,0.9974736842105263,11.479545038889162,0.08874364237925197
SpiralScanPath_5,Spiral,evaluation,2,target_7.5pct,0.075,294.9057944632607,295.5160834229293,0.6102889596685941,31.23882463792637,0.9467426682485037,0.07516993202718912,0.0743702518992403,advective posterior physics mean + sequential advective ST,deliberately_hidden_observable,107,1.835503119806154,1.5898425427788825,1.5010632544117326,1.0791658097783263,1.2406412231323936,0.9065420560747663,4.850003178533477,1.203437563260582
SpiralScanPath_5,Spiral,evaluation,2,target_7.5pct,0.075,294.9057944632607,295.5160834229293,0.6102889596685941,31.23882463792637,0.9467426682485037,0.07516993202718912,0.0743702518992403,advective posterior physics mean + sequential advective ST,near_ceiling_unsaturated_1K,99,1.1667543439518606,0.799249172583922,0.5907390176793936,0.5635845124435142,0.9256490836271766,0.9595959595959596,3.6185394841889686,0.7136212896424295
SpiralScanPath_5,Spiral,evaluation,2,target_7.5pct,0.075,294.9057944632607,295.5160834229293,0.6102889596685941,31.23882463792637,0.9467426682485037,0.07516993202718912,0.0743702518992403,advective posterior physics mean + sequential advective ST,observed_censored_full_grid,188,2.1115337501200235,1.716217970054393,1.1256131724395304,1.190082509680465,1.3385241941311579,0.8829787234042553,5.214951249588427,1.2224945452857932
SpiralScanPath_5,Spiral,evaluation,2,target_7.5pct,0.075,294.9057944632607,295.5160834229293,0.6102889596685941,31.23882463792637,0.9467426682485037,0.07516993202718912,0.0743702518992403,advective posterior physics mean + sequential advective ST,overall,2501,0.6393761833960317,0.2576284550723145,0.1621806240563967,0.25979069029180146,0.718422153774193,0.9896041583366654,2.8067400450059887,0.2732519111185258
SpiralScanPath_5,Spiral,evaluation,2,target_7.5pct,0.075,294.9057944632607,295.5160834229293,0.6102889596685941,31.23882463792637,0.9467426682485037,0.07516993202718912,0.0743702518992403,advective posterior physics mean + sequential advective ST,top_1pct,25,3.4126541923221065,2.335837121078921,-1.243191299597902,1.882329225839638,1.4843925050394549,0.64,5.796541922573911,1.49705069251302
SpiralScanPath_5,Spiral,evaluation,2,target_7.5pct,0.075,294.9057944632607,295.5160834229293,0.6102889596685941,31.23882463792637,0.9467426682485037,0.07516993202718912,0.0743702518992403,advective posterior physics mean + sequential advective ST,unsaturated_full_grid,2313,0.2822011432558846,0.1390747028818127,0.08387309310264437,0.18417682862078164,0.6680204315143101,0.9982706441850411,2.611001304642176,0.19609773246593337
SpiralScanPath_5,Spiral,evaluation,2,target_7.5pct,0.075,294.9057944632607,295.5160834229293,0.6102889596685941,31.23882463792637,0.9467426682485037,0.07516993202718912,0.0743702518992403,single-frame censored RBF,deliberately_hidden_observable,107,1.7215535846081074,1.6485718692885365,1.6485718692885365,1.059938130935792,1.119789130348149,0.7663551401869159,4.266191799298959,1.4809164042624532
SpiralScanPath_5,Spiral,evaluation,2,target_7.5pct,0.075,294.9057944632607,295.5160834229293,0.6102889596685941,31.23882463792637,0.9467426682485037,0.07516993202718912,0.0743702518992403,single-frame censored RBF,near_ceiling_unsaturated_1K,99,1.3725001652953703,1.1779004347691715,1.112523163270487,0.8579913241527866,1.9562515610570224,0.9696969696969697,7.625536709054425,0.7152059051744509
SpiralScanPath_5,Spiral,evaluation,2,target_7.5pct,0.075,294.9057944632607,295.5160834229293,0.6102889596685941,31.23882463792637,0.9467426682485037,0.07516993202718912,0.0743702518992403,single-frame censored RBF,observed_censored_full_grid,188,3.668493003506409,1.9158311513488466,0.5132803102615229,1.4090852370884437,1.1551885831697724,0.7978723404255319,4.386961980712241,1.7293298462462883
SpiralScanPath_5,Spiral,evaluation,2,target_7.5pct,0.075,294.9057944632607,295.5160834229293,0.6102889596685941,31.23882463792637,0.9467426682485037,0.07516993202718912,0.0743702518992403,single-frame censored RBF,overall,2501,1.0559141080893772,0.27238050640066236,0.07861600930796094,0.7603578028811021,2.793034142663799,0.9836065573770492,10.903800653151162,0.2021912540186294
SpiralScanPath_5,Spiral,evaluation,2,target_7.5pct,0.075,294.9057944632607,295.5160834229293,0.6102889596685941,31.23882463792637,0.9467426682485037,0.07516993202718912,0.0743702518992403,single-frame censored RBF,top_1pct,25,9.253538653397975,5.174628642263867,-5.174628642263867,4.707580026435994,1.20142159683715,0.56,4.633991226870873,4.860515235813846
SpiralScanPath_5,Spiral,evaluation,2,target_7.5pct,0.075,294.9057944632607,295.5160834229293,0.6102889596685941,31.23882463792637,0.9467426682485037,0.07516993202718912,0.0743702518992403,single-frame censored RBF,unsaturated_full_grid,2313,0.334257714003868,0.1388012927170227,0.04328661519673325,0.7076294165296191,2.926157776552634,0.9987029831387808,11.43348749725774,0.07806585179692603
SpiralScanPath_5,Spiral,evaluation,3,target_10pct,0.1,294.3423585387524,295.5160834229293,1.1737248841768633,31.80226056243464,0.9638184973406264,0.10035985605757697,0.09956017592962815,advective posterior physics mean + sequential advective ST,deliberately_hidden_observable,169,2.4346011084855372,2.25921946336483,2.213566343902171,1.517912406165994,1.541586796100355,0.9289940828402367,6.022042440807157,1.4024462389867411
SpiralScanPath_5,Spiral,evaluation,3,target_10pct,0.1,294.3423585387524,295.5160834229293,1.1737248841768633,31.80226056243464,0.9638184973406264,0.10035985605757697,0.09956017592962815,advective posterior physics mean + sequential advective ST,near_ceiling_unsaturated_1K,576,0.4248533930677466,0.18336730999710285,0.12280324938176711,0.21203140358487854,0.6782196482272668,0.9965277777777778,2.6549874270616587,0.23477835998538885
SpiralScanPath_5,Spiral,evaluation,3,target_10pct,0.1,294.3423585387524,295.5160834229293,1.1737248841768633,31.80226056243464,0.9638184973406264,0.10035985605757697,0.09956017592962815,advective posterior physics mean + sequential advective ST,observed_censored_full_grid,251,2.4099470490021364,2.0955040876278876,1.6726305122260927,1.4256738258680521,1.5593992040687508,0.9163346613545816,6.078413966902255,1.3002339903689912
SpiralScanPath_5,Spiral,evaluation,3,target_10pct,0.1,294.3423585387524,295.5160834229293,1.1737248841768633,31.80226056243464,0.9638184973406264,0.10035985605757697,0.09956017592962815,advective posterior physics mean + sequential advective ST,overall,2501,0.7993304666129318,0.32501738509967104,0.2369696168575345,0.30356195958070076,0.7522968394795487,0.9908036785285885,2.939156301667493,0.2983762023194885
SpiralScanPath_5,Spiral,evaluation,3,target_10pct,0.1,294.3423585387524,295.5160834229293,1.1737248841768633,31.80226056243464,0.9638184973406264,0.10035985605757697,0.09956017592962815,advective posterior physics mean + sequential advective ST,top_1pct,25,3.6015834147135557,2.582374711906839,-1.1686420081460505,2.0601247787359314,1.6814406685394778,0.64,6.515048294392041,1.5347090274261879
SpiralScanPath_5,Spiral,evaluation,3,target_10pct,0.1,294.3423585387524,295.5160834229293,1.1737248841768633,31.80226056243464,0.9638184973406264,0.10035985605757697,0.09956017592962815,advective posterior physics mean + sequential advective ST,unsaturated_full_grid,2250,0.24961559496015576,0.12750975739541218,0.07681366808530866,0.17838414694153404,0.6622600868075977,0.9991111111111111,2.5889546687901928,0.18661340018596623
SpiralScanPath_5,Spiral,evaluation,3,target_10pct,0.1,294.3423585387524,295.5160834229293,1.1737248841768633,31.80226056243464,0.9638184973406264,0.10035985605757697,0.09956017592962815,single-frame censored RBF,deliberately_hidden_observable,169,1.2349547629139113,1.1679638172423463,1.166173452430075,0.6777407657674351,1.0916362932475954,0.9644970414201184,4.167011641622953,1.0721242576678425
SpiralScanPath_5,Spiral,evaluation,3,target_10pct,0.1,294.3423585387524,295.5160834229293,1.1737248841768633,31.80226056243464,0.9638184973406264,0.10035985605757697,0.09956017592962815,single-frame censored RBF,near_ceiling_unsaturated_1K,576,0.4207441836647834,0.212967406308097,0.12902893752514888,0.6996341868047931,2.834527446501908,1.0,11.064886311301018,0.11939733930549506
SpiralScanPath_5,Spiral,evaluation,3,target_10pct,0.1,294.3423585387524,295.5160834229293,1.1737248841768633,31.80226056243464,0.9638184973406264,0.10035985605757697,0.09956017592962815,single-frame censored RBF,observed_censored_full_grid,251,3.1961518849173394,1.5186775547478055,0.24855425362816738,1.0910932594185014,1.0915518331266199,0.9123505976095617,4.174628405524579,1.3976347614383782
SpiralScanPath_5,Spiral,evaluation,3,target_10pct,0.1,294.3423585387524,295.5160834229293,1.1737248841768633,31.80226056243464,0.9638184973406264,0.10035985605757697,0.09956017592962815,single-frame censored RBF,overall,2501,1.0383107368127609,0.25565064331521314,0.04255140311647865,0.7389927230295901,2.7549662972826487,0.991203518592563,10.755683588964972,0.19650878659112725
SpiralScanPath_5,Spiral,evaluation,3,target_10pct,0.1,294.3423585387524,295.5160834229293,1.1737248841768633,31.80226056243464,0.9638184973406264,0.10035985605757697,0.09956017592962815,single-frame censored RBF,top_1pct,25,9.527669211251574,5.821480747744274,-5.821480747744274,5.308080355658948,1.119557942393284,0.4,4.163983873366856,5.287803984152935
SpiralScanPath_5,Spiral,evaluation,3,target_10pct,0.1,294.3423585387524,295.5160834229293,1.1737248841768633,31.80226056243464,0.9638184973406264,0.10035985605757697,0.09956017592962815,single-frame censored RBF,unsaturated_full_grid,2250,0.2424311585229016,0.11475297452873287,0.01957064068161915,0.6997139520813161,2.940529421950721,1.0,11.489836856095433,0.06251651117483398
SpiralScanPath_5,Spiral,evaluation,4,target_15pct,0.15,293.65429490749705,295.5160834229293,1.861788515432238,32.490324193690014,0.9846713689108517,0.15033986405437824,0.1483406637345062,advective posterior physics mean + sequential advective ST,deliberately_hidden_observable,294,0.7283389106752814,0.5906784373803337,-0.5173499788353484,0.4178263035248911,0.7026362537762257,0.9761904761904762,2.7484670363993837,0.831201745044988
SpiralScanPath_5,Spiral,evaluation,4,target_15pct,0.15,293.65429490749705,295.5160834229293,1.861788515432238,32.490324193690014,0.9846713689108517,0.15033986405437824,0.1483406637345062,advective posterior physics mean + sequential advective ST,near_ceiling_unsaturated_1K,2071,0.1556002643950439,0.11200716336146983,0.06829676370614009,0.16834018758041808,0.6577199178163761,1.0,2.5700154466658254,0.17532373082176966
SpiralScanPath_5,Spiral,evaluation,4,target_15pct,0.15,293.65429490749705,295.5160834229293,1.861788515432238,32.490324193690014,0.9846713689108517,0.15033986405437824,0.1483406637345062,advective posterior physics mean + sequential advective ST,observed_censored_full_grid,376,1.8674169370589417,1.1083475140450278,-1.0110913493708977,0.8893116236506444,0.7048424612101735,0.800531914893617,2.7534613255544635,1.5533560056793176
SpiralScanPath_5,Spiral,evaluation,4,target_15pct,0.15,293.65429490749705,295.5160834229293,1.861788515432238,32.490324193690014,0.9846713689108517,0.15033986405437824,0.1483406637345062,advective posterior physics mean + sequential advective ST,overall,2501,0.7382721717173032,0.2623658307672643,-0.09465143337314409,0.2768439828089022,0.664746974510232,0.9700119952019193,2.5969424744736798,0.38368739500119287
SpiralScanPath_5,Spiral,evaluation,4,target_15pct,0.15,293.65429490749705,295.5160834229293,1.861788515432238,32.490324193690014,0.9846713689108517,0.15033986405437824,0.1483406637345062,advective posterior physics mean + sequential advective ST,top_1pct,25,6.124391457476947,5.514674490361308,-4.9562846210650875,5.114789833297194,0.720560300320445,0.04,2.8025928018914668,7.662759291129155
SpiralScanPath_5,Spiral,evaluation,4,target_15pct,0.15,293.65429490749705,295.5160834229293,1.861788515432238,32.490324193690014,0.9846713689108517,0.15033986405437824,0.1483406637345062,advective posterior physics mean + sequential advective ST,unsaturated_full_grid,2125,0.15636314039508237,0.11267683645552821,0.06750452352810549,0.16847323788819865,0.6576524319223834,1.0,2.5692478448236216,0.176724854947087
SpiralScanPath_5,Spiral,evaluation,4,target_15pct,0.15,293.65429490749705,295.5160834229293,1.861788515432238,32.490324193690014,0.9846713689108517,0.15033986405437824,0.1483406637345062,single-frame censored RBF,deliberately_hidden_observable,294,0.7706926690471094,0.6907214997577739,-0.29700159380505753,0.4946266067435988,0.47598109887205503,0.7414965986394558,1.8536519872397492,1.4734553705623972
SpiralScanPath_5,Spiral,evaluation,4,target_15pct,0.15,293.65429490749705,295.5160834229293,1.861788515432238,32.490324193690014,0.9846713689108517,0.15033986405437824,0.1483406637345062,single-frame censored RBF,near_ceiling_unsaturated_1K,2071,0.27329034579665834,0.18268276784724982,0.10917345532505637,0.6666292399900364,2.789963063432796,1.0,10.899832231274157,0.09003977641708785
SpiralScanPath_5,Spiral,evaluation,4,target_15pct,0.15,293.65429490749705,295.5160834229293,1.861788515432238,32.490324193690014,0.9846713689108517,0.15033986405437824,0.1483406637345062,single-frame censored RBF,observed_censored_full_grid,376,3.0114939786208,1.3469051530845153,-1.0348476589083397,1.1356626368594853,0.4746142101105049,0.5824468085106383,1.8507750770404316,2.881078298393108
SpiralScanPath_5,Spiral,evaluation,4,target_15pct,0.15,293.65429490749705,295.5160834229293,1.861788515432238,32.490324193690014,0.9846713689108517,0.15033986405437824,0.1483406637345062,single-frame censored RBF,overall,2501,1.1946241857857176,0.35774660532257085,-0.06441574245349996,0.7376217419769633,2.4427169401087294,0.9372251099560176,9.541913018418175,0.5107878366112363
SpiralScanPath_5,Spiral,evaluation,4,target_15pct,0.15,293.65429490749705,295.5160834229293,1.861788515432238,32.490324193690014,0.9846713689108517,0.15033986405437824,0.1483406637345062,single-frame censored RBF,top_1pct,25,11.001517912518205,7.925510945588664,-7.925510945588664,7.661583600634723,0.4602929397920256,0.0,1.8034100943853764,17.022374778407
SpiralScanPath_5,Spiral,evaluation,4,target_15pct,0.15,293.65429490749705,295.5160834229293,1.861788515432238,32.490324193690014,0.9846713689108517,0.15033986405437824,0.1483406637345062,single-frame censored RBF,unsaturated_full_grid,2125,0.27376623810789463,0.18272372816563387,0.10729362252862701,0.6671919177530441,2.7909553525695916,1.0,10.902792014163131,0.0913858537265381
SpiralScanPath_5,Spiral,evaluation,5,target_20pct,0.2,293.5169731858883,295.5160834229293,1.999110237041009,32.627645915298785,0.9888331238626217,0.20031987205117952,0.19672131147540983,advective posterior physics mean + sequential advective ST,deliberately_hidden_observable,419,0.7523289076258867,0.5512371111646335,-0.4382474365207652,0.42168701118719937,0.6852836903068992,0.9427207637231504,2.6797971832469423,0.7924881393423749
SpiralScanPath_5,Spiral,evaluation,5,target_20pct,0.2,293.5169731858883,295.5160834229293,1.999110237041009,32.627645915298785,0.9888331238626217,0.20031987205117952,0.19672131147540983,advective posterior physics mean + sequential advective ST,near_ceiling_unsaturated_1K,1986,0.16708259722274302,0.11894508676509459,0.07526506853893675,0.170819804187925,0.6600680200667399,1.0,2.578748855982363,0.18453721400176348
SpiralScanPath_5,Spiral,evaluation,5,target_20pct,0.2,293.5169731858883,295.5160834229293,1.999110237041009,32.627645915298785,0.9888331238626217,0.20031987205117952,0.19672131147540983,advective posterior physics mean + sequential advective ST,observed_censored_full_grid,501,1.7309894067210214,0.9805159032385764,-0.8581774286584298,0.8095198138954106,0.6883089078992708,0.8003992015968064,2.689141238066402,1.3974458100909621
SpiralScanPath_5,Spiral,evaluation,5,target_20pct,0.2,293.5169731858883,295.5160834229293,1.999110237041009,32.627645915298785,0.9888331238626217,0.20031987205117952,0.19672131147540983,advective posterior physics mean + sequential advective ST,overall,2501,0.7890709282631645,0.2917727489652612,-0.11184540868878799,0.2988292999123632,0.665653630369968,0.960015993602559,2.6006719954516724,0.4279822442621955
SpiralScanPath_5,Spiral,evaluation,5,target_20pct,0.2,293.5169731858883,295.5160834229293,1.999110237041009,32.627645915298785,0.9888331238626217,0.20031987205117952,0.19672131147540983,advective posterior physics mean + sequential advective ST,top_1pct,25,6.3076345697221425,5.699857062542144,-5.167629479365648,5.305074876784755,0.7142538922050202,0.04,2.795292135939251,7.991859788270605
SpiralScanPath_5,Spiral,evaluation,5,target_20pct,0.2,293.5169731858883,295.5160834229293,1.999110237041009,32.627645915298785,0.9888331238626217,0.20031987205117952,0.19672131147540983,advective posterior physics mean + sequential advective ST,unsaturated_full_grid,2000,0.16740141888389515,0.11924258881979566,0.07511076231360729,0.17090132615960982,0.6599784833488778,1.0,2.5785104501766827,0.18513162102208952
SpiralScanPath_5,Spiral,evaluation,5,target_20pct,0.2,293.5169731858883,295.5160834229293,1.999110237041009,32.627645915298785,0.9888331238626217,0.20031987205117952,0.19672131147540983,single-frame censored RBF,deliberately_hidden_observable,419,0.8285481020322398,0.7387265126670017,-0.18933452033799048,0.5373273040495697,0.4714747408830266,0.665871121718377,1.8374298559901998,1.6108005724402255
SpiralScanPath_5,Spiral,evaluation,5,target_20pct,0.2,293.5169731858883,295.5160834229293,1.999110237041009,32.627645915298785,0.9888331238626217,0.20031987205117952,0.19672131147540983,single-frame censored RBF,near_ceiling_unsaturated_1K,1986,0.37142090161161134,0.29400233550407984,0.23400884022801183,0.6172979361909,2.528010815195469,1.0,9.87620417929508,0.14399750163994038
SpiralScanPath_5,Spiral,evaluation,5,target_20pct,0.2,293.5169731858883,295.5160834229293,1.999110237041009,32.627645915298785,0.9888331238626217,0.20031987205117952,0.19672131147540983,single-frame censored RBF,observed_censored_full_grid,501,2.6947336076656225,1.2593605424845433,-0.7973966737319639,1.0505595262666643,0.46657960242119473,0.5588822355289421,1.8175326396536704,2.745494005858915
SpiralScanPath_5,Spiral,evaluation,5,target_20pct,0.2,293.5169731858883,295.5160834229293,1.999110237041009,32.627645915298785,0.9888331238626217,0.20031987205117952,0.19672131147540983,single-frame censored RBF,overall,2501,1.2509869663166775,0.4873912469303513,0.02658327394793294,0.7043911894816585,2.115816349867276,0.9116353458616553,8.264709568749417,0.6654970937530872
SpiralScanPath_5,Spiral,evaluation,5,target_20pct,0.2,293.5169731858883,295.5160834229293,1.999110237041009,32.627645915298785,0.9888331238626217,0.20031987205117952,0.19672131147540983,single-frame censored RBF,top_1pct,25,11.098131476614476,8.042042168690664,-8.042042168690664,7.792921374986219,0.4482598948101279,0.0,1.7460439496136542,16.95250512197183
SpiralScanPath_5,Spiral,evaluation,5,target_20pct,0.2,293.5169731858883,295.5160834229293,1.999110237041009,32.627645915298785,0.9888331238626217,0.20031987205117952,0.19672131147540983,single-frame censored RBF,unsaturated_full_grid,2000,0.37143622990214065,0.29401293839402626,0.2329902508417471,0.6176760211170146,2.5289501551025193,1.0,9.879727389487902,0.14445786727057736
SpiralScanPath_6,Spiral,evaluation,0,reference,0.03,295.69040467376334,295.69040467376334,0.0,37.163376642968785,0.9359922983469756,0.032387045181927226,0.032387045181927226,advective posterior physics mean + sequential advective ST,deliberately_hidden_observable,0,,,,,,,,
SpiralScanPath_6,Spiral,evaluation,0,reference,0.03,295.69040467376334,295.69040467376334,0.0,37.163376642968785,0.9359922983469756,0.032387045181927226,0.032387045181927226,advective posterior physics mean + sequential advective ST,near_ceiling_unsaturated_1K,158,1.0154085596433013,0.5062085357983117,0.2810411441721319,0.40247361345277405,0.7887138196463828,0.9746835443037974,3.0913072176794154,0.4739021952445578
SpiralScanPath_6,Spiral,evaluation,0,reference,0.03,295.69040467376334,295.69040467376334,0.0,37.163376642968785,0.9359922983469756,0.032387045181927226,0.032387045181927226,advective posterior physics mean + sequential advective ST,observed_censored_full_grid,81,2.6804050247726146,1.971289325436201,0.9032725629085816,1.4582905077910018,1.4655080979195416,0.8024691358024691,5.75340686843118,1.2465186178055234
SpiralScanPath_6,Spiral,evaluation,0,reference,0.03,295.69040467376334,295.69040467376334,0.0,37.163376642968785,0.9359922983469756,0.032387045181927226,0.032387045181927226,advective posterior physics mean + sequential advective ST,overall,2501,0.5667535792787415,0.20298116313243833,0.11382709489498737,0.22597525192398668,0.6915995030764894,0.9920031987205118,2.7026807006891596,0.23886268648366787
SpiralScanPath_6,Spiral,evaluation,0,reference,0.03,295.69040467376334,295.69040467376334,0.0,37.163376642968785,0.9359922983469756,0.032387045181927226,0.032387045181927226,advective posterior physics mean + sequential advective ST,top_1pct,25,3.5619077862678803,2.5651278486327644,-0.3198337114297965,2.039731456164902,1.7690061873280494,0.68,6.968169933420643,1.543384463316755
SpiralScanPath_6,Spiral,evaluation,0,reference,0.03,295.69040467376334,295.69040467376334,0.0,37.163376642968785,0.9359922983469756,0.032387045181927226,0.032387045181927226,advective posterior physics mean + sequential advective ST,unsaturated_full_grid,2420,0.30246576190357216,0.14379398910491573,0.08740350691601995,0.1847283363350494,0.6656959509350485,0.9983471074380166,2.60056961821515,0.2051353598567793
SpiralScanPath_6,Spiral,evaluation,0,reference,0.03,295.69040467376334,295.69040467376334,0.0,37.163376642968785,0.9359922983469756,0.032387045181927226,0.032387045181927226,single-frame censored RBF,deliberately_hidden_observable,0,,,,,,,,
SpiralScanPath_6,Spiral,evaluation,0,reference,0.03,295.69040467376334,295.69040467376334,0.0,37.163376642968785,0.9359922983469756,0.032387045181927226,0.032387045181927226,single-frame censored RBF,near_ceiling_unsaturated_1K,158,1.3012146717430013,1.107932191690018,-0.07588310610228141,0.8586167333579952,2.663724967487387,1.0,10.392041863349927,0.42359005705824493
SpiralScanPath_6,Spiral,evaluation,0,reference,0.03,295.69040467376334,295.69040467376334,0.0,37.163376642968785,0.9359922983469756,0.032387045181927226,0.032387045181927226,single-frame censored RBF,observed_censored_full_grid,81,5.319071730296347,3.0377098489639005,0.8166939714886325,2.244227489162501,1.7654429800271152,0.7530864197530864,6.6919241485870335,1.7381468527535786
SpiralScanPath_6,Spiral,evaluation,0,reference,0.03,295.69040467376334,295.69040467376334,0.0,37.163376642968785,0.9359922983469756,0.032387045181927226,0.032387045181927226,single-frame censored RBF,overall,2501,1.0423080471774755,0.27465717721692323,0.02989044986125906,0.7669459847725777,2.921811421532208,0.9920031987205118,11.403956433054159,0.1349658280506712
SpiralScanPath_6,Spiral,evaluation,0,reference,0.03,295.69040467376334,295.69040467376334,0.0,37.163376642968785,0.9359922983469756,0.032387045181927226,0.032387045181927226,single-frame censored RBF,top_1pct,25,8.73759390704825,4.260280647765919,-2.935810795253949,3.667940082887262,1.8911194248680092,0.72,7.227282607408322,2.3453610221742345
SpiralScanPath_6,Spiral,evaluation,0,reference,0.03,295.69040467376334,295.69040467376334,0.0,37.163376642968785,0.9359922983469756,0.032387045181927226,0.032387045181927226,single-frame censored RBF,unsaturated_full_grid,2420,0.41927087402879154,0.1821748357245657,0.003555290666293252,0.7174997856587001,2.9605163156487015,1.0,11.561673216129297,0.08130563672797059
SpiralScanPath_6,Spiral,evaluation,1,target_5pct,0.05,295.3705958720671,295.69040467376334,0.31980880169624015,37.483185444665025,0.94404696405206,0.05037984806077569,0.045981607357057176,advective posterior physics mean + sequential advective ST,deliberately_hidden_observable,44,1.9982977367729617,1.437820054811602,1.2621128657541023,1.019298459009668,1.1588679554041226,0.8409090909090909,4.535024834121512,0.9868089190926601
SpiralScanPath_6,Spiral,evaluation,1,target_5pct,0.05,295.3705958720671,295.69040467376334,0.31980880169624015,37.483185444665025,0.94404696405206,0.05037984806077569,0.045981607357057176,advective posterior physics mean + sequential advective ST,near_ceiling_unsaturated_1K,135,1.1743566763438067,0.7273340856123299,0.548304102894205,0.5168248271145665,0.8850248623592926,0.9925925925925926,3.4764873332510002,0.6322487195803432
SpiralScanPath_6,Spiral,evaluation,1,target_5pct,0.05,295.3705958720671,295.69040467376334,0.31980880169624015,37.483185444665025,0.94404696405206,0.05037984806077569,0.045981607357057176,advective posterior physics mean + sequential advective ST,observed_censored_full_grid,126,2.5271212353889694,1.9390385621047777,1.2490039684588803,1.3884768639272584,1.445545721961159,0.8492063492063492,5.6607402040947035,1.2043982943379619
SpiralScanPath_6,Spiral,evaluation,1,target_5pct,0.05,295.3705958720671,295.69040467376334,0.31980880169624015,37.483185444665025,0.94404696405206,0.05037984806077569,0.045981607357057176,advective posterior physics mean + sequential advective ST,overall,2501,0.6476176996277339,0.24182895498267817,0.15933236301882653,0.2494617923797298,0.7089868795923665,0.9920031987205118,2.771558976996464,0.25974517917950174
SpiralScanPath_6,Spiral,evaluation,1,target_5pct,0.05,295.3705958720671,295.69040467376334,0.31980880169624015,37.483185444665025,0.94404696405206,0.05037984806077569,0.045981607357057176,advective posterior physics mean + sequential advective ST,top_1pct,25,3.3234315194470407,2.270996201160608,-0.5474538352317563,1.8152374372027824,1.7255444075703783,0.72,6.725607897531165,1.3352645263710776
SpiralScanPath_6,Spiral,evaluation,1,target_5pct,0.05,295.3705958720671,295.69040467376334,0.31980880169624015,37.483185444665025,0.94404696405206,0.05037984806077569,0.045981607357057176,advective posterior physics mean + sequential advective ST,unsaturated_full_grid,2375,0.3206979637111119,0.15178751898377943,0.10152241679337526,0.18903404542605035,0.6699104946919591,0.999578947368421,2.61828030979041,0.20962884549109503
SpiralScanPath_6,Spiral,evaluation,1,target_5pct,0.05,295.3705958720671,295.69040467376334,0.31980880169624015,37.483185444665025,0.94404696405206,0.05037984806077569,0.045981607357057176,single-frame censored RBF,deliberately_hidden_observable,44,1.9054997930530675,1.8420002143536929,1.8420002143536929,1.1057954733871649,1.3957757230001848,0.7954545454545454,5.198587020573168,1.3386056445323402
SpiralScanPath_6,Spiral,evaluation,1,target_5pct,0.05,295.3705958720671,295.69040467376334,0.31980880169624015,37.483185444665025,0.94404696405206,0.05037984806077569,0.045981607357057176,single-frame censored RBF,near_ceiling_unsaturated_1K,135,1.2709927465508417,1.0709105642068835,0.973602870346039,0.8037592809502521,2.2671810085469275,1.0,8.856632974745951,0.5198186892037064
SpiralScanPath_6,Spiral,evaluation,1,target_5pct,0.05,295.3705958720671,295.69040467376334,0.31980880169624015,37.483185444665025,0.94404696405206,0.05037984806077569,0.045981607357057176,single-frame censored RBF,observed_censored_full_grid,126,4.3506457659055195,2.161726252428388,0.46819837461216934,1.543937426546011,1.4864189231625333,0.8492063492063492,5.505567897780851,1.4172945701593396
SpiralScanPath_6,Spiral,evaluation,1,target_5pct,0.05,295.3705958720671,295.69040467376334,0.31980880169624015,37.483185444665025,0.94404696405206,0.05037984806077569,0.045981607357057176,single-frame censored RBF,overall,2501,1.0396916575545598,0.26186801175019664,0.08408259355700559,0.751133106632177,2.8600670395890977,0.9924030387844862,11.154719678073151,0.14845574251862986
SpiralScanPath_6,Spiral,evaluation,1,target_5pct,0.05,295.3705958720671,295.69040467376334,0.31980880169624015,37.483185444665025,0.94404696405206,0.05037984806077569,0.045981607357057176,single-frame censored RBF,top_1pct,25,9.136416917685164,4.409703308643166,-4.125677195550574,3.956736526246267,1.7189045941287673,0.72,6.212302602126683,2.5397754636862193
SpiralScanPath_6,Spiral,evaluation,1,target_5pct,0.05,295.3705958720671,295.69040467376334,0.31980880169624015,37.483185444665025,0.94404696405206,0.05037984806077569,0.045981607357057176,single-frame censored RBF,unsaturated_full_grid,2375,0.36622390308881564,0.1610755324552695,0.06370424054102637,0.7090727511335906,2.9329426870289916,1.0,11.454422046206552,0.08114050366274383
SpiralScanPath_6,Spiral,evaluation,2,target_7.5pct,0.075,295.07212329937147,295.69040467376334,0.61828137439187,37.781658017360655,0.951564258080394,0.07516993202718912,0.07157137145141944,advective posterior physics mean + sequential advective ST,deliberately_hidden_observable,107,2.268303197771476,1.9458997020112567,1.9083131353394371,1.3332833844068406,1.356013820685607,0.8598130841121495,5.270536990029762,1.2911383462979764
SpiralScanPath_6,Spiral,evaluation,2,target_7.5pct,0.075,295.07212329937147,295.69040467376334,0.61828137439187,37.781658017360655,0.951564258080394,0.07516993202718912,0.07157137145141944,advective posterior physics mean + sequential advective ST,near_ceiling_unsaturated_1K,95,1.4197927873056893,0.9868822347338706,0.837387724642474,0.6956074293180898,0.9243246526778721,0.9578947368421052,3.6228372512536926,0.8484221836027696
SpiralScanPath_6,Spiral,evaluation,2,target_7.5pct,0.075,295.07212329937147,295.69040467376334,0.61828137439187,37.781658017360655,0.951564258080394,0.07516993202718912,0.07157137145141944,advective posterior physics mean + sequential advective ST,observed_censored_full_grid,188,2.475038302441862,2.019575934165545,1.5484209875605766,1.4154145186959415,1.4904304815591796,0.8670212765957447,5.797509355037303,1.2729605032051519
SpiralScanPath_6,Spiral,evaluation,2,target_7.5pct,0.075,295.07212329937147,295.69040467376334,0.61828137439187,37.781658017360655,0.951564258080394,0.07516993202718912,0.07157137145141944,advective posterior physics mean + sequential advective ST,overall,2501,0.7475883719451073,0.2920253080789505,0.2133701738483413,0.2823269713734662,0.7295326836358047,0.9884046381447421,2.8474370839635266,0.28998706037007926
SpiralScanPath_6,Spiral,evaluation,2,target_7.5pct,0.075,295.07212329937147,295.69040467376334,0.61828137439187,37.781658017360655,0.951564258080394,0.07516993202718912,0.07157137145141944,advective posterior physics mean + sequential advective ST,top_1pct,25,3.7233923534469673,2.5877431630485783,-0.5923028985680208,2.089728836039342,1.88690242680109,0.68,7.374609342887802,1.4327491764213196
SpiralScanPath_6,Spiral,evaluation,2,target_7.5pct,0.075,295.07212329937147,295.69040467376334,0.61828137439187,37.781658017360655,0.951564258080394,0.07516993202718912,0.07157137145141944,advective posterior physics mean + sequential advective ST,unsaturated_full_grid,2313,0.3262056876824721,0.1516104711985874,0.10485761311427289,0.19022992904894157,0.6676871211586779,0.9982706441850411,2.6076560260465915,0.2100912509221789
SpiralScanPath_6,Spiral,evaluation,2,target_7.5pct,0.075,295.07212329937147,295.69040467376334,0.61828137439187,37.781658017360655,0.951564258080394,0.07516993202718912,0.07157137145141944,single-frame censored RBF,deliberately_hidden_observable,107,1.529438983174229,1.4665073767105714,1.4665073767105714,0.9082144390809718,1.0944387877569752,0.8691588785046729,4.242205745705683,1.345719295934863
SpiralScanPath_6,Spiral,evaluation,2,target_7.5pct,0.075,295.07212329937147,295.69040467376334,0.61828137439187,37.781658017360655,0.951564258080394,0.07516993202718912,0.07157137145141944,single-frame censored RBF,near_ceiling_unsaturated_1K,95,1.237608404701195,1.0408178136066484,0.9558296426991097,0.7653063389800485,1.815386797448352,0.9894736842105263,7.071368760089686,0.6649944347723715
SpiralScanPath_6,Spiral,evaluation,2,target_7.5pct,0.075,295.07212329937147,295.69040467376334,0.61828137439187,37.781658017360655,0.951564258080394,0.07516993202718912,0.07157137145141944,single-frame censored RBF,observed_censored_full_grid,188,3.7788614037146164,1.79753540156231,0.2979484913094401,1.3136034475378053,1.1129194694214306,0.8457446808510638,4.310387289062371,1.6332548732591818
SpiralScanPath_6,Spiral,evaluation,2,target_7.5pct,0.075,295.07212329937147,295.69040467376334,0.61828137439187,37.781658017360655,0.951564258080394,0.07516993202718912,0.07157137145141944,single-frame censored RBF,overall,2501,1.076471342177811,0.26077683998532963,0.0682802400278796,0.7494704740842697,2.785808303264792,0.9880047980807677,10.879703015539214,0.19410519054646094
SpiralScanPath_6,Spiral,evaluation,2,target_7.5pct,0.075,295.07212329937147,295.69040467376334,0.61828137439187,37.781658017360655,0.951564258080394,0.07516993202718912,0.07157137145141944,single-frame censored RBF,top_1pct,25,9.767567669775486,5.403378767964096,-5.403378767964096,4.90603722396587,1.0988912071225014,0.4,4.158316457153291,4.9597840638852375
SpiralScanPath_6,Spiral,evaluation,2,target_7.5pct,0.075,295.07212329937147,295.69040467376334,0.61828137439187,37.781658017360655,0.951564258080394,0.07516993202718912,0.07157137145141944,single-frame censored RBF,unsaturated_full_grid,2313,0.3038405184448684,0.1358695293167294,0.04961286811221449,0.7036179020958284,2.921780244796375,0.9995676610462603,11.413655180077757,0.07713150254387058
SpiralScanPath_6,Spiral,evaluation,3,target_10pct,0.1,294.48598287469855,295.69040467376334,1.2044217990647894,38.367798442033575,0.966326719751042,0.10035985605757697,0.10275889644142343,advective posterior physics mean + sequential advective ST,deliberately_hidden_observable,169,2.1040525347848145,1.9596152860384322,1.9026508658254417,1.2860669776871139,1.4278006679181678,0.9644970414201184,5.570940076654662,1.3213272463358168
SpiralScanPath_6,Spiral,evaluation,3,target_10pct,0.1,294.48598287469855,295.69040467376334,1.2044217990647894,38.367798442033575,0.966326719751042,0.10035985605757697,0.10275889644142343,advective posterior physics mean + sequential advective ST,near_ceiling_unsaturated_1K,315,0.6725451834161176,0.325364209805618,0.2633349998264189,0.28877897585084067,0.7137595110217485,0.9904761904761905,2.78810651038954,0.36807088995185583
SpiralScanPath_6,Spiral,evaluation,3,target_10pct,0.1,294.48598287469855,295.69040467376334,1.2044217990647894,38.367798442033575,0.966326719751042,0.10035985605757697,0.10275889644142343,advective posterior physics mean + sequential advective ST,observed_censored_full_grid,251,2.2533572385769203,1.9262292629567763,1.3884952681235923,1.3024266278804921,1.4487942808153749,0.9362549800796812,5.6531521143229035,1.299285971095356
SpiralScanPath_6,Spiral,evaluation,3,target_10pct,0.1,294.48598287469855,295.69040467376334,1.2044217990647894,38.367798442033575,0.966326719751042,0.10035985605757697,0.10275889644142343,advective posterior physics mean + sequential advective ST,overall,2501,0.7638496454565967,0.3191566260029612,0.22741881383175067,0.29616261665612437,0.7432774064211207,0.9924030387844862,2.9028390941517213,0.31027887646491875
SpiralScanPath_6,Spiral,evaluation,3,target_10pct,0.1,294.48598287469855,295.69040467376334,1.2044217990647894,38.367798442033575,0.966326719751042,0.10035985605757697,0.10275889644142343,advective posterior physics mean + sequential advective ST,top_1pct,25,3.994101444462289,3.0109858576066926,-1.8567472566656715,2.424915068288712,1.468564808232066,0.64,5.778508468089329,2.0438318508911175
SpiralScanPath_6,Spiral,evaluation,3,target_10pct,0.1,294.48598287469855,295.69040467376334,1.2044217990647894,38.367798442033575,0.966326719751042,0.10035985605757697,0.10275889644142343,advective posterior physics mean + sequential advective ST,unsaturated_full_grid,2250,0.28656342205513585,0.13987874516944673,0.09789428493074967,0.18390827584842828,0.6645730795442505,0.9986666666666667,2.596026397234847,0.19994964057503442
SpiralScanPath_6,Spiral,evaluation,3,target_10pct,0.1,294.48598287469855,295.69040467376334,1.2044217990647894,38.367798442033575,0.966326719751042,0.10035985605757697,0.10275889644142343,single-frame censored RBF,deliberately_hidden_observable,169,0.7608571135299634,0.675764720070617,0.6659293078983729,0.39744061318797697,0.8932037023912844,1.0,3.513252843090642,0.743455648755145
SpiralScanPath_6,Spiral,evaluation,3,target_10pct,0.1,294.48598287469855,295.69040467376334,1.2044217990647894,38.367798442033575,0.966326719751042,0.10035985605757697,0.10275889644142343,single-frame censored RBF,near_ceiling_unsaturated_1K,315,0.41789070656775795,0.2481428237897511,0.17346557535725726,0.6664838705356803,2.6765320940821233,1.0,10.44883569944028,0.15561657491443087
SpiralScanPath_6,Spiral,evaluation,3,target_10pct,0.1,294.48598287469855,295.69040467376334,1.2044217990647894,38.367798442033575,0.966326719751042,0.10035985605757697,0.10275889644142343,single-frame censored RBF,observed_censored_full_grid,251,3.353256909226232,1.2277936129896585,-0.2770284868069523,0.969996059267352,0.898331209803416,0.9123505976095617,3.531552238036464,1.425709933644735
SpiralScanPath_6,Spiral,evaluation,3,target_10pct,0.1,294.48598287469855,295.69040467376334,1.2044217990647894,38.367798442033575,0.966326719751042,0.10035985605757697,0.10275889644142343,single-frame censored RBF,overall,2501,1.0786525821193371,0.21838205863725113,-0.003992660534345046,0.7224373279051651,2.7302627796533687,0.991203518592563,10.662439016668644,0.1968103486428572
SpiralScanPath_6,Spiral,evaluation,3,target_10pct,0.1,294.48598287469855,295.69040467376334,1.2044217990647894,38.367798442033575,0.966326719751042,0.10035985605757697,0.10275889644142343,single-frame censored RBF,top_1pct,25,10.373316733306366,6.422223836610149,-6.422223836610149,5.960103809599645,0.8994061582243321,0.2,3.6214243325378517,7.66836689450397
SpiralScanPath_6,Spiral,evaluation,3,target_10pct,0.1,294.48598287469855,295.69040467376334,1.2044217990647894,38.367798442033575,0.966326719751042,0.10035985605757697,0.10275889644142343,single-frame censored RBF,unsaturated_full_grid,2250,0.1972755173829025,0.10577659190727144,0.026466002752065808,0.6948207760954279,2.9346249236677413,1.0,11.457929052862724,0.059719772715981057
SpiralScanPath_6,Spiral,evaluation,4,target_15pct,0.15,293.69271871887213,295.69040467376334,1.9976859548912103,39.161062597859996,0.9863057746023111,0.15033986405437824,0.14674130347860856,advective posterior physics mean + sequential advective ST,deliberately_hidden_observable,294,0.7323442424709043,0.6170774423330311,-0.461215180569502,0.4241792031894368,0.7184536271005605,0.9863945578231292,2.8083774483606057,0.853359484328927
SpiralScanPath_6,Spiral,evaluation,4,target_15pct,0.15,293.69271871887213,295.69040467376334,1.9976859548912103,39.161062597859996,0.9863057746023111,0.15033986405437824,0.14674130347860856,advective posterior physics mean + sequential advective ST,near_ceiling_unsaturated_1K,2058,0.17084852187832203,0.1205046640555579,0.08169217577204997,0.1711670833415115,0.6585999991743314,1.0,2.5717434539562674,0.1874432231565935
SpiralScanPath_6,Spiral,evaluation,4,target_15pct,0.15,293.69271871887213,295.69040467376334,1.9976859548912103,39.161062597859996,0.9863057746023111,0.15033986405437824,0.14674130347860856,advective posterior physics mean + sequential advective ST,observed_censored_full_grid,376,1.8791847521824439,1.1284502096237192,-0.9639241591710714,0.8910212643209695,0.7220241246321343,0.8164893617021277,2.825324087851368,1.5431748678935917
SpiralScanPath_6,Spiral,evaluation,4,target_15pct,0.15,293.69271871887213,295.69040467376334,1.9976859548912103,39.161062597859996,0.9863057746023111,0.15033986405437824,0.14674130347860856,advective posterior physics mean + sequential advective ST,overall,2501,0.7454700189856085,0.2722435771953843,-0.07552498520985992,0.27943750330485334,0.6680095427273581,0.9724110355857657,2.609100519763823,0.39196256372957017
SpiralScanPath_6,Spiral,evaluation,4,target_15pct,0.15,293.69271871887213,295.69040467376334,1.9976859548912103,39.161062597859996,0.9863057746023111,0.15033986405437824,0.14674130347860856,advective posterior physics mean + sequential advective ST,top_1pct,25,6.1869871393741525,5.539287092226293,-5.0243434559123195,5.120312588035229,0.7453530437603629,0.04,2.923982704718767,7.443665010826999
SpiralScanPath_6,Spiral,evaluation,4,target_15pct,0.15,293.69271871887213,295.69040467376334,1.9976859548912103,39.161062597859996,0.9863057746023111,0.15033986405437824,0.14674130347860856,advective posterior physics mean + sequential advective ST,unsaturated_full_grid,2125,0.1709317213795277,0.1207453683515942,0.08166940980633562,0.17122315312035463,0.6584521390585601,1.0,2.570841667245744,0.18826570426337152
SpiralScanPath_6,Spiral,evaluation,4,target_15pct,0.15,293.69271871887213,295.69040467376334,1.9976859548912103,39.161062597859996,0.9863057746023111,0.15033986405437824,0.14674130347860856,single-frame censored RBF,deliberately_hidden_observable,294,0.8516714051424349,0.7573846835438557,-0.400676083471946,0.5530449110731707,0.4918397987449532,0.6870748299319728,1.9140968559613998,1.5710217333178123
SpiralScanPath_6,Spiral,evaluation,4,target_15pct,0.15,293.69271871887213,295.69040467376334,1.9976859548912103,39.161062597859996,0.9863057746023111,0.15033986405437824,0.14674130347860856,single-frame censored RBF,near_ceiling_unsaturated_1K,2058,0.2628493644464566,0.17654972994612797,0.11324062626770845,0.670387107307184,2.810347218974835,1.0,10.97904217553423,0.08574604719809072
SpiralScanPath_6,Spiral,evaluation,4,target_15pct,0.15,293.69271871887213,295.69040467376334,1.9976859548912103,39.161062597859996,0.9863057746023111,0.15033986405437824,0.14674130347860856,single-frame censored RBF,observed_censored_full_grid,376,3.146279255551596,1.4239195059599559,-1.1408878890197247,1.205768866099931,0.4895764926965583,0.5425531914893617,1.9062240462826776,2.907596993041476
SpiralScanPath_6,Spiral,evaluation,4,target_15pct,0.15,293.69271871887213,295.69040467376334,1.9976859548912103,39.161062597859996,0.9863057746023111,0.15033986405437824,0.14674130347860856,single-frame censored RBF,overall,2501,1.2438395854118112,0.36446134563658783,-0.07577396152184351,0.7512257957750802,2.462000027748734,0.9312275089964014,9.61629329862465,0.511009407112342
SpiralScanPath_6,Spiral,evaluation,4,target_15pct,0.15,293.69271871887213,295.69040467376334,1.9976859548912103,39.161062597859996,0.9863057746023111,0.15033986405437824,0.14674130347860856,single-frame censored RBF,top_1pct,25,11.433867518175415,8.001252385302987,-8.001252385302987,7.720420108766516,0.504084768219261,0.0,1.9813082124904553,15.637774261442969
SpiralScanPath_6,Spiral,evaluation,4,target_15pct,0.15,293.69271871887213,295.69040467376334,1.9976859548912103,39.161062597859996,0.9863057746023111,0.15033986405437824,0.14674130347860856,single-frame censored RBF,unsaturated_full_grid,2125,0.26331633101966706,0.17699957232760594,0.11268854988484041,0.6707984101552478,2.8110029685391433,1.0,10.980522022803745,0.086954380143234
SpiralScanPath_6,Spiral,evaluation,5,target_20pct,0.2,293.5462216854871,295.69040467376334,2.1441829882762136,39.307559631245,0.9899954311234707,0.20031987205117952,0.19352259096361454,advective posterior physics mean + sequential advective ST,deliberately_hidden_observable,419,0.8343510838399689,0.6272022658637202,-0.5018839251975591,0.47377173212177026,0.6899725791534271,0.8949880668257757,2.69538426426042,0.8985348934495867
SpiralScanPath_6,Spiral,evaluation,5,target_20pct,0.2,293.5462216854871,295.69040467376334,2.1441829882762136,39.307559631245,0.9899954311234707,0.20031987205117952,0.19352259096361454,advective posterior physics mean + sequential advective ST,near_ceiling_unsaturated_1K,1985,0.1696990520522623,0.12202326071926034,0.08475243254168982,0.1711924659724421,0.6589868063445833,1.0,2.5744608867587653,0.1893848336869602
SpiralScanPath_6,Spiral,evaluation,5,target_20pct,0.2,293.5462216854871,295.69040467376334,2.1441829882762136,39.307559631245,0.9899954311234707,0.20031987205117952,0.19352259096361454,advective posterior physics mean + sequential advective ST,observed_censored_full_grid,501,1.7922782762740546,1.0553010051768925,-0.9243238979235955,0.8643831081561303,0.6933699323803577,0.7584830339321357,2.7088615277741126,1.4964089543255878
SpiralScanPath_6,Spiral,evaluation,5,target_20pct,0.2,293.5462216854871,295.69040467376334,2.1441829882762136,39.307559631245,0.9899954311234707,0.20031987205117952,0.19352259096361454,advective posterior physics mean + sequential advective ST,overall,2501,0.816336204751511,0.30863641363341127,-0.11752510255851642,0.3100256062877753,0.6659849772062258,0.9516193522590963,2.6018647383013147,0.45068896780809353
SpiralScanPath_6,Spiral,evaluation,5,target_20pct,0.2,293.5462216854871,295.69040467376334,2.1441829882762136,39.307559631245,0.9899954311234707,0.20031987205117952,0.19352259096361454,advective posterior physics mean + sequential advective ST,top_1pct,25,6.427903785656297,5.769853997673047,-5.341701326457999,5.376820357910135,0.7166790372289357,0.04,2.8090275549513124,8.057965869267926
SpiralScanPath_6,Spiral,evaluation,5,target_20pct,0.2,293.5462216854871,295.69040467376334,2.1441829882762136,39.307559631245,0.9899954311234707,0.20031987205117952,0.19352259096361454,advective posterior physics mean + sequential advective ST,unsaturated_full_grid,2000,0.16931543276956168,0.1215969334517692,0.08457799568043589,0.17115905206975243,0.6591250459351057,1.0,2.5750620425383794,0.1887361111854612
SpiralScanPath_6,Spiral,evaluation,5,target_20pct,0.2,293.5462216854871,295.69040467376334,2.1441829882762136,39.307559631245,0.9899954311234707,0.20031987205117952,0.19352259096361454,single-frame censored RBF,deliberately_hidden_observable,419,0.9082451889030302,0.7970684270201516,-0.26722263140285163,0.5975687491224569,0.46920752472251703,0.6276849642004774,1.8334553271681413,1.7549467799393084
SpiralScanPath_6,Spiral,evaluation,5,target_20pct,0.2,293.5462216854871,295.69040467376334,2.1441829882762136,39.307559631245,0.9899954311234707,0.20031987205117952,0.19352259096361454,single-frame censored RBF,near_ceiling_unsaturated_1K,1985,0.3473508468952659,0.26697252643242086,0.21596666573641535,0.6239951083401745,2.5677346202470623,1.0,10.02726193966885,0.1345146986760365
SpiralScanPath_6,Spiral,evaluation,5,target_20pct,0.2,293.5462216854871,295.69040467376334,2.1441829882762136,39.307559631245,0.9899954311234707,0.20031987205117952,0.19352259096361454,single-frame censored RBF,observed_censored_full_grid,501,2.8526715213401577,1.3455601838975313,-0.8998874235320881,1.1394840786813252,0.4621062339969262,0.5269461077844312,1.80414517945403,3.079323374222408
SpiralScanPath_6,Spiral,evaluation,5,target_20pct,0.2,293.5462216854871,295.69040467376334,2.1441829882762136,39.307559631245,0.9899954311234707,0.20031987205117952,0.19352259096361454,single-frame censored RBF,overall,2501,1.3140039248189879,0.48304320015823754,-0.007429952583531606,0.7275732959749818,2.1471733040308014,0.9052379048380648,8.385623828841782,0.7242762495316545
SpiralScanPath_6,Spiral,evaluation,5,target_20pct,0.2,293.5462216854871,295.69040467376334,2.1441829882762136,39.307559631245,0.9899954311234707,0.20031987205117952,0.19352259096361454,single-frame censored RBF,top_1pct,25,11.676146947972073,8.3466587439447,-8.3466587439447,8.108972977390259,0.4216686022154723,0.0,1.6401907721049225,19.909021241948967
SpiralScanPath_6,Spiral,evaluation,5,target_20pct,0.2,293.5462216854871,295.69040467376334,2.1441829882762136,39.307559631245,0.9899954311234707,0.20031987205117952,0.19352259096361454,single-frame censored RBF,unsaturated_full_grid,2000,0.3473019243197832,0.26698269573154454,0.2161306438890818,0.624389644907043,2.5692826050742874,1.0,10.034284230513414,0.13433694479662056
SpiralScanPath_7,Spiral,evaluation,0,reference,0.03,295.8140795498944,295.8140795498944,0.0,38.64147387394041,0.9354841865920516,0.03318672530987605,0.03158736505397841,advective posterior physics mean + sequential advective ST,deliberately_hidden_observable,0,,,,,,,,
SpiralScanPath_7,Spiral,evaluation,0,reference,0.03,295.8140795498944,295.8140795498944,0.0,38.64147387394041,0.9354841865920516,0.03318672530987605,0.03158736505397841,advective posterior physics mean + sequential advective ST,near_ceiling_unsaturated_1K,159,0.76471395549502,0.4001124600768931,0.23197195026684853,0.3328465024405736,0.747198496628963,0.9937106918238994,2.9295320404992307,0.4280198017990933
SpiralScanPath_7,Spiral,evaluation,0,reference,0.03,295.8140795498944,295.8140795498944,0.0,38.64147387394041,0.9354841865920516,0.03318672530987605,0.03158736505397841,advective posterior physics mean + sequential advective ST,observed_censored_full_grid,83,2.2866531020544416,1.7917182883405396,0.9738624656767059,1.2588334706153212,1.4471780244188335,0.9036144578313253,5.662720012284085,1.1667350683279631
SpiralScanPath_7,Spiral,evaluation,0,reference,0.03,295.8140795498944,295.8140795498944,0.0,38.64147387394041,0.9354841865920516,0.03318672530987605,0.03158736505397841,advective posterior physics mean + sequential advective ST,overall,2501,0.48041503064712293,0.18459130553090666,0.1032333672164169,0.21403196090565,0.6889688478493151,0.9964014394242303,2.6925623918057005,0.2225422845893851
SpiralScanPath_7,Spiral,evaluation,0,reference,0.03,295.8140795498944,295.8140795498944,0.0,38.64147387394041,0.9354841865920516,0.03318672530987605,0.03158736505397841,advective posterior physics mean + sequential advective ST,top_1pct,25,2.894161130874677,2.0592413794016964,-0.5113898810799401,1.5471966284431928,1.631454546155661,0.8,6.393922988659358,1.2728072018317824
SpiralScanPath_7,Spiral,evaluation,0,reference,0.03,295.8140795498944,295.8140795498944,0.0,38.64147387394041,0.9354841865920516,0.03318672530987605,0.03158736505397841,advective posterior physics mean + sequential advective ST,unsaturated_full_grid,2418,0.2433893248485303,0.12942524284554707,0.07334824927919441,0.1781682200843503,0.662942643690808,0.9995864350703061,2.590609090523771,0.1901320277447606
SpiralScanPath_7,Spiral,evaluation,0,reference,0.03,295.8140795498944,295.8140795498944,0.0,38.64147387394041,0.9354841865920516,0.03318672530987605,0.03158736505397841,single-frame censored RBF,deliberately_hidden_observable,0,,,,,,,,
SpiralScanPath_7,Spiral,evaluation,0,reference,0.03,295.8140795498944,295.8140795498944,0.0,38.64147387394041,0.9354841865920516,0.03318672530987605,0.03158736505397841,single-frame censored RBF,near_ceiling_unsaturated_1K,159,1.489257105277968,1.242694614320302,0.2436636905545722,0.9432754218104743,2.680537393913535,1.0,10.441455859034066,0.4844790662319766
SpiralScanPath_7,Spiral,evaluation,0,reference,0.03,295.8140795498944,295.8140795498944,0.0,38.64147387394041,0.9354841865920516,0.03318672530987605,0.03158736505397841,single-frame censored RBF,observed_censored_full_grid,83,4.944479851722921,2.937335411801927,0.8471880267023403,2.127031651524511,1.7626120038922675,0.7590361445783133,6.67546785986201,1.6707045470686637
SpiralScanPath_7,Spiral,evaluation,0,reference,0.03,295.8140795498944,295.8140795498944,0.0,38.64147387394041,0.9354841865920516,0.03318672530987605,0.03158736505397841,single-frame censored RBF,overall,2501,1.0016841532576055,0.28349776965084994,0.022463657060283516,0.7674404862733822,2.919782438404428,0.9920031987205118,11.394843121227458,0.13803174470484775
SpiralScanPath_7,Spiral,evaluation,0,reference,0.03,295.8140795498944,295.8140795498944,0.0,38.64147387394041,0.9354841865920516,0.03318672530987605,0.03158736505397841,single-frame censored RBF,top_1pct,25,8.13974237499654,4.093308286032324,-2.845981032498303,3.476245725714067,1.8590386142001745,0.76,7.054154631096814,2.255817172568388
SpiralScanPath_7,Spiral,evaluation,0,reference,0.03,295.8140795498944,295.8140795498944,0.0,38.64147387394041,0.9354841865920516,0.03318672530987605,0.03158736505397841,single-frame censored RBF,unsaturated_full_grid,2418,0.4456652284768094,0.19240243288553174,-0.005845740243393372,0.7207713106258042,2.959503342484043,1.0,11.556839873375237,0.08542138796531229
SpiralScanPath_7,Spiral,evaluation,1,target_5pct,0.05,295.50488495420535,295.8140795498944,0.30919459568906404,38.95066846962948,0.9429695805444264,0.05037984806077569,0.05037984806077569,advective posterior physics mean + sequential advective ST,deliberately_hidden_observable,42,2.015482910789569,1.519725815715781,1.4017829367135854,1.0636122387293125,1.1969229179297167,0.8809523809523809,4.644956719264929,1.0569107889842828
SpiralScanPath_7,Spiral,evaluation,1,target_5pct,0.05,295.50488495420535,295.8140795498944,0.30919459568906404,38.95066846962948,0.9429695805444264,0.05037984806077569,0.05037984806077569,advective posterior physics mean + sequential advective ST,near_ceiling_unsaturated_1K,135,1.0805636493648956,0.6869199527638009,0.5061835747396184,0.5035329491133257,0.8552442420527836,0.9703703703703703,3.3421427351991064,0.6474609135476026
SpiralScanPath_7,Spiral,evaluation,1,target_5pct,0.05,295.50488495420535,295.8140795498944,0.30919459568906404,38.95066846962948,0.9429695805444264,0.05037984806077569,0.05037984806077569,advective posterior physics mean + sequential advective ST,observed_censored_full_grid,126,2.474649063209811,1.91501314106467,1.1405845153423084,1.3652455575653988,1.4392806479381777,0.8650793650793651,5.599469397409233,1.2494966074797833
SpiralScanPath_7,Spiral,evaluation,1,target_5pct,0.05,295.50488495420535,295.8140795498944,0.30919459568906404,38.95066846962948,0.9429695805444264,0.05037984806077569,0.05037984806077569,advective posterior physics mean + sequential advective ST,overall,2501,0.6250086826069021,0.23108838111738414,0.14060778822807274,0.24529470013933297,0.7069244628978777,0.9916033586565374,2.7613418077910485,0.2514166089564285
SpiralScanPath_7,Spiral,evaluation,1,target_5pct,0.05,295.50488495420535,295.8140795498944,0.30919459568906404,38.95066846962948,0.9429695805444264,0.05037984806077569,0.05037984806077569,advective posterior physics mean + sequential advective ST,top_1pct,25,3.484041501894436,2.551459569809831,-0.9414036548549666,2.0207759099764773,1.6573298364162623,0.72,6.40609701161264,1.686827916162446
SpiralScanPath_7,Spiral,evaluation,1,target_5pct,0.05,295.50488495420535,295.8140795498944,0.30919459568906404,38.95066846962948,0.9429695805444264,0.05037984806077569,0.05037984806077569,advective posterior physics mean + sequential advective ST,unsaturated_full_grid,2375,0.2940607763508673,0.1417517412212334,0.08755639133695961,0.18587835991378165,0.6680710400283711,0.9983157894736842,2.610771670404989,0.1984658385084526
SpiralScanPath_7,Spiral,evaluation,1,target_5pct,0.05,295.50488495420535,295.8140795498944,0.30919459568906404,38.95066846962948,0.9429695805444264,0.05037984806077569,0.05037984806077569,single-frame censored RBF,deliberately_hidden_observable,42,2.1617406111189568,2.1081121589944223,2.1081121589944223,1.3140181809100961,1.4751101159919187,0.6666666666666666,5.54792030843595,1.4412329758359363
SpiralScanPath_7,Spiral,evaluation,1,target_5pct,0.05,295.50488495420535,295.8140795498944,0.30919459568906404,38.95066846962948,0.9429695805444264,0.05037984806077569,0.05037984806077569,single-frame censored RBF,near_ceiling_unsaturated_1K,135,1.4040883268347402,1.1704239138844303,0.9364605523153698,0.8732648278989742,2.2355810648361207,1.0,8.727403093465856,0.5828989920846521
SpiralScanPath_7,Spiral,evaluation,1,target_5pct,0.05,295.50488495420535,295.8140795498944,0.30919459568906404,38.95066846962948,0.9429695805444264,0.05037984806077569,0.05037984806077569,single-frame censored RBF,observed_censored_full_grid,126,4.1924063710002555,2.2659797723277038,0.6215791175859454,1.6279209717619139,1.4264209176175329,0.7936507936507936,5.391403402759161,1.6114500181140592
SpiralScanPath_7,Spiral,evaluation,1,target_5pct,0.05,295.50488495420535,295.8140795498944,0.30919459568906404,38.95066846962948,0.9429695805444264,0.05037984806077569,0.05037984806077569,single-frame censored RBF,overall,2501,1.0211710617108718,0.27940995110634514,0.0762522847527755,0.759924812313705,2.8548326772839867,0.9896041583366654,11.140503257780034,0.16410710507966877
SpiralScanPath_7,Spiral,evaluation,1,target_5pct,0.05,295.50488495420535,295.8140795498944,0.30919459568906404,38.95066846962948,0.9429695805444264,0.05037984806077569,0.05037984806077569,single-frame censored RBF,top_1pct,25,8.64985068422535,4.375337752211242,-3.9124415476872194,3.894007842575146,1.5700109162380138,0.64,5.899544725734593,3.0685894913010463
SpiralScanPath_7,Spiral,evaluation,1,target_5pct,0.05,295.50488495420535,295.8140795498944,0.30919459568906404,38.95066846962948,0.9429695805444264,0.05037984806077569,0.05037984806077569,single-frame censored RBF,unsaturated_full_grid,2375,0.4069959083702275,0.17401719427523302,0.04732126120036312,0.713875331854558,2.930613680112607,1.0,11.445508134299038,0.08732175474605477
SpiralScanPath_7,Spiral,evaluation,2,target_7.5pct,0.075,295.1355468103287,295.8140795498944,0.6785327395656964,39.32000661350611,0.9519110094927373,0.07516993202718912,0.07796881247501,advective posterior physics mean + sequential advective ST,deliberately_hidden_observable,105,2.2920255926253503,2.006104487246203,2.002536521975551,1.3983297703920594,1.3107554060477504,0.7714285714285715,5.0953315367410426,1.423488949885738
SpiralScanPath_7,Spiral,evaluation,2,target_7.5pct,0.075,295.1355468103287,295.8140795498944,0.6785327395656964,39.32000661350611,0.9519110094927373,0.07516993202718912,0.07796881247501,advective posterior physics mean + sequential advective ST,near_ceiling_unsaturated_1K,107,1.672303529939074,1.1692448816531962,1.0310469244749307,0.8409254065326159,0.9798891791876437,0.8504672897196262,3.8196644631943233,0.9564209056267005
SpiralScanPath_7,Spiral,evaluation,2,target_7.5pct,0.075,295.1355468103287,295.8140795498944,0.6785327395656964,39.32000661350611,0.9519110094927373,0.07516993202718912,0.07796881247501,advective posterior physics mean + sequential advective ST,observed_censored_full_grid,188,2.3895747530438984,1.9602700689490926,1.5540870404502927,1.391375354236763,1.4201753932442784,0.8191489361702128,5.526729173653214,1.3267774907122152
SpiralScanPath_7,Spiral,evaluation,2,target_7.5pct,0.075,295.1355468103287,295.8140795498944,0.6785327395656964,39.32000661350611,0.9519110094927373,0.07516993202718912,0.07796881247501,advective posterior physics mean + sequential advective ST,overall,2501,0.7571569145024262,0.29496763383647406,0.2199773238884957,0.28919183150436323,0.7285309704697975,0.9800079968012795,2.8452671477515907,0.29224858609286714
SpiralScanPath_7,Spiral,evaluation,2,target_7.5pct,0.075,295.1355468103287,295.8140795498944,0.6785327395656964,39.32000661350611,0.9519110094927373,0.07516993202718912,0.07796881247501,advective posterior physics mean + sequential advective ST,top_1pct,25,3.3428175632121895,2.16312912685652,-0.7969377920393709,1.7826831745023402,1.7416627793779338,0.76,6.762068145127057,1.285889098857513
SpiralScanPath_7,Spiral,evaluation,2,target_7.5pct,0.075,295.1355468103287,295.8140795498944,0.6785327395656964,39.32000661350611,0.9519110094927373,0.07516993202718912,0.07796881247501,advective posterior physics mean + sequential advective ST,unsaturated_full_grid,2313,0.3946776689561264,0.15961231269459242,0.11154125527041621,0.19960665974747124,0.6723143031625765,0.9930825767401643,2.6273186562386184,0.20816236297637888
SpiralScanPath_7,Spiral,evaluation,2,target_7.5pct,0.075,295.1355468103287,295.8140795498944,0.6785327395656964,39.32000661350611,0.9519110094927373,0.07516993202718912,0.07796881247501,single-frame censored RBF,deliberately_hidden_observable,105,1.5490564646324674,1.4784296354094837,1.4784296354094837,0.8982124586282442,1.165908064993373,0.8380952380952381,4.435823022310152,1.2809424302000767
SpiralScanPath_7,Spiral,evaluation,2,target_7.5pct,0.075,295.1355468103287,295.8140795498944,0.6785327395656964,39.32000661350611,0.9519110094927373,0.07516993202718912,0.07796881247501,single-frame censored RBF,near_ceiling_unsaturated_1K,107,1.1931416376402095,0.982053295802732,0.8814588312448627,0.7651775294565504,2.0429028172043524,1.0,8.002850059622064,0.5791777696278316
SpiralScanPath_7,Spiral,evaluation,2,target_7.5pct,0.075,295.1355468103287,295.8140795498944,0.6785327395656964,39.32000661350611,0.9519110094927373,0.07516993202718912,0.07796881247501,single-frame censored RBF,observed_censored_full_grid,188,3.5967102031464595,1.7512136519341943,0.2551938520666627,1.2884966998277467,1.159626434231494,0.8351063829787234,4.425084639497658,1.4867807427207171
SpiralScanPath_7,Spiral,evaluation,2,target_7.5pct,0.075,295.1355468103287,295.8140795498944,0.6785327395656964,39.32000661350611,0.9519110094927373,0.07516993202718912,0.07796881247501,single-frame censored RBF,overall,2501,1.0319789900914704,0.2625579853611987,0.05132242440481132,0.747262394309859,2.7915596360098043,0.9876049580167933,10.901457382244967,0.18330363011643605
SpiralScanPath_7,Spiral,evaluation,2,target_7.5pct,0.075,295.1355468103287,295.8140795498944,0.6785327395656964,39.32000661350611,0.9519110094927373,0.07516993202718912,0.07796881247501,single-frame censored RBF,top_1pct,25,9.260813315184942,5.399658267214066,-5.399658267214066,4.8918811190467615,1.259651354379959,0.48,4.76458834996801,4.3393784987599595
SpiralScanPath_7,Spiral,evaluation,2,target_7.5pct,0.075,295.1355468103287,295.8140795498944,0.6785327395656964,39.32000661350611,0.9519110094927373,0.07516993202718912,0.07796881247501,single-frame censored RBF,unsaturated_full_grid,2313,0.31635598450018376,0.14156046468859892,0.03475181117505427,0.703271019715236,2.924202715099438,1.0,11.42785516678301,0.07735737107207598
SpiralScanPath_7,Spiral,evaluation,3,target_10pct,0.1,294.70835430749145,295.8140795498944,1.1057252424029684,39.74719911634338,0.962253053699919,0.10035985605757697,0.10075969612155138,advective posterior physics mean + sequential advective ST,deliberately_hidden_observable,167,2.2757881367542137,2.1430594913501078,2.1411317218484953,1.4374404192517785,1.4609126188410975,0.9401197604790419,5.70884568123589,1.4332909416551038
SpiralScanPath_7,Spiral,evaluation,3,target_10pct,0.1,294.70835430749145,295.8140795498944,1.1057252424029684,39.74719911634338,0.962253053699919,0.10035985605757697,0.10075969612155138,advective posterior physics mean + sequential advective ST,near_ceiling_unsaturated_1K,127,0.7609775670367522,0.4284241589193922,0.31485977481934885,0.33967057891005115,0.734628692616026,1.0,2.8691071561730044,0.4796381108280791
SpiralScanPath_7,Spiral,evaluation,3,target_10pct,0.1,294.70835430749145,295.8140795498944,1.1057252424029684,39.74719911634338,0.962253053699919,0.10035985605757697,0.10075969612155138,advective posterior physics mean + sequential advective ST,observed_censored_full_grid,251,2.3776157668561004,2.0539710353635154,1.575881206596835,1.4099339666965183,1.4838683593602782,0.9282868525896414,5.803298144394082,1.3663165590900643
SpiralScanPath_7,Spiral,evaluation,3,target_10pct,0.1,294.70835430749145,295.8140795498944,1.1057252424029684,39.74719911634338,0.962253053699919,0.10035985605757697,0.10075969612155138,advective posterior physics mean + sequential advective ST,overall,2501,0.7839602977015511,0.31745591075623897,0.22772247630853473,0.2996675715464873,0.7438294884642863,0.9928028788484606,2.9071265683436867,0.3020047832447923
SpiralScanPath_7,Spiral,evaluation,3,target_10pct,0.1,294.70835430749145,295.8140795498944,1.1057252424029684,39.74719911634338,0.962253053699919,0.10035985605757697,0.10075969612155138,advective posterior physics mean + sequential advective ST,top_1pct,25,3.8101091355118895,2.6589568094384437,-2.0217545530771828,2.200444524306747,1.3841508325753877,0.72,5.426620070436961,1.969544856845962
SpiralScanPath_7,Spiral,evaluation,3,target_10pct,0.1,294.70835430749145,295.8140795498944,1.1057252424029684,39.74719911634338,0.962253053699919,0.10035985605757697,0.10075969612155138,advective posterior physics mean + sequential advective ST,unsaturated_full_grid,2250,0.2291837925660444,0.12373800130004954,0.07732788017415103,0.17581118702086151,0.6612740410887779,1.0,2.584042539193176,0.18327489180605308
SpiralScanPath_7,Spiral,evaluation,3,target_10pct,0.1,294.70835430749145,295.8140795498944,1.1057252424029684,39.74719911634338,0.962253053699919,0.10035985605757697,0.10075969612155138,single-frame censored RBF,deliberately_hidden_observable,167,1.1609201978061463,1.0702859193365857,1.0690117430133501,0.6078428751115927,1.0857801079962404,0.9760479041916168,4.154050610144594,0.9838714078952429
SpiralScanPath_7,Spiral,evaluation,3,target_10pct,0.1,294.70835430749145,295.8140795498944,1.1057252424029684,39.74719911634338,0.962253053699919,0.10035985605757697,0.10075969612155138,single-frame censored RBF,near_ceiling_unsaturated_1K,127,0.630606222201526,0.45155487302794584,0.3302992814701244,0.6382881518032212,2.3532369369492954,1.0,9.185581457748404,0.2744482934461998
SpiralScanPath_7,Spiral,evaluation,3,target_10pct,0.1,294.70835430749145,295.8140795498944,1.1057252424029684,39.74719911634338,0.962253053699919,0.10035985605757697,0.10075969612155138,single-frame censored RBF,observed_censored_full_grid,251,3.1679592833201493,1.4200778762599822,0.13987012364167214,1.034582831793071,1.0826635342274644,0.9123505976095617,4.17572228250742,1.3265192269689834
SpiralScanPath_7,Spiral,evaluation,3,target_10pct,0.1,294.70835430749145,295.8140795498944,1.1057252424029684,39.74719911634338,0.962253053699919,0.10035985605757697,0.10075969612155138,single-frame censored RBF,overall,2501,1.0228212848664953,0.24392886039746348,0.018399387928719344,0.7299111567287534,2.7517966908908265,0.991203518592563,10.741349793459927,0.18815724338449696
SpiralScanPath_7,Spiral,evaluation,3,target_10pct,0.1,294.70835430749145,295.8140795498944,1.1057252424029684,39.74719911634338,0.962253053699919,0.10035985605757697,0.10075969612155138,single-frame censored RBF,top_1pct,25,9.529397182526361,5.904459683876684,-5.904459683876684,5.383617835788037,0.9838185187462737,0.28,3.855369839554107,5.60846147374422
SpiralScanPath_7,Spiral,evaluation,3,target_10pct,0.1,294.70835430749145,295.8140795498944,1.1057252424029684,39.74719911634338,0.962253053699919,0.10035985605757697,0.10075969612155138,single-frame censored RBF,unsaturated_full_grid,2250,0.20808881021364553,0.11272290351680031,0.004848652522518831,0.6959233387549117,2.9379977674786057,1.0,11.473782018015074,0.06116663988240536
SpiralScanPath_7,Spiral,evaluation,4,target_15pct,0.15,293.7162576554685,295.8140795498944,2.0978218944259197,40.73929576836633,0.9862710487838044,0.15033986405437824,0.15033986405437824,advective posterior physics mean + sequential advective ST,deliberately_hidden_observable,292,0.7452616895575542,0.6179347506907674,-0.5052675362563939,0.4290274797891841,0.7238405924963677,0.9794520547945206,2.8251440353040937,0.8472044066836084
SpiralScanPath_7,Spiral,evaluation,4,target_15pct,0.15,293.7162576554685,295.8140795498944,2.0978218944259197,40.73929576836633,0.9862710487838044,0.15033986405437824,0.15033986405437824,advective posterior physics mean + sequential advective ST,near_ceiling_unsaturated_1K,2041,0.16235306052395682,0.11503432717334876,0.07414213271421234,0.1694973876342325,0.6580841738068028,1.0,2.571534787607895,0.17914619445545332
SpiralScanPath_7,Spiral,evaluation,4,target_15pct,0.15,293.7162576554685,295.8140795498944,2.0978218944259197,40.73929576836633,0.9862710487838044,0.15033986405437824,0.15033986405437824,advective posterior physics mean + sequential advective ST,observed_censored_full_grid,376,1.8658177172827117,1.131469455079696,-1.0175376232016422,0.896356472402121,0.7251164375394364,0.8031914893617021,2.829892117656427,1.5470764075759782
SpiralScanPath_7,Spiral,evaluation,4,target_15pct,0.15,293.7162576554685,295.8140795498944,2.0978218944259197,40.73929576836633,0.9862710487838044,0.15033986405437824,0.15033986405437824,advective posterior physics mean + sequential advective ST,overall,2501,0.7387487688063756,0.26786333103504556,-0.09048301311762878,0.27889744464531113,0.6684326357800024,0.9704118352658937,2.6115291455298375,0.3850571003570341
SpiralScanPath_7,Spiral,evaluation,4,target_15pct,0.15,293.7162576554685,295.8140795498944,2.0978218944259197,40.73929576836633,0.9862710487838044,0.15033986405437824,0.15033986405437824,advective posterior physics mean + sequential advective ST,top_1pct,25,6.075630951881999,5.47963962138205,-5.112524421513329,5.0664324753900205,0.7375063451812391,0.0,2.885969113802887,7.444303866918711
SpiralScanPath_7,Spiral,evaluation,4,target_15pct,0.15,293.7162576554685,295.8140795498944,2.0978218944259197,40.73929576836633,0.9862710487838044,0.15033986405437824,0.15033986405437824,advective posterior physics mean + sequential advective ST,unsaturated_full_grid,2125,0.16227851834836757,0.11505584743938034,0.07355112024311901,0.1696435178516356,0.6584029372098624,1.0,2.572891744344145,0.1794480370561763
SpiralScanPath_7,Spiral,evaluation,4,target_15pct,0.15,293.7162576554685,295.8140795498944,2.0978218944259197,40.73929576836633,0.9862710487838044,0.15033986405437824,0.15033986405437824,single-frame censored RBF,deliberately_hidden_observable,292,0.9528467912729305,0.8505705377699945,-0.5372012981355067,0.6391178588245733,0.47935170176417086,0.5616438356164384,1.8759393537612674,1.8007449965850826
SpiralScanPath_7,Spiral,evaluation,4,target_15pct,0.15,293.7162576554685,295.8140795498944,2.0978218944259197,40.73929576836633,0.9862710487838044,0.15033986405437824,0.15033986405437824,single-frame censored RBF,near_ceiling_unsaturated_1K,2041,0.23943018122646773,0.15346072835140692,0.0796184944905589,0.6717087930672256,2.830630383932452,1.0,11.050526303309692,0.07625944823174222
SpiralScanPath_7,Spiral,evaluation,4,target_15pct,0.15,293.7162576554685,295.8140795498944,2.0978218944259197,40.73929576836633,0.9862710487838044,0.15033986405437824,0.15033986405437824,single-frame censored RBF,observed_censored_full_grid,376,3.12733271197824,1.5362595906310508,-1.2900931741202206,1.3139032181027892,0.47525272237862054,0.43882978723404253,1.8579116084365095,3.3488467690312524
SpiralScanPath_7,Spiral,evaluation,4,target_15pct,0.15,293.7162576554685,295.8140795498944,2.0978218944259197,40.73929576836633,0.9862710487838044,0.15033986405437824,0.15033986405437824,single-frame censored RBF,overall,2501,1.2326496098892756,0.36158572173249237,-0.12681531225714274,0.7693754453205988,2.480564196533426,0.9156337465013994,9.683349603776469,0.568927487723463
SpiralScanPath_7,Spiral,evaluation,4,target_15pct,0.15,293.7162576554685,295.8140795498944,2.0978218944259197,40.73929576836633,0.9862710487838044,0.15033986405437824,0.15033986405437824,single-frame censored RBF,top_1pct,25,11.181237581879298,8.14912841808312,-8.14912841808312,7.901205047945032,0.44781454530325493,0.0,1.7360857630212125,18.481092753855897
SpiralScanPath_7,Spiral,evaluation,4,target_15pct,0.15,293.7162576554685,295.8140795498944,2.0978218944259197,40.73929576836633,0.9862710487838044,0.15033986405437824,0.15033986405437824,single-frame censored RBF,unsaturated_full_grid,2125,0.24031661252348313,0.15373754540032392,0.07901644118310071,0.6730260605836088,2.8353863679603477,1.0,11.067991809069564,0.07704529959559063
SpiralScanPath_7,Spiral,evaluation,5,target_20pct,0.2,293.5401773875542,295.8140795498944,2.273902162340221,40.915376036280634,0.9905338340683949,0.20031987205117952,0.21031587365053978,advective posterior physics mean + sequential advective ST,deliberately_hidden_observable,417,0.9375890017199499,0.7004260457570549,-0.5829606154030654,0.5394273640799316,0.6877277012542805,0.7913669064748201,2.6903014320984724,1.0052142211545583
SpiralScanPath_7,Spiral,evaluation,5,target_20pct,0.2,293.5401773875542,295.8140795498944,2.273902162340221,40.915376036280634,0.9905338340683949,0.20031987205117952,0.21031587365053978,advective posterior physics mean + sequential advective ST,near_ceiling_unsaturated_1K,1989,0.1594848343811931,0.11657501759326801,0.0779679315149224,0.16950500065500493,0.6603796180460917,1.0,2.5802151134082996,0.18033608619798558
SpiralScanPath_7,Spiral,evaluation,5,target_20pct,0.2,293.5401773875542,295.8140795498944,2.273902162340221,40.915376036280634,0.9905338340683949,0.20031987205117952,0.21031587365053978,advective posterior physics mean + sequential advective ST,observed_censored_full_grid,501,1.8629594517502959,1.1436614613507963,-1.027906157099171,0.94475815175477,0.6904923237620506,0.6646706586826348,2.7020668222449284,1.6331735207471054
SpiralScanPath_7,Spiral,evaluation,5,target_20pct,0.2,293.5401773875542,295.8140795498944,2.273902162340221,40.915376036280634,0.9905338340683949,0.20031987205117952,0.21031587365053978,advective posterior physics mean + sequential advective ST,overall,2501,0.8459308724185088,0.3223888663471794,-0.1439780372526788,0.32482759348798146,0.6663858846193886,0.9328268692522991,2.604483383383939,0.4716182019359551
SpiralScanPath_7,Spiral,evaluation,5,target_20pct,0.2,293.5401773875542,295.8140795498944,2.273902162340221,40.915376036280634,0.9905338340683949,0.20031987205117952,0.21031587365053978,advective posterior physics mean + sequential advective ST,top_1pct,25,6.438943501800572,5.871012178398553,-5.52147195588099,5.4653506810338195,0.7088379986538084,0.0,2.7606301544528127,8.328748027062986
SpiralScanPath_7,Spiral,evaluation,5,target_20pct,0.2,293.5401773875542,295.8140795498944,2.273902162340221,40.915376036280634,0.9905338340683949,0.20031987205117952,0.21031587365053978,advective posterior physics mean + sequential advective ST,unsaturated_full_grid,2000,0.15958324468128265,0.11666008129877335,0.0774459567688675,0.16953498864215097,0.6603472216141518,1.0,2.5800387319492613,0.18064859457376195
SpiralScanPath_7,Spiral,evaluation,5,target_20pct,0.2,293.5401773875542,295.8140795498944,2.273902162340221,40.915376036280634,0.9905338340683949,0.20031987205117952,0.21031587365053978,single-frame censored RBF,deliberately_hidden_observable,417,0.9778566074141967,0.8425674762863228,-0.38014282003141403,0.6436227740369043,0.46746351976538736,0.5995203836930456,1.8240608616038128,1.8607687693375352
SpiralScanPath_7,Spiral,evaluation,5,target_20pct,0.2,293.5401773875542,295.8140795498944,2.273902162340221,40.915376036280634,0.9905338340683949,0.20031987205117952,0.21031587365053978,single-frame censored RBF,near_ceiling_unsaturated_1K,1989,0.32893498487260087,0.25337423056343267,0.19140653417511816,0.6246346053023336,2.5826382051622225,1.0,10.08751528199242,0.1240312597669211
SpiralScanPath_7,Spiral,evaluation,5,target_20pct,0.2,293.5401773875542,295.8140795498944,2.273902162340221,40.915376036280634,0.9905338340683949,0.20031987205117952,0.21031587365053978,single-frame censored RBF,observed_censored_full_grid,501,2.813296989249559,1.4015746106466185,-1.0139328901198756,1.1950384433034456,0.4615729864198408,0.500998003992016,1.8007341079035544,3.155885325550782
SpiralScanPath_7,Spiral,evaluation,5,target_20pct,0.2,293.5401773875542,295.8140795498944,2.273902162340221,40.915376036280634,0.9905338340683949,0.20031987205117952,0.21031587365053978,single-frame censored RBF,overall,2501,1.2930591132534335,0.4832864484716038,-0.05081061237664779,0.7392096712949124,2.15860891046681,0.9000399840063974,8.43055871222224,0.7316523792070987
SpiralScanPath_7,Spiral,evaluation,5,target_20pct,0.2,293.5401773875542,295.8140795498944,2.273902162340221,40.915376036280634,0.9905338340683949,0.20031987205117952,0.21031587365053978,single-frame censored RBF,top_1pct,25,11.335652364772605,8.438551529814287,-8.438551529814287,8.195886745675475,0.4289542230550109,0.0,1.6728652584120436,19.232676063207176
SpiralScanPath_7,Spiral,evaluation,5,target_20pct,0.2,293.5401773875542,295.8140795498944,2.273902162340221,40.915376036280634,0.9905338340683949,0.20031987205117952,0.21031587365053978,single-frame censored RBF,unsaturated_full_grid,2000,0.32896965132039163,0.25325526384676267,0.19045151819803077,0.625024563906775,2.583716409440576,1.0,10.09132977560407,0.12438202614800603
SpiralScanPath_8,Spiral,evaluation,0,reference,0.03,295.9806504909343,295.9806504909343,0.0,36.0865129881679,0.9272516756942837,0.03438624550179928,0.03318672530987605,advective posterior physics mean + sequential advective ST,deliberately_hidden_observable,0,,,,,,,,
SpiralScanPath_8,Spiral,evaluation,0,reference,0.03,295.9806504909343,295.9806504909343,0.0,36.0865129881679,0.9272516756942837,0.03438624550179928,0.03318672530987605,advective posterior physics mean + sequential advective ST,near_ceiling_unsaturated_1K,154,0.8943932192947716,0.5042797885627102,0.29155767554714157,0.38747369323445124,0.778686820197682,0.987012987012987,3.040606239720232,0.5111069719128809
SpiralScanPath_8,Spiral,evaluation,0,reference,0.03,295.9806504909343,295.9806504909343,0.0,36.0865129881679,0.9272516756942837,0.03438624550179928,0.03318672530987605,advective posterior physics mean + sequential advective ST,observed_censored_full_grid,86,2.6285008435270165,2.0096181114846803,1.0424348799152376,1.4431800823745602,1.4647164376558675,0.8488372093023255,5.7158322919767555,1.2611651925315093
SpiralScanPath_8,Spiral,evaluation,0,reference,0.03,295.9806504909343,295.9806504909343,0.0,36.0865129881679,0.9272516756942837,0.03438624550179928,0.03318672530987605,advective posterior physics mean + sequential advective ST,overall,2501,0.558427254581143,0.21239811787891255,0.12111736087328398,0.2272699747882623,0.6924168530747179,0.9940023990403839,2.705267229251547,0.25106245670871696
SpiralScanPath_8,Spiral,evaluation,0,reference,0.03,295.9806504909343,295.9806504909343,0.0,36.0865129881679,0.9272516756942837,0.03438624550179928,0.03318672530987605,advective posterior physics mean + sequential advective ST,top_1pct,25,3.3124773504010716,2.3433254471357303,-0.584867233621585,1.8279141393206795,1.5828682813720194,0.72,6.143105757063807,1.4506349066021818
SpiralScanPath_8,Spiral,evaluation,0,reference,0.03,295.9806504909343,295.9806504909343,0.0,36.0865129881679,0.9272516756942837,0.03438624550179928,0.03318672530987605,advective posterior physics mean + sequential advective ST,unsaturated_full_grid,2415,0.2773274576235415,0.14839773715423507,0.08830853824901565,0.1839704844145888,0.6649146732511241,0.9991718426501035,2.598058701137938,0.21509192450136289
SpiralScanPath_8,Spiral,evaluation,0,reference,0.03,295.9806504909343,295.9806504909343,0.0,36.0865129881679,0.9272516756942837,0.03438624550179928,0.03318672530987605,single-frame censored RBF,deliberately_hidden_observable,0,,,,,,,,
SpiralScanPath_8,Spiral,evaluation,0,reference,0.03,295.9806504909343,295.9806504909343,0.0,36.0865129881679,0.9272516756942837,0.03438624550179928,0.03318672530987605,single-frame censored RBF,near_ceiling_unsaturated_1K,154,1.4987376334823013,1.295252194083286,-0.05781659351349462,0.9271014364850948,2.660665720674263,1.0,10.382844263829726,0.4994776077723492
SpiralScanPath_8,Spiral,evaluation,0,reference,0.03,295.9806504909343,295.9806504909343,0.0,36.0865129881679,0.9272516756942837,0.03438624550179928,0.03318672530987605,single-frame censored RBF,observed_censored_full_grid,86,5.049262919818533,3.0889132371601895,0.9649128338931221,2.2761661950595227,1.8389538764642128,0.6976744186046512,6.841505835964025,1.781889504715935
SpiralScanPath_8,Spiral,evaluation,0,reference,0.03,295.9806504909343,295.9806504909343,0.0,36.0865129881679,0.9272516756942837,0.03438624550179928,0.03318672530987605,single-frame censored RBF,overall,2501,1.0378972724315507,0.3052857900571596,0.013126280952415864,0.7750178103120283,2.91915510283647,0.9896041583366654,11.381942040996426,0.1496458202503094
SpiralScanPath_8,Spiral,evaluation,0,reference,0.03,295.9806504909343,295.9806504909343,0.0,36.0865129881679,0.9272516756942837,0.03438624550179928,0.03318672530987605,single-frame censored RBF,top_1pct,25,8.259120253721536,4.034889362180581,-3.271672025058131,3.636707376252798,1.8071237896896053,0.76,6.787007535492446,2.5600447094589684
SpiralScanPath_8,Spiral,evaluation,0,reference,0.03,295.9806504909343,295.9806504909343,0.0,36.0865129881679,0.9272516756942837,0.03438624550179928,0.03318672530987605,single-frame censored RBF,unsaturated_full_grid,2415,0.4557337869236358,0.20615868428040576,-0.020767567309654834,0.721560766383132,2.9576218959909277,1.0,11.543630452438576,0.09152037227347969
SpiralScanPath_8,Spiral,evaluation,1,target_5pct,0.05,295.5992006256562,295.9806504909343,0.381449865278114,36.46796285344601,0.9370531222039108,0.05037984806077569,0.05237904838064774,advective posterior physics mean + sequential advective ST,deliberately_hidden_observable,39,2.275908069102539,1.8312798453432957,1.7588885669221508,1.3095072141666178,1.238125723651445,0.7435897435897436,4.812871568880359,1.2772854214619802
SpiralScanPath_8,Spiral,evaluation,1,target_5pct,0.05,295.5992006256562,295.9806504909343,0.381449865278114,36.46796285344601,0.9370531222039108,0.05037984806077569,0.05237904838064774,advective posterior physics mean + sequential advective ST,near_ceiling_unsaturated_1K,144,1.2988415946230112,0.7901561950161814,0.5867803173920518,0.5813222108202528,0.8730201140159461,0.9236111111111112,3.4212987585542036,0.7053166623801554
SpiralScanPath_8,Spiral,evaluation,1,target_5pct,0.05,295.5992006256562,295.9806504909343,0.381449865278114,36.46796285344601,0.9370531222039108,0.05037984806077569,0.05237904838064774,advective posterior physics mean + sequential advective ST,observed_censored_full_grid,126,2.4813889224356753,1.9345238145525216,1.2358872473588856,1.3881509506520644,1.3782732144961338,0.7936507936507936,5.386170345032992,1.309648124412386
SpiralScanPath_8,Spiral,evaluation,1,target_5pct,0.05,295.5992006256562,295.9806504909343,0.381449865278114,36.46796285344601,0.9370531222039108,0.05037984806077569,0.05237904838064774,advective posterior physics mean + sequential advective ST,overall,2501,0.6558948324629712,0.25211140571901247,0.16317521664251255,0.2543770812828565,0.7054755217483049,0.9852059176329468,2.7577421072271586,0.27869148650780556
SpiralScanPath_8,Spiral,evaluation,1,target_5pct,0.05,295.5992006256562,295.9806504909343,0.381449865278114,36.46796285344601,0.9370531222039108,0.05037984806077569,0.05237904838064774,advective posterior physics mean + sequential advective ST,top_1pct,25,3.453411611771783,2.5143432660039275,-0.6000744400682083,1.9029087329840069,1.6236368433479909,0.76,6.356663483206271,1.593739726521457
SpiralScanPath_8,Spiral,evaluation,1,target_5pct,0.05,295.5992006256562,295.9806504909343,0.381449865278114,36.46796285344601,0.9370531222039108,0.05037984806077569,0.05237904838064774,advective posterior physics mean + sequential advective ST,unsaturated_full_grid,2375,0.35547247262000464,0.1628550000293189,0.10626502048661235,0.19422739389737428,0.6697818336277883,0.9953684210526316,2.618297072295144,0.22399652382318364
SpiralScanPath_8,Spiral,evaluation,1,target_5pct,0.05,295.5992006256562,295.9806504909343,0.381449865278114,36.46796285344601,0.9370531222039108,0.05037984806077569,0.05237904838064774,single-frame censored RBF,deliberately_hidden_observable,39,2.3120740129243424,2.208537487113513,2.208537487113513,1.3704792853035113,1.575393823429589,0.6666666666666666,5.935686341246344,1.4127964465771317
SpiralScanPath_8,Spiral,evaluation,1,target_5pct,0.05,295.5992006256562,295.9806504909343,0.381449865278114,36.46796285344601,0.9370531222039108,0.05037984806077569,0.05237904838064774,single-frame censored RBF,near_ceiling_unsaturated_1K,144,1.4195852357036876,1.166882869549874,0.9858565180514474,0.8725230767741954,2.2917657850690207,1.0,8.930760252293311,0.5610830790956713
SpiralScanPath_8,Spiral,evaluation,1,target_5pct,0.05,295.5992006256562,295.9806504909343,0.381449865278114,36.46796285344601,0.9370531222039108,0.05037984806077569,0.05237904838064774,single-frame censored RBF,observed_censored_full_grid,126,4.257580960833079,2.4013525937249045,0.6518089032708343,1.7179418017090817,1.5713195010233498,0.7936507936507936,5.857161594096874,1.649071779433326
SpiralScanPath_8,Spiral,evaluation,1,target_5pct,0.05,295.5992006256562,295.9806504909343,0.381449865278114,36.46796285344601,0.9370531222039108,0.05037984806077569,0.05237904838064774,single-frame censored RBF,overall,2501,1.0372850189228222,0.29595695824841495,0.08524715695864177,0.7655739059054316,2.86186660305339,0.9896041583366654,11.15568133044416,0.16998468565119776
SpiralScanPath_8,Spiral,evaluation,1,target_5pct,0.05,295.5992006256562,295.9806504909343,0.381449865278114,36.46796285344601,0.9370531222039108,0.05037984806077569,0.05237904838064774,single-frame censored RBF,top_1pct,25,8.64706695595724,4.503791004710658,-4.293345549705111,4.107394782621317,1.4566024756971714,0.64,5.4558766218734105,3.5371707542658926
SpiralScanPath_8,Spiral,evaluation,1,target_5pct,0.05,295.5992006256562,295.9806504909343,0.381449865278114,36.46796285344601,0.9370531222039108,0.05037984806077569,0.05237904838064774,single-frame censored RBF,unsaturated_full_grid,2375,0.41395399491181256,0.18426017927155694,0.05518956536481597,0.7150482828017433,2.9303335229926675,1.0,11.436781745930375,0.0915152229915985
SpiralScanPath_8,Spiral,evaluation,2,target_7.5pct,0.075,295.245009257165,295.9806504909343,0.7356412337692859,36.82215422193718,0.9461541550484412,0.07516993202718912,0.07716913234706117,advective posterior physics mean + sequential advective ST,deliberately_hidden_observable,102,2.2197776779325973,1.9349095504076683,1.8807829137204064,1.3273041158078547,1.3616008040163283,0.8823529411764706,5.295188469817592,1.3095926146106098
SpiralScanPath_8,Spiral,evaluation,2,target_7.5pct,0.075,295.245009257165,295.9806504909343,0.7356412337692859,36.82215422193718,0.9461541550484412,0.07516993202718912,0.07716913234706117,advective posterior physics mean + sequential advective ST,near_ceiling_unsaturated_1K,113,1.3016514015430294,0.9116291660972364,0.748295971838766,0.6366028600078956,0.9026753270446497,0.9380530973451328,3.5235063989633204,0.8332951876118465
SpiralScanPath_8,Spiral,evaluation,2,target_7.5pct,0.075,295.245009257165,295.9806504909343,0.7356412337692859,36.82215422193718,0.9461541550484412,0.07516993202718912,0.07716913234706117,advective posterior physics mean + sequential advective ST,observed_censored_full_grid,188,2.3829949349963786,1.9042611996376222,1.389396150032588,1.3468048281626375,1.4517795048700874,0.8882978723404256,5.659643995692334,1.2603569301969717
SpiralScanPath_8,Spiral,evaluation,2,target_7.5pct,0.075,295.245009257165,295.9806504909343,0.7356412337692859,36.82215422193718,0.9461541550484412,0.07516993202718912,0.07716913234706117,advective posterior physics mean + sequential advective ST,overall,2501,0.7249074118609297,0.29084681993509937,0.2041845131306173,0.27875346199160617,0.7273690506472805,0.9888044782087165,2.8411499651522263,0.30037626270650747
SpiralScanPath_8,Spiral,evaluation,2,target_7.5pct,0.075,295.245009257165,295.9806504909343,0.7356412337692859,36.82215422193718,0.9461541550484412,0.07516993202718912,0.07716913234706117,advective posterior physics mean + sequential advective ST,top_1pct,25,3.621710652269133,2.322023682871272,-1.0882455017491657,1.9465614874695654,1.6672837015997146,0.76,6.52814720659258,1.538709951611103
SpiralScanPath_8,Spiral,evaluation,2,target_7.5pct,0.075,295.245009257165,295.9806504909343,0.7356412337692859,36.82215422193718,0.9461541550484412,0.07516993202718912,0.07716913234706117,advective posterior physics mean + sequential advective ST,unsaturated_full_grid,2313,0.3265611587878703,0.15970894557968465,0.10785083922764692,0.19194254247575923,0.6684891693701998,0.9969736273238219,2.6120635502185725,0.22234929967658648
SpiralScanPath_8,Spiral,evaluation,2,target_7.5pct,0.075,295.245009257165,295.9806504909343,0.7356412337692859,36.82215422193718,0.9461541550484412,0.07516993202718912,0.07716913234706117,single-frame censored RBF,deliberately_hidden_observable,102,1.576550909547172,1.5247034063848557,1.5247034063848557,0.934953894188575,1.161502629431607,0.8725490196078431,4.44850673725391,1.3178313460761757
SpiralScanPath_8,Spiral,evaluation,2,target_7.5pct,0.075,295.245009257165,295.9806504909343,0.7356412337692859,36.82215422193718,0.9461541550484412,0.07516993202718912,0.07716913234706117,single-frame censored RBF,near_ceiling_unsaturated_1K,113,1.1521251009855893,0.994308841272963,0.8384859910206464,0.7229776958862826,1.943810745881336,1.0,7.565591744196929,0.5871172896296725
SpiralScanPath_8,Spiral,evaluation,2,target_7.5pct,0.075,295.245009257165,295.9806504909343,0.7356412337692859,36.82215422193718,0.9461541550484412,0.07516993202718912,0.07716913234706117,single-frame censored RBF,observed_censored_full_grid,188,3.5985720879129444,1.7768545098053843,0.3230779804143344,1.3100050147664388,1.1523945256212018,0.8723404255319149,4.420800640765773,1.5319975159790908
SpiralScanPath_8,Spiral,evaluation,2,target_7.5pct,0.075,295.245009257165,295.9806504909343,0.7356412337692859,36.82215422193718,0.9461541550484412,0.07516993202718912,0.07716913234706117,single-frame censored RBF,overall,2501,1.033730755479939,0.2762318434949536,0.060384871017842214,0.7490206662688391,2.7872022484395993,0.9904038384646141,10.875378417210426,0.1925750149385613
SpiralScanPath_8,Spiral,evaluation,2,target_7.5pct,0.075,295.245009257165,295.9806504909343,0.7356412337692859,36.82215422193718,0.9461541550484412,0.07516993202718912,0.07716913234706117,single-frame censored RBF,top_1pct,25,9.239748153462072,5.366005865413151,-5.366005865413151,4.8827532159787825,1.1894247475895559,0.6,4.570594240947153,4.559134830108784
SpiralScanPath_8,Spiral,evaluation,2,target_7.5pct,0.075,295.245009257165,295.9806504909343,0.7356412337692859,36.82215422193718,0.9461541550484412,0.07516993202718912,0.07716913234706117,single-frame censored RBF,unsaturated_full_grid,2313,0.32078806497173834,0.15426164839492726,0.039033247772472336,0.7034240136456014,2.9200789678039993,1.0,11.400004712917987,0.08370712466808158
SpiralScanPath_8,Spiral,evaluation,3,target_10pct,0.1,294.88315437906476,295.9806504909343,1.0974961118695319,37.18400910003743,0.9554521036251469,0.10035985605757697,0.10115953618552578,advective posterior physics mean + sequential advective ST,deliberately_hidden_observable,164,1.803904899942824,1.6726270374993124,1.6258612371622663,1.0991386195856727,1.262072361024478,0.9817073170731707,4.915049932555454,1.2806096649648555
SpiralScanPath_8,Spiral,evaluation,3,target_10pct,0.1,294.88315437906476,295.9806504909343,1.0974961118695319,37.18400910003743,0.9554521036251469,0.10035985605757697,0.10115953618552578,advective posterior physics mean + sequential advective ST,near_ceiling_unsaturated_1K,101,1.0024733333537206,0.6364114702001167,0.5211485102422799,0.461961211025077,0.800243778985822,0.9900990099009901,3.1200699119446287,0.6361806506209681
SpiralScanPath_8,Spiral,evaluation,3,target_10pct,0.1,294.88315437906476,295.9806504909343,1.0974961118695319,37.18400910003743,0.9554521036251469,0.10035985605757697,0.10115953618552578,advective posterior physics mean + sequential advective ST,observed_censored_full_grid,251,2.0483040862245683,1.6521985001320172,1.0816113629403303,1.140664758971061,1.2979832512609346,0.9442231075697212,5.061471557998349,1.2648484082835691
SpiralScanPath_8,Spiral,evaluation,3,target_10pct,0.1,294.88315437906476,295.9806504909343,1.0974961118695319,37.18400910003743,0.9554521036251469,0.10035985605757697,0.10115953618552578,advective posterior physics mean + sequential advective ST,overall,2501,0.6947724773014754,0.29447978642792033,0.194078876991684,0.27810683066514663,0.7270144646520609,0.9940023990403839,2.8399865580938415,0.31494838743775583
SpiralScanPath_8,Spiral,evaluation,3,target_10pct,0.1,294.88315437906476,295.9806504909343,1.0974961118695319,37.18400910003743,0.9554521036251469,0.10035985605757697,0.10115953618552578,advective posterior physics mean + sequential advective ST,top_1pct,25,4.070049156397991,2.9110400879936766,-2.1262119144661553,2.45385920082385,1.4351477873050007,0.6,5.640277235041173,2.3235665154942744
SpiralScanPath_8,Spiral,evaluation,3,target_10pct,0.1,294.88315437906476,295.9806504909343,1.0974961118695319,37.18400910003743,0.9554521036251469,0.10035985605757697,0.10115953618552578,advective posterior physics mean + sequential advective ST,unsaturated_full_grid,2250,0.2617647287958988,0.1430187210324855,0.09506969744807944,0.1818837017741313,0.6633197244570266,0.9995555555555555,2.592167564771161,0.2089817628900673
SpiralScanPath_8,Spiral,evaluation,3,target_10pct,0.1,294.88315437906476,295.9806504909343,1.0974961118695319,37.18400910003743,0.9554521036251469,0.10035985605757697,0.10115953618552578,single-frame censored RBF,deliberately_hidden_observable,164,0.7720047297252053,0.6726463111214304,0.6678215580984108,0.40635665521367414,0.8167523531977766,0.9817073170731707,3.158041791738136,0.8098822132596837
SpiralScanPath_8,Spiral,evaluation,3,target_10pct,0.1,294.88315437906476,295.9806504909343,1.0974961118695319,37.18400910003743,0.9554521036251469,0.10035985605757697,0.10115953618552578,single-frame censored RBF,near_ceiling_unsaturated_1K,101,0.660890472811692,0.5324835936776136,0.465087186530141,0.5708391859139932,1.9749895316453208,1.0,7.71446670366317,0.353377183892767
SpiralScanPath_8,Spiral,evaluation,3,target_10pct,0.1,294.88315437906476,295.9806504909343,1.0974961118695319,37.18400910003743,0.9554521036251469,0.10035985605757697,0.10115953618552578,single-frame censored RBF,observed_censored_full_grid,251,3.1663012893265483,1.21452726557541,-0.26950691283999517,0.9600708952104587,0.8190357692375267,0.8764940239043825,3.1732195903627347,1.4877146544121347
SpiralScanPath_8,Spiral,evaluation,3,target_10pct,0.1,294.88315437906476,295.9806504909343,1.0974961118695319,37.18400910003743,0.9554521036251469,0.10035985605757697,0.10115953618552578,single-frame censored RBF,overall,2501,1.0216353606544735,0.22819300684099758,-0.012517789597880602,0.72177961724508,2.7176193669416238,0.9876049580167933,10.602360598808163,0.20888574809252802
SpiralScanPath_8,Spiral,evaluation,3,target_10pct,0.1,294.88315437906476,295.9806504909343,1.0974961118695319,37.18400910003743,0.9554521036251469,0.10035985605757697,0.10115953618552578,single-frame censored RBF,top_1pct,25,9.759617903065841,6.283278772159549,-6.283278772159549,5.820371084998125,0.8429495338889685,0.12,3.212253748142282,7.602843976127377
SpiralScanPath_8,Spiral,evaluation,3,target_10pct,0.1,294.88315437906476,295.9806504909343,1.0974961118695319,37.18400910003743,0.9554521036251469,0.10035985605757697,0.10115953618552578,single-frame censored RBF,unsaturated_full_grid,2250,0.20439540830524017,0.11816194064440314,0.016150774817128625,0.6951969013476088,2.9294169149521694,1.0,11.431122551305853,0.06622527898754084
SpiralScanPath_8,Spiral,evaluation,4,target_15pct,0.15,293.7897867473018,295.9806504909343,2.1908637436325193,38.277376731800416,0.9835464492615494,0.15033986405437824,0.14754098360655737,advective posterior physics mean + sequential advective ST,deliberately_hidden_observable,289,0.7723541559274569,0.6602003562928447,-0.5082189839118878,0.4481151343679095,0.7311822075443829,0.9826989619377162,2.8584733937050446,0.8957646619041791
SpiralScanPath_8,Spiral,evaluation,4,target_15pct,0.15,293.7897867473018,295.9806504909343,2.1908637436325193,38.277376731800416,0.9835464492615494,0.15033986405437824,0.14754098360655737,advective posterior physics mean + sequential advective ST,near_ceiling_unsaturated_1K,1986,0.1729670522543405,0.12734193053605525,0.08457735148723113,0.17171015340025908,0.6582628436860136,1.0,2.5720683982646797,0.19851154842622867
SpiralScanPath_8,Spiral,evaluation,4,target_15pct,0.15,293.7897867473018,295.9806504909343,2.1908637436325193,38.277376731800416,0.9835464492615494,0.15033986405437824,0.14754098360655737,advective posterior physics mean + sequential advective ST,observed_censored_full_grid,376,1.8843893165518482,1.1780734809098476,-1.029215823286132,0.920952586516255,0.7349373563838565,0.8031914893617021,2.8722777006046103,1.5830965678125934
SpiralScanPath_8,Spiral,evaluation,4,target_15pct,0.15,293.7897867473018,295.9806504909343,2.1908637436325193,38.277376731800416,0.9835464492615494,0.15033986405437824,0.14754098360655737,advective posterior physics mean + sequential advective ST,overall,2501,0.7477857078003359,0.2854368781922674,-0.08368781641231109,0.2844518880718316,0.669934236416807,0.9704118352658937,2.617524602716175,0.4073725383239916
SpiralScanPath_8,Spiral,evaluation,4,target_15pct,0.15,293.7897867473018,295.9806504909343,2.1908637436325193,38.277376731800416,0.9835464492615494,0.15033986405437824,0.14754098360655737,advective posterior physics mean + sequential advective ST,top_1pct,25,6.090977826512168,5.538573247995348,-5.103065389806264,5.113842563782694,0.7559993495354778,0.0,2.9484651363758347,7.356765156834755
SpiralScanPath_8,Spiral,evaluation,4,target_15pct,0.15,293.7897867473018,295.9806504909343,2.1908637436325193,38.277376731800416,0.9835464492615494,0.15033986405437824,0.14754098360655737,advective posterior physics mean + sequential advective ST,unsaturated_full_grid,2125,0.17268912731066238,0.12749270754670963,0.08361502150983319,0.1718287056647242,0.6584325078955784,1.0,2.572448289866269,0.19933854534153783
SpiralScanPath_8,Spiral,evaluation,4,target_15pct,0.15,293.7897867473018,295.9806504909343,2.1908637436325193,38.277376731800416,0.9835464492615494,0.15033986405437824,0.14754098360655737,single-frame censored RBF,deliberately_hidden_observable,289,0.9180980574657698,0.8038759783127559,-0.5454048595226632,0.6017704804217664,0.49822620108854104,0.615916955017301,1.9342197616521621,1.6611211639283987
SpiralScanPath_8,Spiral,evaluation,4,target_15pct,0.15,293.7897867473018,295.9806504909343,2.1908637436325193,38.277376731800416,0.9835464492615494,0.15033986405437824,0.14754098360655737,single-frame censored RBF,near_ceiling_unsaturated_1K,1986,0.21978896207538687,0.14026833938877173,0.058925195460151826,0.683316638870565,2.880268782710169,1.0,11.240785685490419,0.07156283842722656
SpiralScanPath_8,Spiral,evaluation,4,target_15pct,0.15,293.7897867473018,295.9806504909343,2.1908637436325193,38.277376731800416,0.9835464492615494,0.15033986405437824,0.14754098360655737,single-frame censored RBF,observed_censored_full_grid,376,3.081555068271299,1.4972448018252338,-1.293309881273545,1.2801397511519481,0.4924253271120447,0.48138297872340424,1.912380422581176,3.154437239434446
SpiralScanPath_8,Spiral,evaluation,4,target_15pct,0.15,293.7897867473018,295.9806504909343,2.1908637436325193,38.277376731800416,0.9835464492615494,0.15033986405437824,0.14754098360655737,single-frame censored RBF,overall,2501,1.2114061542016021,0.3423697767863767,-0.14780125927831356,0.774703392766382,2.5278293480499445,0.92203118752499,9.865126508528412,0.5353858752678168
SpiralScanPath_8,Spiral,evaluation,4,target_15pct,0.15,293.7897867473018,295.9806504909343,2.1908637436325193,38.277376731800416,0.9835464492615494,0.15033986405437824,0.14754098360655737,single-frame censored RBF,top_1pct,25,11.026482584072111,8.108340362960258,-8.108340362960258,7.848529188972386,0.4636314771082173,0.0,1.8086800367385125,17.344832621043107
SpiralScanPath_8,Spiral,evaluation,4,target_15pct,0.15,293.7897867473018,295.9806504909343,2.1908637436325193,38.277376731800416,0.9835464492615494,0.15033986405437824,0.14754098360655737,single-frame censored RBF,unsaturated_full_grid,2125,0.21664889978650054,0.1380248311795013,0.054886383954725074,0.6852708888826299,2.8879761301076625,1.0,11.272294757147783,0.07196784565527439
SpiralScanPath_8,Spiral,evaluation,5,target_20pct,0.2,293.5764784272881,295.9806504909343,2.404172063646172,38.49068505181407,0.9890274581148305,0.20031987205117952,0.19472211115553778,advective posterior physics mean + sequential advective ST,deliberately_hidden_observable,414,0.9756909777092295,0.7324560653432141,-0.6099862154788549,0.5630786163323418,0.690120171581561,0.7971014492753623,2.696292622745145,1.042052885542124
SpiralScanPath_8,Spiral,evaluation,5,target_20pct,0.2,293.5764784272881,295.9806504909343,2.404172063646172,38.49068505181407,0.9890274581148305,0.20031987205117952,0.19472211115553778,advective posterior physics mean + sequential advective ST,near_ceiling_unsaturated_1K,1978,0.1794556717353335,0.13252928529902308,0.09210260596387362,0.17359019925397,0.6608643360341692,1.0,2.5829036908810217,0.2047030449130018
SpiralScanPath_8,Spiral,evaluation,5,target_20pct,0.2,293.5764784272881,295.9806504909343,2.404172063646172,38.49068505181407,0.9890274581148305,0.20031987205117952,0.19472211115553778,advective posterior physics mean + sequential advective ST,observed_censored_full_grid,501,1.910126380963872,1.19229406436547,-1.07030177066285,0.9845381154647412,0.6933011335884078,0.6686626746506986,2.708581308798011,1.689908540618554
SpiralScanPath_8,Spiral,evaluation,5,target_20pct,0.2,293.5764784272881,295.9806504909343,2.404172063646172,38.49068505181407,0.9890274581148305,0.20031987205117952,0.19472211115553778,advective posterior physics mean + sequential advective ST,overall,2501,0.8699337804859978,0.34523542784408545,-0.140911002123969,0.336161134912249,0.6672510692249569,0.9336265493802479,2.6077646745742773,0.5031189941832914
SpiralScanPath_8,Spiral,evaluation,5,target_20pct,0.2,293.5764784272881,295.9806504909343,2.404172063646172,38.49068505181407,0.9890274581148305,0.20031987205117952,0.19472211115553778,advective posterior physics mean + sequential advective ST,top_1pct,25,6.544442547646693,6.036372975612062,-5.638156110652403,5.631703427577415,0.7117339275138377,0.0,2.7900165619908623,8.51679448233523
SpiralScanPath_8,Spiral,evaluation,5,target_20pct,0.2,293.5764784272881,295.9806504909343,2.404172063646172,38.49068505181407,0.9890274581148305,0.20031987205117952,0.19472211115553778,advective posterior physics mean + sequential advective ST,unsaturated_full_grid,2000,0.17997050097273964,0.13304723939547858,0.09190138539502067,0.17374270128384967,0.6607255281019124,1.0,2.5825101077012316,0.20582821280125818
SpiralScanPath_8,Spiral,evaluation,5,target_20pct,0.2,293.5764784272881,295.9806504909343,2.404172063646172,38.49068505181407,0.9890274581148305,0.20031987205117952,0.19472211115553778,single-frame censored RBF,deliberately_hidden_observable,414,1.04985008620422,0.890328145999907,-0.48101424973363327,0.6991985347946399,0.45812058962676633,0.5700483091787439,1.7901215442854839,2.0157432879989154
SpiralScanPath_8,Spiral,evaluation,5,target_20pct,0.2,293.5764784272881,295.9806504909343,2.404172063646172,38.49068505181407,0.9890274581148305,0.20031987205117952,0.19472211115553778,single-frame censored RBF,near_ceiling_unsaturated_1K,1978,0.3211334597586525,0.24343577839713784,0.18429012863411595,0.6409407246869117,2.655110621300187,1.0,10.371217364129988,0.11854435648431468
SpiralScanPath_8,Spiral,evaluation,5,target_20pct,0.2,293.5764784272881,295.9806504909343,2.404172063646172,38.49068505181407,0.9890274581148305,0.20031987205117952,0.19472211115553778,single-frame censored RBF,observed_censored_full_grid,501,2.843971576691129,1.4678623315576138,-1.1274854161400591,1.2685188092395707,0.4520285059814979,0.47305389221556887,1.7668040987015063,3.4046345188279674
SpiralScanPath_8,Spiral,evaluation,5,target_20pct,0.2,293.5764784272881,295.9806504909343,2.404172063646172,38.49068505181407,0.9890274581148305,0.20031987205117952,0.19472211115553778,single-frame censored RBF,overall,2501,1.3049473074345095,0.48886215509805164,-0.07930252169482688,0.766697233141122,2.2133376039906,0.8944422231107557,8.645153186719869,0.7775563937797106
SpiralScanPath_8,Spiral,evaluation,5,target_20pct,0.2,293.5764784272881,295.9806504909343,2.404172063646172,38.49068505181407,0.9890274581148305,0.20031987205117952,0.19472211115553778,single-frame censored RBF,top_1pct,25,11.295742038190337,8.513991513877283,-8.513991513877283,8.278821829344365,0.41742121245540637,0.0,1.639584453262853,20.242300667462054
SpiralScanPath_8,Spiral,evaluation,5,target_20pct,0.2,293.5764784272881,295.9806504909343,2.404172063646172,38.49068505181407,0.9890274581148305,0.20031987205117952,0.19472211115553778,single-frame censored RBF,unsaturated_full_grid,2000,0.3215169020316684,0.2436226108949313,0.1832672933637038,0.6409909283284605,2.6545455330418797,1.0,10.368179633268468,0.11947332345512217
SpiralScanPath_9,Spiral,evaluation,0,reference,0.03,296.12811830237854,296.12811830237854,0.0,33.533420858754596,0.9184217034643026,0.03198720511795282,0.03158736505397841,advective posterior physics mean + sequential advective ST,deliberately_hidden_observable,0,,,,,,,,
SpiralScanPath_9,Spiral,evaluation,0,reference,0.03,296.12811830237854,296.12811830237854,0.0,33.533420858754596,0.9184217034643026,0.03198720511795282,0.03158736505397841,advective posterior physics mean + sequential advective ST,near_ceiling_unsaturated_1K,156,0.7532903454534252,0.41805480431217634,0.15914039297918128,0.33687625458267334,0.7470309283053265,0.9871794871794872,2.920204785254858,0.4567313088257026
SpiralScanPath_9,Spiral,evaluation,0,reference,0.03,296.12811830237854,296.12811830237854,0.0,33.533420858754596,0.9184217034643026,0.03198720511795282,0.03158736505397841,advective posterior physics mean + sequential advective ST,observed_censored_full_grid,80,2.583174157535714,2.0178791394134734,0.8434487573272463,1.4393426814699064,1.4699496470449682,0.875,5.731436040592615,1.3087177962877232
SpiralScanPath_9,Spiral,evaluation,0,reference,0.03,296.12811830237854,296.12811830237854,0.0,33.533420858754596,0.9184217034643026,0.03198720511795282,0.03158736505397841,advective posterior physics mean + sequential advective ST,overall,2501,0.5222847806571161,0.20002298128765983,0.09701127307145767,0.22078070480904613,0.6885372415323711,0.995201919232307,2.69001187332477,0.24273260029792987
SpiralScanPath_9,Spiral,evaluation,0,reference,0.03,296.12811830237854,296.12811830237854,0.0,33.533420858754596,0.9184217034643026,0.03198720511795282,0.03158736505397841,advective posterior physics mean + sequential advective ST,top_1pct,25,3.2833069276675784,2.353029088164976,-0.750057042919434,1.8000645952404033,1.6359559943694786,0.76,6.370456255532528,1.45238042580765
SpiralScanPath_9,Spiral,evaluation,0,reference,0.03,296.12811830237854,296.12811830237854,0.0,33.533420858754596,0.9184217034643026,0.03198720511795282,0.03158736505397841,advective posterior physics mean + sequential advective ST,unsaturated_full_grid,2421,0.24758491749099845,0.13995338498445245,0.0723458460824188,0.18051430326717552,0.662716096368799,0.9991738950846758,2.5895104551581336,0.20750797589512796
SpiralScanPath_9,Spiral,evaluation,0,reference,0.03,296.12811830237854,296.12811830237854,0.0,33.533420858754596,0.9184217034643026,0.03198720511795282,0.03158736505397841,single-frame censored RBF,deliberately_hidden_observable,0,,,,,,,,
SpiralScanPath_9,Spiral,evaluation,0,reference,0.03,296.12811830237854,296.12811830237854,0.0,33.533420858754596,0.9184217034643026,0.03198720511795282,0.03158736505397841,single-frame censored RBF,near_ceiling_unsaturated_1K,156,1.466845880560034,1.28502931309038,-0.3659092889058013,0.9192407297640991,2.7161056823451313,1.0,10.635608103629734,0.4739648025746524
SpiralScanPath_9,Spiral,evaluation,0,reference,0.03,296.12811830237854,296.12811830237854,0.0,33.533420858754596,0.9184217034643026,0.03198720511795282,0.03158736505397841,single-frame censored RBF,observed_censored_full_grid,80,5.0643101792893175,3.0728051916334023,0.8488196638665826,2.2591940205136707,1.7888344641676202,0.7125,6.707335165281913,1.7545311924022566
SpiralScanPath_9,Spiral,evaluation,0,reference,0.03,296.12811830237854,296.12811830237854,0.0,33.533420858754596,0.9184217034643026,0.03198720511795282,0.03158736505397841,single-frame censored RBF,overall,2501,1.0142327040027965,0.30419373279096634,-0.02397270277506092,0.7709878796892433,2.924249966861934,0.9908036785285885,11.409781942680148,0.14433385386178357
SpiralScanPath_9,Spiral,evaluation,0,reference,0.03,296.12811830237854,296.12811830237854,0.0,33.533420858754596,0.9184217034643026,0.03198720511795282,0.03158736505397841,single-frame censored RBF,top_1pct,25,8.076390839420572,4.004054608545439,-3.1126990803083845,3.4990362148578287,1.7768751434828642,0.76,6.7746644982000115,2.3507476753680208
SpiralScanPath_9,Spiral,evaluation,0,reference,0.03,296.12811830237854,296.12811830237854,0.0,33.533420858754596,0.9184217034643026,0.03198720511795282,0.03158736505397841,single-frame censored RBF,unsaturated_full_grid,2421,0.4638611033570542,0.21270719140005567,-0.05281342534066666,0.7218113033712118,2.9617688599703786,1.0,11.56517051855452,0.09112617642137139
SpiralScanPath_9,Spiral,evaluation,1,target_5pct,0.05,295.7760414906734,296.12811830237854,0.35207681170516025,33.885497670459756,0.9280644710936039,0.05037984806077569,0.04798080767692923,advective posterior physics mean + sequential advective ST,deliberately_hidden_observable,45,1.7936000665445502,1.2875752282929271,1.1914868150927886,0.9390295222036674,1.107045393466184,0.8444444444444444,4.300620990108117,0.9726393161548423
SpiralScanPath_9,Spiral,evaluation,1,target_5pct,0.05,295.7760414906734,296.12811830237854,0.35207681170516025,33.885497670459756,0.9280644710936039,0.05037984806077569,0.04798080767692923,advective posterior physics mean + sequential advective ST,near_ceiling_unsaturated_1K,141,0.8388156758417821,0.4804393890319119,0.26588316664664413,0.3733702315249034,0.7990288673906939,0.9858156028368794,3.127268098642436,0.47855600802526427
SpiralScanPath_9,Spiral,evaluation,1,target_5pct,0.05,295.7760414906734,296.12811830237854,0.35207681170516025,33.885497670459756,0.9280644710936039,0.05037984806077569,0.04798080767692923,advective posterior physics mean + sequential advective ST,observed_censored_full_grid,126,2.422542530002767,1.8269883382861176,1.2085149278402005,1.3121717296475712,1.418933152389126,0.873015873015873,5.535975392131373,1.1852135820786451
SpiralScanPath_9,Spiral,evaluation,1,target_5pct,0.05,295.7760414906734,296.12811830237854,0.35207681170516025,33.885497670459756,0.9280644710936039,0.05037984806077569,0.04798080767692923,advective posterior physics mean + sequential advective ST,overall,2501,0.5987265845892129,0.22614629860863952,0.13633578177344938,0.23858839996402478,0.7030350377271454,0.9928028788484606,2.7470780936233745,0.2555902698771615
SpiralScanPath_9,Spiral,evaluation,1,target_5pct,0.05,295.7760414906734,296.12811830237854,0.35207681170516025,33.885497670459756,0.9280644710936039,0.05037984806077569,0.04798080767692923,advective posterior physics mean + sequential advective ST,top_1pct,25,3.4983631602856584,2.4059164757098417,-0.21839726789742145,1.8913577799796402,1.767164518633232,0.8,6.85096044012527,1.4353321883969437
SpiralScanPath_9,Spiral,evaluation,1,target_5pct,0.05,295.7760414906734,296.12811830237854,0.35207681170516025,33.885497670459756,0.9280644710936039,0.05037984806077569,0.04798080767692923,advective posterior physics mean + sequential advective ST,unsaturated_full_grid,2375,0.25717864382078304,0.1412174156615396,0.07945385655053963,0.18163197910502402,0.6650547588019203,0.9991578947368421,2.5991197527341074,0.20627130678773545
SpiralScanPath_9,Spiral,evaluation,1,target_5pct,0.05,295.7760414906734,296.12811830237854,0.35207681170516025,33.885497670459756,0.9280644710936039,0.05037984806077569,0.04798080767692923,single-frame censored RBF,deliberately_hidden_observable,45,2.2360892017621743,2.117389333821173,2.117389333821173,1.3565247225062342,1.413240472998456,0.6,5.296520963602052,1.4898947270633345
SpiralScanPath_9,Spiral,evaluation,1,target_5pct,0.05,295.7760414906734,296.12811830237854,0.35207681170516025,33.885497670459756,0.9280644710936039,0.05037984806077569,0.04798080767692923,single-frame censored RBF,near_ceiling_unsaturated_1K,141,1.3856635035058888,1.1043035149038503,0.6038546086508656,0.8631442508042203,2.4075318485315487,0.9929078014184397,9.39007553513774,0.48888172086919685
SpiralScanPath_9,Spiral,evaluation,1,target_5pct,0.05,295.7760414906734,296.12811830237854,0.35207681170516025,33.885497670459756,0.9280644710936039,0.05037984806077569,0.04798080767692923,single-frame censored RBF,observed_censored_full_grid,126,4.150225435826633,2.35896544273879,0.8597808563504232,1.6890723669304695,1.4882576622162087,0.7619047619047619,5.61039212073605,1.6122501184816356
SpiralScanPath_9,Spiral,evaluation,1,target_5pct,0.05,295.7760414906734,296.12811830237854,0.35207681170516025,33.885497670459756,0.9280644710936039,0.05037984806077569,0.04798080767692923,single-frame censored RBF,overall,2501,1.0139610934962053,0.29062256957345484,0.0725718717028447,0.7629091517928469,2.8650094829614314,0.9876049580167933,11.184181698993255,0.16288991909148015
SpiralScanPath_9,Spiral,evaluation,1,target_5pct,0.05,295.7760414906734,296.12811830237854,0.35207681170516025,33.885497670459756,0.9280644710936039,0.05037984806077569,0.04798080767692923,single-frame censored RBF,top_1pct,25,8.310204853849,4.015644470923726,-3.540245844473643,3.5532407898649736,1.5934933521356516,0.72,5.9509800875811445,2.735656278140326
SpiralScanPath_9,Spiral,evaluation,1,target_5pct,0.05,295.7760414906734,296.12811830237854,0.35207681170516025,33.885497670459756,0.9280644710936039,0.05037984806077569,0.04798080767692923,single-frame censored RBF,unsaturated_full_grid,2375,0.41092967651319684,0.18089153714447284,0.030808363464699475,0.7137737559581773,2.9380497900830727,0.999578947368421,11.479885903987112,0.08599754640804454
SpiralScanPath_9,Spiral,evaluation,2,target_7.5pct,0.075,295.38426676489865,296.12811830237854,0.743851537479884,34.27727239623448,0.938794495105644,0.07516993202718912,0.07277089164334266,advective posterior physics mean + sequential advective ST,deliberately_hidden_observable,108,1.9857381512922194,1.7116506714943087,1.643988202399802,1.1855847488373639,1.229266393256876,0.8611111111111112,4.7764891223099575,1.274727263627625
SpiralScanPath_9,Spiral,evaluation,2,target_7.5pct,0.075,295.38426676489865,296.12811830237854,0.743851537479884,34.27727239623448,0.938794495105644,0.07516993202718912,0.07277089164334266,advective posterior physics mean + sequential advective ST,near_ceiling_unsaturated_1K,108,1.2311654342414775,0.873311292185001,0.6758846212658327,0.6100390974973128,0.8953563244490993,0.9537037037037037,3.4964649765613185,0.8149711320118227
SpiralScanPath_9,Spiral,evaluation,2,target_7.5pct,0.075,295.38426676489865,296.12811830237854,0.743851537479884,34.27727239623448,0.938794495105644,0.07516993202718912,0.07277089164334266,advective posterior physics mean + sequential advective ST,observed_censored_full_grid,188,2.2608902201850456,1.82048475192288,1.1521909628119398,1.2880639677788368,1.340760467969983,0.8563829787234043,5.224982555143154,1.2755518906311545
SpiralScanPath_9,Spiral,evaluation,2,target_7.5pct,0.075,295.38426676489865,296.12811830237854,0.743851537479884,34.27727239623448,0.938794495105644,0.07516993202718912,0.07277089164334266,advective posterior physics mean + sequential advective ST,overall,2501,0.6869245080813489,0.27886509302033796,0.1767176884597999,0.2721859940878095,0.7181615152484764,0.9872051179528188,2.8058901222324955,0.2959459369066067
SpiralScanPath_9,Spiral,evaluation,2,target_7.5pct,0.075,295.38426676489865,296.12811830237854,0.743851537479884,34.27727239623448,0.938794495105644,0.07516993202718912,0.07277089164334266,advective posterior physics mean + sequential advective ST,top_1pct,25,3.7817647392575062,2.801720342865808,-1.651945181902854,2.2692019191057202,1.503696531447373,0.56,5.897991262615444,1.82945068894442
SpiralScanPath_9,Spiral,evaluation,2,target_7.5pct,0.075,295.38426676489865,296.12811830237854,0.743851537479884,34.27727239623448,0.938794495105644,0.07516993202718912,0.07277089164334266,advective posterior physics mean + sequential advective ST,unsaturated_full_grid,2313,0.3078098878557514,0.15356267370616677,0.09743149063091867,0.1896157134765198,0.6675568446424914,0.9978383052313013,2.6092669586409674,0.2163238360418358
SpiralScanPath_9,Spiral,evaluation,2,target_7.5pct,0.075,295.38426676489865,296.12811830237854,0.743851537479884,34.27727239623448,0.938794495105644,0.07516993202718912,0.07277089164334266,single-frame censored RBF,deliberately_hidden_observable,108,1.4189968094811003,1.3435677221678843,1.3399503325576916,0.7818669816110725,1.1604782696691085,0.9722222222222222,4.468663002863018,1.1769775654514638
SpiralScanPath_9,Spiral,evaluation,2,target_7.5pct,0.075,295.38426676489865,296.12811830237854,0.743851537479884,34.27727239623448,0.938794495105644,0.07516993202718912,0.07277089164334266,single-frame censored RBF,near_ceiling_unsaturated_1K,108,1.0820188878483017,0.9527979059309507,0.805837623323357,0.7100340759069959,1.9535297295543044,1.0,7.670127108602757,0.565073895161021
SpiralScanPath_9,Spiral,evaluation,2,target_7.5pct,0.075,295.38426676489865,296.12811830237854,0.743851537479884,34.27727239623448,0.938794495105644,0.07516993202718912,0.07277089164334266,single-frame censored RBF,observed_censored_full_grid,188,3.501227409394985,1.6602116179244852,0.20262171431146547,1.2152639505518452,1.1721534282576063,0.9095744680851063,4.543444968548473,1.3990141807274452
SpiralScanPath_9,Spiral,evaluation,2,target_7.5pct,0.075,295.38426676489865,296.12811830237854,0.743851537479884,34.27727239623448,0.938794495105644,0.07516993202718912,0.07277089164334266,single-frame censored RBF,overall,2501,1.0050982280296892,0.26648839042946176,0.04966818371101468,0.7408297726123576,2.7886174076788244,0.9932027189124351,10.894619128006617,0.18152145602371605
SpiralScanPath_9,Spiral,evaluation,2,target_7.5pct,0.075,295.38426676489865,296.12811830237854,0.743851537479884,34.27727239623448,0.938794495105644,0.07516993202718912,0.07277089164334266,single-frame censored RBF,top_1pct,25,9.069073455267135,5.324339744435797,-5.324339744435797,4.84498786223162,1.2552674395638312,0.44,4.99078778720173,4.232366487177195
SpiralScanPath_9,Spiral,evaluation,2,target_7.5pct,0.075,295.38426676489865,296.12811830237854,0.743851537479884,34.27727239623448,0.938794495105644,0.07516993202718912,0.07277089164334266,single-frame censored RBF,unsaturated_full_grid,2313,0.30977083731395155,0.15320695213760513,0.03723616306558246,0.7022678939039166,2.920003152655559,1.0,11.410840806336982,0.08256398423629661
SpiralScanPath_9,Spiral,evaluation,3,target_10pct,0.1,294.9675304020563,296.12811830237854,1.1605879003222412,34.69400875907684,0.9502081746663821,0.10035985605757697,0.1015593762495002,advective posterior physics mean + sequential advective ST,deliberately_hidden_observable,170,2.058928596536668,1.9084454407321476,1.8662995859803182,1.2591569655533839,1.3725868479130212,0.9705882352941176,5.368248211769305,1.341876539032423
SpiralScanPath_9,Spiral,evaluation,3,target_10pct,0.1,294.9675304020563,296.12811830237854,1.1605879003222412,34.69400875907684,0.9502081746663821,0.10035985605757697,0.1015593762495002,advective posterior physics mean + sequential advective ST,near_ceiling_unsaturated_1K,100,1.1456845527245985,0.7296750299227807,0.5447431458568752,0.5264571021771975,0.8401255938458942,0.98,3.282966981140762,0.6817338243992337
SpiralScanPath_9,Spiral,evaluation,3,target_10pct,0.1,294.9675304020563,296.12811830237854,1.1605879003222412,34.69400875907684,0.9502081746663821,0.10035985605757697,0.1015593762495002,advective posterior physics mean + sequential advective ST,observed_censored_full_grid,251,2.165630390742958,1.7989661221791167,1.293505988203894,1.2297070628922,1.4049176493744269,0.9442231075697212,5.487119271698754,1.2347170845358413
SpiralScanPath_9,Spiral,evaluation,3,target_10pct,0.1,294.9675304020563,296.12811830237854,1.1605879003222412,34.69400875907684,0.9502081746663821,0.10035985605757697,0.1015593762495002,advective posterior physics mean + sequential advective ST,overall,2501,0.7377299213066398,0.30961698584812003,0.21304733757173433,0.28950460150022334,0.7393755910022932,0.9936025589764095,2.888818991241458,0.30859454012930837
SpiralScanPath_9,Spiral,evaluation,3,target_10pct,0.1,294.9675304020563,296.12811830237854,1.1605879003222412,34.69400875907684,0.9502081746663821,0.10035985605757697,0.1015593762495002,advective posterior physics mean + sequential advective ST,top_1pct,25,3.84269072786314,2.744108440116804,-1.722589518417019,2.247005547714121,1.6617036422090887,0.64,6.497197803467302,1.657649706262923
SpiralScanPath_9,Spiral,evaluation,3,target_10pct,0.1,294.9675304020563,296.12811830237854,1.1605879003222412,34.69400875907684,0.9502081746663821,0.10035985605757697,0.1015593762495002,advective posterior physics mean + sequential advective ST,unsaturated_full_grid,2250,0.28595192688271515,0.14347181552852883,0.0925161725456578,0.18461979358494066,0.6651306769350018,0.9991111111111111,2.598964159954888,0.20528042517551295
SpiralScanPath_9,Spiral,evaluation,3,target_10pct,0.1,294.9675304020563,296.12811830237854,1.1605879003222412,34.69400875907684,0.9502081746663821,0.10035985605757697,0.1015593762495002,single-frame censored RBF,deliberately_hidden_observable,170,0.7873688161290577,0.6949828347196886,0.6732357565090177,0.4069732059759851,0.8862880146950598,0.9882352941176471,3.5156166035862264,0.7791724653501446
SpiralScanPath_9,Spiral,evaluation,3,target_10pct,0.1,294.9675304020563,296.12811830237854,1.1605879003222412,34.69400875907684,0.9502081746663821,0.10035985605757697,0.1015593762495002,single-frame censored RBF,near_ceiling_unsaturated_1K,100,0.6880307399415898,0.5572352042045554,0.4623873063025985,0.5624757900893597,1.9128620971755788,1.0,7.447043487864643,0.3698976985637185
SpiralScanPath_9,Spiral,evaluation,3,target_10pct,0.1,294.9675304020563,296.12811830237854,1.1605879003222412,34.69400875907684,0.9502081746663821,0.10035985605757697,0.1015593762495002,single-frame censored RBF,observed_censored_full_grid,251,3.1494134493760346,1.2054176830804597,-0.23989813387779998,0.932564899238288,0.9072370821002372,0.9322709163346613,3.6125384796917968,1.3367070559935894
SpiralScanPath_9,Spiral,evaluation,3,target_10pct,0.1,294.9675304020563,296.12811830237854,1.1605879003222412,34.69400875907684,0.9502081746663821,0.10035985605757697,0.1015593762495002,single-frame censored RBF,overall,2501,1.0164731055256562,0.22528102748299375,-0.009883774440969488,0.7182309682174843,2.7255893994980247,0.9932027189124351,10.656459047437584,0.19226461328165464
SpiralScanPath_9,Spiral,evaluation,3,target_10pct,0.1,294.9675304020563,296.12811830237854,1.1605879003222412,34.69400875907684,0.9502081746663821,0.10035985605757697,0.1015593762495002,single-frame censored RBF,top_1pct,25,9.715551994152925,6.197423232085361,-6.197423232085361,5.6856765793373505,1.0137539544547436,0.44,4.0177913561746665,6.821299211415059
SpiralScanPath_9,Spiral,evaluation,3,target_10pct,0.1,294.9675304020563,296.12811830237854,1.1605879003222412,34.69400875907684,0.9502081746663821,0.10035985605757697,0.1015593762495002,single-frame censored RBF,unsaturated_full_grid,2250,0.2048924697536221,0.11594133834745422,0.01577560521176138,0.6943208274680525,2.9284367024610667,1.0,11.442247519661668,0.06459570078356776
SpiralScanPath_9,Spiral,evaluation,4,target_15pct,0.15,293.8488013243716,296.12811830237854,2.279316978006932,35.81273783676153,0.9808482059823037,0.15033986405437824,0.1439424230307877,advective posterior physics mean + sequential advective ST,deliberately_hidden_observable,295,0.7655215346380426,0.6450472081127531,-0.5070147486572034,0.44070073681147676,0.7463548135309467,0.9627118644067797,2.9180059215555185,0.8615725187096532
SpiralScanPath_9,Spiral,evaluation,4,target_15pct,0.15,293.8488013243716,296.12811830237854,2.279316978006932,35.81273783676153,0.9808482059823037,0.15033986405437824,0.1439424230307877,advective posterior physics mean + sequential advective ST,near_ceiling_unsaturated_1K,1899,0.17311308078928195,0.12306277376175548,0.07922462011230723,0.17141362770913096,0.6578438214285727,1.0,2.5702216757710343,0.19172110275203816
SpiralScanPath_9,Spiral,evaluation,4,target_15pct,0.15,293.8488013243716,296.12811830237854,2.279316978006932,35.81273783676153,0.9808482059823037,0.15033986405437824,0.1439424230307877,advective posterior physics mean + sequential advective ST,observed_censored_full_grid,376,1.867570507985035,1.1458881811463408,-1.0001786676166629,0.8928703276360925,0.7546856871520221,0.8058510638297872,2.953304307118724,1.4923181800853704
SpiralScanPath_9,Spiral,evaluation,4,target_15pct,0.15,293.8488013243716,296.12811830237854,2.279316978006932,35.81273783676153,0.9808482059823037,0.15033986405437824,0.1439424230307877,advective posterior physics mean + sequential advective ST,overall,2501,0.7413282988259519,0.27690502245783777,-0.08298268249674373,0.2799643225933497,0.6730621982519951,0.970811675329868,2.6299554980666247,0.3877646173461413
SpiralScanPath_9,Spiral,evaluation,4,target_15pct,0.15,293.8488013243716,296.12811830237854,2.279316978006932,35.81273783676153,0.9808482059823037,0.15033986405437824,0.1439424230307877,advective posterior physics mean + sequential advective ST,top_1pct,25,6.094642593819152,5.493617824206401,-4.977414178154265,5.053555471117731,0.7854573134797207,0.04,3.0768941631913345,7.022269146098284
SpiralScanPath_9,Spiral,evaluation,4,target_15pct,0.15,293.8488013243716,296.12811830237854,2.279316978006932,35.81273783676153,0.9808482059823037,0.15033986405437824,0.1439424230307877,advective posterior physics mean + sequential advective ST,unsaturated_full_grid,2125,0.17224949590499208,0.1231461200263661,0.07930705416447488,0.1715160129951985,0.6586196420983904,1.0,2.5727417793825826,0.19232361048028243
SpiralScanPath_9,Spiral,evaluation,4,target_15pct,0.15,293.8488013243716,296.12811830237854,2.279316978006932,35.81273783676153,0.9808482059823037,0.15033986405437824,0.1439424230307877,single-frame censored RBF,deliberately_hidden_observable,295,0.892108820950007,0.7856898467565414,-0.47983813682453363,0.572511278966122,0.5466783270355728,0.6983050847457627,2.1270842781187675,1.4946135836872936
SpiralScanPath_9,Spiral,evaluation,4,target_15pct,0.15,293.8488013243716,296.12811830237854,2.279316978006932,35.81273783676153,0.9808482059823037,0.15033986405437824,0.1439424230307877,single-frame censored RBF,near_ceiling_unsaturated_1K,1899,0.22299196590662243,0.13485718033475744,0.06494654858675221,0.6827459389055713,2.8799268014274926,1.0,11.254886347538186,0.06912895430577431
SpiralScanPath_9,Spiral,evaluation,4,target_15pct,0.15,293.8488013243716,296.12811830237854,2.279316978006932,35.81273783676153,0.9808482059823037,0.15033986405437824,0.1439424230307877,single-frame censored RBF,observed_censored_full_grid,376,3.0577202439863593,1.4705095169765616,-1.2268038509038488,1.2392593483161476,0.5425240486582229,0.550531914893617,2.1077276328451466,2.8079657212592375
SpiralScanPath_9,Spiral,evaluation,4,target_15pct,0.15,293.8488013243716,296.12811830237854,2.279316978006932,35.81273783676153,0.9808482059823037,0.15033986405437824,0.1439424230307877,single-frame censored RBF,overall,2501,1.2028195848027152,0.33401913199215405,-0.13294071825602807,0.7691367036796821,2.539531910532735,0.9324270291883247,9.920545883926378,0.48155259805363265
SpiralScanPath_9,Spiral,evaluation,4,target_15pct,0.15,293.8488013243716,296.12811830237854,2.279316978006932,35.81273783676153,0.9808482059823037,0.15033986405437824,0.1439424230307877,single-frame censored RBF,top_1pct,25,10.96199024362705,8.065922304351863,-8.065922304351863,7.755877324539708,0.5498485981688653,0.0,2.1127811672747248,15.167626279938606
SpiralScanPath_9,Spiral,evaluation,4,target_15pct,0.15,293.8488013243716,296.12811830237854,2.279316978006932,35.81273783676153,0.9808482059823037,0.15033986405437824,0.1439424230307877,single-frame censored RBF,unsaturated_full_grid,2125,0.22006907674267231,0.13292718622550123,0.06060871133248046,0.6859526498522417,2.8928848310338253,1.0,11.302955136823574,0.06991432307701743
SpiralScanPath_9,Spiral,evaluation,5,target_20pct,0.2,293.6047920369698,296.12811830237854,2.523326265408741,36.05674712416334,0.9875311932725245,0.20031987205117952,0.1911235505797681,advective posterior physics mean + sequential advective ST,deliberately_hidden_observable,420,1.0051701905709256,0.768498421179544,-0.639474831861274,0.5846713971808621,0.6964587225319704,0.7833333333333333,2.7179349716937033,1.0886969950325054
SpiralScanPath_9,Spiral,evaluation,5,target_20pct,0.2,293.6047920369698,296.12811830237854,2.523326265408741,36.05674712416334,0.9875311932725245,0.20031987205117952,0.1911235505797681,advective posterior physics mean + sequential advective ST,near_ceiling_unsaturated_1K,1974,0.17994187204472492,0.128944615687816,0.08953300832611544,0.1734813238682747,0.6602044375547677,1.0,2.5797512669872535,0.19964058878984323
SpiralScanPath_9,Spiral,evaluation,5,target_20pct,0.2,293.6047920369698,296.12811830237854,2.523326265408741,36.05674712416334,0.9875311932725245,0.20031987205117952,0.1911235505797681,advective posterior physics mean + sequential advective ST,observed_censored_full_grid,501,1.954334390172833,1.2291998046462622,-1.0992827037252333,1.0114472446842397,0.6991174712747057,0.6606786427145709,2.728513780281101,1.7313469907092518
SpiralScanPath_9,Spiral,evaluation,5,target_20pct,0.2,293.6047920369698,296.12811830237854,2.523326265408741,36.05674712416334,0.9875311932725245,0.20031987205117952,0.1911235505797681,advective posterior physics mean + sequential advective ST,overall,2501,0.8894133814530621,0.34958221224204356,-0.14889162392215982,0.34139580717304396,0.6680133265518338,0.9320271891243502,2.6096333332108506,0.5069784187110912
SpiralScanPath_9,Spiral,evaluation,5,target_20pct,0.2,293.6047920369698,296.12811830237854,2.523326265408741,36.05674712416334,0.9875311932725245,0.20031987205117952,0.1911235505797681,advective posterior physics mean + sequential advective ST,top_1pct,25,6.654178989709007,6.060125756859332,-5.651237197508338,5.670908052720531,0.7194396136698862,0.04,2.8099382728063027,8.438304483151477
SpiralScanPath_9,Spiral,evaluation,5,target_20pct,0.2,293.6047920369698,296.12811830237854,2.523326265408741,36.05674712416334,0.9875311932725245,0.20031987205117952,0.1911235505797681,advective posterior physics mean + sequential advective ST,unsaturated_full_grid,2000,0.18013964960248383,0.12923800534478688,0.08918134156851011,0.17354792207648945,0.6602217382987543,1.0,2.579853781219753,0.20027409142555194
SpiralScanPath_9,Spiral,evaluation,5,target_20pct,0.2,293.6047920369698,296.12811830237854,2.523326265408741,36.05674712416334,0.9875311932725245,0.20031987205117952,0.1911235505797681,single-frame censored RBF,deliberately_hidden_observable,420,1.1042595125610946,0.930679640090963,-0.5525878432420823,0.7361187887014922,0.4586839049317696,0.5595238095238095,1.7905792268907739,2.08437405656814
SpiralScanPath_9,Spiral,evaluation,5,target_20pct,0.2,293.6047920369698,296.12811830237854,2.523326265408741,36.05674712416334,0.9875311932725245,0.20031987205117952,0.1911235505797681,single-frame censored RBF,near_ceiling_unsaturated_1K,1974,0.2820296157389028,0.20720737047715537,0.1542590814357011,0.646091489173086,2.7001978339802144,1.0,10.558491683585821,0.10290735164368811
SpiralScanPath_9,Spiral,evaluation,5,target_20pct,0.2,293.6047920369698,296.12811830237854,2.523326265408741,36.05674712416334,0.9875311932725245,0.20031987205117952,0.1911235505797681,single-frame censored RBF,observed_censored_full_grid,501,2.8865430867413537,1.5058439115293287,-1.1872779328159104,1.3032676207154974,0.4545815332873965,0.47105788423153694,1.7744965935987738,3.432882034348473
SpiralScanPath_9,Spiral,evaluation,5,target_20pct,0.2,293.6047920369698,296.12811830237854,2.523326265408741,36.05674712416334,0.9875311932725245,0.20031987205117952,0.1911235505797681,single-frame censored RBF,overall,2501,1.3165046714177229,0.46795357611775057,-0.11437134084384765,0.7781920758436105,2.2512873653519154,0.8940423830467813,8.80282539699798,0.7706739100918619
SpiralScanPath_9,Spiral,evaluation,5,target_20pct,0.2,293.6047920369698,296.12811830237854,2.523326265408741,36.05674712416334,0.9875311932725245,0.20031987205117952,0.1911235505797681,single-frame censored RBF,top_1pct,25,11.412856440681889,8.684001110018615,-8.684001110018615,8.445669273278632,0.41968117234714386,0.0,1.629527500721067,20.35374237942729
SpiralScanPath_9,Spiral,evaluation,5,target_20pct,0.2,293.6047920369698,296.12811830237854,2.523326265408741,36.05674712416334,0.9875311932725245,0.20031987205117952,0.1911235505797681,single-frame censored RBF,unsaturated_full_grid,2000,0.2831050444736141,0.20796204709715033,0.1543917604451541,0.6466606518532028,2.7013621762840776,1.0,10.56342176224948,0.10379077496558076
