trajectory,repeat,q_variance_multiplier,context,subset,n_observations,power,excluded_particle,ess,max_weight,top1_rmse_K,top1_bias_K,top1_width_K,top1_coverage
HorizontalScanPath_13,0,0.5,real,0.1,18,0.0,1049,1199.0,0.0008340283569641369,2.480904802408095,0.2220281917523107,7.233797124332271,0.92
HorizontalScanPath_13,0,0.5,real,0.1,18,0.01,1049,1198.0363730860695,0.0008822991838327731,2.481028073374159,0.22260219840934042,7.209534077222592,0.92
HorizontalScanPath_13,0,0.5,real,0.1,18,0.05,1049,1179.310643710182,0.0010903590444553465,2.4815432263202335,0.22504465684000025,7.200737429001424,0.92
HorizontalScanPath_13,0,0.5,real,0.1,18,0.1,1049,1135.4926194420166,0.0013855763624377362,2.4822565915562373,0.228488690293093,7.198881421850654,0.92
HorizontalScanPath_13,0,0.5,real,0.1,18,0.25,1049,960.5697703658886,0.0025235104873816707,2.484461353230383,0.24074355502228628,7.176771306781436,0.92
HorizontalScanPath_13,0,0.5,real,0.1,18,0.5,1049,682.7075892080445,0.005291449531989192,2.4866057221049536,0.26324485401677067,7.177364659063865,0.92
HorizontalScanPath_13,0,0.5,real,0.1,18,1.0,1049,305.2729215082453,0.014519696156329413,2.4854341777439957,0.3100948720912402,7.162877502958795,0.92
HorizontalScanPath_13,0,0.5,real,0.25,45,0.0,1049,1199.0,0.0008340283569641369,2.480904802408095,0.2220281917523107,7.233797124332271,0.92
HorizontalScanPath_13,0,0.5,real,0.25,45,0.01,1049,1197.2383442305068,0.0009231808427231006,2.480011782694625,0.22362945725129976,7.214237903695684,0.92
HorizontalScanPath_13,0,0.5,real,0.25,45,0.05,1049,1162.0499025232996,0.001343375232027873,2.4768606765381573,0.23014844349079794,7.204755019997872,0.92
HorizontalScanPath_13,0,0.5,real,0.25,45,0.1,1049,1076.508357187043,0.0020253389350082334,2.473779847380172,0.2384051891559716,7.1943594330169525,0.92
HorizontalScanPath_13,0,0.5,real,0.25,45,0.25,1049,713.3534084324809,0.005418901428818391,2.467100293428434,0.2630510711523107,7.18117889922177,0.92
HorizontalScanPath_13,0,0.5,real,0.25,45,0.5,1049,238.5374348690208,0.020186421104306008,2.4542391415544884,0.3136973922373318,7.135224119471045,0.92
HorizontalScanPath_13,0,0.5,real,0.25,45,1.0,1049,34.2207918624484,0.0822754391487052,2.45582557411881,0.44201844901691173,6.807160467437802,0.92
HorizontalScanPath_13,0,0.5,real,0.5,90,0.0,1049,1199.0,0.0008340283569641369,2.480904802408095,0.2220281917523107,7.233797124332271,0.92
HorizontalScanPath_13,0,0.5,real,0.5,90,0.01,1049,1195.6585030200092,0.0009737114280057228,2.4799985514436744,0.22500195246311022,7.21343264411951,0.92
HorizontalScanPath_13,0,0.5,real,0.5,90,0.05,1049,1127.5360922148245,0.0017340879251233003,2.4764508427097227,0.23645269949944123,7.215010668980242,0.92
HorizontalScanPath_13,0,0.5,real,0.5,90,0.1,1049,962.2925833188235,0.003255759161299843,2.4721203375240988,0.24968615731797628,7.209204472930804,0.92
HorizontalScanPath_13,0,0.5,real,0.5,90,0.25,1049,364.99096582875785,0.01286509056152073,2.4604839984063687,0.28216631621576654,7.282437011055991,0.92
HorizontalScanPath_13,0,0.5,real,0.5,90,0.5,1049,42.72052286771396,0.07907637905347704,2.4680299791643616,0.3120047694493724,7.442155076072799,0.92
HorizontalScanPath_13,0,0.5,real,0.5,90,1.0,1049,6.653158870025495,0.29456639547916186,2.63468328021829,0.10790159297285981,6.241574405937185,0.8
HorizontalScanPath_13,0,0.5,real,1.0,179,0.0,1049,1199.0,0.0008340283569641369,2.480904802408095,0.2220281917523107,7.233797124332271,0.92
HorizontalScanPath_13,0,0.5,real,1.0,179,0.01,1049,1193.0207923298742,0.0010200554366125009,2.4807681333581186,0.22596113733993206,7.2114141387753055,0.92
HorizontalScanPath_13,0,0.5,real,1.0,179,0.05,1049,1068.3329287814563,0.002191233267762036,2.4801589053600086,0.23759371776636498,7.199466294363674,0.92
HorizontalScanPath_13,0,0.5,real,1.0,179,0.1,1049,762.3165407296362,0.006107495898764636,2.477218617785897,0.24538528453747857,7.182862372777945,0.92
HorizontalScanPath_13,0,0.5,real,1.0,179,0.25,1049,95.29470492388701,0.06498791317686749,2.4512425517668746,0.2510723466974355,7.024080920875972,0.92
HorizontalScanPath_13,0,0.5,real,1.0,179,0.5,1049,8.983590363151094,0.3048890307354832,2.402866814189415,0.2895791329030453,6.252151649587891,0.92
HorizontalScanPath_13,0,0.5,real,1.0,179,1.0,1049,1.8020862725929412,0.7398797363433176,2.454510919536239,0.43507642335100627,4.70219544593328,0.6
HorizontalScanPath_13,0,0.5,real,unsaturated,114,0.0,1049,1199.0,0.0008340283569641369,2.480904802408095,0.2220281917523107,7.233797124332271,0.92
HorizontalScanPath_13,0,0.5,real,unsaturated,114,0.01,1049,1193.7526963046075,0.0010162991366320466,2.480534322371702,0.22384655860158317,7.216173957823353,0.92
HorizontalScanPath_13,0,0.5,real,unsaturated,114,0.05,1049,1081.8614261487792,0.002094520833323606,2.478915192268699,0.2277596468245838,7.229221162590056,0.92
HorizontalScanPath_13,0,0.5,real,unsaturated,114,0.1,1049,797.3363096767653,0.005032814300504068,2.4746953602699877,0.2272991133882397,7.220136468316977,0.92
HorizontalScanPath_13,0,0.5,real,unsaturated,114,0.25,1049,122.38901438200018,0.040292710642270614,2.4611572029581295,0.20876242060609457,7.16803998741754,0.92
HorizontalScanPath_13,0,0.5,real,unsaturated,114,0.5,1049,16.367680670521846,0.13939213479625787,2.5366300668695905,0.16022478489215472,6.394706045488731,0.92
HorizontalScanPath_13,0,0.5,real,unsaturated,114,1.0,1049,5.291188162734605,0.2665980057610872,2.769321993644353,0.10204703531458563,5.00280684602689,0.72
HorizontalScanPath_13,0,0.5,real,censored,65,0.0,1049,1199.0,0.0008340283569641369,2.480904802408095,0.2220281917523107,7.233797124332271,0.92
HorizontalScanPath_13,0,0.5,real,censored,65,0.01,1049,1198.4663256758524,0.0008566851717041818,2.4811235968094376,0.2241492139819661,7.20744559083899,0.92
HorizontalScanPath_13,0,0.5,real,censored,65,0.05,1049,1189.01852385538,0.0009466519072406089,2.481770570837421,0.23208869939785245,7.193560149972424,0.92
HorizontalScanPath_13,0,0.5,real,censored,65,0.1,1049,1168.578191582149,0.0010583770238639044,2.4822495935478086,0.2410326003742489,7.180597591384513,0.92
HorizontalScanPath_13,0,0.5,real,censored,65,0.25,1049,1089.6134535152803,0.0013933055808048418,2.4828007653021644,0.26348600640897984,7.159599254687903,0.92
HorizontalScanPath_13,0,0.5,real,censored,65,0.5,1049,958.4689366013546,0.0019562969744099197,2.4828840164202943,0.2923148590458959,7.137824028429347,0.92
HorizontalScanPath_13,0,0.5,real,censored,65,1.0,1049,760.3004488812808,0.0030920066291344112,2.4822370671050344,0.3335399811889874,7.087879590356952,0.92
HorizontalScanPath_13,0,0.5,matched_model,0.1,18,0.0,1049,1199.0,0.0008340283569641369,2.480904802408095,0.2220281917523107,7.233797124332271,0.92
HorizontalScanPath_13,0,0.5,matched_model,0.1,18,0.01,1049,1197.0785625701737,0.0009374089679390603,2.4807222005102885,0.22240665296368206,7.218689940526872,0.92
HorizontalScanPath_13,0,0.5,matched_model,0.1,18,0.05,1049,1158.4445189784274,0.001444956212245213,2.47988131509161,0.22368180780803187,7.216212692363672,0.92
HorizontalScanPath_13,0,0.5,matched_model,0.1,18,0.1,1049,1063.6090348131902,0.002322101795755994,2.478638947657428,0.22507351531484573,7.229568247743914,0.92
HorizontalScanPath_13,0,0.5,matched_model,0.1,18,0.25,1049,685.1801095845173,0.0070328534083835305,2.473444941439773,0.2301785223650404,7.258263873443602,0.92
HorizontalScanPath_13,0,0.5,matched_model,0.1,18,0.5,1049,236.25663210454698,0.024052821290523378,2.458160306108473,0.2391248576732346,7.257316170267067,0.92
HorizontalScanPath_13,0,0.5,matched_model,0.1,18,1.0,1049,30.053884489621566,0.10573843896791368,2.4260602209951285,0.18795847493861173,6.803937838948243,0.88
HorizontalScanPath_13,0,0.5,matched_model,0.25,45,0.0,1049,1199.0,0.0008340283569641369,2.480904802408095,0.2220281917523107,7.233797124332271,0.92
HorizontalScanPath_13,0,0.5,matched_model,0.25,45,0.01,1049,1194.8264298168986,0.0009927536037741237,2.4795058702713897,0.22308462733874648,7.211900627783985,0.92
HorizontalScanPath_13,0,0.5,matched_model,0.25,45,0.05,1049,1107.9100276683253,0.0018515479732568757,2.4749157025545836,0.2253838380982029,7.225051155060169,0.92
HorizontalScanPath_13,0,0.5,matched_model,0.25,45,0.1,1049,889.9849756362269,0.003759921077339215,2.4702775368027328,0.2233465745171361,7.225736568842924,0.92
HorizontalScanPath_13,0,0.5,matched_model,0.25,45,0.25,1049,182.0702035571186,0.03524959584090791,2.426008224593741,0.17369963868947025,7.1282700262067324,0.92
HorizontalScanPath_13,0,0.5,matched_model,0.25,45,0.5,1049,8.115249761722504,0.2873615900490597,2.149113695747268,-0.03853231467704518,6.1005375753635755,0.84
HorizontalScanPath_13,0,0.5,matched_model,0.25,45,1.0,1049,1.9107764063966521,0.67552705034545,1.8546653644263449,-0.21696483873229,2.684525623190143,0.48
HorizontalScanPath_13,0,0.5,matched_model,0.5,90,0.0,1049,1199.0,0.0008340283569641369,2.480904802408095,0.2220281917523107,7.233797124332271,0.92
HorizontalScanPath_13,0,0.5,matched_model,0.5,90,0.01,1049,1077.7250222507357,0.001508220655321182,2.500713820129788,0.1476973638305617,7.128300262681982,0.92
HorizontalScanPath_13,0,0.5,matched_model,0.5,90,0.05,1049,472.26203217216573,0.006265517307005589,2.5671997342709094,0.005405691002222284,6.903442286577374,0.92
HorizontalScanPath_13,0,0.5,matched_model,0.5,90,0.1,1049,184.30240717908904,0.019955241908786125,2.596318706369374,-0.06324594713106763,6.779442785612991,0.88
HorizontalScanPath_13,0,0.5,matched_model,0.5,90,0.25,1049,9.257641334767287,0.30395179113311455,2.5312657169912285,-0.19073806789770514,6.385069360148338,0.84
HorizontalScanPath_13,0,0.5,matched_model,0.5,90,0.5,1049,1.267010492516249,0.8877044777886806,2.8556940349875424,-0.3546264279804495,3.4099037793651883,0.52
HorizontalScanPath_13,0,0.5,matched_model,0.5,90,1.0,1049,1.0026567822407342,0.998674060784977,2.983135448835983,-0.38384784494705854,0.0,0.0
HorizontalScanPath_13,0,0.5,matched_model,1.0,179,0.0,1049,1199.0,0.0008340283569641369,2.480904802408095,0.2220281917523107,7.233797124332271,0.92
HorizontalScanPath_13,0,0.5,matched_model,1.0,179,0.01,1049,798.1241781645587,0.0028714657893711562,2.516379270535147,0.052103551306968254,6.99905713527243,0.92
HorizontalScanPath_13,0,0.5,matched_model,1.0,179,0.05,1049,112.00105789381544,0.025811570781090355,2.6637562817632783,-0.19045432729027426,6.426466196339618,0.84
HorizontalScanPath_13,0,0.5,matched_model,1.0,179,0.1,1049,26.42397076731343,0.1170308636921169,2.680052262606173,-0.15079154957277524,5.900100835105268,0.8
HorizontalScanPath_13,0,0.5,matched_model,1.0,179,0.25,1049,2.1247414778194424,0.6753783944398164,2.551845488055425,0.6602053306485822,4.270037977246391,0.56
HorizontalScanPath_13,0,0.5,matched_model,1.0,179,0.5,1049,1.0566649526280454,0.9726756645219645,2.7352334451192464,1.1510955065754138,1.0391151016038407,0.32
HorizontalScanPath_13,0,0.5,matched_model,1.0,179,1.0,1049,1.000576962213688,0.9997116121632322,2.762776738145955,1.2018682756328714,0.0,0.0
HorizontalScanPath_13,0,0.5,matched_model,unsaturated,114,0.0,1049,1199.0,0.0008340283569641369,2.480904802408095,0.2220281917523107,7.233797124332271,0.92
HorizontalScanPath_13,0,0.5,matched_model,unsaturated,114,0.01,1049,1179.0369643879892,0.0011940445189228708,2.4827806164598676,0.2263048977249241,7.211404167528851,0.92
HorizontalScanPath_13,0,0.5,matched_model,unsaturated,114,0.05,1049,784.6505954684196,0.004227355707237273,2.492880307959429,0.2523120114619769,7.2163478799592555,0.92
HorizontalScanPath_13,0,0.5,matched_model,unsaturated,114,0.1,1049,213.35497606681173,0.022777478621762475,2.5048942781501684,0.32816054149658613,7.263961554093785,0.92
HorizontalScanPath_13,0,0.5,matched_model,unsaturated,114,0.25,1049,10.653479076456286,0.21496022361567885,2.5681938245961295,0.7285035842305433,6.361920016153706,0.92
HorizontalScanPath_13,0,0.5,matched_model,unsaturated,114,0.5,1049,3.05438131531054,0.498157781983429,2.8185503719982714,1.1003782090452159,4.919663289936514,0.72
HorizontalScanPath_13,0,0.5,matched_model,unsaturated,114,1.0,1049,1.6212164988105473,0.7580310397144178,3.0799518482801176,1.2654842191169131,3.015698423440706,0.48
HorizontalScanPath_13,0,0.5,matched_model,censored,65,0.0,1049,1199.0,0.0008340283569641369,2.480904802408095,0.2220281917523107,7.233797124332271,0.92
HorizontalScanPath_13,0,0.5,matched_model,censored,65,0.01,1049,809.2149602769596,0.002758903556626337,2.514888387029307,0.05087102261766404,7.0178353608418345,0.92
HorizontalScanPath_13,0,0.5,matched_model,censored,65,0.05,1049,137.4964359690146,0.021988794368965957,2.667856718644547,-0.20771750353904736,6.499938411581357,0.8
HorizontalScanPath_13,0,0.5,matched_model,censored,65,0.1,1049,43.88234701031148,0.05602416890398931,2.753308435360587,-0.3349431741797207,6.0872262470876874,0.72
HorizontalScanPath_13,0,0.5,matched_model,censored,65,0.25,1049,12.798287171327145,0.17095816966387173,2.747602059902287,-0.39809205143783855,5.485343234959191,0.68
HorizontalScanPath_13,0,0.5,matched_model,censored,65,0.5,1049,3.8707885096331713,0.4674340532551317,2.611965412641911,-0.26881332330029634,4.855573581493122,0.64
HorizontalScanPath_13,0,0.5,matched_model,censored,65,1.0,1049,1.2228003571244046,0.9027638131654389,2.661928073165021,-0.03338991987053987,2.4492369358199837,0.44
HorizontalScanPath_13,0,1.0,real,0.1,18,0.0,1049,1199.0,0.0008340283569641369,2.480904802408095,0.2220281917523107,7.233797124332271,0.92
HorizontalScanPath_13,0,1.0,real,0.1,18,0.01,1049,1197.648083392292,0.0009015394835043457,2.4810387731876595,0.22286560951145704,7.208685263590394,0.92
HorizontalScanPath_13,0,1.0,real,0.1,18,0.05,1049,1172.6673459192157,0.001201085498161415,2.481769214165841,0.22638029407806015,7.197953246266724,0.92
HorizontalScanPath_13,0,1.0,real,0.1,18,0.1,1049,1116.7318863914447,0.0016461969501051213,2.4829056031068335,0.23131422114073302,7.187333333604434,0.92
HorizontalScanPath_13,0,1.0,real,0.1,18,0.25,1049,896.568673780732,0.0034782357800707043,2.4854580268980144,0.24771487837221912,7.176011302309512,0.92
HorizontalScanPath_13,0,1.0,real,0.1,18,0.5,1049,528.7516669649197,0.008672202266488425,2.4841505373971886,0.276865269579539,7.155608413721625,0.92
HorizontalScanPath_13,0,1.0,real,0.1,18,1.0,1049,110.82938644234781,0.05245446936794576,2.4621045577170606,0.3506476466130107,7.060820673630426,0.92
HorizontalScanPath_13,0,1.0,real,0.25,45,0.0,1049,1199.0,0.0008340283569641369,2.480904802408095,0.2220281917523107,7.233797124332271,0.92
HorizontalScanPath_13,0,1.0,real,0.25,45,0.01,1049,1196.3238566711232,0.0009608659111870436,2.4796961132321114,0.22408986034916778,7.207512633189119,0.92
HorizontalScanPath_13,0,1.0,real,0.25,45,0.05,1049,1144.3463048500112,0.0016005945499894877,2.4756307548075305,0.23213373918541946,7.199105804402275,0.92
HorizontalScanPath_13,0,1.0,real,0.25,45,0.1,1049,1015.6410071794112,0.0027471189097699198,2.471985487016789,0.2416428503399743,7.179499317618967,0.92
HorizontalScanPath_13,0,1.0,real,0.25,45,0.25,1049,468.3311155197085,0.011318313857099584,2.464957757698459,0.2673010489767671,7.130253035800954,0.92
HorizontalScanPath_13,0,1.0,real,0.25,45,0.5,1049,77.10626207695667,0.04719630376715163,2.477245588224096,0.31560357510861875,6.899177348611838,0.92
HorizontalScanPath_13,0,1.0,real,0.25,45,1.0,1049,11.436798061524062,0.17343828328077582,2.63123484054357,0.34737405445510605,5.63248172712757,0.84
HorizontalScanPath_13,0,1.0,real,0.5,90,0.0,1049,1199.0,0.0008340283569641369,2.480904802408095,0.2220281917523107,7.233797124332271,0.92
HorizontalScanPath_13,0,1.0,real,0.5,90,0.01,1049,1193.6279259656635,0.0010378568239804624,2.4799476322884058,0.22616225883929927,7.212034399785209,0.92
HorizontalScanPath_13,0,1.0,real,0.5,90,0.05,1049,1082.63749067214,0.0023069498134040815,2.4755450140113773,0.2414247292819141,7.2162450184698015,0.92
HorizontalScanPath_13,0,1.0,real,0.5,90,0.1,1049,788.3702561041383,0.005245368780530163,2.468965804017147,0.2571502488290616,7.197999939942049,0.92
HorizontalScanPath_13,0,1.0,real,0.5,90,0.25,1049,76.59231216823986,0.0732589718948891,2.4365854201986608,0.3291155323628163,7.406447704103678,0.92
HorizontalScanPath_13,0,1.0,real,0.5,90,0.5,1049,4.522858010508657,0.4302244300438564,2.502616064235192,0.873483591118968,6.242780954892071,0.8
HorizontalScanPath_13,0,1.0,real,0.5,90,1.0,1049,1.395864721792103,0.8375824201504708,3.0231227642779666,1.721567958358778,4.034084648547321,0.56
HorizontalScanPath_13,0,1.0,real,1.0,179,0.0,1049,1199.0,0.0008340283569641369,2.480904802408095,0.2220281917523107,7.233797124332271,0.92
HorizontalScanPath_13,0,1.0,real,1.0,179,0.01,1049,1189.099059723787,0.0011088406029625113,2.4810670883410277,0.22694622826847308,7.212227506130423,0.92
HorizontalScanPath_13,0,1.0,real,1.0,179,0.05,1049,967.9633510411113,0.0035112713205559727,2.4827318722796496,0.2374726836337686,7.1881097531333875,0.92
HorizontalScanPath_13,0,1.0,real,1.0,179,0.1,1049,425.46641504749715,0.01589386742217626,2.4803505188558685,0.23749346349403141,7.16938705822827,0.92
HorizontalScanPath_13,0,1.0,real,1.0,179,0.25,1049,22.12814362902495,0.1363219397275443,2.4204691416620094,0.22906885505900845,6.670723142245249,0.88
HorizontalScanPath_13,0,1.0,real,1.0,179,0.5,1049,4.834433085282536,0.34283483152379324,2.3977760369072563,0.40229966975732623,5.217419387595612,0.84
HorizontalScanPath_13,0,1.0,real,1.0,179,1.0,1049,1.9815099427545009,0.671867949562154,2.528301362141586,0.7187577523483923,3.8742644609392802,0.56
HorizontalScanPath_13,0,1.0,real,unsaturated,114,0.0,1049,1199.0,0.0008340283569641369,2.480904802408095,0.2220281917523107,7.233797124332271,0.92
HorizontalScanPath_13,0,1.0,real,unsaturated,114,0.01,1049,1190.2744543428855,0.0010883429732314687,2.480813841380225,0.2236848364627508,7.21326550449908,0.92
HorizontalScanPath_13,0,1.0,real,unsaturated,114,0.05,1049,988.5677405717946,0.003269704358646709,2.4811943745844998,0.22291041972529002,7.2139898272067695,0.92
HorizontalScanPath_13,0,1.0,real,unsaturated,114,0.1,1049,459.1867822009302,0.011474146135994954,2.4799461425284504,0.21150916517243332,7.190768396194546,0.92
HorizontalScanPath_13,0,1.0,real,unsaturated,114,0.25,1049,21.491754786120712,0.1346036063608067,2.557829030736239,0.125114912762931,6.553243700964497,0.88
HorizontalScanPath_13,0,1.0,real,unsaturated,114,0.5,1049,3.9904583784471317,0.41420182521180793,3.0003851029014506,-0.020344020600730345,4.817835261470261,0.76
HorizontalScanPath_13,0,1.0,real,unsaturated,114,1.0,1049,1.8666076535632927,0.6883343762650315,3.4518186075950066,-0.24848631047697153,3.2452252878499803,0.52
HorizontalScanPath_13,0,1.0,real,censored,65,0.0,1049,1199.0,0.0008340283569641369,2.480904802408095,0.2220281917523107,7.233797124332271,0.92
HorizontalScanPath_13,0,1.0,real,censored,65,0.01,1049,1198.1754556542799,0.0008654883782042408,2.4811275709817813,0.22529768323540794,7.206746942668367,0.92
HorizontalScanPath_13,0,1.0,real,censored,65,0.05,1049,1184.3755665814094,0.0009881941270777027,2.481776661772656,0.23701067150245764,7.19597992271539,0.92
HorizontalScanPath_13,0,1.0,real,censored,65,0.1,1049,1156.447138835381,0.0011362199669303164,2.4823084106316995,0.24942933700498998,7.1773229816976345,0.92
HorizontalScanPath_13,0,1.0,real,censored,65,0.25,1049,1060.4869707223907,0.001555982163884914,2.4832612534661758,0.2779969214373682,7.148355742840786,0.92
HorizontalScanPath_13,0,1.0,real,censored,65,0.5,1049,922.4149820145939,0.0022001710930676195,2.484060739909726,0.3108971305351042,7.1329393608032525,0.92
HorizontalScanPath_13,0,1.0,real,censored,65,1.0,1049,736.4087793657148,0.0033424458255770307,2.484721496641669,0.3532300488706983,7.093231597656672,0.92
HorizontalScanPath_13,0,1.0,matched_model,0.1,18,0.0,1049,1199.0,0.0008340283569641369,2.480904802408095,0.2220281917523107,7.233797124332271,0.92
HorizontalScanPath_13,0,1.0,matched_model,0.1,18,0.01,1049,1196.4047799614223,0.0009488755196486094,2.4806435233233533,0.22256751181212622,7.206115707621177,0.92
HorizontalScanPath_13,0,1.0,matched_model,0.1,18,0.05,1049,1147.787863938952,0.0014964760477283925,2.479541561162764,0.2248508926309205,7.21455873851782,0.92
HorizontalScanPath_13,0,1.0,matched_model,0.1,18,0.1,1049,1037.797496855701,0.0023797186656821013,2.478027555919798,0.22866182647641153,7.219907805630077,0.92
HorizontalScanPath_13,0,1.0,matched_model,0.1,18,0.25,1049,639.753588675187,0.006284016290540827,2.473083713903121,0.2447871897546156,7.25239367411524,0.92
HorizontalScanPath_13,0,1.0,matched_model,0.1,18,0.5,1049,191.75009648560803,0.03140453948379452,2.473852317803586,0.2654720308690298,7.266830078797973,0.92
HorizontalScanPath_13,0,1.0,matched_model,0.1,18,1.0,1049,13.968682492213299,0.23513967362108212,2.585274517110241,0.290397151090292,6.65891618477578,0.92
HorizontalScanPath_13,0,1.0,matched_model,0.25,45,0.0,1049,1199.0,0.0008340283569641369,2.480904802408095,0.2220281917523107,7.233797124332271,0.92
HorizontalScanPath_13,0,1.0,matched_model,0.25,45,0.01,1049,1193.1478050251085,0.0010375373622351959,2.478993415472087,0.22373144072689455,7.2127641828217115,0.92
HorizontalScanPath_13,0,1.0,matched_model,0.25,45,0.05,1049,1076.1508121214852,0.0021139223124834483,2.473224728795567,0.22839574767361,7.220962549819121,0.92
HorizontalScanPath_13,0,1.0,matched_model,0.25,45,0.1,1049,765.0884355393961,0.005816545669379169,2.4659915330903512,0.22726961624225622,7.207676564126859,0.92
HorizontalScanPath_13,0,1.0,matched_model,0.25,45,0.25,1049,36.5565046583519,0.11949665850733296,2.3545060489673744,0.1210405733150742,6.902113830427511,0.88
HorizontalScanPath_13,0,1.0,matched_model,0.25,45,0.5,1049,2.6244107199022677,0.5417365135909019,2.222272270751897,-0.19220138330400915,4.021511216620293,0.6
HorizontalScanPath_13,0,1.0,matched_model,0.25,45,1.0,1049,1.5531119029672653,0.7704077652813297,2.3789508634468493,-0.2648255488952805,1.4370509957773834,0.36
HorizontalScanPath_13,0,1.0,matched_model,0.5,90,0.0,1049,1199.0,0.0008340283569641369,2.480904802408095,0.2220281917523107,7.233797124332271,0.92
HorizontalScanPath_13,0,1.0,matched_model,0.5,90,0.01,1049,1075.518751899342,0.00155269132883877,2.5005012571232945,0.14973556468343077,7.125556012591483,0.92
HorizontalScanPath_13,0,1.0,matched_model,0.5,90,0.05,1049,438.5742710640268,0.007624443473644541,2.5626695090345746,0.01663342800733517,6.918822083450143,0.92
HorizontalScanPath_13,0,1.0,matched_model,0.5,90,0.1,1049,115.32137516333268,0.03583171615603314,2.565652180906094,-0.04664476335635527,6.804621541993281,0.88
HorizontalScanPath_13,0,1.0,matched_model,0.5,90,0.25,1049,6.454323065660167,0.34388060285510585,2.435486875387818,-0.12695681706006326,5.677954587151844,0.76
HorizontalScanPath_13,0,1.0,matched_model,0.5,90,0.5,1049,1.6043460705183898,0.7825818567513825,2.68650624801242,-0.2658005060800042,4.286513798956448,0.68
HorizontalScanPath_13,0,1.0,matched_model,0.5,90,1.0,1049,1.0350353122342209,0.9828691134534889,2.957006552046777,-0.3726964975564215,0.0,0.0
HorizontalScanPath_13,0,1.0,matched_model,1.0,179,0.0,1049,1199.0,0.0008340283569641369,2.480904802408095,0.2220281917523107,7.233797124332271,0.92
HorizontalScanPath_13,0,1.0,matched_model,1.0,179,0.01,1049,798.3444476139698,0.0031068699220056103,2.5155685185078642,0.056267206246632215,6.998525036499407,0.92
HorizontalScanPath_13,0,1.0,matched_model,1.0,179,0.05,1049,78.48817709033288,0.0658641616570804,2.619474079074259,-0.1022575091364888,6.3195407885526516,0.84
HorizontalScanPath_13,0,1.0,matched_model,1.0,179,0.1,1049,3.4850277883180145,0.5271640859623432,2.510301782392349,0.48393166688038264,4.94618035200911,0.76
HorizontalScanPath_13,0,1.0,matched_model,1.0,179,0.25,1049,1.0117971181664156,0.9941498111208567,2.757172746485712,1.1922170697375167,0.0,0.0
HorizontalScanPath_13,0,1.0,matched_model,1.0,179,0.5,1049,1.000013243571219,0.9999933782720055,2.7630944814864353,1.2024721553505242,0.0,0.0
HorizontalScanPath_13,0,1.0,matched_model,1.0,179,1.0,1049,1.0000000000326281,0.9999999999836859,2.763101536346445,1.2024851051893917,0.0,0.0
HorizontalScanPath_13,0,1.0,matched_model,unsaturated,114,0.0,1049,1199.0,0.0008340283569641369,2.480904802408095,0.2220281917523107,7.233797124332271,0.92
HorizontalScanPath_13,0,1.0,matched_model,unsaturated,114,0.01,1049,1170.8547509636248,0.0012716062355855116,2.4839140102238977,0.2272993655366713,7.216224102427771,0.92
HorizontalScanPath_13,0,1.0,matched_model,unsaturated,114,0.05,1049,597.6826139713492,0.007251104013780593,2.497993029928525,0.26946471719544207,7.243157938610846,0.92
HorizontalScanPath_13,0,1.0,matched_model,unsaturated,114,0.1,1049,75.21487229959773,0.046636142359846845,2.502514287941032,0.41747466320938204,7.210645189185532,0.92
HorizontalScanPath_13,0,1.0,matched_model,unsaturated,114,0.25,1049,7.400634435652253,0.22057606653659892,2.5949004317937376,0.8068515260039135,5.846483466561263,0.8
HorizontalScanPath_13,0,1.0,matched_model,unsaturated,114,0.5,1049,3.825017751903122,0.36012596058624985,2.7613648398190596,0.9791328876152307,4.645650148592279,0.68
HorizontalScanPath_13,0,1.0,matched_model,unsaturated,114,1.0,1049,2.4509959938922505,0.49606926693742653,2.9730141557028613,1.0887293985164774,3.956894483169656,0.56
HorizontalScanPath_13,0,1.0,matched_model,censored,65,0.0,1049,1199.0,0.0008340283569641369,2.480904802408095,0.2220281917523107,7.233797124332271,0.92
HorizontalScanPath_13,0,1.0,matched_model,censored,65,0.01,1049,815.7528729200232,0.002788286257563473,2.513486904281315,0.0550658652783909,7.013733455044321,0.92
HorizontalScanPath_13,0,1.0,matched_model,censored,65,0.05,1049,155.56713146493018,0.021448162238873133,2.6507059745954202,-0.1835177096039729,6.534240589139801,0.84
HorizontalScanPath_13,0,1.0,matched_model,censored,65,0.1,1049,52.98022440262535,0.05332818857705479,2.7260362606519215,-0.2959814489297605,6.167754570472469,0.76
HorizontalScanPath_13,0,1.0,matched_model,censored,65,0.25,1049,14.717760147745382,0.170491074543554,2.7178461755785976,-0.35255395269678275,5.592772340128302,0.68
HorizontalScanPath_13,0,1.0,matched_model,censored,65,0.5,1049,3.451984065802036,0.5152701704812319,2.5886818043044215,-0.2142086773041092,5.037788636664032,0.6
HorizontalScanPath_13,0,1.0,matched_model,censored,65,1.0,1049,1.12687464903683,0.9416954246387707,2.6782705485531064,-0.010186864046820574,2.0366430550695465,0.36
HorizontalScanPath_13,0,2.0,real,0.1,18,0.0,1049,1199.0,0.0008340283569641369,2.480904802408095,0.2220281917523107,7.233797124332271,0.92
HorizontalScanPath_13,0,2.0,real,0.1,18,0.01,1049,1196.498711048713,0.0009402690568889795,2.481140291908308,0.22343303582140378,7.199218397836052,0.92
HorizontalScanPath_13,0,2.0,real,0.1,18,0.05,1049,1153.6906999780363,0.0014335779610269261,2.482632714645173,0.2292768018049992,7.186966216341359,0.92
HorizontalScanPath_13,0,2.0,real,0.1,18,0.1,1049,1060.3716636265767,0.002210720414134273,2.484507551125772,0.237258529114506,7.182259695418841,0.92
HorizontalScanPath_13,0,2.0,real,0.1,18,0.25,1049,682.4912043332738,0.0053487294970324525,2.4844984806344224,0.26135609113745883,7.160275093551317,0.92
HorizontalScanPath_13,0,2.0,real,0.1,18,0.5,1049,190.15476207434133,0.02809838581012736,2.4744380068400003,0.30135564953066024,7.096694465511887,0.92
HorizontalScanPath_13,0,2.0,real,0.1,18,1.0,1049,16.62995355481793,0.16580322873542977,2.456624684020672,0.38424517018291454,6.555320440657304,0.88
HorizontalScanPath_13,0,2.0,real,0.25,45,0.0,1049,1199.0,0.0008340283569641369,2.480904802408095,0.2220281917523107,7.233797124332271,0.92
HorizontalScanPath_13,0,2.0,real,0.25,45,0.01,1049,1193.4084109440573,0.0010363425405818826,2.479119448514557,0.22501555397285075,7.203967926456942,0.92
HorizontalScanPath_13,0,2.0,real,0.25,45,0.05,1049,1085.3243670507502,0.0021894797947774416,2.473323838764234,0.23558836262687236,7.184285743170749,0.92
HorizontalScanPath_13,0,2.0,real,0.25,45,0.1,1049,804.8630493057926,0.004881854390018728,2.4685844944528847,0.24550385902485913,7.1418656695713985,0.92
HorizontalScanPath_13,0,2.0,real,0.25,45,0.25,1049,128.13732922707837,0.03110423564536284,2.4701358705669128,0.26118965904114705,6.851696038874763,0.88
HorizontalScanPath_13,0,2.0,real,0.25,45,0.5,1049,16.914201882432785,0.13873555844849947,2.5926348456889814,0.28171956347424837,5.94641461230583,0.84
HorizontalScanPath_13,0,2.0,real,0.25,45,1.0,1049,5.0510159118850275,0.3308051339458282,2.9040912088569386,0.2916895349875358,4.727130188068852,0.64
HorizontalScanPath_13,0,2.0,real,0.5,90,0.0,1049,1199.0,0.0008340283569641369,2.480904802408095,0.2220281917523107,7.233797124332271,0.92
HorizontalScanPath_13,0,2.0,real,0.5,90,0.01,1049,1186.8363522283698,0.001171369980066295,2.4797869839143236,0.22847274981893634,7.1999738164656994,0.92
HorizontalScanPath_13,0,2.0,real,0.5,90,0.05,1049,908.3999836567443,0.004479233304290564,2.4722293831972375,0.24988894315228208,7.202706748109808,0.92
HorizontalScanPath_13,0,2.0,real,0.5,90,0.1,1049,245.13680688941346,0.03709197644014366,2.4527940937126194,0.28359795334895355,7.461621429058909,0.92
HorizontalScanPath_13,0,2.0,real,0.5,90,0.25,1049,2.4552743521361236,0.6327529183342375,2.714027890887338,1.333115367478665,6.127267205593764,0.8
HorizontalScanPath_13,0,2.0,real,0.5,90,0.5,1049,1.0345964107606938,0.9831040012526163,3.3634356435234256,2.1390192350477197,0.0,0.0
HorizontalScanPath_13,0,2.0,real,0.5,90,1.0,1049,1.000138645033673,0.9999306834140966,3.4044634640451554,2.184028457463137,0.0,0.0
HorizontalScanPath_13,0,2.0,real,1.0,179,0.0,1049,1199.0,0.0008340283569641369,2.480904802408095,0.2220281917523107,7.233797124332271,0.92
HorizontalScanPath_13,0,2.0,real,1.0,179,0.01,1049,1175.69796463624,0.0013292845936046928,2.4819120925040297,0.22890434619055441,7.202587255596089,0.92
HorizontalScanPath_13,0,2.0,real,1.0,179,0.05,1049,595.6488849792103,0.008628983498342879,2.4899348335406413,0.2319017929933966,7.164109160312348,0.92
HorizontalScanPath_13,0,2.0,real,1.0,179,0.1,1049,86.0530919641101,0.04299771843269889,2.486723456136356,0.19628342755879657,7.081872110691181,0.88
HorizontalScanPath_13,0,2.0,real,1.0,179,0.25,1049,8.519412551360084,0.2500290803585627,2.464624612046508,0.16780626597697165,5.9788200390241375,0.88
HorizontalScanPath_13,0,2.0,real,1.0,179,0.5,1049,2.888401404736243,0.5430532547700299,2.5822851841972025,0.38361904818758147,4.4343378169437395,0.72
HorizontalScanPath_13,0,2.0,real,1.0,179,1.0,1049,1.3579458500527422,0.8522748363079726,2.736678512884739,0.7385882320567202,3.2820927623118563,0.48
HorizontalScanPath_13,0,2.0,real,unsaturated,114,0.0,1049,1199.0,0.0008340283569641369,2.480904802408095,0.2220281917523107,7.233797124332271,0.92
HorizontalScanPath_13,0,2.0,real,unsaturated,114,0.01,1049,1178.2404241317354,0.001294065495377695,2.4815157092949414,0.22296605110190967,7.205089962556529,0.92
HorizontalScanPath_13,0,2.0,real,unsaturated,114,0.05,1049,627.3788723446361,0.008285852801972906,2.4895571715261595,0.20826904114729813,7.173123918316653,0.92
HorizontalScanPath_13,0,2.0,real,unsaturated,114,0.1,1049,87.09605903291543,0.050530377874353674,2.5162676312019476,0.15398397280851214,7.115202562808998,0.88
HorizontalScanPath_13,0,2.0,real,unsaturated,114,0.25,1049,5.828054920805934,0.31697563088718167,2.8571183811847423,-0.018508854078067998,5.7219369344632245,0.88
HorizontalScanPath_13,0,2.0,real,unsaturated,114,0.5,1049,2.2545999905255543,0.5860664925964612,3.325051785324877,-0.17116250962720642,3.779536055917015,0.6
HorizontalScanPath_13,0,2.0,real,unsaturated,114,1.0,1049,1.543579771914904,0.7743969724538377,3.5813669459145494,-0.34287982577548065,2.3026821946971925,0.4
HorizontalScanPath_13,0,2.0,real,censored,65,0.0,1049,1199.0,0.0008340283569641369,2.480904802408095,0.2220281917523107,7.233797124332271,0.92
HorizontalScanPath_13,0,2.0,real,censored,65,0.01,1049,1197.2497541867951,0.0008861829823754151,2.4812404445546274,0.22796830565798928,7.208790361011504,0.92
HorizontalScanPath_13,0,2.0,real,censored,65,0.05,1049,1172.14947616754,0.0010813330994966642,2.4822299015252827,0.24723506994795116,7.184391016881154,0.92
HorizontalScanPath_13,0,2.0,real,censored,65,0.1,1049,1128.564415347163,0.001302856731219034,2.483156730696239,0.2652904575324624,7.166947390615426,0.92
HorizontalScanPath_13,0,2.0,real,censored,65,0.25,1049,1004.6106855768018,0.0018732063279220054,2.485226876541411,0.3013873863443791,7.149976390825457,0.92
HorizontalScanPath_13,0,2.0,real,censored,65,0.5,1049,853.5713502240254,0.0026748348095003084,2.4882937401960468,0.33802129328550334,7.134222458722775,0.92
HorizontalScanPath_13,0,2.0,real,censored,65,1.0,1049,670.4806409749775,0.004072013331608497,2.494515931018286,0.3814181271282655,7.108938518763723,0.92
HorizontalScanPath_13,0,2.0,matched_model,0.1,18,0.0,1049,1199.0,0.0008340283569641369,2.480904802408095,0.2220281917523107,7.233797124332271,0.92
HorizontalScanPath_13,0,2.0,matched_model,0.1,18,0.01,1049,1194.7068946080692,0.0009702043170903981,2.4806291945595826,0.223011220659007,7.205372299846485,0.92
HorizontalScanPath_13,0,2.0,matched_model,0.1,18,0.05,1049,1122.080192385587,0.0015990810012701019,2.4794812102066004,0.22828238872677276,7.218241120136063,0.92
HorizontalScanPath_13,0,2.0,matched_model,0.1,18,0.1,1049,968.9594422204784,0.0025588777784305893,2.477407217006295,0.2383870262349433,7.2023802468725036,0.92
HorizontalScanPath_13,0,2.0,matched_model,0.1,18,0.25,1049,453.0893780926256,0.0070365915495128875,2.467009324692322,0.27060050002786057,7.249275363675363,0.92
HorizontalScanPath_13,0,2.0,matched_model,0.1,18,0.5,1049,102.04041207826123,0.030451602233057467,2.4562696347670228,0.2921879570704368,7.183313763188717,0.92
HorizontalScanPath_13,0,2.0,matched_model,0.1,18,1.0,1049,20.760813940834737,0.10062891372770309,2.461845340036362,0.33658966788689215,6.652224833708187,0.92
HorizontalScanPath_13,0,2.0,matched_model,0.25,45,0.0,1049,1199.0,0.0008340283569641369,2.480904802408095,0.2220281917523107,7.233797124332271,0.92
HorizontalScanPath_13,0,2.0,matched_model,0.25,45,0.01,1049,1188.8431497807233,0.0011058253121796896,2.4781980211767216,0.2249655316543226,7.214562491985755,0.92
HorizontalScanPath_13,0,2.0,matched_model,0.25,45,0.05,1049,985.0576241396135,0.002705385966088948,2.469995359570628,0.23407714722570971,7.21652876684913,0.92
HorizontalScanPath_13,0,2.0,matched_model,0.25,45,0.1,1049,431.1013169815504,0.019926029086124085,2.455515614828707,0.2313190388320754,7.191348859362493,0.92
HorizontalScanPath_13,0,2.0,matched_model,0.25,45,0.25,1049,4.355332252993191,0.46999606776603764,2.405544361094517,-0.04458195704672789,6.0741335927755244,0.88
HorizontalScanPath_13,0,2.0,matched_model,0.25,45,0.5,1049,1.076703134110048,0.9635077329732237,2.659747130379225,-0.2725689441941245,1.0536908749706504,0.24
HorizontalScanPath_13,0,2.0,matched_model,0.25,45,1.0,1049,1.0008911022541573,0.9995546572855527,2.6976648631197215,-0.2792825835214899,0.0,0.0
HorizontalScanPath_13,0,2.0,matched_model,0.5,90,0.0,1049,1199.0,0.0008340283569641369,2.480904802408095,0.2220281917523107,7.233797124332271,0.92
HorizontalScanPath_13,0,2.0,matched_model,0.5,90,0.01,1049,1068.638548676528,0.0016847256784376264,2.5000447750318466,0.15364847380112906,7.130574845223314,0.92
HorizontalScanPath_13,0,2.0,matched_model,0.5,90,0.05,1049,313.283029369703,0.015441692618310117,2.5447274153502226,0.03921406979888843,6.866896737148409,0.92
HorizontalScanPath_13,0,2.0,matched_model,0.5,90,0.1,1049,39.57932906980015,0.09255848786405291,2.469868059133059,0.012894024076313144,6.633457901392253,0.88
HorizontalScanPath_13,0,2.0,matched_model,0.5,90,0.25,1049,3.799233683562138,0.45441825874947334,2.273185933035698,0.17942642880916537,5.227305099446449,0.8
HorizontalScanPath_13,0,2.0,matched_model,0.5,90,0.5,1049,1.547261245286959,0.7856022607132996,2.2963529391902644,0.22318919280310412,2.3339831036405165,0.44
HorizontalScanPath_13,0,2.0,matched_model,0.5,90,1.0,1049,1.0943007965673186,0.9549258644535483,2.3214935587053267,0.15224486043862043,1.6137395244841515,0.32
HorizontalScanPath_13,0,2.0,matched_model,1.0,179,0.0,1049,1199.0,0.0008340283569641369,2.480904802408095,0.2220281917523107,7.233797124332271,0.92
HorizontalScanPath_13,0,2.0,matched_model,1.0,179,0.01,1049,792.698535540292,0.0036365302875693245,2.5143241927610847,0.06459132494969254,7.004012461659411,0.92
HorizontalScanPath_13,0,2.0,matched_model,1.0,179,0.05,1049,17.12244282460353,0.22058435662624915,2.5064813740446037,0.13819709710654024,6.027890461011448,0.88
HorizontalScanPath_13,0,2.0,matched_model,1.0,179,0.1,1049,1.32906104063877,0.8662520781340836,2.6375420931755964,1.0117913978074262,3.5368771715312075,0.52
HorizontalScanPath_13,0,2.0,matched_model,1.0,179,0.25,1049,1.000908996774421,0.9995457511908419,2.7625414330055484,1.2019275710357875,0.0,0.0
HorizontalScanPath_13,0,2.0,matched_model,1.0,179,0.5,1049,1.000000240270894,0.9999998798645678,2.7631013757943776,1.202484973610051,0.0,0.0
HorizontalScanPath_13,0,2.0,matched_model,1.0,179,1.0,1049,1.0,1.0,2.7631015363667073,1.202485105228766,0.0,0.0
HorizontalScanPath_13,0,2.0,matched_model,unsaturated,114,0.0,1049,1199.0,0.0008340283569641369,2.480904802408095,0.2220281917523107,7.233797124332271,0.92
HorizontalScanPath_13,0,2.0,matched_model,unsaturated,114,0.01,1049,1150.0907153299368,0.0014217112102925015,2.4858612079619906,0.22849873230288495,7.222192129873633,0.92
HorizontalScanPath_13,0,2.0,matched_model,unsaturated,114,0.05,1049,251.03865736919138,0.02481511543513516,2.498558836512309,0.2992192496695975,7.318175460126822,0.92
HorizontalScanPath_13,0,2.0,matched_model,unsaturated,114,0.1,1049,17.160267266264032,0.17932168051028746,2.4940273535671635,0.436939441981508,6.7505056724882255,0.88
HorizontalScanPath_13,0,2.0,matched_model,unsaturated,114,0.25,1049,2.0219644040799705,0.6907812978307583,2.3723643005197963,0.29841472478326525,4.966634397778032,0.64
HorizontalScanPath_13,0,2.0,matched_model,unsaturated,114,0.5,1049,1.0738060009406851,0.9648385803587471,2.33271106540121,0.14425051090470561,1.2674620716439222,0.16
HorizontalScanPath_13,0,2.0,matched_model,unsaturated,114,1.0,1049,1.000759401105289,0.9996204877830739,2.332420183664088,0.12631553875957252,0.0,0.0
HorizontalScanPath_13,0,2.0,matched_model,censored,65,0.0,1049,1199.0,0.0008340283569641369,2.480904802408095,0.2220281917523107,7.233797124332271,0.92
HorizontalScanPath_13,0,2.0,matched_model,censored,65,0.01,1049,828.3427389353391,0.0028266882247584444,2.511094653761662,0.06359618417128331,7.009036296932511,0.92
HorizontalScanPath_13,0,2.0,matched_model,censored,65,0.05,1049,189.6315728822403,0.02025558572649499,2.624643882187748,-0.13498641899027916,6.612253094847019,0.88
HorizontalScanPath_13,0,2.0,matched_model,censored,65,0.1,1049,70.77100125926471,0.04810563821691428,2.6900783324964124,-0.21997395774473943,6.359347757517046,0.8
HorizontalScanPath_13,0,2.0,matched_model,censored,65,0.25,1049,22.194963512856418,0.08662532404143515,2.727960539985282,-0.31645237758340955,5.785498380444974,0.72
HorizontalScanPath_13,0,2.0,matched_model,censored,65,0.5,1049,13.193164524723715,0.12519649969179955,2.6694952119997994,-0.35783689817966663,5.5766234883044445,0.68
HorizontalScanPath_13,0,2.0,matched_model,censored,65,1.0,1049,7.559677747571367,0.21916388938754217,2.5698848849059788,-0.34508307331184596,5.281150729334351,0.68
HorizontalScanPath_13,0,4.0,real,0.1,18,0.0,1049,1199.0,0.0008340283569641369,2.480904802408095,0.2220281917523107,7.233797124332271,0.92
HorizontalScanPath_13,0,4.0,real,0.1,18,0.01,1049,1192.8243701596227,0.0010201038549572097,2.4815196304118943,0.22470692907597822,7.1992638137527525,0.92
HorizontalScanPath_13,0,4.0,real,0.1,18,0.05,1049,1096.1019954563355,0.0019385389121951652,2.4847969281664097,0.23597774898622675,7.187398064975973,0.92
HorizontalScanPath_13,0,4.0,real,0.1,18,0.1,1049,887.3326668977965,0.003405494131135389,2.4862609595400986,0.2504873921435251,7.165213031613698,0.92
HorizontalScanPath_13,0,4.0,real,0.1,18,0.25,1049,250.62973643488786,0.023764450469665913,2.4833816317119304,0.28464602978541736,7.087483968307975,0.92
HorizontalScanPath_13,0,4.0,real,0.1,18,0.5,1049,22.792633043033447,0.1679513491229086,2.5351681292115575,0.3118472348591854,6.436464866881561,0.88
HorizontalScanPath_13,0,4.0,real,0.1,18,1.0,1049,2.3387256171012427,0.6451166655233538,2.7530485450796287,0.3129993364206393,5.325943153613761,0.76
HorizontalScanPath_13,0,4.0,real,0.25,45,0.0,1049,1199.0,0.0008340283569641369,2.480904802408095,0.2220281917523107,7.233797124332271,0.92
HorizontalScanPath_13,0,4.0,real,0.25,45,0.01,1049,1183.4321049323344,0.001196025015205732,2.47801733951641,0.22695547918399597,7.198314347645751,0.92
HorizontalScanPath_13,0,4.0,real,0.25,45,0.05,1049,874.9018482893955,0.003917007573189987,2.468965561083967,0.24025699331761644,7.154479830403086,0.92
HorizontalScanPath_13,0,4.0,real,0.25,45,0.1,1049,308.18668512900257,0.013534540326039008,2.4598174719456978,0.2411514487357431,7.0161633608642635,0.92
HorizontalScanPath_13,0,4.0,real,0.25,45,0.25,1049,23.922315762533017,0.09620327348601991,2.4717667099101814,0.2644163169632361,6.0724606397332765,0.88
HorizontalScanPath_13,0,4.0,real,0.25,45,0.5,1049,8.192441873751271,0.2225947391394945,2.5708061456609395,0.36056384177697964,5.098676097739519,0.72
HorizontalScanPath_13,0,4.0,real,0.25,45,1.0,1049,4.133260854821482,0.4059398158725476,2.766173028713115,0.4621442922731376,4.28496397475916,0.68
HorizontalScanPath_13,0,4.0,real,0.5,90,0.0,1049,1199.0,0.0008340283569641369,2.480904802408095,0.2220281917523107,7.233797124332271,0.92
HorizontalScanPath_13,0,4.0,real,0.5,90,0.01,1049,1162.2234101809247,0.0014693801947882226,2.4792076980800153,0.23313775155403163,7.206773398201787,0.92
HorizontalScanPath_13,0,4.0,real,0.5,90,0.05,1049,287.4197906870575,0.03514991953671953,2.4557746614464087,0.28083480434395824,7.440946354724404,0.92
HorizontalScanPath_13,0,4.0,real,0.5,90,0.1,1049,5.271101547540379,0.4277463700922335,2.4956790046819384,0.9229177873874369,6.726507342292504,0.92
HorizontalScanPath_13,0,4.0,real,0.5,90,0.25,1049,1.016824138366799,0.9916873080588273,3.3841440564338625,2.1621730640814896,0.0,0.0
HorizontalScanPath_13,0,4.0,real,0.5,90,0.5,1049,1.0000213798679862,0.9999893102158893,3.404616561356649,2.1842049256042357,0.0,0.0
HorizontalScanPath_13,0,4.0,real,0.5,90,1.0,1049,1.0000000000861178,0.9999999999569411,3.404642439900265,2.1842338742350944,0.0,0.0
HorizontalScanPath_13,0,4.0,real,1.0,179,0.0,1049,1199.0,0.0008340283569641369,2.480904802408095,0.2220281917523107,7.233797124332271,0.92
HorizontalScanPath_13,0,4.0,real,1.0,179,0.01,1049,1124.0861733224117,0.0019745755287591967,2.4844396109124207,0.23270090929814613,7.199480886381875,0.92
HorizontalScanPath_13,0,4.0,real,1.0,179,0.05,1049,120.22920829791636,0.02991817103303307,2.50483187404225,0.19681144498498498,7.135146439255761,0.88
HorizontalScanPath_13,0,4.0,real,1.0,179,0.1,1049,20.519566360104847,0.118816567270084,2.512589478881346,0.12362727320354679,6.6428278492468005,0.88
HorizontalScanPath_13,0,4.0,real,1.0,179,0.25,1049,5.062832904305487,0.37700117087864543,2.557733216385119,-0.03401261371840292,6.243449913157629,0.88
HorizontalScanPath_13,0,4.0,real,1.0,179,0.5,1049,1.839780917101183,0.7195950649086614,2.596441152799425,-0.273163279123537,4.650635964779103,0.56
HorizontalScanPath_13,0,4.0,real,1.0,179,1.0,1049,1.0999267566348818,0.9526699411617053,2.6202972156139936,-0.3796888161386755,2.2179073142269727,0.28
HorizontalScanPath_13,0,4.0,real,unsaturated,114,0.0,1049,1199.0,0.0008340283569641369,2.480904802408095,0.2220281917523107,7.233797124332271,0.92
HorizontalScanPath_13,0,4.0,real,unsaturated,114,0.01,1049,1131.8386056761535,0.0018813249444082742,2.483556362978705,0.22046096579175356,7.204924907882873,0.92
HorizontalScanPath_13,0,4.0,real,unsaturated,114,0.05,1049,123.9131524714429,0.031084204500147,2.525506926212745,0.15984849071635834,7.154833893739419,0.88
HorizontalScanPath_13,0,4.0,real,unsaturated,114,0.1,1049,16.62624955456873,0.12546478962154298,2.6279867959101635,0.05662215365354086,6.829744172201719,0.88
HorizontalScanPath_13,0,4.0,real,unsaturated,114,0.25,1049,4.257210876860969,0.3018216075217905,2.912290478696557,-0.024878736782586657,4.643026418959448,0.72
HorizontalScanPath_13,0,4.0,real,unsaturated,114,0.5,1049,3.0858249675072185,0.387816189590451,3.015249849054193,0.005304817395190184,3.723567750129496,0.6
HorizontalScanPath_13,0,4.0,real,unsaturated,114,1.0,1049,2.6501392171626272,0.4641123857281171,3.012330014596687,0.06306367654137603,3.2171501835575644,0.52
HorizontalScanPath_13,0,4.0,real,censored,65,0.0,1049,1199.0,0.0008340283569641369,2.480904802408095,0.2220281917523107,7.233797124332271,0.92
HorizontalScanPath_13,0,4.0,real,censored,65,0.01,1049,1193.8346248909586,0.0009380584171783133,2.4817577172725533,0.23424987367497807,7.205687047009994,0.92
HorizontalScanPath_13,0,4.0,real,censored,65,0.05,1049,1139.4314338643592,0.0013016378993852991,2.484066421246206,0.26675938518477094,7.178026509072319,0.92
HorizontalScanPath_13,0,4.0,real,censored,65,0.1,1049,1065.9748104773403,0.0016878724830987405,2.486186185787992,0.29182815081810304,7.171997102636554,0.92
HorizontalScanPath_13,0,4.0,real,censored,65,0.25,1049,894.057295673758,0.0026630554293478686,2.491834350756478,0.3352725537834385,7.1622232913957715,0.92
HorizontalScanPath_13,0,4.0,real,censored,65,0.5,1049,713.876103543629,0.0040653082404720365,2.501060731983169,0.3753218230425205,7.148791198628071,0.92
HorizontalScanPath_13,0,4.0,real,censored,65,1.0,1049,526.3539050607085,0.006377995497215202,2.5158249467208043,0.41964003592481275,7.148188068088589,0.92
HorizontalScanPath_13,0,4.0,matched_model,0.1,18,0.0,1049,1199.0,0.0008340283569641369,2.480904802408095,0.2220281917523107,7.233797124332271,0.92
HorizontalScanPath_13,0,4.0,matched_model,0.1,18,0.01,1049,1189.983306037707,0.0010455115681002633,2.4808541665662207,0.22417324273878195,7.207887420774173,0.92
HorizontalScanPath_13,0,4.0,matched_model,0.1,18,0.05,1049,1052.4996515994233,0.0020374991108285546,2.479936240286546,0.23765298804334634,7.216415154733434,0.92
HorizontalScanPath_13,0,4.0,matched_model,0.1,18,0.1,1049,766.337957948031,0.0044910518893542814,2.47422365020829,0.26042381093096995,7.204199391414559,0.92
HorizontalScanPath_13,0,4.0,matched_model,0.1,18,0.25,1049,162.7753043434309,0.02298285239324888,2.429183351099438,0.3099822714554261,7.1580995019046645,0.92
HorizontalScanPath_13,0,4.0,matched_model,0.1,18,0.5,1049,26.595396446079857,0.10226925270344604,2.3822202209865138,0.33931560973180014,6.667384897813247,0.92
HorizontalScanPath_13,0,4.0,matched_model,0.1,18,1.0,1049,6.3498377609771355,0.28389699555992726,2.4367904896346095,0.38997046631264537,5.421947210254325,0.92
HorizontalScanPath_13,0,4.0,matched_model,0.25,45,0.0,1049,1199.0,0.0008340283569641369,2.480904802408095,0.2220281917523107,7.233797124332271,0.92
HorizontalScanPath_13,0,4.0,matched_model,0.25,45,0.01,1049,1176.4455915389217,0.0012601815147977964,2.4768604781354444,0.2274577111954318,7.215597023512394,0.92
HorizontalScanPath_13,0,4.0,matched_model,0.25,45,0.05,1049,701.515270917139,0.007913351913071501,2.463994595151233,0.24428389753290958,7.196787447774527,0.92
HorizontalScanPath_13,0,4.0,matched_model,0.25,45,0.1,1049,84.88554152985618,0.08221594810928376,2.4513139243480215,0.21344436391431829,7.087183723238813,0.92
HorizontalScanPath_13,0,4.0,matched_model,0.25,45,0.25,1049,1.5357242712617505,0.8035242308501448,2.591709801178723,-0.21233875951681283,3.7907801240598156,0.52
HorizontalScanPath_13,0,4.0,matched_model,0.25,45,0.5,1049,1.0169851522761741,0.9915879497730576,2.6921802933745576,-0.27915591662247835,0.0,0.0
HorizontalScanPath_13,0,4.0,matched_model,0.25,45,1.0,1049,1.0001054907210147,0.9999472574481275,2.698257481097274,-0.2793086392903183,0.0,0.0
HorizontalScanPath_13,0,4.0,matched_model,0.5,90,0.0,1049,1199.0,0.0008340283569641369,2.480904802408095,0.2220281917523107,7.233797124332271,0.92
HorizontalScanPath_13,0,4.0,matched_model,0.5,90,0.01,1049,1043.3614022495506,0.002065943957236953,2.4986056393318496,0.16143844711756172,7.117763405615813,0.92
HorizontalScanPath_13,0,4.0,matched_model,0.5,90,0.05,1049,99.65835005011458,0.04343530647611159,2.47681235834946,0.09911691872691562,6.861602854471246,0.92
HorizontalScanPath_13,0,4.0,matched_model,0.5,90,0.1,1049,11.967733109314235,0.17080245419545242,2.3001374039446003,0.11919385370699728,5.845893939248863,0.84
HorizontalScanPath_13,0,4.0,matched_model,0.5,90,0.25,1049,3.910499702069397,0.42370655033324556,2.173675693640173,0.15642276800713262,3.893720433274357,0.72
HorizontalScanPath_13,0,4.0,matched_model,0.5,90,0.5,1049,1.8751437905035147,0.7103758509443716,2.2168991280974923,0.16702948755148783,3.0794719855288646,0.6
HorizontalScanPath_13,0,4.0,matched_model,0.5,90,1.0,1049,1.1145948652291076,0.946418879304576,2.309170280387595,0.14283983658642227,1.6137395244841515,0.32
HorizontalScanPath_13,0,4.0,matched_model,1.0,179,0.0,1049,1199.0,0.0008340283569641369,2.480904802408095,0.2220281917523107,7.233797124332271,0.92
HorizontalScanPath_13,0,4.0,matched_model,1.0,179,0.01,1049,751.9909509950342,0.004961098954605214,2.512766206263538,0.08063793517846989,7.000895781359659,0.92
HorizontalScanPath_13,0,4.0,matched_model,1.0,179,0.05,1049,6.614681408276344,0.318576778656055,2.3871506138403715,0.31545081174781897,5.5069125030152986,0.8
HorizontalScanPath_13,0,4.0,matched_model,1.0,179,0.1,1049,1.8822707253397581,0.6752899174102301,2.418048958886101,0.8295920268894201,2.715952372981344,0.44
HorizontalScanPath_13,0,4.0,matched_model,1.0,179,0.25,1049,1.2070284721929248,0.9052760193532668,2.640986803694243,1.1004988976436743,1.9051680169982115,0.32
HorizontalScanPath_13,0,4.0,matched_model,1.0,179,0.5,1049,1.0218544496045008,0.9891896118227474,2.748563850433552,1.1908493662715274,0.0,0.0
HorizontalScanPath_13,0,4.0,matched_model,1.0,179,1.0,1049,1.0002388653525665,0.9998805815844742,2.7629401430378926,1.2023565694758964,0.0,0.0
HorizontalScanPath_13,0,4.0,matched_model,unsaturated,114,0.0,1049,1199.0,0.0008340283569641369,2.480904802408095,0.2220281917523107,7.233797124332271,0.92
HorizontalScanPath_13,0,4.0,matched_model,unsaturated,114,0.01,1049,1088.1543605727381,0.0019363957903659346,2.489226417514214,0.22935087037821403,7.22249981192009,0.92
HorizontalScanPath_13,0,4.0,matched_model,unsaturated,114,0.05,1049,41.88483732213619,0.10889668282959827,2.49755540112065,0.29034172967120186,7.263184634873303,0.92
HorizontalScanPath_13,0,4.0,matched_model,unsaturated,114,0.1,1049,3.5182177804261254,0.5009908413505673,2.4450521262349247,0.21867172134544036,5.617871092725222,0.72
HorizontalScanPath_13,0,4.0,matched_model,unsaturated,114,0.25,1049,1.1230678131136336,0.9427596785117033,2.331192401467967,0.12943763033079222,2.8006507296744485,0.32
HorizontalScanPath_13,0,4.0,matched_model,unsaturated,114,0.5,1049,1.0036513522052215,0.9981779682448796,2.3321736897453014,0.1261317462642637,0.0,0.0
HorizontalScanPath_13,0,4.0,matched_model,unsaturated,114,1.0,1049,1.0000053703003553,0.9999973148570928,2.3324095153400033,0.12613715210744886,0.0,0.0
HorizontalScanPath_13,0,4.0,matched_model,censored,65,0.0,1049,1199.0,0.0008340283569641369,2.480904802408095,0.2220281917523107,7.233797124332271,0.92
HorizontalScanPath_13,0,4.0,matched_model,censored,65,0.01,1049,849.9836993614666,0.0028948967816579746,2.5072642717128995,0.08059636663990431,7.015385594480617,0.92
HorizontalScanPath_13,0,4.0,matched_model,censored,65,0.05,1049,240.38620684554064,0.018542061781086035,2.5897259341528964,-0.053418327682065864,6.69587161788128,0.92
HorizontalScanPath_13,0,4.0,matched_model,censored,65,0.1,1049,93.54364018247686,0.03929940083463833,2.6332508914096047,-0.09201204078891806,6.475420288939563,0.84
HorizontalScanPath_13,0,4.0,matched_model,censored,65,0.25,1049,21.13301668904593,0.11203871156530686,2.6105630092531045,-0.1414644198548717,6.0094749174716,0.84
HorizontalScanPath_13,0,4.0,matched_model,censored,65,0.5,1049,6.232368847760915,0.31023272357743786,2.4871315026378324,-0.12582057799061658,4.891698279447355,0.76
HorizontalScanPath_13,0,4.0,matched_model,censored,65,1.0,1049,2.3766453621291026,0.6046886424165335,2.4298285607245784,-0.11638911154666857,2.798042078073081,0.4
HorizontalScanPath_13,1,0.5,real,0.1,18,0.0,106,1199.0,0.0008340283569641369,2.481554298861115,0.22282441199988853,7.234908129563203,0.92
HorizontalScanPath_13,1,0.5,real,0.1,18,0.01,106,1198.0645592821782,0.0008800080047667785,2.48192657530417,0.22328680966934145,7.210352923163259,0.92
HorizontalScanPath_13,1,0.5,real,0.1,18,0.05,106,1179.6648117225716,0.001083621691320086,2.4832806045762963,0.22501699862864144,7.197190466985103,0.92
HorizontalScanPath_13,1,0.5,real,0.1,18,0.1,106,1135.9592123535444,0.001386486791556341,2.4848216259074993,0.22682940005596264,7.19747339771357,0.92
HorizontalScanPath_13,1,0.5,real,0.1,18,0.25,106,957.5668057700724,0.0026577081736797034,2.4890922569942178,0.2297150115070326,7.169748746136763,0.92
HorizontalScanPath_13,1,0.5,real,0.1,18,0.5,106,673.109412985789,0.005991136591494979,2.494391907278504,0.22992360114558777,7.144892735044113,0.92
HorizontalScanPath_13,1,0.5,real,0.1,18,1.0,106,311.22934096439207,0.015497185410796914,2.4971732343179447,0.23370267654289592,7.065866735076095,0.92
HorizontalScanPath_13,1,0.5,real,0.25,45,0.0,106,1199.0,0.0008340283569641369,2.481554298861115,0.22282441199988853,7.234908129563203,0.92
HorizontalScanPath_13,1,0.5,real,0.25,45,0.01,106,1197.216442156745,0.000917653521883108,2.481239417349536,0.22439586846391876,7.2144466250144,0.92
HorizontalScanPath_13,1,0.5,real,0.25,45,0.05,106,1161.238502820081,0.0012909619097168138,2.4794957300651985,0.2301790578860937,7.210405946075209,0.92
HorizontalScanPath_13,1,0.5,real,0.25,45,0.1,106,1073.1874087202036,0.0018250700526159457,2.476401544232255,0.23625871973905305,7.227455049200191,0.92
HorizontalScanPath_13,1,0.5,real,0.25,45,0.25,106,706.0175562635261,0.004558198774284911,2.4635377720769362,0.24798243241790488,7.26830055653209,0.92
HorizontalScanPath_13,1,0.5,real,0.25,45,0.5,106,244.9718133005154,0.017130732112664734,2.44339549129082,0.2754486095048878,7.448864701758457,0.92
HorizontalScanPath_13,1,0.5,real,0.25,45,1.0,106,39.85867578776681,0.08298404983323866,2.4431169816413614,0.46262546881427624,7.566399447408966,0.92
HorizontalScanPath_13,1,0.5,real,0.5,90,0.0,106,1199.0,0.0008340283569641369,2.481554298861115,0.22282441199988853,7.234908129563203,0.92
HorizontalScanPath_13,1,0.5,real,0.5,90,0.01,106,1195.6714206193562,0.0009668949267230821,2.4807069495588943,0.22534028038445966,7.218539696429154,0.92
HorizontalScanPath_13,1,0.5,real,0.5,90,0.05,106,1126.8856019683117,0.0016568915354114077,2.4775652310036285,0.23431462620949786,7.228271587902636,0.92
HorizontalScanPath_13,1,0.5,real,0.5,90,0.1,106,950.4516394693323,0.002975917485853992,2.4745571907636474,0.2435016349097009,7.2189149595507,0.92
HorizontalScanPath_13,1,0.5,real,0.5,90,0.25,106,293.63120142506966,0.01735264940687146,2.470252556473849,0.2654495037244578,7.194825455667733,0.92
HorizontalScanPath_13,1,0.5,real,0.5,90,0.5,106,27.90327155308602,0.09811401418450054,2.470518822586755,0.33127688969490693,6.838774178247636,0.92
HorizontalScanPath_13,1,0.5,real,0.5,90,1.0,106,5.552904757580194,0.2723846917609043,2.525950244951051,0.4934476048606598,5.180082593685074,0.76
HorizontalScanPath_13,1,0.5,real,1.0,179,0.0,106,1199.0,0.0008340283569641369,2.481554298861115,0.22282441199988853,7.234908129563203,0.92
HorizontalScanPath_13,1,0.5,real,1.0,179,0.01,106,1193.1239516909243,0.0010444559625397494,2.4806027125717045,0.22671467175694715,7.212808302628137,0.92
HorizontalScanPath_13,1,0.5,real,1.0,179,0.05,106,1069.7137482044518,0.002350101362078469,2.475598483942452,0.2398490622190593,7.219714941299405,0.92
HorizontalScanPath_13,1,0.5,real,1.0,179,0.1,106,750.5553652606253,0.006073601598993094,2.4671838458793163,0.2522882313933519,7.217531024157265,0.92
HorizontalScanPath_13,1,0.5,real,1.0,179,0.25,106,81.25184183306625,0.04860649563814916,2.435140490785644,0.2653436269892336,7.148480603955113,0.92
HorizontalScanPath_13,1,0.5,real,1.0,179,0.5,106,9.439375120159065,0.23582302174347727,2.4060341449772316,0.1738153817116313,6.080786809276394,0.88
HorizontalScanPath_13,1,0.5,real,1.0,179,1.0,106,2.838419718821243,0.5363347628320494,2.4098496221365964,0.03610567483533259,4.344047006653048,0.8
HorizontalScanPath_13,1,0.5,real,unsaturated,114,0.0,106,1199.0,0.0008340283569641369,2.481554298861115,0.22282441199988853,7.234908129563203,0.92
HorizontalScanPath_13,1,0.5,real,unsaturated,114,0.01,106,1193.6956633679774,0.0010350293185389188,2.4803211876097597,0.2247565501668919,7.216436930442119,0.92
HorizontalScanPath_13,1,0.5,real,unsaturated,114,0.05,106,1078.5865911984495,0.002268363784337575,2.4745368952538804,0.2311666508380722,7.249473109448732,0.92
HorizontalScanPath_13,1,0.5,real,unsaturated,114,0.1,106,768.3560778994548,0.005400614914833617,2.4661498772684247,0.236434900316965,7.2807104052469205,0.92
HorizontalScanPath_13,1,0.5,real,unsaturated,114,0.25,106,64.88751466591874,0.08773368590366709,2.4434169686433904,0.18510320276014908,7.169263577150159,0.92
HorizontalScanPath_13,1,0.5,real,unsaturated,114,0.5,106,3.0258145563027385,0.5621337095856708,2.619321898876597,-0.3548328947693494,5.640241649977907,0.84
HorizontalScanPath_13,1,0.5,real,unsaturated,114,1.0,106,1.0893417036591524,0.9578760644132807,3.038914198037996,-0.8327602020842665,1.8673481929744618,0.4
HorizontalScanPath_13,1,0.5,real,censored,65,0.0,106,1199.0,0.0008340283569641369,2.481554298861115,0.22282441199988853,7.234908129563203,0.92
HorizontalScanPath_13,1,0.5,real,censored,65,0.01,106,1198.4615073240902,0.0008574099015201053,2.4818349253009333,0.22481725531680014,7.206779564031987,0.92
HorizontalScanPath_13,1,0.5,real,censored,65,0.05,106,1188.7982730401548,0.0009504299718988427,2.482739010137558,0.23214963414978912,7.195833614740962,0.92
HorizontalScanPath_13,1,0.5,real,censored,65,0.1,106,1167.6800306692378,0.0010662359394131974,2.4835275773392267,0.24021667191843563,7.176943562329497,0.92
HorizontalScanPath_13,1,0.5,real,censored,65,0.25,106,1085.3853331801456,0.0014151544237004147,2.4847133441913294,0.260167198057502,7.133492993528462,0.92
HorizontalScanPath_13,1,0.5,real,censored,65,0.5,106,947.4599038653528,0.0020075512589785146,2.4850893751115537,0.28630989796557743,7.108973352988057,0.92
HorizontalScanPath_13,1,0.5,real,censored,65,1.0,106,738.0652663664569,0.003220839763355869,2.48463257415511,0.32556417242473346,7.078031668828537,0.92
HorizontalScanPath_13,1,0.5,matched_model,0.1,18,0.0,106,1199.0,0.0008340283569641369,2.481554298861115,0.22282441199988853,7.234908129563203,0.92
HorizontalScanPath_13,1,0.5,matched_model,0.1,18,0.01,106,1196.8379114467914,0.000928061882771456,2.481764138707639,0.22407618923769404,7.209205004073219,0.92
HorizontalScanPath_13,1,0.5,matched_model,0.1,18,0.05,106,1153.7148472802182,0.001368013554133632,2.482248754845204,0.22864062087624462,7.206257209890109,0.92
HorizontalScanPath_13,1,0.5,matched_model,0.1,18,0.1,106,1051.3039922062683,0.002074180423119241,2.4824227290258563,0.23306044769579556,7.188670549628666,0.92
HorizontalScanPath_13,1,0.5,matched_model,0.1,18,0.25,106,661.3147570366198,0.0053604069901463805,2.4810864499575622,0.23959077248226548,7.165617883997138,0.92
HorizontalScanPath_13,1,0.5,matched_model,0.1,18,0.5,106,227.56210184746686,0.02023366531042014,2.478966366813009,0.2528547200310732,7.059580478127518,0.92
HorizontalScanPath_13,1,0.5,matched_model,0.1,18,1.0,106,26.079197876752218,0.11894668106872806,2.539041162191272,0.34999045936745005,6.536407315858771,0.88
HorizontalScanPath_13,1,0.5,matched_model,0.25,45,0.0,106,1199.0,0.0008340283569641369,2.481554298861115,0.22282441199988853,7.234908129563203,0.92
HorizontalScanPath_13,1,0.5,matched_model,0.25,45,0.01,106,1193.9508649980312,0.001010893720862382,2.482059464150077,0.2245135914888624,7.2053203470957445,0.92
HorizontalScanPath_13,1,0.5,matched_model,0.25,45,0.05,106,1088.22374315607,0.002105377892990314,2.4842921764831676,0.23029379450403895,7.190317825003595,0.92
HorizontalScanPath_13,1,0.5,matched_model,0.25,45,0.1,106,823.5046306683835,0.0048366161215821196,2.4869548411962294,0.23587931074261406,7.162798214403954,0.92
HorizontalScanPath_13,1,0.5,matched_model,0.25,45,0.25,106,97.78286090154253,0.07368943598171737,2.455612802454031,0.25387726729277577,6.995681248152186,0.92
HorizontalScanPath_13,1,0.5,matched_model,0.25,45,0.5,106,2.612882202766647,0.6135797687681475,2.1740924349822204,0.27185507220006455,5.27670468873888,0.76
HorizontalScanPath_13,1,0.5,matched_model,0.25,45,1.0,106,1.0318027305185087,0.9844405353777492,2.067974089846646,0.27920778785706946,0.0,0.0
HorizontalScanPath_13,1,0.5,matched_model,0.5,90,0.0,106,1199.0,0.0008340283569641369,2.481554298861115,0.22282441199988853,7.234908129563203,0.92
HorizontalScanPath_13,1,0.5,matched_model,0.5,90,0.01,106,1186.9955108907645,0.0011000251663252213,2.4820616805117313,0.2278546831873132,7.209935605105998,0.92
HorizontalScanPath_13,1,0.5,matched_model,0.5,90,0.05,106,943.7500883751944,0.003355648236035428,2.4826724149765287,0.24865788496557115,7.185324540937656,0.92
HorizontalScanPath_13,1,0.5,matched_model,0.5,90,0.1,106,416.22256202459045,0.017593320143771678,2.466241612717226,0.2725962987292746,7.088778106742746,0.92
HorizontalScanPath_13,1,0.5,matched_model,0.5,90,0.25,106,7.889555555976258,0.33049112418257987,2.3034278321698665,0.2983463216424866,5.889032939946455,0.88
HorizontalScanPath_13,1,0.5,matched_model,0.5,90,0.5,106,1.3311774642015388,0.8647680468225455,2.425282506868836,0.3476717174648661,2.813480938327257,0.4
HorizontalScanPath_13,1,0.5,matched_model,0.5,90,1.0,106,1.0090644034355893,0.9954943919108147,2.509245270963886,0.36836228681690275,0.0,0.0
HorizontalScanPath_13,1,0.5,matched_model,1.0,179,0.0,106,1199.0,0.0008340283569641369,2.481554298861115,0.22282441199988853,7.234908129563203,0.92
HorizontalScanPath_13,1,0.5,matched_model,1.0,179,0.01,106,1044.7809068200834,0.0018577225682404736,2.525705837878431,0.15361727645539078,7.099499380827094,0.88
HorizontalScanPath_13,1,0.5,matched_model,1.0,179,0.05,106,245.06715916916596,0.016937995565045775,2.64911158087969,0.05729812810915519,6.777179186198432,0.84
HorizontalScanPath_13,1,0.5,matched_model,1.0,179,0.1,106,28.474576580021065,0.10988105259345542,2.6517244594494636,0.0892775690965891,6.112450096394489,0.8
HorizontalScanPath_13,1,0.5,matched_model,1.0,179,0.25,106,3.072164756951146,0.5106995624129945,2.751939957025519,0.38232529690511685,3.9980805587660573,0.6
HorizontalScanPath_13,1,0.5,matched_model,1.0,179,0.5,106,1.4949696756032587,0.803185492567941,3.0454972592078433,0.6314521897278951,2.6636700801298754,0.48
HorizontalScanPath_13,1,0.5,matched_model,1.0,179,1.0,106,1.0737668965285865,0.9644179392469806,3.2410857885022826,0.7874838410234087,1.632069611179395,0.4
HorizontalScanPath_13,1,0.5,matched_model,unsaturated,114,0.0,106,1199.0,0.0008340283569641369,2.481554298861115,0.22282441199988853,7.234908129563203,0.92
HorizontalScanPath_13,1,0.5,matched_model,unsaturated,114,0.01,106,1180.5895978576507,0.0012405085111878349,2.4832510792714166,0.22597435649390263,7.217826224924938,0.92
HorizontalScanPath_13,1,0.5,matched_model,unsaturated,114,0.05,106,764.2384636147353,0.008503654776231639,2.4804375980773994,0.23937001561594798,7.201532704343963,0.92
HorizontalScanPath_13,1,0.5,matched_model,unsaturated,114,0.1,106,87.56911426135548,0.08310882593537716,2.4231637699860493,0.2594970104346748,6.982080092876649,0.92
HorizontalScanPath_13,1,0.5,matched_model,unsaturated,114,0.25,106,1.5463818119301995,0.8023117003353238,2.435977469901365,0.3570299169120972,4.116915882860871,0.72
HorizontalScanPath_13,1,0.5,matched_model,unsaturated,114,0.5,106,1.0093562052603815,0.9953527639147889,2.51135248002085,0.368942198890561,0.0,0.0
HorizontalScanPath_13,1,0.5,matched_model,unsaturated,114,1.0,106,1.0000068591157012,0.9999965704582199,2.5127091683251677,0.3689542303465146,0.0,0.0
HorizontalScanPath_13,1,0.5,matched_model,censored,65,0.0,106,1199.0,0.0008340283569641369,2.481554298861115,0.22282441199988853,7.234908129563203,0.92
HorizontalScanPath_13,1,0.5,matched_model,censored,65,0.01,106,1064.2795005853588,0.0015124482798043182,2.5233865088444065,0.14905663577531414,7.0885063553485335,0.88
HorizontalScanPath_13,1,0.5,matched_model,censored,65,0.05,106,413.4311476407095,0.006362323342367731,2.6389627922930736,0.023304918291996726,6.839868114011263,0.84
HorizontalScanPath_13,1,0.5,matched_model,censored,65,0.1,106,169.5789087838296,0.015797599742355176,2.70054574347592,-0.016932476124550247,6.710455803565606,0.84
HorizontalScanPath_13,1,0.5,matched_model,censored,65,0.25,106,43.27088512637858,0.049758015383182364,2.7428222029370035,-0.029120221081757335,6.715472219796448,0.8
HorizontalScanPath_13,1,0.5,matched_model,censored,65,0.5,106,17.370504485661492,0.10693796553712828,2.797193203263169,-0.0799768934069948,6.223885770279431,0.76
HorizontalScanPath_13,1,0.5,matched_model,censored,65,1.0,106,6.7512655574076605,0.28433790089384764,2.930769381772037,-0.2541156845129353,5.280675765873282,0.68
HorizontalScanPath_13,1,1.0,real,0.1,18,0.0,106,1199.0,0.0008340283569641369,2.481554298861115,0.22282441199988853,7.234908129563203,0.92
HorizontalScanPath_13,1,1.0,real,0.1,18,0.01,106,1197.6769731256556,0.000897702257509161,2.4820975442993243,0.22357757573710843,7.212986376425404,0.92
HorizontalScanPath_13,1,1.0,real,0.1,18,0.05,106,1172.8736034644508,0.0011652376879724025,2.4841681552119286,0.2263276419576755,7.201113904880199,0.92
HorizontalScanPath_13,1,1.0,real,0.1,18,0.1,106,1116.6419867456266,0.0015674634745686347,2.486637345893109,0.22893789555601188,7.194072580526802,0.92
HorizontalScanPath_13,1,1.0,real,0.1,18,0.25,106,892.8040931209786,0.0034301786068538596,2.4932386711888275,0.2309672611398787,7.163291161956088,0.92
HorizontalScanPath_13,1,1.0,real,0.1,18,0.5,106,527.7203238996831,0.007862914275961936,2.500554736494201,0.22640839837555632,7.129606392774681,0.92
HorizontalScanPath_13,1,1.0,real,0.1,18,1.0,106,164.27906178510293,0.020238645386801597,2.499763965963545,0.2314992907490341,7.010757808827773,0.92
HorizontalScanPath_13,1,1.0,real,0.25,45,0.0,106,1199.0,0.0008340283569641369,2.481554298861115,0.22282441199988853,7.234908129563203,0.92
HorizontalScanPath_13,1,1.0,real,0.25,45,0.01,106,1196.275301173425,0.0009387826726388822,2.4813609330176685,0.22491970662474842,7.2150178275362755,0.92
HorizontalScanPath_13,1,1.0,real,0.25,45,0.05,106,1142.9495755379583,0.0014701997672400776,2.4797126032508077,0.2326291370134777,7.214878570963856,0.92
HorizontalScanPath_13,1,1.0,real,0.25,45,0.1,106,1010.0059324730225,0.002505458662959581,2.4762659440476726,0.24080865193174078,7.227768341470605,0.92
HorizontalScanPath_13,1,1.0,real,0.25,45,0.25,106,442.46131492642996,0.011114002288537695,2.4641389398936733,0.26472265465167993,7.373286790665093,0.92
HorizontalScanPath_13,1,1.0,real,0.25,45,0.5,106,68.52905898321758,0.06187571234666097,2.4875833706169668,0.404973264719406,7.742968601089979,0.92
HorizontalScanPath_13,1,1.0,real,0.25,45,1.0,106,8.678243597991479,0.2667694988885434,2.8104840583641386,0.9487992417219061,7.199270856491157,0.88
HorizontalScanPath_13,1,1.0,real,0.5,90,0.0,106,1199.0,0.0008340283569641369,2.481554298861115,0.22282441199988853,7.234908129563203,0.92
HorizontalScanPath_13,1,1.0,real,0.5,90,0.01,106,1193.6837328016463,0.0010101867906882305,2.4807283309755075,0.22628382563354535,7.2204963330909235,0.92
HorizontalScanPath_13,1,1.0,real,0.5,90,0.05,106,1081.4193222028002,0.001980912177529629,2.477955178267549,0.23868011075158166,7.21159479988105,0.92
HorizontalScanPath_13,1,1.0,real,0.5,90,0.1,106,765.7321833669644,0.004762186171136771,2.475837980452955,0.25192365047552356,7.204147885467578,0.92
HorizontalScanPath_13,1,1.0,real,0.5,90,0.25,106,82.25300348773173,0.05338112440293187,2.469154736138927,0.28929817009175623,7.055121492560663,0.92
HorizontalScanPath_13,1,1.0,real,0.5,90,0.5,106,9.2034516068833,0.24502344793942388,2.550497981531426,0.36554311859904604,6.227738473078419,0.88
HorizontalScanPath_13,1,1.0,real,0.5,90,1.0,106,2.674213404032954,0.5529052233504866,2.861324458013849,0.4211684599420414,3.995201338224506,0.68
HorizontalScanPath_13,1,1.0,real,1.0,179,0.0,106,1199.0,0.0008340283569641369,2.481554298861115,0.22282441199988853,7.234908129563203,0.92
HorizontalScanPath_13,1,1.0,real,1.0,179,0.01,106,1189.389191765221,0.00115679714381065,2.480367465733705,0.22829126536859576,7.219873927485053,0.92
HorizontalScanPath_13,1,1.0,real,1.0,179,0.05,106,973.5354227124129,0.0038513424811672733,2.4736920641352134,0.2463287418976779,7.21414988782828,0.92
HorizontalScanPath_13,1,1.0,real,1.0,179,0.1,106,416.9941225088665,0.012661580681204253,2.465952089061793,0.26299916946281654,7.20104613528295,0.92
HorizontalScanPath_13,1,1.0,real,1.0,179,0.25,106,21.830758560746748,0.12410921173544273,2.466520749610547,0.2402776431912389,6.468405066881068,0.88
HorizontalScanPath_13,1,1.0,real,1.0,179,0.5,106,4.78097371825863,0.3461594511201946,2.457812128171335,0.23356641684292298,4.92746454528758,0.84
HorizontalScanPath_13,1,1.0,real,1.0,179,1.0,106,2.2580519246933908,0.573201178138248,2.4698061731825898,0.3007142128068449,3.650916239387002,0.68
HorizontalScanPath_13,1,1.0,real,unsaturated,114,0.0,106,1199.0,0.0008340283569641369,2.481554298861115,0.22282441199988853,7.234908129563203,0.92
HorizontalScanPath_13,1,1.0,real,unsaturated,114,0.01,106,1190.1806929542772,0.0011395630670858203,2.4800433431618374,0.2252449476743641,7.222745484611362,0.92
HorizontalScanPath_13,1,1.0,real,unsaturated,114,0.05,106,986.9614394283308,0.003666047513458767,2.4729465834994944,0.23337549334995855,7.239088833029411,0.92
HorizontalScanPath_13,1,1.0,real,unsaturated,114,0.1,106,438.094279383909,0.014690349624124067,2.4662017838300283,0.24018611204824766,7.26145692544025,0.92
HorizontalScanPath_13,1,1.0,real,unsaturated,114,0.25,106,13.348474097345507,0.2381940102563637,2.484119026164768,0.04797775405447737,6.473944222467967,0.88
HorizontalScanPath_13,1,1.0,real,unsaturated,114,0.5,106,1.667586904304781,0.7683516292272168,2.799322644493148,-0.5755126158252915,4.267000404636283,0.8
HorizontalScanPath_13,1,1.0,real,unsaturated,114,1.0,106,1.0315031098793217,0.9845571207688572,3.0778271426836787,-0.8572923359773154,0.0,0.0
HorizontalScanPath_13,1,1.0,real,censored,65,0.0,106,1199.0,0.0008340283569641369,2.481554298861115,0.22282441199988853,7.234908129563203,0.92
HorizontalScanPath_13,1,1.0,real,censored,65,0.01,106,1198.1460297215233,0.0008672201339343052,2.481881553117221,0.22592137675263302,7.202660265443878,0.92
HorizontalScanPath_13,1,1.0,real,censored,65,0.05,106,1183.6645707508944,0.0009971123037060155,2.4829167223383646,0.23669152838787796,7.185650470315897,0.92
HorizontalScanPath_13,1,1.0,real,censored,65,0.1,106,1154.3235216696266,0.001154485947898083,2.4837857802687466,0.24768883278504744,7.167475687690706,0.92
HorizontalScanPath_13,1,1.0,real,censored,65,0.25,106,1053.0134206261691,0.0016045754462106065,2.484917188670323,0.27257750318015267,7.1212517235574975,0.92
HorizontalScanPath_13,1,1.0,real,censored,65,0.5,106,905.1171185107511,0.002302828318245951,2.4850911538102634,0.3019959095620379,7.102184083520249,0.92
HorizontalScanPath_13,1,1.0,real,censored,65,1.0,106,705.4500556727983,0.0035483182420106107,2.4845643317762063,0.34153599040538896,7.057757667623487,0.92
HorizontalScanPath_13,1,1.0,matched_model,0.1,18,0.0,106,1199.0,0.0008340283569641369,2.481554298861115,0.22282441199988853,7.234908129563203,0.92
HorizontalScanPath_13,1,1.0,matched_model,0.1,18,0.01,106,1196.114722120573,0.0009370388738543037,2.4819277155008153,0.2244116280840035,7.206882351999777,0.92
HorizontalScanPath_13,1,1.0,matched_model,0.1,18,0.05,106,1141.946405148735,0.0013954055415833662,2.4828280012325137,0.23005648314772997,7.196627838090258,0.92
HorizontalScanPath_13,1,1.0,matched_model,0.1,18,0.1,106,1019.9563577232021,0.002159218716790067,2.483228779713552,0.2347643827225238,7.190293774666063,0.92
HorizontalScanPath_13,1,1.0,matched_model,0.1,18,0.25,106,577.6215314768782,0.006898141389480527,2.478982875133983,0.2397781947362614,7.124121852936664,0.92
HorizontalScanPath_13,1,1.0,matched_model,0.1,18,0.5,106,171.86515990006086,0.022073309895904135,2.4584446862621587,0.26746242212408333,7.058343726441993,0.88
HorizontalScanPath_13,1,1.0,matched_model,0.1,18,1.0,106,29.37226792248753,0.09835384937455371,2.4516813383333935,0.4238333349804566,6.683779963193415,0.88
HorizontalScanPath_13,1,1.0,matched_model,0.25,45,0.0,106,1199.0,0.0008340283569641369,2.481554298861115,0.22282441199988853,7.234908129563203,0.92
HorizontalScanPath_13,1,1.0,matched_model,0.25,45,0.01,106,1191.7958320388466,0.0010504075877996834,2.4822121457855135,0.2249900247085611,7.201885644583204,0.92
HorizontalScanPath_13,1,1.0,matched_model,0.25,45,0.05,106,1043.6980269675546,0.0025307837628901417,2.4843975869635964,0.23262128601577842,7.174012678276295,0.92
HorizontalScanPath_13,1,1.0,matched_model,0.25,45,0.1,106,675.3529092058378,0.006280787210959977,2.4848818334878655,0.24152178377927158,7.155287145147086,0.92
HorizontalScanPath_13,1,1.0,matched_model,0.25,45,0.25,106,68.23566261070141,0.08086932086603849,2.4223369430070107,0.27491283273926453,6.906156636610754,0.92
HorizontalScanPath_13,1,1.0,matched_model,0.25,45,0.5,106,4.156974082402664,0.4778541142594333,2.1893993202737856,0.28906170482444393,5.705097576145443,0.8
HorizontalScanPath_13,1,1.0,matched_model,0.25,45,1.0,106,1.1080568515550915,0.9497789210336973,2.0672744457161327,0.2814228920867936,1.380276858794009,0.2
HorizontalScanPath_13,1,1.0,matched_model,0.5,90,0.0,106,1199.0,0.0008340283569641369,2.481554298861115,0.22282441199988853,7.234908129563203,0.92
HorizontalScanPath_13,1,1.0,matched_model,0.5,90,0.01,106,1181.9954179612155,0.0011895913900956297,2.482417507323349,0.22943888211103058,7.217067313572777,0.92
HorizontalScanPath_13,1,1.0,matched_model,0.5,90,0.05,106,822.1684041956452,0.0051449870637034,2.483000947840994,0.25743739679781813,7.156202992139413,0.92
HorizontalScanPath_13,1,1.0,matched_model,0.5,90,0.1,106,182.9762095865944,0.02723385460055267,2.447710431947069,0.2936793687987506,6.873001466258909,0.92
HorizontalScanPath_13,1,1.0,matched_model,0.5,90,0.25,106,8.458405931674807,0.21168883384974135,2.277498770383043,0.27832354958230554,5.099205651830866,0.8
HorizontalScanPath_13,1,1.0,matched_model,0.5,90,0.5,106,3.576601864284022,0.38016114682084956,2.2629067898171846,0.19192222006275642,3.7836919990355318,0.64
HorizontalScanPath_13,1,1.0,matched_model,0.5,90,1.0,106,2.594959655769713,0.5169031071445158,2.3373730777449673,0.15436234135007226,3.0187204853734237,0.48
HorizontalScanPath_13,1,1.0,matched_model,1.0,179,0.0,106,1199.0,0.0008340283569641369,2.481554298861115,0.22282441199988853,7.234908129563203,0.92
HorizontalScanPath_13,1,1.0,matched_model,1.0,179,0.01,106,1037.0896113817455,0.0019973638868742757,2.5259953672881466,0.15646747665718522,7.0947447324838,0.88
HorizontalScanPath_13,1,1.0,matched_model,1.0,179,0.05,106,162.80294480498364,0.026261310385003945,2.6342446813272935,0.07758623982636209,6.759381389698105,0.8
HorizontalScanPath_13,1,1.0,matched_model,1.0,179,0.1,106,13.741552537039443,0.14268929731273827,2.6077363112379013,0.14902464308046093,5.587111187115818,0.76
HorizontalScanPath_13,1,1.0,matched_model,1.0,179,0.25,106,3.9753749292032476,0.3233130234206476,2.6078303647146,0.29782176376019154,3.984090653839021,0.6
HorizontalScanPath_13,1,1.0,matched_model,1.0,179,0.5,106,2.8356089671985045,0.41567475210482924,2.690114650639757,0.43006627998786146,3.797439872758862,0.56
HorizontalScanPath_13,1,1.0,matched_model,1.0,179,1.0,106,2.181357630637868,0.4899521682175383,2.7887295345323415,0.548452355143977,3.538344911533493,0.52
HorizontalScanPath_13,1,1.0,matched_model,unsaturated,114,0.0,106,1199.0,0.0008340283569641369,2.481554298861115,0.22282441199988853,7.234908129563203,0.92
HorizontalScanPath_13,1,1.0,matched_model,unsaturated,114,0.01,106,1172.197252501926,0.0013490616078313462,2.483609104244465,0.22697341251006947,7.216126446886769,0.92
HorizontalScanPath_13,1,1.0,matched_model,unsaturated,114,0.05,106,495.64208771006463,0.015934810444302172,2.471055199078372,0.24996072398688965,7.164436907992997,0.92
HorizontalScanPath_13,1,1.0,matched_model,unsaturated,114,0.1,106,32.11953004855435,0.13539188271935362,2.4013029938518375,0.3029686783041484,6.825743262119508,0.92
HorizontalScanPath_13,1,1.0,matched_model,unsaturated,114,0.25,106,1.971022566523662,0.6963437693644197,2.440316433275847,0.38634266032481035,4.115653054289271,0.6
HorizontalScanPath_13,1,1.0,matched_model,unsaturated,114,0.5,106,1.0941778365487598,0.955217180973588,2.4991043024862627,0.3733207250209034,1.3533774267051126,0.16
HorizontalScanPath_13,1,1.0,matched_model,unsaturated,114,1.0,106,1.0032626485668041,0.9983713458851055,2.5121212328192106,0.36911256370533235,0.0,0.0
HorizontalScanPath_13,1,1.0,matched_model,censored,65,0.0,106,1199.0,0.0008340283569641369,2.481554298861115,0.22282441199988853,7.234908129563203,0.92
HorizontalScanPath_13,1,1.0,matched_model,censored,65,0.01,106,1065.0355127135422,0.0015128272651617823,2.5233441850974017,0.15066829403026305,7.090932382012722,0.88
HorizontalScanPath_13,1,1.0,matched_model,censored,65,0.05,106,428.67060263985894,0.00613779377161583,2.635670859976773,0.030843601348456106,6.844327728530868,0.84
HorizontalScanPath_13,1,1.0,matched_model,censored,65,0.1,106,186.95258963568557,0.014474771030959333,2.693765429976892,-0.006670306736284601,6.723223897052837,0.84
HorizontalScanPath_13,1,1.0,matched_model,censored,65,0.25,106,54.60972238905203,0.043638726374954646,2.7297774249443467,-0.01812340803477582,6.8299671241833835,0.8
HorizontalScanPath_13,1,1.0,matched_model,censored,65,0.5,106,20.395446635657464,0.10216210677304034,2.775382181019201,-0.07834414348159044,6.304351001791149,0.76
HorizontalScanPath_13,1,1.0,matched_model,censored,65,1.0,106,7.1810333928644745,0.2591486279375298,2.9040765348474498,-0.2632641622891401,5.233565796384721,0.72
HorizontalScanPath_13,1,2.0,real,0.1,18,0.0,106,1199.0,0.0008340283569641369,2.481554298861115,0.22282441199988853,7.234908129563203,0.92
HorizontalScanPath_13,1,2.0,real,0.1,18,0.01,106,1196.5104430580334,0.0009346033601472462,2.4824321042528776,0.22426175044607588,7.209294516349832,0.92
HorizontalScanPath_13,1,2.0,real,0.1,18,0.05,106,1153.3240006004203,0.0014009767570851734,2.485968406783982,0.22939139083790677,7.192659122365649,0.92
HorizontalScanPath_13,1,2.0,real,0.1,18,0.1,106,1059.4211926944688,0.0021254373998182193,2.4900140304067935,0.23348961504359522,7.176517734878953,0.92
HorizontalScanPath_13,1,2.0,real,0.1,18,0.25,106,687.0381279367687,0.0050529245441236215,2.497610805588648,0.23090263691924293,7.144522692692065,0.92
HorizontalScanPath_13,1,2.0,real,0.1,18,0.5,106,239.99996049189403,0.015140304387051893,2.4982982168081653,0.2126855469437669,7.059887526614984,0.92
HorizontalScanPath_13,1,2.0,real,0.1,18,1.0,106,49.328983940495505,0.06151784449764025,2.473663528652727,0.22343466040583734,6.818840455032751,0.92
HorizontalScanPath_13,1,2.0,real,0.25,45,0.0,106,1199.0,0.0008340283569641369,2.481554298861115,0.22282441199988853,7.234908129563203,0.92
HorizontalScanPath_13,1,2.0,real,0.25,45,0.01,106,1193.2743126058253,0.001005124326022393,2.4815498118426174,0.2260454185149183,7.208892620982471,0.92
HorizontalScanPath_13,1,2.0,real,0.25,45,0.05,106,1080.6070442877935,0.00210771302436756,2.479855016631677,0.2386027127187299,7.218291915927741,0.92
HorizontalScanPath_13,1,2.0,real,0.25,45,0.1,106,767.7242502243728,0.005217682039669177,2.475632951152167,0.2533323230106157,7.274329150919746,0.92
HorizontalScanPath_13,1,2.0,real,0.25,45,0.25,106,78.93472666552404,0.042587508324043,2.4876440579298875,0.3131987648723975,7.75093751999671,0.92
HorizontalScanPath_13,1,2.0,real,0.25,45,0.5,106,12.196119007577952,0.14333001242687374,2.7073954614193645,0.42120970833364707,7.156688772940379,0.88
HorizontalScanPath_13,1,2.0,real,0.25,45,1.0,106,6.142505333997314,0.25048118723915597,3.0075734087206194,0.4267468145133785,6.365911569098221,0.72
HorizontalScanPath_13,1,2.0,real,0.5,90,0.0,106,1199.0,0.0008340283569641369,2.481554298861115,0.22282441199988853,7.234908129563203,0.92
HorizontalScanPath_13,1,2.0,real,0.5,90,0.01,106,1187.0409350037405,0.0011107755902049138,2.480716710990224,0.22836351636823338,7.219195658811516,0.92
HorizontalScanPath_13,1,2.0,real,0.5,90,0.05,106,905.1533564464293,0.0037745873478932804,2.4762783458806576,0.2504585337928461,7.212358742348062,0.92
HorizontalScanPath_13,1,2.0,real,0.5,90,0.1,106,272.8373657341226,0.021701081986463363,2.4588595795399897,0.27718606554836694,7.21142743317482,0.92
HorizontalScanPath_13,1,2.0,real,0.5,90,0.25,106,8.429032163878555,0.23366874010849942,2.401747281229278,0.2755839379942108,6.05188915668891,0.92
HorizontalScanPath_13,1,2.0,real,0.5,90,0.5,106,2.7697340563449084,0.46100272907812695,2.4243495985723977,0.2397856039244084,4.048480497938999,0.72
HorizontalScanPath_13,1,2.0,real,0.5,90,1.0,106,2.0496519332782217,0.5886349440262821,2.4477968273397472,0.312363364594064,3.8459206047754266,0.68
HorizontalScanPath_13,1,2.0,real,1.0,179,0.0,106,1199.0,0.0008340283569641369,2.481554298861115,0.22282441199988853,7.234908129563203,0.92
HorizontalScanPath_13,1,2.0,real,1.0,179,0.01,106,1176.6126055269856,0.0014206341562948781,2.47995064666488,0.231797653019662,7.209118359694733,0.92
HorizontalScanPath_13,1,2.0,real,1.0,179,0.05,106,578.3701551831382,0.010749590839608516,2.471638398880963,0.2607201029196949,7.182901380748128,0.92
HorizontalScanPath_13,1,2.0,real,1.0,179,0.1,106,44.36381776222203,0.10862484066716468,2.4956905511396554,0.2974473385839678,6.765789932888952,0.88
HorizontalScanPath_13,1,2.0,real,1.0,179,0.25,106,1.8799343879985535,0.7179839657537143,2.8565698908290735,0.6966683255554426,4.139141018055049,0.72
HorizontalScanPath_13,1,2.0,real,1.0,179,0.5,106,1.0634879491158102,0.969394743031982,3.134160110351351,0.96217974864805,1.5474725803401543,0.28
HorizontalScanPath_13,1,2.0,real,1.0,179,1.0,106,1.0012257759445355,0.9993874995282079,3.1756488666577716,1.002729764504452,0.0,0.0
HorizontalScanPath_13,1,2.0,real,unsaturated,114,0.0,106,1199.0,0.0008340283569641369,2.481554298861115,0.22282441199988853,7.234908129563203,0.92
HorizontalScanPath_13,1,2.0,real,unsaturated,114,0.01,106,1178.2651272643736,0.0013814884102659848,2.4795359906312924,0.22620910079852138,7.229327121636982,0.92
HorizontalScanPath_13,1,2.0,real,unsaturated,114,0.05,106,624.1418833556966,0.009944521316710444,2.47161841723992,0.24002117364466813,7.227637998519022,0.92
HorizontalScanPath_13,1,2.0,real,unsaturated,114,0.1,106,60.853840603463865,0.08423713284542915,2.4895575313864304,0.25827161214570876,6.844702801827282,0.88
HorizontalScanPath_13,1,2.0,real,unsaturated,114,0.25,106,2.28692878481802,0.6488531738714697,2.779651215559514,0.5881345386577049,4.5192481690689466,0.8
HorizontalScanPath_13,1,2.0,real,unsaturated,114,0.5,106,1.0753866232766394,0.9641154980968792,3.123870449670637,0.951382122863954,1.7221061336236267,0.36
HorizontalScanPath_13,1,2.0,real,unsaturated,114,1.0,106,1.0008146505049618,0.9995928868455118,3.17591664306314,1.0030176192080875,0.0,0.0
HorizontalScanPath_13,1,2.0,real,censored,65,0.0,106,1199.0,0.0008340283569641369,2.481554298861115,0.22282441199988853,7.234908129563203,0.92
HorizontalScanPath_13,1,2.0,real,censored,65,0.01,106,1197.1228652371508,0.0008896828466319209,2.481991820776082,0.22851231675447933,7.205031071039818,0.92
HorizontalScanPath_13,1,2.0,real,censored,65,0.05,106,1170.179898448766,0.0010988608421411213,2.4832919432342524,0.2461029026117103,7.179322296824762,0.92
HorizontalScanPath_13,1,2.0,real,censored,65,0.1,106,1123.8707329715953,0.0013375571304226122,2.4841812989666794,0.2618879507085626,7.146039570117969,0.92
HorizontalScanPath_13,1,2.0,real,censored,65,0.25,106,991.1540657558674,0.0019551434187329245,2.4849556830292383,0.29329507987631587,7.124953323508021,0.92
HorizontalScanPath_13,1,2.0,real,censored,65,0.5,106,828.9155716293596,0.00282808093218725,2.4851791615455707,0.32479294737436476,7.088820326164443,0.92
HorizontalScanPath_13,1,2.0,real,censored,65,1.0,106,637.0909333729877,0.0043713334528477825,2.4854618314076475,0.3605832188452382,7.0392662474697385,0.92
HorizontalScanPath_13,1,2.0,matched_model,0.1,18,0.0,106,1199.0,0.0008340283569641369,2.481554298861115,0.22282441199988853,7.234908129563203,0.92
HorizontalScanPath_13,1,2.0,matched_model,0.1,18,0.01,106,1194.2962051678549,0.0009668233997635612,2.4822252343695133,0.2251823623138921,7.205717934933684,0.92
HorizontalScanPath_13,1,2.0,matched_model,0.1,18,0.05,106,1112.8922995992373,0.0016280006225114882,2.4837392418878705,0.23348673946547252,7.194646832428844,0.92
HorizontalScanPath_13,1,2.0,matched_model,0.1,18,0.1,106,934.5799220922303,0.0030843000896151,2.4836113866857694,0.2388628687042069,7.172659262061436,0.92
HorizontalScanPath_13,1,2.0,matched_model,0.1,18,0.25,106,375.50711505216265,0.011608884230623355,2.4690879375495345,0.237407548629767,7.045861341195953,0.88
HorizontalScanPath_13,1,2.0,matched_model,0.1,18,0.5,106,77.80835261915969,0.05749943679716772,2.422589147132811,0.25245402423790664,6.829892652759263,0.88
HorizontalScanPath_13,1,2.0,matched_model,0.1,18,1.0,106,9.490415373232695,0.27488843972533017,2.308541181925197,0.3311965020833577,6.154647706622338,0.84
HorizontalScanPath_13,1,2.0,matched_model,0.25,45,0.0,106,1199.0,0.0008340283569641369,2.481554298861115,0.22282441199988853,7.234908129563203,0.92
HorizontalScanPath_13,1,2.0,matched_model,0.25,45,0.01,106,1186.443669638856,0.0011163657095052983,2.482406076470413,0.22606594865220814,7.205753267216371,0.92
HorizontalScanPath_13,1,2.0,matched_model,0.25,45,0.05,106,927.0023006387925,0.0031483882576800568,2.483888595953065,0.23780433900671824,7.1691469032563715,0.92
HorizontalScanPath_13,1,2.0,matched_model,0.25,45,0.1,106,410.40446745053106,0.00955392411879623,2.4782288639909478,0.2503293398252481,7.144483912908579,0.92
HorizontalScanPath_13,1,2.0,matched_model,0.25,45,0.25,106,36.525798117085195,0.09278362252334654,2.4113187176930135,0.28541101950591835,6.652472479091334,0.92
HorizontalScanPath_13,1,2.0,matched_model,0.25,45,0.5,106,6.77568386825152,0.31937471220157826,2.3955605409524927,0.3107914106451176,5.924401763350261,0.88
HorizontalScanPath_13,1,2.0,matched_model,0.25,45,1.0,106,1.9783462733017356,0.6912057784645956,2.491186635842594,0.32113200461149743,4.293983010036329,0.52
HorizontalScanPath_13,1,2.0,matched_model,0.5,90,0.0,106,1199.0,0.0008340283569641369,2.481554298861115,0.22282441199988853,7.234908129563203,0.92
HorizontalScanPath_13,1,2.0,matched_model,0.5,90,0.01,106,1169.4296741150274,0.0014362727191781072,2.4830474262147226,0.23241913707275444,7.216759059981821,0.92
HorizontalScanPath_13,1,2.0,matched_model,0.5,90,0.05,106,490.50919325838845,0.01288218731497434,2.4806375439918096,0.2760168282283894,7.07727737633674,0.92
HorizontalScanPath_13,1,2.0,matched_model,0.5,90,0.1,106,29.877330009121415,0.13344694423273154,2.4030799418025923,0.35808876021002106,6.4585017505868745,0.92
HorizontalScanPath_13,1,2.0,matched_model,0.5,90,0.25,106,2.02908233575346,0.6744107585532846,2.353910000679829,0.5972259793479975,3.7811730494600875,0.64
HorizontalScanPath_13,1,2.0,matched_model,0.5,90,0.5,106,1.1679984660039233,0.9229083913812853,2.5831117387035962,0.7911900286767605,2.463495130885071,0.48
HorizontalScanPath_13,1,2.0,matched_model,0.5,90,1.0,106,1.0103457588031857,0.9948542555935904,2.6942613187071736,0.8616700363507107,0.0,0.0
HorizontalScanPath_13,1,2.0,matched_model,1.0,179,0.0,106,1199.0,0.0008340283569641369,2.481554298861115,0.22282441199988853,7.234908129563203,0.92
HorizontalScanPath_13,1,2.0,matched_model,1.0,179,0.01,106,1016.1332070052606,0.002313216727769501,2.526048870725556,0.16213668737579381,7.092261830522548,0.88
HorizontalScanPath_13,1,2.0,matched_model,1.0,179,0.05,106,58.93578494405145,0.07122704853152459,2.6056084723644304,0.11807011649022797,6.55285917299376,0.8
HorizontalScanPath_13,1,2.0,matched_model,1.0,179,0.1,106,5.553209127923885,0.2986981948070063,2.59881133423058,0.1283271681471456,5.25195341478751,0.76
HorizontalScanPath_13,1,2.0,matched_model,1.0,179,0.25,106,2.1355794934026875,0.525801171585623,2.7085577967762333,0.026113231309873298,2.98230254028495,0.36
HorizontalScanPath_13,1,2.0,matched_model,1.0,179,0.5,106,1.9403460362131961,0.5904147870535099,2.74500249688667,0.040838698758796,2.112888808151342,0.28
HorizontalScanPath_13,1,2.0,matched_model,1.0,179,1.0,106,1.778658717571356,0.6763844889191811,2.7851544260873196,0.10815426619476738,2.112888808151342,0.28
HorizontalScanPath_13,1,2.0,matched_model,unsaturated,114,0.0,106,1199.0,0.0008340283569641369,2.481554298861115,0.22282441199988853,7.234908129563203,0.92
HorizontalScanPath_13,1,2.0,matched_model,unsaturated,114,0.01,106,1150.055447705634,0.0015718402609391237,2.4839520005239564,0.2288522187985427,7.221316716500585,0.92
HorizontalScanPath_13,1,2.0,matched_model,unsaturated,114,0.05,106,193.91976061052125,0.031241052689259863,2.4563566438913464,0.2707153139052821,7.109230559708237,0.92
HorizontalScanPath_13,1,2.0,matched_model,unsaturated,114,0.1,106,12.943739979826994,0.23528481776116686,2.438539913658933,0.3505348941477132,6.517455359791998,0.92
HorizontalScanPath_13,1,2.0,matched_model,unsaturated,114,0.25,106,1.3102967964304535,0.8713410889176363,2.693203134798679,0.4586844402870156,2.526238032041772,0.4
HorizontalScanPath_13,1,2.0,matched_model,unsaturated,114,0.5,106,1.0101139375436499,0.9949723653865009,2.7696175258370994,0.4656286148319441,0.0,0.0
HorizontalScanPath_13,1,2.0,matched_model,unsaturated,114,1.0,106,1.0000349730541969,0.9999825137815943,2.7734834528640473,0.4659581784433203,0.0,0.0
HorizontalScanPath_13,1,2.0,matched_model,censored,65,0.0,106,1199.0,0.0008340283569641369,2.481554298861115,0.22282441199988853,7.234908129563203,0.92
HorizontalScanPath_13,1,2.0,matched_model,censored,65,0.01,106,1066.3529519241529,0.0015273122531487765,2.5231842070268597,0.15422067933747258,7.083174912454313,0.88
HorizontalScanPath_13,1,2.0,matched_model,censored,65,0.05,106,455.09664234277693,0.006037379494808338,2.629580449914611,0.046299295179262574,6.844954634919102,0.84
HorizontalScanPath_13,1,2.0,matched_model,censored,65,0.1,106,215.19982218897013,0.013830909826470556,2.6812407211387823,0.014781720455828236,6.737359544256553,0.84
HorizontalScanPath_13,1,2.0,matched_model,censored,65,0.25,106,66.14905135202181,0.04685835382221325,2.7076879845553687,0.01088850757121918,6.77829842127589,0.8
HorizontalScanPath_13,1,2.0,matched_model,censored,65,0.5,106,21.95935631187329,0.10151936654582674,2.727503923264817,-0.030771718424321078,6.257277119128771,0.8
HorizontalScanPath_13,1,2.0,matched_model,censored,65,1.0,106,9.503534317667686,0.16617485053906667,2.747346365537921,-0.13657107301944735,5.421960036449564,0.76
HorizontalScanPath_13,1,4.0,real,0.1,18,0.0,106,1199.0,0.0008340283569641369,2.481554298861115,0.22282441199988853,7.234908129563203,0.92
HorizontalScanPath_13,1,4.0,real,0.1,18,0.01,106,1192.730488797344,0.0010147592621019988,2.4830944377045823,0.22586366394178412,7.207731908816081,0.92
HorizontalScanPath_13,1,4.0,real,0.1,18,0.05,106,1094.4825499217056,0.0018761728631812356,2.4892205410253294,0.23580135733540375,7.183747351099987,0.92
HorizontalScanPath_13,1,4.0,real,0.1,18,0.1,106,887.4342901598624,0.003131332754967692,2.4938069128617193,0.24008249425939085,7.157894463058656,0.92
HorizontalScanPath_13,1,4.0,real,0.1,18,0.25,106,294.532721739924,0.015183062002745678,2.4909748096017426,0.21833774880249165,7.088859360474617,0.92
HorizontalScanPath_13,1,4.0,real,0.1,18,0.5,106,52.32515556691466,0.07568679494411992,2.4878014182723818,0.2099845405766564,6.82675658454634,0.92
HorizontalScanPath_13,1,4.0,real,0.1,18,1.0,106,7.792943353455654,0.30420508512255,2.5775510936379953,0.28585914620812447,5.868578555346824,0.84
HorizontalScanPath_13,1,4.0,real,0.25,45,0.0,106,1199.0,0.0008340283569641369,2.481554298861115,0.22282441199988853,7.234908129563203,0.92
HorizontalScanPath_13,1,4.0,real,0.25,45,0.01,106,1182.9267189806017,0.001161928516652,2.4817633542849142,0.2285937582591123,7.211103756270029,0.92
HorizontalScanPath_13,1,4.0,real,0.25,45,0.05,106,835.9934986571049,0.004454427766878868,2.4785773258352277,0.2526392490412718,7.2520887676618875,0.92
HorizontalScanPath_13,1,4.0,real,0.25,45,0.1,106,199.79350241960256,0.025111216932768427,2.4714351124300458,0.2695778621842646,7.510208370057103,0.92
HorizontalScanPath_13,1,4.0,real,0.25,45,0.25,106,9.813438899993029,0.18842044778842323,2.6101126823678134,0.12125203604397485,7.2078042960761675,0.92
HorizontalScanPath_13,1,4.0,real,0.25,45,0.5,106,4.01447700414724,0.34825562846002917,2.7602289066498953,-0.2179377726908069,5.997089712118586,0.64
HorizontalScanPath_13,1,4.0,real,0.25,45,1.0,106,2.7808839988491374,0.48688353407747975,2.7291331365043523,-0.45599245514347103,4.25846498733403,0.6
HorizontalScanPath_13,1,4.0,real,0.5,90,0.0,106,1199.0,0.0008340283569641369,2.481554298861115,0.22282441199988853,7.234908129563203,0.92
HorizontalScanPath_13,1,4.0,real,0.5,90,0.01,106,1162.9432258987435,0.0013827795735202471,2.480413283241234,0.2331811121988744,7.225919810687649,0.92
HorizontalScanPath_13,1,4.0,real,0.5,90,0.05,106,330.45668090398203,0.023125838172572948,2.4533173870423353,0.28016808025275397,7.238068768605856,0.92
HorizontalScanPath_13,1,4.0,real,0.5,90,0.1,106,15.644691280812973,0.20050692418136973,2.342001087005152,0.23431762930379135,6.649909286542377,0.92
HorizontalScanPath_13,1,4.0,real,0.5,90,0.25,106,1.7345222840384114,0.7288712618960724,2.3809121848257657,-0.3115951943524374,3.469832771035092,0.64
HorizontalScanPath_13,1,4.0,real,0.5,90,0.5,106,1.1694608275019762,0.9214696946445123,2.5937041681866218,-0.6300401187318357,3.153321823251747,0.6
HorizontalScanPath_13,1,4.0,real,0.5,90,1.0,106,1.014104751564541,0.9929966710149445,2.718985119384316,-0.7565002333508982,0.0,0.0
HorizontalScanPath_13,1,4.0,real,1.0,179,0.0,106,1199.0,0.0008340283569641369,2.481554298861115,0.22282441199988853,7.234908129563203,0.92
HorizontalScanPath_13,1,4.0,real,1.0,179,0.01,106,1127.2824350747192,0.002207738801565202,2.479242218236308,0.2395876051427422,7.2183359292788145,0.92
HorizontalScanPath_13,1,4.0,real,1.0,179,0.05,106,40.48449323391101,0.12164225539445837,2.506909763906203,0.3185056136861863,6.775336556302657,0.88
HorizontalScanPath_13,1,4.0,real,1.0,179,0.1,106,2.3654091524397307,0.6288396674668997,2.7951285826316115,0.6365450797521135,4.3494609140045055,0.72
HorizontalScanPath_13,1,4.0,real,1.0,179,0.25,106,1.0590508611587817,0.9714351314046458,3.1376282921185012,0.9657538725182326,1.082820249216195,0.28
HorizontalScanPath_13,1,4.0,real,1.0,179,0.5,106,1.001177302831641,0.9994117110549872,3.1756938393640866,1.0027830827145134,0.0,0.0
HorizontalScanPath_13,1,4.0,real,1.0,179,1.0,106,1.0000006275113118,0.9999996862444428,3.176569940272222,1.0036840130918039,0.0,0.0
HorizontalScanPath_13,1,4.0,real,unsaturated,114,0.0,106,1199.0,0.0008340283569641369,2.481554298861115,0.22282441199988853,7.234908129563203,0.92
HorizontalScanPath_13,1,4.0,real,unsaturated,114,0.01,106,1133.731207966102,0.0020898345061077044,2.47862292307983,0.22811234350848963,7.220191827792933,0.92
HorizontalScanPath_13,1,4.0,real,unsaturated,114,0.05,106,59.81735940528277,0.09207456330552716,2.501169315956434,0.27699523986385427,6.828263859977983,0.88
HorizontalScanPath_13,1,4.0,real,unsaturated,114,0.1,106,3.0414485158918247,0.5480756185295983,2.7461530674239363,0.5719908821020567,4.8806053865174865,0.88
HorizontalScanPath_13,1,4.0,real,unsaturated,114,0.25,106,1.0784811098988016,0.9625688362888803,3.1302699765211295,0.9624598344331957,1.4320332984781157,0.28
HorizontalScanPath_13,1,4.0,real,unsaturated,114,0.5,106,1.001491658529847,0.9992548212234592,3.175556198667452,1.0027248541335438,0.0,0.0
HorizontalScanPath_13,1,4.0,real,unsaturated,114,1.0,106,1.0000007320163982,0.9999996339919436,3.176569879566868,1.0036839656621168,0.0,0.0
HorizontalScanPath_13,1,4.0,real,censored,65,0.0,106,1199.0,0.0008340283569641369,2.481554298861115,0.22282441199988853,7.234908129563203,0.92
HorizontalScanPath_13,1,4.0,real,censored,65,0.01,106,1193.367450901305,0.0009404355384428811,2.4822623658676846,0.23460511784598567,7.2008974917554704,0.92
HorizontalScanPath_13,1,4.0,real,censored,65,0.05,106,1135.206768200027,0.0013053729728852738,2.4840660434438293,0.264033529833705,7.171710006023543,0.92
HorizontalScanPath_13,1,4.0,real,censored,65,0.1,106,1057.4599915904132,0.0016781934739532203,2.484999862039143,0.28575575314899654,7.147997868301138,0.92
HorizontalScanPath_13,1,4.0,real,censored,65,0.25,106,878.6583589808034,0.0025172969427192126,2.4860637363112272,0.32118246607659784,7.117371937119183,0.92
HorizontalScanPath_13,1,4.0,real,censored,65,0.5,106,697.025445255531,0.003740646457414573,2.4867504365598685,0.3504208481862474,7.074508142015938,0.92
HorizontalScanPath_13,1,4.0,real,censored,65,1.0,106,512.3844142536354,0.005471679190578266,2.4877012291641343,0.3813633915154378,7.010632486351567,0.92
HorizontalScanPath_13,1,4.0,matched_model,0.1,18,0.0,106,1199.0,0.0008340283569641369,2.481554298861115,0.22282441199988853,7.234908129563203,0.92
HorizontalScanPath_13,1,4.0,matched_model,0.1,18,0.01,106,1189.2459311441364,0.0010360298440956397,2.4827577452818934,0.22697098667823412,7.207102423411457,0.92
HorizontalScanPath_13,1,4.0,matched_model,0.1,18,0.05,106,1033.0893718008497,0.0022105339023071008,2.4847042695436277,0.24049309248070586,7.178060469674674,0.92
HorizontalScanPath_13,1,4.0,matched_model,0.1,18,0.1,106,712.6970429526051,0.005081567635503734,2.481277749054051,0.24288489276397285,7.111306786626979,0.88
HorizontalScanPath_13,1,4.0,matched_model,0.1,18,0.25,106,132.68595038852433,0.03502341866716271,2.4631488615301067,0.20373943261575733,6.771400620070213,0.88
HorizontalScanPath_13,1,4.0,matched_model,0.1,18,0.5,106,16.8424608921661,0.1755862508400164,2.4360034610622443,0.14869478960237303,5.886949563796643,0.8
HorizontalScanPath_13,1,4.0,matched_model,0.1,18,1.0,106,3.2301053669048856,0.5234473541389099,2.4300254675044073,0.10873272709652383,4.653952841415037,0.76
HorizontalScanPath_13,1,4.0,matched_model,0.25,45,0.0,106,1199.0,0.0008340283569641369,2.481554298861115,0.22282441199988853,7.234908129563203,0.92
HorizontalScanPath_13,1,4.0,matched_model,0.25,45,0.01,106,1171.6509662473313,0.0012737028778256677,2.4825393112964846,0.22856487033891199,7.207974473075608,0.92
HorizontalScanPath_13,1,4.0,matched_model,0.25,45,0.05,106,630.950121620488,0.007275988168229746,2.481439126991999,0.2482624823325591,7.150264584775573,0.92
HorizontalScanPath_13,1,4.0,matched_model,0.25,45,0.1,106,101.82979601273661,0.05231498060609933,2.4569665935460354,0.26822329785328064,7.016429158183932,0.92
HorizontalScanPath_13,1,4.0,matched_model,0.25,45,0.25,106,4.265835406772344,0.4094002840847023,2.276446494259647,0.35860111677759277,5.126187078474841,0.8
HorizontalScanPath_13,1,4.0,matched_model,0.25,45,0.5,106,1.7786465120939348,0.7150122006667383,2.2430965277295134,0.4459269743821483,3.0641942026315494,0.36
HorizontalScanPath_13,1,4.0,matched_model,0.25,45,1.0,106,1.1980406651487412,0.9093195956866277,2.2703274629147736,0.4739184804283013,1.4744880545299883,0.24
HorizontalScanPath_13,1,4.0,matched_model,0.5,90,0.0,106,1199.0,0.0008340283569641369,2.481554298861115,0.22282441199988853,7.234908129563203,0.92
HorizontalScanPath_13,1,4.0,matched_model,0.5,90,0.01,106,1133.5574053834052,0.0019346828462667132,2.484147463012912,0.23848041485824523,7.215574191061765,0.92
HorizontalScanPath_13,1,4.0,matched_model,0.5,90,0.05,106,76.614309804006,0.0860862796797698,2.4568377246404087,0.33615582434263386,6.876665172793946,0.92
HorizontalScanPath_13,1,4.0,matched_model,0.5,90,0.1,106,2.6888207124745818,0.6001575998546528,2.439565859368339,0.6156459533173302,5.097159305531139,0.72
HorizontalScanPath_13,1,4.0,matched_model,0.5,90,0.25,106,1.0179027236039255,0.9911567841271156,2.6933669392480586,0.860076885219412,0.0,0.0
HorizontalScanPath_13,1,4.0,matched_model,0.5,90,0.5,106,1.000041482680498,0.9999792592178497,2.703260135966612,0.867009193715544,0.0,0.0
HorizontalScanPath_13,1,4.0,matched_model,0.5,90,1.0,106,1.0000000003487344,0.9999999998256328,2.703285673266031,0.8670265709919454,0.0,0.0
HorizontalScanPath_13,1,4.0,matched_model,1.0,179,0.0,106,1199.0,0.0008340283569641369,2.481554298861115,0.22282441199988853,7.234908129563203,0.92
HorizontalScanPath_13,1,4.0,matched_model,1.0,179,0.01,106,947.167713376177,0.0033179889381644958,2.5257786879653774,0.17358656032409273,7.092052385368415,0.88
HorizontalScanPath_13,1,4.0,matched_model,1.0,179,0.05,106,10.642036971041426,0.2542072708648798,2.573566030778592,0.0713886170413116,6.068096289151924,0.8
HorizontalScanPath_13,1,4.0,matched_model,1.0,179,0.1,106,1.8936839455674843,0.7065442959837323,2.718902985253766,-0.18923001055089117,2.9629913168807,0.4
HorizontalScanPath_13,1,4.0,matched_model,1.0,179,0.25,106,1.0471093548202093,0.9771111977187645,2.9196356351482033,-0.4133528027997454,0.0,0.0
HorizontalScanPath_13,1,4.0,matched_model,1.0,179,0.5,106,1.0005526365936905,0.9997237763098696,2.9403333656880903,-0.43267447182816343,0.0,0.0
HorizontalScanPath_13,1,4.0,matched_model,1.0,179,1.0,106,1.0000000794950687,0.9999999602524675,2.9405884337256545,-0.4329118397210482,0.0,0.0
HorizontalScanPath_13,1,4.0,matched_model,unsaturated,114,0.0,106,1199.0,0.0008340283569641369,2.481554298861115,0.22282441199988853,7.234908129563203,0.92
HorizontalScanPath_13,1,4.0,matched_model,unsaturated,114,0.01,106,1082.3978254985634,0.0022167304317594447,2.484226500520285,0.2323081240522265,7.211464125275386,0.92
HorizontalScanPath_13,1,4.0,matched_model,unsaturated,114,0.05,106,46.508618558495996,0.11281113309066415,2.454628578468677,0.27100855249636424,7.004832164529884,0.92
HorizontalScanPath_13,1,4.0,matched_model,unsaturated,114,0.1,106,2.5417608830177287,0.6206059583556858,2.5666480400319607,0.3554073564027476,5.558494784819772,0.88
HorizontalScanPath_13,1,4.0,matched_model,unsaturated,114,0.25,106,1.0103612427528772,0.9948543532530565,2.769216043938442,0.4630594519659462,0.0,0.0
HorizontalScanPath_13,1,4.0,matched_model,unsaturated,114,0.5,106,1.00001985739288,0.9999900714128442,2.7734881517556804,0.4659519787681984,0.0,0.0
HorizontalScanPath_13,1,4.0,matched_model,unsaturated,114,1.0,106,1.000000000154273,0.9999999999228635,2.7734979147153167,0.4659598326591822,0.0,0.0
HorizontalScanPath_13,1,4.0,matched_model,censored,65,0.0,106,1199.0,0.0008340283569641369,2.481554298861115,0.22282441199988853,7.234908129563203,0.92
HorizontalScanPath_13,1,4.0,matched_model,censored,65,0.01,106,1067.3455688790216,0.0015694876148392885,2.5229080574006146,0.16203112502587147,7.082845288746414,0.88
HorizontalScanPath_13,1,4.0,matched_model,censored,65,0.05,106,489.0730223670767,0.006175552897363715,2.619498510487729,0.07485658735380411,6.886648144756002,0.84
HorizontalScanPath_13,1,4.0,matched_model,censored,65,0.1,106,243.3492762445844,0.014066522736129461,2.6637693681111907,0.052307603758094956,6.791721028171821,0.84
HorizontalScanPath_13,1,4.0,matched_model,censored,65,0.25,106,64.05645458784396,0.049315666512664474,2.7058450506267824,0.046186925272643294,6.5801097280904015,0.84
HorizontalScanPath_13,1,4.0,matched_model,censored,65,0.5,106,12.865401949662727,0.20858441715600953,2.7610622026150273,-0.03674750099063204,5.78748983217087,0.76
HorizontalScanPath_13,1,4.0,matched_model,censored,65,1.0,106,2.7251591483232027,0.578674671065944,2.9278720980176507,-0.22277293848812404,4.664633283008227,0.6
HorizontalScanPath_13,2,0.5,real,0.1,18,0.0,29,1199.0,0.0008340283569641369,2.4801641636886855,0.22182294233999755,7.236441104156052,0.92
HorizontalScanPath_13,2,0.5,real,0.1,18,0.01,29,1198.0395411969935,0.0008825468617317452,2.4801427102681592,0.22217508230905422,7.218888277597018,0.92
HorizontalScanPath_13,2,0.5,real,0.1,18,0.05,29,1179.296322626852,0.0010883433656598105,2.4800544384530547,0.22337502431035092,7.216545813937839,0.92
HorizontalScanPath_13,2,0.5,real,0.1,18,0.1,29,1135.4419392899117,0.0013695047915683923,2.4800023242861373,0.22452278297338807,7.211708303462178,0.92
HorizontalScanPath_13,2,0.5,real,0.1,18,0.25,29,960.0628960183113,0.002322948680220324,2.4804164676402163,0.22722171625760437,7.196709962960042,0.92
HorizontalScanPath_13,2,0.5,real,0.1,18,0.5,29,676.3579604591885,0.003947491687646418,2.483074043631737,0.23383564504229298,7.174954999046094,0.92
HorizontalScanPath_13,2,0.5,real,0.1,18,1.0,29,281.4620532480586,0.014481180924353514,2.4989891351922124,0.25836975343901486,7.254138335775113,0.88
HorizontalScanPath_13,2,0.5,real,0.25,45,0.0,29,1199.0,0.0008340283569641369,2.4801641636886855,0.22182294233999755,7.236441104156052,0.92
HorizontalScanPath_13,2,0.5,real,0.25,45,0.01,29,1197.15780035587,0.0009171794857896576,2.4796705257470197,0.22344164485598184,7.2184542198879305,0.92
HorizontalScanPath_13,2,0.5,real,0.25,45,0.05,29,1160.1818178208543,0.0013008485051413292,2.47753149344335,0.22905681091388033,7.220753364513721,0.92
HorizontalScanPath_13,2,0.5,real,0.25,45,0.1,29,1070.2396383603002,0.0019252306627848942,2.474389254635297,0.2346558605401924,7.22506669623092,0.92
HorizontalScanPath_13,2,0.5,real,0.25,45,0.25,29,683.4374924852183,0.005640419311012265,2.4617620693591613,0.24787331538437457,7.258776706734221,0.92
HorizontalScanPath_13,2,0.5,real,0.25,45,0.5,29,153.99072612297027,0.03750317593371259,2.4367991628826218,0.26454696242253023,7.294169301289885,0.92
HorizontalScanPath_13,2,0.5,real,0.25,45,1.0,29,8.895917465683395,0.2799157185994112,2.485816012161854,0.15684432806334597,6.529745830280229,0.88
HorizontalScanPath_13,2,0.5,real,0.5,90,0.0,29,1199.0,0.0008340283569641369,2.4801641636886855,0.22182294233999755,7.236441104156052,0.92
HorizontalScanPath_13,2,0.5,real,0.5,90,0.01,29,1195.5647887163418,0.0009818915992843445,2.479817221122401,0.22323639996915745,7.216140570803516,0.92
HorizontalScanPath_13,2,0.5,real,0.5,90,0.05,29,1125.9711346976646,0.0017552692987174074,2.4787070494268706,0.2276982730119039,7.228056912593923,0.92
HorizontalScanPath_13,2,0.5,real,0.5,90,0.1,29,959.0870930841368,0.003150631858941841,2.477010817693833,0.23036542524190054,7.219560868385986,0.92
HorizontalScanPath_13,2,0.5,real,0.5,90,0.25,29,368.005526350623,0.0130728138277484,2.46780467636022,0.2206460816841968,7.1894227971888744,0.92
HorizontalScanPath_13,2,0.5,real,0.5,90,0.5,29,42.331992893147536,0.10341780872927907,2.4677374342114,0.19677639403279273,7.061227386494004,0.88
HorizontalScanPath_13,2,0.5,real,0.5,90,1.0,29,4.010442037639543,0.47441564040266454,2.6191056535869657,0.29127133552315626,6.076589632514901,0.8
HorizontalScanPath_13,2,0.5,real,1.0,179,0.0,29,1199.0,0.0008340283569641369,2.4801641636886855,0.22182294233999755,7.236441104156052,0.92
HorizontalScanPath_13,2,0.5,real,1.0,179,0.01,29,1192.8328196056743,0.0010097998685994383,2.480653493495899,0.22495179309419883,7.213028430739589,0.92
HorizontalScanPath_13,2,0.5,real,1.0,179,0.05,29,1066.5639818087657,0.001952360423292783,2.4812634782775342,0.2366352727233948,7.2184298341396085,0.92
HorizontalScanPath_13,2,0.5,real,1.0,179,0.1,29,775.3502702039361,0.004697395221589108,2.480442438082087,0.246549629768665,7.209718471025499,0.92
HorizontalScanPath_13,2,0.5,real,1.0,179,0.25,29,113.99839229137346,0.037818555415233004,2.5043427585620748,0.20209735809384483,7.02261728568134,0.88
HorizontalScanPath_13,2,0.5,real,1.0,179,0.5,29,13.42016834041928,0.1906787138700662,2.6090791462177734,0.09180831015230752,6.14687028613073,0.88
HorizontalScanPath_13,2,0.5,real,1.0,179,1.0,29,3.1256276171527326,0.5205432729046451,2.6940974016481767,0.17909241133108936,4.890811010856546,0.52
HorizontalScanPath_13,2,0.5,real,unsaturated,114,0.0,29,1199.0,0.0008340283569641369,2.4801641636886855,0.22182294233999755,7.236441104156052,0.92
HorizontalScanPath_13,2,0.5,real,unsaturated,114,0.01,29,1193.4651269225258,0.001024274703052569,2.480418410507242,0.22303652824774417,7.213901370494886,0.92
HorizontalScanPath_13,2,0.5,real,unsaturated,114,0.05,29,1078.5903819093244,0.0020719339292943183,2.4801200639715097,0.22848831173847203,7.23684075720723,0.92
HorizontalScanPath_13,2,0.5,real,unsaturated,114,0.1,29,805.8370295315592,0.003923592550702254,2.4781918408497132,0.23371082465644805,7.255933184890178,0.92
HorizontalScanPath_13,2,0.5,real,unsaturated,114,0.25,29,148.2068165704847,0.029777893373519083,2.4959348102427197,0.1891775239502317,7.107550517949488,0.92
HorizontalScanPath_13,2,0.5,real,unsaturated,114,0.5,29,18.216985049998684,0.16346837966626013,2.587951125527796,0.053902200681200156,6.385121956576729,0.84
HorizontalScanPath_13,2,0.5,real,unsaturated,114,1.0,29,3.4082284557929556,0.5035574246948834,2.683126694344606,0.12801997696343506,4.733965480839725,0.6
HorizontalScanPath_13,2,0.5,real,censored,65,0.0,29,1199.0,0.0008340283569641369,2.4801641636886855,0.22182294233999755,7.236441104156052,0.92
HorizontalScanPath_13,2,0.5,real,censored,65,0.01,29,1198.4779076160696,0.0008573355888520415,2.480383518629633,0.22378405644267788,7.21216557605454,0.92
HorizontalScanPath_13,2,0.5,real,censored,65,0.05,29,1188.9840462481202,0.0009502995918779306,2.481047617671031,0.23109648459257187,7.192687462918075,0.92
HorizontalScanPath_13,2,0.5,real,censored,65,0.1,29,1168.0814991697816,0.0010664346435915021,2.481529338858283,0.2392845718757849,7.174713291534418,0.92
HorizontalScanPath_13,2,0.5,real,censored,65,0.25,29,1086.9548714123794,0.0014179388122097024,2.481925759731932,0.2596380069988095,7.148276682168219,0.92
HorizontalScanPath_13,2,0.5,real,censored,65,0.5,29,952.4217352548754,0.0020176006610691777,2.4818362790410693,0.2854654244336189,7.1156091948303875,0.92
HorizontalScanPath_13,2,0.5,real,censored,65,1.0,29,747.2644655507805,0.003250260901527956,2.4821063578624982,0.32257338047834994,7.064562243360479,0.92
HorizontalScanPath_13,2,0.5,matched_model,0.1,18,0.0,29,1199.0,0.0008340283569641369,2.4801641636886855,0.22182294233999755,7.236441104156052,0.92
HorizontalScanPath_13,2,0.5,matched_model,0.1,18,0.01,29,1197.228566931821,0.0009177162877122946,2.479619263582119,0.22249272205020587,7.21916208857983,0.92
HorizontalScanPath_13,2,0.5,matched_model,0.1,18,0.05,29,1161.7483127001526,0.0013072704734969083,2.4772805810196603,0.2251729728688997,7.21432662003489,0.92
HorizontalScanPath_13,2,0.5,matched_model,0.1,18,0.1,29,1076.0363121953374,0.001924936341541118,2.4741058798649274,0.2281956466728184,7.202634134941648,0.92
HorizontalScanPath_13,2,0.5,matched_model,0.1,18,0.25,29,736.1987577074412,0.004678506160131054,2.4621251619200537,0.2325598308929375,7.158999170180248,0.92
HorizontalScanPath_13,2,0.5,matched_model,0.1,18,0.5,29,311.06143110217346,0.014222042100733063,2.4315170369923322,0.22566328678130504,7.087635015197373,0.92
HorizontalScanPath_13,2,0.5,matched_model,0.1,18,1.0,29,55.30971713772935,0.07286773770280533,2.3426400020428053,0.21476329368655797,6.736185475910556,0.92
HorizontalScanPath_13,2,0.5,matched_model,0.25,45,0.0,29,1199.0,0.0008340283569641369,2.4801641636886855,0.22182294233999755,7.236441104156052,0.92
HorizontalScanPath_13,2,0.5,matched_model,0.25,45,0.01,29,1192.301541390751,0.0010361426764700875,2.4793070510861526,0.2245213175383242,7.213124166308137,0.92
HorizontalScanPath_13,2,0.5,matched_model,0.25,45,0.05,29,1061.9859681114287,0.002232138912504371,2.4772533724763255,0.2382702688958716,7.214409802523312,0.92
HorizontalScanPath_13,2,0.5,matched_model,0.25,45,0.1,29,767.6843866762832,0.004798490263156671,2.4796714681765333,0.2610320276670336,7.192511629128337,0.92
HorizontalScanPath_13,2,0.5,matched_model,0.25,45,0.25,29,81.2649100094709,0.08162612338365462,2.5302834575001314,0.29962167216676333,6.928231823921842,0.92
HorizontalScanPath_13,2,0.5,matched_model,0.25,45,0.5,29,2.6566980012583423,0.6074866908542645,2.7776872013992775,-0.0851579809115242,5.471202800796905,0.76
HorizontalScanPath_13,2,0.5,matched_model,0.25,45,1.0,29,1.0394587433477762,0.9808060175692114,3.046809673786886,-0.3971473285412048,0.0,0.0
HorizontalScanPath_13,2,0.5,matched_model,0.5,90,0.0,29,1199.0,0.0008340283569641369,2.4801641636886855,0.22182294233999755,7.236441104156052,0.92
HorizontalScanPath_13,2,0.5,matched_model,0.5,90,0.01,29,1188.639816805648,0.0010622230806473848,2.4795327764568125,0.2243142020252367,7.219631785134975,0.92
HorizontalScanPath_13,2,0.5,matched_model,0.5,90,0.05,29,990.7919151310144,0.002560253151430256,2.4784875921804375,0.23957220662061446,7.2443421518431705,0.92
HorizontalScanPath_13,2,0.5,matched_model,0.5,90,0.1,29,506.4306274670529,0.015696904320926637,2.4770054414334455,0.27970947972818067,7.316023201916837,0.92
HorizontalScanPath_13,2,0.5,matched_model,0.5,90,0.25,29,4.94255700137034,0.43660815601633707,2.730108861016299,0.858647375245996,6.202667001176547,0.88
HorizontalScanPath_13,2,0.5,matched_model,0.5,90,0.5,29,1.1237814532286252,0.9430348355824086,3.418151172097748,1.4125450130803825,2.231633047936682,0.24
HorizontalScanPath_13,2,0.5,matched_model,0.5,90,1.0,29,1.0012101592020937,0.9993953978450811,3.5116231217969056,1.4736165404805592,0.0,0.0
HorizontalScanPath_13,2,0.5,matched_model,1.0,179,0.0,29,1199.0,0.0008340283569641369,2.4801641636886855,0.22182294233999755,7.236441104156052,0.92
HorizontalScanPath_13,2,0.5,matched_model,1.0,179,0.01,29,1178.6207509717021,0.0012978510420397287,2.480368057919365,0.2262172917664793,7.226822632983053,0.92
HorizontalScanPath_13,2,0.5,matched_model,1.0,179,0.05,29,795.6725544536591,0.006090894717063899,2.4860969673297224,0.24556680808475675,7.237849582277465,0.92
HorizontalScanPath_13,2,0.5,matched_model,1.0,179,0.1,29,203.26957443980328,0.028959820870179377,2.495854828439112,0.26723664773403927,7.193620579417784,0.92
HorizontalScanPath_13,2,0.5,matched_model,1.0,179,0.25,29,4.918434430302637,0.3884644565111178,2.5997675506455895,0.4453347887988525,5.548823862352951,0.76
HorizontalScanPath_13,2,0.5,matched_model,1.0,179,0.5,29,1.634036118384858,0.7599508192374261,2.7284183267458544,0.6570967598489688,3.3928148104031424,0.44
HorizontalScanPath_13,2,0.5,matched_model,1.0,179,1.0,29,1.1185155135871927,0.9439536563119124,2.8007570434757776,0.7835843485214105,2.473199452854926,0.24
HorizontalScanPath_13,2,0.5,matched_model,unsaturated,114,0.0,29,1199.0,0.0008340283569641369,2.4801641636886855,0.22182294233999755,7.236441104156052,0.92
HorizontalScanPath_13,2,0.5,matched_model,unsaturated,114,0.01,29,1179.5115243346866,0.001273829436567545,2.4800765339132353,0.2237432028975627,7.227086655593041,0.92
HorizontalScanPath_13,2,0.5,matched_model,unsaturated,114,0.05,29,801.8497187884611,0.005673388646524426,2.4812955805185855,0.23384158176456593,7.267362624201519,0.92
HorizontalScanPath_13,2,0.5,matched_model,unsaturated,114,0.1,29,217.2537296152526,0.02397277062129113,2.4694738829282574,0.25133801274128925,7.325991812952395,0.92
HorizontalScanPath_13,2,0.5,matched_model,unsaturated,114,0.25,29,7.268135408995983,0.3166035186838898,2.461802145066278,0.460265719055576,6.420098371799656,0.88
HorizontalScanPath_13,2,0.5,matched_model,unsaturated,114,0.5,29,1.6792765183915481,0.7638664702443868,2.6624259064802693,0.7127512363123378,4.097579037957377,0.6
HorizontalScanPath_13,2,0.5,matched_model,unsaturated,114,1.0,29,1.0397562953390196,0.9806221781583803,2.817761608339696,0.8136940535802841,0.0,0.0
HorizontalScanPath_13,2,0.5,matched_model,censored,65,0.0,29,1199.0,0.0008340283569641369,2.4801641636886855,0.22182294233999755,7.236441104156052,0.92
HorizontalScanPath_13,2,0.5,matched_model,censored,65,0.01,29,1198.1604617784103,0.000869508419354422,2.4803736751897927,0.22426465745186988,7.208795889194167,0.92
HorizontalScanPath_13,2,0.5,matched_model,censored,65,0.05,29,1182.333612671238,0.0010153977860697836,2.481010251014235,0.23353118073227278,7.205668719644166,0.92
HorizontalScanPath_13,2,0.5,matched_model,censored,65,0.1,29,1146.4781468654428,0.001206366938673181,2.4815488437048283,0.24413456142151518,7.190587711567807,0.92
HorizontalScanPath_13,2,0.5,matched_model,censored,65,0.25,29,1009.4579922748753,0.001829634311001296,2.482706325423763,0.27103266327945674,7.161251407567481,0.92
HorizontalScanPath_13,2,0.5,matched_model,censored,65,0.5,29,804.5355279710469,0.002993804166828232,2.484566111460672,0.3057026406090131,7.148335234850418,0.92
HorizontalScanPath_13,2,0.5,matched_model,censored,65,1.0,29,545.2421962329643,0.005558105594989947,2.487648869179344,0.3570630025110722,7.138190635744663,0.92
HorizontalScanPath_13,2,1.0,real,0.1,18,0.0,29,1199.0,0.0008340283569641369,2.4801641636886855,0.22182294233999755,7.236441104156052,0.92
HorizontalScanPath_13,2,1.0,real,0.1,18,0.01,29,1197.6432823639188,0.000906135099846817,2.480123289165147,0.2223629282343677,7.22001366461279,0.92
HorizontalScanPath_13,2,1.0,real,0.1,18,0.05,29,1172.3398940628772,0.0012255147595861798,2.480047544375566,0.2241050913078061,7.213799481063197,0.92
HorizontalScanPath_13,2,1.0,real,0.1,18,0.1,29,1115.406061862989,0.0016934094628682332,2.480126658883891,0.2257434307805761,7.199204623620724,0.92
HorizontalScanPath_13,2,1.0,real,0.1,18,0.25,29,888.8749963533221,0.0035225842530219585,2.4814056678095104,0.2304205806578989,7.18926882203341,0.92
HorizontalScanPath_13,2,1.0,real,0.1,18,0.5,29,495.2362944729858,0.008992394446226808,2.4876720748289425,0.2405261999390268,7.230561995018693,0.92
HorizontalScanPath_13,2,1.0,real,0.1,18,1.0,29,81.55603635655059,0.048196822495988945,2.525614541450274,0.26189589188091306,6.981356687386958,0.88
HorizontalScanPath_13,2,1.0,real,0.25,45,0.0,29,1199.0,0.0008340283569641369,2.4801641636886855,0.22182294233999755,7.236441104156052,0.92
HorizontalScanPath_13,2,1.0,real,0.25,45,0.01,29,1196.1643501044819,0.0009474424657895071,2.479765125502179,0.2240766235726278,7.224504773250919,0.92
HorizontalScanPath_13,2,1.0,real,0.25,45,0.05,29,1141.3620642528886,0.0014884409464504817,2.477613327859819,0.23098707636678228,7.221517542073225,0.92
HorizontalScanPath_13,2,1.0,real,0.25,45,0.1,29,1005.3497520068586,0.0026334159686199243,2.473276193903414,0.23601687940579721,7.225621784504417,0.92
HorizontalScanPath_13,2,1.0,real,0.25,45,0.25,29,363.7031571016709,0.021247606835644094,2.447708617059647,0.23124202760082654,7.264823890491127,0.92
HorizontalScanPath_13,2,1.0,real,0.25,45,0.5,29,13.868304121829677,0.24605326208478795,2.4313977624004126,0.07433250501707561,6.8485991347366415,0.88
HorizontalScanPath_13,2,1.0,real,0.25,45,1.0,29,1.3540375679990073,0.8572096454788504,2.7928050653267653,-0.34254145919086115,3.2566816374673953,0.56
HorizontalScanPath_13,2,1.0,real,0.5,90,0.0,29,1199.0,0.0008340283569641369,2.4801641636886855,0.22182294233999755,7.236441104156052,0.92
HorizontalScanPath_13,2,1.0,real,0.5,90,0.01,29,1193.5229133894586,0.0010114902177158246,2.480316161280846,0.22328517923827576,7.2124269549406925,0.92
HorizontalScanPath_13,2,1.0,real,0.5,90,0.05,29,1083.5031258057136,0.0019138341058963539,2.4816179339839457,0.22659106347063016,7.21329881162779,0.92
HorizontalScanPath_13,2,1.0,real,0.5,90,0.1,29,803.642441959355,0.004526921084397121,2.4830194908270977,0.22387762120525168,7.1863457186857795,0.92
HorizontalScanPath_13,2,1.0,real,0.5,90,0.25,29,78.60385046636057,0.0755975561786858,2.4775446688025538,0.2009430438254185,7.206664445816248,0.88
HorizontalScanPath_13,2,1.0,real,0.5,90,0.5,29,4.1064325704866045,0.47347052361259084,2.5995273368431073,0.32599359904787434,6.127796591340894,0.8
HorizontalScanPath_13,2,1.0,real,0.5,90,1.0,29,1.1767413812916057,0.9207817800103552,2.876355746123026,0.4510035986789535,2.7233338921076236,0.28
HorizontalScanPath_13,2,1.0,real,1.0,179,0.0,29,1199.0,0.0008340283569641369,2.4801641636886855,0.22182294233999755,7.236441104156052,0.92
HorizontalScanPath_13,2,1.0,real,1.0,179,0.01,29,1188.77420282792,0.0010932179133129676,2.4815602661367477,0.22605262473062113,7.209634066388453,0.92
HorizontalScanPath_13,2,1.0,real,1.0,179,0.05,29,976.1522022764326,0.002953627207019797,2.4844292151080567,0.24225119888167457,7.214229717310295,0.92
HorizontalScanPath_13,2,1.0,real,1.0,179,0.1,29,478.96188559186146,0.01043481932537008,2.489731764023271,0.25113054343754354,7.129481427340936,0.92
HorizontalScanPath_13,2,1.0,real,1.0,179,0.25,29,21.411383873362055,0.12844041151153454,2.637494343357687,0.18269439242723592,6.343846556066667,0.88
HorizontalScanPath_13,2,1.0,real,1.0,179,0.5,29,4.781185223361229,0.35857728192778215,2.892907978005217,0.14352583815754996,4.559557290359241,0.52
HorizontalScanPath_13,2,1.0,real,1.0,179,1.0,29,2.3234796213882194,0.6149057608660939,3.0721282358344832,0.1436394335633645,3.6840398892331065,0.48
HorizontalScanPath_13,2,1.0,real,unsaturated,114,0.0,29,1199.0,0.0008340283569641369,2.4801641636886855,0.22182294233999755,7.236441104156052,0.92
HorizontalScanPath_13,2,1.0,real,unsaturated,114,0.01,29,1189.7873864516484,0.0011069244557264163,2.481296552043556,0.22313257125999825,7.211742713316612,0.92
HorizontalScanPath_13,2,1.0,real,unsaturated,114,0.05,29,995.1829070366549,0.0025948333743490864,2.4828913235660632,0.23154182674951926,7.232073718774634,0.92
HorizontalScanPath_13,2,1.0,real,unsaturated,114,0.1,29,529.3602617500458,0.007604191134665542,2.4846457836116667,0.239635219661493,7.170866386598707,0.92
HorizontalScanPath_13,2,1.0,real,unsaturated,114,0.25,29,35.055822759284304,0.07275020830666437,2.570448029083316,0.20309606664285185,6.488293002363325,0.88
HorizontalScanPath_13,2,1.0,real,unsaturated,114,0.5,29,7.9627163957584575,0.18952444802946275,2.7176140889098996,0.23800598815764032,5.094180690145408,0.6
HorizontalScanPath_13,2,1.0,real,unsaturated,114,1.0,29,4.515841810264205,0.28613586589666906,2.7560851169462897,0.33637042048909505,4.539036134653095,0.52
HorizontalScanPath_13,2,1.0,real,censored,65,0.0,29,1199.0,0.0008340283569641369,2.4801641636886855,0.22182294233999755,7.236441104156052,0.92
HorizontalScanPath_13,2,1.0,real,censored,65,0.01,29,1198.1822330497137,0.0008683496671187189,2.480391705197246,0.22484157493434623,7.212222811790648,0.92
HorizontalScanPath_13,2,1.0,real,censored,65,0.05,29,1184.07358086772,0.0010043335978248728,2.481035944389424,0.23560708290111051,7.18649030974648,0.92
HorizontalScanPath_13,2,1.0,real,censored,65,0.1,29,1155.1395043965672,0.0011723338293441812,2.4814619079168225,0.246919046131718,7.169875478058721,0.92
HorizontalScanPath_13,2,1.0,real,censored,65,0.25,29,1055.4214763503535,0.0016693879538496519,2.4818705093513276,0.2725355190800428,7.137370273322506,0.92
HorizontalScanPath_13,2,1.0,real,censored,65,0.5,29,911.033802509639,0.0024806405144422255,2.482187213308717,0.30154433170091577,7.109857213423916,0.92
HorizontalScanPath_13,2,1.0,real,censored,65,1.0,29,714.5289558995161,0.004024244617296865,2.4834079339747275,0.3391524868473198,7.055333101065842,0.92
HorizontalScanPath_13,2,1.0,matched_model,0.1,18,0.0,29,1199.0,0.0008340283569641369,2.4801641636886855,0.22182294233999755,7.236441104156052,0.92
HorizontalScanPath_13,2,1.0,matched_model,0.1,18,0.01,29,1196.5740839622954,0.0009336303181612025,2.479619646562043,0.2227402806631585,7.218050717685271,0.92
HorizontalScanPath_13,2,1.0,matched_model,0.1,18,0.05,29,1150.727785641749,0.001394572004628855,2.4776010202367607,0.22633716507080182,7.211984308741657,0.92
HorizontalScanPath_13,2,1.0,matched_model,0.1,18,0.1,29,1046.6467140743432,0.0021101917130195496,2.4754038755131584,0.23027440491390963,7.203208968542679,0.92
HorizontalScanPath_13,2,1.0,matched_model,0.1,18,0.25,29,662.9914279951407,0.005080130721269538,2.468309102604933,0.2363851995893856,7.157804046520298,0.92
HorizontalScanPath_13,2,1.0,matched_model,0.1,18,0.5,29,240.5971190206087,0.01950908834624735,2.450647634990084,0.23200676631456418,7.10233878322012,0.92
HorizontalScanPath_13,2,1.0,matched_model,0.1,18,1.0,29,40.90970357754237,0.10102917801394042,2.3809700936629494,0.20330012235120193,6.761292632565642,0.92
HorizontalScanPath_13,2,1.0,matched_model,0.25,45,0.0,29,1199.0,0.0008340283569641369,2.4801641636886855,0.22182294233999755,7.236441104156052,0.92
HorizontalScanPath_13,2,1.0,matched_model,0.25,45,0.01,29,1189.756121272655,0.0010911874806525015,2.4796641155660772,0.22549061895590058,7.214681404829905,0.92
HorizontalScanPath_13,2,1.0,matched_model,0.25,45,0.05,29,1010.4894577597773,0.0026802759850514395,2.4804406063104536,0.24425995211725193,7.208815230566061,0.92
HorizontalScanPath_13,2,1.0,matched_model,0.25,45,0.1,29,593.2929481917794,0.010686165655075897,2.491311878583005,0.271923421935453,7.145815854160646,0.92
HorizontalScanPath_13,2,1.0,matched_model,0.25,45,0.25,29,11.247978249092858,0.28586240538495356,2.612304839146825,0.14398020689092164,6.547063230398674,0.88
HorizontalScanPath_13,2,1.0,matched_model,0.25,45,0.5,29,1.1693702719196477,0.9243526887467782,3.004177349865265,-0.35951426778341783,1.981907637893862,0.28
HorizontalScanPath_13,2,1.0,matched_model,0.25,45,1.0,29,1.0017149263178704,0.9991434201022299,3.0606680889079763,-0.4110304281650997,0.0,0.0
HorizontalScanPath_13,2,1.0,matched_model,0.5,90,0.0,29,1199.0,0.0008340283569641369,2.4801641636886855,0.22182294233999755,7.236441104156052,0.92
HorizontalScanPath_13,2,1.0,matched_model,0.5,90,0.01,29,1184.4300898392826,0.0011006137887934627,2.4801007601154796,0.22500198561005846,7.215434271090681,0.92
HorizontalScanPath_13,2,1.0,matched_model,0.5,90,0.05,29,889.488122065895,0.004253401933893894,2.4824688789572136,0.24762615511217517,7.256669213990449,0.92
HorizontalScanPath_13,2,1.0,matched_model,0.5,90,0.1,29,191.82437825985403,0.04026569141246807,2.4864749046174337,0.3295935781567482,7.317187336624929,0.92
HorizontalScanPath_13,2,1.0,matched_model,0.5,90,0.25,29,3.0874028783971985,0.5278389899738739,2.8524131086800644,1.0102291057435104,5.119953127032822,0.64
HorizontalScanPath_13,2,1.0,matched_model,0.5,90,0.5,29,1.3279988936327711,0.8602630590004298,3.29847392026568,1.3574734051034625,2.6269422440790366,0.32
HorizontalScanPath_13,2,1.0,matched_model,0.5,90,1.0,29,1.0350348628489376,0.9827889431130311,3.4855553295495025,1.4620956300161378,0.0,0.0
HorizontalScanPath_13,2,1.0,matched_model,1.0,179,0.0,29,1199.0,0.0008340283569641369,2.4801641636886855,0.22182294233999755,7.236441104156052,0.92
HorizontalScanPath_13,2,1.0,matched_model,1.0,179,0.01,29,1170.617201951808,0.001368325846078358,2.4815010622461187,0.2282437519894438,7.22725421783306,0.92
HorizontalScanPath_13,2,1.0,matched_model,1.0,179,0.05,29,610.0050183729692,0.00991414784024656,2.4984303386395963,0.25359582709499817,7.2232376081670004,0.92
HorizontalScanPath_13,2,1.0,matched_model,1.0,179,0.1,29,51.091740597828384,0.10919088434086556,2.5733206820988155,0.25450968817387093,7.048599455331914,0.88
HorizontalScanPath_13,2,1.0,matched_model,1.0,179,0.25,29,1.4566112689191393,0.825748523128937,3.385289881804031,0.14660619458272778,4.131381190374387,0.6
HorizontalScanPath_13,2,1.0,matched_model,1.0,179,0.5,29,1.0132511273440168,0.9934320595970044,3.643826042506151,0.10112747265148755,0.0,0.0
HorizontalScanPath_13,2,1.0,matched_model,1.0,179,1.0,29,1.0000301688180055,0.999984915874842,3.654588336887541,0.09934509123128009,0.0,0.0
HorizontalScanPath_13,2,1.0,matched_model,unsaturated,114,0.0,29,1199.0,0.0008340283569641369,2.4801641636886855,0.22182294233999755,7.236441104156052,0.92
HorizontalScanPath_13,2,1.0,matched_model,unsaturated,114,0.01,29,1171.8204884452678,0.0013430069890171534,2.4811903666667035,0.22465101849828442,7.226490988016206,0.92
HorizontalScanPath_13,2,1.0,matched_model,unsaturated,114,0.05,29,620.9963363869759,0.00871358266270333,2.4909111609535097,0.23963731761137752,7.270310454847386,0.92
HorizontalScanPath_13,2,1.0,matched_model,unsaturated,114,0.1,29,75.3539256578128,0.06760668281125516,2.519881889547669,0.2592451384664355,7.225265508447899,0.92
HorizontalScanPath_13,2,1.0,matched_model,unsaturated,114,0.25,29,2.895723076518408,0.5532196377360268,3.0348040850867046,0.3140089485504609,4.898547251897733,0.72
HorizontalScanPath_13,2,1.0,matched_model,unsaturated,114,0.5,29,1.2525526695411806,0.8897319137575435,3.501925357281757,0.19074656370417187,2.941915150632326,0.44
HorizontalScanPath_13,2,1.0,matched_model,unsaturated,114,1.0,29,1.0170377873149183,0.9915582218018166,3.643325879306611,0.10864445053332701,0.0,0.0
HorizontalScanPath_13,2,1.0,matched_model,censored,65,0.0,29,1199.0,0.0008340283569641369,2.4801641636886855,0.22182294233999755,7.236441104156052,0.92
HorizontalScanPath_13,2,1.0,matched_model,censored,65,0.01,29,1197.8777649693266,0.0008801631621334297,2.4803466502458718,0.2253980740282509,7.208795889194167,0.92
HorizontalScanPath_13,2,1.0,matched_model,censored,65,0.05,29,1177.8734563812427,0.0010687042416773007,2.4808651788902947,0.23840393290358405,7.201392100089438,0.92
HorizontalScanPath_13,2,1.0,matched_model,censored,65,0.1,29,1135.4031919888805,0.0013121722196940354,2.4812931560633067,0.2523848522018898,7.186937938936892,0.92
HorizontalScanPath_13,2,1.0,matched_model,censored,65,0.25,29,986.6898224100621,0.002077030637922409,2.482479289356887,0.28466079504240044,7.156971621616972,0.92
HorizontalScanPath_13,2,1.0,matched_model,censored,65,0.5,29,780.3875455780312,0.003392485595251004,2.484843119152536,0.3216105649649603,7.143588538324695,0.92
HorizontalScanPath_13,2,1.0,matched_model,censored,65,1.0,29,530.551793933496,0.005918658871146944,2.4881802039791836,0.37062180516745913,7.132273794659198,0.92
HorizontalScanPath_13,2,2.0,real,0.1,18,0.0,29,1199.0,0.0008340283569641369,2.4801641636886855,0.22182294233999755,7.236441104156052,0.92
HorizontalScanPath_13,2,2.0,real,0.1,18,0.01,29,1196.4440378002491,0.0009626872742817599,2.4801811836413377,0.22283771783148723,7.215821123192947,0.92
HorizontalScanPath_13,2,2.0,real,0.1,18,0.05,29,1151.6834518608034,0.0015786628041256246,2.4803341235042424,0.22592624402954015,7.2078800849070195,0.92
HorizontalScanPath_13,2,2.0,real,0.1,18,0.1,29,1053.2989275977384,0.002561691096596252,2.480457235286016,0.22897089530559697,7.198621351892773,0.92
HorizontalScanPath_13,2,2.0,real,0.1,18,0.25,29,667.4874207480852,0.006485161183078556,2.4808632352342737,0.2358486042806817,7.1893394126935775,0.92
HorizontalScanPath_13,2,2.0,real,0.1,18,0.5,29,202.08673149935242,0.02215661491907693,2.4865164704089517,0.23901837654269,7.1207073060766195,0.88
HorizontalScanPath_13,2,2.0,real,0.1,18,1.0,29,23.23020281322275,0.1089147128650971,2.554174897361869,0.27997066662899894,6.398988721917817,0.84
HorizontalScanPath_13,2,2.0,real,0.25,45,0.0,29,1199.0,0.0008340283569641369,2.4801641636886855,0.22182294233999755,7.236441104156052,0.92
HorizontalScanPath_13,2,2.0,real,0.25,45,0.01,29,1193.0157522602315,0.0010025691194337774,2.479973135603016,0.22539373761912201,7.220475884605691,0.92
HorizontalScanPath_13,2,2.0,real,0.25,45,0.05,29,1078.791515564885,0.0020398357725273115,2.476687501472803,0.2333952046715217,7.2127059148378905,0.92
HorizontalScanPath_13,2,2.0,real,0.25,45,0.1,29,773.6045068762885,0.005837541825694699,2.465221437896328,0.23259460983086455,7.216808668734609,0.92
HorizontalScanPath_13,2,2.0,real,0.25,45,0.25,29,50.36037708724858,0.10634389654345863,2.4041369905972547,0.14198001462709725,6.991320468376764,0.92
HorizontalScanPath_13,2,2.0,real,0.25,45,0.5,29,2.5076802520600987,0.5987901532840001,2.566990803420743,-0.19382794744943793,4.6581682862804294,0.76
HorizontalScanPath_13,2,2.0,real,0.25,45,1.0,29,1.2222196303411141,0.8994804677204804,2.8286037730672517,-0.3660120817350321,1.7047421685705877,0.4
HorizontalScanPath_13,2,2.0,real,0.5,90,0.0,29,1199.0,0.0008340283569641369,2.4801641636886855,0.22182294233999755,7.236441104156052,0.92
HorizontalScanPath_13,2,2.0,real,0.5,90,0.01,29,1186.8122042036016,0.0011187790222240315,2.481346251559799,0.2235712860903459,7.21342090716739,0.92
HorizontalScanPath_13,2,2.0,real,0.5,90,0.05,29,923.9813990480534,0.00320196938865241,2.4878021508632773,0.22187295774733456,7.176782697662641,0.92
HorizontalScanPath_13,2,2.0,real,0.5,90,0.1,29,337.04234681709954,0.018430322598370567,2.494044118798892,0.19932679108021376,7.06501543499842,0.88
HorizontalScanPath_13,2,2.0,real,0.5,90,0.25,29,11.15928603496311,0.25557283630862804,2.5203287169742916,0.2297351758518903,6.435424890026843,0.8
HorizontalScanPath_13,2,2.0,real,0.5,90,0.5,29,1.821797935489287,0.7326444330733858,2.7463417785853905,0.39356338283378134,4.773313298139906,0.56
HorizontalScanPath_13,2,2.0,real,0.5,90,1.0,29,1.0454933122645629,0.9778988995885606,2.917316005835376,0.4499434498041364,0.0,0.0
HorizontalScanPath_13,2,2.0,real,1.0,179,0.0,29,1199.0,0.0008340283569641369,2.4801641636886855,0.22182294233999755,7.236441104156052,0.92
HorizontalScanPath_13,2,2.0,real,1.0,179,0.01,29,1175.173017243717,0.0013084572878426764,2.483337340247006,0.22886479573322732,7.21012976797173,0.92
HorizontalScanPath_13,2,2.0,real,1.0,179,0.05,29,647.6040062813514,0.008385162791810324,2.492298666314317,0.2500649760605916,7.132542020040903,0.92
HorizontalScanPath_13,2,2.0,real,1.0,179,0.1,29,78.08815249768676,0.07229026299873383,2.556833693013459,0.2309587702864974,6.851340447387015,0.88
HorizontalScanPath_13,2,2.0,real,1.0,179,0.25,29,2.697199306465215,0.5895630949192701,3.1013071788852495,0.12977555193161153,4.79623816321943,0.56
HorizontalScanPath_13,2,2.0,real,1.0,179,0.5,29,1.1355202333404961,0.9375084177406124,3.46588775824418,0.10092424663253041,2.495982703975333,0.36
HorizontalScanPath_13,2,2.0,real,1.0,179,1.0,29,1.003940694826932,0.9980337523807669,3.5330619984442473,0.09952927634977186,0.0,0.0
HorizontalScanPath_13,2,2.0,real,unsaturated,114,0.0,29,1199.0,0.0008340283569641369,2.4801641636886855,0.22182294233999755,7.236441104156052,0.92
HorizontalScanPath_13,2,2.0,real,unsaturated,114,0.01,29,1177.5292342931705,0.0012704634288564756,2.482914114413197,0.22361935729024482,7.211268611965847,0.92
HorizontalScanPath_13,2,2.0,real,unsaturated,114,0.05,29,689.181323608068,0.006309903735781486,2.487379678798211,0.23721603620051154,7.181183110208071,0.92
HorizontalScanPath_13,2,2.0,real,unsaturated,114,0.1,29,103.69711841035614,0.04328422597459869,2.520995371212492,0.2330597900541443,6.941947494323552,0.88
HorizontalScanPath_13,2,2.0,real,unsaturated,114,0.25,29,5.498326568807272,0.2660636899457387,2.80910298226986,0.26028400865606727,4.8554886517520455,0.6
HorizontalScanPath_13,2,2.0,real,unsaturated,114,0.5,29,3.1188145873988846,0.38923332540030126,2.936265763528352,0.3131692869780454,3.7967449076632964,0.52
HorizontalScanPath_13,2,2.0,real,unsaturated,114,1.0,29,2.609866810845405,0.47250846156065857,3.0144018871800244,0.33904165878076353,3.1003688837171537,0.48
HorizontalScanPath_13,2,2.0,real,censored,65,0.0,29,1199.0,0.0008340283569641369,2.4801641636886855,0.22182294233999755,7.236441104156052,0.92
HorizontalScanPath_13,2,2.0,real,censored,65,0.01,29,1197.21107493291,0.0008941731022238427,2.4804732964596727,0.22736122400483963,7.20582273892102,0.92
HorizontalScanPath_13,2,2.0,real,censored,65,0.05,29,1170.8686994790946,0.001128781165848751,2.4812343140808184,0.24523431517658764,7.182020148962003,0.92
HorizontalScanPath_13,2,2.0,real,censored,65,0.1,29,1124.805821801477,0.0014127545001067214,2.4817551234512276,0.2617855218307409,7.152057636842257,0.92
HorizontalScanPath_13,2,2.0,real,censored,65,0.25,29,992.2662734575439,0.002221470603286651,2.4828570178006966,0.294242367012223,7.120433193574797,0.92
HorizontalScanPath_13,2,2.0,real,censored,65,0.5,29,831.7339779193157,0.003445382574904477,2.484923613453069,0.3265197537035965,7.081911003720069,0.92
HorizontalScanPath_13,2,2.0,real,censored,65,1.0,29,644.0385733790712,0.005511621049464153,2.4894655413915645,0.36472595604980595,7.068479947303124,0.92
HorizontalScanPath_13,2,2.0,matched_model,0.1,18,0.0,29,1199.0,0.0008340283569641369,2.4801641636886855,0.22182294233999755,7.236441104156052,0.92
HorizontalScanPath_13,2,2.0,matched_model,0.1,18,0.01,29,1194.9054553585459,0.0009705704405118507,2.4797143809991358,0.22330214516818842,7.215877019080688,0.92
HorizontalScanPath_13,2,2.0,matched_model,0.1,18,0.05,29,1123.6419252984747,0.001642845486597902,2.4786504974004617,0.22875513573652825,7.209249895846522,0.92
HorizontalScanPath_13,2,2.0,matched_model,0.1,18,0.1,29,971.5448938910154,0.0027861439911002345,2.4784732401072276,0.2348415043793284,7.187869508050512,0.92
HorizontalScanPath_13,2,2.0,matched_model,0.1,18,0.25,29,464.4059430829103,0.008859004271708024,2.4803824281108877,0.2515458051481187,7.115806952883925,0.92
HorizontalScanPath_13,2,2.0,matched_model,0.1,18,0.5,29,85.09032501800809,0.05673832358483158,2.4946212178649403,0.249144549662999,7.097375062238748,0.92
HorizontalScanPath_13,2,2.0,matched_model,0.1,18,1.0,29,7.5163040514895085,0.2877386803912991,2.6136169500259068,0.029443112781905256,6.211230606988543,0.88
HorizontalScanPath_13,2,2.0,matched_model,0.25,45,0.0,29,1199.0,0.0008340283569641369,2.4801641636886855,0.22182294233999755,7.236441104156052,0.92
HorizontalScanPath_13,2,2.0,matched_model,0.25,45,0.01,29,1183.5363198745374,0.001172549570195719,2.480322875372447,0.2273736009938557,7.212929333277686,0.92
HorizontalScanPath_13,2,2.0,matched_model,0.25,45,0.05,29,880.3918843002789,0.003652903059541421,2.4850782543481063,0.25324879799452904,7.198104516722412,0.92
HorizontalScanPath_13,2,2.0,matched_model,0.25,45,0.1,29,295.5665603278923,0.023749729836868617,2.5025130086587235,0.2784921966756656,7.072523696790174,0.92
HorizontalScanPath_13,2,2.0,matched_model,0.25,45,0.25,29,6.310040939875858,0.36708699857895405,2.6526219550329686,0.07614567387140596,5.773870134906392,0.76
HorizontalScanPath_13,2,2.0,matched_model,0.25,45,0.5,29,1.3684401078499169,0.8508842090436134,2.944358222944906,-0.2958211128058974,3.0356105740512045,0.48
HorizontalScanPath_13,2,2.0,matched_model,0.25,45,1.0,29,1.0187036423886002,0.9907560647130051,3.053078129887873,-0.40384525228345636,0.0,0.0
HorizontalScanPath_13,2,2.0,matched_model,0.5,90,0.0,29,1199.0,0.0008340283569641369,2.4801641636886855,0.22182294233999755,7.236441104156052,0.92
HorizontalScanPath_13,2,2.0,matched_model,0.5,90,0.01,29,1173.4910401491275,0.0012969008469352966,2.4814049397962394,0.22634445366969885,7.215313253981797,0.92
HorizontalScanPath_13,2,2.0,matched_model,0.5,90,0.05,29,574.8925696414243,0.010891788692637858,2.4926331383197433,0.26113066165410603,7.22601946375936,0.92
HorizontalScanPath_13,2,2.0,matched_model,0.5,90,0.1,29,38.931120064035525,0.11035833130262179,2.5099655435961945,0.4071461945945748,6.894540859733818,0.88
HorizontalScanPath_13,2,2.0,matched_model,0.5,90,0.25,29,2.365778725523895,0.6191056799661283,2.791746845637377,0.8153035863438618,4.73614996020483,0.64
HorizontalScanPath_13,2,2.0,matched_model,0.5,90,0.5,29,1.2084751047590523,0.9068054613954359,3.0757966011772826,0.8316908077844051,2.4139652237438303,0.32
HorizontalScanPath_13,2,2.0,matched_model,0.5,90,1.0,29,1.0126333957759877,0.9937244199852993,3.1675670225927024,0.7988586462281524,0.0,0.0
HorizontalScanPath_13,2,2.0,matched_model,1.0,179,0.0,29,1199.0,0.0008340283569641369,2.4801641636886855,0.22182294233999755,7.236441104156052,0.92
HorizontalScanPath_13,2,2.0,matched_model,1.0,179,0.01,29,1148.9040871409863,0.0014809512617604095,2.4841298385420445,0.23237564421892784,7.2247523775204465,0.92
HorizontalScanPath_13,2,2.0,matched_model,1.0,179,0.05,29,172.65913128332517,0.05144630876886053,2.5430628809507962,0.2558011305122341,7.190673761237119,0.92
HorizontalScanPath_13,2,2.0,matched_model,1.0,179,0.1,29,3.6032557380366685,0.5188652906105723,2.9949467119414965,0.16625136699308085,6.130183013498668,0.8
HorizontalScanPath_13,2,2.0,matched_model,1.0,179,0.25,29,1.0141635348811773,0.9929889184750802,3.6439671674100933,0.10006451750098677,0.0,0.0
HorizontalScanPath_13,2,2.0,matched_model,1.0,179,0.5,29,1.0000147592972115,0.9999926204259578,3.654602950040582,0.09934473014227933,0.0,0.0
HorizontalScanPath_13,2,2.0,matched_model,1.0,179,1.0,29,1.0000000000285354,0.9999999999857323,3.654613625054271,0.09934384863747937,0.0,0.0
HorizontalScanPath_13,2,2.0,matched_model,unsaturated,114,0.0,29,1199.0,0.0008340283569641369,2.4801641636886855,0.22182294233999755,7.236441104156052,0.92
HorizontalScanPath_13,2,2.0,matched_model,unsaturated,114,0.01,29,1151.5330303184226,0.0015330611838198613,2.4836315900839137,0.22621543859144821,7.2280935020965265,0.92
HorizontalScanPath_13,2,2.0,matched_model,unsaturated,114,0.05,29,221.7510614247316,0.03441997544328377,2.5220047408920103,0.24397232607599334,7.26318448989515,0.92
HorizontalScanPath_13,2,2.0,matched_model,unsaturated,114,0.1,29,8.597200094813958,0.3142584705147916,2.7702251309289583,0.22347808470718974,6.563695523750414,0.84
HorizontalScanPath_13,2,2.0,matched_model,unsaturated,114,0.25,29,1.1275007476037138,0.9414573480748979,3.571446061842594,0.12203099659660893,1.9763253039259143,0.28
HorizontalScanPath_13,2,2.0,matched_model,unsaturated,114,0.5,29,1.0012975842100418,0.9993517702698139,3.653757391712504,0.09975405048759739,0.0,0.0
HorizontalScanPath_13,2,2.0,matched_model,unsaturated,114,1.0,29,1.0000002735370381,0.9999998632315035,3.654613457804627,0.09934396022590136,0.0,0.0
HorizontalScanPath_13,2,2.0,matched_model,censored,65,0.0,29,1199.0,0.0008340283569641369,2.4801641636886855,0.22182294233999755,7.236441104156052,0.92
HorizontalScanPath_13,2,2.0,matched_model,censored,65,0.01,29,1196.924997856705,0.0009033494084180049,2.480361638309846,0.22804002912617308,7.205429496464153,0.92
HorizontalScanPath_13,2,2.0,matched_model,censored,65,0.05,29,1164.94425286205,0.0011794715037967876,2.4807724492694705,0.24871460298887996,7.197550320695729,0.92
HorizontalScanPath_13,2,2.0,matched_model,censored,65,0.1,29,1105.8266838114116,0.0015287101922239641,2.481045773866263,0.2684559964924415,7.1742695149774205,0.92
HorizontalScanPath_13,2,2.0,matched_model,censored,65,0.25,29,925.1585703147234,0.0025853439353565977,2.4824060887394923,0.30749621472187755,7.1502518306870755,0.92
HorizontalScanPath_13,2,2.0,matched_model,censored,65,0.5,29,702.0242608537507,0.004267186066043788,2.4858853330583415,0.34498774002097204,7.139677499538977,0.92
HorizontalScanPath_13,2,2.0,matched_model,censored,65,1.0,29,459.5581049399681,0.007050173155562592,2.490713801500156,0.38714798702525743,7.123717074490546,0.92
HorizontalScanPath_13,2,4.0,real,0.1,18,0.0,29,1199.0,0.0008340283569641369,2.4801641636886855,0.22182294233999755,7.236441104156052,0.92
HorizontalScanPath_13,2,4.0,real,0.1,18,0.01,29,1192.5073269019088,0.001078139056291539,2.4804391777874386,0.22399109567650158,7.213792252654352,0.92
HorizontalScanPath_13,2,4.0,real,0.1,18,0.05,29,1087.3130136528896,0.002365663085492906,2.480718251687506,0.2302907395491684,7.207052167493312,0.92
HorizontalScanPath_13,2,4.0,real,0.1,18,0.1,29,867.7366332151954,0.004430681759505986,2.4791547581765707,0.2365648099747591,7.196592468084275,0.92
HorizontalScanPath_13,2,4.0,real,0.1,18,0.25,29,304.1205636644229,0.012164668240003933,2.4710535830671123,0.2500997708089244,7.171982747435127,0.88
HorizontalScanPath_13,2,4.0,real,0.1,18,0.5,29,65.40521243889874,0.04932568499665433,2.4507622093457635,0.2736432218256118,6.995021624778096,0.88
HorizontalScanPath_13,2,4.0,real,0.1,18,1.0,29,14.904998988957642,0.16578921129680269,2.403679413885141,0.3106393340622367,6.549205004246148,0.8
HorizontalScanPath_13,2,4.0,real,0.25,45,0.0,29,1199.0,0.0008340283569641369,2.4801641636886855,0.22182294233999755,7.236441104156052,0.92
HorizontalScanPath_13,2,4.0,real,0.25,45,0.01,29,1182.2612883250447,0.001123439732771193,2.4802909043325028,0.2280563255769789,7.216629160541782,0.92
HorizontalScanPath_13,2,4.0,real,0.25,45,0.05,29,855.5409204226306,0.004240323925366291,2.46944397684019,0.2335506059587101,7.216930249587899,0.92
HorizontalScanPath_13,2,4.0,real,0.25,45,0.1,29,283.12405401977344,0.02219482852484698,2.432312155665189,0.21304771187390997,7.170070473418686,0.92
HorizontalScanPath_13,2,4.0,real,0.25,45,0.25,29,7.389635714396288,0.289628249116974,2.3601197790451636,0.04661293385348927,5.918675784313743,0.84
HorizontalScanPath_13,2,4.0,real,0.25,45,0.5,29,2.038336446459582,0.6212081516017037,2.433459568354102,0.014175456129669329,2.3695895571480627,0.44
HorizontalScanPath_13,2,4.0,real,0.25,45,1.0,29,1.50653435442576,0.7865944178495728,2.4341159185246735,0.10934321597693952,1.7047421685705877,0.4
HorizontalScanPath_13,2,4.0,real,0.5,90,0.0,29,1199.0,0.0008340283569641369,2.4801641636886855,0.22182294233999755,7.236441104156052,0.92
HorizontalScanPath_13,2,4.0,real,0.5,90,0.01,29,1162.5854169863744,0.0013761636826365117,2.4835414806834684,0.2243497657529565,7.205555201956793,0.92
HorizontalScanPath_13,2,4.0,real,0.5,90,0.05,29,421.46478854830997,0.012450019674577855,2.501985699644824,0.1987736507355544,7.038308996124352,0.88
HorizontalScanPath_13,2,4.0,real,0.5,90,0.1,29,48.62465728240752,0.0763756399779165,2.511277218381036,0.1423004902055277,6.692465154704076,0.88
HorizontalScanPath_13,2,4.0,real,0.5,90,0.25,29,4.499514546866483,0.39761510824949836,2.53264618341865,0.047559776272066756,4.7603241239311025,0.64
HorizontalScanPath_13,2,4.0,real,0.5,90,0.5,29,1.8427564917416903,0.7121657963902496,2.5463054274658528,-0.10597207520533175,2.873538686482275,0.44
HorizontalScanPath_13,2,4.0,real,0.5,90,1.0,29,1.1410201150728225,0.9346105327558635,2.5797833034126696,-0.23302746624993914,1.9020937162195195,0.32
HorizontalScanPath_13,2,4.0,real,1.0,179,0.0,29,1199.0,0.0008340283569641369,2.4801641636886855,0.22182294233999755,7.236441104156052,0.92
HorizontalScanPath_13,2,4.0,real,1.0,179,0.01,29,1123.9983545526293,0.0017924294916654298,2.4868078074614357,0.23554512705435626,7.202102289200191,0.92
HorizontalScanPath_13,2,4.0,real,1.0,179,0.05,29,108.87014840066998,0.0594884486210195,2.546125944138155,0.2221174332118835,6.960611704090398,0.88
HorizontalScanPath_13,2,4.0,real,1.0,179,0.1,29,5.398777047386225,0.4085624144959038,2.8862050226335763,0.1347753765713446,5.4433409884991395,0.76
HorizontalScanPath_13,2,4.0,real,1.0,179,0.25,29,1.0767585460214568,0.9635638342437439,3.492119279049331,0.10500648458184514,0.9575561667173315,0.12
HorizontalScanPath_13,2,4.0,real,1.0,179,0.5,29,1.0005559326222473,0.9997221386767895,3.5349740134889323,0.09972712599502075,0.0,0.0
HorizontalScanPath_13,2,4.0,real,1.0,179,1.0,29,1.000000043437354,0.9999999782813236,3.5352896500783024,0.09965589777536935,0.0,0.0
HorizontalScanPath_13,2,4.0,real,unsaturated,114,0.0,29,1199.0,0.0008340283569641369,2.4801641636886855,0.22182294233999755,7.236441104156052,0.92
HorizontalScanPath_13,2,4.0,real,unsaturated,114,0.01,29,1132.315260352786,0.001694904017990677,2.4856326447669352,0.22506840148333368,7.202510217801068,0.92
HorizontalScanPath_13,2,4.0,real,unsaturated,114,0.05,29,135.24704349310258,0.038942382733730706,2.512767889897789,0.21022658142574754,6.9840108097459686,0.88
HorizontalScanPath_13,2,4.0,real,unsaturated,114,0.1,29,9.917613841910686,0.21844714519135,2.6855512900778695,0.14071784974080856,5.689722014553285,0.8
HorizontalScanPath_13,2,4.0,real,unsaturated,114,0.25,29,2.515643678457603,0.5394779361893662,2.9095901018502452,0.11369403364910341,3.1225215708668634,0.48
HorizontalScanPath_13,2,4.0,real,unsaturated,114,0.5,29,1.6950560047844556,0.7321439901334831,2.9873683165101412,0.0336356395013172,3.1003688837171537,0.48
HorizontalScanPath_13,2,4.0,real,unsaturated,114,1.0,29,1.1997812486271218,0.9086090442938308,3.0777197434062153,-0.013857765762156759,2.197265359708124,0.32
HorizontalScanPath_13,2,4.0,real,censored,65,0.0,29,1199.0,0.0008340283569641369,2.4801641636886855,0.22182294233999755,7.236441104156052,0.92
HorizontalScanPath_13,2,4.0,real,censored,65,0.01,29,1193.5542733135965,0.0009583982808620979,2.4808249574864303,0.23345580472866687,7.200848279625502,0.92
HorizontalScanPath_13,2,4.0,real,censored,65,0.05,29,1135.1172410168303,0.0014302756683859934,2.4824041757343633,0.26428029381936086,7.164745583731303,0.92
HorizontalScanPath_13,2,4.0,real,censored,65,0.1,29,1054.8472405708671,0.001980537336901443,2.4840894711006287,0.28753162331882776,7.149811257964741,0.92
HorizontalScanPath_13,2,4.0,real,censored,65,0.25,29,870.2821944288607,0.003412330349167811,2.4883683194903656,0.32665503408151153,7.107291407800546,0.92
HorizontalScanPath_13,2,4.0,real,censored,65,0.5,29,690.2675727605534,0.0052155243698775765,2.493393548381042,0.36280704822266896,7.092498728302466,0.92
HorizontalScanPath_13,2,4.0,real,censored,65,1.0,29,512.2621959684603,0.007375028476496524,2.500070433031675,0.4025620562423296,7.078753554947691,0.92
HorizontalScanPath_13,2,4.0,matched_model,0.1,18,0.0,29,1199.0,0.0008340283569641369,2.4801641636886855,0.22182294233999755,7.236441104156052,0.92
HorizontalScanPath_13,2,4.0,matched_model,0.1,18,0.01,29,1190.172679666289,0.0010307904554033723,2.4800532518658955,0.22457303254387398,7.217590558223098,0.92
HorizontalScanPath_13,2,4.0,matched_model,0.1,18,0.05,29,1051.4873051373513,0.002127355848633949,2.4808833901972287,0.2338580626313751,7.196883356219725,0.92
HorizontalScanPath_13,2,4.0,matched_model,0.1,18,0.1,29,782.1573340687887,0.004072297655158822,2.483473886218994,0.24536131900898225,7.166542407199638,0.92
HorizontalScanPath_13,2,4.0,matched_model,0.1,18,0.25,29,159.01296746360833,0.03818367503041435,2.4974633651516327,0.265643595514141,7.089168162069111,0.92
HorizontalScanPath_13,2,4.0,matched_model,0.1,18,0.5,29,10.506198063661014,0.2579949143660222,2.6008323064901457,0.051961704659654516,6.23724505407504,0.88
HorizontalScanPath_13,2,4.0,matched_model,0.1,18,1.0,29,1.9406784599613613,0.7010900540671681,3.054116409210744,-0.6961261324404814,4.308334834094378,0.64
HorizontalScanPath_13,2,4.0,matched_model,0.25,45,0.0,29,1199.0,0.0008340283569641369,2.4801641636886855,0.22182294233999755,7.236441104156052,0.92
HorizontalScanPath_13,2,4.0,matched_model,0.25,45,0.01,29,1166.6280158162986,0.0013526505529555834,2.4814543007153884,0.23102178963066536,7.212797240417685,0.92
HorizontalScanPath_13,2,4.0,matched_model,0.25,45,0.05,29,571.5831830171618,0.006920052914441211,2.485589271854298,0.2634322729740552,7.167564766359915,0.92
HorizontalScanPath_13,2,4.0,matched_model,0.25,45,0.1,29,91.9764047441337,0.03907993826765318,2.498785835513232,0.2928549880647279,6.854917645229473,0.92
HorizontalScanPath_13,2,4.0,matched_model,0.25,45,0.25,29,8.642537561416525,0.19398592932517086,2.673267737040767,0.38161026599629394,5.321249280990498,0.72
HorizontalScanPath_13,2,4.0,matched_model,0.25,45,0.5,29,4.248158790534232,0.32525179991387354,2.8340281388156305,0.4658533234299739,4.152634613547718,0.68
HorizontalScanPath_13,2,4.0,matched_model,0.25,45,1.0,29,2.82849208052788,0.4494073390244246,2.9063230113436966,0.49071094871765353,3.4239941787590986,0.44
HorizontalScanPath_13,2,4.0,matched_model,0.5,90,0.0,29,1199.0,0.0008340283569641369,2.4801641636886855,0.22182294233999755,7.236441104156052,0.92
HorizontalScanPath_13,2,4.0,matched_model,0.5,90,0.01,29,1140.4691907324468,0.0017479694967777492,2.484507458614227,0.2289357353559467,7.226525641774012,0.92
HorizontalScanPath_13,2,4.0,matched_model,0.5,90,0.05,29,148.63342714932895,0.03518550388892711,2.5203851733392675,0.2767945887355813,7.1244665942569805,0.88
HorizontalScanPath_13,2,4.0,matched_model,0.5,90,0.1,29,12.291807641264993,0.21784704654862322,2.5455545815380853,0.44308108019158454,6.210495330599156,0.8
HorizontalScanPath_13,2,4.0,matched_model,0.5,90,0.25,29,1.848284466360157,0.7194408092837952,2.809905957880479,0.7437953917497839,4.1981040613809135,0.64
HorizontalScanPath_13,2,4.0,matched_model,0.5,90,0.5,29,1.0911292990301804,0.9566739555992283,3.1061307282062507,0.8045056894508411,2.606408080245451,0.36
HorizontalScanPath_13,2,4.0,matched_model,0.5,90,1.0,29,1.0027461206941004,0.9986288753061955,3.171921266758842,0.7956377552383332,0.0,0.0
HorizontalScanPath_13,2,4.0,matched_model,1.0,179,0.0,29,1199.0,0.0008340283569641369,2.4801641636886855,0.22182294233999755,7.236441104156052,0.92
HorizontalScanPath_13,2,4.0,matched_model,1.0,179,0.01,29,1077.6248191811471,0.002461523884598393,2.4902352207662433,0.2411409453882061,7.2199991705751065,0.92
HorizontalScanPath_13,2,4.0,matched_model,1.0,179,0.05,29,9.147963741428958,0.3073798741650011,2.785654828900736,0.20282667846168806,6.637425046537626,0.84
HorizontalScanPath_13,2,4.0,matched_model,1.0,179,0.1,29,1.3270611554786909,0.8657224667018376,3.474478147002664,0.13124769542505646,3.4585807309641425,0.52
HorizontalScanPath_13,2,4.0,matched_model,1.0,179,0.25,29,1.0024868345595839,0.9987583018276769,3.6531098288709565,0.10014482711883829,0.0,0.0
HorizontalScanPath_13,2,4.0,matched_model,1.0,179,0.5,29,1.0000023838675431,0.9999988080676585,3.6546122224964033,0.09934476271951553,0.0,0.0
HorizontalScanPath_13,2,4.0,matched_model,1.0,179,1.0,29,1.0000000000028422,0.9999999999985789,3.6546136250716996,0.0993438486343598,0.0,0.0
HorizontalScanPath_13,2,4.0,matched_model,unsaturated,114,0.0,29,1199.0,0.0008340283569641369,2.4801641636886855,0.22182294233999755,7.236441104156052,0.92
HorizontalScanPath_13,2,4.0,matched_model,unsaturated,114,0.01,29,1086.827696733144,0.002238022077532206,2.488807414693373,0.22909374328214427,7.226726394456614,0.92
HorizontalScanPath_13,2,4.0,matched_model,unsaturated,114,0.05,29,19.863085878155353,0.16710325961229344,2.6547147202566457,0.2150549653056919,6.8354222526383595,0.88
HorizontalScanPath_13,2,4.0,matched_model,unsaturated,114,0.1,29,2.8177341759669807,0.5565992014587999,3.1101832974211994,0.20256207757405037,4.907883085082631,0.64
HorizontalScanPath_13,2,4.0,matched_model,unsaturated,114,0.25,29,1.1479713709714008,0.9318321761499979,3.5717217911128913,0.13611756307084077,1.9798489907773296,0.24
HorizontalScanPath_13,2,4.0,matched_model,unsaturated,114,0.5,29,1.0064291820233744,0.9967964038693836,3.650789020898259,0.10160273462533724,0.0,0.0
HorizontalScanPath_13,2,4.0,matched_model,unsaturated,114,1.0,29,1.0000177486227317,0.9999911257678897,3.654603183650374,0.0993506630246975,0.0,0.0
HorizontalScanPath_13,2,4.0,matched_model,censored,65,0.0,29,1199.0,0.0008340283569641369,2.4801641636886855,0.22182294233999755,7.236441104156052,0.92
HorizontalScanPath_13,2,4.0,matched_model,censored,65,0.01,29,1193.2878312990993,0.0009687898338276651,2.480573652805816,0.23435791220717192,7.200011347244613,0.92
HorizontalScanPath_13,2,4.0,matched_model,censored,65,0.05,29,1127.8187526971162,0.0014942555690474991,2.4811826346058865,0.2689981115896899,7.185633452622392,0.92
HorizontalScanPath_13,2,4.0,matched_model,censored,65,0.1,29,1030.1604001947446,0.002120971991777745,2.4820530796523372,0.2956794645128616,7.169444119889954,0.92
HorizontalScanPath_13,2,4.0,matched_model,censored,65,0.25,29,785.0177676611232,0.003826043265619527,2.4858886806848055,0.33747338633317897,7.1601240915110544,0.92
HorizontalScanPath_13,2,4.0,matched_model,censored,65,0.5,29,538.7516808324051,0.006546728542910668,2.4908372248482147,0.37163120739554645,7.116457386430772,0.92
HorizontalScanPath_13,2,4.0,matched_model,censored,65,1.0,29,312.91099240386654,0.012436192676707068,2.4962009102214537,0.41399341372407206,7.100831677603788,0.92
