shape,shape_label,observation_seed,lengthscale,lengthscale_y,angle_degrees,unsat_neg_log_marginal_likelihood,kernel
axis_gaussian,axis Gaussian,0,0.55,0.18,-55.0,1959.9899126676873,anisotropic_tuned
axis_gaussian,axis Gaussian,0,0.55,0.18,-35.0,1959.4955008320007,anisotropic_tuned
axis_gaussian,axis Gaussian,0,0.55,0.18,-15.0,1916.9436069551352,anisotropic_tuned
axis_gaussian,axis Gaussian,0,0.55,0.18,0.0,1843.2816839084594,anisotropic_tuned
axis_gaussian,axis Gaussian,0,0.55,0.18,15.0,1916.930138094347,anisotropic_tuned
axis_gaussian,axis Gaussian,0,0.55,0.18,35.0,1959.4554294275113,anisotropic_tuned
axis_gaussian,axis Gaussian,0,0.55,0.18,55.0,1959.9192549110508,anisotropic_tuned
axis_gaussian,axis Gaussian,0,0.55,0.28,-55.0,1900.6187400423678,anisotropic_tuned
axis_gaussian,axis Gaussian,0,0.55,0.28,-35.0,1900.1148010570046,anisotropic_tuned
axis_gaussian,axis Gaussian,0,0.55,0.28,-15.0,1859.1885244982386,anisotropic_tuned
axis_gaussian,axis Gaussian,0,0.55,0.28,0.0,1831.9451699354863,anisotropic_tuned
axis_gaussian,axis Gaussian,0,0.55,0.28,15.0,1858.993413104391,anisotropic_tuned
axis_gaussian,axis Gaussian,0,0.55,0.28,35.0,1899.8161495913537,anisotropic_tuned
axis_gaussian,axis Gaussian,0,0.55,0.28,55.0,1900.444977923623,anisotropic_tuned
axis_gaussian,axis Gaussian,0,0.55,0.42,-55.0,1793.7037495941804,anisotropic_tuned
axis_gaussian,axis Gaussian,0,0.55,0.42,-35.0,1793.5981079246558,anisotropic_tuned
axis_gaussian,axis Gaussian,0,0.55,0.42,-15.0,1784.381281408374,anisotropic_tuned
axis_gaussian,axis Gaussian,0,0.55,0.42,0.0,1780.4799171137242,anisotropic_tuned
axis_gaussian,axis Gaussian,0,0.55,0.42,15.0,1783.905464005571,anisotropic_tuned
axis_gaussian,axis Gaussian,0,0.55,0.42,35.0,1792.9157375729542,anisotropic_tuned
axis_gaussian,axis Gaussian,0,0.55,0.42,55.0,1793.2862763590042,anisotropic_tuned
axis_gaussian,axis Gaussian,0,0.55,0.65,-55.0,1665.5742409292516,anisotropic_tuned
axis_gaussian,axis Gaussian,0,0.55,0.65,-35.0,1665.3470256125197,anisotropic_tuned
axis_gaussian,axis Gaussian,0,0.55,0.65,-15.0,1664.889179401012,anisotropic_tuned
axis_gaussian,axis Gaussian,0,0.55,0.65,0.0,1664.909549818427,anisotropic_tuned
axis_gaussian,axis Gaussian,0,0.55,0.65,15.0,1665.712364402521,anisotropic_tuned
axis_gaussian,axis Gaussian,0,0.55,0.65,35.0,1667.3837145623884,anisotropic_tuned
axis_gaussian,axis Gaussian,0,0.55,0.65,55.0,1668.1263868946767,anisotropic_tuned
axis_gaussian,axis Gaussian,0,0.55,0.9,-55.0,1588.3297428686783,anisotropic_tuned
axis_gaussian,axis Gaussian,0,0.55,0.9,-35.0,1588.5828482308348,anisotropic_tuned
axis_gaussian,axis Gaussian,0,0.55,0.9,-15.0,1589.4379864336124,anisotropic_tuned
axis_gaussian,axis Gaussian,0,0.55,0.9,0.0,1592.76756175961,anisotropic_tuned
axis_gaussian,axis Gaussian,0,0.55,0.9,15.0,1596.1832840702414,anisotropic_tuned
axis_gaussian,axis Gaussian,0,0.55,0.9,35.0,1597.4712885326917,anisotropic_tuned
axis_gaussian,axis Gaussian,0,0.55,0.9,55.0,1596.2157719295792,anisotropic_tuned
axis_gaussian,axis Gaussian,0,0.75,0.18,-55.0,1914.4688756238038,anisotropic_tuned
axis_gaussian,axis Gaussian,0,0.75,0.18,-35.0,1913.7494342943423,anisotropic_tuned
axis_gaussian,axis Gaussian,0,0.75,0.18,-15.0,1859.4370581754533,anisotropic_tuned
axis_gaussian,axis Gaussian,0,0.75,0.18,0.0,1734.7887260666057,anisotropic_tuned
axis_gaussian,axis Gaussian,0,0.75,0.18,15.0,1859.5463615279705,anisotropic_tuned
axis_gaussian,axis Gaussian,0,0.75,0.18,35.0,1913.569066958064,anisotropic_tuned
axis_gaussian,axis Gaussian,0,0.75,0.18,55.0,1914.3128156642097,anisotropic_tuned
axis_gaussian,axis Gaussian,0,0.75,0.28,-55.0,1827.97065177162,anisotropic_tuned
axis_gaussian,axis Gaussian,0,0.75,0.28,-35.0,1827.5571029811917,anisotropic_tuned
axis_gaussian,axis Gaussian,0,0.75,0.28,-15.0,1771.9718692306283,anisotropic_tuned
axis_gaussian,axis Gaussian,0,0.75,0.28,0.0,1725.472331968821,anisotropic_tuned
axis_gaussian,axis Gaussian,0,0.75,0.28,15.0,1771.4232722167362,anisotropic_tuned
axis_gaussian,axis Gaussian,0,0.75,0.28,35.0,1827.3853469328656,anisotropic_tuned
axis_gaussian,axis Gaussian,0,0.75,0.28,55.0,1827.4125045773271,anisotropic_tuned
axis_gaussian,axis Gaussian,0,0.75,0.42,-55.0,1709.8395699008447,anisotropic_tuned
axis_gaussian,axis Gaussian,0,0.75,0.42,-35.0,1712.8744989780744,anisotropic_tuned
axis_gaussian,axis Gaussian,0,0.75,0.42,-15.0,1696.1246755020552,anisotropic_tuned
axis_gaussian,axis Gaussian,0,0.75,0.42,0.0,1684.8803981995375,anisotropic_tuned
axis_gaussian,axis Gaussian,0,0.75,0.42,15.0,1691.6984193471926,anisotropic_tuned
axis_gaussian,axis Gaussian,0,0.75,0.42,35.0,1706.7007453035994,anisotropic_tuned
axis_gaussian,axis Gaussian,0,0.75,0.42,55.0,1705.8140866778099,anisotropic_tuned
axis_gaussian,axis Gaussian,0,0.75,0.65,-55.0,1593.5768680944643,anisotropic_tuned
axis_gaussian,axis Gaussian,0,0.75,0.65,-35.0,1593.7966764398634,anisotropic_tuned
axis_gaussian,axis Gaussian,0,0.75,0.65,-15.0,1593.2751331269087,anisotropic_tuned
axis_gaussian,axis Gaussian,0,0.75,0.65,0.0,1592.5760182889949,anisotropic_tuned
axis_gaussian,axis Gaussian,0,0.75,0.65,15.0,1591.775926556159,anisotropic_tuned
axis_gaussian,axis Gaussian,0,0.75,0.65,35.0,1590.6983306827524,anisotropic_tuned
axis_gaussian,axis Gaussian,0,0.75,0.65,55.0,1590.076501565989,anisotropic_tuned
axis_gaussian,axis Gaussian,0,0.75,0.9,-55.0,1527.6857953631866,anisotropic_tuned
axis_gaussian,axis Gaussian,0,0.75,0.9,-35.0,1529.3686724466406,anisotropic_tuned
axis_gaussian,axis Gaussian,0,0.75,0.9,-15.0,1531.5014263550706,anisotropic_tuned
axis_gaussian,axis Gaussian,0,0.75,0.9,0.0,1532.6273704891637,anisotropic_tuned
axis_gaussian,axis Gaussian,0,0.75,0.9,15.0,1532.9468776414415,anisotropic_tuned
axis_gaussian,axis Gaussian,0,0.75,0.9,35.0,1532.2325101212755,anisotropic_tuned
axis_gaussian,axis Gaussian,0,0.75,0.9,55.0,1530.4589541262117,anisotropic_tuned
axis_gaussian,axis Gaussian,0,1.0,0.18,-55.0,1857.634090008712,anisotropic_tuned
axis_gaussian,axis Gaussian,0,1.0,0.18,-35.0,1857.0683220728774,anisotropic_tuned
axis_gaussian,axis Gaussian,0,1.0,0.18,-15.0,1808.9476581903527,anisotropic_tuned
axis_gaussian,axis Gaussian,0,1.0,0.18,0.0,1649.6844738976897,anisotropic_tuned
axis_gaussian,axis Gaussian,0,1.0,0.18,15.0,1809.3429602243227,anisotropic_tuned
axis_gaussian,axis Gaussian,0,1.0,0.18,35.0,1856.1519827030902,anisotropic_tuned
axis_gaussian,axis Gaussian,0,1.0,0.18,55.0,1857.6086818599647,anisotropic_tuned
axis_gaussian,axis Gaussian,0,1.0,0.28,-55.0,1756.3987802704723,anisotropic_tuned
axis_gaussian,axis Gaussian,0,1.0,0.28,-35.0,1753.275847015881,anisotropic_tuned
axis_gaussian,axis Gaussian,0,1.0,0.28,-15.0,1705.757074127721,anisotropic_tuned
axis_gaussian,axis Gaussian,0,1.0,0.28,0.0,1642.2719440799897,anisotropic_tuned
axis_gaussian,axis Gaussian,0,1.0,0.28,15.0,1706.9860242550494,anisotropic_tuned
axis_gaussian,axis Gaussian,0,1.0,0.28,35.0,1750.7249330512032,anisotropic_tuned
axis_gaussian,axis Gaussian,0,1.0,0.28,55.0,1753.2297187490012,anisotropic_tuned
axis_gaussian,axis Gaussian,0,1.0,0.42,-55.0,1646.3642424369227,anisotropic_tuned
axis_gaussian,axis Gaussian,0,1.0,0.42,-35.0,1645.3287179971067,anisotropic_tuned
axis_gaussian,axis Gaussian,0,1.0,0.42,-15.0,1627.4326784767359,anisotropic_tuned
axis_gaussian,axis Gaussian,0,1.0,0.42,0.0,1609.7529699235051,anisotropic_tuned
axis_gaussian,axis Gaussian,0,1.0,0.42,15.0,1623.0726821059538,anisotropic_tuned
axis_gaussian,axis Gaussian,0,1.0,0.42,35.0,1634.70380021752,anisotropic_tuned
axis_gaussian,axis Gaussian,0,1.0,0.42,55.0,1637.5160110649808,anisotropic_tuned
axis_gaussian,axis Gaussian,0,1.0,0.65,-55.0,1545.0461666514343,anisotropic_tuned
axis_gaussian,axis Gaussian,0,1.0,0.65,-35.0,1541.2666079979363,anisotropic_tuned
axis_gaussian,axis Gaussian,0,1.0,0.65,-15.0,1536.0736048859371,anisotropic_tuned
axis_gaussian,axis Gaussian,0,1.0,0.65,0.0,1533.9981025724337,anisotropic_tuned
axis_gaussian,axis Gaussian,0,1.0,0.65,15.0,1533.0303057218925,anisotropic_tuned
axis_gaussian,axis Gaussian,0,1.0,0.65,35.0,1534.3457355935252,anisotropic_tuned
axis_gaussian,axis Gaussian,0,1.0,0.65,55.0,1537.4378419090513,anisotropic_tuned
axis_gaussian,axis Gaussian,0,1.0,0.9,-55.0,1488.9038172370974,anisotropic_tuned
axis_gaussian,axis Gaussian,0,1.0,0.9,-35.0,1486.6637178626752,anisotropic_tuned
axis_gaussian,axis Gaussian,0,1.0,0.9,-15.0,1484.6819375978885,anisotropic_tuned
axis_gaussian,axis Gaussian,0,1.0,0.9,0.0,1483.9736312297618,anisotropic_tuned
axis_gaussian,axis Gaussian,0,1.0,0.9,15.0,1484.1542864733983,anisotropic_tuned
axis_gaussian,axis Gaussian,0,1.0,0.9,35.0,1485.6776529043264,anisotropic_tuned
axis_gaussian,axis Gaussian,0,1.0,0.9,55.0,1488.0183180352406,anisotropic_tuned
axis_gaussian,axis Gaussian,0,1.35,0.18,-55.0,1801.0417648453667,anisotropic_tuned
axis_gaussian,axis Gaussian,0,1.35,0.18,-35.0,1801.443784232336,anisotropic_tuned
axis_gaussian,axis Gaussian,0,1.35,0.18,-15.0,1763.0753506095748,anisotropic_tuned
axis_gaussian,axis Gaussian,0,1.35,0.18,0.0,1579.932456517944,anisotropic_tuned
axis_gaussian,axis Gaussian,0,1.35,0.18,15.0,1762.485670323545,anisotropic_tuned
axis_gaussian,axis Gaussian,0,1.35,0.18,35.0,1798.9458587618433,anisotropic_tuned
axis_gaussian,axis Gaussian,0,1.35,0.18,55.0,1800.3865401017679,anisotropic_tuned
axis_gaussian,axis Gaussian,0,1.35,0.28,-55.0,1707.8689077619379,anisotropic_tuned
axis_gaussian,axis Gaussian,0,1.35,0.28,-35.0,1693.9938643899077,anisotropic_tuned
axis_gaussian,axis Gaussian,0,1.35,0.28,-15.0,1648.3185382395636,anisotropic_tuned
axis_gaussian,axis Gaussian,0,1.35,0.28,0.0,1573.7432264275603,anisotropic_tuned
axis_gaussian,axis Gaussian,0,1.35,0.28,15.0,1652.8479136207548,anisotropic_tuned
axis_gaussian,axis Gaussian,0,1.35,0.28,35.0,1683.5147798402836,anisotropic_tuned
axis_gaussian,axis Gaussian,0,1.35,0.28,55.0,1706.8434304354405,anisotropic_tuned
axis_gaussian,axis Gaussian,0,1.35,0.42,-55.0,1608.4153918786606,anisotropic_tuned
axis_gaussian,axis Gaussian,0,1.35,0.42,-35.0,1596.6538502860085,anisotropic_tuned
axis_gaussian,axis Gaussian,0,1.35,0.42,-15.0,1568.1041761651868,anisotropic_tuned
axis_gaussian,axis Gaussian,0,1.35,0.42,0.0,1547.6914105179385,anisotropic_tuned
axis_gaussian,axis Gaussian,0,1.35,0.42,15.0,1566.5402849606016,anisotropic_tuned
axis_gaussian,axis Gaussian,0,1.35,0.42,35.0,1580.6660933822595,anisotropic_tuned
axis_gaussian,axis Gaussian,0,1.35,0.42,55.0,1601.8197561249076,anisotropic_tuned
axis_gaussian,axis Gaussian,0,1.35,0.65,-55.0,1521.8292965418086,anisotropic_tuned
axis_gaussian,axis Gaussian,0,1.35,0.65,-35.0,1508.1184521940663,anisotropic_tuned
axis_gaussian,axis Gaussian,0,1.35,0.65,-15.0,1489.29496631732,anisotropic_tuned
axis_gaussian,axis Gaussian,0,1.35,0.65,0.0,1484.7600236554817,anisotropic_tuned
axis_gaussian,axis Gaussian,0,1.35,0.65,15.0,1486.43574332635,anisotropic_tuned
axis_gaussian,axis Gaussian,0,1.35,0.65,35.0,1495.404002151623,anisotropic_tuned
axis_gaussian,axis Gaussian,0,1.35,0.65,55.0,1512.8486476607009,anisotropic_tuned
axis_gaussian,axis Gaussian,0,1.35,0.9,-55.0,1473.2235967356273,anisotropic_tuned
axis_gaussian,axis Gaussian,0,1.35,0.9,-35.0,1460.7448385386497,anisotropic_tuned
axis_gaussian,axis Gaussian,0,1.35,0.9,-15.0,1448.078801390528,anisotropic_tuned
axis_gaussian,axis Gaussian,0,1.35,0.9,0.0,1443.6665750086836,anisotropic_tuned
axis_gaussian,axis Gaussian,0,1.35,0.9,15.0,1446.586667600045,anisotropic_tuned
axis_gaussian,axis Gaussian,0,1.35,0.9,35.0,1457.3014560792972,anisotropic_tuned
axis_gaussian,axis Gaussian,0,1.35,0.9,55.0,1471.5970557801143,anisotropic_tuned
axis_gaussian,axis Gaussian,0,1.75,0.18,-55.0,1768.9588642191711,anisotropic_tuned
axis_gaussian,axis Gaussian,0,1.75,0.18,-35.0,1769.9028509879167,anisotropic_tuned
axis_gaussian,axis Gaussian,0,1.75,0.18,-15.0,1725.4589618425753,anisotropic_tuned
axis_gaussian,axis Gaussian,0,1.75,0.18,0.0,1542.852473850785,anisotropic_tuned
axis_gaussian,axis Gaussian,0,1.75,0.18,15.0,1723.275261366604,anisotropic_tuned
axis_gaussian,axis Gaussian,0,1.75,0.18,35.0,1770.9648165284943,anisotropic_tuned
axis_gaussian,axis Gaussian,0,1.75,0.18,55.0,1763.0276633916546,anisotropic_tuned
axis_gaussian,axis Gaussian,0,1.75,0.28,-55.0,1708.669976578938,anisotropic_tuned
axis_gaussian,axis Gaussian,0,1.75,0.28,-35.0,1669.8243991504742,anisotropic_tuned
axis_gaussian,axis Gaussian,0,1.75,0.28,-15.0,1608.454841113395,anisotropic_tuned
axis_gaussian,axis Gaussian,0,1.75,0.28,0.0,1536.0644259027517,anisotropic_tuned
axis_gaussian,axis Gaussian,0,1.75,0.28,15.0,1615.0305907177312,anisotropic_tuned
axis_gaussian,axis Gaussian,0,1.75,0.28,35.0,1666.1127036933003,anisotropic_tuned
axis_gaussian,axis Gaussian,0,1.75,0.28,55.0,1712.9974547357674,anisotropic_tuned
axis_gaussian,axis Gaussian,0,1.75,0.42,-55.0,1616.51688869902,anisotropic_tuned
axis_gaussian,axis Gaussian,0,1.75,0.42,-35.0,1580.5956143462672,anisotropic_tuned
axis_gaussian,axis Gaussian,0,1.75,0.42,-15.0,1535.7570361569547,anisotropic_tuned
axis_gaussian,axis Gaussian,0,1.75,0.42,0.0,1512.8740819166237,anisotropic_tuned
axis_gaussian,axis Gaussian,0,1.75,0.42,15.0,1537.357426462307,anisotropic_tuned
axis_gaussian,axis Gaussian,0,1.75,0.42,35.0,1572.9223432496851,anisotropic_tuned
axis_gaussian,axis Gaussian,0,1.75,0.42,55.0,1619.1032760292646,anisotropic_tuned
axis_gaussian,axis Gaussian,0,1.75,0.65,-55.0,1538.8568862287798,anisotropic_tuned
axis_gaussian,axis Gaussian,0,1.75,0.65,-35.0,1501.5570335721204,anisotropic_tuned
axis_gaussian,axis Gaussian,0,1.75,0.65,-15.0,1470.111630772581,anisotropic_tuned
axis_gaussian,axis Gaussian,0,1.75,0.65,0.0,1460.130825964798,anisotropic_tuned
axis_gaussian,axis Gaussian,0,1.75,0.65,15.0,1467.7989471593514,anisotropic_tuned
axis_gaussian,axis Gaussian,0,1.75,0.65,35.0,1499.6869745956756,anisotropic_tuned
axis_gaussian,axis Gaussian,0,1.75,0.65,55.0,1537.5887787218935,anisotropic_tuned
axis_gaussian,axis Gaussian,0,1.75,0.9,-55.0,1496.377568506332,anisotropic_tuned
axis_gaussian,axis Gaussian,0,1.75,0.9,-35.0,1461.5916054291088,anisotropic_tuned
axis_gaussian,axis Gaussian,0,1.75,0.9,-15.0,1438.324802651643,anisotropic_tuned
axis_gaussian,axis Gaussian,0,1.75,0.9,0.0,1428.1628723005992,anisotropic_tuned
axis_gaussian,axis Gaussian,0,1.75,0.9,15.0,1435.3852789507196,anisotropic_tuned
axis_gaussian,axis Gaussian,0,1.75,0.9,35.0,1470.160526479142,anisotropic_tuned
axis_gaussian,axis Gaussian,0,1.75,0.9,55.0,1501.9045308124028,anisotropic_tuned
axis_gaussian,axis Gaussian,1,0.55,0.18,-55.0,1959.8234904665687,anisotropic_tuned
axis_gaussian,axis Gaussian,1,0.55,0.18,-35.0,1959.40060295776,anisotropic_tuned
axis_gaussian,axis Gaussian,1,0.55,0.18,-15.0,1916.614805904569,anisotropic_tuned
axis_gaussian,axis Gaussian,1,0.55,0.18,0.0,1841.29846267827,anisotropic_tuned
axis_gaussian,axis Gaussian,1,0.55,0.18,15.0,1916.6014739543525,anisotropic_tuned
axis_gaussian,axis Gaussian,1,0.55,0.18,35.0,1959.3768355378984,anisotropic_tuned
axis_gaussian,axis Gaussian,1,0.55,0.18,55.0,1959.8066721413143,anisotropic_tuned
axis_gaussian,axis Gaussian,1,0.55,0.28,-55.0,1900.275414276197,anisotropic_tuned
axis_gaussian,axis Gaussian,1,0.55,0.28,-35.0,1899.5689428380037,anisotropic_tuned
axis_gaussian,axis Gaussian,1,0.55,0.28,-15.0,1858.0773046603767,anisotropic_tuned
axis_gaussian,axis Gaussian,1,0.55,0.28,0.0,1830.028016881653,anisotropic_tuned
axis_gaussian,axis Gaussian,1,0.55,0.28,15.0,1858.004921461833,anisotropic_tuned
axis_gaussian,axis Gaussian,1,0.55,0.28,35.0,1899.534678086407,anisotropic_tuned
axis_gaussian,axis Gaussian,1,0.55,0.28,55.0,1900.3334939021534,anisotropic_tuned
axis_gaussian,axis Gaussian,1,0.55,0.42,-55.0,1793.594835869983,anisotropic_tuned
axis_gaussian,axis Gaussian,1,0.55,0.42,-35.0,1792.7790749600472,anisotropic_tuned
axis_gaussian,axis Gaussian,1,0.55,0.42,-15.0,1782.9332112602729,anisotropic_tuned
axis_gaussian,axis Gaussian,1,0.55,0.42,0.0,1779.3014861735269,anisotropic_tuned
axis_gaussian,axis Gaussian,1,0.55,0.42,15.0,1783.5936657673533,anisotropic_tuned
axis_gaussian,axis Gaussian,1,0.55,0.42,35.0,1793.562522647082,anisotropic_tuned
axis_gaussian,axis Gaussian,1,0.55,0.42,55.0,1794.536950209375,anisotropic_tuned
axis_gaussian,axis Gaussian,1,0.55,0.65,-55.0,1664.4160531001735,anisotropic_tuned
axis_gaussian,axis Gaussian,1,0.55,0.65,-35.0,1664.7002673317857,anisotropic_tuned
axis_gaussian,axis Gaussian,1,0.55,0.65,-15.0,1664.0421723767308,anisotropic_tuned
axis_gaussian,axis Gaussian,1,0.55,0.65,0.0,1663.812406420327,anisotropic_tuned
axis_gaussian,axis Gaussian,1,0.55,0.65,15.0,1664.3652352610065,anisotropic_tuned
axis_gaussian,axis Gaussian,1,0.55,0.65,35.0,1665.2741946439173,anisotropic_tuned
axis_gaussian,axis Gaussian,1,0.55,0.65,55.0,1665.005819983579,anisotropic_tuned
axis_gaussian,axis Gaussian,1,0.55,0.9,-55.0,1582.6339488805334,anisotropic_tuned
axis_gaussian,axis Gaussian,1,0.55,0.9,-35.0,1582.2017280598006,anisotropic_tuned
axis_gaussian,axis Gaussian,1,0.55,0.9,-15.0,1580.3027296608948,anisotropic_tuned
axis_gaussian,axis Gaussian,1,0.55,0.9,0.0,1579.5758036363081,anisotropic_tuned
axis_gaussian,axis Gaussian,1,0.55,0.9,15.0,1580.4429033824235,anisotropic_tuned
axis_gaussian,axis Gaussian,1,0.55,0.9,35.0,1580.6775428613528,anisotropic_tuned
axis_gaussian,axis Gaussian,1,0.55,0.9,55.0,1582.422615618049,anisotropic_tuned
axis_gaussian,axis Gaussian,1,0.75,0.18,-55.0,1914.0347482381426,anisotropic_tuned
axis_gaussian,axis Gaussian,1,0.75,0.18,-35.0,1913.4810944929386,anisotropic_tuned
axis_gaussian,axis Gaussian,1,0.75,0.18,-15.0,1858.1565174500734,anisotropic_tuned
axis_gaussian,axis Gaussian,1,0.75,0.18,0.0,1725.7101374810995,anisotropic_tuned
axis_gaussian,axis Gaussian,1,0.75,0.18,15.0,1858.0926590293616,anisotropic_tuned
axis_gaussian,axis Gaussian,1,0.75,0.18,35.0,1913.4609303558518,anisotropic_tuned
axis_gaussian,axis Gaussian,1,0.75,0.18,55.0,1913.996360329119,anisotropic_tuned
axis_gaussian,axis Gaussian,1,0.75,0.28,-55.0,1825.454951304439,anisotropic_tuned
axis_gaussian,axis Gaussian,1,0.75,0.28,-35.0,1825.160523059215,anisotropic_tuned
axis_gaussian,axis Gaussian,1,0.75,0.28,-15.0,1765.0814560666322,anisotropic_tuned
axis_gaussian,axis Gaussian,1,0.75,0.28,0.0,1717.276818548124,anisotropic_tuned
axis_gaussian,axis Gaussian,1,0.75,0.28,15.0,1765.0476993944326,anisotropic_tuned
axis_gaussian,axis Gaussian,1,0.75,0.28,35.0,1825.1993882405877,anisotropic_tuned
axis_gaussian,axis Gaussian,1,0.75,0.28,55.0,1826.1186161817213,anisotropic_tuned
axis_gaussian,axis Gaussian,1,0.75,0.42,-55.0,1705.658460661055,anisotropic_tuned
axis_gaussian,axis Gaussian,1,0.75,0.42,-35.0,1704.4365131775535,anisotropic_tuned
axis_gaussian,axis Gaussian,1,0.75,0.42,-15.0,1686.4947560439978,anisotropic_tuned
axis_gaussian,axis Gaussian,1,0.75,0.42,0.0,1677.6785629417013,anisotropic_tuned
axis_gaussian,axis Gaussian,1,0.75,0.42,15.0,1686.8585075920191,anisotropic_tuned
axis_gaussian,axis Gaussian,1,0.75,0.42,35.0,1705.128877026954,anisotropic_tuned
axis_gaussian,axis Gaussian,1,0.75,0.42,55.0,1707.1947623173714,anisotropic_tuned
axis_gaussian,axis Gaussian,1,0.75,0.65,-55.0,1583.4888419848335,anisotropic_tuned
axis_gaussian,axis Gaussian,1,0.75,0.65,-35.0,1583.876244676821,anisotropic_tuned
axis_gaussian,axis Gaussian,1,0.75,0.65,-15.0,1584.0623343423194,anisotropic_tuned
axis_gaussian,axis Gaussian,1,0.75,0.65,0.0,1584.011165288589,anisotropic_tuned
axis_gaussian,axis Gaussian,1,0.75,0.65,15.0,1583.9784577529513,anisotropic_tuned
axis_gaussian,axis Gaussian,1,0.75,0.65,35.0,1583.9788537783093,anisotropic_tuned
axis_gaussian,axis Gaussian,1,0.75,0.65,55.0,1583.8306864622014,anisotropic_tuned
axis_gaussian,axis Gaussian,1,0.75,0.9,-55.0,1514.5999543594626,anisotropic_tuned
axis_gaussian,axis Gaussian,1,0.75,0.9,-35.0,1514.1610723220065,anisotropic_tuned
axis_gaussian,axis Gaussian,1,0.75,0.9,-15.0,1513.7678086417054,anisotropic_tuned
axis_gaussian,axis Gaussian,1,0.75,0.9,0.0,1513.5509101286643,anisotropic_tuned
axis_gaussian,axis Gaussian,1,0.75,0.9,15.0,1513.5704677687418,anisotropic_tuned
axis_gaussian,axis Gaussian,1,0.75,0.9,35.0,1513.764687007838,anisotropic_tuned
axis_gaussian,axis Gaussian,1,0.75,0.9,55.0,1513.9175699848388,anisotropic_tuned
axis_gaussian,axis Gaussian,1,1.0,0.18,-55.0,1856.8139848074152,anisotropic_tuned
axis_gaussian,axis Gaussian,1,1.0,0.18,-35.0,1855.7326286521366,anisotropic_tuned
axis_gaussian,axis Gaussian,1,1.0,0.18,-15.0,1806.6980111756538,anisotropic_tuned
axis_gaussian,axis Gaussian,1,1.0,0.18,0.0,1641.4861965873843,anisotropic_tuned
axis_gaussian,axis Gaussian,1,1.0,0.18,15.0,1806.4381056641319,anisotropic_tuned
axis_gaussian,axis Gaussian,1,1.0,0.18,35.0,1855.834517750623,anisotropic_tuned
axis_gaussian,axis Gaussian,1,1.0,0.18,55.0,1856.855010048248,anisotropic_tuned
axis_gaussian,axis Gaussian,1,1.0,0.28,-55.0,1745.7969606012407,anisotropic_tuned
axis_gaussian,axis Gaussian,1,1.0,0.28,-35.0,1745.943866286199,anisotropic_tuned
axis_gaussian,axis Gaussian,1,1.0,0.28,-15.0,1696.5232400009004,anisotropic_tuned
axis_gaussian,axis Gaussian,1,1.0,0.28,0.0,1634.2529552704796,anisotropic_tuned
axis_gaussian,axis Gaussian,1,1.0,0.28,15.0,1696.137696576392,anisotropic_tuned
axis_gaussian,axis Gaussian,1,1.0,0.28,35.0,1746.4508003984174,anisotropic_tuned
axis_gaussian,axis Gaussian,1,1.0,0.28,55.0,1747.9026103321544,anisotropic_tuned
axis_gaussian,axis Gaussian,1,1.0,0.42,-55.0,1628.5368036921955,anisotropic_tuned
axis_gaussian,axis Gaussian,1,1.0,0.42,-35.0,1627.677811599698,anisotropic_tuned
axis_gaussian,axis Gaussian,1,1.0,0.42,-15.0,1615.2413397451337,anisotropic_tuned
axis_gaussian,axis Gaussian,1,1.0,0.42,0.0,1601.6732349521876,anisotropic_tuned
axis_gaussian,axis Gaussian,1,1.0,0.42,15.0,1614.3571581857477,anisotropic_tuned
axis_gaussian,axis Gaussian,1,1.0,0.42,35.0,1629.8320916174362,anisotropic_tuned
axis_gaussian,axis Gaussian,1,1.0,0.42,55.0,1631.3662000040772,anisotropic_tuned
axis_gaussian,axis Gaussian,1,1.0,0.65,-55.0,1523.5245873093404,anisotropic_tuned
axis_gaussian,axis Gaussian,1,1.0,0.65,-35.0,1523.2894479188622,anisotropic_tuned
axis_gaussian,axis Gaussian,1,1.0,0.65,-15.0,1523.6218345185857,anisotropic_tuned
axis_gaussian,axis Gaussian,1,1.0,0.65,0.0,1523.9842570626802,anisotropic_tuned
axis_gaussian,axis Gaussian,1,1.0,0.65,15.0,1524.5412750105302,anisotropic_tuned
axis_gaussian,axis Gaussian,1,1.0,0.65,35.0,1523.8199629972728,anisotropic_tuned
axis_gaussian,axis Gaussian,1,1.0,0.65,55.0,1523.616394412114,anisotropic_tuned
axis_gaussian,axis Gaussian,1,1.0,0.9,-55.0,1466.1181332971028,anisotropic_tuned
axis_gaussian,axis Gaussian,1,1.0,0.9,-35.0,1465.5857719310752,anisotropic_tuned
axis_gaussian,axis Gaussian,1,1.0,0.9,-15.0,1465.1289324027643,anisotropic_tuned
axis_gaussian,axis Gaussian,1,1.0,0.9,0.0,1464.8678363805539,anisotropic_tuned
axis_gaussian,axis Gaussian,1,1.0,0.9,15.0,1464.7318776259135,anisotropic_tuned
axis_gaussian,axis Gaussian,1,1.0,0.9,35.0,1464.8646788776869,anisotropic_tuned
axis_gaussian,axis Gaussian,1,1.0,0.9,55.0,1465.3977965973463,anisotropic_tuned
axis_gaussian,axis Gaussian,1,1.35,0.18,-55.0,1797.2489520971558,anisotropic_tuned
axis_gaussian,axis Gaussian,1,1.35,0.18,-35.0,1796.468475805887,anisotropic_tuned
axis_gaussian,axis Gaussian,1,1.35,0.18,-15.0,1758.3079877294658,anisotropic_tuned
axis_gaussian,axis Gaussian,1,1.35,0.18,0.0,1576.3294018425986,anisotropic_tuned
axis_gaussian,axis Gaussian,1,1.35,0.18,15.0,1759.1783688412065,anisotropic_tuned
axis_gaussian,axis Gaussian,1,1.35,0.18,35.0,1797.3195669769912,anisotropic_tuned
axis_gaussian,axis Gaussian,1,1.35,0.18,55.0,1798.0516481487562,anisotropic_tuned
axis_gaussian,axis Gaussian,1,1.35,0.28,-55.0,1690.8657261539825,anisotropic_tuned
axis_gaussian,axis Gaussian,1,1.35,0.28,-35.0,1677.3461325957946,anisotropic_tuned
axis_gaussian,axis Gaussian,1,1.35,0.28,-15.0,1641.6885628521095,anisotropic_tuned
axis_gaussian,axis Gaussian,1,1.35,0.28,0.0,1569.6446927132838,anisotropic_tuned
axis_gaussian,axis Gaussian,1,1.35,0.28,15.0,1640.7585176115085,anisotropic_tuned
axis_gaussian,axis Gaussian,1,1.35,0.28,35.0,1679.4425035474273,anisotropic_tuned
axis_gaussian,axis Gaussian,1,1.35,0.28,55.0,1693.1678381181287,anisotropic_tuned
axis_gaussian,axis Gaussian,1,1.35,0.42,-55.0,1583.8698951171814,anisotropic_tuned
axis_gaussian,axis Gaussian,1,1.35,0.42,-35.0,1569.7905790060618,anisotropic_tuned
axis_gaussian,axis Gaussian,1,1.35,0.42,-15.0,1562.2698630471996,anisotropic_tuned
axis_gaussian,axis Gaussian,1,1.35,0.42,0.0,1542.6700107472725,anisotropic_tuned
axis_gaussian,axis Gaussian,1,1.35,0.42,15.0,1560.7317377197369,anisotropic_tuned
axis_gaussian,axis Gaussian,1,1.35,0.42,35.0,1569.948476060939,anisotropic_tuned
axis_gaussian,axis Gaussian,1,1.35,0.42,55.0,1584.5324485248966,anisotropic_tuned
axis_gaussian,axis Gaussian,1,1.35,0.65,-55.0,1493.5827575296798,anisotropic_tuned
axis_gaussian,axis Gaussian,1,1.35,0.65,-35.0,1481.7288576052783,anisotropic_tuned
axis_gaussian,axis Gaussian,1,1.35,0.65,-15.0,1478.491949915096,anisotropic_tuned
axis_gaussian,axis Gaussian,1,1.35,0.65,0.0,1477.7454646288393,anisotropic_tuned
axis_gaussian,axis Gaussian,1,1.35,0.65,15.0,1478.1160525817222,anisotropic_tuned
axis_gaussian,axis Gaussian,1,1.35,0.65,35.0,1480.288696482235,anisotropic_tuned
axis_gaussian,axis Gaussian,1,1.35,0.65,55.0,1490.7785364008237,anisotropic_tuned
axis_gaussian,axis Gaussian,1,1.35,0.9,-55.0,1445.0367552028447,anisotropic_tuned
axis_gaussian,axis Gaussian,1,1.35,0.9,-35.0,1435.3175768769756,anisotropic_tuned
axis_gaussian,axis Gaussian,1,1.35,0.9,-15.0,1429.2429094823783,anisotropic_tuned
axis_gaussian,axis Gaussian,1,1.35,0.9,0.0,1428.0041979055268,anisotropic_tuned
axis_gaussian,axis Gaussian,1,1.35,0.9,15.0,1428.6167082301245,anisotropic_tuned
axis_gaussian,axis Gaussian,1,1.35,0.9,35.0,1433.5378257716138,anisotropic_tuned
axis_gaussian,axis Gaussian,1,1.35,0.9,55.0,1443.0249713911871,anisotropic_tuned
axis_gaussian,axis Gaussian,1,1.75,0.18,-55.0,1760.0436839807307,anisotropic_tuned
axis_gaussian,axis Gaussian,1,1.75,0.18,-35.0,1762.5941134123345,anisotropic_tuned
axis_gaussian,axis Gaussian,1,1.75,0.18,-15.0,1715.541784376017,anisotropic_tuned
axis_gaussian,axis Gaussian,1,1.75,0.18,0.0,1538.4250298134534,anisotropic_tuned
axis_gaussian,axis Gaussian,1,1.75,0.18,15.0,1718.4735457886663,anisotropic_tuned
axis_gaussian,axis Gaussian,1,1.75,0.18,35.0,1762.8949220680088,anisotropic_tuned
axis_gaussian,axis Gaussian,1,1.75,0.18,55.0,1760.4381281290061,anisotropic_tuned
axis_gaussian,axis Gaussian,1,1.75,0.28,-55.0,1694.5695206595624,anisotropic_tuned
axis_gaussian,axis Gaussian,1,1.75,0.28,-35.0,1656.4853929743126,anisotropic_tuned
axis_gaussian,axis Gaussian,1,1.75,0.28,-15.0,1605.7625844704849,anisotropic_tuned
axis_gaussian,axis Gaussian,1,1.75,0.28,0.0,1531.3401826816257,anisotropic_tuned
axis_gaussian,axis Gaussian,1,1.75,0.28,15.0,1601.432525526916,anisotropic_tuned
axis_gaussian,axis Gaussian,1,1.75,0.28,35.0,1654.1730651525158,anisotropic_tuned
axis_gaussian,axis Gaussian,1,1.75,0.28,55.0,1691.426691751486,anisotropic_tuned
axis_gaussian,axis Gaussian,1,1.75,0.42,-55.0,1598.6029667045632,anisotropic_tuned
axis_gaussian,axis Gaussian,1,1.75,0.42,-35.0,1557.2985800214237,anisotropic_tuned
axis_gaussian,axis Gaussian,1,1.75,0.42,-15.0,1533.1625220926971,anisotropic_tuned
axis_gaussian,axis Gaussian,1,1.75,0.42,0.0,1507.6107944968953,anisotropic_tuned
axis_gaussian,axis Gaussian,1,1.75,0.42,15.0,1527.9411475166085,anisotropic_tuned
axis_gaussian,axis Gaussian,1,1.75,0.42,35.0,1552.358963255786,anisotropic_tuned
axis_gaussian,axis Gaussian,1,1.75,0.42,55.0,1592.636318124954,anisotropic_tuned
axis_gaussian,axis Gaussian,1,1.75,0.65,-55.0,1516.376645136037,anisotropic_tuned
axis_gaussian,axis Gaussian,1,1.75,0.65,-35.0,1480.6680253150043,anisotropic_tuned
axis_gaussian,axis Gaussian,1,1.75,0.65,-15.0,1456.4210241449641,anisotropic_tuned
axis_gaussian,axis Gaussian,1,1.75,0.65,0.0,1452.3737095468614,anisotropic_tuned
axis_gaussian,axis Gaussian,1,1.75,0.65,15.0,1455.131849034728,anisotropic_tuned
axis_gaussian,axis Gaussian,1,1.75,0.65,35.0,1475.8020425890054,anisotropic_tuned
axis_gaussian,axis Gaussian,1,1.75,0.65,55.0,1508.3844133844295,anisotropic_tuned
axis_gaussian,axis Gaussian,1,1.75,0.9,-55.0,1471.9351270386692,anisotropic_tuned
axis_gaussian,axis Gaussian,1,1.75,0.9,-35.0,1442.9151816059925,anisotropic_tuned
axis_gaussian,axis Gaussian,1,1.75,0.9,-15.0,1416.2062740582542,anisotropic_tuned
axis_gaussian,axis Gaussian,1,1.75,0.9,0.0,1409.3800736757494,anisotropic_tuned
axis_gaussian,axis Gaussian,1,1.75,0.9,15.0,1415.515490805155,anisotropic_tuned
axis_gaussian,axis Gaussian,1,1.75,0.9,35.0,1438.5633533079658,anisotropic_tuned
axis_gaussian,axis Gaussian,1,1.75,0.9,55.0,1467.2793811919764,anisotropic_tuned
axis_gaussian,axis Gaussian,2,0.55,0.18,-55.0,1952.7082150439696,anisotropic_tuned
axis_gaussian,axis Gaussian,2,0.55,0.18,-35.0,1952.4655235630648,anisotropic_tuned
axis_gaussian,axis Gaussian,2,0.55,0.18,-15.0,1910.5844201386476,anisotropic_tuned
axis_gaussian,axis Gaussian,2,0.55,0.18,0.0,1837.541999380725,anisotropic_tuned
axis_gaussian,axis Gaussian,2,0.55,0.18,15.0,1910.6336271496702,anisotropic_tuned
axis_gaussian,axis Gaussian,2,0.55,0.18,35.0,1952.4250867584406,anisotropic_tuned
axis_gaussian,axis Gaussian,2,0.55,0.18,55.0,1952.6568022843508,anisotropic_tuned
axis_gaussian,axis Gaussian,2,0.55,0.28,-55.0,1893.7363056262475,anisotropic_tuned
axis_gaussian,axis Gaussian,2,0.55,0.28,-35.0,1893.4182757270369,anisotropic_tuned
axis_gaussian,axis Gaussian,2,0.55,0.28,-15.0,1853.4830670049573,anisotropic_tuned
axis_gaussian,axis Gaussian,2,0.55,0.28,0.0,1826.1444826488346,anisotropic_tuned
axis_gaussian,axis Gaussian,2,0.55,0.28,15.0,1852.7226850775414,anisotropic_tuned
axis_gaussian,axis Gaussian,2,0.55,0.28,35.0,1893.1136268741993,anisotropic_tuned
axis_gaussian,axis Gaussian,2,0.55,0.28,55.0,1893.6045633005679,anisotropic_tuned
axis_gaussian,axis Gaussian,2,0.55,0.42,-55.0,1788.1577791697332,anisotropic_tuned
axis_gaussian,axis Gaussian,2,0.55,0.42,-35.0,1788.435979212346,anisotropic_tuned
axis_gaussian,axis Gaussian,2,0.55,0.42,-15.0,1779.237745197528,anisotropic_tuned
axis_gaussian,axis Gaussian,2,0.55,0.42,0.0,1774.6765258305732,anisotropic_tuned
axis_gaussian,axis Gaussian,2,0.55,0.42,15.0,1777.684739530785,anisotropic_tuned
axis_gaussian,axis Gaussian,2,0.55,0.42,35.0,1786.7985095142167,anisotropic_tuned
axis_gaussian,axis Gaussian,2,0.55,0.42,55.0,1787.080524639773,anisotropic_tuned
axis_gaussian,axis Gaussian,2,0.55,0.65,-55.0,1660.4298914074743,anisotropic_tuned
axis_gaussian,axis Gaussian,2,0.55,0.65,-35.0,1660.1419926503636,anisotropic_tuned
axis_gaussian,axis Gaussian,2,0.55,0.65,-15.0,1660.2728532174706,anisotropic_tuned
axis_gaussian,axis Gaussian,2,0.55,0.65,0.0,1660.9450277816368,anisotropic_tuned
axis_gaussian,axis Gaussian,2,0.55,0.65,15.0,1662.194364442104,anisotropic_tuned
axis_gaussian,axis Gaussian,2,0.55,0.65,35.0,1663.8732600975868,anisotropic_tuned
axis_gaussian,axis Gaussian,2,0.55,0.65,55.0,1664.2017804867519,anisotropic_tuned
axis_gaussian,axis Gaussian,2,0.55,0.9,-55.0,1580.2748188925598,anisotropic_tuned
axis_gaussian,axis Gaussian,2,0.55,0.9,-35.0,1579.8886395866716,anisotropic_tuned
axis_gaussian,axis Gaussian,2,0.55,0.9,-15.0,1581.9276001674157,anisotropic_tuned
axis_gaussian,axis Gaussian,2,0.55,0.9,0.0,1584.3993978042686,anisotropic_tuned
axis_gaussian,axis Gaussian,2,0.55,0.9,15.0,1587.546754175074,anisotropic_tuned
axis_gaussian,axis Gaussian,2,0.55,0.9,35.0,1589.330877618273,anisotropic_tuned
axis_gaussian,axis Gaussian,2,0.55,0.9,55.0,1587.1091890454718,anisotropic_tuned
axis_gaussian,axis Gaussian,2,0.75,0.18,-55.0,1907.2350937450087,anisotropic_tuned
axis_gaussian,axis Gaussian,2,0.75,0.18,-35.0,1906.841380125014,anisotropic_tuned
axis_gaussian,axis Gaussian,2,0.75,0.18,-15.0,1853.3076341309948,anisotropic_tuned
axis_gaussian,axis Gaussian,2,0.75,0.18,0.0,1726.2810548774064,anisotropic_tuned
axis_gaussian,axis Gaussian,2,0.75,0.18,15.0,1853.80456001629,anisotropic_tuned
axis_gaussian,axis Gaussian,2,0.75,0.18,35.0,1906.714603003663,anisotropic_tuned
axis_gaussian,axis Gaussian,2,0.75,0.18,55.0,1907.0533226854213,anisotropic_tuned
axis_gaussian,axis Gaussian,2,0.75,0.28,-55.0,1820.9867720321913,anisotropic_tuned
axis_gaussian,axis Gaussian,2,0.75,0.28,-35.0,1821.2900002643705,anisotropic_tuned
axis_gaussian,axis Gaussian,2,0.75,0.28,-15.0,1763.99558309141,anisotropic_tuned
axis_gaussian,axis Gaussian,2,0.75,0.28,0.0,1717.4826410477294,anisotropic_tuned
axis_gaussian,axis Gaussian,2,0.75,0.28,15.0,1763.1945431682211,anisotropic_tuned
axis_gaussian,axis Gaussian,2,0.75,0.28,35.0,1819.2589962564816,anisotropic_tuned
axis_gaussian,axis Gaussian,2,0.75,0.28,55.0,1820.3482886054267,anisotropic_tuned
axis_gaussian,axis Gaussian,2,0.75,0.42,-55.0,1703.3769148163965,anisotropic_tuned
axis_gaussian,axis Gaussian,2,0.75,0.42,-35.0,1704.9528899010602,anisotropic_tuned
axis_gaussian,axis Gaussian,2,0.75,0.42,-15.0,1687.0055053279016,anisotropic_tuned
axis_gaussian,axis Gaussian,2,0.75,0.42,0.0,1677.6314101156736,anisotropic_tuned
axis_gaussian,axis Gaussian,2,0.75,0.42,15.0,1684.4187228313826,anisotropic_tuned
axis_gaussian,axis Gaussian,2,0.75,0.42,35.0,1698.5309926725631,anisotropic_tuned
axis_gaussian,axis Gaussian,2,0.75,0.42,55.0,1699.937833973729,anisotropic_tuned
axis_gaussian,axis Gaussian,2,0.75,0.65,-55.0,1587.9948913372,anisotropic_tuned
axis_gaussian,axis Gaussian,2,0.75,0.65,-35.0,1587.6169134536708,anisotropic_tuned
axis_gaussian,axis Gaussian,2,0.75,0.65,-15.0,1586.7534280967138,anisotropic_tuned
axis_gaussian,axis Gaussian,2,0.75,0.65,0.0,1586.0707638334598,anisotropic_tuned
axis_gaussian,axis Gaussian,2,0.75,0.65,15.0,1585.524938297538,anisotropic_tuned
axis_gaussian,axis Gaussian,2,0.75,0.65,35.0,1585.0920766186864,anisotropic_tuned
axis_gaussian,axis Gaussian,2,0.75,0.65,55.0,1585.0601375696156,anisotropic_tuned
axis_gaussian,axis Gaussian,2,0.75,0.9,-55.0,1520.0807139787653,anisotropic_tuned
axis_gaussian,axis Gaussian,2,0.75,0.9,-35.0,1521.2005449039102,anisotropic_tuned
axis_gaussian,axis Gaussian,2,0.75,0.9,-15.0,1522.488063517108,anisotropic_tuned
axis_gaussian,axis Gaussian,2,0.75,0.9,0.0,1523.1746468559109,anisotropic_tuned
axis_gaussian,axis Gaussian,2,0.75,0.9,15.0,1523.3112996889286,anisotropic_tuned
axis_gaussian,axis Gaussian,2,0.75,0.9,35.0,1522.5864985013218,anisotropic_tuned
axis_gaussian,axis Gaussian,2,0.75,0.9,55.0,1521.3416487847699,anisotropic_tuned
axis_gaussian,axis Gaussian,2,1.0,0.18,-55.0,1851.1017080305119,anisotropic_tuned
axis_gaussian,axis Gaussian,2,1.0,0.18,-35.0,1849.8623618753786,anisotropic_tuned
axis_gaussian,axis Gaussian,2,1.0,0.18,-15.0,1803.9964528145697,anisotropic_tuned
axis_gaussian,axis Gaussian,2,1.0,0.18,0.0,1645.0427978878324,anisotropic_tuned
axis_gaussian,axis Gaussian,2,1.0,0.18,15.0,1803.4427113111378,anisotropic_tuned
axis_gaussian,axis Gaussian,2,1.0,0.18,35.0,1849.3286303535538,anisotropic_tuned
axis_gaussian,axis Gaussian,2,1.0,0.18,55.0,1850.1507873322662,anisotropic_tuned
axis_gaussian,axis Gaussian,2,1.0,0.28,-55.0,1745.9964761719607,anisotropic_tuned
axis_gaussian,axis Gaussian,2,1.0,0.28,-35.0,1743.8822532697377,anisotropic_tuned
axis_gaussian,axis Gaussian,2,1.0,0.28,-15.0,1697.205673522667,anisotropic_tuned
axis_gaussian,axis Gaussian,2,1.0,0.28,0.0,1637.393035235195,anisotropic_tuned
axis_gaussian,axis Gaussian,2,1.0,0.28,15.0,1697.977871813067,anisotropic_tuned
axis_gaussian,axis Gaussian,2,1.0,0.28,35.0,1741.854951338862,anisotropic_tuned
axis_gaussian,axis Gaussian,2,1.0,0.28,55.0,1744.0488094065363,anisotropic_tuned
axis_gaussian,axis Gaussian,2,1.0,0.42,-55.0,1632.9745877270634,anisotropic_tuned
axis_gaussian,axis Gaussian,2,1.0,0.42,-35.0,1632.0647187440268,anisotropic_tuned
axis_gaussian,axis Gaussian,2,1.0,0.42,-15.0,1616.8089253454386,anisotropic_tuned
axis_gaussian,axis Gaussian,2,1.0,0.42,0.0,1604.4591240051755,anisotropic_tuned
axis_gaussian,axis Gaussian,2,1.0,0.42,15.0,1616.8062022072327,anisotropic_tuned
axis_gaussian,axis Gaussian,2,1.0,0.42,35.0,1625.161780112347,anisotropic_tuned
axis_gaussian,axis Gaussian,2,1.0,0.42,55.0,1627.1219443913424,anisotropic_tuned
axis_gaussian,axis Gaussian,2,1.0,0.65,-55.0,1533.228140448588,anisotropic_tuned
axis_gaussian,axis Gaussian,2,1.0,0.65,-35.0,1530.3794858407136,anisotropic_tuned
axis_gaussian,axis Gaussian,2,1.0,0.65,-15.0,1528.3924400731034,anisotropic_tuned
axis_gaussian,axis Gaussian,2,1.0,0.65,0.0,1527.3844241570855,anisotropic_tuned
axis_gaussian,axis Gaussian,2,1.0,0.65,15.0,1527.7366452302558,anisotropic_tuned
axis_gaussian,axis Gaussian,2,1.0,0.65,35.0,1528.2494231320193,anisotropic_tuned
axis_gaussian,axis Gaussian,2,1.0,0.65,55.0,1529.0767468478743,anisotropic_tuned
axis_gaussian,axis Gaussian,2,1.0,0.9,-55.0,1475.1109621661685,anisotropic_tuned
axis_gaussian,axis Gaussian,2,1.0,0.9,-35.0,1474.3192042616356,anisotropic_tuned
axis_gaussian,axis Gaussian,2,1.0,0.9,-15.0,1474.0938834964631,anisotropic_tuned
axis_gaussian,axis Gaussian,2,1.0,0.9,0.0,1474.3602426424095,anisotropic_tuned
axis_gaussian,axis Gaussian,2,1.0,0.9,15.0,1474.8610908084015,anisotropic_tuned
axis_gaussian,axis Gaussian,2,1.0,0.9,35.0,1475.6194976658512,anisotropic_tuned
axis_gaussian,axis Gaussian,2,1.0,0.9,55.0,1476.2161446303799,anisotropic_tuned
axis_gaussian,axis Gaussian,2,1.35,0.18,-55.0,1794.6464359451306,anisotropic_tuned
axis_gaussian,axis Gaussian,2,1.35,0.18,-35.0,1792.6477666325004,anisotropic_tuned
axis_gaussian,axis Gaussian,2,1.35,0.18,-15.0,1758.8791419483105,anisotropic_tuned
axis_gaussian,axis Gaussian,2,1.35,0.18,0.0,1577.548581579479,anisotropic_tuned
axis_gaussian,axis Gaussian,2,1.35,0.18,15.0,1756.2234135024382,anisotropic_tuned
axis_gaussian,axis Gaussian,2,1.35,0.18,35.0,1788.1570716860138,anisotropic_tuned
axis_gaussian,axis Gaussian,2,1.35,0.18,55.0,1790.3120685668032,anisotropic_tuned
axis_gaussian,axis Gaussian,2,1.35,0.28,-55.0,1694.4882611509374,anisotropic_tuned
axis_gaussian,axis Gaussian,2,1.35,0.28,-35.0,1678.4239710172387,anisotropic_tuned
axis_gaussian,axis Gaussian,2,1.35,0.28,-15.0,1644.1464999052828,anisotropic_tuned
axis_gaussian,axis Gaussian,2,1.35,0.28,0.0,1570.8081203720058,anisotropic_tuned
axis_gaussian,axis Gaussian,2,1.35,0.28,15.0,1643.805835347231,anisotropic_tuned
axis_gaussian,axis Gaussian,2,1.35,0.28,35.0,1675.1020308127117,anisotropic_tuned
axis_gaussian,axis Gaussian,2,1.35,0.28,55.0,1687.8132560776344,anisotropic_tuned
axis_gaussian,axis Gaussian,2,1.35,0.42,-55.0,1590.4758790300348,anisotropic_tuned
axis_gaussian,axis Gaussian,2,1.35,0.42,-35.0,1576.1360447235738,anisotropic_tuned
axis_gaussian,axis Gaussian,2,1.35,0.42,-15.0,1561.0105319836512,anisotropic_tuned
axis_gaussian,axis Gaussian,2,1.35,0.42,0.0,1543.1923125171716,anisotropic_tuned
axis_gaussian,axis Gaussian,2,1.35,0.42,15.0,1561.683858135429,anisotropic_tuned
axis_gaussian,axis Gaussian,2,1.35,0.42,35.0,1570.3973333124459,anisotropic_tuned
axis_gaussian,axis Gaussian,2,1.35,0.42,55.0,1583.2200978138198,anisotropic_tuned
axis_gaussian,axis Gaussian,2,1.35,0.65,-55.0,1504.0106842594291,anisotropic_tuned
axis_gaussian,axis Gaussian,2,1.35,0.65,-35.0,1492.354691765985,anisotropic_tuned
axis_gaussian,axis Gaussian,2,1.35,0.65,-15.0,1482.2408164031049,anisotropic_tuned
axis_gaussian,axis Gaussian,2,1.35,0.65,0.0,1481.193661753819,anisotropic_tuned
axis_gaussian,axis Gaussian,2,1.35,0.65,15.0,1483.4289877877395,anisotropic_tuned
axis_gaussian,axis Gaussian,2,1.35,0.65,35.0,1489.7018218251437,anisotropic_tuned
axis_gaussian,axis Gaussian,2,1.35,0.65,55.0,1502.6209558785517,anisotropic_tuned
axis_gaussian,axis Gaussian,2,1.35,0.9,-55.0,1455.2240109454006,anisotropic_tuned
axis_gaussian,axis Gaussian,2,1.35,0.9,-35.0,1445.415418436878,anisotropic_tuned
axis_gaussian,axis Gaussian,2,1.35,0.9,-15.0,1437.6716220603084,anisotropic_tuned
axis_gaussian,axis Gaussian,2,1.35,0.9,0.0,1436.8312748259905,anisotropic_tuned
axis_gaussian,axis Gaussian,2,1.35,0.9,15.0,1439.6685247252476,anisotropic_tuned
axis_gaussian,axis Gaussian,2,1.35,0.9,35.0,1447.3699623062425,anisotropic_tuned
axis_gaussian,axis Gaussian,2,1.35,0.9,55.0,1457.8692727478738,anisotropic_tuned
axis_gaussian,axis Gaussian,2,1.75,0.18,-55.0,1755.8417419712755,anisotropic_tuned
axis_gaussian,axis Gaussian,2,1.75,0.18,-35.0,1756.3714946623008,anisotropic_tuned
axis_gaussian,axis Gaussian,2,1.75,0.18,-15.0,1718.1726680542984,anisotropic_tuned
axis_gaussian,axis Gaussian,2,1.75,0.18,0.0,1538.317378785981,anisotropic_tuned
axis_gaussian,axis Gaussian,2,1.75,0.18,15.0,1716.3166211812618,anisotropic_tuned
axis_gaussian,axis Gaussian,2,1.75,0.18,35.0,1749.577267454626,anisotropic_tuned
axis_gaussian,axis Gaussian,2,1.75,0.18,55.0,1752.3762807236108,anisotropic_tuned
axis_gaussian,axis Gaussian,2,1.75,0.28,-55.0,1691.3443477726396,anisotropic_tuned
axis_gaussian,axis Gaussian,2,1.75,0.28,-35.0,1656.6473165884304,anisotropic_tuned
axis_gaussian,axis Gaussian,2,1.75,0.28,-15.0,1607.0564157823887,anisotropic_tuned
axis_gaussian,axis Gaussian,2,1.75,0.28,0.0,1530.9467553478266,anisotropic_tuned
axis_gaussian,axis Gaussian,2,1.75,0.28,15.0,1607.6359884376348,anisotropic_tuned
axis_gaussian,axis Gaussian,2,1.75,0.28,35.0,1646.9808093675492,anisotropic_tuned
axis_gaussian,axis Gaussian,2,1.75,0.28,55.0,1687.7611508965056,anisotropic_tuned
axis_gaussian,axis Gaussian,2,1.75,0.42,-55.0,1598.6159170670248,anisotropic_tuned
axis_gaussian,axis Gaussian,2,1.75,0.42,-35.0,1565.2486187500572,anisotropic_tuned
axis_gaussian,axis Gaussian,2,1.75,0.42,-15.0,1528.2969172319654,anisotropic_tuned
axis_gaussian,axis Gaussian,2,1.75,0.42,0.0,1506.9911306243184,anisotropic_tuned
axis_gaussian,axis Gaussian,2,1.75,0.42,15.0,1530.4673541402926,anisotropic_tuned
axis_gaussian,axis Gaussian,2,1.75,0.42,35.0,1555.7604174675648,anisotropic_tuned
axis_gaussian,axis Gaussian,2,1.75,0.42,55.0,1598.1751960980368,anisotropic_tuned
axis_gaussian,axis Gaussian,2,1.75,0.65,-55.0,1524.3187458008988,anisotropic_tuned
axis_gaussian,axis Gaussian,2,1.75,0.65,-35.0,1492.94489281475,anisotropic_tuned
axis_gaussian,axis Gaussian,2,1.75,0.65,-15.0,1459.5945208436706,anisotropic_tuned
axis_gaussian,axis Gaussian,2,1.75,0.65,0.0,1454.2222382942027,anisotropic_tuned
axis_gaussian,axis Gaussian,2,1.75,0.65,15.0,1459.7225279536442,anisotropic_tuned
axis_gaussian,axis Gaussian,2,1.75,0.65,35.0,1482.343356030784,anisotropic_tuned
axis_gaussian,axis Gaussian,2,1.75,0.65,55.0,1524.2028639231667,anisotropic_tuned
axis_gaussian,axis Gaussian,2,1.75,0.9,-55.0,1484.4226149492297,anisotropic_tuned
axis_gaussian,axis Gaussian,2,1.75,0.9,-35.0,1453.2693613537963,anisotropic_tuned
axis_gaussian,axis Gaussian,2,1.75,0.9,-15.0,1423.9137209384435,anisotropic_tuned
axis_gaussian,axis Gaussian,2,1.75,0.9,0.0,1415.8787848487086,anisotropic_tuned
axis_gaussian,axis Gaussian,2,1.75,0.9,15.0,1422.3510711262452,anisotropic_tuned
axis_gaussian,axis Gaussian,2,1.75,0.9,35.0,1447.2485157488877,anisotropic_tuned
axis_gaussian,axis Gaussian,2,1.75,0.9,55.0,1482.439017457727,anisotropic_tuned
axis_gaussian,axis Gaussian,3,0.55,0.18,-55.0,1945.70165292199,anisotropic_tuned
axis_gaussian,axis Gaussian,3,0.55,0.18,-35.0,1945.7192118600003,anisotropic_tuned
axis_gaussian,axis Gaussian,3,0.55,0.18,-15.0,1904.5098894169485,anisotropic_tuned
axis_gaussian,axis Gaussian,3,0.55,0.18,0.0,1832.391088746274,anisotropic_tuned
axis_gaussian,axis Gaussian,3,0.55,0.18,15.0,1904.4837764255049,anisotropic_tuned
axis_gaussian,axis Gaussian,3,0.55,0.18,35.0,1945.568984856605,anisotropic_tuned
axis_gaussian,axis Gaussian,3,0.55,0.18,55.0,1945.6345622402423,anisotropic_tuned
axis_gaussian,axis Gaussian,3,0.55,0.28,-55.0,1886.9259334329677,anisotropic_tuned
axis_gaussian,axis Gaussian,3,0.55,0.28,-35.0,1887.042449768133,anisotropic_tuned
axis_gaussian,axis Gaussian,3,0.55,0.28,-15.0,1847.480286338238,anisotropic_tuned
axis_gaussian,axis Gaussian,3,0.55,0.28,0.0,1821.111795858342,anisotropic_tuned
axis_gaussian,axis Gaussian,3,0.55,0.28,15.0,1847.681168947712,anisotropic_tuned
axis_gaussian,axis Gaussian,3,0.55,0.28,35.0,1886.8677484818354,anisotropic_tuned
axis_gaussian,axis Gaussian,3,0.55,0.28,55.0,1886.8400791028705,anisotropic_tuned
axis_gaussian,axis Gaussian,3,0.55,0.42,-55.0,1781.1314738056192,anisotropic_tuned
axis_gaussian,axis Gaussian,3,0.55,0.42,-35.0,1781.3148599258677,anisotropic_tuned
axis_gaussian,axis Gaussian,3,0.55,0.42,-15.0,1772.9129211694626,anisotropic_tuned
axis_gaussian,axis Gaussian,3,0.55,0.42,0.0,1770.2351213370077,anisotropic_tuned
axis_gaussian,axis Gaussian,3,0.55,0.42,15.0,1774.671614347546,anisotropic_tuned
axis_gaussian,axis Gaussian,3,0.55,0.42,35.0,1783.5480664645163,anisotropic_tuned
axis_gaussian,axis Gaussian,3,0.55,0.42,55.0,1783.099929542178,anisotropic_tuned
axis_gaussian,axis Gaussian,3,0.55,0.65,-55.0,1658.8236935161628,anisotropic_tuned
axis_gaussian,axis Gaussian,3,0.55,0.65,-35.0,1657.7727770199112,anisotropic_tuned
axis_gaussian,axis Gaussian,3,0.55,0.65,-15.0,1655.38585743563,anisotropic_tuned
axis_gaussian,axis Gaussian,3,0.55,0.65,0.0,1653.71123805324,anisotropic_tuned
axis_gaussian,axis Gaussian,3,0.55,0.65,15.0,1653.091594941645,anisotropic_tuned
axis_gaussian,axis Gaussian,3,0.55,0.65,35.0,1653.8254873350447,anisotropic_tuned
axis_gaussian,axis Gaussian,3,0.55,0.65,55.0,1654.9570184748518,anisotropic_tuned
axis_gaussian,axis Gaussian,3,0.55,0.9,-55.0,1580.614769679054,anisotropic_tuned
axis_gaussian,axis Gaussian,3,0.55,0.9,-35.0,1577.5026045846696,anisotropic_tuned
axis_gaussian,axis Gaussian,3,0.55,0.9,-15.0,1575.9151894778258,anisotropic_tuned
axis_gaussian,axis Gaussian,3,0.55,0.9,0.0,1574.4660273323848,anisotropic_tuned
axis_gaussian,axis Gaussian,3,0.55,0.9,15.0,1575.0134958911344,anisotropic_tuned
axis_gaussian,axis Gaussian,3,0.55,0.9,35.0,1575.3911879307948,anisotropic_tuned
axis_gaussian,axis Gaussian,3,0.55,0.9,55.0,1579.2472713009586,anisotropic_tuned
axis_gaussian,axis Gaussian,3,0.75,0.18,-55.0,1900.4693681818446,anisotropic_tuned
axis_gaussian,axis Gaussian,3,0.75,0.18,-35.0,1900.3455930880198,anisotropic_tuned
axis_gaussian,axis Gaussian,3,0.75,0.18,-15.0,1848.3294590494793,anisotropic_tuned
axis_gaussian,axis Gaussian,3,0.75,0.18,0.0,1726.0410549594346,anisotropic_tuned
axis_gaussian,axis Gaussian,3,0.75,0.18,15.0,1848.0868574470994,anisotropic_tuned
axis_gaussian,axis Gaussian,3,0.75,0.18,35.0,1900.0494124338213,anisotropic_tuned
axis_gaussian,axis Gaussian,3,0.75,0.18,55.0,1900.2591383757829,anisotropic_tuned
axis_gaussian,axis Gaussian,3,0.75,0.28,-55.0,1813.2374591173514,anisotropic_tuned
axis_gaussian,axis Gaussian,3,0.75,0.28,-35.0,1815.0787997661948,anisotropic_tuned
axis_gaussian,axis Gaussian,3,0.75,0.28,-15.0,1760.9056376719716,anisotropic_tuned
axis_gaussian,axis Gaussian,3,0.75,0.28,0.0,1716.8925931512672,anisotropic_tuned
axis_gaussian,axis Gaussian,3,0.75,0.28,15.0,1760.6280649635628,anisotropic_tuned
axis_gaussian,axis Gaussian,3,0.75,0.28,35.0,1813.3005236971433,anisotropic_tuned
axis_gaussian,axis Gaussian,3,0.75,0.28,55.0,1813.1531460971082,anisotropic_tuned
axis_gaussian,axis Gaussian,3,0.75,0.42,-55.0,1693.5649593462738,anisotropic_tuned
axis_gaussian,axis Gaussian,3,0.75,0.42,-35.0,1696.7088210020754,anisotropic_tuned
axis_gaussian,axis Gaussian,3,0.75,0.42,-15.0,1683.2939944358775,anisotropic_tuned
axis_gaussian,axis Gaussian,3,0.75,0.42,0.0,1676.2674588457846,anisotropic_tuned
axis_gaussian,axis Gaussian,3,0.75,0.42,15.0,1686.5326005746986,anisotropic_tuned
axis_gaussian,axis Gaussian,3,0.75,0.42,35.0,1699.389175676606,anisotropic_tuned
axis_gaussian,axis Gaussian,3,0.75,0.42,55.0,1695.8457440704276,anisotropic_tuned
axis_gaussian,axis Gaussian,3,0.75,0.65,-55.0,1579.8044641469683,anisotropic_tuned
axis_gaussian,axis Gaussian,3,0.75,0.65,-35.0,1581.1066145277678,anisotropic_tuned
axis_gaussian,axis Gaussian,3,0.75,0.65,-15.0,1582.0766096532648,anisotropic_tuned
axis_gaussian,axis Gaussian,3,0.75,0.65,0.0,1582.1003899273348,anisotropic_tuned
axis_gaussian,axis Gaussian,3,0.75,0.65,15.0,1581.7093317368538,anisotropic_tuned
axis_gaussian,axis Gaussian,3,0.75,0.65,35.0,1580.9310042657028,anisotropic_tuned
axis_gaussian,axis Gaussian,3,0.75,0.65,55.0,1580.0563464475708,anisotropic_tuned
axis_gaussian,axis Gaussian,3,0.75,0.9,-55.0,1513.8575973409597,anisotropic_tuned
axis_gaussian,axis Gaussian,3,0.75,0.9,-35.0,1513.8836388127384,anisotropic_tuned
axis_gaussian,axis Gaussian,3,0.75,0.9,-15.0,1514.4290582864514,anisotropic_tuned
axis_gaussian,axis Gaussian,3,0.75,0.9,0.0,1515.1549085828844,anisotropic_tuned
axis_gaussian,axis Gaussian,3,0.75,0.9,15.0,1515.6651956973635,anisotropic_tuned
axis_gaussian,axis Gaussian,3,0.75,0.9,35.0,1515.6731744669191,anisotropic_tuned
axis_gaussian,axis Gaussian,3,0.75,0.9,55.0,1515.239771297045,anisotropic_tuned
axis_gaussian,axis Gaussian,3,1.0,0.18,-55.0,1844.4928358807263,anisotropic_tuned
axis_gaussian,axis Gaussian,3,1.0,0.18,-35.0,1843.628815009333,anisotropic_tuned
axis_gaussian,axis Gaussian,3,1.0,0.18,-15.0,1798.9817308784511,anisotropic_tuned
axis_gaussian,axis Gaussian,3,1.0,0.18,0.0,1641.4307905836697,anisotropic_tuned
axis_gaussian,axis Gaussian,3,1.0,0.18,15.0,1798.757704691237,anisotropic_tuned
axis_gaussian,axis Gaussian,3,1.0,0.18,35.0,1842.9421355437355,anisotropic_tuned
axis_gaussian,axis Gaussian,3,1.0,0.18,55.0,1843.4728381405575,anisotropic_tuned
axis_gaussian,axis Gaussian,3,1.0,0.28,-55.0,1737.779320782668,anisotropic_tuned
axis_gaussian,axis Gaussian,3,1.0,0.28,-35.0,1738.8153088618035,anisotropic_tuned
axis_gaussian,axis Gaussian,3,1.0,0.28,-15.0,1697.6263704829012,anisotropic_tuned
axis_gaussian,axis Gaussian,3,1.0,0.28,0.0,1634.031693391007,anisotropic_tuned
axis_gaussian,axis Gaussian,3,1.0,0.28,15.0,1697.0029220808374,anisotropic_tuned
axis_gaussian,axis Gaussian,3,1.0,0.28,35.0,1735.2655696187196,anisotropic_tuned
axis_gaussian,axis Gaussian,3,1.0,0.28,55.0,1735.7400913570414,anisotropic_tuned
axis_gaussian,axis Gaussian,3,1.0,0.42,-55.0,1621.6712851277987,anisotropic_tuned
axis_gaussian,axis Gaussian,3,1.0,0.42,-35.0,1625.6099667028175,anisotropic_tuned
axis_gaussian,axis Gaussian,3,1.0,0.42,-15.0,1615.850104485462,anisotropic_tuned
axis_gaussian,axis Gaussian,3,1.0,0.42,0.0,1601.072746201394,anisotropic_tuned
axis_gaussian,axis Gaussian,3,1.0,0.42,15.0,1615.5895175984442,anisotropic_tuned
axis_gaussian,axis Gaussian,3,1.0,0.42,35.0,1627.086691630619,anisotropic_tuned
axis_gaussian,axis Gaussian,3,1.0,0.42,55.0,1620.2103342921328,anisotropic_tuned
axis_gaussian,axis Gaussian,3,1.0,0.65,-55.0,1524.7192596111352,anisotropic_tuned
axis_gaussian,axis Gaussian,3,1.0,0.65,-35.0,1524.1270580381918,anisotropic_tuned
axis_gaussian,axis Gaussian,3,1.0,0.65,-15.0,1523.1570731087563,anisotropic_tuned
axis_gaussian,axis Gaussian,3,1.0,0.65,0.0,1522.3615114811705,anisotropic_tuned
axis_gaussian,axis Gaussian,3,1.0,0.65,15.0,1522.0963067397593,anisotropic_tuned
axis_gaussian,axis Gaussian,3,1.0,0.65,35.0,1522.3881974302344,anisotropic_tuned
axis_gaussian,axis Gaussian,3,1.0,0.65,55.0,1522.319359116599,anisotropic_tuned
axis_gaussian,axis Gaussian,3,1.0,0.9,-55.0,1468.6430489424213,anisotropic_tuned
axis_gaussian,axis Gaussian,3,1.0,0.9,-35.0,1467.0603889348356,anisotropic_tuned
axis_gaussian,axis Gaussian,3,1.0,0.9,-15.0,1465.9299695008751,anisotropic_tuned
axis_gaussian,axis Gaussian,3,1.0,0.9,0.0,1465.6671033245864,anisotropic_tuned
axis_gaussian,axis Gaussian,3,1.0,0.9,15.0,1465.916998903115,anisotropic_tuned
axis_gaussian,axis Gaussian,3,1.0,0.9,35.0,1466.9027980915805,anisotropic_tuned
axis_gaussian,axis Gaussian,3,1.0,0.9,55.0,1468.3533027769809,anisotropic_tuned
axis_gaussian,axis Gaussian,3,1.35,0.18,-55.0,1787.4095369207546,anisotropic_tuned
axis_gaussian,axis Gaussian,3,1.35,0.18,-35.0,1784.9025019237554,anisotropic_tuned
axis_gaussian,axis Gaussian,3,1.35,0.18,-15.0,1752.0889149160962,anisotropic_tuned
axis_gaussian,axis Gaussian,3,1.35,0.18,0.0,1573.2713530314925,anisotropic_tuned
axis_gaussian,axis Gaussian,3,1.35,0.18,15.0,1753.8950648646119,anisotropic_tuned
axis_gaussian,axis Gaussian,3,1.35,0.18,35.0,1782.0087287469598,anisotropic_tuned
axis_gaussian,axis Gaussian,3,1.35,0.18,55.0,1783.2393323993979,anisotropic_tuned
axis_gaussian,axis Gaussian,3,1.35,0.28,-55.0,1686.130269600916,anisotropic_tuned
axis_gaussian,axis Gaussian,3,1.35,0.28,-35.0,1673.36595387061,anisotropic_tuned
axis_gaussian,axis Gaussian,3,1.35,0.28,-15.0,1642.1717442857278,anisotropic_tuned
axis_gaussian,axis Gaussian,3,1.35,0.28,0.0,1566.475100649335,anisotropic_tuned
axis_gaussian,axis Gaussian,3,1.35,0.28,15.0,1641.9902759706522,anisotropic_tuned
axis_gaussian,axis Gaussian,3,1.35,0.28,35.0,1666.587572985693,anisotropic_tuned
axis_gaussian,axis Gaussian,3,1.35,0.28,55.0,1678.5842539369805,anisotropic_tuned
axis_gaussian,axis Gaussian,3,1.35,0.42,-55.0,1581.6689854804297,anisotropic_tuned
axis_gaussian,axis Gaussian,3,1.35,0.42,-35.0,1572.758072560557,anisotropic_tuned
axis_gaussian,axis Gaussian,3,1.35,0.42,-15.0,1560.2441775903542,anisotropic_tuned
axis_gaussian,axis Gaussian,3,1.35,0.42,0.0,1538.8216528484684,anisotropic_tuned
axis_gaussian,axis Gaussian,3,1.35,0.42,15.0,1557.7729417611642,anisotropic_tuned
axis_gaussian,axis Gaussian,3,1.35,0.42,35.0,1570.141559209689,anisotropic_tuned
axis_gaussian,axis Gaussian,3,1.35,0.42,55.0,1575.3336411778407,anisotropic_tuned
axis_gaussian,axis Gaussian,3,1.35,0.65,-55.0,1499.9257854884224,anisotropic_tuned
axis_gaussian,axis Gaussian,3,1.35,0.65,-35.0,1486.1166899348402,anisotropic_tuned
axis_gaussian,axis Gaussian,3,1.35,0.65,-15.0,1477.3524183410984,anisotropic_tuned
axis_gaussian,axis Gaussian,3,1.35,0.65,0.0,1473.1481298720573,anisotropic_tuned
axis_gaussian,axis Gaussian,3,1.35,0.65,15.0,1474.2003201423977,anisotropic_tuned
axis_gaussian,axis Gaussian,3,1.35,0.65,35.0,1480.7847270030359,anisotropic_tuned
axis_gaussian,axis Gaussian,3,1.35,0.65,55.0,1495.6284425689214,anisotropic_tuned
axis_gaussian,axis Gaussian,3,1.35,0.9,-55.0,1451.9254098347494,anisotropic_tuned
axis_gaussian,axis Gaussian,3,1.35,0.9,-35.0,1440.2710638035574,anisotropic_tuned
axis_gaussian,axis Gaussian,3,1.35,0.9,-15.0,1430.137032921106,anisotropic_tuned
axis_gaussian,axis Gaussian,3,1.35,0.9,0.0,1426.8695630322777,anisotropic_tuned
axis_gaussian,axis Gaussian,3,1.35,0.9,15.0,1427.8116939707768,anisotropic_tuned
axis_gaussian,axis Gaussian,3,1.35,0.9,35.0,1437.8513587113412,anisotropic_tuned
axis_gaussian,axis Gaussian,3,1.35,0.9,55.0,1451.4795357248274,anisotropic_tuned
axis_gaussian,axis Gaussian,3,1.75,0.18,-55.0,1755.8300460403423,anisotropic_tuned
axis_gaussian,axis Gaussian,3,1.75,0.18,-35.0,1746.3814499920334,anisotropic_tuned
axis_gaussian,axis Gaussian,3,1.75,0.18,-15.0,1712.119419042674,anisotropic_tuned
axis_gaussian,axis Gaussian,3,1.75,0.18,0.0,1537.469425684415,anisotropic_tuned
axis_gaussian,axis Gaussian,3,1.75,0.18,15.0,1716.0077180257354,anisotropic_tuned
axis_gaussian,axis Gaussian,3,1.75,0.18,35.0,1738.6126963837673,anisotropic_tuned
axis_gaussian,axis Gaussian,3,1.75,0.18,55.0,1746.2284168818467,anisotropic_tuned
axis_gaussian,axis Gaussian,3,1.75,0.28,-55.0,1681.0818407678896,anisotropic_tuned
axis_gaussian,axis Gaussian,3,1.75,0.28,-35.0,1651.6186601922047,anisotropic_tuned
axis_gaussian,axis Gaussian,3,1.75,0.28,-15.0,1605.6395029593864,anisotropic_tuned
axis_gaussian,axis Gaussian,3,1.75,0.28,0.0,1529.4194927502415,anisotropic_tuned
axis_gaussian,axis Gaussian,3,1.75,0.28,15.0,1603.6000860079753,anisotropic_tuned
axis_gaussian,axis Gaussian,3,1.75,0.28,35.0,1639.3684925247812,anisotropic_tuned
axis_gaussian,axis Gaussian,3,1.75,0.28,55.0,1664.6660993471555,anisotropic_tuned
axis_gaussian,axis Gaussian,3,1.75,0.42,-55.0,1590.2020835473686,anisotropic_tuned
axis_gaussian,axis Gaussian,3,1.75,0.42,-35.0,1562.8902362631884,anisotropic_tuned
axis_gaussian,axis Gaussian,3,1.75,0.42,-15.0,1534.1306409617107,anisotropic_tuned
axis_gaussian,axis Gaussian,3,1.75,0.42,0.0,1504.308052653905,anisotropic_tuned
axis_gaussian,axis Gaussian,3,1.75,0.42,15.0,1523.6449216297326,anisotropic_tuned
axis_gaussian,axis Gaussian,3,1.75,0.42,35.0,1553.4191386070465,anisotropic_tuned
axis_gaussian,axis Gaussian,3,1.75,0.42,55.0,1576.658904421367,anisotropic_tuned
axis_gaussian,axis Gaussian,3,1.75,0.65,-55.0,1519.8870620589955,anisotropic_tuned
axis_gaussian,axis Gaussian,3,1.75,0.65,-35.0,1489.86663882772,anisotropic_tuned
axis_gaussian,axis Gaussian,3,1.75,0.65,-15.0,1461.2284952254424,anisotropic_tuned
axis_gaussian,axis Gaussian,3,1.75,0.65,0.0,1447.9318285091933,anisotropic_tuned
axis_gaussian,axis Gaussian,3,1.75,0.65,15.0,1449.3603681424768,anisotropic_tuned
axis_gaussian,axis Gaussian,3,1.75,0.65,35.0,1477.1483483101695,anisotropic_tuned
axis_gaussian,axis Gaussian,3,1.75,0.65,55.0,1508.4325427078554,anisotropic_tuned
axis_gaussian,axis Gaussian,3,1.75,0.9,-55.0,1476.254075293061,anisotropic_tuned
axis_gaussian,axis Gaussian,3,1.75,0.9,-35.0,1452.4423965239976,anisotropic_tuned
axis_gaussian,axis Gaussian,3,1.75,0.9,-15.0,1421.4973044955902,anisotropic_tuned
axis_gaussian,axis Gaussian,3,1.75,0.9,0.0,1408.8514938262242,anisotropic_tuned
axis_gaussian,axis Gaussian,3,1.75,0.9,15.0,1412.7192947092337,anisotropic_tuned
axis_gaussian,axis Gaussian,3,1.75,0.9,35.0,1442.9012229959676,anisotropic_tuned
axis_gaussian,axis Gaussian,3,1.75,0.9,55.0,1469.9219806980673,anisotropic_tuned
axis_gaussian,axis Gaussian,4,0.55,0.18,-55.0,1952.7024862516619,anisotropic_tuned
axis_gaussian,axis Gaussian,4,0.55,0.18,-35.0,1952.4942556122437,anisotropic_tuned
axis_gaussian,axis Gaussian,4,0.55,0.18,-15.0,1910.5925430768652,anisotropic_tuned
axis_gaussian,axis Gaussian,4,0.55,0.18,0.0,1837.4932665521242,anisotropic_tuned
axis_gaussian,axis Gaussian,4,0.55,0.18,15.0,1910.596409011051,anisotropic_tuned
axis_gaussian,axis Gaussian,4,0.55,0.18,35.0,1952.4938710688657,anisotropic_tuned
axis_gaussian,axis Gaussian,4,0.55,0.18,55.0,1952.802527756639,anisotropic_tuned
axis_gaussian,axis Gaussian,4,0.55,0.28,-55.0,1893.818617109655,anisotropic_tuned
axis_gaussian,axis Gaussian,4,0.55,0.28,-35.0,1893.3821323723196,anisotropic_tuned
axis_gaussian,axis Gaussian,4,0.55,0.28,-15.0,1853.1095624826157,anisotropic_tuned
axis_gaussian,axis Gaussian,4,0.55,0.28,0.0,1826.233984886897,anisotropic_tuned
axis_gaussian,axis Gaussian,4,0.55,0.28,15.0,1853.018918674109,anisotropic_tuned
axis_gaussian,axis Gaussian,4,0.55,0.28,35.0,1893.3524196651656,anisotropic_tuned
axis_gaussian,axis Gaussian,4,0.55,0.28,55.0,1893.886276151779,anisotropic_tuned
axis_gaussian,axis Gaussian,4,0.55,0.42,-55.0,1788.8338775348225,anisotropic_tuned
axis_gaussian,axis Gaussian,4,0.55,0.42,-35.0,1788.0201879780439,anisotropic_tuned
axis_gaussian,axis Gaussian,4,0.55,0.42,-15.0,1778.9354318289002,anisotropic_tuned
axis_gaussian,axis Gaussian,4,0.55,0.42,0.0,1775.7014994350848,anisotropic_tuned
axis_gaussian,axis Gaussian,4,0.55,0.42,15.0,1779.5671779999593,anisotropic_tuned
axis_gaussian,axis Gaussian,4,0.55,0.42,35.0,1788.6657232357948,anisotropic_tuned
axis_gaussian,axis Gaussian,4,0.55,0.42,55.0,1789.8551933806748,anisotropic_tuned
axis_gaussian,axis Gaussian,4,0.55,0.65,-55.0,1665.8959641107326,anisotropic_tuned
axis_gaussian,axis Gaussian,4,0.55,0.65,-35.0,1666.6552813005005,anisotropic_tuned
axis_gaussian,axis Gaussian,4,0.55,0.65,-15.0,1666.8916092680902,anisotropic_tuned
axis_gaussian,axis Gaussian,4,0.55,0.65,0.0,1667.280440216286,anisotropic_tuned
axis_gaussian,axis Gaussian,4,0.55,0.65,15.0,1668.0063067212468,anisotropic_tuned
axis_gaussian,axis Gaussian,4,0.55,0.65,35.0,1668.3418556584743,anisotropic_tuned
axis_gaussian,axis Gaussian,4,0.55,0.65,55.0,1667.4759914982264,anisotropic_tuned
axis_gaussian,axis Gaussian,4,0.55,0.9,-55.0,1586.6126378666245,anisotropic_tuned
axis_gaussian,axis Gaussian,4,0.55,0.9,-35.0,1588.5511510063775,anisotropic_tuned
axis_gaussian,axis Gaussian,4,0.55,0.9,-15.0,1587.9264518529144,anisotropic_tuned
axis_gaussian,axis Gaussian,4,0.55,0.9,0.0,1588.048761516984,anisotropic_tuned
axis_gaussian,axis Gaussian,4,0.55,0.9,15.0,1590.730432598898,anisotropic_tuned
axis_gaussian,axis Gaussian,4,0.55,0.9,35.0,1593.23054711529,anisotropic_tuned
axis_gaussian,axis Gaussian,4,0.55,0.9,55.0,1590.2608719607065,anisotropic_tuned
axis_gaussian,axis Gaussian,4,0.75,0.18,-55.0,1907.1011923860397,anisotropic_tuned
axis_gaussian,axis Gaussian,4,0.75,0.18,-35.0,1906.7151859923647,anisotropic_tuned
axis_gaussian,axis Gaussian,4,0.75,0.18,-15.0,1853.4909972964265,anisotropic_tuned
axis_gaussian,axis Gaussian,4,0.75,0.18,0.0,1723.9958703141629,anisotropic_tuned
axis_gaussian,axis Gaussian,4,0.75,0.18,15.0,1853.4981158899832,anisotropic_tuned
axis_gaussian,axis Gaussian,4,0.75,0.18,35.0,1906.6856697928706,anisotropic_tuned
axis_gaussian,axis Gaussian,4,0.75,0.18,55.0,1907.2612037167223,anisotropic_tuned
axis_gaussian,axis Gaussian,4,0.75,0.28,-55.0,1819.9597978112984,anisotropic_tuned
axis_gaussian,axis Gaussian,4,0.75,0.28,-35.0,1820.7388419104714,anisotropic_tuned
axis_gaussian,axis Gaussian,4,0.75,0.28,-15.0,1764.1092934760545,anisotropic_tuned
axis_gaussian,axis Gaussian,4,0.75,0.28,0.0,1715.3941803294101,anisotropic_tuned
axis_gaussian,axis Gaussian,4,0.75,0.28,15.0,1763.9978609992359,anisotropic_tuned
axis_gaussian,axis Gaussian,4,0.75,0.28,35.0,1819.9204533710276,anisotropic_tuned
axis_gaussian,axis Gaussian,4,0.75,0.28,55.0,1821.2968976424077,anisotropic_tuned
axis_gaussian,axis Gaussian,4,0.75,0.42,-55.0,1705.593474109569,anisotropic_tuned
axis_gaussian,axis Gaussian,4,0.75,0.42,-35.0,1704.1815449081782,anisotropic_tuned
axis_gaussian,axis Gaussian,4,0.75,0.42,-15.0,1686.639172584018,anisotropic_tuned
axis_gaussian,axis Gaussian,4,0.75,0.42,0.0,1677.576008368435,anisotropic_tuned
axis_gaussian,axis Gaussian,4,0.75,0.42,15.0,1685.5852201474095,anisotropic_tuned
axis_gaussian,axis Gaussian,4,0.75,0.42,35.0,1702.3514705680645,anisotropic_tuned
axis_gaussian,axis Gaussian,4,0.75,0.42,55.0,1705.4490092322012,anisotropic_tuned
axis_gaussian,axis Gaussian,4,0.75,0.65,-55.0,1592.6129253294425,anisotropic_tuned
axis_gaussian,axis Gaussian,4,0.75,0.65,-35.0,1592.8975119834472,anisotropic_tuned
axis_gaussian,axis Gaussian,4,0.75,0.65,-15.0,1592.533956993565,anisotropic_tuned
axis_gaussian,axis Gaussian,4,0.75,0.65,0.0,1592.0163815974597,anisotropic_tuned
axis_gaussian,axis Gaussian,4,0.75,0.65,15.0,1591.5254404748703,anisotropic_tuned
axis_gaussian,axis Gaussian,4,0.75,0.65,35.0,1591.1546048641444,anisotropic_tuned
axis_gaussian,axis Gaussian,4,0.75,0.65,55.0,1591.0736151290926,anisotropic_tuned
axis_gaussian,axis Gaussian,4,0.75,0.9,-55.0,1525.320199208662,anisotropic_tuned
axis_gaussian,axis Gaussian,4,0.75,0.9,-35.0,1525.5152785319365,anisotropic_tuned
axis_gaussian,axis Gaussian,4,0.75,0.9,-15.0,1526.3604231702075,anisotropic_tuned
axis_gaussian,axis Gaussian,4,0.75,0.9,0.0,1527.1969779186725,anisotropic_tuned
axis_gaussian,axis Gaussian,4,0.75,0.9,15.0,1527.8592780019435,anisotropic_tuned
axis_gaussian,axis Gaussian,4,0.75,0.9,35.0,1527.732065000565,anisotropic_tuned
axis_gaussian,axis Gaussian,4,0.75,0.9,55.0,1526.8373873230717,anisotropic_tuned
axis_gaussian,axis Gaussian,4,1.0,0.18,-55.0,1850.3583621991188,anisotropic_tuned
axis_gaussian,axis Gaussian,4,1.0,0.18,-35.0,1848.9267536723378,anisotropic_tuned
axis_gaussian,axis Gaussian,4,1.0,0.18,-15.0,1803.457454813246,anisotropic_tuned
axis_gaussian,axis Gaussian,4,1.0,0.18,0.0,1641.3033514655976,anisotropic_tuned
axis_gaussian,axis Gaussian,4,1.0,0.18,15.0,1803.271964953281,anisotropic_tuned
axis_gaussian,axis Gaussian,4,1.0,0.18,35.0,1849.4959193575805,anisotropic_tuned
axis_gaussian,axis Gaussian,4,1.0,0.18,55.0,1850.0082081405776,anisotropic_tuned
axis_gaussian,axis Gaussian,4,1.0,0.28,-55.0,1743.5155322385936,anisotropic_tuned
axis_gaussian,axis Gaussian,4,1.0,0.28,-35.0,1742.1852904999973,anisotropic_tuned
axis_gaussian,axis Gaussian,4,1.0,0.28,-15.0,1694.775416243387,anisotropic_tuned
axis_gaussian,axis Gaussian,4,1.0,0.28,0.0,1634.8630071891316,anisotropic_tuned
axis_gaussian,axis Gaussian,4,1.0,0.28,15.0,1694.2662621890872,anisotropic_tuned
axis_gaussian,axis Gaussian,4,1.0,0.28,35.0,1740.976470096633,anisotropic_tuned
axis_gaussian,axis Gaussian,4,1.0,0.28,55.0,1744.7261218475774,anisotropic_tuned
axis_gaussian,axis Gaussian,4,1.0,0.42,-55.0,1636.4205146442005,anisotropic_tuned
axis_gaussian,axis Gaussian,4,1.0,0.42,-35.0,1629.8651558441702,anisotropic_tuned
axis_gaussian,axis Gaussian,4,1.0,0.42,-15.0,1616.5381149602672,anisotropic_tuned
axis_gaussian,axis Gaussian,4,1.0,0.42,0.0,1605.1477771801228,anisotropic_tuned
axis_gaussian,axis Gaussian,4,1.0,0.42,15.0,1613.8976544235466,anisotropic_tuned
axis_gaussian,axis Gaussian,4,1.0,0.42,35.0,1628.3345696495871,anisotropic_tuned
axis_gaussian,axis Gaussian,4,1.0,0.42,55.0,1633.9440923128823,anisotropic_tuned
axis_gaussian,axis Gaussian,4,1.0,0.65,-55.0,1538.172895566635,anisotropic_tuned
axis_gaussian,axis Gaussian,4,1.0,0.65,-35.0,1534.7046806413227,anisotropic_tuned
axis_gaussian,axis Gaussian,4,1.0,0.65,-15.0,1533.389575825499,anisotropic_tuned
axis_gaussian,axis Gaussian,4,1.0,0.65,0.0,1533.2626435560865,anisotropic_tuned
axis_gaussian,axis Gaussian,4,1.0,0.65,15.0,1532.5706375897666,anisotropic_tuned
axis_gaussian,axis Gaussian,4,1.0,0.65,35.0,1532.1537648226026,anisotropic_tuned
axis_gaussian,axis Gaussian,4,1.0,0.65,55.0,1533.1904255290501,anisotropic_tuned
axis_gaussian,axis Gaussian,4,1.0,0.9,-55.0,1480.849566984973,anisotropic_tuned
axis_gaussian,axis Gaussian,4,1.0,0.9,-35.0,1479.300944147482,anisotropic_tuned
axis_gaussian,axis Gaussian,4,1.0,0.9,-15.0,1478.0315776534649,anisotropic_tuned
axis_gaussian,axis Gaussian,4,1.0,0.9,0.0,1477.5485931721319,anisotropic_tuned
axis_gaussian,axis Gaussian,4,1.0,0.9,15.0,1477.5133551046733,anisotropic_tuned
axis_gaussian,axis Gaussian,4,1.0,0.9,35.0,1478.143225420336,anisotropic_tuned
axis_gaussian,axis Gaussian,4,1.0,0.9,55.0,1479.493253999029,anisotropic_tuned
axis_gaussian,axis Gaussian,4,1.35,0.18,-55.0,1791.4380787055334,anisotropic_tuned
axis_gaussian,axis Gaussian,4,1.35,0.18,-35.0,1787.1054498889903,anisotropic_tuned
axis_gaussian,axis Gaussian,4,1.35,0.18,-15.0,1756.0507331802987,anisotropic_tuned
axis_gaussian,axis Gaussian,4,1.35,0.18,0.0,1574.340665776499,anisotropic_tuned
axis_gaussian,axis Gaussian,4,1.35,0.18,15.0,1756.3921527622497,anisotropic_tuned
axis_gaussian,axis Gaussian,4,1.35,0.18,35.0,1791.1758992695295,anisotropic_tuned
axis_gaussian,axis Gaussian,4,1.35,0.18,55.0,1789.8321947771333,anisotropic_tuned
axis_gaussian,axis Gaussian,4,1.35,0.28,-55.0,1689.3065124997293,anisotropic_tuned
axis_gaussian,axis Gaussian,4,1.35,0.28,-35.0,1670.4883069995694,anisotropic_tuned
axis_gaussian,axis Gaussian,4,1.35,0.28,-15.0,1639.9547380629037,anisotropic_tuned
axis_gaussian,axis Gaussian,4,1.35,0.28,0.0,1569.147938844415,anisotropic_tuned
axis_gaussian,axis Gaussian,4,1.35,0.28,15.0,1638.7851703842634,anisotropic_tuned
axis_gaussian,axis Gaussian,4,1.35,0.28,35.0,1672.253032196395,anisotropic_tuned
axis_gaussian,axis Gaussian,4,1.35,0.28,55.0,1687.7425997941882,anisotropic_tuned
axis_gaussian,axis Gaussian,4,1.35,0.42,-55.0,1595.2969067173267,anisotropic_tuned
axis_gaussian,axis Gaussian,4,1.35,0.42,-35.0,1568.6139441796236,anisotropic_tuned
axis_gaussian,axis Gaussian,4,1.35,0.42,-15.0,1560.4686229793083,anisotropic_tuned
axis_gaussian,axis Gaussian,4,1.35,0.42,0.0,1544.9515460963885,anisotropic_tuned
axis_gaussian,axis Gaussian,4,1.35,0.42,15.0,1557.4292472619723,anisotropic_tuned
axis_gaussian,axis Gaussian,4,1.35,0.42,35.0,1569.9495859446647,anisotropic_tuned
axis_gaussian,axis Gaussian,4,1.35,0.42,55.0,1590.9566011471502,anisotropic_tuned
axis_gaussian,axis Gaussian,4,1.35,0.65,-55.0,1509.291037246457,anisotropic_tuned
axis_gaussian,axis Gaussian,4,1.35,0.65,-35.0,1492.3903714133662,anisotropic_tuned
axis_gaussian,axis Gaussian,4,1.35,0.65,-15.0,1484.7088570577262,anisotropic_tuned
axis_gaussian,axis Gaussian,4,1.35,0.65,0.0,1483.9268529337705,anisotropic_tuned
axis_gaussian,axis Gaussian,4,1.35,0.65,15.0,1485.2033377402768,anisotropic_tuned
axis_gaussian,axis Gaussian,4,1.35,0.65,35.0,1488.920305122947,anisotropic_tuned
axis_gaussian,axis Gaussian,4,1.35,0.65,55.0,1503.4397565349218,anisotropic_tuned
axis_gaussian,axis Gaussian,4,1.35,0.9,-55.0,1461.3916251470491,anisotropic_tuned
axis_gaussian,axis Gaussian,4,1.35,0.9,-35.0,1448.9539119578026,anisotropic_tuned
axis_gaussian,axis Gaussian,4,1.35,0.9,-15.0,1439.2325352234138,anisotropic_tuned
axis_gaussian,axis Gaussian,4,1.35,0.9,0.0,1436.749540411512,anisotropic_tuned
axis_gaussian,axis Gaussian,4,1.35,0.9,15.0,1438.1857203870763,anisotropic_tuned
axis_gaussian,axis Gaussian,4,1.35,0.9,35.0,1446.1604880576497,anisotropic_tuned
axis_gaussian,axis Gaussian,4,1.35,0.9,55.0,1459.3732931981608,anisotropic_tuned
axis_gaussian,axis Gaussian,4,1.75,0.18,-55.0,1751.7023192552515,anisotropic_tuned
axis_gaussian,axis Gaussian,4,1.75,0.18,-35.0,1749.0356646953655,anisotropic_tuned
axis_gaussian,axis Gaussian,4,1.75,0.18,-15.0,1715.0295197091077,anisotropic_tuned
axis_gaussian,axis Gaussian,4,1.75,0.18,0.0,1537.2260522328165,anisotropic_tuned
axis_gaussian,axis Gaussian,4,1.75,0.18,15.0,1715.515444804017,anisotropic_tuned
axis_gaussian,axis Gaussian,4,1.75,0.18,35.0,1755.1350746852881,anisotropic_tuned
axis_gaussian,axis Gaussian,4,1.75,0.18,55.0,1752.6502816657444,anisotropic_tuned
axis_gaussian,axis Gaussian,4,1.75,0.28,-55.0,1685.7200527473624,anisotropic_tuned
axis_gaussian,axis Gaussian,4,1.75,0.28,-35.0,1642.6218620574941,anisotropic_tuned
axis_gaussian,axis Gaussian,4,1.75,0.28,-15.0,1602.709615540049,anisotropic_tuned
axis_gaussian,axis Gaussian,4,1.75,0.28,0.0,1531.0384909694085,anisotropic_tuned
axis_gaussian,axis Gaussian,4,1.75,0.28,15.0,1603.12935263301,anisotropic_tuned
axis_gaussian,axis Gaussian,4,1.75,0.28,35.0,1644.0576397945447,anisotropic_tuned
axis_gaussian,axis Gaussian,4,1.75,0.28,55.0,1685.2979255183218,anisotropic_tuned
axis_gaussian,axis Gaussian,4,1.75,0.42,-55.0,1605.3968618283338,anisotropic_tuned
axis_gaussian,axis Gaussian,4,1.75,0.42,-35.0,1553.0248595115404,anisotropic_tuned
axis_gaussian,axis Gaussian,4,1.75,0.42,-15.0,1530.26379075064,anisotropic_tuned
axis_gaussian,axis Gaussian,4,1.75,0.42,0.0,1509.2430834304319,anisotropic_tuned
axis_gaussian,axis Gaussian,4,1.75,0.42,15.0,1523.7470341218154,anisotropic_tuned
axis_gaussian,axis Gaussian,4,1.75,0.42,35.0,1550.8463065070268,anisotropic_tuned
axis_gaussian,axis Gaussian,4,1.75,0.42,55.0,1602.2131629937903,anisotropic_tuned
axis_gaussian,axis Gaussian,4,1.75,0.65,-55.0,1527.9103667057761,anisotropic_tuned
axis_gaussian,axis Gaussian,4,1.75,0.65,-35.0,1492.1177357241904,anisotropic_tuned
axis_gaussian,axis Gaussian,4,1.75,0.65,-15.0,1461.62332271379,anisotropic_tuned
axis_gaussian,axis Gaussian,4,1.75,0.65,0.0,1455.7571606023143,anisotropic_tuned
axis_gaussian,axis Gaussian,4,1.75,0.65,15.0,1460.5612570113008,anisotropic_tuned
axis_gaussian,axis Gaussian,4,1.75,0.65,35.0,1482.281430443249,anisotropic_tuned
axis_gaussian,axis Gaussian,4,1.75,0.65,55.0,1523.870717806416,anisotropic_tuned
axis_gaussian,axis Gaussian,4,1.75,0.9,-55.0,1486.8611606459426,anisotropic_tuned
axis_gaussian,axis Gaussian,4,1.75,0.9,-35.0,1456.1806073341,anisotropic_tuned
axis_gaussian,axis Gaussian,4,1.75,0.9,-15.0,1425.3058851899636,anisotropic_tuned
axis_gaussian,axis Gaussian,4,1.75,0.9,0.0,1416.1386795581525,anisotropic_tuned
axis_gaussian,axis Gaussian,4,1.75,0.9,15.0,1420.4734449429757,anisotropic_tuned
axis_gaussian,axis Gaussian,4,1.75,0.9,35.0,1448.6633526780206,anisotropic_tuned
axis_gaussian,axis Gaussian,4,1.75,0.9,55.0,1486.760002755991,anisotropic_tuned
axis_gaussian,axis Gaussian,5,0.55,0.18,-55.0,1945.6047672593406,anisotropic_tuned
axis_gaussian,axis Gaussian,5,0.55,0.18,-35.0,1945.3905263270856,anisotropic_tuned
axis_gaussian,axis Gaussian,5,0.55,0.18,-15.0,1903.5537255876661,anisotropic_tuned
axis_gaussian,axis Gaussian,5,0.55,0.18,0.0,1829.4182136475001,anisotropic_tuned
axis_gaussian,axis Gaussian,5,0.55,0.18,15.0,1903.549539765571,anisotropic_tuned
axis_gaussian,axis Gaussian,5,0.55,0.18,35.0,1945.3266525856359,anisotropic_tuned
axis_gaussian,axis Gaussian,5,0.55,0.18,55.0,1945.5131609220596,anisotropic_tuned
axis_gaussian,axis Gaussian,5,0.55,0.28,-55.0,1886.7883465884727,anisotropic_tuned
axis_gaussian,axis Gaussian,5,0.55,0.28,-35.0,1886.4157326187021,anisotropic_tuned
axis_gaussian,axis Gaussian,5,0.55,0.28,-15.0,1845.7249572783492,anisotropic_tuned
axis_gaussian,axis Gaussian,5,0.55,0.28,0.0,1818.2801107079592,anisotropic_tuned
axis_gaussian,axis Gaussian,5,0.55,0.28,15.0,1845.6159734592986,anisotropic_tuned
axis_gaussian,axis Gaussian,5,0.55,0.28,35.0,1886.297154590276,anisotropic_tuned
axis_gaussian,axis Gaussian,5,0.55,0.28,55.0,1886.6347870951843,anisotropic_tuned
axis_gaussian,axis Gaussian,5,0.55,0.42,-55.0,1781.0598186337377,anisotropic_tuned
axis_gaussian,axis Gaussian,5,0.55,0.42,-35.0,1780.3186839915668,anisotropic_tuned
axis_gaussian,axis Gaussian,5,0.55,0.42,-15.0,1771.0485056529683,anisotropic_tuned
axis_gaussian,axis Gaussian,5,0.55,0.42,0.0,1767.7496890603074,anisotropic_tuned
axis_gaussian,axis Gaussian,5,0.55,0.42,15.0,1771.7304690595665,anisotropic_tuned
axis_gaussian,axis Gaussian,5,0.55,0.42,35.0,1781.092774189483,anisotropic_tuned
axis_gaussian,axis Gaussian,5,0.55,0.42,55.0,1781.9294904746064,anisotropic_tuned
axis_gaussian,axis Gaussian,5,0.55,0.65,-55.0,1652.351930470588,anisotropic_tuned
axis_gaussian,axis Gaussian,5,0.55,0.65,-35.0,1653.1893936522056,anisotropic_tuned
axis_gaussian,axis Gaussian,5,0.55,0.65,-15.0,1652.7515060960734,anisotropic_tuned
axis_gaussian,axis Gaussian,5,0.55,0.65,0.0,1652.5272714671087,anisotropic_tuned
axis_gaussian,axis Gaussian,5,0.55,0.65,15.0,1652.9707934319727,anisotropic_tuned
axis_gaussian,axis Gaussian,5,0.55,0.65,35.0,1653.582749653231,anisotropic_tuned
axis_gaussian,axis Gaussian,5,0.55,0.65,55.0,1652.8811392336897,anisotropic_tuned
axis_gaussian,axis Gaussian,5,0.55,0.9,-55.0,1568.5986443198644,anisotropic_tuned
axis_gaussian,axis Gaussian,5,0.55,0.9,-35.0,1572.5912505593283,anisotropic_tuned
axis_gaussian,axis Gaussian,5,0.55,0.9,-15.0,1574.9532889869502,anisotropic_tuned
axis_gaussian,axis Gaussian,5,0.55,0.9,0.0,1574.4726491266222,anisotropic_tuned
axis_gaussian,axis Gaussian,5,0.55,0.9,15.0,1575.7335627781147,anisotropic_tuned
axis_gaussian,axis Gaussian,5,0.55,0.9,35.0,1576.914400336367,anisotropic_tuned
axis_gaussian,axis Gaussian,5,0.55,0.9,55.0,1573.7374775518483,anisotropic_tuned
axis_gaussian,axis Gaussian,5,0.75,0.18,-55.0,1900.4375230544624,anisotropic_tuned
axis_gaussian,axis Gaussian,5,0.75,0.18,-35.0,1900.0519512098035,anisotropic_tuned
axis_gaussian,axis Gaussian,5,0.75,0.18,-15.0,1846.1255800433369,anisotropic_tuned
axis_gaussian,axis Gaussian,5,0.75,0.18,0.0,1711.1368208817903,anisotropic_tuned
axis_gaussian,axis Gaussian,5,0.75,0.18,15.0,1846.1697963259694,anisotropic_tuned
axis_gaussian,axis Gaussian,5,0.75,0.18,35.0,1899.8094357973314,anisotropic_tuned
axis_gaussian,axis Gaussian,5,0.75,0.18,55.0,1900.237126694062,anisotropic_tuned
axis_gaussian,axis Gaussian,5,0.75,0.28,-55.0,1814.2856839051701,anisotropic_tuned
axis_gaussian,axis Gaussian,5,0.75,0.28,-35.0,1813.1657777213409,anisotropic_tuned
axis_gaussian,axis Gaussian,5,0.75,0.28,-15.0,1752.1667634490461,anisotropic_tuned
axis_gaussian,axis Gaussian,5,0.75,0.28,0.0,1702.3183430893214,anisotropic_tuned
axis_gaussian,axis Gaussian,5,0.75,0.28,15.0,1751.847551541741,anisotropic_tuned
axis_gaussian,axis Gaussian,5,0.75,0.28,35.0,1811.9863449101883,anisotropic_tuned
axis_gaussian,axis Gaussian,5,0.75,0.28,55.0,1813.0281442600483,anisotropic_tuned
axis_gaussian,axis Gaussian,5,0.75,0.42,-55.0,1695.3740675158642,anisotropic_tuned
axis_gaussian,axis Gaussian,5,0.75,0.42,-35.0,1692.7162078030397,anisotropic_tuned
axis_gaussian,axis Gaussian,5,0.75,0.42,-15.0,1672.8731852063288,anisotropic_tuned
axis_gaussian,axis Gaussian,5,0.75,0.42,0.0,1662.9320194205743,anisotropic_tuned
axis_gaussian,axis Gaussian,5,0.75,0.42,15.0,1672.2009115120711,anisotropic_tuned
axis_gaussian,axis Gaussian,5,0.75,0.42,35.0,1691.340957480657,anisotropic_tuned
axis_gaussian,axis Gaussian,5,0.75,0.42,55.0,1694.7250350970323,anisotropic_tuned
axis_gaussian,axis Gaussian,5,0.75,0.65,-55.0,1572.8729737710748,anisotropic_tuned
axis_gaussian,axis Gaussian,5,0.75,0.65,-35.0,1571.768247508252,anisotropic_tuned
axis_gaussian,axis Gaussian,5,0.75,0.65,-15.0,1570.4824640257607,anisotropic_tuned
axis_gaussian,axis Gaussian,5,0.75,0.65,0.0,1569.861600992664,anisotropic_tuned
axis_gaussian,axis Gaussian,5,0.75,0.65,15.0,1569.7540982464388,anisotropic_tuned
axis_gaussian,axis Gaussian,5,0.75,0.65,35.0,1570.3648355383561,anisotropic_tuned
axis_gaussian,axis Gaussian,5,0.75,0.65,55.0,1571.48897053052,anisotropic_tuned
axis_gaussian,axis Gaussian,5,0.75,0.9,-55.0,1503.625056261084,anisotropic_tuned
axis_gaussian,axis Gaussian,5,0.75,0.9,-35.0,1505.2172722641214,anisotropic_tuned
axis_gaussian,axis Gaussian,5,0.75,0.9,-15.0,1506.9073568080807,anisotropic_tuned
axis_gaussian,axis Gaussian,5,0.75,0.9,0.0,1507.7900203861361,anisotropic_tuned
axis_gaussian,axis Gaussian,5,0.75,0.9,15.0,1508.1432010007222,anisotropic_tuned
axis_gaussian,axis Gaussian,5,0.75,0.9,35.0,1507.700956661445,anisotropic_tuned
axis_gaussian,axis Gaussian,5,0.75,0.9,55.0,1506.5421027285809,anisotropic_tuned
axis_gaussian,axis Gaussian,5,1.0,0.18,-55.0,1844.6024493351938,anisotropic_tuned
axis_gaussian,axis Gaussian,5,1.0,0.18,-35.0,1843.96346709618,anisotropic_tuned
axis_gaussian,axis Gaussian,5,1.0,0.18,-15.0,1794.9108460299226,anisotropic_tuned
axis_gaussian,axis Gaussian,5,1.0,0.18,0.0,1627.908878731114,anisotropic_tuned
axis_gaussian,axis Gaussian,5,1.0,0.18,15.0,1794.8650295041411,anisotropic_tuned
axis_gaussian,axis Gaussian,5,1.0,0.18,35.0,1842.740339462522,anisotropic_tuned
axis_gaussian,axis Gaussian,5,1.0,0.18,55.0,1843.980586006368,anisotropic_tuned
axis_gaussian,axis Gaussian,5,1.0,0.28,-55.0,1740.3883937753403,anisotropic_tuned
axis_gaussian,axis Gaussian,5,1.0,0.28,-35.0,1737.177515487045,anisotropic_tuned
axis_gaussian,axis Gaussian,5,1.0,0.28,-15.0,1682.1701200200323,anisotropic_tuned
axis_gaussian,axis Gaussian,5,1.0,0.28,0.0,1620.4676563380992,anisotropic_tuned
axis_gaussian,axis Gaussian,5,1.0,0.28,15.0,1682.788114537047,anisotropic_tuned
axis_gaussian,axis Gaussian,5,1.0,0.28,35.0,1732.6744299202828,anisotropic_tuned
axis_gaussian,axis Gaussian,5,1.0,0.28,55.0,1737.2934945644336,anisotropic_tuned
axis_gaussian,axis Gaussian,5,1.0,0.42,-55.0,1625.9812018867844,anisotropic_tuned
axis_gaussian,axis Gaussian,5,1.0,0.42,-35.0,1620.280640474927,anisotropic_tuned
axis_gaussian,axis Gaussian,5,1.0,0.42,-15.0,1603.71384017198,anisotropic_tuned
axis_gaussian,axis Gaussian,5,1.0,0.42,0.0,1588.3047653876883,anisotropic_tuned
axis_gaussian,axis Gaussian,5,1.0,0.42,15.0,1600.5203753353858,anisotropic_tuned
axis_gaussian,axis Gaussian,5,1.0,0.42,35.0,1614.5224932837943,anisotropic_tuned
axis_gaussian,axis Gaussian,5,1.0,0.42,55.0,1622.620905554496,anisotropic_tuned
axis_gaussian,axis Gaussian,5,1.0,0.65,-55.0,1519.557347127305,anisotropic_tuned
axis_gaussian,axis Gaussian,5,1.0,0.65,-35.0,1517.1123792171422,anisotropic_tuned
axis_gaussian,axis Gaussian,5,1.0,0.65,-15.0,1513.5736363228793,anisotropic_tuned
axis_gaussian,axis Gaussian,5,1.0,0.65,0.0,1511.0038656269207,anisotropic_tuned
axis_gaussian,axis Gaussian,5,1.0,0.65,15.0,1510.4000061680676,anisotropic_tuned
axis_gaussian,axis Gaussian,5,1.0,0.65,35.0,1511.435171627597,anisotropic_tuned
axis_gaussian,axis Gaussian,5,1.0,0.65,55.0,1516.2123309551303,anisotropic_tuned
axis_gaussian,axis Gaussian,5,1.0,0.9,-55.0,1462.8212969596761,anisotropic_tuned
axis_gaussian,axis Gaussian,5,1.0,0.9,-35.0,1461.5690733030847,anisotropic_tuned
axis_gaussian,axis Gaussian,5,1.0,0.9,-15.0,1460.5528530864115,anisotropic_tuned
axis_gaussian,axis Gaussian,5,1.0,0.9,0.0,1460.1516887566129,anisotropic_tuned
axis_gaussian,axis Gaussian,5,1.0,0.9,15.0,1460.1306853749904,anisotropic_tuned
axis_gaussian,axis Gaussian,5,1.0,0.9,35.0,1460.72583415213,anisotropic_tuned
axis_gaussian,axis Gaussian,5,1.0,0.9,55.0,1461.9120455969742,anisotropic_tuned
axis_gaussian,axis Gaussian,5,1.35,0.18,-55.0,1786.5391027420947,anisotropic_tuned
axis_gaussian,axis Gaussian,5,1.35,0.18,-35.0,1787.1372168753562,anisotropic_tuned
axis_gaussian,axis Gaussian,5,1.35,0.18,-15.0,1745.6179006849063,anisotropic_tuned
axis_gaussian,axis Gaussian,5,1.35,0.18,0.0,1566.342276268536,anisotropic_tuned
axis_gaussian,axis Gaussian,5,1.35,0.18,15.0,1745.5533796315979,anisotropic_tuned
axis_gaussian,axis Gaussian,5,1.35,0.18,35.0,1782.0211016582714,anisotropic_tuned
axis_gaussian,axis Gaussian,5,1.35,0.18,55.0,1783.419827884049,anisotropic_tuned
axis_gaussian,axis Gaussian,5,1.35,0.28,-55.0,1689.183051028684,anisotropic_tuned
axis_gaussian,axis Gaussian,5,1.35,0.28,-35.0,1673.227626351219,anisotropic_tuned
axis_gaussian,axis Gaussian,5,1.35,0.28,-15.0,1627.0569997817631,anisotropic_tuned
axis_gaussian,axis Gaussian,5,1.35,0.28,0.0,1559.7470079147745,anisotropic_tuned
axis_gaussian,axis Gaussian,5,1.35,0.28,15.0,1629.4595780346283,anisotropic_tuned
axis_gaussian,axis Gaussian,5,1.35,0.28,35.0,1666.8857278199478,anisotropic_tuned
axis_gaussian,axis Gaussian,5,1.35,0.28,55.0,1688.2003435233532,anisotropic_tuned
axis_gaussian,axis Gaussian,5,1.35,0.42,-55.0,1583.489403551018,anisotropic_tuned
axis_gaussian,axis Gaussian,5,1.35,0.42,-35.0,1564.7548853092796,anisotropic_tuned
axis_gaussian,axis Gaussian,5,1.35,0.42,-15.0,1548.0387572241432,anisotropic_tuned
axis_gaussian,axis Gaussian,5,1.35,0.42,0.0,1532.6103992780388,anisotropic_tuned
axis_gaussian,axis Gaussian,5,1.35,0.42,15.0,1550.675767921485,anisotropic_tuned
axis_gaussian,axis Gaussian,5,1.35,0.42,35.0,1559.9030803819583,anisotropic_tuned
axis_gaussian,axis Gaussian,5,1.35,0.42,55.0,1586.012882610409,anisotropic_tuned
axis_gaussian,axis Gaussian,5,1.35,0.65,-55.0,1494.205248496085,anisotropic_tuned
axis_gaussian,axis Gaussian,5,1.35,0.65,-35.0,1478.5833670705504,anisotropic_tuned
axis_gaussian,axis Gaussian,5,1.35,0.65,-15.0,1469.3306526330753,anisotropic_tuned
axis_gaussian,axis Gaussian,5,1.35,0.65,0.0,1467.525899543515,anisotropic_tuned
axis_gaussian,axis Gaussian,5,1.35,0.65,15.0,1469.8420651646109,anisotropic_tuned
axis_gaussian,axis Gaussian,5,1.35,0.65,35.0,1477.0297257214413,anisotropic_tuned
axis_gaussian,axis Gaussian,5,1.35,0.65,55.0,1494.2408035040276,anisotropic_tuned
axis_gaussian,axis Gaussian,5,1.35,0.9,-55.0,1449.7052469097719,anisotropic_tuned
axis_gaussian,axis Gaussian,5,1.35,0.9,-35.0,1434.0692767303356,anisotropic_tuned
axis_gaussian,axis Gaussian,5,1.35,0.9,-15.0,1424.706497441733,anisotropic_tuned
axis_gaussian,axis Gaussian,5,1.35,0.9,0.0,1424.2142630543963,anisotropic_tuned
axis_gaussian,axis Gaussian,5,1.35,0.9,15.0,1427.675074722,anisotropic_tuned
axis_gaussian,axis Gaussian,5,1.35,0.9,35.0,1437.0701111848612,anisotropic_tuned
axis_gaussian,axis Gaussian,5,1.35,0.9,55.0,1449.3540146422533,anisotropic_tuned
axis_gaussian,axis Gaussian,5,1.75,0.18,-55.0,1751.0053274523957,anisotropic_tuned
axis_gaussian,axis Gaussian,5,1.75,0.18,-35.0,1752.8665857034866,anisotropic_tuned
axis_gaussian,axis Gaussian,5,1.75,0.18,-15.0,1703.616499912853,anisotropic_tuned
axis_gaussian,axis Gaussian,5,1.75,0.18,0.0,1529.9159343233796,anisotropic_tuned
axis_gaussian,axis Gaussian,5,1.75,0.18,15.0,1703.176797351515,anisotropic_tuned
axis_gaussian,axis Gaussian,5,1.75,0.18,35.0,1744.4277649906996,anisotropic_tuned
axis_gaussian,axis Gaussian,5,1.75,0.18,55.0,1743.7365984175713,anisotropic_tuned
axis_gaussian,axis Gaussian,5,1.75,0.28,-55.0,1691.013064258658,anisotropic_tuned
axis_gaussian,axis Gaussian,5,1.75,0.28,-35.0,1655.3909707763958,anisotropic_tuned
axis_gaussian,axis Gaussian,5,1.75,0.28,-15.0,1592.5565044420914,anisotropic_tuned
axis_gaussian,axis Gaussian,5,1.75,0.28,0.0,1523.060668429894,anisotropic_tuned
axis_gaussian,axis Gaussian,5,1.75,0.28,15.0,1592.0747703309883,anisotropic_tuned
axis_gaussian,axis Gaussian,5,1.75,0.28,35.0,1644.7174370883442,anisotropic_tuned
axis_gaussian,axis Gaussian,5,1.75,0.28,55.0,1686.1639277864688,anisotropic_tuned
axis_gaussian,axis Gaussian,5,1.75,0.42,-55.0,1598.3169479306819,anisotropic_tuned
axis_gaussian,axis Gaussian,5,1.75,0.42,-35.0,1556.3984692789602,anisotropic_tuned
axis_gaussian,axis Gaussian,5,1.75,0.42,-15.0,1519.228032475897,anisotropic_tuned
axis_gaussian,axis Gaussian,5,1.75,0.42,0.0,1499.195448462312,anisotropic_tuned
axis_gaussian,axis Gaussian,5,1.75,0.42,15.0,1523.2742728546962,anisotropic_tuned
axis_gaussian,axis Gaussian,5,1.75,0.42,35.0,1551.1916169001556,anisotropic_tuned
axis_gaussian,axis Gaussian,5,1.75,0.42,55.0,1597.2423409149208,anisotropic_tuned
axis_gaussian,axis Gaussian,5,1.75,0.65,-55.0,1523.5279537202866,anisotropic_tuned
axis_gaussian,axis Gaussian,5,1.75,0.65,-35.0,1481.7430619672423,anisotropic_tuned
axis_gaussian,axis Gaussian,5,1.75,0.65,-15.0,1450.1427029341016,anisotropic_tuned
axis_gaussian,axis Gaussian,5,1.75,0.65,0.0,1443.754521578807,anisotropic_tuned
axis_gaussian,axis Gaussian,5,1.75,0.65,15.0,1451.9688540913698,anisotropic_tuned
axis_gaussian,axis Gaussian,5,1.75,0.65,35.0,1479.832228080569,anisotropic_tuned
axis_gaussian,axis Gaussian,5,1.75,0.65,55.0,1517.3719111435273,anisotropic_tuned
axis_gaussian,axis Gaussian,5,1.75,0.9,-55.0,1487.4470355798592,anisotropic_tuned
axis_gaussian,axis Gaussian,5,1.75,0.9,-35.0,1446.4435004403645,anisotropic_tuned
axis_gaussian,axis Gaussian,5,1.75,0.9,-15.0,1413.2175694563125,anisotropic_tuned
axis_gaussian,axis Gaussian,5,1.75,0.9,0.0,1407.9368310389498,anisotropic_tuned
axis_gaussian,axis Gaussian,5,1.75,0.9,15.0,1418.6206812534756,anisotropic_tuned
axis_gaussian,axis Gaussian,5,1.75,0.9,35.0,1447.2042926553836,anisotropic_tuned
axis_gaussian,axis Gaussian,5,1.75,0.9,55.0,1479.777356991762,anisotropic_tuned
axis_gaussian,axis Gaussian,6,0.55,0.18,-55.0,1952.6552234537753,anisotropic_tuned
axis_gaussian,axis Gaussian,6,0.55,0.18,-35.0,1952.3358082505224,anisotropic_tuned
axis_gaussian,axis Gaussian,6,0.55,0.18,-15.0,1910.362890958812,anisotropic_tuned
axis_gaussian,axis Gaussian,6,0.55,0.18,0.0,1836.5988455563916,anisotropic_tuned
axis_gaussian,axis Gaussian,6,0.55,0.18,15.0,1910.3455392566302,anisotropic_tuned
axis_gaussian,axis Gaussian,6,0.55,0.18,35.0,1952.2743006298165,anisotropic_tuned
axis_gaussian,axis Gaussian,6,0.55,0.18,55.0,1952.5406448145777,anisotropic_tuned
axis_gaussian,axis Gaussian,6,0.55,0.28,-55.0,1893.664790310998,anisotropic_tuned
axis_gaussian,axis Gaussian,6,0.55,0.28,-35.0,1893.0325671706682,anisotropic_tuned
axis_gaussian,axis Gaussian,6,0.55,0.28,-15.0,1852.4156655045344,anisotropic_tuned
axis_gaussian,axis Gaussian,6,0.55,0.28,0.0,1825.7034237813273,anisotropic_tuned
axis_gaussian,axis Gaussian,6,0.55,0.28,15.0,1852.4369904542618,anisotropic_tuned
axis_gaussian,axis Gaussian,6,0.55,0.28,35.0,1893.0084906159518,anisotropic_tuned
axis_gaussian,axis Gaussian,6,0.55,0.28,55.0,1893.5636891578151,anisotropic_tuned
axis_gaussian,axis Gaussian,6,0.55,0.42,-55.0,1788.3685473114383,anisotropic_tuned
axis_gaussian,axis Gaussian,6,0.55,0.42,-35.0,1787.6626722900019,anisotropic_tuned
axis_gaussian,axis Gaussian,6,0.55,0.42,-15.0,1778.6657468367052,anisotropic_tuned
axis_gaussian,axis Gaussian,6,0.55,0.42,0.0,1775.3452048095933,anisotropic_tuned
axis_gaussian,axis Gaussian,6,0.55,0.42,15.0,1778.9862219496054,anisotropic_tuned
axis_gaussian,axis Gaussian,6,0.55,0.42,35.0,1787.6364945038677,anisotropic_tuned
axis_gaussian,axis Gaussian,6,0.55,0.42,55.0,1787.9720809132887,anisotropic_tuned
axis_gaussian,axis Gaussian,6,0.55,0.65,-55.0,1661.569016318298,anisotropic_tuned
axis_gaussian,axis Gaussian,6,0.55,0.65,-35.0,1662.7016780087347,anisotropic_tuned
axis_gaussian,axis Gaussian,6,0.55,0.65,-15.0,1663.2908744307238,anisotropic_tuned
axis_gaussian,axis Gaussian,6,0.55,0.65,0.0,1663.6478784580859,anisotropic_tuned
axis_gaussian,axis Gaussian,6,0.55,0.65,15.0,1663.9845642293913,anisotropic_tuned
axis_gaussian,axis Gaussian,6,0.55,0.65,35.0,1663.7913632429954,anisotropic_tuned
axis_gaussian,axis Gaussian,6,0.55,0.65,55.0,1662.5926084219518,anisotropic_tuned
axis_gaussian,axis Gaussian,6,0.55,0.9,-55.0,1581.7803487604037,anisotropic_tuned
axis_gaussian,axis Gaussian,6,0.55,0.9,-35.0,1585.9199406021953,anisotropic_tuned
axis_gaussian,axis Gaussian,6,0.55,0.9,-15.0,1589.2243266877117,anisotropic_tuned
axis_gaussian,axis Gaussian,6,0.55,0.9,0.0,1588.3539198808571,anisotropic_tuned
axis_gaussian,axis Gaussian,6,0.55,0.9,15.0,1589.7578225307066,anisotropic_tuned
axis_gaussian,axis Gaussian,6,0.55,0.9,35.0,1587.1281745703313,anisotropic_tuned
axis_gaussian,axis Gaussian,6,0.55,0.9,55.0,1581.4653808240328,anisotropic_tuned
axis_gaussian,axis Gaussian,6,0.75,0.18,-55.0,1907.1571761534765,anisotropic_tuned
axis_gaussian,axis Gaussian,6,0.75,0.18,-35.0,1906.5750687835957,anisotropic_tuned
axis_gaussian,axis Gaussian,6,0.75,0.18,-15.0,1853.192633430679,anisotropic_tuned
axis_gaussian,axis Gaussian,6,0.75,0.18,0.0,1719.190442972456,anisotropic_tuned
axis_gaussian,axis Gaussian,6,0.75,0.18,15.0,1853.058444262006,anisotropic_tuned
axis_gaussian,axis Gaussian,6,0.75,0.18,35.0,1906.446680875075,anisotropic_tuned
axis_gaussian,axis Gaussian,6,0.75,0.18,55.0,1906.9206883617935,anisotropic_tuned
axis_gaussian,axis Gaussian,6,0.75,0.28,-55.0,1820.9583230818366,anisotropic_tuned
axis_gaussian,axis Gaussian,6,0.75,0.28,-35.0,1818.8645305174023,anisotropic_tuned
axis_gaussian,axis Gaussian,6,0.75,0.28,-15.0,1760.159003161892,anisotropic_tuned
axis_gaussian,axis Gaussian,6,0.75,0.28,0.0,1710.558152908533,anisotropic_tuned
axis_gaussian,axis Gaussian,6,0.75,0.28,15.0,1760.4247708744597,anisotropic_tuned
axis_gaussian,axis Gaussian,6,0.75,0.28,35.0,1818.9291698718694,anisotropic_tuned
axis_gaussian,axis Gaussian,6,0.75,0.28,55.0,1820.869831766413,anisotropic_tuned
axis_gaussian,axis Gaussian,6,0.75,0.42,-55.0,1702.5222575705848,anisotropic_tuned
axis_gaussian,axis Gaussian,6,0.75,0.42,-35.0,1698.760241133712,anisotropic_tuned
axis_gaussian,axis Gaussian,6,0.75,0.42,-15.0,1680.8372295129416,anisotropic_tuned
axis_gaussian,axis Gaussian,6,0.75,0.42,0.0,1672.0789927587548,anisotropic_tuned
axis_gaussian,axis Gaussian,6,0.75,0.42,15.0,1681.303673252391,anisotropic_tuned
axis_gaussian,axis Gaussian,6,0.75,0.42,35.0,1699.1775181257094,anisotropic_tuned
axis_gaussian,axis Gaussian,6,0.75,0.42,55.0,1701.7555487212817,anisotropic_tuned
axis_gaussian,axis Gaussian,6,0.75,0.65,-55.0,1585.493421338566,anisotropic_tuned
axis_gaussian,axis Gaussian,6,0.75,0.65,-35.0,1583.9719884434621,anisotropic_tuned
axis_gaussian,axis Gaussian,6,0.75,0.65,-15.0,1582.8457441268674,anisotropic_tuned
axis_gaussian,axis Gaussian,6,0.75,0.65,0.0,1582.5949554486392,anisotropic_tuned
axis_gaussian,axis Gaussian,6,0.75,0.65,15.0,1582.865574348693,anisotropic_tuned
axis_gaussian,axis Gaussian,6,0.75,0.65,35.0,1583.861035292252,anisotropic_tuned
axis_gaussian,axis Gaussian,6,0.75,0.65,55.0,1585.2332608463767,anisotropic_tuned
axis_gaussian,axis Gaussian,6,0.75,0.9,-55.0,1518.9907242027934,anisotropic_tuned
axis_gaussian,axis Gaussian,6,0.75,0.9,-35.0,1520.6639277587751,anisotropic_tuned
axis_gaussian,axis Gaussian,6,0.75,0.9,-15.0,1521.7253676702057,anisotropic_tuned
axis_gaussian,axis Gaussian,6,0.75,0.9,0.0,1521.9715941303725,anisotropic_tuned
axis_gaussian,axis Gaussian,6,0.75,0.9,15.0,1521.6000468057596,anisotropic_tuned
axis_gaussian,axis Gaussian,6,0.75,0.9,35.0,1520.162446776675,anisotropic_tuned
axis_gaussian,axis Gaussian,6,0.75,0.9,55.0,1518.3820548318417,anisotropic_tuned
axis_gaussian,axis Gaussian,6,1.0,0.18,-55.0,1849.673496425004,anisotropic_tuned
axis_gaussian,axis Gaussian,6,1.0,0.18,-35.0,1849.2784806704417,anisotropic_tuned
axis_gaussian,axis Gaussian,6,1.0,0.18,-15.0,1802.1546172916824,anisotropic_tuned
axis_gaussian,axis Gaussian,6,1.0,0.18,0.0,1635.1010859439539,anisotropic_tuned
axis_gaussian,axis Gaussian,6,1.0,0.18,15.0,1802.298728302339,anisotropic_tuned
axis_gaussian,axis Gaussian,6,1.0,0.18,35.0,1849.1808770199482,anisotropic_tuned
axis_gaussian,axis Gaussian,6,1.0,0.18,55.0,1850.001559749238,anisotropic_tuned
axis_gaussian,axis Gaussian,6,1.0,0.28,-55.0,1745.7787750672915,anisotropic_tuned
axis_gaussian,axis Gaussian,6,1.0,0.28,-35.0,1738.9399622589117,anisotropic_tuned
axis_gaussian,axis Gaussian,6,1.0,0.28,-15.0,1690.163582170952,anisotropic_tuned
axis_gaussian,axis Gaussian,6,1.0,0.28,0.0,1628.2971198147534,anisotropic_tuned
axis_gaussian,axis Gaussian,6,1.0,0.28,15.0,1689.8677371127915,anisotropic_tuned
axis_gaussian,axis Gaussian,6,1.0,0.28,35.0,1741.3516369735785,anisotropic_tuned
axis_gaussian,axis Gaussian,6,1.0,0.28,55.0,1745.0694156892623,anisotropic_tuned
axis_gaussian,axis Gaussian,6,1.0,0.42,-55.0,1632.1036600290818,anisotropic_tuned
axis_gaussian,axis Gaussian,6,1.0,0.42,-35.0,1623.0125993462843,anisotropic_tuned
axis_gaussian,axis Gaussian,6,1.0,0.42,-15.0,1607.6175108568495,anisotropic_tuned
axis_gaussian,axis Gaussian,6,1.0,0.42,0.0,1596.4981328345425,anisotropic_tuned
axis_gaussian,axis Gaussian,6,1.0,0.42,15.0,1609.3186940760252,anisotropic_tuned
axis_gaussian,axis Gaussian,6,1.0,0.42,35.0,1626.3594423182494,anisotropic_tuned
axis_gaussian,axis Gaussian,6,1.0,0.42,55.0,1630.6683419973801,anisotropic_tuned
axis_gaussian,axis Gaussian,6,1.0,0.65,-55.0,1530.7320578945305,anisotropic_tuned
axis_gaussian,axis Gaussian,6,1.0,0.65,-35.0,1525.4121717487924,anisotropic_tuned
axis_gaussian,axis Gaussian,6,1.0,0.65,-15.0,1523.435551276788,anisotropic_tuned
axis_gaussian,axis Gaussian,6,1.0,0.65,0.0,1522.6160822076754,anisotropic_tuned
axis_gaussian,axis Gaussian,6,1.0,0.65,15.0,1523.2450700296608,anisotropic_tuned
axis_gaussian,axis Gaussian,6,1.0,0.65,35.0,1527.0846722540155,anisotropic_tuned
axis_gaussian,axis Gaussian,6,1.0,0.65,55.0,1532.2939602415968,anisotropic_tuned
axis_gaussian,axis Gaussian,6,1.0,0.9,-55.0,1474.6294621742372,anisotropic_tuned
axis_gaussian,axis Gaussian,6,1.0,0.9,-35.0,1473.1997938729578,anisotropic_tuned
axis_gaussian,axis Gaussian,6,1.0,0.9,-15.0,1472.389521654051,anisotropic_tuned
axis_gaussian,axis Gaussian,6,1.0,0.9,0.0,1472.2826228117424,anisotropic_tuned
axis_gaussian,axis Gaussian,6,1.0,0.9,15.0,1472.6438046400158,anisotropic_tuned
axis_gaussian,axis Gaussian,6,1.0,0.9,35.0,1473.8828829225995,anisotropic_tuned
axis_gaussian,axis Gaussian,6,1.0,0.9,55.0,1475.5848297243774,anisotropic_tuned
axis_gaussian,axis Gaussian,6,1.35,0.18,-55.0,1789.48622023701,anisotropic_tuned
axis_gaussian,axis Gaussian,6,1.35,0.18,-35.0,1790.4035214692994,anisotropic_tuned
axis_gaussian,axis Gaussian,6,1.35,0.18,-15.0,1753.1150679959765,anisotropic_tuned
axis_gaussian,axis Gaussian,6,1.35,0.18,0.0,1564.35974645656,anisotropic_tuned
axis_gaussian,axis Gaussian,6,1.35,0.18,15.0,1753.43188878635,anisotropic_tuned
axis_gaussian,axis Gaussian,6,1.35,0.18,35.0,1788.9098012936379,anisotropic_tuned
axis_gaussian,axis Gaussian,6,1.35,0.18,55.0,1789.5429007042944,anisotropic_tuned
axis_gaussian,axis Gaussian,6,1.35,0.28,-55.0,1689.0980426399915,anisotropic_tuned
axis_gaussian,axis Gaussian,6,1.35,0.28,-35.0,1670.9176476641665,anisotropic_tuned
axis_gaussian,axis Gaussian,6,1.35,0.28,-15.0,1634.6997592438465,anisotropic_tuned
axis_gaussian,axis Gaussian,6,1.35,0.28,0.0,1558.8028288672358,anisotropic_tuned
axis_gaussian,axis Gaussian,6,1.35,0.28,15.0,1631.609480357171,anisotropic_tuned
axis_gaussian,axis Gaussian,6,1.35,0.28,35.0,1669.8576150240756,anisotropic_tuned
axis_gaussian,axis Gaussian,6,1.35,0.28,55.0,1687.435085241213,anisotropic_tuned
axis_gaussian,axis Gaussian,6,1.35,0.42,-55.0,1587.0837112103036,anisotropic_tuned
axis_gaussian,axis Gaussian,6,1.35,0.42,-35.0,1566.8216791348827,anisotropic_tuned
axis_gaussian,axis Gaussian,6,1.35,0.42,-15.0,1551.482553996963,anisotropic_tuned
axis_gaussian,axis Gaussian,6,1.35,0.42,0.0,1533.8471827266835,anisotropic_tuned
axis_gaussian,axis Gaussian,6,1.35,0.42,15.0,1550.6498312103258,anisotropic_tuned
axis_gaussian,axis Gaussian,6,1.35,0.42,35.0,1564.5997027611952,anisotropic_tuned
axis_gaussian,axis Gaussian,6,1.35,0.42,55.0,1588.6928402797903,anisotropic_tuned
axis_gaussian,axis Gaussian,6,1.35,0.65,-55.0,1500.7058047666364,anisotropic_tuned
axis_gaussian,axis Gaussian,6,1.35,0.65,-35.0,1484.771623353432,anisotropic_tuned
axis_gaussian,axis Gaussian,6,1.35,0.65,-15.0,1475.6271126829297,anisotropic_tuned
axis_gaussian,axis Gaussian,6,1.35,0.65,0.0,1472.5715232922898,anisotropic_tuned
axis_gaussian,axis Gaussian,6,1.35,0.65,15.0,1473.2224366392452,anisotropic_tuned
axis_gaussian,axis Gaussian,6,1.35,0.65,35.0,1482.7336183337407,anisotropic_tuned
axis_gaussian,axis Gaussian,6,1.35,0.65,55.0,1503.6837914293028,anisotropic_tuned
axis_gaussian,axis Gaussian,6,1.35,0.9,-55.0,1453.0479345702765,anisotropic_tuned
axis_gaussian,axis Gaussian,6,1.35,0.9,-35.0,1441.1134361295235,anisotropic_tuned
axis_gaussian,axis Gaussian,6,1.35,0.9,-15.0,1431.4408360876032,anisotropic_tuned
axis_gaussian,axis Gaussian,6,1.35,0.9,0.0,1429.7009799761759,anisotropic_tuned
axis_gaussian,axis Gaussian,6,1.35,0.9,15.0,1432.1252479295486,anisotropic_tuned
axis_gaussian,axis Gaussian,6,1.35,0.9,35.0,1441.3840741000467,anisotropic_tuned
axis_gaussian,axis Gaussian,6,1.35,0.9,55.0,1456.0760141280052,anisotropic_tuned
axis_gaussian,axis Gaussian,6,1.75,0.18,-55.0,1752.2679051167265,anisotropic_tuned
axis_gaussian,axis Gaussian,6,1.75,0.18,-35.0,1752.2976158393853,anisotropic_tuned
axis_gaussian,axis Gaussian,6,1.75,0.18,-15.0,1711.4020004067106,anisotropic_tuned
axis_gaussian,axis Gaussian,6,1.75,0.18,0.0,1520.4683834418715,anisotropic_tuned
axis_gaussian,axis Gaussian,6,1.75,0.18,15.0,1712.5477951499465,anisotropic_tuned
axis_gaussian,axis Gaussian,6,1.75,0.18,35.0,1748.5914759914326,anisotropic_tuned
axis_gaussian,axis Gaussian,6,1.75,0.18,55.0,1748.9413968048611,anisotropic_tuned
axis_gaussian,axis Gaussian,6,1.75,0.28,-55.0,1688.039864907982,anisotropic_tuned
axis_gaussian,axis Gaussian,6,1.75,0.28,-35.0,1646.8662609686376,anisotropic_tuned
axis_gaussian,axis Gaussian,6,1.75,0.28,-15.0,1597.4373238226808,anisotropic_tuned
axis_gaussian,axis Gaussian,6,1.75,0.28,0.0,1514.6751651956797,anisotropic_tuned
axis_gaussian,axis Gaussian,6,1.75,0.28,15.0,1594.4631253771981,anisotropic_tuned
axis_gaussian,axis Gaussian,6,1.75,0.28,35.0,1636.5571984604212,anisotropic_tuned
axis_gaussian,axis Gaussian,6,1.75,0.28,55.0,1682.7624775678419,anisotropic_tuned
axis_gaussian,axis Gaussian,6,1.75,0.42,-55.0,1596.9411657254318,anisotropic_tuned
axis_gaussian,axis Gaussian,6,1.75,0.42,-35.0,1555.1745908217754,anisotropic_tuned
axis_gaussian,axis Gaussian,6,1.75,0.42,-15.0,1516.8733976950957,anisotropic_tuned
axis_gaussian,axis Gaussian,6,1.75,0.42,0.0,1491.9941489039848,anisotropic_tuned
axis_gaussian,axis Gaussian,6,1.75,0.42,15.0,1512.2198810055115,anisotropic_tuned
axis_gaussian,axis Gaussian,6,1.75,0.42,35.0,1540.61978470637,anisotropic_tuned
axis_gaussian,axis Gaussian,6,1.75,0.42,55.0,1597.7166040783331,anisotropic_tuned
axis_gaussian,axis Gaussian,6,1.75,0.65,-55.0,1521.3674848347296,anisotropic_tuned
axis_gaussian,axis Gaussian,6,1.75,0.65,-35.0,1484.2192656976276,anisotropic_tuned
axis_gaussian,axis Gaussian,6,1.75,0.65,-15.0,1448.7930801502212,anisotropic_tuned
axis_gaussian,axis Gaussian,6,1.75,0.65,0.0,1440.6716149838767,anisotropic_tuned
axis_gaussian,axis Gaussian,6,1.75,0.65,15.0,1444.3754289831086,anisotropic_tuned
axis_gaussian,axis Gaussian,6,1.75,0.65,35.0,1472.8668985094532,anisotropic_tuned
axis_gaussian,axis Gaussian,6,1.75,0.65,55.0,1522.2657168128758,anisotropic_tuned
axis_gaussian,axis Gaussian,6,1.75,0.9,-55.0,1477.8106227372882,anisotropic_tuned
axis_gaussian,axis Gaussian,6,1.75,0.9,-35.0,1444.4424350504823,anisotropic_tuned
axis_gaussian,axis Gaussian,6,1.75,0.9,-15.0,1412.233709408541,anisotropic_tuned
axis_gaussian,axis Gaussian,6,1.75,0.9,0.0,1404.3196586999138,anisotropic_tuned
axis_gaussian,axis Gaussian,6,1.75,0.9,15.0,1411.76566646041,anisotropic_tuned
axis_gaussian,axis Gaussian,6,1.75,0.9,35.0,1442.2432102309344,anisotropic_tuned
axis_gaussian,axis Gaussian,6,1.75,0.9,55.0,1479.69531885909,anisotropic_tuned
axis_gaussian,axis Gaussian,7,0.55,0.18,-55.0,1945.4726447030905,anisotropic_tuned
axis_gaussian,axis Gaussian,7,0.55,0.18,-35.0,1945.2291250066855,anisotropic_tuned
axis_gaussian,axis Gaussian,7,0.55,0.18,-15.0,1903.437393762205,anisotropic_tuned
axis_gaussian,axis Gaussian,7,0.55,0.18,0.0,1829.5845994644797,anisotropic_tuned
axis_gaussian,axis Gaussian,7,0.55,0.18,15.0,1903.450670586488,anisotropic_tuned
axis_gaussian,axis Gaussian,7,0.55,0.18,35.0,1945.2596648611438,anisotropic_tuned
axis_gaussian,axis Gaussian,7,0.55,0.18,55.0,1945.4646404054197,anisotropic_tuned
axis_gaussian,axis Gaussian,7,0.55,0.28,-55.0,1886.702365850558,anisotropic_tuned
axis_gaussian,axis Gaussian,7,0.55,0.28,-35.0,1886.2555665154464,anisotropic_tuned
axis_gaussian,axis Gaussian,7,0.55,0.28,-15.0,1845.8381100434904,anisotropic_tuned
axis_gaussian,axis Gaussian,7,0.55,0.28,0.0,1818.1550381680731,anisotropic_tuned
axis_gaussian,axis Gaussian,7,0.55,0.28,15.0,1845.7143637699373,anisotropic_tuned
axis_gaussian,axis Gaussian,7,0.55,0.28,35.0,1886.1888698911762,anisotropic_tuned
axis_gaussian,axis Gaussian,7,0.55,0.28,55.0,1886.5749631235842,anisotropic_tuned
axis_gaussian,axis Gaussian,7,0.55,0.42,-55.0,1781.0703425567885,anisotropic_tuned
axis_gaussian,axis Gaussian,7,0.55,0.42,-35.0,1780.640559441248,anisotropic_tuned
axis_gaussian,axis Gaussian,7,0.55,0.42,-15.0,1770.7332400937817,anisotropic_tuned
axis_gaussian,axis Gaussian,7,0.55,0.42,0.0,1766.439808964703,anisotropic_tuned
axis_gaussian,axis Gaussian,7,0.55,0.42,15.0,1770.2150450024164,anisotropic_tuned
axis_gaussian,axis Gaussian,7,0.55,0.42,35.0,1779.9255889873643,anisotropic_tuned
axis_gaussian,axis Gaussian,7,0.55,0.42,55.0,1779.9842041980905,anisotropic_tuned
axis_gaussian,axis Gaussian,7,0.55,0.65,-55.0,1650.6957258067634,anisotropic_tuned
axis_gaussian,axis Gaussian,7,0.55,0.65,-35.0,1650.807754366586,anisotropic_tuned
axis_gaussian,axis Gaussian,7,0.55,0.65,-15.0,1650.2648793140843,anisotropic_tuned
axis_gaussian,axis Gaussian,7,0.55,0.65,0.0,1650.1640597778676,anisotropic_tuned
axis_gaussian,axis Gaussian,7,0.55,0.65,15.0,1650.7124846610093,anisotropic_tuned
axis_gaussian,axis Gaussian,7,0.55,0.65,35.0,1651.7088982133396,anisotropic_tuned
axis_gaussian,axis Gaussian,7,0.55,0.65,55.0,1651.5921864141003,anisotropic_tuned
axis_gaussian,axis Gaussian,7,0.55,0.9,-55.0,1564.9397585086865,anisotropic_tuned
axis_gaussian,axis Gaussian,7,0.55,0.9,-35.0,1567.7142322121272,anisotropic_tuned
axis_gaussian,axis Gaussian,7,0.55,0.9,-15.0,1570.6064146862343,anisotropic_tuned
axis_gaussian,axis Gaussian,7,0.55,0.9,0.0,1571.1738908591371,anisotropic_tuned
axis_gaussian,axis Gaussian,7,0.55,0.9,15.0,1572.8418016639416,anisotropic_tuned
axis_gaussian,axis Gaussian,7,0.55,0.9,35.0,1572.8590030559242,anisotropic_tuned
axis_gaussian,axis Gaussian,7,0.55,0.9,55.0,1571.3871747912237,anisotropic_tuned
axis_gaussian,axis Gaussian,7,0.75,0.18,-55.0,1900.117730033344,anisotropic_tuned
axis_gaussian,axis Gaussian,7,0.75,0.18,-35.0,1899.7036987244333,anisotropic_tuned
axis_gaussian,axis Gaussian,7,0.75,0.18,-15.0,1846.0120275989455,anisotropic_tuned
axis_gaussian,axis Gaussian,7,0.75,0.18,0.0,1712.733899695288,anisotropic_tuned
axis_gaussian,axis Gaussian,7,0.75,0.18,15.0,1846.0948459471244,anisotropic_tuned
axis_gaussian,axis Gaussian,7,0.75,0.18,35.0,1899.7790285254748,anisotropic_tuned
axis_gaussian,axis Gaussian,7,0.75,0.18,55.0,1900.1547470958417,anisotropic_tuned
axis_gaussian,axis Gaussian,7,0.75,0.28,-55.0,1814.3404904359973,anisotropic_tuned
axis_gaussian,axis Gaussian,7,0.75,0.28,-35.0,1812.5446260340273,anisotropic_tuned
axis_gaussian,axis Gaussian,7,0.75,0.28,-15.0,1753.7261363808823,anisotropic_tuned
axis_gaussian,axis Gaussian,7,0.75,0.28,0.0,1703.8390763283624,anisotropic_tuned
axis_gaussian,axis Gaussian,7,0.75,0.28,15.0,1753.150664229825,anisotropic_tuned
axis_gaussian,axis Gaussian,7,0.75,0.28,35.0,1812.0877905483605,anisotropic_tuned
axis_gaussian,axis Gaussian,7,0.75,0.28,55.0,1813.0582982134101,anisotropic_tuned
axis_gaussian,axis Gaussian,7,0.75,0.42,-55.0,1696.2765404954384,anisotropic_tuned
axis_gaussian,axis Gaussian,7,0.75,0.42,-35.0,1694.7125234547793,anisotropic_tuned
axis_gaussian,axis Gaussian,7,0.75,0.42,-15.0,1674.9651742165797,anisotropic_tuned
axis_gaussian,axis Gaussian,7,0.75,0.42,0.0,1663.9317262009847,anisotropic_tuned
axis_gaussian,axis Gaussian,7,0.75,0.42,15.0,1672.8001299721982,anisotropic_tuned
axis_gaussian,axis Gaussian,7,0.75,0.42,35.0,1691.8477042558673,anisotropic_tuned
axis_gaussian,axis Gaussian,7,0.75,0.42,55.0,1692.0403521161415,anisotropic_tuned
axis_gaussian,axis Gaussian,7,0.75,0.65,-55.0,1572.1277429196095,anisotropic_tuned
axis_gaussian,axis Gaussian,7,0.75,0.65,-35.0,1571.2598403067627,anisotropic_tuned
axis_gaussian,axis Gaussian,7,0.75,0.65,-15.0,1569.9384251453323,anisotropic_tuned
axis_gaussian,axis Gaussian,7,0.75,0.65,0.0,1568.9987387520289,anisotropic_tuned
axis_gaussian,axis Gaussian,7,0.75,0.65,15.0,1568.387605302993,anisotropic_tuned
axis_gaussian,axis Gaussian,7,0.75,0.65,35.0,1568.4111095356463,anisotropic_tuned
axis_gaussian,axis Gaussian,7,0.75,0.65,55.0,1569.3375864725306,anisotropic_tuned
axis_gaussian,axis Gaussian,7,0.75,0.9,-55.0,1499.489139573072,anisotropic_tuned
axis_gaussian,axis Gaussian,7,0.75,0.9,-35.0,1501.0808110983587,anisotropic_tuned
axis_gaussian,axis Gaussian,7,0.75,0.9,-15.0,1502.4743701623731,anisotropic_tuned
axis_gaussian,axis Gaussian,7,0.75,0.9,0.0,1502.945717741733,anisotropic_tuned
axis_gaussian,axis Gaussian,7,0.75,0.9,15.0,1502.9292890657591,anisotropic_tuned
axis_gaussian,axis Gaussian,7,0.75,0.9,35.0,1502.2290877792877,anisotropic_tuned
axis_gaussian,axis Gaussian,7,0.75,0.9,55.0,1501.064241332187,anisotropic_tuned
axis_gaussian,axis Gaussian,7,1.0,0.18,-55.0,1843.330223341955,anisotropic_tuned
axis_gaussian,axis Gaussian,7,1.0,0.18,-35.0,1842.9183557464671,anisotropic_tuned
axis_gaussian,axis Gaussian,7,1.0,0.18,-15.0,1794.7600019438296,anisotropic_tuned
axis_gaussian,axis Gaussian,7,1.0,0.18,0.0,1626.2767553518768,anisotropic_tuned
axis_gaussian,axis Gaussian,7,1.0,0.18,15.0,1795.2587148377402,anisotropic_tuned
axis_gaussian,axis Gaussian,7,1.0,0.18,35.0,1842.9671306346906,anisotropic_tuned
axis_gaussian,axis Gaussian,7,1.0,0.18,55.0,1843.5814406638838,anisotropic_tuned
axis_gaussian,axis Gaussian,7,1.0,0.28,-55.0,1738.5694734564618,anisotropic_tuned
axis_gaussian,axis Gaussian,7,1.0,0.28,-35.0,1733.39944270677,anisotropic_tuned
axis_gaussian,axis Gaussian,7,1.0,0.28,-15.0,1682.7726169323237,anisotropic_tuned
axis_gaussian,axis Gaussian,7,1.0,0.28,0.0,1619.0454166933828,anisotropic_tuned
axis_gaussian,axis Gaussian,7,1.0,0.28,15.0,1683.5751932656945,anisotropic_tuned
axis_gaussian,axis Gaussian,7,1.0,0.28,35.0,1733.0976198413114,anisotropic_tuned
axis_gaussian,axis Gaussian,7,1.0,0.28,55.0,1737.9540882133751,anisotropic_tuned
axis_gaussian,axis Gaussian,7,1.0,0.42,-55.0,1622.5798003274635,anisotropic_tuned
axis_gaussian,axis Gaussian,7,1.0,0.42,-35.0,1620.0997220309298,anisotropic_tuned
axis_gaussian,axis Gaussian,7,1.0,0.42,-15.0,1601.022809943615,anisotropic_tuned
axis_gaussian,axis Gaussian,7,1.0,0.42,0.0,1585.5978184661442,anisotropic_tuned
axis_gaussian,axis Gaussian,7,1.0,0.42,15.0,1599.5705758197896,anisotropic_tuned
axis_gaussian,axis Gaussian,7,1.0,0.42,35.0,1614.7104621074448,anisotropic_tuned
axis_gaussian,axis Gaussian,7,1.0,0.42,55.0,1618.1933406450953,anisotropic_tuned
axis_gaussian,axis Gaussian,7,1.0,0.65,-55.0,1513.8811555643597,anisotropic_tuned
axis_gaussian,axis Gaussian,7,1.0,0.65,-35.0,1510.7826148946006,anisotropic_tuned
axis_gaussian,axis Gaussian,7,1.0,0.65,-15.0,1507.842807792923,anisotropic_tuned
axis_gaussian,axis Gaussian,7,1.0,0.65,0.0,1505.371332534359,anisotropic_tuned
axis_gaussian,axis Gaussian,7,1.0,0.65,15.0,1504.957550469033,anisotropic_tuned
axis_gaussian,axis Gaussian,7,1.0,0.65,35.0,1507.5889160706035,anisotropic_tuned
axis_gaussian,axis Gaussian,7,1.0,0.65,55.0,1512.121104700836,anisotropic_tuned
axis_gaussian,axis Gaussian,7,1.0,0.9,-55.0,1453.1770278767178,anisotropic_tuned
axis_gaussian,axis Gaussian,7,1.0,0.9,-35.0,1451.619432563364,anisotropic_tuned
axis_gaussian,axis Gaussian,7,1.0,0.9,-15.0,1450.7512323760088,anisotropic_tuned
axis_gaussian,axis Gaussian,7,1.0,0.9,0.0,1450.7988702880402,anisotropic_tuned
axis_gaussian,axis Gaussian,7,1.0,0.9,15.0,1451.4765030981866,anisotropic_tuned
axis_gaussian,axis Gaussian,7,1.0,0.9,35.0,1453.0744490465904,anisotropic_tuned
axis_gaussian,axis Gaussian,7,1.0,0.9,55.0,1454.700786613661,anisotropic_tuned
axis_gaussian,axis Gaussian,7,1.35,0.18,-55.0,1782.4720528279308,anisotropic_tuned
axis_gaussian,axis Gaussian,7,1.35,0.18,-35.0,1784.8151494346987,anisotropic_tuned
axis_gaussian,axis Gaussian,7,1.35,0.18,-15.0,1746.6263511865445,anisotropic_tuned
axis_gaussian,axis Gaussian,7,1.35,0.18,0.0,1555.1768558787091,anisotropic_tuned
axis_gaussian,axis Gaussian,7,1.35,0.18,15.0,1747.2845397165975,anisotropic_tuned
axis_gaussian,axis Gaussian,7,1.35,0.18,35.0,1783.1450191787753,anisotropic_tuned
axis_gaussian,axis Gaussian,7,1.35,0.18,55.0,1782.6826616158921,anisotropic_tuned
axis_gaussian,axis Gaussian,7,1.35,0.28,-55.0,1675.7465256891041,anisotropic_tuned
axis_gaussian,axis Gaussian,7,1.35,0.28,-35.0,1664.963756197426,anisotropic_tuned
axis_gaussian,axis Gaussian,7,1.35,0.28,-15.0,1624.7702415184963,anisotropic_tuned
axis_gaussian,axis Gaussian,7,1.35,0.28,0.0,1548.4865382700116,anisotropic_tuned
axis_gaussian,axis Gaussian,7,1.35,0.28,15.0,1625.7840759993794,anisotropic_tuned
axis_gaussian,axis Gaussian,7,1.35,0.28,35.0,1664.3502606604663,anisotropic_tuned
axis_gaussian,axis Gaussian,7,1.35,0.28,55.0,1678.2461036077968,anisotropic_tuned
axis_gaussian,axis Gaussian,7,1.35,0.42,-55.0,1568.2909966226039,anisotropic_tuned
axis_gaussian,axis Gaussian,7,1.35,0.42,-35.0,1559.45372163332,anisotropic_tuned
axis_gaussian,axis Gaussian,7,1.35,0.42,-15.0,1540.7790297980684,anisotropic_tuned
axis_gaussian,axis Gaussian,7,1.35,0.42,0.0,1520.6793720332923,anisotropic_tuned
axis_gaussian,axis Gaussian,7,1.35,0.42,15.0,1541.723926107836,anisotropic_tuned
axis_gaussian,axis Gaussian,7,1.35,0.42,35.0,1558.0526105177141,anisotropic_tuned
axis_gaussian,axis Gaussian,7,1.35,0.42,55.0,1570.2111881474652,anisotropic_tuned
axis_gaussian,axis Gaussian,7,1.35,0.65,-55.0,1477.7860386103923,anisotropic_tuned
axis_gaussian,axis Gaussian,7,1.35,0.65,-35.0,1465.8726064360037,anisotropic_tuned
axis_gaussian,axis Gaussian,7,1.35,0.65,-15.0,1457.632672032602,anisotropic_tuned
axis_gaussian,axis Gaussian,7,1.35,0.65,0.0,1455.3047245136584,anisotropic_tuned
axis_gaussian,axis Gaussian,7,1.35,0.65,15.0,1456.2108546624445,anisotropic_tuned
axis_gaussian,axis Gaussian,7,1.35,0.65,35.0,1467.1639762627833,anisotropic_tuned
axis_gaussian,axis Gaussian,7,1.35,0.65,55.0,1482.1673335621904,anisotropic_tuned
axis_gaussian,axis Gaussian,7,1.35,0.9,-55.0,1430.6310859509306,anisotropic_tuned
axis_gaussian,axis Gaussian,7,1.35,0.9,-35.0,1418.5752578744957,anisotropic_tuned
axis_gaussian,axis Gaussian,7,1.35,0.9,-15.0,1411.2512983880001,anisotropic_tuned
axis_gaussian,axis Gaussian,7,1.35,0.9,0.0,1409.9678153719656,anisotropic_tuned
axis_gaussian,axis Gaussian,7,1.35,0.9,15.0,1413.0554193921625,anisotropic_tuned
axis_gaussian,axis Gaussian,7,1.35,0.9,35.0,1421.781352375944,anisotropic_tuned
axis_gaussian,axis Gaussian,7,1.35,0.9,55.0,1433.7524630023486,anisotropic_tuned
axis_gaussian,axis Gaussian,7,1.75,0.18,-55.0,1741.5416435616557,anisotropic_tuned
axis_gaussian,axis Gaussian,7,1.75,0.18,-35.0,1743.1924233368902,anisotropic_tuned
axis_gaussian,axis Gaussian,7,1.75,0.18,-15.0,1706.0345080473155,anisotropic_tuned
axis_gaussian,axis Gaussian,7,1.75,0.18,0.0,1511.2278087691109,anisotropic_tuned
axis_gaussian,axis Gaussian,7,1.75,0.18,15.0,1705.349915964552,anisotropic_tuned
axis_gaussian,axis Gaussian,7,1.75,0.18,35.0,1740.8439114265034,anisotropic_tuned
axis_gaussian,axis Gaussian,7,1.75,0.18,55.0,1741.257750096894,anisotropic_tuned
axis_gaussian,axis Gaussian,7,1.75,0.28,-55.0,1655.577587604182,anisotropic_tuned
axis_gaussian,axis Gaussian,7,1.75,0.28,-35.0,1628.7969209329156,anisotropic_tuned
axis_gaussian,axis Gaussian,7,1.75,0.28,-15.0,1587.6639854972225,anisotropic_tuned
axis_gaussian,axis Gaussian,7,1.75,0.28,0.0,1504.3062630846507,anisotropic_tuned
axis_gaussian,axis Gaussian,7,1.75,0.28,15.0,1586.1048301827254,anisotropic_tuned
axis_gaussian,axis Gaussian,7,1.75,0.28,35.0,1629.6898775545417,anisotropic_tuned
axis_gaussian,axis Gaussian,7,1.75,0.28,55.0,1663.2009253457768,anisotropic_tuned
axis_gaussian,axis Gaussian,7,1.75,0.42,-55.0,1558.5632034630326,anisotropic_tuned
axis_gaussian,axis Gaussian,7,1.75,0.42,-35.0,1531.0604192736146,anisotropic_tuned
axis_gaussian,axis Gaussian,7,1.75,0.42,-15.0,1505.459089537759,anisotropic_tuned
axis_gaussian,axis Gaussian,7,1.75,0.42,0.0,1479.9857891259292,anisotropic_tuned
axis_gaussian,axis Gaussian,7,1.75,0.42,15.0,1506.7027718073007,anisotropic_tuned
axis_gaussian,axis Gaussian,7,1.75,0.42,35.0,1535.1623097914292,anisotropic_tuned
axis_gaussian,axis Gaussian,7,1.75,0.42,55.0,1567.6890857404264,anisotropic_tuned
axis_gaussian,axis Gaussian,7,1.75,0.65,-55.0,1482.1680242041978,anisotropic_tuned
axis_gaussian,axis Gaussian,7,1.75,0.65,-35.0,1450.523521664052,anisotropic_tuned
axis_gaussian,axis Gaussian,7,1.75,0.65,-15.0,1431.6566595478826,anisotropic_tuned
axis_gaussian,axis Gaussian,7,1.75,0.65,0.0,1424.3116644092197,anisotropic_tuned
axis_gaussian,axis Gaussian,7,1.75,0.65,15.0,1431.817171145728,anisotropic_tuned
axis_gaussian,axis Gaussian,7,1.75,0.65,35.0,1456.131773440024,anisotropic_tuned
axis_gaussian,axis Gaussian,7,1.75,0.65,55.0,1492.0313959553787,anisotropic_tuned
axis_gaussian,axis Gaussian,7,1.75,0.9,-55.0,1443.7031563682363,anisotropic_tuned
axis_gaussian,axis Gaussian,7,1.75,0.9,-35.0,1412.9949310701898,anisotropic_tuned
axis_gaussian,axis Gaussian,7,1.75,0.9,-15.0,1393.713748884313,anisotropic_tuned
axis_gaussian,axis Gaussian,7,1.75,0.9,0.0,1386.100742850296,anisotropic_tuned
axis_gaussian,axis Gaussian,7,1.75,0.9,15.0,1394.6091486438715,anisotropic_tuned
axis_gaussian,axis Gaussian,7,1.75,0.9,35.0,1418.8142222595309,anisotropic_tuned
axis_gaussian,axis Gaussian,7,1.75,0.9,55.0,1450.4353023140304,anisotropic_tuned
axis_gaussian,axis Gaussian,8,0.55,0.18,-55.0,1952.8453946435834,anisotropic_tuned
axis_gaussian,axis Gaussian,8,0.55,0.18,-35.0,1952.5239267185334,anisotropic_tuned
axis_gaussian,axis Gaussian,8,0.55,0.18,-15.0,1910.618422569597,anisotropic_tuned
axis_gaussian,axis Gaussian,8,0.55,0.18,0.0,1837.4623336241452,anisotropic_tuned
axis_gaussian,axis Gaussian,8,0.55,0.18,15.0,1910.6273462273211,anisotropic_tuned
axis_gaussian,axis Gaussian,8,0.55,0.18,35.0,1952.5375491157488,anisotropic_tuned
axis_gaussian,axis Gaussian,8,0.55,0.18,55.0,1952.8493285006052,anisotropic_tuned
axis_gaussian,axis Gaussian,8,0.55,0.28,-55.0,1893.8960940252327,anisotropic_tuned
axis_gaussian,axis Gaussian,8,0.55,0.28,-35.0,1893.3812249745415,anisotropic_tuned
axis_gaussian,axis Gaussian,8,0.55,0.28,-15.0,1853.0417880940745,anisotropic_tuned
axis_gaussian,axis Gaussian,8,0.55,0.28,0.0,1826.8613245646925,anisotropic_tuned
axis_gaussian,axis Gaussian,8,0.55,0.28,15.0,1852.956508897319,anisotropic_tuned
axis_gaussian,axis Gaussian,8,0.55,0.28,35.0,1893.3569421283278,anisotropic_tuned
axis_gaussian,axis Gaussian,8,0.55,0.28,55.0,1893.8304473776225,anisotropic_tuned
axis_gaussian,axis Gaussian,8,0.55,0.42,-55.0,1789.9083410233525,anisotropic_tuned
axis_gaussian,axis Gaussian,8,0.55,0.42,-35.0,1789.5663244288107,anisotropic_tuned
axis_gaussian,axis Gaussian,8,0.55,0.42,-15.0,1781.2608699665598,anisotropic_tuned
axis_gaussian,axis Gaussian,8,0.55,0.42,0.0,1777.9853301666426,anisotropic_tuned
axis_gaussian,axis Gaussian,8,0.55,0.42,15.0,1781.1886123381869,anisotropic_tuned
axis_gaussian,axis Gaussian,8,0.55,0.42,35.0,1789.4690886526473,anisotropic_tuned
axis_gaussian,axis Gaussian,8,0.55,0.42,55.0,1790.0660449924867,anisotropic_tuned
axis_gaussian,axis Gaussian,8,0.55,0.65,-55.0,1663.9492801819288,anisotropic_tuned
axis_gaussian,axis Gaussian,8,0.55,0.65,-35.0,1664.4673686705423,anisotropic_tuned
axis_gaussian,axis Gaussian,8,0.55,0.65,-15.0,1664.5068992443967,anisotropic_tuned
axis_gaussian,axis Gaussian,8,0.55,0.65,0.0,1664.8737615528685,anisotropic_tuned
axis_gaussian,axis Gaussian,8,0.55,0.65,15.0,1665.7237515048246,anisotropic_tuned
axis_gaussian,axis Gaussian,8,0.55,0.65,35.0,1666.508109562848,anisotropic_tuned
axis_gaussian,axis Gaussian,8,0.55,0.65,55.0,1665.9385923868326,anisotropic_tuned
axis_gaussian,axis Gaussian,8,0.55,0.9,-55.0,1585.1420948710497,anisotropic_tuned
axis_gaussian,axis Gaussian,8,0.55,0.9,-35.0,1587.0527933685103,anisotropic_tuned
axis_gaussian,axis Gaussian,8,0.55,0.9,-15.0,1589.287901457912,anisotropic_tuned
axis_gaussian,axis Gaussian,8,0.55,0.9,0.0,1590.1340953377962,anisotropic_tuned
axis_gaussian,axis Gaussian,8,0.55,0.9,15.0,1591.663099172215,anisotropic_tuned
axis_gaussian,axis Gaussian,8,0.55,0.9,35.0,1590.4694184961509,anisotropic_tuned
axis_gaussian,axis Gaussian,8,0.55,0.9,55.0,1587.5502694698775,anisotropic_tuned
axis_gaussian,axis Gaussian,8,0.75,0.18,-55.0,1907.4710500134115,anisotropic_tuned
axis_gaussian,axis Gaussian,8,0.75,0.18,-35.0,1906.9186817884483,anisotropic_tuned
axis_gaussian,axis Gaussian,8,0.75,0.18,-15.0,1853.7727745081852,anisotropic_tuned
axis_gaussian,axis Gaussian,8,0.75,0.18,0.0,1727.7864833106491,anisotropic_tuned
axis_gaussian,axis Gaussian,8,0.75,0.18,15.0,1853.8023477184697,anisotropic_tuned
axis_gaussian,axis Gaussian,8,0.75,0.18,35.0,1906.96247186738,anisotropic_tuned
axis_gaussian,axis Gaussian,8,0.75,0.18,55.0,1907.426259987456,anisotropic_tuned
axis_gaussian,axis Gaussian,8,0.75,0.28,-55.0,1820.6828299416102,anisotropic_tuned
axis_gaussian,axis Gaussian,8,0.75,0.28,-35.0,1819.3383162015189,anisotropic_tuned
axis_gaussian,axis Gaussian,8,0.75,0.28,-15.0,1763.1235035950367,anisotropic_tuned
axis_gaussian,axis Gaussian,8,0.75,0.28,0.0,1718.9270806044797,anisotropic_tuned
axis_gaussian,axis Gaussian,8,0.75,0.28,15.0,1763.363554613416,anisotropic_tuned
axis_gaussian,axis Gaussian,8,0.75,0.28,35.0,1819.9823636998958,anisotropic_tuned
axis_gaussian,axis Gaussian,8,0.75,0.28,55.0,1820.781079219385,anisotropic_tuned
axis_gaussian,axis Gaussian,8,0.75,0.42,-55.0,1705.3509139842813,anisotropic_tuned
axis_gaussian,axis Gaussian,8,0.75,0.42,-35.0,1703.8510575627006,anisotropic_tuned
axis_gaussian,axis Gaussian,8,0.75,0.42,-15.0,1688.7512114651827,anisotropic_tuned
axis_gaussian,axis Gaussian,8,0.75,0.42,0.0,1678.9770833680655,anisotropic_tuned
axis_gaussian,axis Gaussian,8,0.75,0.42,15.0,1686.9567492459082,anisotropic_tuned
axis_gaussian,axis Gaussian,8,0.75,0.42,35.0,1702.216504093601,anisotropic_tuned
axis_gaussian,axis Gaussian,8,0.75,0.42,55.0,1703.7050393104118,anisotropic_tuned
axis_gaussian,axis Gaussian,8,0.75,0.65,-55.0,1588.8139389980206,anisotropic_tuned
axis_gaussian,axis Gaussian,8,0.75,0.65,-35.0,1588.3045649703135,anisotropic_tuned
axis_gaussian,axis Gaussian,8,0.75,0.65,-15.0,1587.7810855345765,anisotropic_tuned
axis_gaussian,axis Gaussian,8,0.75,0.65,0.0,1587.3234542863415,anisotropic_tuned
axis_gaussian,axis Gaussian,8,0.75,0.65,15.0,1586.8386116821766,anisotropic_tuned
axis_gaussian,axis Gaussian,8,0.75,0.65,35.0,1586.568009793612,anisotropic_tuned
axis_gaussian,axis Gaussian,8,0.75,0.65,55.0,1586.9764644629345,anisotropic_tuned
axis_gaussian,axis Gaussian,8,0.75,0.9,-55.0,1523.0525926883724,anisotropic_tuned
axis_gaussian,axis Gaussian,8,0.75,0.9,-35.0,1523.778114172977,anisotropic_tuned
axis_gaussian,axis Gaussian,8,0.75,0.9,-15.0,1524.5683206050285,anisotropic_tuned
axis_gaussian,axis Gaussian,8,0.75,0.9,0.0,1524.752649639152,anisotropic_tuned
axis_gaussian,axis Gaussian,8,0.75,0.9,15.0,1524.5553573171587,anisotropic_tuned
axis_gaussian,axis Gaussian,8,0.75,0.9,35.0,1524.045524605102,anisotropic_tuned
axis_gaussian,axis Gaussian,8,0.75,0.9,55.0,1523.4183181542576,anisotropic_tuned
axis_gaussian,axis Gaussian,8,1.0,0.18,-55.0,1851.1897189019032,anisotropic_tuned
axis_gaussian,axis Gaussian,8,1.0,0.18,-35.0,1850.4519246823766,anisotropic_tuned
axis_gaussian,axis Gaussian,8,1.0,0.18,-15.0,1804.15980199372,anisotropic_tuned
axis_gaussian,axis Gaussian,8,1.0,0.18,0.0,1649.1361642305137,anisotropic_tuned
axis_gaussian,axis Gaussian,8,1.0,0.18,15.0,1804.1620670906036,anisotropic_tuned
axis_gaussian,axis Gaussian,8,1.0,0.18,35.0,1850.04111700481,anisotropic_tuned
axis_gaussian,axis Gaussian,8,1.0,0.18,55.0,1850.8349529486945,anisotropic_tuned
axis_gaussian,axis Gaussian,8,1.0,0.28,-55.0,1746.474025239611,anisotropic_tuned
axis_gaussian,axis Gaussian,8,1.0,0.28,-35.0,1742.5133320319765,anisotropic_tuned
axis_gaussian,axis Gaussian,8,1.0,0.28,-15.0,1700.0625647259963,anisotropic_tuned
axis_gaussian,axis Gaussian,8,1.0,0.28,0.0,1641.3719147817433,anisotropic_tuned
axis_gaussian,axis Gaussian,8,1.0,0.28,15.0,1699.7580079329637,anisotropic_tuned
axis_gaussian,axis Gaussian,8,1.0,0.28,35.0,1743.4565931244847,anisotropic_tuned
axis_gaussian,axis Gaussian,8,1.0,0.28,55.0,1745.4833947273883,anisotropic_tuned
axis_gaussian,axis Gaussian,8,1.0,0.42,-55.0,1635.6848233306437,anisotropic_tuned
axis_gaussian,axis Gaussian,8,1.0,0.42,-35.0,1631.012951537095,anisotropic_tuned
axis_gaussian,axis Gaussian,8,1.0,0.42,-15.0,1621.9267618542017,anisotropic_tuned
axis_gaussian,axis Gaussian,8,1.0,0.42,0.0,1608.9241212337706,anisotropic_tuned
axis_gaussian,axis Gaussian,8,1.0,0.42,15.0,1619.9909207649603,anisotropic_tuned
axis_gaussian,axis Gaussian,8,1.0,0.42,35.0,1630.28029622343,anisotropic_tuned
axis_gaussian,axis Gaussian,8,1.0,0.42,55.0,1634.4595411403075,anisotropic_tuned
axis_gaussian,axis Gaussian,8,1.0,0.65,-55.0,1535.117596652372,anisotropic_tuned
axis_gaussian,axis Gaussian,8,1.0,0.65,-35.0,1532.900460749575,anisotropic_tuned
axis_gaussian,axis Gaussian,8,1.0,0.65,-15.0,1531.6663444287415,anisotropic_tuned
axis_gaussian,axis Gaussian,8,1.0,0.65,0.0,1531.3254200797987,anisotropic_tuned
axis_gaussian,axis Gaussian,8,1.0,0.65,15.0,1531.6374890464035,anisotropic_tuned
axis_gaussian,axis Gaussian,8,1.0,0.65,35.0,1531.733001259182,anisotropic_tuned
axis_gaussian,axis Gaussian,8,1.0,0.65,55.0,1533.815668095784,anisotropic_tuned
axis_gaussian,axis Gaussian,8,1.0,0.9,-55.0,1479.7629398864278,anisotropic_tuned
axis_gaussian,axis Gaussian,8,1.0,0.9,-35.0,1478.8681910662185,anisotropic_tuned
axis_gaussian,axis Gaussian,8,1.0,0.9,-15.0,1478.452202466859,anisotropic_tuned
axis_gaussian,axis Gaussian,8,1.0,0.9,0.0,1478.4261623615052,anisotropic_tuned
axis_gaussian,axis Gaussian,8,1.0,0.9,15.0,1478.5682365832017,anisotropic_tuned
axis_gaussian,axis Gaussian,8,1.0,0.9,35.0,1479.061518018451,anisotropic_tuned
axis_gaussian,axis Gaussian,8,1.0,0.9,55.0,1479.9267143286538,anisotropic_tuned
axis_gaussian,axis Gaussian,8,1.35,0.18,-55.0,1792.62738611359,anisotropic_tuned
axis_gaussian,axis Gaussian,8,1.35,0.18,-35.0,1793.7049414901276,anisotropic_tuned
axis_gaussian,axis Gaussian,8,1.35,0.18,-15.0,1757.0732794154683,anisotropic_tuned
axis_gaussian,axis Gaussian,8,1.35,0.18,0.0,1583.1502772240724,anisotropic_tuned
axis_gaussian,axis Gaussian,8,1.35,0.18,15.0,1756.7120855829871,anisotropic_tuned
axis_gaussian,axis Gaussian,8,1.35,0.18,35.0,1792.5641398796988,anisotropic_tuned
axis_gaussian,axis Gaussian,8,1.35,0.18,55.0,1793.3137834490526,anisotropic_tuned
axis_gaussian,axis Gaussian,8,1.35,0.28,-55.0,1699.868834323545,anisotropic_tuned
axis_gaussian,axis Gaussian,8,1.35,0.28,-35.0,1681.4998967339216,anisotropic_tuned
axis_gaussian,axis Gaussian,8,1.35,0.28,-15.0,1647.5575823971953,anisotropic_tuned
axis_gaussian,axis Gaussian,8,1.35,0.28,0.0,1576.7632712325103,anisotropic_tuned
axis_gaussian,axis Gaussian,8,1.35,0.28,15.0,1647.860333933228,anisotropic_tuned
axis_gaussian,axis Gaussian,8,1.35,0.28,35.0,1681.5996027799793,anisotropic_tuned
axis_gaussian,axis Gaussian,8,1.35,0.28,55.0,1699.7918566741396,anisotropic_tuned
axis_gaussian,axis Gaussian,8,1.35,0.42,-55.0,1604.9333407204495,anisotropic_tuned
axis_gaussian,axis Gaussian,8,1.35,0.42,-35.0,1580.2927696344113,anisotropic_tuned
axis_gaussian,axis Gaussian,8,1.35,0.42,-15.0,1567.592728982048,anisotropic_tuned
axis_gaussian,axis Gaussian,8,1.35,0.42,0.0,1550.0188729613578,anisotropic_tuned
axis_gaussian,axis Gaussian,8,1.35,0.42,15.0,1567.888707656486,anisotropic_tuned
axis_gaussian,axis Gaussian,8,1.35,0.42,35.0,1578.511811710343,anisotropic_tuned
axis_gaussian,axis Gaussian,8,1.35,0.42,55.0,1602.1057653486919,anisotropic_tuned
axis_gaussian,axis Gaussian,8,1.35,0.65,-55.0,1517.8586857348132,anisotropic_tuned
axis_gaussian,axis Gaussian,8,1.35,0.65,-35.0,1499.4737840525322,anisotropic_tuned
axis_gaussian,axis Gaussian,8,1.35,0.65,-15.0,1488.1233126757525,anisotropic_tuned
axis_gaussian,axis Gaussian,8,1.35,0.65,0.0,1485.506397210449,anisotropic_tuned
axis_gaussian,axis Gaussian,8,1.35,0.65,15.0,1488.1798191142589,anisotropic_tuned
axis_gaussian,axis Gaussian,8,1.35,0.65,35.0,1496.2413527351673,anisotropic_tuned
axis_gaussian,axis Gaussian,8,1.35,0.65,55.0,1517.1746352647829,anisotropic_tuned
axis_gaussian,axis Gaussian,8,1.35,0.9,-55.0,1472.4680156207382,anisotropic_tuned
axis_gaussian,axis Gaussian,8,1.35,0.9,-35.0,1456.981817820391,anisotropic_tuned
axis_gaussian,axis Gaussian,8,1.35,0.9,-15.0,1444.507997723781,anisotropic_tuned
axis_gaussian,axis Gaussian,8,1.35,0.9,0.0,1441.5597325013714,anisotropic_tuned
axis_gaussian,axis Gaussian,8,1.35,0.9,15.0,1443.6854848991475,anisotropic_tuned
axis_gaussian,axis Gaussian,8,1.35,0.9,35.0,1455.8008753039971,anisotropic_tuned
axis_gaussian,axis Gaussian,8,1.35,0.9,55.0,1471.6988561041276,anisotropic_tuned
axis_gaussian,axis Gaussian,8,1.75,0.18,-55.0,1755.3205796829093,anisotropic_tuned
axis_gaussian,axis Gaussian,8,1.75,0.18,-35.0,1760.4254503910115,anisotropic_tuned
axis_gaussian,axis Gaussian,8,1.75,0.18,-15.0,1716.6310340158466,anisotropic_tuned
axis_gaussian,axis Gaussian,8,1.75,0.18,0.0,1545.2506160175967,anisotropic_tuned
axis_gaussian,axis Gaussian,8,1.75,0.18,15.0,1716.6898318873218,anisotropic_tuned
axis_gaussian,axis Gaussian,8,1.75,0.18,35.0,1761.4241290237142,anisotropic_tuned
axis_gaussian,axis Gaussian,8,1.75,0.18,55.0,1758.3001275991319,anisotropic_tuned
axis_gaussian,axis Gaussian,8,1.75,0.28,-55.0,1710.2482668285534,anisotropic_tuned
axis_gaussian,axis Gaussian,8,1.75,0.28,-35.0,1669.4822701924209,anisotropic_tuned
axis_gaussian,axis Gaussian,8,1.75,0.28,-15.0,1611.8641069380924,anisotropic_tuned
axis_gaussian,axis Gaussian,8,1.75,0.28,0.0,1537.5662990982992,anisotropic_tuned
axis_gaussian,axis Gaussian,8,1.75,0.28,15.0,1614.3325077597992,anisotropic_tuned
axis_gaussian,axis Gaussian,8,1.75,0.28,35.0,1669.6503443232823,anisotropic_tuned
axis_gaussian,axis Gaussian,8,1.75,0.28,55.0,1710.4306325502776,anisotropic_tuned
axis_gaussian,axis Gaussian,8,1.75,0.42,-55.0,1632.5395822620335,anisotropic_tuned
axis_gaussian,axis Gaussian,8,1.75,0.42,-35.0,1580.4664192420323,anisotropic_tuned
axis_gaussian,axis Gaussian,8,1.75,0.42,-15.0,1538.9280560375628,anisotropic_tuned
axis_gaussian,axis Gaussian,8,1.75,0.42,0.0,1512.839596474652,anisotropic_tuned
axis_gaussian,axis Gaussian,8,1.75,0.42,15.0,1540.0815174771806,anisotropic_tuned
axis_gaussian,axis Gaussian,8,1.75,0.42,35.0,1576.4389826060415,anisotropic_tuned
axis_gaussian,axis Gaussian,8,1.75,0.42,55.0,1626.4546550373698,anisotropic_tuned
axis_gaussian,axis Gaussian,8,1.75,0.65,-55.0,1555.024198588675,anisotropic_tuned
axis_gaussian,axis Gaussian,8,1.75,0.65,-35.0,1510.7296390802417,anisotropic_tuned
axis_gaussian,axis Gaussian,8,1.75,0.65,-15.0,1468.9471268709954,anisotropic_tuned
axis_gaussian,axis Gaussian,8,1.75,0.65,0.0,1456.9219859911223,anisotropic_tuned
axis_gaussian,axis Gaussian,8,1.75,0.65,15.0,1467.5113706248121,anisotropic_tuned
axis_gaussian,axis Gaussian,8,1.75,0.65,35.0,1509.4644306922073,anisotropic_tuned
axis_gaussian,axis Gaussian,8,1.75,0.65,55.0,1553.964641202056,anisotropic_tuned
axis_gaussian,axis Gaussian,8,1.75,0.9,-55.0,1515.3492735659597,anisotropic_tuned
axis_gaussian,axis Gaussian,8,1.75,0.9,-35.0,1476.049837301392,anisotropic_tuned
axis_gaussian,axis Gaussian,8,1.75,0.9,-15.0,1432.2328414934263,anisotropic_tuned
axis_gaussian,axis Gaussian,8,1.75,0.9,0.0,1421.4563064021845,anisotropic_tuned
axis_gaussian,axis Gaussian,8,1.75,0.9,15.0,1433.154778369876,anisotropic_tuned
axis_gaussian,axis Gaussian,8,1.75,0.9,35.0,1477.580794162871,anisotropic_tuned
axis_gaussian,axis Gaussian,8,1.75,0.9,55.0,1514.7376025196209,anisotropic_tuned
axis_gaussian,axis Gaussian,9,0.55,0.18,-55.0,1945.672459325882,anisotropic_tuned
axis_gaussian,axis Gaussian,9,0.55,0.18,-35.0,1945.6572315498445,anisotropic_tuned
axis_gaussian,axis Gaussian,9,0.55,0.18,-15.0,1904.6633131117458,anisotropic_tuned
axis_gaussian,axis Gaussian,9,0.55,0.18,0.0,1833.1052697684433,anisotropic_tuned
axis_gaussian,axis Gaussian,9,0.55,0.18,15.0,1904.6885716245115,anisotropic_tuned
axis_gaussian,axis Gaussian,9,0.55,0.18,35.0,1945.763201183452,anisotropic_tuned
axis_gaussian,axis Gaussian,9,0.55,0.18,55.0,1945.7021627985835,anisotropic_tuned
axis_gaussian,axis Gaussian,9,0.55,0.28,-55.0,1887.1558566409637,anisotropic_tuned
axis_gaussian,axis Gaussian,9,0.55,0.28,-35.0,1887.1277280412517,anisotropic_tuned
axis_gaussian,axis Gaussian,9,0.55,0.28,-15.0,1847.986511804476,anisotropic_tuned
axis_gaussian,axis Gaussian,9,0.55,0.28,0.0,1821.4483246653733,anisotropic_tuned
axis_gaussian,axis Gaussian,9,0.55,0.28,15.0,1848.0724811093492,anisotropic_tuned
axis_gaussian,axis Gaussian,9,0.55,0.28,35.0,1887.3491223967715,anisotropic_tuned
axis_gaussian,axis Gaussian,9,0.55,0.28,55.0,1887.1441570932473,anisotropic_tuned
axis_gaussian,axis Gaussian,9,0.55,0.42,-55.0,1782.273332837325,anisotropic_tuned
axis_gaussian,axis Gaussian,9,0.55,0.42,-35.0,1782.1379431501578,anisotropic_tuned
axis_gaussian,axis Gaussian,9,0.55,0.42,-15.0,1773.4914923959834,anisotropic_tuned
axis_gaussian,axis Gaussian,9,0.55,0.42,0.0,1770.0762846367352,anisotropic_tuned
axis_gaussian,axis Gaussian,9,0.55,0.42,15.0,1773.624013443648,anisotropic_tuned
axis_gaussian,axis Gaussian,9,0.55,0.42,35.0,1782.274282163156,anisotropic_tuned
axis_gaussian,axis Gaussian,9,0.55,0.42,55.0,1782.3564140884096,anisotropic_tuned
axis_gaussian,axis Gaussian,9,0.55,0.65,-55.0,1657.3910434088161,anisotropic_tuned
axis_gaussian,axis Gaussian,9,0.55,0.65,-35.0,1656.4498637248175,anisotropic_tuned
axis_gaussian,axis Gaussian,9,0.55,0.65,-15.0,1655.1765281710939,anisotropic_tuned
axis_gaussian,axis Gaussian,9,0.55,0.65,0.0,1654.8879549486692,anisotropic_tuned
axis_gaussian,axis Gaussian,9,0.55,0.65,15.0,1655.5224969385265,anisotropic_tuned
axis_gaussian,axis Gaussian,9,0.55,0.65,35.0,1656.8825211774677,anisotropic_tuned
axis_gaussian,axis Gaussian,9,0.55,0.65,55.0,1657.805932138453,anisotropic_tuned
axis_gaussian,axis Gaussian,9,0.55,0.9,-55.0,1589.2756365642113,anisotropic_tuned
axis_gaussian,axis Gaussian,9,0.55,0.9,-35.0,1584.75633603708,anisotropic_tuned
axis_gaussian,axis Gaussian,9,0.55,0.9,-15.0,1579.1051449344677,anisotropic_tuned
axis_gaussian,axis Gaussian,9,0.55,0.9,0.0,1576.3394530478024,anisotropic_tuned
axis_gaussian,axis Gaussian,9,0.55,0.9,15.0,1578.5001886644945,anisotropic_tuned
axis_gaussian,axis Gaussian,9,0.55,0.9,35.0,1583.1664818879626,anisotropic_tuned
axis_gaussian,axis Gaussian,9,0.55,0.9,55.0,1588.0688289455509,anisotropic_tuned
axis_gaussian,axis Gaussian,9,0.75,0.18,-55.0,1900.4019323074097,anisotropic_tuned
axis_gaussian,axis Gaussian,9,0.75,0.18,-35.0,1900.2504417358946,anisotropic_tuned
axis_gaussian,axis Gaussian,9,0.75,0.18,-15.0,1848.5400777999616,anisotropic_tuned
axis_gaussian,axis Gaussian,9,0.75,0.18,0.0,1730.6557120247483,anisotropic_tuned
axis_gaussian,axis Gaussian,9,0.75,0.18,15.0,1848.5392258342922,anisotropic_tuned
axis_gaussian,axis Gaussian,9,0.75,0.18,35.0,1900.4588260483135,anisotropic_tuned
axis_gaussian,axis Gaussian,9,0.75,0.18,55.0,1900.499579890695,anisotropic_tuned
axis_gaussian,axis Gaussian,9,0.75,0.28,-55.0,1814.8607928757417,anisotropic_tuned
axis_gaussian,axis Gaussian,9,0.75,0.28,-35.0,1815.6547027320905,anisotropic_tuned
axis_gaussian,axis Gaussian,9,0.75,0.28,-15.0,1765.2050716345059,anisotropic_tuned
axis_gaussian,axis Gaussian,9,0.75,0.28,0.0,1720.8954796775158,anisotropic_tuned
axis_gaussian,axis Gaussian,9,0.75,0.28,15.0,1766.2583226283846,anisotropic_tuned
axis_gaussian,axis Gaussian,9,0.75,0.28,35.0,1817.9611147432793,anisotropic_tuned
axis_gaussian,axis Gaussian,9,0.75,0.28,55.0,1815.0132427538417,anisotropic_tuned
axis_gaussian,axis Gaussian,9,0.75,0.42,-55.0,1697.7073936610332,anisotropic_tuned
axis_gaussian,axis Gaussian,9,0.75,0.42,-35.0,1699.6320736249945,anisotropic_tuned
axis_gaussian,axis Gaussian,9,0.75,0.42,-15.0,1687.7851730398306,anisotropic_tuned
axis_gaussian,axis Gaussian,9,0.75,0.42,0.0,1679.88883212756,anisotropic_tuned
axis_gaussian,axis Gaussian,9,0.75,0.42,15.0,1688.3924967597557,anisotropic_tuned
axis_gaussian,axis Gaussian,9,0.75,0.42,35.0,1700.7949883773997,anisotropic_tuned
axis_gaussian,axis Gaussian,9,0.75,0.42,55.0,1697.1513455272072,anisotropic_tuned
axis_gaussian,axis Gaussian,9,0.75,0.65,-55.0,1583.0223147124598,anisotropic_tuned
axis_gaussian,axis Gaussian,9,0.75,0.65,-35.0,1585.221456588018,anisotropic_tuned
axis_gaussian,axis Gaussian,9,0.75,0.65,-15.0,1586.6198844934656,anisotropic_tuned
axis_gaussian,axis Gaussian,9,0.75,0.65,0.0,1586.9439263351812,anisotropic_tuned
axis_gaussian,axis Gaussian,9,0.75,0.65,15.0,1586.6428281000174,anisotropic_tuned
axis_gaussian,axis Gaussian,9,0.75,0.65,35.0,1585.1510083665019,anisotropic_tuned
axis_gaussian,axis Gaussian,9,0.75,0.65,55.0,1582.7931700036177,anisotropic_tuned
axis_gaussian,axis Gaussian,9,0.75,0.9,-55.0,1526.0375712224213,anisotropic_tuned
axis_gaussian,axis Gaussian,9,0.75,0.9,-35.0,1526.0869790221047,anisotropic_tuned
axis_gaussian,axis Gaussian,9,0.75,0.9,-15.0,1525.0212590412848,anisotropic_tuned
axis_gaussian,axis Gaussian,9,0.75,0.9,0.0,1524.1062579627585,anisotropic_tuned
axis_gaussian,axis Gaussian,9,0.75,0.9,15.0,1523.604220008722,anisotropic_tuned
axis_gaussian,axis Gaussian,9,0.75,0.9,35.0,1523.6815246447297,anisotropic_tuned
axis_gaussian,axis Gaussian,9,0.75,0.9,55.0,1523.9757435687986,anisotropic_tuned
axis_gaussian,axis Gaussian,9,1.0,0.18,-55.0,1844.2485118049099,anisotropic_tuned
axis_gaussian,axis Gaussian,9,1.0,0.18,-35.0,1843.5281817866305,anisotropic_tuned
axis_gaussian,axis Gaussian,9,1.0,0.18,-15.0,1799.2959022256316,anisotropic_tuned
axis_gaussian,axis Gaussian,9,1.0,0.18,0.0,1645.928803815973,anisotropic_tuned
axis_gaussian,axis Gaussian,9,1.0,0.18,15.0,1799.0623615406798,anisotropic_tuned
axis_gaussian,axis Gaussian,9,1.0,0.18,35.0,1843.8344414182975,anisotropic_tuned
axis_gaussian,axis Gaussian,9,1.0,0.18,55.0,1845.0402777971537,anisotropic_tuned
axis_gaussian,axis Gaussian,9,1.0,0.28,-55.0,1740.155229498958,anisotropic_tuned
axis_gaussian,axis Gaussian,9,1.0,0.28,-35.0,1741.6635755870961,anisotropic_tuned
axis_gaussian,axis Gaussian,9,1.0,0.28,-15.0,1702.8851257189474,anisotropic_tuned
axis_gaussian,axis Gaussian,9,1.0,0.28,0.0,1638.923114729983,anisotropic_tuned
axis_gaussian,axis Gaussian,9,1.0,0.28,15.0,1702.8409706901357,anisotropic_tuned
axis_gaussian,axis Gaussian,9,1.0,0.28,35.0,1746.8253636840589,anisotropic_tuned
axis_gaussian,axis Gaussian,9,1.0,0.28,55.0,1741.9649329067533,anisotropic_tuned
axis_gaussian,axis Gaussian,9,1.0,0.42,-55.0,1630.2026672401503,anisotropic_tuned
axis_gaussian,axis Gaussian,9,1.0,0.42,-35.0,1632.898379661268,anisotropic_tuned
axis_gaussian,axis Gaussian,9,1.0,0.42,-15.0,1620.1139370778421,anisotropic_tuned
axis_gaussian,axis Gaussian,9,1.0,0.42,0.0,1606.8026251357066,anisotropic_tuned
axis_gaussian,axis Gaussian,9,1.0,0.42,15.0,1622.17340101867,anisotropic_tuned
axis_gaussian,axis Gaussian,9,1.0,0.42,35.0,1637.0417726723242,anisotropic_tuned
axis_gaussian,axis Gaussian,9,1.0,0.42,55.0,1633.2077284603163,anisotropic_tuned
axis_gaussian,axis Gaussian,9,1.0,0.65,-55.0,1531.9297010165337,anisotropic_tuned
axis_gaussian,axis Gaussian,9,1.0,0.65,-35.0,1532.4962321153978,anisotropic_tuned
axis_gaussian,axis Gaussian,9,1.0,0.65,-15.0,1531.3521799357081,anisotropic_tuned
axis_gaussian,axis Gaussian,9,1.0,0.65,0.0,1531.5873636616318,anisotropic_tuned
axis_gaussian,axis Gaussian,9,1.0,0.65,15.0,1533.0687815960616,anisotropic_tuned
axis_gaussian,axis Gaussian,9,1.0,0.65,35.0,1535.915635112564,anisotropic_tuned
axis_gaussian,axis Gaussian,9,1.0,0.65,55.0,1537.1957029544683,anisotropic_tuned
axis_gaussian,axis Gaussian,9,1.0,0.9,-55.0,1481.9015355721501,anisotropic_tuned
axis_gaussian,axis Gaussian,9,1.0,0.9,-35.0,1479.987403151949,anisotropic_tuned
axis_gaussian,axis Gaussian,9,1.0,0.9,-15.0,1479.028628838053,anisotropic_tuned
axis_gaussian,axis Gaussian,9,1.0,0.9,0.0,1479.1659134986412,anisotropic_tuned
axis_gaussian,axis Gaussian,9,1.0,0.9,15.0,1479.9741862001358,anisotropic_tuned
axis_gaussian,axis Gaussian,9,1.0,0.9,35.0,1481.729883890713,anisotropic_tuned
axis_gaussian,axis Gaussian,9,1.0,0.9,55.0,1483.4959640409913,anisotropic_tuned
axis_gaussian,axis Gaussian,9,1.35,0.18,-55.0,1786.83453572227,anisotropic_tuned
axis_gaussian,axis Gaussian,9,1.35,0.18,-35.0,1784.6391443570617,anisotropic_tuned
axis_gaussian,axis Gaussian,9,1.35,0.18,-15.0,1754.7079259356883,anisotropic_tuned
axis_gaussian,axis Gaussian,9,1.35,0.18,0.0,1578.901412816857,anisotropic_tuned
axis_gaussian,axis Gaussian,9,1.35,0.18,15.0,1754.7191649886843,anisotropic_tuned
axis_gaussian,axis Gaussian,9,1.35,0.18,35.0,1785.651363008977,anisotropic_tuned
axis_gaussian,axis Gaussian,9,1.35,0.18,55.0,1790.2099232591536,anisotropic_tuned
axis_gaussian,axis Gaussian,9,1.35,0.28,-55.0,1687.1524278368502,anisotropic_tuned
axis_gaussian,axis Gaussian,9,1.35,0.28,-35.0,1677.346843765403,anisotropic_tuned
axis_gaussian,axis Gaussian,9,1.35,0.28,-15.0,1647.915906908478,anisotropic_tuned
axis_gaussian,axis Gaussian,9,1.35,0.28,0.0,1571.9558310476114,anisotropic_tuned
axis_gaussian,axis Gaussian,9,1.35,0.28,15.0,1645.5543630784828,anisotropic_tuned
axis_gaussian,axis Gaussian,9,1.35,0.28,35.0,1682.9727811558841,anisotropic_tuned
axis_gaussian,axis Gaussian,9,1.35,0.28,55.0,1691.3346510457488,anisotropic_tuned
axis_gaussian,axis Gaussian,9,1.35,0.42,-55.0,1593.9616896566881,anisotropic_tuned
axis_gaussian,axis Gaussian,9,1.35,0.42,-35.0,1581.011578809116,anisotropic_tuned
axis_gaussian,axis Gaussian,9,1.35,0.42,-15.0,1563.5576580287081,anisotropic_tuned
axis_gaussian,axis Gaussian,9,1.35,0.42,0.0,1544.7247225829576,anisotropic_tuned
axis_gaussian,axis Gaussian,9,1.35,0.42,15.0,1565.0893743590823,anisotropic_tuned
axis_gaussian,axis Gaussian,9,1.35,0.42,35.0,1584.536611675286,anisotropic_tuned
axis_gaussian,axis Gaussian,9,1.35,0.42,55.0,1597.7056616024097,anisotropic_tuned
axis_gaussian,axis Gaussian,9,1.35,0.65,-55.0,1512.250773617986,anisotropic_tuned
axis_gaussian,axis Gaussian,9,1.35,0.65,-35.0,1493.3172933823678,anisotropic_tuned
axis_gaussian,axis Gaussian,9,1.35,0.65,-15.0,1484.0921601669709,anisotropic_tuned
axis_gaussian,axis Gaussian,9,1.35,0.65,0.0,1482.9562088243665,anisotropic_tuned
axis_gaussian,axis Gaussian,9,1.35,0.65,15.0,1485.788351148578,anisotropic_tuned
axis_gaussian,axis Gaussian,9,1.35,0.65,35.0,1497.447821478915,anisotropic_tuned
axis_gaussian,axis Gaussian,9,1.35,0.65,55.0,1514.8960135957511,anisotropic_tuned
axis_gaussian,axis Gaussian,9,1.35,0.9,-55.0,1469.9440018766238,anisotropic_tuned
axis_gaussian,axis Gaussian,9,1.35,0.9,-35.0,1452.1330828797404,anisotropic_tuned
axis_gaussian,axis Gaussian,9,1.35,0.9,-15.0,1440.6396422198911,anisotropic_tuned
axis_gaussian,axis Gaussian,9,1.35,0.9,0.0,1438.4051423443443,anisotropic_tuned
axis_gaussian,axis Gaussian,9,1.35,0.9,15.0,1441.9926445814726,anisotropic_tuned
axis_gaussian,axis Gaussian,9,1.35,0.9,35.0,1451.8887011818738,anisotropic_tuned
axis_gaussian,axis Gaussian,9,1.35,0.9,55.0,1467.941390973089,anisotropic_tuned
axis_gaussian,axis Gaussian,9,1.75,0.18,-55.0,1748.2224404520782,anisotropic_tuned
axis_gaussian,axis Gaussian,9,1.75,0.18,-35.0,1744.1257896222855,anisotropic_tuned
axis_gaussian,axis Gaussian,9,1.75,0.18,-15.0,1717.8666851257472,anisotropic_tuned
axis_gaussian,axis Gaussian,9,1.75,0.18,0.0,1543.0292343822857,anisotropic_tuned
axis_gaussian,axis Gaussian,9,1.75,0.18,15.0,1719.224124483909,anisotropic_tuned
axis_gaussian,axis Gaussian,9,1.75,0.18,35.0,1747.729456572154,anisotropic_tuned
axis_gaussian,axis Gaussian,9,1.75,0.18,55.0,1755.776388706716,anisotropic_tuned
axis_gaussian,axis Gaussian,9,1.75,0.28,-55.0,1680.154926441782,anisotropic_tuned
axis_gaussian,axis Gaussian,9,1.75,0.28,-35.0,1652.532336245686,anisotropic_tuned
axis_gaussian,axis Gaussian,9,1.75,0.28,-15.0,1611.9514628126217,anisotropic_tuned
axis_gaussian,axis Gaussian,9,1.75,0.28,0.0,1535.8205172412906,anisotropic_tuned
axis_gaussian,axis Gaussian,9,1.75,0.28,15.0,1606.3967100184227,anisotropic_tuned
axis_gaussian,axis Gaussian,9,1.75,0.28,35.0,1654.180081420463,anisotropic_tuned
axis_gaussian,axis Gaussian,9,1.75,0.28,55.0,1679.6675704727436,anisotropic_tuned
axis_gaussian,axis Gaussian,9,1.75,0.42,-55.0,1604.8648313487838,anisotropic_tuned
axis_gaussian,axis Gaussian,9,1.75,0.42,-35.0,1570.7201121648027,anisotropic_tuned
axis_gaussian,axis Gaussian,9,1.75,0.42,-15.0,1535.2725029852622,anisotropic_tuned
axis_gaussian,axis Gaussian,9,1.75,0.42,0.0,1512.4553972772658,anisotropic_tuned
axis_gaussian,axis Gaussian,9,1.75,0.42,15.0,1534.8932222289807,anisotropic_tuned
axis_gaussian,axis Gaussian,9,1.75,0.42,35.0,1568.3130654189163,anisotropic_tuned
axis_gaussian,axis Gaussian,9,1.75,0.42,55.0,1601.04475745723,anisotropic_tuned
axis_gaussian,axis Gaussian,9,1.75,0.65,-55.0,1535.7174949111684,anisotropic_tuned
axis_gaussian,axis Gaussian,9,1.75,0.65,-35.0,1496.1623939140652,anisotropic_tuned
axis_gaussian,axis Gaussian,9,1.75,0.65,-15.0,1464.5995521899883,anisotropic_tuned
axis_gaussian,axis Gaussian,9,1.75,0.65,0.0,1459.7222699054728,anisotropic_tuned
axis_gaussian,axis Gaussian,9,1.75,0.65,15.0,1465.6899110546246,anisotropic_tuned
axis_gaussian,axis Gaussian,9,1.75,0.65,35.0,1492.5592435699637,anisotropic_tuned
axis_gaussian,axis Gaussian,9,1.75,0.65,55.0,1530.6414848942175,anisotropic_tuned
axis_gaussian,axis Gaussian,9,1.75,0.9,-55.0,1497.6702888863113,anisotropic_tuned
axis_gaussian,axis Gaussian,9,1.75,0.9,-35.0,1464.6294012264939,anisotropic_tuned
axis_gaussian,axis Gaussian,9,1.75,0.9,-15.0,1430.010765681927,anisotropic_tuned
axis_gaussian,axis Gaussian,9,1.75,0.9,0.0,1420.9932209378278,anisotropic_tuned
axis_gaussian,axis Gaussian,9,1.75,0.9,15.0,1428.3962246403653,anisotropic_tuned
axis_gaussian,axis Gaussian,9,1.75,0.9,35.0,1455.081474295434,anisotropic_tuned
axis_gaussian,axis Gaussian,9,1.75,0.9,55.0,1489.4352383485025,anisotropic_tuned
rotated_wake,rotated wake,0,0.55,0.18,-55.0,1961.5973996500047,anisotropic_tuned
rotated_wake,rotated wake,0,0.55,0.18,-35.0,1961.0864428270029,anisotropic_tuned
rotated_wake,rotated wake,0,0.55,0.18,-15.0,1918.4197216106022,anisotropic_tuned
rotated_wake,rotated wake,0,0.55,0.18,0.0,1845.9838633813329,anisotropic_tuned
rotated_wake,rotated wake,0,0.55,0.18,15.0,1918.0114722707435,anisotropic_tuned
rotated_wake,rotated wake,0,0.55,0.18,35.0,1959.0821544431997,anisotropic_tuned
rotated_wake,rotated wake,0,0.55,0.18,55.0,1959.295038691815,anisotropic_tuned
rotated_wake,rotated wake,0,0.55,0.28,-55.0,1904.205492059632,anisotropic_tuned
rotated_wake,rotated wake,0,0.55,0.28,-35.0,1902.7949040184126,anisotropic_tuned
rotated_wake,rotated wake,0,0.55,0.28,-15.0,1861.824929063514,anisotropic_tuned
rotated_wake,rotated wake,0,0.55,0.28,0.0,1834.9360831906142,anisotropic_tuned
rotated_wake,rotated wake,0,0.55,0.28,15.0,1860.3715480943288,anisotropic_tuned
rotated_wake,rotated wake,0,0.55,0.28,35.0,1899.7246588259404,anisotropic_tuned
rotated_wake,rotated wake,0,0.55,0.28,55.0,1900.0344879977606,anisotropic_tuned
rotated_wake,rotated wake,0,0.55,0.42,-55.0,1803.6900150288702,anisotropic_tuned
rotated_wake,rotated wake,0,0.55,0.42,-35.0,1801.5787227270507,anisotropic_tuned
rotated_wake,rotated wake,0,0.55,0.42,-15.0,1790.556024486165,anisotropic_tuned
rotated_wake,rotated wake,0,0.55,0.42,0.0,1785.2811073988692,anisotropic_tuned
rotated_wake,rotated wake,0,0.55,0.42,15.0,1787.254533565429,anisotropic_tuned
rotated_wake,rotated wake,0,0.55,0.42,35.0,1794.8877505619553,anisotropic_tuned
rotated_wake,rotated wake,0,0.55,0.42,55.0,1795.3590298860104,anisotropic_tuned
rotated_wake,rotated wake,0,0.55,0.65,-55.0,1674.1918365118568,anisotropic_tuned
rotated_wake,rotated wake,0,0.55,0.65,-35.0,1675.2595954688804,anisotropic_tuned
rotated_wake,rotated wake,0,0.55,0.65,-15.0,1679.6684312125058,anisotropic_tuned
rotated_wake,rotated wake,0,0.55,0.65,0.0,1685.299463148147,anisotropic_tuned
rotated_wake,rotated wake,0,0.55,0.65,15.0,1691.389071472658,anisotropic_tuned
rotated_wake,rotated wake,0,0.55,0.65,35.0,1695.8020895442892,anisotropic_tuned
rotated_wake,rotated wake,0,0.55,0.65,55.0,1693.125650916424,anisotropic_tuned
rotated_wake,rotated wake,0,0.55,0.9,-55.0,1594.1750962573738,anisotropic_tuned
rotated_wake,rotated wake,0,0.55,0.9,-35.0,1599.4454328842507,anisotropic_tuned
rotated_wake,rotated wake,0,0.55,0.9,-15.0,1629.3547604108085,anisotropic_tuned
rotated_wake,rotated wake,0,0.55,0.9,0.0,1664.391658889629,anisotropic_tuned
rotated_wake,rotated wake,0,0.55,0.9,15.0,1695.9108190164748,anisotropic_tuned
rotated_wake,rotated wake,0,0.55,0.9,35.0,1712.8897472313788,anisotropic_tuned
rotated_wake,rotated wake,0,0.55,0.9,55.0,1697.3629864208156,anisotropic_tuned
rotated_wake,rotated wake,0,0.75,0.18,-55.0,1920.787902238796,anisotropic_tuned
rotated_wake,rotated wake,0,0.75,0.18,-35.0,1919.4339814124583,anisotropic_tuned
rotated_wake,rotated wake,0,0.75,0.18,-15.0,1861.995427420139,anisotropic_tuned
rotated_wake,rotated wake,0,0.75,0.18,0.0,1741.0391555253668,anisotropic_tuned
rotated_wake,rotated wake,0,0.75,0.18,15.0,1861.4518389865943,anisotropic_tuned
rotated_wake,rotated wake,0,0.75,0.18,35.0,1912.3300369594872,anisotropic_tuned
rotated_wake,rotated wake,0,0.75,0.18,55.0,1912.740569247076,anisotropic_tuned
rotated_wake,rotated wake,0,0.75,0.28,-55.0,1849.8285976650345,anisotropic_tuned
rotated_wake,rotated wake,0,0.75,0.28,-35.0,1838.0392406899755,anisotropic_tuned
rotated_wake,rotated wake,0,0.75,0.28,-15.0,1777.3825755422804,anisotropic_tuned
rotated_wake,rotated wake,0,0.75,0.28,0.0,1732.418730281247,anisotropic_tuned
rotated_wake,rotated wake,0,0.75,0.28,15.0,1773.926230599342,anisotropic_tuned
rotated_wake,rotated wake,0,0.75,0.28,35.0,1826.3714329222234,anisotropic_tuned
rotated_wake,rotated wake,0,0.75,0.28,55.0,1825.628278952378,anisotropic_tuned
rotated_wake,rotated wake,0,0.75,0.42,-55.0,1768.487241359736,anisotropic_tuned
rotated_wake,rotated wake,0,0.75,0.42,-35.0,1748.793387376516,anisotropic_tuned
rotated_wake,rotated wake,0,0.75,0.42,-15.0,1715.694261154842,anisotropic_tuned
rotated_wake,rotated wake,0,0.75,0.42,0.0,1695.5743893829285,anisotropic_tuned
rotated_wake,rotated wake,0,0.75,0.42,15.0,1695.8322250545616,anisotropic_tuned
rotated_wake,rotated wake,0,0.75,0.42,35.0,1707.174548182752,anisotropic_tuned
rotated_wake,rotated wake,0,0.75,0.42,55.0,1706.7761775913018,anisotropic_tuned
rotated_wake,rotated wake,0,0.75,0.65,-55.0,1648.3379725080717,anisotropic_tuned
rotated_wake,rotated wake,0,0.75,0.65,-35.0,1644.441648216558,anisotropic_tuned
rotated_wake,rotated wake,0,0.75,0.65,-15.0,1633.993388642586,anisotropic_tuned
rotated_wake,rotated wake,0,0.75,0.65,0.0,1625.2845586112999,anisotropic_tuned
rotated_wake,rotated wake,0,0.75,0.65,15.0,1618.3698664036478,anisotropic_tuned
rotated_wake,rotated wake,0,0.75,0.65,35.0,1614.0573375977287,anisotropic_tuned
rotated_wake,rotated wake,0,0.75,0.65,55.0,1616.663959072624,anisotropic_tuned
rotated_wake,rotated wake,0,0.75,0.9,-55.0,1576.5708848700783,anisotropic_tuned
rotated_wake,rotated wake,0,0.75,0.9,-35.0,1584.5581227125253,anisotropic_tuned
rotated_wake,rotated wake,0,0.75,0.9,-15.0,1604.2240630259234,anisotropic_tuned
rotated_wake,rotated wake,0,0.75,0.9,0.0,1621.2323670828423,anisotropic_tuned
rotated_wake,rotated wake,0,0.75,0.9,15.0,1634.7538550583472,anisotropic_tuned
rotated_wake,rotated wake,0,0.75,0.9,35.0,1641.9317696990724,anisotropic_tuned
rotated_wake,rotated wake,0,0.75,0.9,55.0,1634.233127576596,anisotropic_tuned
rotated_wake,rotated wake,0,1.0,0.18,-55.0,1886.1525228026612,anisotropic_tuned
rotated_wake,rotated wake,0,1.0,0.18,-35.0,1889.44026922781,anisotropic_tuned
rotated_wake,rotated wake,0,1.0,0.18,-15.0,1813.2340273007244,anisotropic_tuned
rotated_wake,rotated wake,0,1.0,0.18,0.0,1668.82223643742,anisotropic_tuned
rotated_wake,rotated wake,0,1.0,0.18,15.0,1812.2691896191218,anisotropic_tuned
rotated_wake,rotated wake,0,1.0,0.18,35.0,1853.3422650733683,anisotropic_tuned
rotated_wake,rotated wake,0,1.0,0.18,55.0,1854.4596716217875,anisotropic_tuned
rotated_wake,rotated wake,0,1.0,0.28,-55.0,1851.4385720917185,anisotropic_tuned
rotated_wake,rotated wake,0,1.0,0.28,-35.0,1822.0925972963719,anisotropic_tuned
rotated_wake,rotated wake,0,1.0,0.28,-15.0,1716.2915717549522,anisotropic_tuned
rotated_wake,rotated wake,0,1.0,0.28,0.0,1664.004178931828,anisotropic_tuned
rotated_wake,rotated wake,0,1.0,0.28,15.0,1710.9757609257435,anisotropic_tuned
rotated_wake,rotated wake,0,1.0,0.28,35.0,1748.84800479044,anisotropic_tuned
rotated_wake,rotated wake,0,1.0,0.28,55.0,1747.661518108796,anisotropic_tuned
rotated_wake,rotated wake,0,1.0,0.42,-55.0,1798.6194203715854,anisotropic_tuned
rotated_wake,rotated wake,0,1.0,0.42,-35.0,1767.9538656517102,anisotropic_tuned
rotated_wake,rotated wake,0,1.0,0.42,-15.0,1685.089281063022,anisotropic_tuned
rotated_wake,rotated wake,0,1.0,0.42,0.0,1639.2370487572916,anisotropic_tuned
rotated_wake,rotated wake,0,1.0,0.42,15.0,1630.1796466623045,anisotropic_tuned
rotated_wake,rotated wake,0,1.0,0.42,35.0,1633.9735193079428,anisotropic_tuned
rotated_wake,rotated wake,0,1.0,0.42,55.0,1635.6468973236042,anisotropic_tuned
rotated_wake,rotated wake,0,1.0,0.65,-55.0,1694.865514044825,anisotropic_tuned
rotated_wake,rotated wake,0,1.0,0.65,-35.0,1680.0054195927487,anisotropic_tuned
rotated_wake,rotated wake,0,1.0,0.65,-15.0,1634.2249492999827,anisotropic_tuned
rotated_wake,rotated wake,0,1.0,0.65,0.0,1594.659194464964,anisotropic_tuned
rotated_wake,rotated wake,0,1.0,0.65,15.0,1565.9973343008078,anisotropic_tuned
rotated_wake,rotated wake,0,1.0,0.65,35.0,1553.4620700231162,anisotropic_tuned
rotated_wake,rotated wake,0,1.0,0.65,55.0,1567.8607145548144,anisotropic_tuned
rotated_wake,rotated wake,0,1.0,0.9,-55.0,1632.3731619835248,anisotropic_tuned
rotated_wake,rotated wake,0,1.0,0.9,-35.0,1627.0112984403122,anisotropic_tuned
rotated_wake,rotated wake,0,1.0,0.9,-15.0,1613.8361603981575,anisotropic_tuned
rotated_wake,rotated wake,0,1.0,0.9,0.0,1602.4159892840512,anisotropic_tuned
rotated_wake,rotated wake,0,1.0,0.9,15.0,1593.0601378092774,anisotropic_tuned
rotated_wake,rotated wake,0,1.0,0.9,35.0,1588.2167744827857,anisotropic_tuned
rotated_wake,rotated wake,0,1.0,0.9,55.0,1594.0454188443196,anisotropic_tuned
rotated_wake,rotated wake,0,1.35,0.18,-55.0,1867.4491801777885,anisotropic_tuned
rotated_wake,rotated wake,0,1.35,0.18,-35.0,1891.418821354168,anisotropic_tuned
rotated_wake,rotated wake,0,1.35,0.18,-15.0,1770.8743481653783,anisotropic_tuned
rotated_wake,rotated wake,0,1.35,0.18,0.0,1646.426960294532,anisotropic_tuned
rotated_wake,rotated wake,0,1.35,0.18,15.0,1767.2190136795912,anisotropic_tuned
rotated_wake,rotated wake,0,1.35,0.18,35.0,1789.3680749246478,anisotropic_tuned
rotated_wake,rotated wake,0,1.35,0.18,55.0,1792.8279544278025,anisotropic_tuned
rotated_wake,rotated wake,0,1.35,0.28,-55.0,1946.8049906421038,anisotropic_tuned
rotated_wake,rotated wake,0,1.35,0.28,-35.0,1916.7099002163573,anisotropic_tuned
rotated_wake,rotated wake,0,1.35,0.28,-15.0,1671.8363892424313,anisotropic_tuned
rotated_wake,rotated wake,0,1.35,0.28,0.0,1642.7938498140243,anisotropic_tuned
rotated_wake,rotated wake,0,1.35,0.28,15.0,1660.8689209099152,anisotropic_tuned
rotated_wake,rotated wake,0,1.35,0.28,35.0,1675.2361587100977,anisotropic_tuned
rotated_wake,rotated wake,0,1.35,0.28,55.0,1682.6202465007077,anisotropic_tuned
rotated_wake,rotated wake,0,1.35,0.42,-55.0,1908.9890218342289,anisotropic_tuned
rotated_wake,rotated wake,0,1.35,0.42,-35.0,1868.361348794519,anisotropic_tuned
rotated_wake,rotated wake,0,1.35,0.42,-15.0,1709.4418806313338,anisotropic_tuned
rotated_wake,rotated wake,0,1.35,0.42,0.0,1625.918626747056,anisotropic_tuned
rotated_wake,rotated wake,0,1.35,0.42,15.0,1580.0466323908995,anisotropic_tuned
rotated_wake,rotated wake,0,1.35,0.42,35.0,1573.0544152922948,anisotropic_tuned
rotated_wake,rotated wake,0,1.35,0.42,55.0,1589.4381286164034,anisotropic_tuned
rotated_wake,rotated wake,0,1.35,0.65,-55.0,1826.9671033859458,anisotropic_tuned
rotated_wake,rotated wake,0,1.35,0.65,-35.0,1789.4754579708251,anisotropic_tuned
rotated_wake,rotated wake,0,1.35,0.65,-15.0,1687.3000843973614,anisotropic_tuned
rotated_wake,rotated wake,0,1.35,0.65,0.0,1599.463780280446,anisotropic_tuned
rotated_wake,rotated wake,0,1.35,0.65,15.0,1531.0290770443016,anisotropic_tuned
rotated_wake,rotated wake,0,1.35,0.65,35.0,1504.6243407502243,anisotropic_tuned
rotated_wake,rotated wake,0,1.35,0.65,55.0,1542.1241789314063,anisotropic_tuned
rotated_wake,rotated wake,0,1.35,0.9,-55.0,1771.3855520591092,anisotropic_tuned
rotated_wake,rotated wake,0,1.35,0.9,-35.0,1744.5950486337283,anisotropic_tuned
rotated_wake,rotated wake,0,1.35,0.9,-15.0,1672.8357583082861,anisotropic_tuned
rotated_wake,rotated wake,0,1.35,0.9,0.0,1611.2127379172643,anisotropic_tuned
rotated_wake,rotated wake,0,1.35,0.9,15.0,1565.8837956920866,anisotropic_tuned
rotated_wake,rotated wake,0,1.35,0.9,35.0,1544.8271483352605,anisotropic_tuned
rotated_wake,rotated wake,0,1.35,0.9,55.0,1575.9737246802551,anisotropic_tuned
rotated_wake,rotated wake,0,1.75,0.18,-55.0,1888.945986876281,anisotropic_tuned
rotated_wake,rotated wake,0,1.75,0.18,-35.0,1902.7989390765774,anisotropic_tuned
rotated_wake,rotated wake,0,1.75,0.18,-15.0,1743.4786207232805,anisotropic_tuned
rotated_wake,rotated wake,0,1.75,0.18,0.0,1687.764872577252,anisotropic_tuned
rotated_wake,rotated wake,0,1.75,0.18,15.0,1731.6685355451618,anisotropic_tuned
rotated_wake,rotated wake,0,1.75,0.18,35.0,1737.5929232326557,anisotropic_tuned
rotated_wake,rotated wake,0,1.75,0.18,55.0,1744.0367876545251,anisotropic_tuned
rotated_wake,rotated wake,0,1.75,0.28,-55.0,2060.820151184908,anisotropic_tuned
rotated_wake,rotated wake,0,1.75,0.28,-35.0,2018.8768388033127,anisotropic_tuned
rotated_wake,rotated wake,0,1.75,0.28,-15.0,1662.952556927687,anisotropic_tuned
rotated_wake,rotated wake,0,1.75,0.28,0.0,1681.186973162548,anisotropic_tuned
rotated_wake,rotated wake,0,1.75,0.28,15.0,1634.661345987306,anisotropic_tuned
rotated_wake,rotated wake,0,1.75,0.28,35.0,1625.7893967296945,anisotropic_tuned
rotated_wake,rotated wake,0,1.75,0.28,55.0,1645.366404977594,anisotropic_tuned
rotated_wake,rotated wake,0,1.75,0.42,-55.0,2034.542663297751,anisotropic_tuned
rotated_wake,rotated wake,0,1.75,0.42,-35.0,1983.3186110134225,anisotropic_tuned
rotated_wake,rotated wake,0,1.75,0.42,-15.0,1800.771450283838,anisotropic_tuned
rotated_wake,rotated wake,0,1.75,0.42,0.0,1665.1361425164678,anisotropic_tuned
rotated_wake,rotated wake,0,1.75,0.42,15.0,1560.8026817173795,anisotropic_tuned
rotated_wake,rotated wake,0,1.75,0.42,35.0,1535.9795379852153,anisotropic_tuned
rotated_wake,rotated wake,0,1.75,0.42,55.0,1577.9110168505322,anisotropic_tuned
rotated_wake,rotated wake,0,1.75,0.65,-55.0,1963.1614360716308,anisotropic_tuned
rotated_wake,rotated wake,0,1.75,0.65,-35.0,1917.8198541785696,anisotropic_tuned
rotated_wake,rotated wake,0,1.75,0.65,-15.0,1792.054506016394,anisotropic_tuned
rotated_wake,rotated wake,0,1.75,0.65,0.0,1641.9970317909347,anisotropic_tuned
rotated_wake,rotated wake,0,1.75,0.65,15.0,1525.6409851433273,anisotropic_tuned
rotated_wake,rotated wake,0,1.75,0.65,35.0,1478.7361461943165,anisotropic_tuned
rotated_wake,rotated wake,0,1.75,0.65,55.0,1546.5299104601304,anisotropic_tuned
rotated_wake,rotated wake,0,1.75,0.9,-55.0,1911.5941331365475,anisotropic_tuned
rotated_wake,rotated wake,0,1.75,0.9,-35.0,1878.810513326393,anisotropic_tuned
rotated_wake,rotated wake,0,1.75,0.9,-15.0,1776.6923798460825,anisotropic_tuned
rotated_wake,rotated wake,0,1.75,0.9,0.0,1660.4808101325366,anisotropic_tuned
rotated_wake,rotated wake,0,1.75,0.9,15.0,1561.2171611117578,anisotropic_tuned
rotated_wake,rotated wake,0,1.75,0.9,35.0,1518.8305231743793,anisotropic_tuned
rotated_wake,rotated wake,0,1.75,0.9,55.0,1582.8220377882617,anisotropic_tuned
rotated_wake,rotated wake,1,0.55,0.18,-55.0,1953.8721733582693,anisotropic_tuned
rotated_wake,rotated wake,1,0.55,0.18,-35.0,1953.7184950165265,anisotropic_tuned
rotated_wake,rotated wake,1,0.55,0.18,-15.0,1911.7035461780747,anisotropic_tuned
rotated_wake,rotated wake,1,0.55,0.18,0.0,1838.7256083000184,anisotropic_tuned
rotated_wake,rotated wake,1,0.55,0.18,15.0,1911.364930021889,anisotropic_tuned
rotated_wake,rotated wake,1,0.55,0.18,35.0,1952.0289509751183,anisotropic_tuned
rotated_wake,rotated wake,1,0.55,0.18,55.0,1952.1366661631441,anisotropic_tuned
rotated_wake,rotated wake,1,0.55,0.28,-55.0,1895.9186727800247,anisotropic_tuned
rotated_wake,rotated wake,1,0.55,0.28,-35.0,1895.2372275670718,anisotropic_tuned
rotated_wake,rotated wake,1,0.55,0.28,-15.0,1854.7939346046978,anisotropic_tuned
rotated_wake,rotated wake,1,0.55,0.28,0.0,1827.7625941632996,anisotropic_tuned
rotated_wake,rotated wake,1,0.55,0.28,15.0,1853.9631620062542,anisotropic_tuned
rotated_wake,rotated wake,1,0.55,0.28,35.0,1893.1890672102872,anisotropic_tuned
rotated_wake,rotated wake,1,0.55,0.28,55.0,1893.520761619472,anisotropic_tuned
rotated_wake,rotated wake,1,0.55,0.42,-55.0,1792.8030017109413,anisotropic_tuned
rotated_wake,rotated wake,1,0.55,0.42,-35.0,1791.6781154513983,anisotropic_tuned
rotated_wake,rotated wake,1,0.55,0.42,-15.0,1781.9194407737714,anisotropic_tuned
rotated_wake,rotated wake,1,0.55,0.42,0.0,1778.5950207711044,anisotropic_tuned
rotated_wake,rotated wake,1,0.55,0.42,15.0,1782.5270448492638,anisotropic_tuned
rotated_wake,rotated wake,1,0.55,0.42,35.0,1791.1259017969405,anisotropic_tuned
rotated_wake,rotated wake,1,0.55,0.42,55.0,1791.9174901435958,anisotropic_tuned
rotated_wake,rotated wake,1,0.55,0.65,-55.0,1668.4151517335695,anisotropic_tuned
rotated_wake,rotated wake,1,0.55,0.65,-35.0,1668.9878139664124,anisotropic_tuned
rotated_wake,rotated wake,1,0.55,0.65,-15.0,1670.759010175194,anisotropic_tuned
rotated_wake,rotated wake,1,0.55,0.65,0.0,1673.6020974121561,anisotropic_tuned
rotated_wake,rotated wake,1,0.55,0.65,15.0,1677.0725342176002,anisotropic_tuned
rotated_wake,rotated wake,1,0.55,0.65,35.0,1679.5674181811182,anisotropic_tuned
rotated_wake,rotated wake,1,0.55,0.65,55.0,1677.7542011158039,anisotropic_tuned
rotated_wake,rotated wake,1,0.55,0.9,-55.0,1586.3863089892907,anisotropic_tuned
rotated_wake,rotated wake,1,0.55,0.9,-35.0,1588.630055000824,anisotropic_tuned
rotated_wake,rotated wake,1,0.55,0.9,-15.0,1603.7838437079904,anisotropic_tuned
rotated_wake,rotated wake,1,0.55,0.9,0.0,1622.4565115618116,anisotropic_tuned
rotated_wake,rotated wake,1,0.55,0.9,15.0,1639.6746072462815,anisotropic_tuned
rotated_wake,rotated wake,1,0.55,0.9,35.0,1648.5775030078012,anisotropic_tuned
rotated_wake,rotated wake,1,0.55,0.9,55.0,1641.1400967038608,anisotropic_tuned
rotated_wake,rotated wake,1,0.75,0.18,-55.0,1911.4088001316682,anisotropic_tuned
rotated_wake,rotated wake,1,0.75,0.18,-35.0,1910.8704656801283,anisotropic_tuned
rotated_wake,rotated wake,1,0.75,0.18,-15.0,1855.1489196537937,anisotropic_tuned
rotated_wake,rotated wake,1,0.75,0.18,0.0,1728.245388828353,anisotropic_tuned
rotated_wake,rotated wake,1,0.75,0.18,15.0,1854.3473347577142,anisotropic_tuned
rotated_wake,rotated wake,1,0.75,0.18,35.0,1905.4716835956465,anisotropic_tuned
rotated_wake,rotated wake,1,0.75,0.18,55.0,1905.6291686967807,anisotropic_tuned
rotated_wake,rotated wake,1,0.75,0.28,-55.0,1829.4745962704596,anisotropic_tuned
rotated_wake,rotated wake,1,0.75,0.28,-35.0,1826.857555266114,anisotropic_tuned
rotated_wake,rotated wake,1,0.75,0.28,-15.0,1765.3014959250795,anisotropic_tuned
rotated_wake,rotated wake,1,0.75,0.28,0.0,1720.2947231651938,anisotropic_tuned
rotated_wake,rotated wake,1,0.75,0.28,15.0,1763.0228793011484,anisotropic_tuned
rotated_wake,rotated wake,1,0.75,0.28,35.0,1818.5060348955408,anisotropic_tuned
rotated_wake,rotated wake,1,0.75,0.28,55.0,1818.5993875865533,anisotropic_tuned
rotated_wake,rotated wake,1,0.75,0.42,-55.0,1730.562342503763,anisotropic_tuned
rotated_wake,rotated wake,1,0.75,0.42,-35.0,1720.4704384148195,anisotropic_tuned
rotated_wake,rotated wake,1,0.75,0.42,-15.0,1695.1609342446932,anisotropic_tuned
rotated_wake,rotated wake,1,0.75,0.42,0.0,1683.0487581829962,anisotropic_tuned
rotated_wake,rotated wake,1,0.75,0.42,15.0,1688.720360301635,anisotropic_tuned
rotated_wake,rotated wake,1,0.75,0.42,35.0,1702.5757627467756,anisotropic_tuned
rotated_wake,rotated wake,1,0.75,0.42,55.0,1705.1545679764981,anisotropic_tuned
rotated_wake,rotated wake,1,0.75,0.65,-55.0,1616.2784556138795,anisotropic_tuned
rotated_wake,rotated wake,1,0.75,0.65,-35.0,1614.3813083034402,anisotropic_tuned
rotated_wake,rotated wake,1,0.75,0.65,-15.0,1609.0658425456604,anisotropic_tuned
rotated_wake,rotated wake,1,0.75,0.65,0.0,1604.4279868254043,anisotropic_tuned
rotated_wake,rotated wake,1,0.75,0.65,15.0,1600.7209023897867,anisotropic_tuned
rotated_wake,rotated wake,1,0.75,0.65,35.0,1598.6719112878623,anisotropic_tuned
rotated_wake,rotated wake,1,0.75,0.65,55.0,1600.3603393553476,anisotropic_tuned
rotated_wake,rotated wake,1,0.75,0.9,-55.0,1546.6791206040712,anisotropic_tuned
rotated_wake,rotated wake,1,0.75,0.9,-35.0,1549.8339175467736,anisotropic_tuned
rotated_wake,rotated wake,1,0.75,0.9,-15.0,1559.500832746729,anisotropic_tuned
rotated_wake,rotated wake,1,0.75,0.9,0.0,1568.7232834478532,anisotropic_tuned
rotated_wake,rotated wake,1,0.75,0.9,15.0,1576.7638810140998,anisotropic_tuned
rotated_wake,rotated wake,1,0.75,0.9,35.0,1581.6406141284683,anisotropic_tuned
rotated_wake,rotated wake,1,0.75,0.9,55.0,1577.9368882079589,anisotropic_tuned
rotated_wake,rotated wake,1,1.0,0.18,-55.0,1869.8593563627564,anisotropic_tuned
rotated_wake,rotated wake,1,1.0,0.18,-35.0,1867.7987280963976,anisotropic_tuned
rotated_wake,rotated wake,1,1.0,0.18,-15.0,1806.3342964287758,anisotropic_tuned
rotated_wake,rotated wake,1,1.0,0.18,0.0,1653.8103555808993,anisotropic_tuned
rotated_wake,rotated wake,1,1.0,0.18,15.0,1804.403566949266,anisotropic_tuned
rotated_wake,rotated wake,1,1.0,0.18,35.0,1846.317644866131,anisotropic_tuned
rotated_wake,rotated wake,1,1.0,0.18,55.0,1847.230125640896,anisotropic_tuned
rotated_wake,rotated wake,1,1.0,0.28,-55.0,1790.399842291722,anisotropic_tuned
rotated_wake,rotated wake,1,1.0,0.28,-35.0,1782.2523662511335,anisotropic_tuned
rotated_wake,rotated wake,1,1.0,0.28,-15.0,1702.939511368365,anisotropic_tuned
rotated_wake,rotated wake,1,1.0,0.28,0.0,1647.8680401282336,anisotropic_tuned
rotated_wake,rotated wake,1,1.0,0.28,15.0,1696.507245224721,anisotropic_tuned
rotated_wake,rotated wake,1,1.0,0.28,35.0,1738.88451405267,anisotropic_tuned
rotated_wake,rotated wake,1,1.0,0.28,55.0,1738.1830338273749,anisotropic_tuned
rotated_wake,rotated wake,1,1.0,0.42,-55.0,1712.6191391612574,anisotropic_tuned
rotated_wake,rotated wake,1,1.0,0.42,-35.0,1696.9591911114198,anisotropic_tuned
rotated_wake,rotated wake,1,1.0,0.42,-15.0,1649.2244992643223,anisotropic_tuned
rotated_wake,rotated wake,1,1.0,0.42,0.0,1620.357362459184,anisotropic_tuned
rotated_wake,rotated wake,1,1.0,0.42,15.0,1619.018268361578,anisotropic_tuned
rotated_wake,rotated wake,1,1.0,0.42,35.0,1626.3202225407013,anisotropic_tuned
rotated_wake,rotated wake,1,1.0,0.42,55.0,1630.1048177517787,anisotropic_tuned
rotated_wake,rotated wake,1,1.0,0.65,-55.0,1618.7443202912577,anisotropic_tuned
rotated_wake,rotated wake,1,1.0,0.65,-35.0,1609.0710063268702,anisotropic_tuned
rotated_wake,rotated wake,1,1.0,0.65,-15.0,1585.138242837696,anisotropic_tuned
rotated_wake,rotated wake,1,1.0,0.65,0.0,1563.3872271117557,anisotropic_tuned
rotated_wake,rotated wake,1,1.0,0.65,15.0,1546.7617041986555,anisotropic_tuned
rotated_wake,rotated wake,1,1.0,0.65,35.0,1537.3458929110816,anisotropic_tuned
rotated_wake,rotated wake,1,1.0,0.65,55.0,1544.5546453606612,anisotropic_tuned
rotated_wake,rotated wake,1,1.0,0.9,-55.0,1558.8595818292529,anisotropic_tuned
rotated_wake,rotated wake,1,1.0,0.9,-35.0,1555.8082379907678,anisotropic_tuned
rotated_wake,rotated wake,1,1.0,0.9,-15.0,1547.501632587861,anisotropic_tuned
rotated_wake,rotated wake,1,1.0,0.9,0.0,1540.1877119243177,anisotropic_tuned
rotated_wake,rotated wake,1,1.0,0.9,15.0,1534.002974543217,anisotropic_tuned
rotated_wake,rotated wake,1,1.0,0.9,35.0,1530.217047373174,anisotropic_tuned
rotated_wake,rotated wake,1,1.0,0.9,55.0,1532.986208623649,anisotropic_tuned
rotated_wake,rotated wake,1,1.35,0.18,-55.0,1836.6698752151074,anisotropic_tuned
rotated_wake,rotated wake,1,1.35,0.18,-35.0,1840.9532960820802,anisotropic_tuned
rotated_wake,rotated wake,1,1.35,0.18,-15.0,1761.413694821486,anisotropic_tuned
rotated_wake,rotated wake,1,1.35,0.18,0.0,1616.6330260937962,anisotropic_tuned
rotated_wake,rotated wake,1,1.35,0.18,15.0,1759.3927017755404,anisotropic_tuned
rotated_wake,rotated wake,1,1.35,0.18,35.0,1780.9098666779437,anisotropic_tuned
rotated_wake,rotated wake,1,1.35,0.18,55.0,1783.9761446233751,anisotropic_tuned
rotated_wake,rotated wake,1,1.35,0.28,-55.0,1838.5220712814175,anisotropic_tuned
rotated_wake,rotated wake,1,1.35,0.28,-35.0,1813.1478646153892,anisotropic_tuned
rotated_wake,rotated wake,1,1.35,0.28,-15.0,1660.0105224322424,anisotropic_tuned
rotated_wake,rotated wake,1,1.35,0.28,0.0,1612.5481313930063,anisotropic_tuned
rotated_wake,rotated wake,1,1.35,0.28,15.0,1646.6638025773882,anisotropic_tuned
rotated_wake,rotated wake,1,1.35,0.28,35.0,1663.9136435709206,anisotropic_tuned
rotated_wake,rotated wake,1,1.35,0.28,55.0,1664.3186949197348,anisotropic_tuned
rotated_wake,rotated wake,1,1.35,0.42,-55.0,1786.8150468553613,anisotropic_tuned
rotated_wake,rotated wake,1,1.35,0.42,-35.0,1749.724739175847,anisotropic_tuned
rotated_wake,rotated wake,1,1.35,0.42,-15.0,1652.5496215260341,anisotropic_tuned
rotated_wake,rotated wake,1,1.35,0.42,0.0,1593.8086117795142,anisotropic_tuned
rotated_wake,rotated wake,1,1.35,0.42,15.0,1569.2771682620541,anisotropic_tuned
rotated_wake,rotated wake,1,1.35,0.42,35.0,1560.2890548317864,anisotropic_tuned
rotated_wake,rotated wake,1,1.35,0.42,55.0,1570.8945212544108,anisotropic_tuned
rotated_wake,rotated wake,1,1.35,0.65,-55.0,1711.822981451981,anisotropic_tuned
rotated_wake,rotated wake,1,1.35,0.65,-35.0,1678.3034957341738,anisotropic_tuned
rotated_wake,rotated wake,1,1.35,0.65,-15.0,1606.0475909117913,anisotropic_tuned
rotated_wake,rotated wake,1,1.35,0.65,0.0,1551.9601788395375,anisotropic_tuned
rotated_wake,rotated wake,1,1.35,0.65,15.0,1508.7740980340031,anisotropic_tuned
rotated_wake,rotated wake,1,1.35,0.65,35.0,1485.0143759410134,anisotropic_tuned
rotated_wake,rotated wake,1,1.35,0.65,55.0,1505.502177857868,anisotropic_tuned
rotated_wake,rotated wake,1,1.35,0.9,-55.0,1658.0650666369338,anisotropic_tuned
rotated_wake,rotated wake,1,1.35,0.9,-35.0,1635.4563149160535,anisotropic_tuned
rotated_wake,rotated wake,1,1.35,0.9,-15.0,1580.816131090513,anisotropic_tuned
rotated_wake,rotated wake,1,1.35,0.9,0.0,1535.7456670158917,anisotropic_tuned
rotated_wake,rotated wake,1,1.35,0.9,15.0,1503.8216255071961,anisotropic_tuned
rotated_wake,rotated wake,1,1.35,0.9,35.0,1486.3621760415022,anisotropic_tuned
rotated_wake,rotated wake,1,1.35,0.9,55.0,1503.8267640945114,anisotropic_tuned
rotated_wake,rotated wake,1,1.75,0.18,-55.0,1826.9694148557655,anisotropic_tuned
rotated_wake,rotated wake,1,1.75,0.18,-35.0,1835.2223147285558,anisotropic_tuned
rotated_wake,rotated wake,1,1.75,0.18,-15.0,1727.1420177126474,anisotropic_tuned
rotated_wake,rotated wake,1,1.75,0.18,0.0,1627.4620899903916,anisotropic_tuned
rotated_wake,rotated wake,1,1.75,0.18,15.0,1720.7878642765054,anisotropic_tuned
rotated_wake,rotated wake,1,1.75,0.18,35.0,1727.1833237659234,anisotropic_tuned
rotated_wake,rotated wake,1,1.75,0.18,55.0,1733.6016506511864,anisotropic_tuned
rotated_wake,rotated wake,1,1.75,0.28,-55.0,1920.4805472747717,anisotropic_tuned
rotated_wake,rotated wake,1,1.75,0.28,-35.0,1891.7566693337849,anisotropic_tuned
rotated_wake,rotated wake,1,1.75,0.28,-15.0,1650.1056054361443,anisotropic_tuned
rotated_wake,rotated wake,1,1.75,0.28,0.0,1621.6357005550308,anisotropic_tuned
rotated_wake,rotated wake,1,1.75,0.28,15.0,1613.4298671142333,anisotropic_tuned
rotated_wake,rotated wake,1,1.75,0.28,35.0,1611.5434428630333,anisotropic_tuned
rotated_wake,rotated wake,1,1.75,0.28,55.0,1616.2262185045424,anisotropic_tuned
rotated_wake,rotated wake,1,1.75,0.42,-55.0,1895.9478948579563,anisotropic_tuned
rotated_wake,rotated wake,1,1.75,0.42,-35.0,1855.5534423410995,anisotropic_tuned
rotated_wake,rotated wake,1,1.75,0.42,-15.0,1715.6785814384107,anisotropic_tuned
rotated_wake,rotated wake,1,1.75,0.42,0.0,1603.163188161871,anisotropic_tuned
rotated_wake,rotated wake,1,1.75,0.42,15.0,1539.154134515552,anisotropic_tuned
rotated_wake,rotated wake,1,1.75,0.42,35.0,1519.2961960497996,anisotropic_tuned
rotated_wake,rotated wake,1,1.75,0.42,55.0,1540.4840136124344,anisotropic_tuned
rotated_wake,rotated wake,1,1.75,0.65,-55.0,1837.5374479664074,anisotropic_tuned
rotated_wake,rotated wake,1,1.75,0.65,-35.0,1793.6113033368551,anisotropic_tuned
rotated_wake,rotated wake,1,1.75,0.65,-15.0,1678.4969562866531,anisotropic_tuned
rotated_wake,rotated wake,1,1.75,0.65,0.0,1565.6057470978617,anisotropic_tuned
rotated_wake,rotated wake,1,1.75,0.65,15.0,1489.933579151142,anisotropic_tuned
rotated_wake,rotated wake,1,1.75,0.65,35.0,1453.792963999661,anisotropic_tuned
rotated_wake,rotated wake,1,1.75,0.65,55.0,1490.836482307218,anisotropic_tuned
rotated_wake,rotated wake,1,1.75,0.9,-55.0,1790.221206701623,anisotropic_tuned
rotated_wake,rotated wake,1,1.75,0.9,-35.0,1756.6244112633558,anisotropic_tuned
rotated_wake,rotated wake,1,1.75,0.9,-15.0,1658.801050875652,anisotropic_tuned
rotated_wake,rotated wake,1,1.75,0.9,0.0,1563.5019422156201,anisotropic_tuned
rotated_wake,rotated wake,1,1.75,0.9,15.0,1490.2743328361585,anisotropic_tuned
rotated_wake,rotated wake,1,1.75,0.9,35.0,1457.7261975799852,anisotropic_tuned
rotated_wake,rotated wake,1,1.75,0.9,55.0,1498.5127661250826,anisotropic_tuned
rotated_wake,rotated wake,2,0.55,0.18,-55.0,1954.0879479562964,anisotropic_tuned
rotated_wake,rotated wake,2,0.55,0.18,-35.0,1953.9272091445723,anisotropic_tuned
rotated_wake,rotated wake,2,0.55,0.18,-15.0,1911.8876371692131,anisotropic_tuned
rotated_wake,rotated wake,2,0.55,0.18,0.0,1839.577142988248,anisotropic_tuned
rotated_wake,rotated wake,2,0.55,0.18,15.0,1911.5894285486734,anisotropic_tuned
rotated_wake,rotated wake,2,0.55,0.18,35.0,1952.1041540475921,anisotropic_tuned
rotated_wake,rotated wake,2,0.55,0.18,55.0,1952.2406851606415,anisotropic_tuned
rotated_wake,rotated wake,2,0.55,0.28,-55.0,1896.791022580917,anisotropic_tuned
rotated_wake,rotated wake,2,0.55,0.28,-35.0,1895.994562436394,anisotropic_tuned
rotated_wake,rotated wake,2,0.55,0.28,-15.0,1855.8448068251314,anisotropic_tuned
rotated_wake,rotated wake,2,0.55,0.28,0.0,1828.2652904370557,anisotropic_tuned
rotated_wake,rotated wake,2,0.55,0.28,15.0,1853.9241276302087,anisotropic_tuned
rotated_wake,rotated wake,2,0.55,0.28,35.0,1893.1295174823408,anisotropic_tuned
rotated_wake,rotated wake,2,0.55,0.28,55.0,1893.5187034995456,anisotropic_tuned
rotated_wake,rotated wake,2,0.55,0.42,-55.0,1796.639631944232,anisotropic_tuned
rotated_wake,rotated wake,2,0.55,0.42,-35.0,1795.1538973130537,anisotropic_tuned
rotated_wake,rotated wake,2,0.55,0.42,-15.0,1783.9980285535198,anisotropic_tuned
rotated_wake,rotated wake,2,0.55,0.42,0.0,1778.02425159404,anisotropic_tuned
rotated_wake,rotated wake,2,0.55,0.42,15.0,1779.939672151982,anisotropic_tuned
rotated_wake,rotated wake,2,0.55,0.42,35.0,1788.3806936773321,anisotropic_tuned
rotated_wake,rotated wake,2,0.55,0.42,55.0,1788.9917300751526,anisotropic_tuned
rotated_wake,rotated wake,2,0.55,0.65,-55.0,1667.2728356483362,anisotropic_tuned
rotated_wake,rotated wake,2,0.55,0.65,-35.0,1668.4306252708652,anisotropic_tuned
rotated_wake,rotated wake,2,0.55,0.65,-15.0,1672.6863249666094,anisotropic_tuned
rotated_wake,rotated wake,2,0.55,0.65,0.0,1677.4731308876503,anisotropic_tuned
rotated_wake,rotated wake,2,0.55,0.65,15.0,1682.2966240531596,anisotropic_tuned
rotated_wake,rotated wake,2,0.55,0.65,35.0,1685.6822285888898,anisotropic_tuned
rotated_wake,rotated wake,2,0.55,0.65,55.0,1683.4281554027739,anisotropic_tuned
rotated_wake,rotated wake,2,0.55,0.9,-55.0,1585.257591371143,anisotropic_tuned
rotated_wake,rotated wake,2,0.55,0.9,-35.0,1589.618033388249,anisotropic_tuned
rotated_wake,rotated wake,2,0.55,0.9,-15.0,1613.2288277780553,anisotropic_tuned
rotated_wake,rotated wake,2,0.55,0.9,0.0,1636.9160716041833,anisotropic_tuned
rotated_wake,rotated wake,2,0.55,0.9,15.0,1659.2501083710895,anisotropic_tuned
rotated_wake,rotated wake,2,0.55,0.9,35.0,1674.3935254378775,anisotropic_tuned
rotated_wake,rotated wake,2,0.55,0.9,55.0,1660.8787673789393,anisotropic_tuned
rotated_wake,rotated wake,2,0.75,0.18,-55.0,1911.9297728482811,anisotropic_tuned
rotated_wake,rotated wake,2,0.75,0.18,-35.0,1911.2816291685494,anisotropic_tuned
rotated_wake,rotated wake,2,0.75,0.18,-15.0,1855.3304574049635,anisotropic_tuned
rotated_wake,rotated wake,2,0.75,0.18,0.0,1730.6982503565628,anisotropic_tuned
rotated_wake,rotated wake,2,0.75,0.18,15.0,1855.2029043152097,anisotropic_tuned
rotated_wake,rotated wake,2,0.75,0.18,35.0,1905.6718775906752,anisotropic_tuned
rotated_wake,rotated wake,2,0.75,0.18,55.0,1905.9420845590903,anisotropic_tuned
rotated_wake,rotated wake,2,0.75,0.28,-55.0,1833.0415397362212,anisotropic_tuned
rotated_wake,rotated wake,2,0.75,0.28,-35.0,1830.9664508119968,anisotropic_tuned
rotated_wake,rotated wake,2,0.75,0.28,-15.0,1768.2866160763533,anisotropic_tuned
rotated_wake,rotated wake,2,0.75,0.28,0.0,1722.4139403425852,anisotropic_tuned
rotated_wake,rotated wake,2,0.75,0.28,15.0,1764.7868394031902,anisotropic_tuned
rotated_wake,rotated wake,2,0.75,0.28,35.0,1818.5037207924124,anisotropic_tuned
rotated_wake,rotated wake,2,0.75,0.28,55.0,1819.016199302076,anisotropic_tuned
rotated_wake,rotated wake,2,0.75,0.42,-55.0,1745.8264983630597,anisotropic_tuned
rotated_wake,rotated wake,2,0.75,0.42,-35.0,1733.6081133363855,anisotropic_tuned
rotated_wake,rotated wake,2,0.75,0.42,-15.0,1702.3279148485144,anisotropic_tuned
rotated_wake,rotated wake,2,0.75,0.42,0.0,1685.7185818373891,anisotropic_tuned
rotated_wake,rotated wake,2,0.75,0.42,15.0,1687.182591698483,anisotropic_tuned
rotated_wake,rotated wake,2,0.75,0.42,35.0,1698.9280840323313,anisotropic_tuned
rotated_wake,rotated wake,2,0.75,0.42,55.0,1700.961608571823,anisotropic_tuned
rotated_wake,rotated wake,2,0.75,0.65,-55.0,1628.693771295284,anisotropic_tuned
rotated_wake,rotated wake,2,0.75,0.65,-35.0,1625.7025895793886,anisotropic_tuned
rotated_wake,rotated wake,2,0.75,0.65,-15.0,1618.0163913906595,anisotropic_tuned
rotated_wake,rotated wake,2,0.75,0.65,0.0,1611.5386372416692,anisotropic_tuned
rotated_wake,rotated wake,2,0.75,0.65,15.0,1606.4444748601231,anisotropic_tuned
rotated_wake,rotated wake,2,0.75,0.65,35.0,1603.5496000016392,anisotropic_tuned
rotated_wake,rotated wake,2,0.75,0.65,55.0,1605.7885568760162,anisotropic_tuned
rotated_wake,rotated wake,2,0.75,0.9,-55.0,1556.4595012797354,anisotropic_tuned
rotated_wake,rotated wake,2,0.75,0.9,-35.0,1561.4179626091081,anisotropic_tuned
rotated_wake,rotated wake,2,0.75,0.9,-15.0,1573.9730115625425,anisotropic_tuned
rotated_wake,rotated wake,2,0.75,0.9,0.0,1585.6288430855989,anisotropic_tuned
rotated_wake,rotated wake,2,0.75,0.9,15.0,1595.9925230569925,anisotropic_tuned
rotated_wake,rotated wake,2,0.75,0.9,35.0,1602.0832496887765,anisotropic_tuned
rotated_wake,rotated wake,2,0.75,0.9,55.0,1596.1659634094276,anisotropic_tuned
rotated_wake,rotated wake,2,1.0,0.18,-55.0,1871.7785097538822,anisotropic_tuned
rotated_wake,rotated wake,2,1.0,0.18,-35.0,1869.5157843619722,anisotropic_tuned
rotated_wake,rotated wake,2,1.0,0.18,-15.0,1807.1476955965609,anisotropic_tuned
rotated_wake,rotated wake,2,1.0,0.18,0.0,1660.6075896654197,anisotropic_tuned
rotated_wake,rotated wake,2,1.0,0.18,15.0,1805.5300059513456,anisotropic_tuned
rotated_wake,rotated wake,2,1.0,0.18,35.0,1847.1693498561713,anisotropic_tuned
rotated_wake,rotated wake,2,1.0,0.18,55.0,1847.9407980920873,anisotropic_tuned
rotated_wake,rotated wake,2,1.0,0.28,-55.0,1805.5517917953603,anisotropic_tuned
rotated_wake,rotated wake,2,1.0,0.28,-35.0,1793.340233328293,anisotropic_tuned
rotated_wake,rotated wake,2,1.0,0.28,-15.0,1706.523602163551,anisotropic_tuned
rotated_wake,rotated wake,2,1.0,0.28,0.0,1654.6683515472305,anisotropic_tuned
rotated_wake,rotated wake,2,1.0,0.28,15.0,1700.7672381221996,anisotropic_tuned
rotated_wake,rotated wake,2,1.0,0.28,35.0,1740.2482141948085,anisotropic_tuned
rotated_wake,rotated wake,2,1.0,0.28,55.0,1741.1393338035182,anisotropic_tuned
rotated_wake,rotated wake,2,1.0,0.42,-55.0,1749.9218429636471,anisotropic_tuned
rotated_wake,rotated wake,2,1.0,0.42,-35.0,1725.0026013265397,anisotropic_tuned
rotated_wake,rotated wake,2,1.0,0.42,-15.0,1663.0708069604066,anisotropic_tuned
rotated_wake,rotated wake,2,1.0,0.42,0.0,1627.6787514103726,anisotropic_tuned
rotated_wake,rotated wake,2,1.0,0.42,15.0,1621.3304044355286,anisotropic_tuned
rotated_wake,rotated wake,2,1.0,0.42,35.0,1624.36017944078,anisotropic_tuned
rotated_wake,rotated wake,2,1.0,0.42,55.0,1628.089923559461,anisotropic_tuned
rotated_wake,rotated wake,2,1.0,0.65,-55.0,1652.0581368355247,anisotropic_tuned
rotated_wake,rotated wake,2,1.0,0.65,-35.0,1636.2391111519391,anisotropic_tuned
rotated_wake,rotated wake,2,1.0,0.65,-15.0,1600.4307043641911,anisotropic_tuned
rotated_wake,rotated wake,2,1.0,0.65,0.0,1573.0807751018028,anisotropic_tuned
rotated_wake,rotated wake,2,1.0,0.65,15.0,1553.2497165190357,anisotropic_tuned
rotated_wake,rotated wake,2,1.0,0.65,35.0,1543.9789599666965,anisotropic_tuned
rotated_wake,rotated wake,2,1.0,0.65,55.0,1552.8122158952265,anisotropic_tuned
rotated_wake,rotated wake,2,1.0,0.9,-55.0,1588.166845942606,anisotropic_tuned
rotated_wake,rotated wake,2,1.0,0.9,-35.0,1583.2798794325113,anisotropic_tuned
rotated_wake,rotated wake,2,1.0,0.9,-15.0,1571.7451701884788,anisotropic_tuned
rotated_wake,rotated wake,2,1.0,0.9,0.0,1562.172555527854,anisotropic_tuned
rotated_wake,rotated wake,2,1.0,0.9,15.0,1554.658919941688,anisotropic_tuned
rotated_wake,rotated wake,2,1.0,0.9,35.0,1550.771339968937,anisotropic_tuned
rotated_wake,rotated wake,2,1.0,0.9,55.0,1555.0704218813325,anisotropic_tuned
rotated_wake,rotated wake,2,1.35,0.18,-55.0,1842.2709216464777,anisotropic_tuned
rotated_wake,rotated wake,2,1.35,0.18,-35.0,1845.0416984364006,anisotropic_tuned
rotated_wake,rotated wake,2,1.35,0.18,-15.0,1765.5783233703132,anisotropic_tuned
rotated_wake,rotated wake,2,1.35,0.18,0.0,1632.1517827877155,anisotropic_tuned
rotated_wake,rotated wake,2,1.35,0.18,15.0,1759.7820646997825,anisotropic_tuned
rotated_wake,rotated wake,2,1.35,0.18,35.0,1782.4010890572827,anisotropic_tuned
rotated_wake,rotated wake,2,1.35,0.18,55.0,1785.5232719439105,anisotropic_tuned
rotated_wake,rotated wake,2,1.35,0.28,-55.0,1851.7291812535218,anisotropic_tuned
rotated_wake,rotated wake,2,1.35,0.28,-35.0,1827.0227690414208,anisotropic_tuned
rotated_wake,rotated wake,2,1.35,0.28,-15.0,1665.7897144442763,anisotropic_tuned
rotated_wake,rotated wake,2,1.35,0.28,0.0,1627.0613229143432,anisotropic_tuned
rotated_wake,rotated wake,2,1.35,0.28,15.0,1651.6170552960502,anisotropic_tuned
rotated_wake,rotated wake,2,1.35,0.28,35.0,1669.911960668177,anisotropic_tuned
rotated_wake,rotated wake,2,1.35,0.28,55.0,1672.7399738386848,anisotropic_tuned
rotated_wake,rotated wake,2,1.35,0.42,-55.0,1825.1166094647183,anisotropic_tuned
rotated_wake,rotated wake,2,1.35,0.42,-35.0,1783.4856593931572,anisotropic_tuned
rotated_wake,rotated wake,2,1.35,0.42,-15.0,1681.5076670776348,anisotropic_tuned
rotated_wake,rotated wake,2,1.35,0.42,0.0,1605.9938197275574,anisotropic_tuned
rotated_wake,rotated wake,2,1.35,0.42,15.0,1574.4298157969365,anisotropic_tuned
rotated_wake,rotated wake,2,1.35,0.42,35.0,1565.6910383698273,anisotropic_tuned
rotated_wake,rotated wake,2,1.35,0.42,55.0,1576.5208043626008,anisotropic_tuned
rotated_wake,rotated wake,2,1.35,0.65,-55.0,1746.6350240267675,anisotropic_tuned
rotated_wake,rotated wake,2,1.35,0.65,-35.0,1718.701037002787,anisotropic_tuned
rotated_wake,rotated wake,2,1.35,0.65,-15.0,1638.5186288309833,anisotropic_tuned
rotated_wake,rotated wake,2,1.35,0.65,0.0,1567.6600340125474,anisotropic_tuned
rotated_wake,rotated wake,2,1.35,0.65,15.0,1520.6026276504367,anisotropic_tuned
rotated_wake,rotated wake,2,1.35,0.65,35.0,1499.8173104972066,anisotropic_tuned
rotated_wake,rotated wake,2,1.35,0.65,55.0,1527.2339992954035,anisotropic_tuned
rotated_wake,rotated wake,2,1.35,0.9,-55.0,1690.7058255843476,anisotropic_tuned
rotated_wake,rotated wake,2,1.35,0.9,-35.0,1669.73995601679,anisotropic_tuned
rotated_wake,rotated wake,2,1.35,0.9,-15.0,1617.975164845258,anisotropic_tuned
rotated_wake,rotated wake,2,1.35,0.9,0.0,1571.0927550446927,anisotropic_tuned
rotated_wake,rotated wake,2,1.35,0.9,15.0,1531.9466459557098,anisotropic_tuned
rotated_wake,rotated wake,2,1.35,0.9,35.0,1513.637177204465,anisotropic_tuned
rotated_wake,rotated wake,2,1.35,0.9,55.0,1541.5911168132611,anisotropic_tuned
rotated_wake,rotated wake,2,1.75,0.18,-55.0,1838.1853799118503,anisotropic_tuned
rotated_wake,rotated wake,2,1.75,0.18,-35.0,1845.9529693731415,anisotropic_tuned
rotated_wake,rotated wake,2,1.75,0.18,-15.0,1735.117675400692,anisotropic_tuned
rotated_wake,rotated wake,2,1.75,0.18,0.0,1654.7697916824936,anisotropic_tuned
rotated_wake,rotated wake,2,1.75,0.18,15.0,1723.546905084842,anisotropic_tuned
rotated_wake,rotated wake,2,1.75,0.18,35.0,1729.260816099441,anisotropic_tuned
rotated_wake,rotated wake,2,1.75,0.18,55.0,1736.7840852058252,anisotropic_tuned
rotated_wake,rotated wake,2,1.75,0.28,-55.0,1926.355102980417,anisotropic_tuned
rotated_wake,rotated wake,2,1.75,0.28,-35.0,1896.9434203600626,anisotropic_tuned
rotated_wake,rotated wake,2,1.75,0.28,-15.0,1659.0314865217915,anisotropic_tuned
rotated_wake,rotated wake,2,1.75,0.28,0.0,1647.6359878516855,anisotropic_tuned
rotated_wake,rotated wake,2,1.75,0.28,15.0,1627.0806859518266,anisotropic_tuned
rotated_wake,rotated wake,2,1.75,0.28,35.0,1618.4108231821401,anisotropic_tuned
rotated_wake,rotated wake,2,1.75,0.28,55.0,1635.6528106897563,anisotropic_tuned
rotated_wake,rotated wake,2,1.75,0.42,-55.0,1922.0977227865164,anisotropic_tuned
rotated_wake,rotated wake,2,1.75,0.42,-35.0,1877.915317593231,anisotropic_tuned
rotated_wake,rotated wake,2,1.75,0.42,-15.0,1741.7244530282123,anisotropic_tuned
rotated_wake,rotated wake,2,1.75,0.42,0.0,1629.0553974167801,anisotropic_tuned
rotated_wake,rotated wake,2,1.75,0.42,15.0,1554.8667807972156,anisotropic_tuned
rotated_wake,rotated wake,2,1.75,0.42,35.0,1527.4279999297933,anisotropic_tuned
rotated_wake,rotated wake,2,1.75,0.42,55.0,1563.293374007072,anisotropic_tuned
rotated_wake,rotated wake,2,1.75,0.65,-55.0,1862.4202602719697,anisotropic_tuned
rotated_wake,rotated wake,2,1.75,0.65,-35.0,1826.1250241895696,anisotropic_tuned
rotated_wake,rotated wake,2,1.75,0.65,-15.0,1709.1800846668975,anisotropic_tuned
rotated_wake,rotated wake,2,1.75,0.65,0.0,1602.0490558101583,anisotropic_tuned
rotated_wake,rotated wake,2,1.75,0.65,15.0,1510.1447718431086,anisotropic_tuned
rotated_wake,rotated wake,2,1.75,0.65,35.0,1470.0107963149203,anisotropic_tuned
rotated_wake,rotated wake,2,1.75,0.65,55.0,1531.3824270392124,anisotropic_tuned
rotated_wake,rotated wake,2,1.75,0.9,-55.0,1817.1801593623559,anisotropic_tuned
rotated_wake,rotated wake,2,1.75,0.9,-35.0,1783.0664026419577,anisotropic_tuned
rotated_wake,rotated wake,2,1.75,0.9,-15.0,1691.1035411167327,anisotropic_tuned
rotated_wake,rotated wake,2,1.75,0.9,0.0,1604.583176962838,anisotropic_tuned
rotated_wake,rotated wake,2,1.75,0.9,15.0,1525.3558928743541,anisotropic_tuned
rotated_wake,rotated wake,2,1.75,0.9,35.0,1485.2335555753648,anisotropic_tuned
rotated_wake,rotated wake,2,1.75,0.9,55.0,1549.1434782903461,anisotropic_tuned
rotated_wake,rotated wake,3,0.55,0.18,-55.0,1954.2042999544592,anisotropic_tuned
rotated_wake,rotated wake,3,0.55,0.18,-35.0,1953.9858290990628,anisotropic_tuned
rotated_wake,rotated wake,3,0.55,0.18,-15.0,1911.8842939087417,anisotropic_tuned
rotated_wake,rotated wake,3,0.55,0.18,0.0,1839.447215520342,anisotropic_tuned
rotated_wake,rotated wake,3,0.55,0.18,15.0,1911.521781995229,anisotropic_tuned
rotated_wake,rotated wake,3,0.55,0.18,35.0,1952.1388640534333,anisotropic_tuned
rotated_wake,rotated wake,3,0.55,0.18,55.0,1952.3226173289509,anisotropic_tuned
rotated_wake,rotated wake,3,0.55,0.28,-55.0,1896.4186385746002,anisotropic_tuned
rotated_wake,rotated wake,3,0.55,0.28,-35.0,1895.5831209017624,anisotropic_tuned
rotated_wake,rotated wake,3,0.55,0.28,-15.0,1855.167499713334,anisotropic_tuned
rotated_wake,rotated wake,3,0.55,0.28,0.0,1828.162815393226,anisotropic_tuned
rotated_wake,rotated wake,3,0.55,0.28,15.0,1854.3449927338966,anisotropic_tuned
rotated_wake,rotated wake,3,0.55,0.28,35.0,1893.3410959829216,anisotropic_tuned
rotated_wake,rotated wake,3,0.55,0.28,55.0,1893.5730885615671,anisotropic_tuned
rotated_wake,rotated wake,3,0.55,0.42,-55.0,1793.170867293285,anisotropic_tuned
rotated_wake,rotated wake,3,0.55,0.42,-35.0,1791.7465182796936,anisotropic_tuned
rotated_wake,rotated wake,3,0.55,0.42,-15.0,1781.670809243919,anisotropic_tuned
rotated_wake,rotated wake,3,0.55,0.42,0.0,1777.701595251352,anisotropic_tuned
rotated_wake,rotated wake,3,0.55,0.42,15.0,1781.2015045108533,anisotropic_tuned
rotated_wake,rotated wake,3,0.55,0.42,35.0,1789.8018188976962,anisotropic_tuned
rotated_wake,rotated wake,3,0.55,0.42,55.0,1789.7237415462278,anisotropic_tuned
rotated_wake,rotated wake,3,0.55,0.65,-55.0,1669.3218136049427,anisotropic_tuned
rotated_wake,rotated wake,3,0.55,0.65,-35.0,1670.0459315435019,anisotropic_tuned
rotated_wake,rotated wake,3,0.55,0.65,-15.0,1672.0346540603523,anisotropic_tuned
rotated_wake,rotated wake,3,0.55,0.65,0.0,1674.3920610860482,anisotropic_tuned
rotated_wake,rotated wake,3,0.55,0.65,15.0,1677.038379981875,anisotropic_tuned
rotated_wake,rotated wake,3,0.55,0.65,35.0,1679.3367796769198,anisotropic_tuned
rotated_wake,rotated wake,3,0.55,0.65,55.0,1678.2970605803043,anisotropic_tuned
rotated_wake,rotated wake,3,0.55,0.9,-55.0,1589.9967898763161,anisotropic_tuned
rotated_wake,rotated wake,3,0.55,0.9,-35.0,1594.5445300947758,anisotropic_tuned
rotated_wake,rotated wake,3,0.55,0.9,-15.0,1611.3269966772177,anisotropic_tuned
rotated_wake,rotated wake,3,0.55,0.9,0.0,1628.1533581559238,anisotropic_tuned
rotated_wake,rotated wake,3,0.55,0.9,15.0,1643.9649216598932,anisotropic_tuned
rotated_wake,rotated wake,3,0.55,0.9,35.0,1653.723134471085,anisotropic_tuned
rotated_wake,rotated wake,3,0.55,0.9,55.0,1645.2699641960858,anisotropic_tuned
rotated_wake,rotated wake,3,0.75,0.18,-55.0,1912.1669241769864,anisotropic_tuned
rotated_wake,rotated wake,3,0.75,0.18,-35.0,1911.5399607720979,anisotropic_tuned
rotated_wake,rotated wake,3,0.75,0.18,-15.0,1855.6136432519047,anisotropic_tuned
rotated_wake,rotated wake,3,0.75,0.18,0.0,1732.4729474867186,anisotropic_tuned
rotated_wake,rotated wake,3,0.75,0.18,15.0,1854.8666135423991,anisotropic_tuned
rotated_wake,rotated wake,3,0.75,0.18,35.0,1905.5398985081597,anisotropic_tuned
rotated_wake,rotated wake,3,0.75,0.18,55.0,1905.891150132757,anisotropic_tuned
rotated_wake,rotated wake,3,0.75,0.28,-55.0,1830.9151292284,anisotropic_tuned
rotated_wake,rotated wake,3,0.75,0.28,-35.0,1828.220720532699,anisotropic_tuned
rotated_wake,rotated wake,3,0.75,0.28,-15.0,1768.6426624961828,anisotropic_tuned
rotated_wake,rotated wake,3,0.75,0.28,0.0,1723.9644458560283,anisotropic_tuned
rotated_wake,rotated wake,3,0.75,0.28,15.0,1766.3331876551401,anisotropic_tuned
rotated_wake,rotated wake,3,0.75,0.28,35.0,1818.6491869080232,anisotropic_tuned
rotated_wake,rotated wake,3,0.75,0.28,55.0,1818.8723426774304,anisotropic_tuned
rotated_wake,rotated wake,3,0.75,0.42,-55.0,1734.2229826675011,anisotropic_tuned
rotated_wake,rotated wake,3,0.75,0.42,-35.0,1723.1043945092006,anisotropic_tuned
rotated_wake,rotated wake,3,0.75,0.42,-15.0,1698.4669654571799,anisotropic_tuned
rotated_wake,rotated wake,3,0.75,0.42,0.0,1686.5388648084308,anisotropic_tuned
rotated_wake,rotated wake,3,0.75,0.42,15.0,1691.340366656456,anisotropic_tuned
rotated_wake,rotated wake,3,0.75,0.42,35.0,1704.6046768472588,anisotropic_tuned
rotated_wake,rotated wake,3,0.75,0.42,55.0,1702.0863178748473,anisotropic_tuned
rotated_wake,rotated wake,3,0.75,0.65,-55.0,1620.5902218739443,anisotropic_tuned
rotated_wake,rotated wake,3,0.75,0.65,-35.0,1618.5050933346884,anisotropic_tuned
rotated_wake,rotated wake,3,0.75,0.65,-15.0,1613.1089595667172,anisotropic_tuned
rotated_wake,rotated wake,3,0.75,0.65,0.0,1608.5738206497417,anisotropic_tuned
rotated_wake,rotated wake,3,0.75,0.65,15.0,1605.0424691167937,anisotropic_tuned
rotated_wake,rotated wake,3,0.75,0.65,35.0,1603.2338163225731,anisotropic_tuned
rotated_wake,rotated wake,3,0.75,0.65,55.0,1605.1595942126478,anisotropic_tuned
rotated_wake,rotated wake,3,0.75,0.9,-55.0,1550.2915317889137,anisotropic_tuned
rotated_wake,rotated wake,3,0.75,0.9,-35.0,1554.8934621562871,anisotropic_tuned
rotated_wake,rotated wake,3,0.75,0.9,-15.0,1565.9219106811493,anisotropic_tuned
rotated_wake,rotated wake,3,0.75,0.9,0.0,1575.6557557535248,anisotropic_tuned
rotated_wake,rotated wake,3,0.75,0.9,15.0,1583.5984775519328,anisotropic_tuned
rotated_wake,rotated wake,3,0.75,0.9,35.0,1587.5968596272305,anisotropic_tuned
rotated_wake,rotated wake,3,0.75,0.9,55.0,1582.014071723711,anisotropic_tuned
rotated_wake,rotated wake,3,1.0,0.18,-55.0,1872.9388273856143,anisotropic_tuned
rotated_wake,rotated wake,3,1.0,0.18,-35.0,1870.7388268734367,anisotropic_tuned
rotated_wake,rotated wake,3,1.0,0.18,-15.0,1806.4597457230761,anisotropic_tuned
rotated_wake,rotated wake,3,1.0,0.18,0.0,1656.2673342573607,anisotropic_tuned
rotated_wake,rotated wake,3,1.0,0.18,15.0,1805.4268394377136,anisotropic_tuned
rotated_wake,rotated wake,3,1.0,0.18,35.0,1846.5350464606909,anisotropic_tuned
rotated_wake,rotated wake,3,1.0,0.18,55.0,1847.139776261496,anisotropic_tuned
rotated_wake,rotated wake,3,1.0,0.28,-55.0,1799.7437519920218,anisotropic_tuned
rotated_wake,rotated wake,3,1.0,0.28,-35.0,1788.958239145648,anisotropic_tuned
rotated_wake,rotated wake,3,1.0,0.28,-15.0,1706.8506139068204,anisotropic_tuned
rotated_wake,rotated wake,3,1.0,0.28,0.0,1650.5752550233701,anisotropic_tuned
rotated_wake,rotated wake,3,1.0,0.28,15.0,1702.0641074695995,anisotropic_tuned
rotated_wake,rotated wake,3,1.0,0.28,35.0,1739.044311270326,anisotropic_tuned
rotated_wake,rotated wake,3,1.0,0.28,55.0,1739.4031372071195,anisotropic_tuned
rotated_wake,rotated wake,3,1.0,0.42,-55.0,1724.916422466773,anisotropic_tuned
rotated_wake,rotated wake,3,1.0,0.42,-35.0,1709.6819413759576,anisotropic_tuned
rotated_wake,rotated wake,3,1.0,0.42,-15.0,1651.3458287444955,anisotropic_tuned
rotated_wake,rotated wake,3,1.0,0.42,0.0,1622.6811786495518,anisotropic_tuned
rotated_wake,rotated wake,3,1.0,0.42,15.0,1622.294364677568,anisotropic_tuned
rotated_wake,rotated wake,3,1.0,0.42,35.0,1631.5602623906152,anisotropic_tuned
rotated_wake,rotated wake,3,1.0,0.42,55.0,1627.1647730505601,anisotropic_tuned
rotated_wake,rotated wake,3,1.0,0.65,-55.0,1629.745807171421,anisotropic_tuned
rotated_wake,rotated wake,3,1.0,0.65,-35.0,1616.116068496724,anisotropic_tuned
rotated_wake,rotated wake,3,1.0,0.65,-15.0,1585.6152799834363,anisotropic_tuned
rotated_wake,rotated wake,3,1.0,0.65,0.0,1563.2090848997777,anisotropic_tuned
rotated_wake,rotated wake,3,1.0,0.65,15.0,1548.2609365933927,anisotropic_tuned
rotated_wake,rotated wake,3,1.0,0.65,35.0,1542.3738872330828,anisotropic_tuned
rotated_wake,rotated wake,3,1.0,0.65,55.0,1551.2958010615139,anisotropic_tuned
rotated_wake,rotated wake,3,1.0,0.9,-55.0,1568.0280271751399,anisotropic_tuned
rotated_wake,rotated wake,3,1.0,0.9,-35.0,1563.3127051663373,anisotropic_tuned
rotated_wake,rotated wake,3,1.0,0.9,-15.0,1552.8624492777121,anisotropic_tuned
rotated_wake,rotated wake,3,1.0,0.9,0.0,1544.4277020318004,anisotropic_tuned
rotated_wake,rotated wake,3,1.0,0.9,15.0,1538.0130369791427,anisotropic_tuned
rotated_wake,rotated wake,3,1.0,0.9,35.0,1535.1143982057838,anisotropic_tuned
rotated_wake,rotated wake,3,1.0,0.9,55.0,1539.4633915629347,anisotropic_tuned
rotated_wake,rotated wake,3,1.35,0.18,-55.0,1843.0737161346565,anisotropic_tuned
rotated_wake,rotated wake,3,1.35,0.18,-35.0,1847.5654608576892,anisotropic_tuned
rotated_wake,rotated wake,3,1.35,0.18,-15.0,1762.0552813762924,anisotropic_tuned
rotated_wake,rotated wake,3,1.35,0.18,0.0,1616.909457278619,anisotropic_tuned
rotated_wake,rotated wake,3,1.35,0.18,15.0,1760.7000382259625,anisotropic_tuned
rotated_wake,rotated wake,3,1.35,0.18,35.0,1781.8272682067964,anisotropic_tuned
rotated_wake,rotated wake,3,1.35,0.18,55.0,1782.5541706201675,anisotropic_tuned
rotated_wake,rotated wake,3,1.35,0.28,-55.0,1858.9005633947686,anisotropic_tuned
rotated_wake,rotated wake,3,1.35,0.28,-35.0,1833.775186985698,anisotropic_tuned
rotated_wake,rotated wake,3,1.35,0.28,-15.0,1660.462987064182,anisotropic_tuned
rotated_wake,rotated wake,3,1.35,0.28,0.0,1612.1546388815173,anisotropic_tuned
rotated_wake,rotated wake,3,1.35,0.28,15.0,1648.650060597411,anisotropic_tuned
rotated_wake,rotated wake,3,1.35,0.28,35.0,1663.7458573257968,anisotropic_tuned
rotated_wake,rotated wake,3,1.35,0.28,55.0,1667.074853607065,anisotropic_tuned
rotated_wake,rotated wake,3,1.35,0.42,-55.0,1807.6458290770133,anisotropic_tuned
rotated_wake,rotated wake,3,1.35,0.42,-35.0,1779.2106349578617,anisotropic_tuned
rotated_wake,rotated wake,3,1.35,0.42,-15.0,1660.4557149424413,anisotropic_tuned
rotated_wake,rotated wake,3,1.35,0.42,0.0,1591.658310927172,anisotropic_tuned
rotated_wake,rotated wake,3,1.35,0.42,15.0,1569.416062790071,anisotropic_tuned
rotated_wake,rotated wake,3,1.35,0.42,35.0,1567.6037730170392,anisotropic_tuned
rotated_wake,rotated wake,3,1.35,0.42,55.0,1571.6894223293352,anisotropic_tuned
rotated_wake,rotated wake,3,1.35,0.65,-55.0,1730.8529353798276,anisotropic_tuned
rotated_wake,rotated wake,3,1.35,0.65,-35.0,1699.9963538506017,anisotropic_tuned
rotated_wake,rotated wake,3,1.35,0.65,-15.0,1616.6387697196415,anisotropic_tuned
rotated_wake,rotated wake,3,1.35,0.65,0.0,1549.8937400609493,anisotropic_tuned
rotated_wake,rotated wake,3,1.35,0.65,15.0,1507.9834131960047,anisotropic_tuned
rotated_wake,rotated wake,3,1.35,0.65,35.0,1491.6866471821386,anisotropic_tuned
rotated_wake,rotated wake,3,1.35,0.65,55.0,1514.917140735593,anisotropic_tuned
rotated_wake,rotated wake,3,1.35,0.9,-55.0,1676.5896443598936,anisotropic_tuned
rotated_wake,rotated wake,3,1.35,0.9,-35.0,1653.830744635261,anisotropic_tuned
rotated_wake,rotated wake,3,1.35,0.9,-15.0,1596.76754631227,anisotropic_tuned
rotated_wake,rotated wake,3,1.35,0.9,0.0,1547.3409599765264,anisotropic_tuned
rotated_wake,rotated wake,3,1.35,0.9,15.0,1509.9971477356175,anisotropic_tuned
rotated_wake,rotated wake,3,1.35,0.9,35.0,1492.8182960999893,anisotropic_tuned
rotated_wake,rotated wake,3,1.35,0.9,55.0,1513.67116734397,anisotropic_tuned
rotated_wake,rotated wake,3,1.75,0.18,-55.0,1841.9925685744329,anisotropic_tuned
rotated_wake,rotated wake,3,1.75,0.18,-35.0,1848.8250710114376,anisotropic_tuned
rotated_wake,rotated wake,3,1.75,0.18,-15.0,1730.3939549610031,anisotropic_tuned
rotated_wake,rotated wake,3,1.75,0.18,0.0,1633.4821908251083,anisotropic_tuned
rotated_wake,rotated wake,3,1.75,0.18,15.0,1723.985271570889,anisotropic_tuned
rotated_wake,rotated wake,3,1.75,0.18,35.0,1730.264819174498,anisotropic_tuned
rotated_wake,rotated wake,3,1.75,0.18,55.0,1733.2606414968545,anisotropic_tuned
rotated_wake,rotated wake,3,1.75,0.28,-55.0,1955.0837263695585,anisotropic_tuned
rotated_wake,rotated wake,3,1.75,0.28,-35.0,1921.2264032329917,anisotropic_tuned
rotated_wake,rotated wake,3,1.75,0.28,-15.0,1650.0802147046415,anisotropic_tuned
rotated_wake,rotated wake,3,1.75,0.28,0.0,1626.746234316723,anisotropic_tuned
rotated_wake,rotated wake,3,1.75,0.28,15.0,1615.3220233861944,anisotropic_tuned
rotated_wake,rotated wake,3,1.75,0.28,35.0,1613.8079097334075,anisotropic_tuned
rotated_wake,rotated wake,3,1.75,0.28,55.0,1620.6672562538033,anisotropic_tuned
rotated_wake,rotated wake,3,1.75,0.42,-55.0,1927.061402438589,anisotropic_tuned
rotated_wake,rotated wake,3,1.75,0.42,-35.0,1890.6569191369408,anisotropic_tuned
rotated_wake,rotated wake,3,1.75,0.42,-15.0,1730.4437906462636,anisotropic_tuned
rotated_wake,rotated wake,3,1.75,0.42,0.0,1608.027953779524,anisotropic_tuned
rotated_wake,rotated wake,3,1.75,0.42,15.0,1539.3142135976832,anisotropic_tuned
rotated_wake,rotated wake,3,1.75,0.42,35.0,1526.5041842918158,anisotropic_tuned
rotated_wake,rotated wake,3,1.75,0.42,55.0,1547.1468230870246,anisotropic_tuned
rotated_wake,rotated wake,3,1.75,0.65,-55.0,1865.595562439455,anisotropic_tuned
rotated_wake,rotated wake,3,1.75,0.65,-35.0,1823.0597818432097,anisotropic_tuned
rotated_wake,rotated wake,3,1.75,0.65,-15.0,1701.0211325375672,anisotropic_tuned
rotated_wake,rotated wake,3,1.75,0.65,0.0,1577.285202982156,anisotropic_tuned
rotated_wake,rotated wake,3,1.75,0.65,15.0,1490.6898367210192,anisotropic_tuned
rotated_wake,rotated wake,3,1.75,0.65,35.0,1460.8220421179972,anisotropic_tuned
rotated_wake,rotated wake,3,1.75,0.65,55.0,1505.399093556196,anisotropic_tuned
rotated_wake,rotated wake,3,1.75,0.9,-55.0,1819.6664582006824,anisotropic_tuned
rotated_wake,rotated wake,3,1.75,0.9,-35.0,1783.4548356405312,anisotropic_tuned
rotated_wake,rotated wake,3,1.75,0.9,-15.0,1684.5785521646817,anisotropic_tuned
rotated_wake,rotated wake,3,1.75,0.9,0.0,1584.985582844124,anisotropic_tuned
rotated_wake,rotated wake,3,1.75,0.9,15.0,1502.258715550358,anisotropic_tuned
rotated_wake,rotated wake,3,1.75,0.9,35.0,1465.6628206298328,anisotropic_tuned
rotated_wake,rotated wake,3,1.75,0.9,55.0,1510.8883097559346,anisotropic_tuned
rotated_wake,rotated wake,4,0.55,0.18,-55.0,1961.1892982439326,anisotropic_tuned
rotated_wake,rotated wake,4,0.55,0.18,-35.0,1960.7607761396862,anisotropic_tuned
rotated_wake,rotated wake,4,0.55,0.18,-15.0,1918.2590977503078,anisotropic_tuned
rotated_wake,rotated wake,4,0.55,0.18,0.0,1845.8292401485305,anisotropic_tuned
rotated_wake,rotated wake,4,0.55,0.18,15.0,1917.9229262029066,anisotropic_tuned
rotated_wake,rotated wake,4,0.55,0.18,35.0,1959.0659911512607,anisotropic_tuned
rotated_wake,rotated wake,4,0.55,0.18,55.0,1959.3589662552768,anisotropic_tuned
rotated_wake,rotated wake,4,0.55,0.28,-55.0,1903.313305570527,anisotropic_tuned
rotated_wake,rotated wake,4,0.55,0.28,-35.0,1902.0786686184856,anisotropic_tuned
rotated_wake,rotated wake,4,0.55,0.28,-15.0,1861.4532079541855,anisotropic_tuned
rotated_wake,rotated wake,4,0.55,0.28,0.0,1834.889273963664,anisotropic_tuned
rotated_wake,rotated wake,4,0.55,0.28,15.0,1860.3513111280622,anisotropic_tuned
rotated_wake,rotated wake,4,0.55,0.28,35.0,1899.778613146062,anisotropic_tuned
rotated_wake,rotated wake,4,0.55,0.28,55.0,1900.3661168878411,anisotropic_tuned
rotated_wake,rotated wake,4,0.55,0.42,-55.0,1802.3539659727958,anisotropic_tuned
rotated_wake,rotated wake,4,0.55,0.42,-35.0,1800.087894953635,anisotropic_tuned
rotated_wake,rotated wake,4,0.55,0.42,-15.0,1790.136603678719,anisotropic_tuned
rotated_wake,rotated wake,4,0.55,0.42,0.0,1786.4740348336154,anisotropic_tuned
rotated_wake,rotated wake,4,0.55,0.42,15.0,1789.366753642164,anisotropic_tuned
rotated_wake,rotated wake,4,0.55,0.42,35.0,1797.4137742696616,anisotropic_tuned
rotated_wake,rotated wake,4,0.55,0.42,55.0,1799.222611764561,anisotropic_tuned
rotated_wake,rotated wake,4,0.55,0.65,-55.0,1683.1613893932945,anisotropic_tuned
rotated_wake,rotated wake,4,0.55,0.65,-35.0,1685.434790312344,anisotropic_tuned
rotated_wake,rotated wake,4,0.55,0.65,-15.0,1689.5947100867825,anisotropic_tuned
rotated_wake,rotated wake,4,0.55,0.65,0.0,1693.7517278959772,anisotropic_tuned
rotated_wake,rotated wake,4,0.55,0.65,15.0,1697.3585508046394,anisotropic_tuned
rotated_wake,rotated wake,4,0.55,0.65,35.0,1698.099436424839,anisotropic_tuned
rotated_wake,rotated wake,4,0.55,0.65,55.0,1693.9181526940934,anisotropic_tuned
rotated_wake,rotated wake,4,0.55,0.9,-55.0,1601.5630016447094,anisotropic_tuned
rotated_wake,rotated wake,4,0.55,0.9,-35.0,1609.9463280125938,anisotropic_tuned
rotated_wake,rotated wake,4,0.55,0.9,-15.0,1632.1359492643678,anisotropic_tuned
rotated_wake,rotated wake,4,0.55,0.9,0.0,1655.2941667942678,anisotropic_tuned
rotated_wake,rotated wake,4,0.55,0.9,15.0,1678.9100312170644,anisotropic_tuned
rotated_wake,rotated wake,4,0.55,0.9,35.0,1693.1788364783952,anisotropic_tuned
rotated_wake,rotated wake,4,0.55,0.9,55.0,1673.833784792187,anisotropic_tuned
rotated_wake,rotated wake,4,0.75,0.18,-55.0,1919.3494686903732,anisotropic_tuned
rotated_wake,rotated wake,4,0.75,0.18,-35.0,1918.157381487872,anisotropic_tuned
rotated_wake,rotated wake,4,0.75,0.18,-15.0,1861.7632720057181,anisotropic_tuned
rotated_wake,rotated wake,4,0.75,0.18,0.0,1736.5424255976877,anisotropic_tuned
rotated_wake,rotated wake,4,0.75,0.18,15.0,1861.1431843931168,anisotropic_tuned
rotated_wake,rotated wake,4,0.75,0.18,35.0,1912.2972537480905,anisotropic_tuned
rotated_wake,rotated wake,4,0.75,0.18,55.0,1912.7930403141268,anisotropic_tuned
rotated_wake,rotated wake,4,0.75,0.28,-55.0,1843.5437025859123,anisotropic_tuned
rotated_wake,rotated wake,4,0.75,0.28,-35.0,1834.8575200315836,anisotropic_tuned
rotated_wake,rotated wake,4,0.75,0.28,-15.0,1774.6048323125078,anisotropic_tuned
rotated_wake,rotated wake,4,0.75,0.28,0.0,1728.553340845383,anisotropic_tuned
rotated_wake,rotated wake,4,0.75,0.28,15.0,1772.1203204036829,anisotropic_tuned
rotated_wake,rotated wake,4,0.75,0.28,35.0,1824.9501240971276,anisotropic_tuned
rotated_wake,rotated wake,4,0.75,0.28,55.0,1826.7805504410417,anisotropic_tuned
rotated_wake,rotated wake,4,0.75,0.42,-55.0,1753.7139251049007,anisotropic_tuned
rotated_wake,rotated wake,4,0.75,0.42,-35.0,1735.05079471727,anisotropic_tuned
rotated_wake,rotated wake,4,0.75,0.42,-15.0,1706.4330844313,anisotropic_tuned
rotated_wake,rotated wake,4,0.75,0.42,0.0,1693.692336072348,anisotropic_tuned
rotated_wake,rotated wake,4,0.75,0.42,15.0,1697.014513239958,anisotropic_tuned
rotated_wake,rotated wake,4,0.75,0.42,35.0,1709.486511763363,anisotropic_tuned
rotated_wake,rotated wake,4,0.75,0.42,55.0,1715.692407820136,anisotropic_tuned
rotated_wake,rotated wake,4,0.75,0.65,-55.0,1644.7900733149554,anisotropic_tuned
rotated_wake,rotated wake,4,0.75,0.65,-35.0,1641.0293365726184,anisotropic_tuned
rotated_wake,rotated wake,4,0.75,0.65,-15.0,1632.7586011540939,anisotropic_tuned
rotated_wake,rotated wake,4,0.75,0.65,0.0,1626.3359484330763,anisotropic_tuned
rotated_wake,rotated wake,4,0.75,0.65,15.0,1621.6093198717012,anisotropic_tuned
rotated_wake,rotated wake,4,0.75,0.65,35.0,1619.5987907171125,anisotropic_tuned
rotated_wake,rotated wake,4,0.75,0.65,55.0,1622.7305229361073,anisotropic_tuned
rotated_wake,rotated wake,4,0.75,0.9,-55.0,1572.587733906696,anisotropic_tuned
rotated_wake,rotated wake,4,0.75,0.9,-35.0,1578.841756145563,anisotropic_tuned
rotated_wake,rotated wake,4,0.75,0.9,-15.0,1593.1811917103437,anisotropic_tuned
rotated_wake,rotated wake,4,0.75,0.9,0.0,1606.134221065563,anisotropic_tuned
rotated_wake,rotated wake,4,0.75,0.9,15.0,1617.146746195257,anisotropic_tuned
rotated_wake,rotated wake,4,0.75,0.9,35.0,1623.0112086250497,anisotropic_tuned
rotated_wake,rotated wake,4,0.75,0.9,55.0,1616.0404259294742,anisotropic_tuned
rotated_wake,rotated wake,4,1.0,0.18,-55.0,1880.4105283753247,anisotropic_tuned
rotated_wake,rotated wake,4,1.0,0.18,-35.0,1881.009525800555,anisotropic_tuned
rotated_wake,rotated wake,4,1.0,0.18,-15.0,1813.5603434543332,anisotropic_tuned
rotated_wake,rotated wake,4,1.0,0.18,0.0,1659.990434929598,anisotropic_tuned
rotated_wake,rotated wake,4,1.0,0.18,15.0,1811.9804992531062,anisotropic_tuned
rotated_wake,rotated wake,4,1.0,0.18,35.0,1853.5577514228899,anisotropic_tuned
rotated_wake,rotated wake,4,1.0,0.18,55.0,1853.9544355921062,anisotropic_tuned
rotated_wake,rotated wake,4,1.0,0.28,-55.0,1828.7498328035508,anisotropic_tuned
rotated_wake,rotated wake,4,1.0,0.28,-35.0,1801.396217111167,anisotropic_tuned
rotated_wake,rotated wake,4,1.0,0.28,-15.0,1711.4965503948551,anisotropic_tuned
rotated_wake,rotated wake,4,1.0,0.28,0.0,1654.9676896789488,anisotropic_tuned
rotated_wake,rotated wake,4,1.0,0.28,15.0,1704.9326177419916,anisotropic_tuned
rotated_wake,rotated wake,4,1.0,0.28,35.0,1744.8979295165736,anisotropic_tuned
rotated_wake,rotated wake,4,1.0,0.28,55.0,1748.6508875868844,anisotropic_tuned
rotated_wake,rotated wake,4,1.0,0.42,-55.0,1767.7884340066134,anisotropic_tuned
rotated_wake,rotated wake,4,1.0,0.42,-35.0,1730.7846432996157,anisotropic_tuned
rotated_wake,rotated wake,4,1.0,0.42,-15.0,1662.1622703424082,anisotropic_tuned
rotated_wake,rotated wake,4,1.0,0.42,0.0,1630.3894604579432,anisotropic_tuned
rotated_wake,rotated wake,4,1.0,0.42,15.0,1626.9514278899414,anisotropic_tuned
rotated_wake,rotated wake,4,1.0,0.42,35.0,1634.218072492568,anisotropic_tuned
rotated_wake,rotated wake,4,1.0,0.42,55.0,1645.7200013863926,anisotropic_tuned
rotated_wake,rotated wake,4,1.0,0.65,-55.0,1672.7707437445692,anisotropic_tuned
rotated_wake,rotated wake,4,1.0,0.65,-35.0,1656.2653992036558,anisotropic_tuned
rotated_wake,rotated wake,4,1.0,0.65,-15.0,1616.1256327781985,anisotropic_tuned
rotated_wake,rotated wake,4,1.0,0.65,0.0,1584.388658088757,anisotropic_tuned
rotated_wake,rotated wake,4,1.0,0.65,15.0,1564.150964793293,anisotropic_tuned
rotated_wake,rotated wake,4,1.0,0.65,35.0,1557.303614844182,anisotropic_tuned
rotated_wake,rotated wake,4,1.0,0.65,55.0,1570.4399759686876,anisotropic_tuned
rotated_wake,rotated wake,4,1.0,0.9,-55.0,1609.9976958911798,anisotropic_tuned
rotated_wake,rotated wake,4,1.0,0.9,-35.0,1604.3720452665534,anisotropic_tuned
rotated_wake,rotated wake,4,1.0,0.9,-15.0,1591.465870382247,anisotropic_tuned
rotated_wake,rotated wake,4,1.0,0.9,0.0,1580.6178305325707,anisotropic_tuned
rotated_wake,rotated wake,4,1.0,0.9,15.0,1572.0337232873248,anisotropic_tuned
rotated_wake,rotated wake,4,1.0,0.9,35.0,1567.8801358349683,anisotropic_tuned
rotated_wake,rotated wake,4,1.0,0.9,55.0,1573.439045979329,anisotropic_tuned
rotated_wake,rotated wake,4,1.35,0.18,-55.0,1850.5295277783762,anisotropic_tuned
rotated_wake,rotated wake,4,1.35,0.18,-35.0,1867.765131097392,anisotropic_tuned
rotated_wake,rotated wake,4,1.35,0.18,-15.0,1770.160662853405,anisotropic_tuned
rotated_wake,rotated wake,4,1.35,0.18,0.0,1627.831624062459,anisotropic_tuned
rotated_wake,rotated wake,4,1.35,0.18,15.0,1766.821258191584,anisotropic_tuned
rotated_wake,rotated wake,4,1.35,0.18,35.0,1790.1953726462907,anisotropic_tuned
rotated_wake,rotated wake,4,1.35,0.18,55.0,1789.8601155966344,anisotropic_tuned
rotated_wake,rotated wake,4,1.35,0.28,-55.0,1900.3200054256545,anisotropic_tuned
rotated_wake,rotated wake,4,1.35,0.28,-35.0,1859.656875809842,anisotropic_tuned
rotated_wake,rotated wake,4,1.35,0.28,-15.0,1667.6836740765925,anisotropic_tuned
rotated_wake,rotated wake,4,1.35,0.28,0.0,1624.3080415999748,anisotropic_tuned
rotated_wake,rotated wake,4,1.35,0.28,15.0,1651.7116463324624,anisotropic_tuned
rotated_wake,rotated wake,4,1.35,0.28,35.0,1671.0297773011398,anisotropic_tuned
rotated_wake,rotated wake,4,1.35,0.28,55.0,1678.2774892344987,anisotropic_tuned
rotated_wake,rotated wake,4,1.35,0.42,-55.0,1858.835930354684,anisotropic_tuned
rotated_wake,rotated wake,4,1.35,0.42,-35.0,1805.683423797821,anisotropic_tuned
rotated_wake,rotated wake,4,1.35,0.42,-15.0,1683.9147421726261,anisotropic_tuned
rotated_wake,rotated wake,4,1.35,0.42,0.0,1608.2701836480355,anisotropic_tuned
rotated_wake,rotated wake,4,1.35,0.42,15.0,1571.745453253503,anisotropic_tuned
rotated_wake,rotated wake,4,1.35,0.42,35.0,1571.5475572116084,anisotropic_tuned
rotated_wake,rotated wake,4,1.35,0.42,55.0,1594.4976395180083,anisotropic_tuned
rotated_wake,rotated wake,4,1.35,0.65,-55.0,1778.3164112615946,anisotropic_tuned
rotated_wake,rotated wake,4,1.35,0.65,-35.0,1744.7224206924384,anisotropic_tuned
rotated_wake,rotated wake,4,1.35,0.65,-15.0,1660.3644701403337,anisotropic_tuned
rotated_wake,rotated wake,4,1.35,0.65,0.0,1581.6771842792996,anisotropic_tuned
rotated_wake,rotated wake,4,1.35,0.65,15.0,1523.5325646933807,anisotropic_tuned
rotated_wake,rotated wake,4,1.35,0.65,35.0,1506.3152467746518,anisotropic_tuned
rotated_wake,rotated wake,4,1.35,0.65,55.0,1538.780943496316,anisotropic_tuned
rotated_wake,rotated wake,4,1.35,0.9,-55.0,1722.3182831296017,anisotropic_tuned
rotated_wake,rotated wake,4,1.35,0.9,-35.0,1697.991981880362,anisotropic_tuned
rotated_wake,rotated wake,4,1.35,0.9,-15.0,1641.5197432422729,anisotropic_tuned
rotated_wake,rotated wake,4,1.35,0.9,0.0,1588.7980024839185,anisotropic_tuned
rotated_wake,rotated wake,4,1.35,0.9,15.0,1544.7412372252516,anisotropic_tuned
rotated_wake,rotated wake,4,1.35,0.9,35.0,1523.1403105629051,anisotropic_tuned
rotated_wake,rotated wake,4,1.35,0.9,55.0,1550.2587294150944,anisotropic_tuned
rotated_wake,rotated wake,4,1.75,0.18,-55.0,1848.473633979666,anisotropic_tuned
rotated_wake,rotated wake,4,1.75,0.18,-35.0,1874.3051587980626,anisotropic_tuned
rotated_wake,rotated wake,4,1.75,0.18,-15.0,1738.962286868205,anisotropic_tuned
rotated_wake,rotated wake,4,1.75,0.18,0.0,1662.435100276231,anisotropic_tuned
rotated_wake,rotated wake,4,1.75,0.18,15.0,1729.0452934527857,anisotropic_tuned
rotated_wake,rotated wake,4,1.75,0.18,35.0,1738.1744056835842,anisotropic_tuned
rotated_wake,rotated wake,4,1.75,0.18,55.0,1740.6566194594975,anisotropic_tuned
rotated_wake,rotated wake,4,1.75,0.28,-55.0,1995.002550329877,anisotropic_tuned
rotated_wake,rotated wake,4,1.75,0.28,-35.0,1950.9346324554895,anisotropic_tuned
rotated_wake,rotated wake,4,1.75,0.28,-15.0,1655.4249077143404,anisotropic_tuned
rotated_wake,rotated wake,4,1.75,0.28,0.0,1656.9745570360992,anisotropic_tuned
rotated_wake,rotated wake,4,1.75,0.28,15.0,1619.2527712350138,anisotropic_tuned
rotated_wake,rotated wake,4,1.75,0.28,35.0,1617.694302799333,anisotropic_tuned
rotated_wake,rotated wake,4,1.75,0.28,55.0,1641.2359119074645,anisotropic_tuned
rotated_wake,rotated wake,4,1.75,0.42,-55.0,1973.1906707591083,anisotropic_tuned
rotated_wake,rotated wake,4,1.75,0.42,-35.0,1913.2491650443749,anisotropic_tuned
rotated_wake,rotated wake,4,1.75,0.42,-15.0,1758.014941215943,anisotropic_tuned
rotated_wake,rotated wake,4,1.75,0.42,0.0,1643.1098500973676,anisotropic_tuned
rotated_wake,rotated wake,4,1.75,0.42,15.0,1543.4585797106138,anisotropic_tuned
rotated_wake,rotated wake,4,1.75,0.42,35.0,1528.7117980388857,anisotropic_tuned
rotated_wake,rotated wake,4,1.75,0.42,55.0,1580.5483526607386,anisotropic_tuned
rotated_wake,rotated wake,4,1.75,0.65,-55.0,1908.2374496333268,anisotropic_tuned
rotated_wake,rotated wake,4,1.75,0.65,-35.0,1863.277656688093,anisotropic_tuned
rotated_wake,rotated wake,4,1.75,0.65,-15.0,1743.6481127924185,anisotropic_tuned
rotated_wake,rotated wake,4,1.75,0.65,0.0,1623.1805797421025,anisotropic_tuned
rotated_wake,rotated wake,4,1.75,0.65,15.0,1511.1329393838405,anisotropic_tuned
rotated_wake,rotated wake,4,1.75,0.65,35.0,1473.8546985945618,anisotropic_tuned
rotated_wake,rotated wake,4,1.75,0.65,55.0,1534.4225196439425,anisotropic_tuned
rotated_wake,rotated wake,4,1.75,0.9,-55.0,1860.6878776612803,anisotropic_tuned
rotated_wake,rotated wake,4,1.75,0.9,-35.0,1826.3520997442365,anisotropic_tuned
rotated_wake,rotated wake,4,1.75,0.9,-15.0,1726.4461376129016,anisotropic_tuned
rotated_wake,rotated wake,4,1.75,0.9,0.0,1632.037111578291,anisotropic_tuned
rotated_wake,rotated wake,4,1.75,0.9,15.0,1541.299958688307,anisotropic_tuned
rotated_wake,rotated wake,4,1.75,0.9,35.0,1494.275707856838,anisotropic_tuned
rotated_wake,rotated wake,4,1.75,0.9,55.0,1553.9224578552257,anisotropic_tuned
rotated_wake,rotated wake,5,0.55,0.18,-55.0,1946.9378629245282,anisotropic_tuned
rotated_wake,rotated wake,5,0.55,0.18,-35.0,1946.5436913153471,anisotropic_tuned
rotated_wake,rotated wake,5,0.55,0.18,-15.0,1904.3927214854714,anisotropic_tuned
rotated_wake,rotated wake,5,0.55,0.18,0.0,1830.678386633913,anisotropic_tuned
rotated_wake,rotated wake,5,0.55,0.18,15.0,1904.1338715209938,anisotropic_tuned
rotated_wake,rotated wake,5,0.55,0.18,35.0,1945.0894164211074,anisotropic_tuned
rotated_wake,rotated wake,5,0.55,0.18,55.0,1945.3329302440225,anisotropic_tuned
rotated_wake,rotated wake,5,0.55,0.28,-55.0,1889.336354454099,anisotropic_tuned
rotated_wake,rotated wake,5,0.55,0.28,-35.0,1888.3052180428708,anisotropic_tuned
rotated_wake,rotated wake,5,0.55,0.28,-15.0,1847.3052643475653,anisotropic_tuned
rotated_wake,rotated wake,5,0.55,0.28,0.0,1819.7177443662831,anisotropic_tuned
rotated_wake,rotated wake,5,0.55,0.28,15.0,1846.4256197325665,anisotropic_tuned
rotated_wake,rotated wake,5,0.55,0.28,35.0,1886.346065362835,anisotropic_tuned
rotated_wake,rotated wake,5,0.55,0.28,55.0,1886.907956420265,anisotropic_tuned
rotated_wake,rotated wake,5,0.55,0.42,-55.0,1787.2191085108336,anisotropic_tuned
rotated_wake,rotated wake,5,0.55,0.42,-35.0,1785.2724128883503,anisotropic_tuned
rotated_wake,rotated wake,5,0.55,0.42,-15.0,1774.8721431693186,anisotropic_tuned
rotated_wake,rotated wake,5,0.55,0.42,0.0,1770.5301206952156,anisotropic_tuned
rotated_wake,rotated wake,5,0.55,0.42,15.0,1773.4823450940032,anisotropic_tuned
rotated_wake,rotated wake,5,0.55,0.42,35.0,1782.417580229937,anisotropic_tuned
rotated_wake,rotated wake,5,0.55,0.42,55.0,1783.7991478543186,anisotropic_tuned
rotated_wake,rotated wake,5,0.55,0.65,-55.0,1660.882310548305,anisotropic_tuned
rotated_wake,rotated wake,5,0.55,0.65,-35.0,1662.8660683404175,anisotropic_tuned
rotated_wake,rotated wake,5,0.55,0.65,-15.0,1665.8210101200748,anisotropic_tuned
rotated_wake,rotated wake,5,0.55,0.65,0.0,1668.827592348497,anisotropic_tuned
rotated_wake,rotated wake,5,0.55,0.65,15.0,1671.856329503811,anisotropic_tuned
rotated_wake,rotated wake,5,0.55,0.65,35.0,1673.4669601482717,anisotropic_tuned
rotated_wake,rotated wake,5,0.55,0.65,55.0,1670.8038164361806,anisotropic_tuned
rotated_wake,rotated wake,5,0.55,0.9,-55.0,1574.505477971539,anisotropic_tuned
rotated_wake,rotated wake,5,0.55,0.9,-35.0,1582.744561343466,anisotropic_tuned
rotated_wake,rotated wake,5,0.55,0.9,-15.0,1606.96292411325,anisotropic_tuned
rotated_wake,rotated wake,5,0.55,0.9,0.0,1629.3288402661167,anisotropic_tuned
rotated_wake,rotated wake,5,0.55,0.9,15.0,1648.8355560020866,anisotropic_tuned
rotated_wake,rotated wake,5,0.55,0.9,35.0,1654.6602394618374,anisotropic_tuned
rotated_wake,rotated wake,5,0.55,0.9,55.0,1638.9274848620237,anisotropic_tuned
rotated_wake,rotated wake,5,0.75,0.18,-55.0,1905.3074457680405,anisotropic_tuned
rotated_wake,rotated wake,5,0.75,0.18,-35.0,1904.1178878574199,anisotropic_tuned
rotated_wake,rotated wake,5,0.75,0.18,-15.0,1847.4310410674984,anisotropic_tuned
rotated_wake,rotated wake,5,0.75,0.18,0.0,1713.0907963334148,anisotropic_tuned
rotated_wake,rotated wake,5,0.75,0.18,15.0,1847.0258037335811,anisotropic_tuned
rotated_wake,rotated wake,5,0.75,0.18,35.0,1898.864823601056,anisotropic_tuned
rotated_wake,rotated wake,5,0.75,0.18,55.0,1899.395094392393,anisotropic_tuned
rotated_wake,rotated wake,5,0.75,0.28,-55.0,1827.6530896466538,anisotropic_tuned
rotated_wake,rotated wake,5,0.75,0.28,-35.0,1821.1437531288223,anisotropic_tuned
rotated_wake,rotated wake,5,0.75,0.28,-15.0,1754.9034986108416,anisotropic_tuned
rotated_wake,rotated wake,5,0.75,0.28,0.0,1705.5353983271914,anisotropic_tuned
rotated_wake,rotated wake,5,0.75,0.28,15.0,1752.5884851109465,anisotropic_tuned
rotated_wake,rotated wake,5,0.75,0.28,35.0,1811.1618831143962,anisotropic_tuned
rotated_wake,rotated wake,5,0.75,0.28,55.0,1812.831385652887,anisotropic_tuned
rotated_wake,rotated wake,5,0.75,0.42,-55.0,1728.4543762806682,anisotropic_tuned
rotated_wake,rotated wake,5,0.75,0.42,-35.0,1715.2735648839835,anisotropic_tuned
rotated_wake,rotated wake,5,0.75,0.42,-15.0,1684.4810045183517,anisotropic_tuned
rotated_wake,rotated wake,5,0.75,0.42,0.0,1671.0529173472248,anisotropic_tuned
rotated_wake,rotated wake,5,0.75,0.42,15.0,1674.70540501181,anisotropic_tuned
rotated_wake,rotated wake,5,0.75,0.42,35.0,1691.6313399223343,anisotropic_tuned
rotated_wake,rotated wake,5,0.75,0.42,55.0,1697.0588392254926,anisotropic_tuned
rotated_wake,rotated wake,5,0.75,0.65,-55.0,1611.372580138442,anisotropic_tuned
rotated_wake,rotated wake,5,0.75,0.65,-35.0,1607.8188739866023,anisotropic_tuned
rotated_wake,rotated wake,5,0.75,0.65,-15.0,1600.8296688537216,anisotropic_tuned
rotated_wake,rotated wake,5,0.75,0.65,0.0,1595.3489039686267,anisotropic_tuned
rotated_wake,rotated wake,5,0.75,0.65,15.0,1591.3427604060323,anisotropic_tuned
rotated_wake,rotated wake,5,0.75,0.65,35.0,1589.7909176938717,anisotropic_tuned
rotated_wake,rotated wake,5,0.75,0.65,55.0,1592.9575228714643,anisotropic_tuned
rotated_wake,rotated wake,5,0.75,0.9,-55.0,1539.64302517192,anisotropic_tuned
rotated_wake,rotated wake,5,0.75,0.9,-35.0,1545.929665216173,anisotropic_tuned
rotated_wake,rotated wake,5,0.75,0.9,-15.0,1560.9449177756333,anisotropic_tuned
rotated_wake,rotated wake,5,0.75,0.9,0.0,1574.0597426564457,anisotropic_tuned
rotated_wake,rotated wake,5,0.75,0.9,15.0,1584.4651502614545,anisotropic_tuned
rotated_wake,rotated wake,5,0.75,0.9,35.0,1588.9105844613925,anisotropic_tuned
rotated_wake,rotated wake,5,0.75,0.9,55.0,1581.4565177713848,anisotropic_tuned
rotated_wake,rotated wake,5,1.0,0.18,-55.0,1864.678784272974,anisotropic_tuned
rotated_wake,rotated wake,5,1.0,0.18,-35.0,1864.1857003024988,anisotropic_tuned
rotated_wake,rotated wake,5,1.0,0.18,-15.0,1796.7801975117238,anisotropic_tuned
rotated_wake,rotated wake,5,1.0,0.18,0.0,1637.240353539496,anisotropic_tuned
rotated_wake,rotated wake,5,1.0,0.18,15.0,1795.8849598623865,anisotropic_tuned
rotated_wake,rotated wake,5,1.0,0.18,35.0,1840.4971127784154,anisotropic_tuned
rotated_wake,rotated wake,5,1.0,0.18,55.0,1841.2289069790777,anisotropic_tuned
rotated_wake,rotated wake,5,1.0,0.28,-55.0,1804.6413038192225,anisotropic_tuned
rotated_wake,rotated wake,5,1.0,0.28,-35.0,1781.8244790425085,anisotropic_tuned
rotated_wake,rotated wake,5,1.0,0.28,-15.0,1686.7771977081813,anisotropic_tuned
rotated_wake,rotated wake,5,1.0,0.28,0.0,1632.8838821496124,anisotropic_tuned
rotated_wake,rotated wake,5,1.0,0.28,15.0,1682.4716949314497,anisotropic_tuned
rotated_wake,rotated wake,5,1.0,0.28,35.0,1729.6862609672162,anisotropic_tuned
rotated_wake,rotated wake,5,1.0,0.28,55.0,1733.7574112331458,anisotropic_tuned
rotated_wake,rotated wake,5,1.0,0.42,-55.0,1726.020798282784,anisotropic_tuned
rotated_wake,rotated wake,5,1.0,0.42,-35.0,1699.0713628874387,anisotropic_tuned
rotated_wake,rotated wake,5,1.0,0.42,-15.0,1636.7526352443003,anisotropic_tuned
rotated_wake,rotated wake,5,1.0,0.42,0.0,1609.4049551183577,anisotropic_tuned
rotated_wake,rotated wake,5,1.0,0.42,15.0,1603.3448155356114,anisotropic_tuned
rotated_wake,rotated wake,5,1.0,0.42,35.0,1612.2316121023314,anisotropic_tuned
rotated_wake,rotated wake,5,1.0,0.42,55.0,1623.0215637027536,anisotropic_tuned
rotated_wake,rotated wake,5,1.0,0.65,-55.0,1631.577880727919,anisotropic_tuned
rotated_wake,rotated wake,5,1.0,0.65,-35.0,1613.655787091989,anisotropic_tuned
rotated_wake,rotated wake,5,1.0,0.65,-15.0,1581.094126353948,anisotropic_tuned
rotated_wake,rotated wake,5,1.0,0.65,0.0,1555.8318605595402,anisotropic_tuned
rotated_wake,rotated wake,5,1.0,0.65,15.0,1535.1499152560616,anisotropic_tuned
rotated_wake,rotated wake,5,1.0,0.65,35.0,1525.9608259616575,anisotropic_tuned
rotated_wake,rotated wake,5,1.0,0.65,55.0,1538.6626615172265,anisotropic_tuned
rotated_wake,rotated wake,5,1.0,0.9,-55.0,1571.9113029305806,anisotropic_tuned
rotated_wake,rotated wake,5,1.0,0.9,-35.0,1566.695880591151,anisotropic_tuned
rotated_wake,rotated wake,5,1.0,0.9,-15.0,1555.4885311923547,anisotropic_tuned
rotated_wake,rotated wake,5,1.0,0.9,0.0,1546.3276062506427,anisotropic_tuned
rotated_wake,rotated wake,5,1.0,0.9,15.0,1539.1395182940837,anisotropic_tuned
rotated_wake,rotated wake,5,1.0,0.9,35.0,1535.6528344034627,anisotropic_tuned
rotated_wake,rotated wake,5,1.0,0.9,55.0,1540.5248372414505,anisotropic_tuned
rotated_wake,rotated wake,5,1.35,0.18,-55.0,1829.8790810723783,anisotropic_tuned
rotated_wake,rotated wake,5,1.35,0.18,-35.0,1845.4651952295371,anisotropic_tuned
rotated_wake,rotated wake,5,1.35,0.18,-15.0,1749.8708247231586,anisotropic_tuned
rotated_wake,rotated wake,5,1.35,0.18,0.0,1608.545118740438,anisotropic_tuned
rotated_wake,rotated wake,5,1.35,0.18,15.0,1747.1626038748607,anisotropic_tuned
rotated_wake,rotated wake,5,1.35,0.18,35.0,1776.1553151904893,anisotropic_tuned
rotated_wake,rotated wake,5,1.35,0.18,55.0,1776.3274591283332,anisotropic_tuned
rotated_wake,rotated wake,5,1.35,0.28,-55.0,1849.5012092465633,anisotropic_tuned
rotated_wake,rotated wake,5,1.35,0.28,-35.0,1814.7463349089905,anisotropic_tuned
rotated_wake,rotated wake,5,1.35,0.28,-15.0,1638.1449322524593,anisotropic_tuned
rotated_wake,rotated wake,5,1.35,0.28,0.0,1605.2334094736295,anisotropic_tuned
rotated_wake,rotated wake,5,1.35,0.28,15.0,1628.9944536032008,anisotropic_tuned
rotated_wake,rotated wake,5,1.35,0.28,35.0,1655.5173026738466,anisotropic_tuned
rotated_wake,rotated wake,5,1.35,0.28,55.0,1663.4805449473486,anisotropic_tuned
rotated_wake,rotated wake,5,1.35,0.42,-55.0,1785.2537850384767,anisotropic_tuned
rotated_wake,rotated wake,5,1.35,0.42,-35.0,1744.3226852833127,anisotropic_tuned
rotated_wake,rotated wake,5,1.35,0.42,-15.0,1632.657256942171,anisotropic_tuned
rotated_wake,rotated wake,5,1.35,0.42,0.0,1585.7377200295966,anisotropic_tuned
rotated_wake,rotated wake,5,1.35,0.42,15.0,1555.5814697693415,anisotropic_tuned
rotated_wake,rotated wake,5,1.35,0.42,35.0,1548.3715694873083,anisotropic_tuned
rotated_wake,rotated wake,5,1.35,0.42,55.0,1567.8515867079973,anisotropic_tuned
rotated_wake,rotated wake,5,1.35,0.65,-55.0,1715.7273575976803,anisotropic_tuned
rotated_wake,rotated wake,5,1.35,0.65,-35.0,1676.7162370999094,anisotropic_tuned
rotated_wake,rotated wake,5,1.35,0.65,-15.0,1605.7769679722926,anisotropic_tuned
rotated_wake,rotated wake,5,1.35,0.65,0.0,1545.7360597114173,anisotropic_tuned
rotated_wake,rotated wake,5,1.35,0.65,15.0,1502.28062405377,anisotropic_tuned
rotated_wake,rotated wake,5,1.35,0.65,35.0,1478.6198525640687,anisotropic_tuned
rotated_wake,rotated wake,5,1.35,0.65,55.0,1506.0931972345093,anisotropic_tuned
rotated_wake,rotated wake,5,1.35,0.9,-55.0,1667.9908068154814,anisotropic_tuned
rotated_wake,rotated wake,5,1.35,0.9,-35.0,1644.1704556544125,anisotropic_tuned
rotated_wake,rotated wake,5,1.35,0.9,-15.0,1591.379942795348,anisotropic_tuned
rotated_wake,rotated wake,5,1.35,0.9,0.0,1546.0947628782696,anisotropic_tuned
rotated_wake,rotated wake,5,1.35,0.9,15.0,1510.6286113541425,anisotropic_tuned
rotated_wake,rotated wake,5,1.35,0.9,35.0,1494.0346835789298,anisotropic_tuned
rotated_wake,rotated wake,5,1.35,0.9,55.0,1516.059650436474,anisotropic_tuned
rotated_wake,rotated wake,5,1.75,0.18,-55.0,1817.0132199863951,anisotropic_tuned
rotated_wake,rotated wake,5,1.75,0.18,-35.0,1842.349293978508,anisotropic_tuned
rotated_wake,rotated wake,5,1.75,0.18,-15.0,1714.424625953067,anisotropic_tuned
rotated_wake,rotated wake,5,1.75,0.18,0.0,1614.7903309963538,anisotropic_tuned
rotated_wake,rotated wake,5,1.75,0.18,15.0,1706.4663960347634,anisotropic_tuned
rotated_wake,rotated wake,5,1.75,0.18,35.0,1724.6530917513733,anisotropic_tuned
rotated_wake,rotated wake,5,1.75,0.18,55.0,1723.9763100780503,anisotropic_tuned
rotated_wake,rotated wake,5,1.75,0.28,-55.0,1911.798796010257,anisotropic_tuned
rotated_wake,rotated wake,5,1.75,0.28,-35.0,1870.001138021792,anisotropic_tuned
rotated_wake,rotated wake,5,1.75,0.28,-15.0,1621.4410207835092,anisotropic_tuned
rotated_wake,rotated wake,5,1.75,0.28,0.0,1609.7782962074884,anisotropic_tuned
rotated_wake,rotated wake,5,1.75,0.28,15.0,1595.0520645685792,anisotropic_tuned
rotated_wake,rotated wake,5,1.75,0.28,35.0,1606.4545098133567,anisotropic_tuned
rotated_wake,rotated wake,5,1.75,0.28,55.0,1624.244638599715,anisotropic_tuned
rotated_wake,rotated wake,5,1.75,0.42,-55.0,1868.7586691866652,anisotropic_tuned
rotated_wake,rotated wake,5,1.75,0.42,-35.0,1821.5515684163136,anisotropic_tuned
rotated_wake,rotated wake,5,1.75,0.42,-15.0,1681.0183830761925,anisotropic_tuned
rotated_wake,rotated wake,5,1.75,0.42,0.0,1593.4694483751234,anisotropic_tuned
rotated_wake,rotated wake,5,1.75,0.42,15.0,1531.8267347586418,anisotropic_tuned
rotated_wake,rotated wake,5,1.75,0.42,35.0,1511.894776715201,anisotropic_tuned
rotated_wake,rotated wake,5,1.75,0.42,55.0,1550.0365688922116,anisotropic_tuned
rotated_wake,rotated wake,5,1.75,0.65,-55.0,1817.272770216743,anisotropic_tuned
rotated_wake,rotated wake,5,1.75,0.65,-35.0,1765.6347372588532,anisotropic_tuned
rotated_wake,rotated wake,5,1.75,0.65,-15.0,1670.6673055614524,anisotropic_tuned
rotated_wake,rotated wake,5,1.75,0.65,0.0,1565.1544501753817,anisotropic_tuned
rotated_wake,rotated wake,5,1.75,0.65,15.0,1487.77662038349,anisotropic_tuned
rotated_wake,rotated wake,5,1.75,0.65,35.0,1452.2714978285298,anisotropic_tuned
rotated_wake,rotated wake,5,1.75,0.65,55.0,1503.3150648883889,anisotropic_tuned
rotated_wake,rotated wake,5,1.75,0.9,-55.0,1776.6201023583378,anisotropic_tuned
rotated_wake,rotated wake,5,1.75,0.9,-35.0,1745.3905597538314,anisotropic_tuned
rotated_wake,rotated wake,5,1.75,0.9,-15.0,1657.1704708450145,anisotropic_tuned
rotated_wake,rotated wake,5,1.75,0.9,0.0,1572.098052367119,anisotropic_tuned
rotated_wake,rotated wake,5,1.75,0.9,15.0,1501.8060707488498,anisotropic_tuned
rotated_wake,rotated wake,5,1.75,0.9,35.0,1467.7328880624834,anisotropic_tuned
rotated_wake,rotated wake,5,1.75,0.9,55.0,1516.193649991768,anisotropic_tuned
rotated_wake,rotated wake,6,0.55,0.18,-55.0,1961.1615184514435,anisotropic_tuned
rotated_wake,rotated wake,6,0.55,0.18,-35.0,1960.6866177679717,anisotropic_tuned
rotated_wake,rotated wake,6,0.55,0.18,-15.0,1917.8756828852152,anisotropic_tuned
rotated_wake,rotated wake,6,0.55,0.18,0.0,1844.2399006037858,anisotropic_tuned
rotated_wake,rotated wake,6,0.55,0.18,15.0,1917.5323103434457,anisotropic_tuned
rotated_wake,rotated wake,6,0.55,0.18,35.0,1958.9054293852714,anisotropic_tuned
rotated_wake,rotated wake,6,0.55,0.18,55.0,1959.1672775319353,anisotropic_tuned
rotated_wake,rotated wake,6,0.55,0.28,-55.0,1903.5103670196813,anisotropic_tuned
rotated_wake,rotated wake,6,0.55,0.28,-35.0,1901.9534033907053,anisotropic_tuned
rotated_wake,rotated wake,6,0.55,0.28,-15.0,1860.4554369608431,anisotropic_tuned
rotated_wake,rotated wake,6,0.55,0.28,0.0,1833.4610353486141,anisotropic_tuned
rotated_wake,rotated wake,6,0.55,0.28,15.0,1859.4715147213324,anisotropic_tuned
rotated_wake,rotated wake,6,0.55,0.28,35.0,1899.44489151258,anisotropic_tuned
rotated_wake,rotated wake,6,0.55,0.28,55.0,1899.9545010134852,anisotropic_tuned
rotated_wake,rotated wake,6,0.55,0.42,-55.0,1800.2728032282334,anisotropic_tuned
rotated_wake,rotated wake,6,0.55,0.42,-35.0,1798.4563631630858,anisotropic_tuned
rotated_wake,rotated wake,6,0.55,0.42,-15.0,1787.7196928211715,anisotropic_tuned
rotated_wake,rotated wake,6,0.55,0.42,0.0,1783.4270563177483,anisotropic_tuned
rotated_wake,rotated wake,6,0.55,0.42,15.0,1786.5065556243571,anisotropic_tuned
rotated_wake,rotated wake,6,0.55,0.42,35.0,1794.698595047456,anisotropic_tuned
rotated_wake,rotated wake,6,0.55,0.42,55.0,1794.9497923037356,anisotropic_tuned
rotated_wake,rotated wake,6,0.55,0.65,-55.0,1669.4646676348825,anisotropic_tuned
rotated_wake,rotated wake,6,0.55,0.65,-35.0,1671.5060534968998,anisotropic_tuned
rotated_wake,rotated wake,6,0.55,0.65,-15.0,1675.9731411226257,anisotropic_tuned
rotated_wake,rotated wake,6,0.55,0.65,0.0,1681.2703801732537,anisotropic_tuned
rotated_wake,rotated wake,6,0.55,0.65,15.0,1686.6085697395974,anisotropic_tuned
rotated_wake,rotated wake,6,0.55,0.65,35.0,1689.490806506647,anisotropic_tuned
rotated_wake,rotated wake,6,0.55,0.65,55.0,1685.3639687671207,anisotropic_tuned
rotated_wake,rotated wake,6,0.55,0.9,-55.0,1587.5155600312187,anisotropic_tuned
rotated_wake,rotated wake,6,0.55,0.9,-35.0,1596.820794297273,anisotropic_tuned
rotated_wake,rotated wake,6,0.55,0.9,-15.0,1627.6401316460665,anisotropic_tuned
rotated_wake,rotated wake,6,0.55,0.9,0.0,1652.7252614037889,anisotropic_tuned
rotated_wake,rotated wake,6,0.55,0.9,15.0,1674.3485700016972,anisotropic_tuned
rotated_wake,rotated wake,6,0.55,0.9,35.0,1684.59410634208,anisotropic_tuned
rotated_wake,rotated wake,6,0.55,0.9,55.0,1667.6356271075433,anisotropic_tuned
rotated_wake,rotated wake,6,0.75,0.18,-55.0,1919.8458236346783,anisotropic_tuned
rotated_wake,rotated wake,6,0.75,0.18,-35.0,1918.290672097211,anisotropic_tuned
rotated_wake,rotated wake,6,0.75,0.18,-15.0,1860.887956011018,anisotropic_tuned
rotated_wake,rotated wake,6,0.75,0.18,0.0,1728.3226122280453,anisotropic_tuned
rotated_wake,rotated wake,6,0.75,0.18,15.0,1860.2373226926002,anisotropic_tuned
rotated_wake,rotated wake,6,0.75,0.18,35.0,1912.1529913405575,anisotropic_tuned
rotated_wake,rotated wake,6,0.75,0.18,55.0,1912.6090715071837,anisotropic_tuned
rotated_wake,rotated wake,6,0.75,0.28,-55.0,1844.134479735716,anisotropic_tuned
rotated_wake,rotated wake,6,0.75,0.28,-35.0,1834.7045082424124,anisotropic_tuned
rotated_wake,rotated wake,6,0.75,0.28,-15.0,1769.7480578006312,anisotropic_tuned
rotated_wake,rotated wake,6,0.75,0.28,0.0,1719.8006763689446,anisotropic_tuned
rotated_wake,rotated wake,6,0.75,0.28,15.0,1767.3002044907284,anisotropic_tuned
rotated_wake,rotated wake,6,0.75,0.28,35.0,1823.813601844431,anisotropic_tuned
rotated_wake,rotated wake,6,0.75,0.28,55.0,1825.7462073526885,anisotropic_tuned
rotated_wake,rotated wake,6,0.75,0.42,-55.0,1756.0995812455753,anisotropic_tuned
rotated_wake,rotated wake,6,0.75,0.42,-35.0,1735.29485467334,anisotropic_tuned
rotated_wake,rotated wake,6,0.75,0.42,-15.0,1700.4468274954734,anisotropic_tuned
rotated_wake,rotated wake,6,0.75,0.42,0.0,1681.8159912294605,anisotropic_tuned
rotated_wake,rotated wake,6,0.75,0.42,15.0,1688.3282411636355,anisotropic_tuned
rotated_wake,rotated wake,6,0.75,0.42,35.0,1705.0988147166577,anisotropic_tuned
rotated_wake,rotated wake,6,0.75,0.42,55.0,1707.0413201604506,anisotropic_tuned
rotated_wake,rotated wake,6,0.75,0.65,-55.0,1637.6019702301705,anisotropic_tuned
rotated_wake,rotated wake,6,0.75,0.65,-35.0,1632.6780828923925,anisotropic_tuned
rotated_wake,rotated wake,6,0.75,0.65,-15.0,1622.4880715567692,anisotropic_tuned
rotated_wake,rotated wake,6,0.75,0.65,0.0,1614.1424252252282,anisotropic_tuned
rotated_wake,rotated wake,6,0.75,0.65,15.0,1607.9777292154326,anisotropic_tuned
rotated_wake,rotated wake,6,0.75,0.65,35.0,1605.702642842325,anisotropic_tuned
rotated_wake,rotated wake,6,0.75,0.65,55.0,1610.5817379031619,anisotropic_tuned
rotated_wake,rotated wake,6,0.75,0.9,-55.0,1567.2631856364474,anisotropic_tuned
rotated_wake,rotated wake,6,0.75,0.9,-35.0,1573.9739558161546,anisotropic_tuned
rotated_wake,rotated wake,6,0.75,0.9,-15.0,1587.6574399251094,anisotropic_tuned
rotated_wake,rotated wake,6,0.75,0.9,0.0,1599.1484210181038,anisotropic_tuned
rotated_wake,rotated wake,6,0.75,0.9,15.0,1608.9485037440263,anisotropic_tuned
rotated_wake,rotated wake,6,0.75,0.9,35.0,1613.9446545560259,anisotropic_tuned
rotated_wake,rotated wake,6,0.75,0.9,55.0,1606.943641296365,anisotropic_tuned
rotated_wake,rotated wake,6,1.0,0.18,-55.0,1882.2711850665896,anisotropic_tuned
rotated_wake,rotated wake,6,1.0,0.18,-35.0,1883.9565031127713,anisotropic_tuned
rotated_wake,rotated wake,6,1.0,0.18,-15.0,1810.7102099423591,anisotropic_tuned
rotated_wake,rotated wake,6,1.0,0.18,0.0,1649.8227877857457,anisotropic_tuned
rotated_wake,rotated wake,6,1.0,0.18,15.0,1809.962437520253,anisotropic_tuned
rotated_wake,rotated wake,6,1.0,0.18,35.0,1853.427775547285,anisotropic_tuned
rotated_wake,rotated wake,6,1.0,0.18,55.0,1854.253301739761,anisotropic_tuned
rotated_wake,rotated wake,6,1.0,0.28,-55.0,1835.219609935451,anisotropic_tuned
rotated_wake,rotated wake,6,1.0,0.28,-35.0,1804.9784860339737,anisotropic_tuned
rotated_wake,rotated wake,6,1.0,0.28,-15.0,1703.526387752118,anisotropic_tuned
rotated_wake,rotated wake,6,1.0,0.28,0.0,1644.5615545051824,anisotropic_tuned
rotated_wake,rotated wake,6,1.0,0.28,15.0,1697.2605299014149,anisotropic_tuned
rotated_wake,rotated wake,6,1.0,0.28,35.0,1745.4781644373807,anisotropic_tuned
rotated_wake,rotated wake,6,1.0,0.28,55.0,1748.6644485736729,anisotropic_tuned
rotated_wake,rotated wake,6,1.0,0.42,-55.0,1765.2019703117903,anisotropic_tuned
rotated_wake,rotated wake,6,1.0,0.42,-35.0,1728.075965127748,anisotropic_tuned
rotated_wake,rotated wake,6,1.0,0.42,-15.0,1656.4503350769842,anisotropic_tuned
rotated_wake,rotated wake,6,1.0,0.42,0.0,1620.046606634091,anisotropic_tuned
rotated_wake,rotated wake,6,1.0,0.42,15.0,1615.826101208328,anisotropic_tuned
rotated_wake,rotated wake,6,1.0,0.42,35.0,1631.1634431801922,anisotropic_tuned
rotated_wake,rotated wake,6,1.0,0.42,55.0,1635.2498055860578,anisotropic_tuned
rotated_wake,rotated wake,6,1.0,0.65,-55.0,1663.6848855156427,anisotropic_tuned
rotated_wake,rotated wake,6,1.0,0.65,-35.0,1643.7333894347457,anisotropic_tuned
rotated_wake,rotated wake,6,1.0,0.65,-15.0,1606.8972194497887,anisotropic_tuned
rotated_wake,rotated wake,6,1.0,0.65,0.0,1579.072087217989,anisotropic_tuned
rotated_wake,rotated wake,6,1.0,0.65,15.0,1554.8839147775925,anisotropic_tuned
rotated_wake,rotated wake,6,1.0,0.65,35.0,1545.3757231896475,anisotropic_tuned
rotated_wake,rotated wake,6,1.0,0.65,55.0,1563.2998401028062,anisotropic_tuned
rotated_wake,rotated wake,6,1.0,0.9,-55.0,1600.2056728667148,anisotropic_tuned
rotated_wake,rotated wake,6,1.0,0.9,-35.0,1594.6819468796725,anisotropic_tuned
rotated_wake,rotated wake,6,1.0,0.9,-15.0,1582.3432033518147,anisotropic_tuned
rotated_wake,rotated wake,6,1.0,0.9,0.0,1572.4073434499546,anisotropic_tuned
rotated_wake,rotated wake,6,1.0,0.9,15.0,1564.8974380454042,anisotropic_tuned
rotated_wake,rotated wake,6,1.0,0.9,35.0,1561.5047853507535,anisotropic_tuned
rotated_wake,rotated wake,6,1.0,0.9,55.0,1566.470066130997,anisotropic_tuned
rotated_wake,rotated wake,6,1.35,0.18,-55.0,1855.0680859640884,anisotropic_tuned
rotated_wake,rotated wake,6,1.35,0.18,-35.0,1876.9674301466698,anisotropic_tuned
rotated_wake,rotated wake,6,1.35,0.18,-15.0,1764.290426299573,anisotropic_tuned
rotated_wake,rotated wake,6,1.35,0.18,0.0,1622.5543828843738,anisotropic_tuned
rotated_wake,rotated wake,6,1.35,0.18,15.0,1761.6518282976876,anisotropic_tuned
rotated_wake,rotated wake,6,1.35,0.18,35.0,1790.353378776606,anisotropic_tuned
rotated_wake,rotated wake,6,1.35,0.18,55.0,1790.3420818605173,anisotropic_tuned
rotated_wake,rotated wake,6,1.35,0.28,-55.0,1913.6143598674162,anisotropic_tuned
rotated_wake,rotated wake,6,1.35,0.28,-35.0,1876.9790018946937,anisotropic_tuned
rotated_wake,rotated wake,6,1.35,0.28,-15.0,1656.2057573397783,anisotropic_tuned
rotated_wake,rotated wake,6,1.35,0.28,0.0,1619.9045863780252,anisotropic_tuned
rotated_wake,rotated wake,6,1.35,0.28,15.0,1642.2547795419837,anisotropic_tuned
rotated_wake,rotated wake,6,1.35,0.28,35.0,1671.3991249382038,anisotropic_tuned
rotated_wake,rotated wake,6,1.35,0.28,55.0,1680.2941012152305,anisotropic_tuned
rotated_wake,rotated wake,6,1.35,0.42,-55.0,1857.5771076596652,anisotropic_tuned
rotated_wake,rotated wake,6,1.35,0.42,-35.0,1808.6018599626473,anisotropic_tuned
rotated_wake,rotated wake,6,1.35,0.42,-15.0,1673.3449134730913,anisotropic_tuned
rotated_wake,rotated wake,6,1.35,0.42,0.0,1605.1133354311428,anisotropic_tuned
rotated_wake,rotated wake,6,1.35,0.42,15.0,1562.8237247936809,anisotropic_tuned
rotated_wake,rotated wake,6,1.35,0.42,35.0,1565.7894577147626,anisotropic_tuned
rotated_wake,rotated wake,6,1.35,0.42,55.0,1585.6273330631211,anisotropic_tuned
rotated_wake,rotated wake,6,1.35,0.65,-55.0,1775.1000380636297,anisotropic_tuned
rotated_wake,rotated wake,6,1.35,0.65,-35.0,1737.3487689074873,anisotropic_tuned
rotated_wake,rotated wake,6,1.35,0.65,-15.0,1648.3224273839787,anisotropic_tuned
rotated_wake,rotated wake,6,1.35,0.65,0.0,1573.5199392707423,anisotropic_tuned
rotated_wake,rotated wake,6,1.35,0.65,15.0,1519.0815519541684,anisotropic_tuned
rotated_wake,rotated wake,6,1.35,0.65,35.0,1493.653740535202,anisotropic_tuned
rotated_wake,rotated wake,6,1.35,0.65,55.0,1537.4634297423386,anisotropic_tuned
rotated_wake,rotated wake,6,1.35,0.9,-55.0,1719.5511623859047,anisotropic_tuned
rotated_wake,rotated wake,6,1.35,0.9,-35.0,1695.7978564877417,anisotropic_tuned
rotated_wake,rotated wake,6,1.35,0.9,-15.0,1635.7223026603424,anisotropic_tuned
rotated_wake,rotated wake,6,1.35,0.9,0.0,1579.6638226893556,anisotropic_tuned
rotated_wake,rotated wake,6,1.35,0.9,15.0,1535.3402415856176,anisotropic_tuned
rotated_wake,rotated wake,6,1.35,0.9,35.0,1517.8426344038412,anisotropic_tuned
rotated_wake,rotated wake,6,1.35,0.9,55.0,1544.7118594997673,anisotropic_tuned
rotated_wake,rotated wake,6,1.75,0.18,-55.0,1863.0879795397432,anisotropic_tuned
rotated_wake,rotated wake,6,1.75,0.18,-35.0,1881.5601097568483,anisotropic_tuned
rotated_wake,rotated wake,6,1.75,0.18,-15.0,1730.3099400608235,anisotropic_tuned
rotated_wake,rotated wake,6,1.75,0.18,0.0,1653.463538721683,anisotropic_tuned
rotated_wake,rotated wake,6,1.75,0.18,15.0,1722.6285285126837,anisotropic_tuned
rotated_wake,rotated wake,6,1.75,0.18,35.0,1738.7681168341878,anisotropic_tuned
rotated_wake,rotated wake,6,1.75,0.18,55.0,1741.2294057708268,anisotropic_tuned
rotated_wake,rotated wake,6,1.75,0.28,-55.0,2016.5434173338263,anisotropic_tuned
rotated_wake,rotated wake,6,1.75,0.28,-35.0,1965.5666771874753,anisotropic_tuned
rotated_wake,rotated wake,6,1.75,0.28,-15.0,1642.264424054913,anisotropic_tuned
rotated_wake,rotated wake,6,1.75,0.28,0.0,1648.4700769266142,anisotropic_tuned
rotated_wake,rotated wake,6,1.75,0.28,15.0,1610.713988977809,anisotropic_tuned
rotated_wake,rotated wake,6,1.75,0.28,35.0,1618.9617947764445,anisotropic_tuned
rotated_wake,rotated wake,6,1.75,0.28,55.0,1642.5905398893588,anisotropic_tuned
rotated_wake,rotated wake,6,1.75,0.42,-55.0,1974.5636234030412,anisotropic_tuned
rotated_wake,rotated wake,6,1.75,0.42,-35.0,1909.5627429415922,anisotropic_tuned
rotated_wake,rotated wake,6,1.75,0.42,-15.0,1737.7539887534044,anisotropic_tuned
rotated_wake,rotated wake,6,1.75,0.42,0.0,1632.527991917499,anisotropic_tuned
rotated_wake,rotated wake,6,1.75,0.42,15.0,1536.2967026232272,anisotropic_tuned
rotated_wake,rotated wake,6,1.75,0.42,35.0,1522.4331291841045,anisotropic_tuned
rotated_wake,rotated wake,6,1.75,0.42,55.0,1572.9282264149892,anisotropic_tuned
rotated_wake,rotated wake,6,1.75,0.65,-55.0,1907.007109308126,anisotropic_tuned
rotated_wake,rotated wake,6,1.75,0.65,-35.0,1848.4892247885828,anisotropic_tuned
rotated_wake,rotated wake,6,1.75,0.65,-15.0,1727.5979448064677,anisotropic_tuned
rotated_wake,rotated wake,6,1.75,0.65,0.0,1606.7415835407273,anisotropic_tuned
rotated_wake,rotated wake,6,1.75,0.65,15.0,1504.232368418131,anisotropic_tuned
rotated_wake,rotated wake,6,1.75,0.65,35.0,1461.9262087737666,anisotropic_tuned
rotated_wake,rotated wake,6,1.75,0.65,55.0,1534.0078266275,anisotropic_tuned
rotated_wake,rotated wake,6,1.75,0.9,-55.0,1856.7430182849052,anisotropic_tuned
rotated_wake,rotated wake,6,1.75,0.9,-35.0,1812.8079111351612,anisotropic_tuned
rotated_wake,rotated wake,6,1.75,0.9,-15.0,1716.3385653072164,anisotropic_tuned
rotated_wake,rotated wake,6,1.75,0.9,0.0,1618.580241133166,anisotropic_tuned
rotated_wake,rotated wake,6,1.75,0.9,15.0,1527.8221064430786,anisotropic_tuned
rotated_wake,rotated wake,6,1.75,0.9,35.0,1489.1303934990751,anisotropic_tuned
rotated_wake,rotated wake,6,1.75,0.9,55.0,1547.5608205733606,anisotropic_tuned
rotated_wake,rotated wake,7,0.55,0.18,-55.0,1954.2686260282335,anisotropic_tuned
rotated_wake,rotated wake,7,0.55,0.18,-35.0,1953.9682491934577,anisotropic_tuned
rotated_wake,rotated wake,7,0.55,0.18,-15.0,1911.639016515137,anisotropic_tuned
rotated_wake,rotated wake,7,0.55,0.18,0.0,1838.0340070954298,anisotropic_tuned
rotated_wake,rotated wake,7,0.55,0.18,15.0,1911.242419424369,anisotropic_tuned
rotated_wake,rotated wake,7,0.55,0.18,35.0,1951.957758400807,anisotropic_tuned
rotated_wake,rotated wake,7,0.55,0.18,55.0,1952.1805945590409,anisotropic_tuned
rotated_wake,rotated wake,7,0.55,0.28,-55.0,1897.6794384108966,anisotropic_tuned
rotated_wake,rotated wake,7,0.55,0.28,-35.0,1896.3399591337115,anisotropic_tuned
rotated_wake,rotated wake,7,0.55,0.28,-15.0,1854.9524493030403,anisotropic_tuned
rotated_wake,rotated wake,7,0.55,0.28,0.0,1826.5742963460898,anisotropic_tuned
rotated_wake,rotated wake,7,0.55,0.28,15.0,1853.5068575361693,anisotropic_tuned
rotated_wake,rotated wake,7,0.55,0.28,35.0,1893.0514435330042,anisotropic_tuned
rotated_wake,rotated wake,7,0.55,0.28,55.0,1893.476741240052,anisotropic_tuned
rotated_wake,rotated wake,7,0.55,0.42,-55.0,1795.8796066808277,anisotropic_tuned
rotated_wake,rotated wake,7,0.55,0.42,-35.0,1793.4973035172848,anisotropic_tuned
rotated_wake,rotated wake,7,0.55,0.42,-15.0,1781.145937800141,anisotropic_tuned
rotated_wake,rotated wake,7,0.55,0.42,0.0,1775.4564067407327,anisotropic_tuned
rotated_wake,rotated wake,7,0.55,0.42,15.0,1778.558301913773,anisotropic_tuned
rotated_wake,rotated wake,7,0.55,0.42,35.0,1788.0409369685503,anisotropic_tuned
rotated_wake,rotated wake,7,0.55,0.42,55.0,1788.6258788512487,anisotropic_tuned
rotated_wake,rotated wake,7,0.55,0.65,-55.0,1664.9448037298039,anisotropic_tuned
rotated_wake,rotated wake,7,0.55,0.65,-35.0,1666.8712919323411,anisotropic_tuned
rotated_wake,rotated wake,7,0.55,0.65,-15.0,1671.8961948320703,anisotropic_tuned
rotated_wake,rotated wake,7,0.55,0.65,0.0,1677.4341499197408,anisotropic_tuned
rotated_wake,rotated wake,7,0.55,0.65,15.0,1682.9287462300022,anisotropic_tuned
rotated_wake,rotated wake,7,0.55,0.65,35.0,1686.3904398742625,anisotropic_tuned
rotated_wake,rotated wake,7,0.55,0.65,55.0,1682.873484482021,anisotropic_tuned
rotated_wake,rotated wake,7,0.55,0.9,-55.0,1576.6827528333147,anisotropic_tuned
rotated_wake,rotated wake,7,0.55,0.9,-35.0,1586.663836231693,anisotropic_tuned
rotated_wake,rotated wake,7,0.55,0.9,-15.0,1622.57825800694,anisotropic_tuned
rotated_wake,rotated wake,7,0.55,0.9,0.0,1660.2005542503357,anisotropic_tuned
rotated_wake,rotated wake,7,0.55,0.9,15.0,1691.4824551486336,anisotropic_tuned
rotated_wake,rotated wake,7,0.55,0.9,35.0,1703.132237010363,anisotropic_tuned
rotated_wake,rotated wake,7,0.55,0.9,55.0,1685.8513390401758,anisotropic_tuned
rotated_wake,rotated wake,7,0.75,0.18,-55.0,1912.351406314514,anisotropic_tuned
rotated_wake,rotated wake,7,0.75,0.18,-35.0,1911.587339594873,anisotropic_tuned
rotated_wake,rotated wake,7,0.75,0.18,-15.0,1854.4799032120582,anisotropic_tuned
rotated_wake,rotated wake,7,0.75,0.18,0.0,1722.3348523476839,anisotropic_tuned
rotated_wake,rotated wake,7,0.75,0.18,15.0,1854.0299588341572,anisotropic_tuned
rotated_wake,rotated wake,7,0.75,0.18,35.0,1905.2629535031879,anisotropic_tuned
rotated_wake,rotated wake,7,0.75,0.18,55.0,1905.756377569855,anisotropic_tuned
rotated_wake,rotated wake,7,0.75,0.28,-55.0,1837.0832451430492,anisotropic_tuned
rotated_wake,rotated wake,7,0.75,0.28,-35.0,1830.995810590557,anisotropic_tuned
rotated_wake,rotated wake,7,0.75,0.28,-15.0,1764.2687934181085,anisotropic_tuned
rotated_wake,rotated wake,7,0.75,0.28,0.0,1714.1652223190335,anisotropic_tuned
rotated_wake,rotated wake,7,0.75,0.28,15.0,1760.6961962794926,anisotropic_tuned
rotated_wake,rotated wake,7,0.75,0.28,35.0,1817.4034353113552,anisotropic_tuned
rotated_wake,rotated wake,7,0.75,0.28,55.0,1818.6830587109016,anisotropic_tuned
rotated_wake,rotated wake,7,0.75,0.42,-55.0,1763.19832560239,anisotropic_tuned
rotated_wake,rotated wake,7,0.75,0.42,-35.0,1740.9078795628243,anisotropic_tuned
rotated_wake,rotated wake,7,0.75,0.42,-15.0,1697.8549725537164,anisotropic_tuned
rotated_wake,rotated wake,7,0.75,0.42,0.0,1678.5330265469215,anisotropic_tuned
rotated_wake,rotated wake,7,0.75,0.42,15.0,1681.285909218297,anisotropic_tuned
rotated_wake,rotated wake,7,0.75,0.42,35.0,1698.562339092,anisotropic_tuned
rotated_wake,rotated wake,7,0.75,0.42,55.0,1700.1203327153785,anisotropic_tuned
rotated_wake,rotated wake,7,0.75,0.65,-55.0,1639.319688716786,anisotropic_tuned
rotated_wake,rotated wake,7,0.75,0.65,-35.0,1633.4372726245606,anisotropic_tuned
rotated_wake,rotated wake,7,0.75,0.65,-15.0,1620.6721907053602,anisotropic_tuned
rotated_wake,rotated wake,7,0.75,0.65,0.0,1610.778493695308,anisotropic_tuned
rotated_wake,rotated wake,7,0.75,0.65,15.0,1603.5534711215391,anisotropic_tuned
rotated_wake,rotated wake,7,0.75,0.65,35.0,1600.1589679482659,anisotropic_tuned
rotated_wake,rotated wake,7,0.75,0.65,55.0,1604.5397267050162,anisotropic_tuned
rotated_wake,rotated wake,7,0.75,0.9,-55.0,1560.8772890718524,anisotropic_tuned
rotated_wake,rotated wake,7,0.75,0.9,-35.0,1570.8961814531017,anisotropic_tuned
rotated_wake,rotated wake,7,0.75,0.9,-15.0,1592.9338279221142,anisotropic_tuned
rotated_wake,rotated wake,7,0.75,0.9,0.0,1610.3997576485963,anisotropic_tuned
rotated_wake,rotated wake,7,0.75,0.9,15.0,1623.475306923825,anisotropic_tuned
rotated_wake,rotated wake,7,0.75,0.9,35.0,1629.2458199974662,anisotropic_tuned
rotated_wake,rotated wake,7,0.75,0.9,55.0,1620.4974377013386,anisotropic_tuned
rotated_wake,rotated wake,7,1.0,0.18,-55.0,1872.48391867279,anisotropic_tuned
rotated_wake,rotated wake,7,1.0,0.18,-35.0,1871.4784168575993,anisotropic_tuned
rotated_wake,rotated wake,7,1.0,0.18,-15.0,1803.6884903806058,anisotropic_tuned
rotated_wake,rotated wake,7,1.0,0.18,0.0,1649.8439199615864,anisotropic_tuned
rotated_wake,rotated wake,7,1.0,0.18,15.0,1803.2677548192678,anisotropic_tuned
rotated_wake,rotated wake,7,1.0,0.18,35.0,1846.2863444357863,anisotropic_tuned
rotated_wake,rotated wake,7,1.0,0.18,55.0,1846.9862729210295,anisotropic_tuned
rotated_wake,rotated wake,7,1.0,0.28,-55.0,1813.7278058276206,anisotropic_tuned
rotated_wake,rotated wake,7,1.0,0.28,-35.0,1798.347912374149,anisotropic_tuned
rotated_wake,rotated wake,7,1.0,0.28,-15.0,1696.6216409284589,anisotropic_tuned
rotated_wake,rotated wake,7,1.0,0.28,0.0,1644.8733954227637,anisotropic_tuned
rotated_wake,rotated wake,7,1.0,0.28,15.0,1691.3728073252946,anisotropic_tuned
rotated_wake,rotated wake,7,1.0,0.28,35.0,1735.9564969198796,anisotropic_tuned
rotated_wake,rotated wake,7,1.0,0.28,55.0,1740.3746406144546,anisotropic_tuned
rotated_wake,rotated wake,7,1.0,0.42,-55.0,1780.6551431800967,anisotropic_tuned
rotated_wake,rotated wake,7,1.0,0.42,-35.0,1752.0545722879087,anisotropic_tuned
rotated_wake,rotated wake,7,1.0,0.42,-15.0,1666.4637299425744,anisotropic_tuned
rotated_wake,rotated wake,7,1.0,0.42,0.0,1620.944128165319,anisotropic_tuned
rotated_wake,rotated wake,7,1.0,0.42,15.0,1610.0044873994984,anisotropic_tuned
rotated_wake,rotated wake,7,1.0,0.42,35.0,1619.012064546252,anisotropic_tuned
rotated_wake,rotated wake,7,1.0,0.42,55.0,1625.6142934464287,anisotropic_tuned
rotated_wake,rotated wake,7,1.0,0.65,-55.0,1681.9054979347734,anisotropic_tuned
rotated_wake,rotated wake,7,1.0,0.65,-35.0,1662.82462042219,anisotropic_tuned
rotated_wake,rotated wake,7,1.0,0.65,-15.0,1620.9172384095195,anisotropic_tuned
rotated_wake,rotated wake,7,1.0,0.65,0.0,1578.9845460759043,anisotropic_tuned
rotated_wake,rotated wake,7,1.0,0.65,15.0,1547.0587185665654,anisotropic_tuned
rotated_wake,rotated wake,7,1.0,0.65,35.0,1534.6378059468593,anisotropic_tuned
rotated_wake,rotated wake,7,1.0,0.65,55.0,1553.1430171885258,anisotropic_tuned
rotated_wake,rotated wake,7,1.0,0.9,-55.0,1613.7918526607268,anisotropic_tuned
rotated_wake,rotated wake,7,1.0,0.9,-35.0,1608.2304185609123,anisotropic_tuned
rotated_wake,rotated wake,7,1.0,0.9,-15.0,1595.7500584040486,anisotropic_tuned
rotated_wake,rotated wake,7,1.0,0.9,0.0,1585.1467079443055,anisotropic_tuned
rotated_wake,rotated wake,7,1.0,0.9,15.0,1576.6515848787803,anisotropic_tuned
rotated_wake,rotated wake,7,1.0,0.9,35.0,1572.7551322922286,anisotropic_tuned
rotated_wake,rotated wake,7,1.0,0.9,55.0,1578.8922001816327,anisotropic_tuned
rotated_wake,rotated wake,7,1.35,0.18,-55.0,1840.180479169308,anisotropic_tuned
rotated_wake,rotated wake,7,1.35,0.18,-35.0,1849.5125573220248,anisotropic_tuned
rotated_wake,rotated wake,7,1.35,0.18,-15.0,1758.583453815174,anisotropic_tuned
rotated_wake,rotated wake,7,1.35,0.18,0.0,1634.466268914874,anisotropic_tuned
rotated_wake,rotated wake,7,1.35,0.18,15.0,1756.8910192522194,anisotropic_tuned
rotated_wake,rotated wake,7,1.35,0.18,35.0,1781.7979255323771,anisotropic_tuned
rotated_wake,rotated wake,7,1.35,0.18,55.0,1781.8934533523807,anisotropic_tuned
rotated_wake,rotated wake,7,1.35,0.28,-55.0,1851.1661800961429,anisotropic_tuned
rotated_wake,rotated wake,7,1.35,0.28,-35.0,1834.473542501154,anisotropic_tuned
rotated_wake,rotated wake,7,1.35,0.28,-15.0,1651.0231738607076,anisotropic_tuned
rotated_wake,rotated wake,7,1.35,0.28,0.0,1630.9173037934333,anisotropic_tuned
rotated_wake,rotated wake,7,1.35,0.28,15.0,1641.1249415158468,anisotropic_tuned
rotated_wake,rotated wake,7,1.35,0.28,35.0,1659.7459252436402,anisotropic_tuned
rotated_wake,rotated wake,7,1.35,0.28,55.0,1668.7975380234266,anisotropic_tuned
rotated_wake,rotated wake,7,1.35,0.42,-55.0,1846.6060916477486,anisotropic_tuned
rotated_wake,rotated wake,7,1.35,0.42,-35.0,1812.4165386206573,anisotropic_tuned
rotated_wake,rotated wake,7,1.35,0.42,-15.0,1690.2013498444066,anisotropic_tuned
rotated_wake,rotated wake,7,1.35,0.42,0.0,1614.338972221556,anisotropic_tuned
rotated_wake,rotated wake,7,1.35,0.42,15.0,1561.8497971408592,anisotropic_tuned
rotated_wake,rotated wake,7,1.35,0.42,35.0,1554.6398165847472,anisotropic_tuned
rotated_wake,rotated wake,7,1.35,0.42,55.0,1574.8344782779877,anisotropic_tuned
rotated_wake,rotated wake,7,1.35,0.65,-55.0,1773.7848316910768,anisotropic_tuned
rotated_wake,rotated wake,7,1.35,0.65,-35.0,1742.335629108762,anisotropic_tuned
rotated_wake,rotated wake,7,1.35,0.65,-15.0,1662.712897624303,anisotropic_tuned
rotated_wake,rotated wake,7,1.35,0.65,0.0,1584.9425343600683,anisotropic_tuned
rotated_wake,rotated wake,7,1.35,0.65,15.0,1514.2367304293457,anisotropic_tuned
rotated_wake,rotated wake,7,1.35,0.65,35.0,1485.2154568009096,anisotropic_tuned
rotated_wake,rotated wake,7,1.35,0.65,55.0,1529.0541522295293,anisotropic_tuned
rotated_wake,rotated wake,7,1.35,0.9,-55.0,1717.8668688035664,anisotropic_tuned
rotated_wake,rotated wake,7,1.35,0.9,-35.0,1695.4548742474321,anisotropic_tuned
rotated_wake,rotated wake,7,1.35,0.9,-15.0,1639.8893528852054,anisotropic_tuned
rotated_wake,rotated wake,7,1.35,0.9,0.0,1589.963200399602,anisotropic_tuned
rotated_wake,rotated wake,7,1.35,0.9,15.0,1549.2781594748112,anisotropic_tuned
rotated_wake,rotated wake,7,1.35,0.9,35.0,1528.0570588262422,anisotropic_tuned
rotated_wake,rotated wake,7,1.35,0.9,55.0,1557.567704950583,anisotropic_tuned
rotated_wake,rotated wake,7,1.75,0.18,-55.0,1838.8602418796245,anisotropic_tuned
rotated_wake,rotated wake,7,1.75,0.18,-35.0,1846.6244421750084,anisotropic_tuned
rotated_wake,rotated wake,7,1.75,0.18,-15.0,1728.730404649902,anisotropic_tuned
rotated_wake,rotated wake,7,1.75,0.18,0.0,1666.6069534796043,anisotropic_tuned
rotated_wake,rotated wake,7,1.75,0.18,15.0,1719.567169458473,anisotropic_tuned
rotated_wake,rotated wake,7,1.75,0.18,35.0,1728.3323103992598,anisotropic_tuned
rotated_wake,rotated wake,7,1.75,0.18,55.0,1729.2789782635468,anisotropic_tuned
rotated_wake,rotated wake,7,1.75,0.28,-55.0,1913.0117506523275,anisotropic_tuned
rotated_wake,rotated wake,7,1.75,0.28,-35.0,1892.5735400123258,anisotropic_tuned
rotated_wake,rotated wake,7,1.75,0.28,-15.0,1644.697190534151,anisotropic_tuned
rotated_wake,rotated wake,7,1.75,0.28,0.0,1661.0521223364267,anisotropic_tuned
rotated_wake,rotated wake,7,1.75,0.28,15.0,1617.853060050707,anisotropic_tuned
rotated_wake,rotated wake,7,1.75,0.28,35.0,1604.6505425463379,anisotropic_tuned
rotated_wake,rotated wake,7,1.75,0.28,55.0,1626.532071466423,anisotropic_tuned
rotated_wake,rotated wake,7,1.75,0.42,-55.0,1926.095509928853,anisotropic_tuned
rotated_wake,rotated wake,7,1.75,0.42,-35.0,1891.943770181933,anisotropic_tuned
rotated_wake,rotated wake,7,1.75,0.42,-15.0,1756.9546721677243,anisotropic_tuned
rotated_wake,rotated wake,7,1.75,0.42,0.0,1644.581661230523,anisotropic_tuned
rotated_wake,rotated wake,7,1.75,0.42,15.0,1542.9796871843687,anisotropic_tuned
rotated_wake,rotated wake,7,1.75,0.42,35.0,1512.4884705566378,anisotropic_tuned
rotated_wake,rotated wake,7,1.75,0.42,55.0,1561.4320407687978,anisotropic_tuned
rotated_wake,rotated wake,7,1.75,0.65,-55.0,1868.89319641683,anisotropic_tuned
rotated_wake,rotated wake,7,1.75,0.65,-35.0,1835.0718777966194,anisotropic_tuned
rotated_wake,rotated wake,7,1.75,0.65,-15.0,1733.721458086202,anisotropic_tuned
rotated_wake,rotated wake,7,1.75,0.65,0.0,1617.2330723963173,anisotropic_tuned
rotated_wake,rotated wake,7,1.75,0.65,15.0,1507.8212199986433,anisotropic_tuned
rotated_wake,rotated wake,7,1.75,0.65,35.0,1453.8146833806122,anisotropic_tuned
rotated_wake,rotated wake,7,1.75,0.65,55.0,1531.4508453905796,anisotropic_tuned
rotated_wake,rotated wake,7,1.75,0.9,-55.0,1823.648715553999,anisotropic_tuned
rotated_wake,rotated wake,7,1.75,0.9,-35.0,1795.6517011300953,anisotropic_tuned
rotated_wake,rotated wake,7,1.75,0.9,-15.0,1712.531236466844,anisotropic_tuned
rotated_wake,rotated wake,7,1.75,0.9,0.0,1621.8716129662307,anisotropic_tuned
rotated_wake,rotated wake,7,1.75,0.9,15.0,1541.3503682399619,anisotropic_tuned
rotated_wake,rotated wake,7,1.75,0.9,35.0,1499.009387575627,anisotropic_tuned
rotated_wake,rotated wake,7,1.75,0.9,55.0,1560.5627029287944,anisotropic_tuned
rotated_wake,rotated wake,8,0.55,0.18,-55.0,1939.9834945228429,anisotropic_tuned
rotated_wake,rotated wake,8,0.55,0.18,-35.0,1939.6248769734225,anisotropic_tuned
rotated_wake,rotated wake,8,0.55,0.18,-15.0,1897.6778853526444,anisotropic_tuned
rotated_wake,rotated wake,8,0.55,0.18,0.0,1826.0303146237509,anisotropic_tuned
rotated_wake,rotated wake,8,0.55,0.18,15.0,1897.455409242544,anisotropic_tuned
rotated_wake,rotated wake,8,0.55,0.18,35.0,1938.1331563853337,anisotropic_tuned
rotated_wake,rotated wake,8,0.55,0.18,55.0,1938.3691890083144,anisotropic_tuned
rotated_wake,rotated wake,8,0.55,0.28,-55.0,1882.6029564488995,anisotropic_tuned
rotated_wake,rotated wake,8,0.55,0.28,-35.0,1881.6253450145807,anisotropic_tuned
rotated_wake,rotated wake,8,0.55,0.28,-15.0,1841.335722553706,anisotropic_tuned
rotated_wake,rotated wake,8,0.55,0.28,0.0,1815.6484972429103,anisotropic_tuned
rotated_wake,rotated wake,8,0.55,0.28,15.0,1840.8911160194582,anisotropic_tuned
rotated_wake,rotated wake,8,0.55,0.28,35.0,1879.9143203727815,anisotropic_tuned
rotated_wake,rotated wake,8,0.55,0.28,55.0,1880.4425961577213,anisotropic_tuned
rotated_wake,rotated wake,8,0.55,0.42,-55.0,1779.9707720756771,anisotropic_tuned
rotated_wake,rotated wake,8,0.55,0.42,-35.0,1779.2412268010698,anisotropic_tuned
rotated_wake,rotated wake,8,0.55,0.42,-15.0,1770.8793019747984,anisotropic_tuned
rotated_wake,rotated wake,8,0.55,0.42,0.0,1767.3778096825504,anisotropic_tuned
rotated_wake,rotated wake,8,0.55,0.42,15.0,1770.0383539717895,anisotropic_tuned
rotated_wake,rotated wake,8,0.55,0.42,35.0,1777.895370218882,anisotropic_tuned
rotated_wake,rotated wake,8,0.55,0.42,55.0,1778.6970171390835,anisotropic_tuned
rotated_wake,rotated wake,8,0.55,0.65,-55.0,1657.8102292834774,anisotropic_tuned
rotated_wake,rotated wake,8,0.55,0.65,-35.0,1659.2261362473998,anisotropic_tuned
rotated_wake,rotated wake,8,0.55,0.65,-15.0,1660.502706808176,anisotropic_tuned
rotated_wake,rotated wake,8,0.55,0.65,0.0,1661.5970816678985,anisotropic_tuned
rotated_wake,rotated wake,8,0.55,0.65,15.0,1662.6976960246245,anisotropic_tuned
rotated_wake,rotated wake,8,0.55,0.65,35.0,1662.746307648092,anisotropic_tuned
rotated_wake,rotated wake,8,0.55,0.65,55.0,1660.4071474013099,anisotropic_tuned
rotated_wake,rotated wake,8,0.55,0.9,-55.0,1579.8909622066062,anisotropic_tuned
rotated_wake,rotated wake,8,0.55,0.9,-35.0,1583.6916157670823,anisotropic_tuned
rotated_wake,rotated wake,8,0.55,0.9,-15.0,1589.8169512565623,anisotropic_tuned
rotated_wake,rotated wake,8,0.55,0.9,0.0,1598.998666987458,anisotropic_tuned
rotated_wake,rotated wake,8,0.55,0.9,15.0,1611.9120679092741,anisotropic_tuned
rotated_wake,rotated wake,8,0.55,0.9,35.0,1621.2074805930024,anisotropic_tuned
rotated_wake,rotated wake,8,0.55,0.9,55.0,1612.8131081138201,anisotropic_tuned
rotated_wake,rotated wake,8,0.75,0.18,-55.0,1898.0180656962834,anisotropic_tuned
rotated_wake,rotated wake,8,0.75,0.18,-35.0,1897.3362327886418,anisotropic_tuned
rotated_wake,rotated wake,8,0.75,0.18,-15.0,1842.2021103040677,anisotropic_tuned
rotated_wake,rotated wake,8,0.75,0.18,0.0,1717.56303515089,anisotropic_tuned
rotated_wake,rotated wake,8,0.75,0.18,15.0,1841.6618884879044,anisotropic_tuned
rotated_wake,rotated wake,8,0.75,0.18,35.0,1892.4425871437809,anisotropic_tuned
rotated_wake,rotated wake,8,0.75,0.18,55.0,1892.8897992606442,anisotropic_tuned
rotated_wake,rotated wake,8,0.75,0.28,-55.0,1819.726987040703,anisotropic_tuned
rotated_wake,rotated wake,8,0.75,0.28,-35.0,1813.3171347970379,anisotropic_tuned
rotated_wake,rotated wake,8,0.75,0.28,-15.0,1754.0390878250219,anisotropic_tuned
rotated_wake,rotated wake,8,0.75,0.28,0.0,1708.9318747429504,anisotropic_tuned
rotated_wake,rotated wake,8,0.75,0.28,15.0,1752.760748335559,anisotropic_tuned
rotated_wake,rotated wake,8,0.75,0.28,35.0,1806.873205174647,anisotropic_tuned
rotated_wake,rotated wake,8,0.75,0.28,55.0,1807.7343822340845,anisotropic_tuned
rotated_wake,rotated wake,8,0.75,0.42,-55.0,1711.2894147662828,anisotropic_tuned
rotated_wake,rotated wake,8,0.75,0.42,-35.0,1702.5154421263785,anisotropic_tuned
rotated_wake,rotated wake,8,0.75,0.42,-15.0,1681.3286378725763,anisotropic_tuned
rotated_wake,rotated wake,8,0.75,0.42,0.0,1670.3648564432992,anisotropic_tuned
rotated_wake,rotated wake,8,0.75,0.42,15.0,1678.398955251703,anisotropic_tuned
rotated_wake,rotated wake,8,0.75,0.42,35.0,1692.4830781544754,anisotropic_tuned
rotated_wake,rotated wake,8,0.75,0.42,55.0,1695.2623148618443,anisotropic_tuned
rotated_wake,rotated wake,8,0.75,0.65,-55.0,1595.5589277506476,anisotropic_tuned
rotated_wake,rotated wake,8,0.75,0.65,-35.0,1594.0772991511774,anisotropic_tuned
rotated_wake,rotated wake,8,0.75,0.65,-15.0,1590.7868391467052,anisotropic_tuned
rotated_wake,rotated wake,8,0.75,0.65,0.0,1588.4278597464795,anisotropic_tuned
rotated_wake,rotated wake,8,0.75,0.65,15.0,1586.7522644414048,anisotropic_tuned
rotated_wake,rotated wake,8,0.75,0.65,35.0,1586.0047564939985,anisotropic_tuned
rotated_wake,rotated wake,8,0.75,0.65,55.0,1586.9229664903767,anisotropic_tuned
rotated_wake,rotated wake,8,0.75,0.9,-55.0,1529.57636161687,anisotropic_tuned
rotated_wake,rotated wake,8,0.75,0.9,-35.0,1531.737818327111,anisotropic_tuned
rotated_wake,rotated wake,8,0.75,0.9,-15.0,1538.6713289882541,anisotropic_tuned
rotated_wake,rotated wake,8,0.75,0.9,0.0,1545.464774977602,anisotropic_tuned
rotated_wake,rotated wake,8,0.75,0.9,15.0,1551.661129351114,anisotropic_tuned
rotated_wake,rotated wake,8,0.75,0.9,35.0,1556.2441145002376,anisotropic_tuned
rotated_wake,rotated wake,8,0.75,0.9,55.0,1554.0279629163424,anisotropic_tuned
rotated_wake,rotated wake,8,1.0,0.18,-55.0,1852.5988675771835,anisotropic_tuned
rotated_wake,rotated wake,8,1.0,0.18,-35.0,1853.8272467446764,anisotropic_tuned
rotated_wake,rotated wake,8,1.0,0.18,-15.0,1793.6900163975479,anisotropic_tuned
rotated_wake,rotated wake,8,1.0,0.18,0.0,1642.9747059262797,anisotropic_tuned
rotated_wake,rotated wake,8,1.0,0.18,15.0,1792.7687796323632,anisotropic_tuned
rotated_wake,rotated wake,8,1.0,0.18,35.0,1834.864212663534,anisotropic_tuned
rotated_wake,rotated wake,8,1.0,0.18,55.0,1835.8934995624463,anisotropic_tuned
rotated_wake,rotated wake,8,1.0,0.28,-55.0,1782.164642186948,anisotropic_tuned
rotated_wake,rotated wake,8,1.0,0.28,-35.0,1765.4839899492883,anisotropic_tuned
rotated_wake,rotated wake,8,1.0,0.28,-15.0,1693.6203056803968,anisotropic_tuned
rotated_wake,rotated wake,8,1.0,0.28,0.0,1636.0163636135571,anisotropic_tuned
rotated_wake,rotated wake,8,1.0,0.28,15.0,1689.10832114095,anisotropic_tuned
rotated_wake,rotated wake,8,1.0,0.28,35.0,1729.6530908252898,anisotropic_tuned
rotated_wake,rotated wake,8,1.0,0.28,55.0,1731.8643815563207,anisotropic_tuned
rotated_wake,rotated wake,8,1.0,0.42,-55.0,1687.5256725752392,anisotropic_tuned
rotated_wake,rotated wake,8,1.0,0.42,-35.0,1673.014533828039,anisotropic_tuned
rotated_wake,rotated wake,8,1.0,0.42,-15.0,1629.1801417416816,anisotropic_tuned
rotated_wake,rotated wake,8,1.0,0.42,0.0,1605.8575496589253,anisotropic_tuned
rotated_wake,rotated wake,8,1.0,0.42,15.0,1611.9584878868097,anisotropic_tuned
rotated_wake,rotated wake,8,1.0,0.42,35.0,1619.162915963666,anisotropic_tuned
rotated_wake,rotated wake,8,1.0,0.42,55.0,1626.859548396643,anisotropic_tuned
rotated_wake,rotated wake,8,1.0,0.65,-55.0,1588.5634897774526,anisotropic_tuned
rotated_wake,rotated wake,8,1.0,0.65,-35.0,1583.3260742902046,anisotropic_tuned
rotated_wake,rotated wake,8,1.0,0.65,-15.0,1561.4164616658145,anisotropic_tuned
rotated_wake,rotated wake,8,1.0,0.65,0.0,1543.8660906793489,anisotropic_tuned
rotated_wake,rotated wake,8,1.0,0.65,15.0,1533.4056704497862,anisotropic_tuned
rotated_wake,rotated wake,8,1.0,0.65,35.0,1529.4508507547725,anisotropic_tuned
rotated_wake,rotated wake,8,1.0,0.65,55.0,1533.0484846455822,anisotropic_tuned
rotated_wake,rotated wake,8,1.0,0.9,-55.0,1534.2429204990524,anisotropic_tuned
rotated_wake,rotated wake,8,1.0,0.9,-35.0,1532.1372301622348,anisotropic_tuned
rotated_wake,rotated wake,8,1.0,0.9,-15.0,1525.2624912195095,anisotropic_tuned
rotated_wake,rotated wake,8,1.0,0.9,0.0,1518.9879826895733,anisotropic_tuned
rotated_wake,rotated wake,8,1.0,0.9,15.0,1513.6707366507703,anisotropic_tuned
rotated_wake,rotated wake,8,1.0,0.9,35.0,1510.4381645336093,anisotropic_tuned
rotated_wake,rotated wake,8,1.0,0.9,55.0,1512.6876675971678,anisotropic_tuned
rotated_wake,rotated wake,8,1.35,0.18,-55.0,1811.3259422061813,anisotropic_tuned
rotated_wake,rotated wake,8,1.35,0.18,-35.0,1821.5090576282018,anisotropic_tuned
rotated_wake,rotated wake,8,1.35,0.18,-15.0,1747.6852717885267,anisotropic_tuned
rotated_wake,rotated wake,8,1.35,0.18,0.0,1595.7743633908544,anisotropic_tuned
rotated_wake,rotated wake,8,1.35,0.18,15.0,1745.895660671048,anisotropic_tuned
rotated_wake,rotated wake,8,1.35,0.18,35.0,1772.5334530045905,anisotropic_tuned
rotated_wake,rotated wake,8,1.35,0.18,55.0,1774.0088184448443,anisotropic_tuned
rotated_wake,rotated wake,8,1.35,0.28,-55.0,1795.031511591921,anisotropic_tuned
rotated_wake,rotated wake,8,1.35,0.28,-35.0,1774.415569531378,anisotropic_tuned
rotated_wake,rotated wake,8,1.35,0.28,-15.0,1643.813114617618,anisotropic_tuned
rotated_wake,rotated wake,8,1.35,0.28,0.0,1590.8297396014757,anisotropic_tuned
rotated_wake,rotated wake,8,1.35,0.28,15.0,1637.3629405066413,anisotropic_tuned
rotated_wake,rotated wake,8,1.35,0.28,35.0,1659.988352450636,anisotropic_tuned
rotated_wake,rotated wake,8,1.35,0.28,55.0,1667.6818810748784,anisotropic_tuned
rotated_wake,rotated wake,8,1.35,0.42,-55.0,1724.3067446525101,anisotropic_tuned
rotated_wake,rotated wake,8,1.35,0.42,-35.0,1698.8805997037277,anisotropic_tuned
rotated_wake,rotated wake,8,1.35,0.42,-15.0,1613.105538401389,anisotropic_tuned
rotated_wake,rotated wake,8,1.35,0.42,0.0,1571.0620315819538,anisotropic_tuned
rotated_wake,rotated wake,8,1.35,0.42,15.0,1561.3969423965393,anisotropic_tuned
rotated_wake,rotated wake,8,1.35,0.42,35.0,1559.3547827556165,anisotropic_tuned
rotated_wake,rotated wake,8,1.35,0.42,55.0,1577.3094133825352,anisotropic_tuned
rotated_wake,rotated wake,8,1.35,0.65,-55.0,1639.811900381895,anisotropic_tuned
rotated_wake,rotated wake,8,1.35,0.65,-35.0,1623.5713645701853,anisotropic_tuned
rotated_wake,rotated wake,8,1.35,0.65,-15.0,1575.1506023221725,anisotropic_tuned
rotated_wake,rotated wake,8,1.35,0.65,0.0,1528.5745992092557,anisotropic_tuned
rotated_wake,rotated wake,8,1.35,0.65,15.0,1494.4250289366394,anisotropic_tuned
rotated_wake,rotated wake,8,1.35,0.65,35.0,1484.7964973149194,anisotropic_tuned
rotated_wake,rotated wake,8,1.35,0.65,55.0,1501.8427913806663,anisotropic_tuned
rotated_wake,rotated wake,8,1.35,0.9,-55.0,1593.360166566901,anisotropic_tuned
rotated_wake,rotated wake,8,1.35,0.9,-35.0,1581.9986963877332,anisotropic_tuned
rotated_wake,rotated wake,8,1.35,0.9,-15.0,1549.6502238052226,anisotropic_tuned
rotated_wake,rotated wake,8,1.35,0.9,0.0,1516.1130187075978,anisotropic_tuned
rotated_wake,rotated wake,8,1.35,0.9,15.0,1488.1842331074126,anisotropic_tuned
rotated_wake,rotated wake,8,1.35,0.9,35.0,1475.4864113707395,anisotropic_tuned
rotated_wake,rotated wake,8,1.35,0.9,55.0,1492.3289810964502,anisotropic_tuned
rotated_wake,rotated wake,8,1.75,0.18,-55.0,1791.9153996782513,anisotropic_tuned
rotated_wake,rotated wake,8,1.75,0.18,-35.0,1801.4649502984557,anisotropic_tuned
rotated_wake,rotated wake,8,1.75,0.18,-15.0,1712.2761692844892,anisotropic_tuned
rotated_wake,rotated wake,8,1.75,0.18,0.0,1594.2991038654816,anisotropic_tuned
rotated_wake,rotated wake,8,1.75,0.18,15.0,1706.4940575459707,anisotropic_tuned
rotated_wake,rotated wake,8,1.75,0.18,35.0,1723.8018086697646,anisotropic_tuned
rotated_wake,rotated wake,8,1.75,0.18,55.0,1725.1112512141383,anisotropic_tuned
rotated_wake,rotated wake,8,1.75,0.28,-55.0,1831.6420920497,anisotropic_tuned
rotated_wake,rotated wake,8,1.75,0.28,-35.0,1810.2187862724234,anisotropic_tuned
rotated_wake,rotated wake,8,1.75,0.28,-15.0,1620.883184056506,anisotropic_tuned
rotated_wake,rotated wake,8,1.75,0.28,0.0,1590.0382181381979,anisotropic_tuned
rotated_wake,rotated wake,8,1.75,0.28,15.0,1604.296544490078,anisotropic_tuned
rotated_wake,rotated wake,8,1.75,0.28,35.0,1612.6673196447678,anisotropic_tuned
rotated_wake,rotated wake,8,1.75,0.28,55.0,1627.5563909600999,anisotropic_tuned
rotated_wake,rotated wake,8,1.75,0.42,-55.0,1777.4629454869935,anisotropic_tuned
rotated_wake,rotated wake,8,1.75,0.42,-35.0,1749.668981980719,anisotropic_tuned
rotated_wake,rotated wake,8,1.75,0.42,-15.0,1633.4079017705717,anisotropic_tuned
rotated_wake,rotated wake,8,1.75,0.42,0.0,1573.642153200497,anisotropic_tuned
rotated_wake,rotated wake,8,1.75,0.42,15.0,1530.0038668268774,anisotropic_tuned
rotated_wake,rotated wake,8,1.75,0.42,35.0,1522.276619568822,anisotropic_tuned
rotated_wake,rotated wake,8,1.75,0.42,55.0,1551.7065585803457,anisotropic_tuned
rotated_wake,rotated wake,8,1.75,0.65,-55.0,1703.5818633735153,anisotropic_tuned
rotated_wake,rotated wake,8,1.75,0.65,-35.0,1681.5319746274827,anisotropic_tuned
rotated_wake,rotated wake,8,1.75,0.65,-15.0,1616.7304007416262,anisotropic_tuned
rotated_wake,rotated wake,8,1.75,0.65,0.0,1539.84076249513,anisotropic_tuned
rotated_wake,rotated wake,8,1.75,0.65,15.0,1475.1998747450589,anisotropic_tuned
rotated_wake,rotated wake,8,1.75,0.65,35.0,1461.5100384017435,anisotropic_tuned
rotated_wake,rotated wake,8,1.75,0.65,55.0,1494.165476918125,anisotropic_tuned
rotated_wake,rotated wake,8,1.75,0.9,-55.0,1663.412834467693,anisotropic_tuned
rotated_wake,rotated wake,8,1.75,0.9,-35.0,1646.0847423343907,anisotropic_tuned
rotated_wake,rotated wake,8,1.75,0.9,-15.0,1593.3084078538402,anisotropic_tuned
rotated_wake,rotated wake,8,1.75,0.9,0.0,1535.181361036138,anisotropic_tuned
rotated_wake,rotated wake,8,1.75,0.9,15.0,1479.2993541441144,anisotropic_tuned
rotated_wake,rotated wake,8,1.75,0.9,35.0,1456.919453580714,anisotropic_tuned
rotated_wake,rotated wake,8,1.75,0.9,55.0,1491.2000275820037,anisotropic_tuned
rotated_wake,rotated wake,9,0.55,0.18,-55.0,1947.0133468721804,anisotropic_tuned
rotated_wake,rotated wake,9,0.55,0.18,-35.0,1946.8801453359963,anisotropic_tuned
rotated_wake,rotated wake,9,0.55,0.18,-15.0,1905.0689247300315,anisotropic_tuned
rotated_wake,rotated wake,9,0.55,0.18,0.0,1834.1323400824551,anisotropic_tuned
rotated_wake,rotated wake,9,0.55,0.18,15.0,1904.8187260119778,anisotropic_tuned
rotated_wake,rotated wake,9,0.55,0.18,35.0,1945.2794391069137,anisotropic_tuned
rotated_wake,rotated wake,9,0.55,0.18,55.0,1945.3520037902706,anisotropic_tuned
rotated_wake,rotated wake,9,0.55,0.28,-55.0,1890.1794619625425,anisotropic_tuned
rotated_wake,rotated wake,9,0.55,0.28,-35.0,1889.3106968396426,anisotropic_tuned
rotated_wake,rotated wake,9,0.55,0.28,-15.0,1849.409911686272,anisotropic_tuned
rotated_wake,rotated wake,9,0.55,0.28,0.0,1822.7878708298488,anisotropic_tuned
rotated_wake,rotated wake,9,0.55,0.28,15.0,1848.4537528869605,anisotropic_tuned
rotated_wake,rotated wake,9,0.55,0.28,35.0,1886.9506123030776,anisotropic_tuned
rotated_wake,rotated wake,9,0.55,0.28,55.0,1886.943865461774,anisotropic_tuned
rotated_wake,rotated wake,9,0.55,0.42,-55.0,1790.6791621817545,anisotropic_tuned
rotated_wake,rotated wake,9,0.55,0.42,-35.0,1788.4668258140425,anisotropic_tuned
rotated_wake,rotated wake,9,0.55,0.42,-15.0,1777.8630263783155,anisotropic_tuned
rotated_wake,rotated wake,9,0.55,0.42,0.0,1773.1799219759762,anisotropic_tuned
rotated_wake,rotated wake,9,0.55,0.42,15.0,1775.6816653183216,anisotropic_tuned
rotated_wake,rotated wake,9,0.55,0.42,35.0,1783.6281829788416,anisotropic_tuned
rotated_wake,rotated wake,9,0.55,0.42,55.0,1783.901216211907,anisotropic_tuned
rotated_wake,rotated wake,9,0.55,0.65,-55.0,1665.8180582029572,anisotropic_tuned
rotated_wake,rotated wake,9,0.55,0.65,-35.0,1666.6839706504827,anisotropic_tuned
rotated_wake,rotated wake,9,0.55,0.65,-15.0,1671.4874032771404,anisotropic_tuned
rotated_wake,rotated wake,9,0.55,0.65,0.0,1677.1592929755604,anisotropic_tuned
rotated_wake,rotated wake,9,0.55,0.65,15.0,1682.8758885206003,anisotropic_tuned
rotated_wake,rotated wake,9,0.55,0.65,35.0,1687.0759507491282,anisotropic_tuned
rotated_wake,rotated wake,9,0.55,0.65,55.0,1684.785328586348,anisotropic_tuned
rotated_wake,rotated wake,9,0.55,0.9,-55.0,1592.972721666653,anisotropic_tuned
rotated_wake,rotated wake,9,0.55,0.9,-35.0,1596.195650485793,anisotropic_tuned
rotated_wake,rotated wake,9,0.55,0.9,-15.0,1619.4180574963027,anisotropic_tuned
rotated_wake,rotated wake,9,0.55,0.9,0.0,1640.8601772164689,anisotropic_tuned
rotated_wake,rotated wake,9,0.55,0.9,15.0,1657.1230226251903,anisotropic_tuned
rotated_wake,rotated wake,9,0.55,0.9,35.0,1672.7171313098731,anisotropic_tuned
rotated_wake,rotated wake,9,0.55,0.9,55.0,1670.7862297506565,anisotropic_tuned
rotated_wake,rotated wake,9,0.75,0.18,-55.0,1904.8529413367005,anisotropic_tuned
rotated_wake,rotated wake,9,0.75,0.18,-35.0,1904.3707226823872,anisotropic_tuned
rotated_wake,rotated wake,9,0.75,0.18,-15.0,1849.422694383465,anisotropic_tuned
rotated_wake,rotated wake,9,0.75,0.18,0.0,1734.8925372303854,anisotropic_tuned
rotated_wake,rotated wake,9,0.75,0.18,15.0,1848.9832326720214,anisotropic_tuned
rotated_wake,rotated wake,9,0.75,0.18,35.0,1899.2770740140331,anisotropic_tuned
rotated_wake,rotated wake,9,0.75,0.18,55.0,1899.5675107395307,anisotropic_tuned
rotated_wake,rotated wake,9,0.75,0.28,-55.0,1826.0465957341814,anisotropic_tuned
rotated_wake,rotated wake,9,0.75,0.28,-35.0,1824.0870064057185,anisotropic_tuned
rotated_wake,rotated wake,9,0.75,0.28,-15.0,1768.5222267694926,anisotropic_tuned
rotated_wake,rotated wake,9,0.75,0.28,0.0,1726.1199873380435,anisotropic_tuned
rotated_wake,rotated wake,9,0.75,0.28,15.0,1767.057516986244,anisotropic_tuned
rotated_wake,rotated wake,9,0.75,0.28,35.0,1816.2476356923562,anisotropic_tuned
rotated_wake,rotated wake,9,0.75,0.28,55.0,1813.641090591172,anisotropic_tuned
rotated_wake,rotated wake,9,0.75,0.42,-55.0,1743.8194803281754,anisotropic_tuned
rotated_wake,rotated wake,9,0.75,0.42,-35.0,1729.6644196151535,anisotropic_tuned
rotated_wake,rotated wake,9,0.75,0.42,-15.0,1702.6775379505775,anisotropic_tuned
rotated_wake,rotated wake,9,0.75,0.42,0.0,1689.1511095970172,anisotropic_tuned
rotated_wake,rotated wake,9,0.75,0.42,15.0,1691.4535682586884,anisotropic_tuned
rotated_wake,rotated wake,9,0.75,0.42,35.0,1700.63561405753,anisotropic_tuned
rotated_wake,rotated wake,9,0.75,0.42,55.0,1697.0667882407922,anisotropic_tuned
rotated_wake,rotated wake,9,0.75,0.65,-55.0,1640.7502934812153,anisotropic_tuned
rotated_wake,rotated wake,9,0.75,0.65,-35.0,1639.5685055842055,anisotropic_tuned
rotated_wake,rotated wake,9,0.75,0.65,-15.0,1631.8812281646037,anisotropic_tuned
rotated_wake,rotated wake,9,0.75,0.65,0.0,1624.2506024218073,anisotropic_tuned
rotated_wake,rotated wake,9,0.75,0.65,15.0,1617.5800702178467,anisotropic_tuned
rotated_wake,rotated wake,9,0.75,0.65,35.0,1612.8129013351802,anisotropic_tuned
rotated_wake,rotated wake,9,0.75,0.65,55.0,1614.02464263848,anisotropic_tuned
rotated_wake,rotated wake,9,0.75,0.9,-55.0,1576.1857201883136,anisotropic_tuned
rotated_wake,rotated wake,9,0.75,0.9,-35.0,1582.064256987813,anisotropic_tuned
rotated_wake,rotated wake,9,0.75,0.9,-15.0,1593.3545202014582,anisotropic_tuned
rotated_wake,rotated wake,9,0.75,0.9,0.0,1601.6412473204998,anisotropic_tuned
rotated_wake,rotated wake,9,0.75,0.9,15.0,1608.153053121887,anisotropic_tuned
rotated_wake,rotated wake,9,0.75,0.9,35.0,1611.8283410505683,anisotropic_tuned
rotated_wake,rotated wake,9,0.75,0.9,55.0,1607.8304526294344,anisotropic_tuned
rotated_wake,rotated wake,9,1.0,0.18,-55.0,1861.9327662624517,anisotropic_tuned
rotated_wake,rotated wake,9,1.0,0.18,-35.0,1860.4619804575825,anisotropic_tuned
rotated_wake,rotated wake,9,1.0,0.18,-15.0,1801.452005574712,anisotropic_tuned
rotated_wake,rotated wake,9,1.0,0.18,0.0,1661.9386660268144,anisotropic_tuned
rotated_wake,rotated wake,9,1.0,0.18,15.0,1800.3696303639613,anisotropic_tuned
rotated_wake,rotated wake,9,1.0,0.18,35.0,1841.137555803361,anisotropic_tuned
rotated_wake,rotated wake,9,1.0,0.18,55.0,1842.8247002663795,anisotropic_tuned
rotated_wake,rotated wake,9,1.0,0.28,-55.0,1788.4071101658778,anisotropic_tuned
rotated_wake,rotated wake,9,1.0,0.28,-35.0,1783.3327435831166,anisotropic_tuned
rotated_wake,rotated wake,9,1.0,0.28,-15.0,1710.164974638243,anisotropic_tuned
rotated_wake,rotated wake,9,1.0,0.28,0.0,1657.2931188418681,anisotropic_tuned
rotated_wake,rotated wake,9,1.0,0.28,15.0,1705.0253180403906,anisotropic_tuned
rotated_wake,rotated wake,9,1.0,0.28,35.0,1742.349136016652,anisotropic_tuned
rotated_wake,rotated wake,9,1.0,0.28,55.0,1737.2259740772463,anisotropic_tuned
rotated_wake,rotated wake,9,1.0,0.42,-55.0,1729.5659263831437,anisotropic_tuned
rotated_wake,rotated wake,9,1.0,0.42,-35.0,1717.767824497257,anisotropic_tuned
rotated_wake,rotated wake,9,1.0,0.42,-15.0,1658.1201498389196,anisotropic_tuned
rotated_wake,rotated wake,9,1.0,0.42,0.0,1632.312418666179,anisotropic_tuned
rotated_wake,rotated wake,9,1.0,0.42,15.0,1626.678351680786,anisotropic_tuned
rotated_wake,rotated wake,9,1.0,0.42,35.0,1632.7353212390274,anisotropic_tuned
rotated_wake,rotated wake,9,1.0,0.42,55.0,1628.5552735369781,anisotropic_tuned
rotated_wake,rotated wake,9,1.0,0.65,-55.0,1644.4997836421662,anisotropic_tuned
rotated_wake,rotated wake,9,1.0,0.65,-35.0,1636.5264076694068,anisotropic_tuned
rotated_wake,rotated wake,9,1.0,0.65,-15.0,1610.9149200112954,anisotropic_tuned
rotated_wake,rotated wake,9,1.0,0.65,0.0,1587.1620696681873,anisotropic_tuned
rotated_wake,rotated wake,9,1.0,0.65,15.0,1566.0526365222015,anisotropic_tuned
rotated_wake,rotated wake,9,1.0,0.65,35.0,1555.9043224517202,anisotropic_tuned
rotated_wake,rotated wake,9,1.0,0.65,55.0,1569.1675333915146,anisotropic_tuned
rotated_wake,rotated wake,9,1.0,0.9,-55.0,1586.3250521611662,anisotropic_tuned
rotated_wake,rotated wake,9,1.0,0.9,-35.0,1582.2006126796157,anisotropic_tuned
rotated_wake,rotated wake,9,1.0,0.9,-15.0,1573.960326292615,anisotropic_tuned
rotated_wake,rotated wake,9,1.0,0.9,0.0,1567.5315526578954,anisotropic_tuned
rotated_wake,rotated wake,9,1.0,0.9,15.0,1562.8241240688549,anisotropic_tuned
rotated_wake,rotated wake,9,1.0,0.9,35.0,1561.1496282016149,anisotropic_tuned
rotated_wake,rotated wake,9,1.0,0.9,55.0,1565.1474332278708,anisotropic_tuned
rotated_wake,rotated wake,9,1.35,0.18,-55.0,1828.07494793091,anisotropic_tuned
rotated_wake,rotated wake,9,1.35,0.18,-35.0,1830.2563563380997,anisotropic_tuned
rotated_wake,rotated wake,9,1.35,0.18,-15.0,1760.0667578722946,anisotropic_tuned
rotated_wake,rotated wake,9,1.35,0.18,0.0,1624.981010677995,anisotropic_tuned
rotated_wake,rotated wake,9,1.35,0.18,15.0,1758.0210778094192,anisotropic_tuned
rotated_wake,rotated wake,9,1.35,0.18,35.0,1778.7236127650094,anisotropic_tuned
rotated_wake,rotated wake,9,1.35,0.18,55.0,1783.8566121706629,anisotropic_tuned
rotated_wake,rotated wake,9,1.35,0.28,-55.0,1820.4576031589952,anisotropic_tuned
rotated_wake,rotated wake,9,1.35,0.28,-35.0,1804.4569614675409,anisotropic_tuned
rotated_wake,rotated wake,9,1.35,0.28,-15.0,1662.6998510240867,anisotropic_tuned
rotated_wake,rotated wake,9,1.35,0.28,0.0,1620.9894489653059,anisotropic_tuned
rotated_wake,rotated wake,9,1.35,0.28,15.0,1653.5836345070634,anisotropic_tuned
rotated_wake,rotated wake,9,1.35,0.28,35.0,1669.1218047585962,anisotropic_tuned
rotated_wake,rotated wake,9,1.35,0.28,55.0,1674.331451196491,anisotropic_tuned
rotated_wake,rotated wake,9,1.35,0.42,-55.0,1780.9360690883284,anisotropic_tuned
rotated_wake,rotated wake,9,1.35,0.42,-35.0,1758.4554710694292,anisotropic_tuned
rotated_wake,rotated wake,9,1.35,0.42,-15.0,1639.1794779122006,anisotropic_tuned
rotated_wake,rotated wake,9,1.35,0.42,0.0,1602.371619518758,anisotropic_tuned
rotated_wake,rotated wake,9,1.35,0.42,15.0,1573.7680575672516,anisotropic_tuned
rotated_wake,rotated wake,9,1.35,0.42,35.0,1569.1871759011615,anisotropic_tuned
rotated_wake,rotated wake,9,1.35,0.42,55.0,1584.439447379403,anisotropic_tuned
rotated_wake,rotated wake,9,1.35,0.65,-55.0,1711.4965570966453,anisotropic_tuned
rotated_wake,rotated wake,9,1.35,0.65,-35.0,1685.959206013879,anisotropic_tuned
rotated_wake,rotated wake,9,1.35,0.65,-15.0,1617.7571279756862,anisotropic_tuned
rotated_wake,rotated wake,9,1.35,0.65,0.0,1566.3373210512532,anisotropic_tuned
rotated_wake,rotated wake,9,1.35,0.65,15.0,1527.4184875801072,anisotropic_tuned
rotated_wake,rotated wake,9,1.35,0.65,35.0,1504.9011689547574,anisotropic_tuned
rotated_wake,rotated wake,9,1.35,0.65,55.0,1541.3611854782305,anisotropic_tuned
rotated_wake,rotated wake,9,1.35,0.9,-55.0,1658.5656628300708,anisotropic_tuned
rotated_wake,rotated wake,9,1.35,0.9,-35.0,1637.3772479765732,anisotropic_tuned
rotated_wake,rotated wake,9,1.35,0.9,-15.0,1591.9062695704836,anisotropic_tuned
rotated_wake,rotated wake,9,1.35,0.9,0.0,1555.2280891556877,anisotropic_tuned
rotated_wake,rotated wake,9,1.35,0.9,15.0,1529.417017867608,anisotropic_tuned
rotated_wake,rotated wake,9,1.35,0.9,35.0,1519.7841745432054,anisotropic_tuned
rotated_wake,rotated wake,9,1.35,0.9,55.0,1539.5114931427354,anisotropic_tuned
rotated_wake,rotated wake,9,1.75,0.18,-55.0,1821.0786546993681,anisotropic_tuned
rotated_wake,rotated wake,9,1.75,0.18,-35.0,1824.1282888185985,anisotropic_tuned
rotated_wake,rotated wake,9,1.75,0.18,-15.0,1728.634306485834,anisotropic_tuned
rotated_wake,rotated wake,9,1.75,0.18,0.0,1619.7259447111412,anisotropic_tuned
rotated_wake,rotated wake,9,1.75,0.18,15.0,1725.954359313946,anisotropic_tuned
rotated_wake,rotated wake,9,1.75,0.18,35.0,1728.9408427425788,anisotropic_tuned
rotated_wake,rotated wake,9,1.75,0.18,55.0,1735.4992537123069,anisotropic_tuned
rotated_wake,rotated wake,9,1.75,0.28,-55.0,1890.3328885823278,anisotropic_tuned
rotated_wake,rotated wake,9,1.75,0.28,-35.0,1857.2049678747096,anisotropic_tuned
rotated_wake,rotated wake,9,1.75,0.28,-15.0,1639.4986307668512,anisotropic_tuned
rotated_wake,rotated wake,9,1.75,0.28,0.0,1615.4057190119665,anisotropic_tuned
rotated_wake,rotated wake,9,1.75,0.28,15.0,1625.4076451805813,anisotropic_tuned
rotated_wake,rotated wake,9,1.75,0.28,35.0,1617.4784033672513,anisotropic_tuned
rotated_wake,rotated wake,9,1.75,0.28,55.0,1636.6983984133608,anisotropic_tuned
rotated_wake,rotated wake,9,1.75,0.42,-55.0,1866.470379807018,anisotropic_tuned
rotated_wake,rotated wake,9,1.75,0.42,-35.0,1827.2753573331422,anisotropic_tuned
rotated_wake,rotated wake,9,1.75,0.42,-15.0,1665.2554764694999,anisotropic_tuned
rotated_wake,rotated wake,9,1.75,0.42,0.0,1599.1919788848063,anisotropic_tuned
rotated_wake,rotated wake,9,1.75,0.42,15.0,1549.7992663612297,anisotropic_tuned
rotated_wake,rotated wake,9,1.75,0.42,35.0,1529.3840681503473,anisotropic_tuned
rotated_wake,rotated wake,9,1.75,0.42,55.0,1573.1539173988303,anisotropic_tuned
rotated_wake,rotated wake,9,1.75,0.65,-55.0,1799.0850046731855,anisotropic_tuned
rotated_wake,rotated wake,9,1.75,0.65,-35.0,1763.2938283006433,anisotropic_tuned
rotated_wake,rotated wake,9,1.75,0.65,-15.0,1661.533385073618,anisotropic_tuned
rotated_wake,rotated wake,9,1.75,0.65,0.0,1573.338321576256,anisotropic_tuned
rotated_wake,rotated wake,9,1.75,0.65,15.0,1512.3989288438258,anisotropic_tuned
rotated_wake,rotated wake,9,1.75,0.65,35.0,1473.8753989640438,anisotropic_tuned
rotated_wake,rotated wake,9,1.75,0.65,55.0,1533.8211651136137,anisotropic_tuned
rotated_wake,rotated wake,9,1.75,0.9,-55.0,1751.5970027806313,anisotropic_tuned
rotated_wake,rotated wake,9,1.75,0.9,-35.0,1720.4483854179123,anisotropic_tuned
rotated_wake,rotated wake,9,1.75,0.9,-15.0,1641.446555577366,anisotropic_tuned
rotated_wake,rotated wake,9,1.75,0.9,0.0,1572.579467376346,anisotropic_tuned
rotated_wake,rotated wake,9,1.75,0.9,15.0,1516.9855486728247,anisotropic_tuned
rotated_wake,rotated wake,9,1.75,0.9,35.0,1494.1895021840244,anisotropic_tuned
rotated_wake,rotated wake,9,1.75,0.9,55.0,1535.1689746677798,anisotropic_tuned
laser_path,moving-laser path,0,0.55,0.18,-55.0,1952.9757982893498,anisotropic_tuned
laser_path,moving-laser path,0,0.55,0.18,-35.0,1952.7193508057658,anisotropic_tuned
laser_path,moving-laser path,0,0.55,0.18,-15.0,1910.7321617178368,anisotropic_tuned
laser_path,moving-laser path,0,0.55,0.18,0.0,1838.5928629984173,anisotropic_tuned
laser_path,moving-laser path,0,0.55,0.18,15.0,1910.7031899235676,anisotropic_tuned
laser_path,moving-laser path,0,0.55,0.18,35.0,1952.2616126845123,anisotropic_tuned
laser_path,moving-laser path,0,0.55,0.18,55.0,1952.5230371590847,anisotropic_tuned
laser_path,moving-laser path,0,0.55,0.28,-55.0,1895.4220526079234,anisotropic_tuned
laser_path,moving-laser path,0,0.55,0.28,-35.0,1894.436763350017,anisotropic_tuned
laser_path,moving-laser path,0,0.55,0.28,-15.0,1854.1501224125363,anisotropic_tuned
laser_path,moving-laser path,0,0.55,0.28,0.0,1827.6792308860308,anisotropic_tuned
laser_path,moving-laser path,0,0.55,0.28,15.0,1853.8741796232148,anisotropic_tuned
laser_path,moving-laser path,0,0.55,0.28,35.0,1893.8141006208093,anisotropic_tuned
laser_path,moving-laser path,0,0.55,0.28,55.0,1894.9464311920042,anisotropic_tuned
laser_path,moving-laser path,0,0.55,0.42,-55.0,1793.212551222995,anisotropic_tuned
laser_path,moving-laser path,0,0.55,0.42,-35.0,1791.608518297332,anisotropic_tuned
laser_path,moving-laser path,0,0.55,0.42,-15.0,1782.036033362302,anisotropic_tuned
laser_path,moving-laser path,0,0.55,0.42,0.0,1777.8714745325356,anisotropic_tuned
laser_path,moving-laser path,0,0.55,0.42,15.0,1780.9547981899404,anisotropic_tuned
laser_path,moving-laser path,0,0.55,0.42,35.0,1789.980398261781,anisotropic_tuned
laser_path,moving-laser path,0,0.55,0.42,55.0,1791.5104440841715,anisotropic_tuned
laser_path,moving-laser path,0,0.55,0.65,-55.0,1675.4823041979744,anisotropic_tuned
laser_path,moving-laser path,0,0.55,0.65,-35.0,1680.4546887802035,anisotropic_tuned
laser_path,moving-laser path,0,0.55,0.65,-15.0,1684.2454031201491,anisotropic_tuned
laser_path,moving-laser path,0,0.55,0.65,0.0,1685.3728426112298,anisotropic_tuned
laser_path,moving-laser path,0,0.55,0.65,15.0,1685.1829855338206,anisotropic_tuned
laser_path,moving-laser path,0,0.55,0.65,35.0,1682.2446893082924,anisotropic_tuned
laser_path,moving-laser path,0,0.55,0.65,55.0,1676.9386062899148,anisotropic_tuned
laser_path,moving-laser path,0,0.55,0.9,-55.0,1633.7330297165863,anisotropic_tuned
laser_path,moving-laser path,0,0.55,0.9,-35.0,1647.859014048985,anisotropic_tuned
laser_path,moving-laser path,0,0.55,0.9,-15.0,1656.0544790356853,anisotropic_tuned
laser_path,moving-laser path,0,0.55,0.9,0.0,1665.2158327474403,anisotropic_tuned
laser_path,moving-laser path,0,0.55,0.9,15.0,1667.2091632938505,anisotropic_tuned
laser_path,moving-laser path,0,0.55,0.9,35.0,1655.6956370845037,anisotropic_tuned
laser_path,moving-laser path,0,0.55,0.9,55.0,1630.1648935655617,anisotropic_tuned
laser_path,moving-laser path,0,0.75,0.18,-55.0,1909.0857086141987,anisotropic_tuned
laser_path,moving-laser path,0,0.75,0.18,-35.0,1908.505523721487,anisotropic_tuned
laser_path,moving-laser path,0,0.75,0.18,-15.0,1854.4445525619285,anisotropic_tuned
laser_path,moving-laser path,0,0.75,0.18,0.0,1734.7808633086875,anisotropic_tuned
laser_path,moving-laser path,0,0.75,0.18,15.0,1854.4588763144766,anisotropic_tuned
laser_path,moving-laser path,0,0.75,0.18,35.0,1907.5969721785577,anisotropic_tuned
laser_path,moving-laser path,0,0.75,0.18,55.0,1908.0888948403272,anisotropic_tuned
laser_path,moving-laser path,0,0.75,0.28,-55.0,1827.305694184378,anisotropic_tuned
laser_path,moving-laser path,0,0.75,0.28,-35.0,1824.5187666204142,anisotropic_tuned
laser_path,moving-laser path,0,0.75,0.28,-15.0,1769.517957107747,anisotropic_tuned
laser_path,moving-laser path,0,0.75,0.28,0.0,1726.1381496382833,anisotropic_tuned
laser_path,moving-laser path,0,0.75,0.28,15.0,1769.2709434482804,anisotropic_tuned
laser_path,moving-laser path,0,0.75,0.28,35.0,1825.1149141860324,anisotropic_tuned
laser_path,moving-laser path,0,0.75,0.28,55.0,1828.5676250266588,anisotropic_tuned
laser_path,moving-laser path,0,0.75,0.42,-55.0,1727.7192318693046,anisotropic_tuned
laser_path,moving-laser path,0,0.75,0.42,-35.0,1715.4751768989963,anisotropic_tuned
laser_path,moving-laser path,0,0.75,0.42,-15.0,1696.6928259645924,anisotropic_tuned
laser_path,moving-laser path,0,0.75,0.42,0.0,1687.3914601433785,anisotropic_tuned
laser_path,moving-laser path,0,0.75,0.42,15.0,1694.92521280468,anisotropic_tuned
laser_path,moving-laser path,0,0.75,0.42,35.0,1713.488328399826,anisotropic_tuned
laser_path,moving-laser path,0,0.75,0.42,55.0,1724.3421551528204,anisotropic_tuned
laser_path,moving-laser path,0,0.75,0.65,-55.0,1636.459672530908,anisotropic_tuned
laser_path,moving-laser path,0,0.75,0.65,-35.0,1629.6350368626645,anisotropic_tuned
laser_path,moving-laser path,0,0.75,0.65,-15.0,1623.746354347922,anisotropic_tuned
laser_path,moving-laser path,0,0.75,0.65,0.0,1622.5255232292566,anisotropic_tuned
laser_path,moving-laser path,0,0.75,0.65,15.0,1624.6735089170675,anisotropic_tuned
laser_path,moving-laser path,0,0.75,0.65,35.0,1630.6386000979683,anisotropic_tuned
laser_path,moving-laser path,0,0.75,0.65,55.0,1636.1902151256518,anisotropic_tuned
laser_path,moving-laser path,0,0.75,0.9,-55.0,1603.5497973778915,anisotropic_tuned
laser_path,moving-laser path,0,0.75,0.9,-35.0,1613.1381473958463,anisotropic_tuned
laser_path,moving-laser path,0,0.75,0.9,-15.0,1620.2097824423004,anisotropic_tuned
laser_path,moving-laser path,0,0.75,0.9,0.0,1622.320242460412,anisotropic_tuned
laser_path,moving-laser path,0,0.75,0.9,15.0,1620.7460070212628,anisotropic_tuned
laser_path,moving-laser path,0,0.75,0.9,35.0,1612.7542091105702,anisotropic_tuned
laser_path,moving-laser path,0,0.75,0.9,55.0,1600.6110205820191,anisotropic_tuned
laser_path,moving-laser path,0,1.0,0.18,-55.0,1856.846723634686,anisotropic_tuned
laser_path,moving-laser path,0,1.0,0.18,-35.0,1855.2347184364157,anisotropic_tuned
laser_path,moving-laser path,0,1.0,0.18,-15.0,1805.2595663735124,anisotropic_tuned
laser_path,moving-laser path,0,1.0,0.18,0.0,1656.7487989861456,anisotropic_tuned
laser_path,moving-laser path,0,1.0,0.18,15.0,1804.8391840544687,anisotropic_tuned
laser_path,moving-laser path,0,1.0,0.18,35.0,1855.6977148774658,anisotropic_tuned
laser_path,moving-laser path,0,1.0,0.18,55.0,1857.8217082450428,anisotropic_tuned
laser_path,moving-laser path,0,1.0,0.28,-55.0,1776.5438371704868,anisotropic_tuned
laser_path,moving-laser path,0,1.0,0.28,-35.0,1764.8264128567002,anisotropic_tuned
laser_path,moving-laser path,0,1.0,0.28,-15.0,1707.280421554634,anisotropic_tuned
laser_path,moving-laser path,0,1.0,0.28,0.0,1649.904264097349,anisotropic_tuned
laser_path,moving-laser path,0,1.0,0.28,15.0,1708.0246919055858,anisotropic_tuned
laser_path,moving-laser path,0,1.0,0.28,35.0,1768.2992752834784,anisotropic_tuned
laser_path,moving-laser path,0,1.0,0.28,55.0,1773.9361657911104,anisotropic_tuned
laser_path,moving-laser path,0,1.0,0.42,-55.0,1704.510352250361,anisotropic_tuned
laser_path,moving-laser path,0,1.0,0.42,-35.0,1673.8466162413765,anisotropic_tuned
laser_path,moving-laser path,0,1.0,0.42,-15.0,1633.6152705283444,anisotropic_tuned
laser_path,moving-laser path,0,1.0,0.42,0.0,1618.7502850237756,anisotropic_tuned
laser_path,moving-laser path,0,1.0,0.42,15.0,1635.1213017881528,anisotropic_tuned
laser_path,moving-laser path,0,1.0,0.42,35.0,1674.2654223984737,anisotropic_tuned
laser_path,moving-laser path,0,1.0,0.42,55.0,1687.5175723455595,anisotropic_tuned
laser_path,moving-laser path,0,1.0,0.65,-55.0,1630.7062667616083,anisotropic_tuned
laser_path,moving-laser path,0,1.0,0.65,-35.0,1603.1495167429507,anisotropic_tuned
laser_path,moving-laser path,0,1.0,0.65,-15.0,1576.5989189708562,anisotropic_tuned
laser_path,moving-laser path,0,1.0,0.65,0.0,1571.5231592490882,anisotropic_tuned
laser_path,moving-laser path,0,1.0,0.65,15.0,1582.7893754713032,anisotropic_tuned
laser_path,moving-laser path,0,1.0,0.65,35.0,1607.407511753705,anisotropic_tuned
laser_path,moving-laser path,0,1.0,0.65,55.0,1623.1249486600714,anisotropic_tuned
laser_path,moving-laser path,0,1.0,0.9,-55.0,1598.925847441215,anisotropic_tuned
laser_path,moving-laser path,0,1.0,0.9,-35.0,1591.542168175834,anisotropic_tuned
laser_path,moving-laser path,0,1.0,0.9,-15.0,1585.0600916284393,anisotropic_tuned
laser_path,moving-laser path,0,1.0,0.9,0.0,1583.0834737006753,anisotropic_tuned
laser_path,moving-laser path,0,1.0,0.9,15.0,1584.2754071666313,anisotropic_tuned
laser_path,moving-laser path,0,1.0,0.9,35.0,1589.8074966681152,anisotropic_tuned
laser_path,moving-laser path,0,1.0,0.9,55.0,1597.1885937323636,anisotropic_tuned
laser_path,moving-laser path,0,1.35,0.18,-55.0,1803.5531450397075,anisotropic_tuned
laser_path,moving-laser path,0,1.35,0.18,-35.0,1808.160914385442,anisotropic_tuned
laser_path,moving-laser path,0,1.35,0.18,-15.0,1760.9828362792614,anisotropic_tuned
laser_path,moving-laser path,0,1.35,0.18,0.0,1594.2455118691232,anisotropic_tuned
laser_path,moving-laser path,0,1.35,0.18,15.0,1758.3071542009147,anisotropic_tuned
laser_path,moving-laser path,0,1.35,0.18,35.0,1808.7193527932427,anisotropic_tuned
laser_path,moving-laser path,0,1.35,0.18,55.0,1810.0964360124012,anisotropic_tuned
laser_path,moving-laser path,0,1.35,0.28,-55.0,1756.143307869827,anisotropic_tuned
laser_path,moving-laser path,0,1.35,0.28,-35.0,1738.7565071918025,anisotropic_tuned
laser_path,moving-laser path,0,1.35,0.28,-15.0,1655.826634685268,anisotropic_tuned
laser_path,moving-laser path,0,1.35,0.28,0.0,1589.2632923789452,anisotropic_tuned
laser_path,moving-laser path,0,1.35,0.28,15.0,1654.8368556620571,anisotropic_tuned
laser_path,moving-laser path,0,1.35,0.28,35.0,1740.5060273111094,anisotropic_tuned
laser_path,moving-laser path,0,1.35,0.28,55.0,1759.8095685584904,anisotropic_tuned
laser_path,moving-laser path,0,1.35,0.42,-55.0,1701.4675255244674,anisotropic_tuned
laser_path,moving-laser path,0,1.35,0.42,-35.0,1667.5404288367345,anisotropic_tuned
laser_path,moving-laser path,0,1.35,0.42,-15.0,1584.8731735487968,anisotropic_tuned
laser_path,moving-laser path,0,1.35,0.42,0.0,1566.2173689151982,anisotropic_tuned
laser_path,moving-laser path,0,1.35,0.42,15.0,1585.2290253011865,anisotropic_tuned
laser_path,moving-laser path,0,1.35,0.42,35.0,1659.8943237119997,anisotropic_tuned
laser_path,moving-laser path,0,1.35,0.42,55.0,1689.6692665912233,anisotropic_tuned
laser_path,moving-laser path,0,1.35,0.65,-55.0,1639.9466185419806,anisotropic_tuned
laser_path,moving-laser path,0,1.35,0.65,-35.0,1610.1180535928734,anisotropic_tuned
laser_path,moving-laser path,0,1.35,0.65,-15.0,1546.430969116981,anisotropic_tuned
laser_path,moving-laser path,0,1.35,0.65,0.0,1533.1477988264078,anisotropic_tuned
laser_path,moving-laser path,0,1.35,0.65,15.0,1553.6586084311452,anisotropic_tuned
laser_path,moving-laser path,0,1.35,0.65,35.0,1599.307291779971,anisotropic_tuned
laser_path,moving-laser path,0,1.35,0.65,55.0,1634.9516356051622,anisotropic_tuned
laser_path,moving-laser path,0,1.35,0.9,-55.0,1608.9818845353961,anisotropic_tuned
laser_path,moving-laser path,0,1.35,0.9,-35.0,1592.8586511245335,anisotropic_tuned
laser_path,moving-laser path,0,1.35,0.9,-15.0,1567.453015526441,anisotropic_tuned
laser_path,moving-laser path,0,1.35,0.9,0.0,1553.775121313035,anisotropic_tuned
laser_path,moving-laser path,0,1.35,0.9,15.0,1558.719785873071,anisotropic_tuned
laser_path,moving-laser path,0,1.35,0.9,35.0,1586.9315460034113,anisotropic_tuned
laser_path,moving-laser path,0,1.35,0.9,55.0,1615.1007367651878,anisotropic_tuned
laser_path,moving-laser path,0,1.75,0.18,-55.0,1775.6162367159445,anisotropic_tuned
laser_path,moving-laser path,0,1.75,0.18,-35.0,1784.5402678415294,anisotropic_tuned
laser_path,moving-laser path,0,1.75,0.18,-15.0,1725.0967756912628,anisotropic_tuned
laser_path,moving-laser path,0,1.75,0.18,0.0,1553.2819168792048,anisotropic_tuned
laser_path,moving-laser path,0,1.75,0.18,15.0,1718.6004300958575,anisotropic_tuned
laser_path,moving-laser path,0,1.75,0.18,35.0,1775.1503973488789,anisotropic_tuned
laser_path,moving-laser path,0,1.75,0.18,55.0,1777.9691210472233,anisotropic_tuned
laser_path,moving-laser path,0,1.75,0.28,-55.0,1751.785101530395,anisotropic_tuned
laser_path,moving-laser path,0,1.75,0.28,-35.0,1732.0966677780834,anisotropic_tuned
laser_path,moving-laser path,0,1.75,0.28,-15.0,1622.5894898318688,anisotropic_tuned
laser_path,moving-laser path,0,1.75,0.28,0.0,1548.7795614218107,anisotropic_tuned
laser_path,moving-laser path,0,1.75,0.28,15.0,1615.3801308160641,anisotropic_tuned
laser_path,moving-laser path,0,1.75,0.28,35.0,1721.3161651909604,anisotropic_tuned
laser_path,moving-laser path,0,1.75,0.28,55.0,1752.9340387661719,anisotropic_tuned
laser_path,moving-laser path,0,1.75,0.42,-55.0,1704.8220506915368,anisotropic_tuned
laser_path,moving-laser path,0,1.75,0.42,-35.0,1673.3255959636253,anisotropic_tuned
laser_path,moving-laser path,0,1.75,0.42,-15.0,1564.5792892701206,anisotropic_tuned
laser_path,moving-laser path,0,1.75,0.42,0.0,1529.5199340711138,anisotropic_tuned
laser_path,moving-laser path,0,1.75,0.42,15.0,1560.7000278013443,anisotropic_tuned
laser_path,moving-laser path,0,1.75,0.42,35.0,1659.1735344434805,anisotropic_tuned
laser_path,moving-laser path,0,1.75,0.42,55.0,1699.7372460251518,anisotropic_tuned
laser_path,moving-laser path,0,1.75,0.65,-55.0,1647.5317575356598,anisotropic_tuned
laser_path,moving-laser path,0,1.75,0.65,-35.0,1616.4444013078855,anisotropic_tuned
laser_path,moving-laser path,0,1.75,0.65,-15.0,1542.425600927329,anisotropic_tuned
laser_path,moving-laser path,0,1.75,0.65,0.0,1508.2994339741526,anisotropic_tuned
laser_path,moving-laser path,0,1.75,0.65,15.0,1540.6897156867994,anisotropic_tuned
laser_path,moving-laser path,0,1.75,0.65,35.0,1608.7952213787835,anisotropic_tuned
laser_path,moving-laser path,0,1.75,0.65,55.0,1649.8562103880704,anisotropic_tuned
laser_path,moving-laser path,0,1.75,0.9,-55.0,1618.35457843403,anisotropic_tuned
laser_path,moving-laser path,0,1.75,0.9,-35.0,1596.0145678664585,anisotropic_tuned
laser_path,moving-laser path,0,1.75,0.9,-15.0,1565.9140061190828,anisotropic_tuned
laser_path,moving-laser path,0,1.75,0.9,0.0,1535.6320253566732,anisotropic_tuned
laser_path,moving-laser path,0,1.75,0.9,15.0,1545.9785023787003,anisotropic_tuned
laser_path,moving-laser path,0,1.75,0.9,35.0,1597.6486292692553,anisotropic_tuned
laser_path,moving-laser path,0,1.75,0.9,55.0,1632.9860858735274,anisotropic_tuned
laser_path,moving-laser path,1,0.55,0.18,-55.0,1945.6481441859098,anisotropic_tuned
laser_path,moving-laser path,1,0.55,0.18,-35.0,1945.3906546747614,anisotropic_tuned
laser_path,moving-laser path,1,0.55,0.18,-15.0,1903.1218388543382,anisotropic_tuned
laser_path,moving-laser path,1,0.55,0.18,0.0,1829.6507383821288,anisotropic_tuned
laser_path,moving-laser path,1,0.55,0.18,15.0,1903.0474355451345,anisotropic_tuned
laser_path,moving-laser path,1,0.55,0.18,35.0,1944.8561912703856,anisotropic_tuned
laser_path,moving-laser path,1,0.55,0.18,55.0,1945.170141611017,anisotropic_tuned
laser_path,moving-laser path,1,0.55,0.28,-55.0,1888.0484780028553,anisotropic_tuned
laser_path,moving-laser path,1,0.55,0.28,-35.0,1886.8942961651182,anisotropic_tuned
laser_path,moving-laser path,1,0.55,0.28,-15.0,1845.9973481615016,anisotropic_tuned
laser_path,moving-laser path,1,0.55,0.28,0.0,1819.0971089284333,anisotropic_tuned
laser_path,moving-laser path,1,0.55,0.28,15.0,1845.9701064275916,anisotropic_tuned
laser_path,moving-laser path,1,0.55,0.28,35.0,1886.436937298404,anisotropic_tuned
laser_path,moving-laser path,1,0.55,0.28,55.0,1887.6310550093722,anisotropic_tuned
laser_path,moving-laser path,1,0.55,0.42,-55.0,1784.6399449773808,anisotropic_tuned
laser_path,moving-laser path,1,0.55,0.42,-35.0,1783.262189774405,anisotropic_tuned
laser_path,moving-laser path,1,0.55,0.42,-15.0,1773.883331087971,anisotropic_tuned
laser_path,moving-laser path,1,0.55,0.42,0.0,1771.1005138752068,anisotropic_tuned
laser_path,moving-laser path,1,0.55,0.42,15.0,1775.7016399256906,anisotropic_tuned
laser_path,moving-laser path,1,0.55,0.42,35.0,1785.4269443101207,anisotropic_tuned
laser_path,moving-laser path,1,0.55,0.42,55.0,1787.0556922820524,anisotropic_tuned
laser_path,moving-laser path,1,0.55,0.65,-55.0,1666.0270897191447,anisotropic_tuned
laser_path,moving-laser path,1,0.55,0.65,-35.0,1667.5260114404446,anisotropic_tuned
laser_path,moving-laser path,1,0.55,0.65,-15.0,1667.7163819629864,anisotropic_tuned
laser_path,moving-laser path,1,0.55,0.65,0.0,1667.611605930143,anisotropic_tuned
laser_path,moving-laser path,1,0.55,0.65,15.0,1667.5723661909076,anisotropic_tuned
laser_path,moving-laser path,1,0.55,0.65,35.0,1666.9360878474838,anisotropic_tuned
laser_path,moving-laser path,1,0.55,0.65,55.0,1665.3498928780846,anisotropic_tuned
laser_path,moving-laser path,1,0.55,0.9,-55.0,1593.1632430984935,anisotropic_tuned
laser_path,moving-laser path,1,0.55,0.9,-35.0,1602.2161686967077,anisotropic_tuned
laser_path,moving-laser path,1,0.55,0.9,-15.0,1609.773745816864,anisotropic_tuned
laser_path,moving-laser path,1,0.55,0.9,0.0,1610.006246520053,anisotropic_tuned
laser_path,moving-laser path,1,0.55,0.9,15.0,1607.950843220223,anisotropic_tuned
laser_path,moving-laser path,1,0.55,0.9,35.0,1600.4703154204265,anisotropic_tuned
laser_path,moving-laser path,1,0.55,0.9,55.0,1596.899835590207,anisotropic_tuned
laser_path,moving-laser path,1,0.75,0.18,-55.0,1901.2900256693954,anisotropic_tuned
laser_path,moving-laser path,1,0.75,0.18,-35.0,1901.0716115275466,anisotropic_tuned
laser_path,moving-laser path,1,0.75,0.18,-15.0,1846.1696982135654,anisotropic_tuned
laser_path,moving-laser path,1,0.75,0.18,0.0,1717.824899434608,anisotropic_tuned
laser_path,moving-laser path,1,0.75,0.18,15.0,1845.8590159518053,anisotropic_tuned
laser_path,moving-laser path,1,0.75,0.18,35.0,1899.688772992607,anisotropic_tuned
laser_path,moving-laser path,1,0.75,0.18,55.0,1900.150743605598,anisotropic_tuned
laser_path,moving-laser path,1,0.75,0.28,-55.0,1817.138763344687,anisotropic_tuned
laser_path,moving-laser path,1,0.75,0.28,-35.0,1815.3331715794025,anisotropic_tuned
laser_path,moving-laser path,1,0.75,0.28,-15.0,1755.7664949165305,anisotropic_tuned
laser_path,moving-laser path,1,0.75,0.28,0.0,1710.2427699674831,anisotropic_tuned
laser_path,moving-laser path,1,0.75,0.28,15.0,1754.8847150195274,anisotropic_tuned
laser_path,moving-laser path,1,0.75,0.28,35.0,1813.9144829541776,anisotropic_tuned
laser_path,moving-laser path,1,0.75,0.28,55.0,1816.6734812439333,anisotropic_tuned
laser_path,moving-laser path,1,0.75,0.42,-55.0,1704.26178804385,anisotropic_tuned
laser_path,moving-laser path,1,0.75,0.42,-35.0,1699.519934207881,anisotropic_tuned
laser_path,moving-laser path,1,0.75,0.42,-15.0,1682.2518957953487,anisotropic_tuned
laser_path,moving-laser path,1,0.75,0.42,0.0,1673.7347361047578,anisotropic_tuned
laser_path,moving-laser path,1,0.75,0.42,15.0,1682.645646926903,anisotropic_tuned
laser_path,moving-laser path,1,0.75,0.42,35.0,1700.8156638202495,anisotropic_tuned
laser_path,moving-laser path,1,0.75,0.42,55.0,1706.8752947431426,anisotropic_tuned
laser_path,moving-laser path,1,0.75,0.65,-55.0,1600.206224044692,anisotropic_tuned
laser_path,moving-laser path,1,0.75,0.65,-35.0,1598.5642950939975,anisotropic_tuned
laser_path,moving-laser path,1,0.75,0.65,-15.0,1596.8011753208423,anisotropic_tuned
laser_path,moving-laser path,1,0.75,0.65,0.0,1595.6264657475026,anisotropic_tuned
laser_path,moving-laser path,1,0.75,0.65,15.0,1595.1795553438285,anisotropic_tuned
laser_path,moving-laser path,1,0.75,0.65,35.0,1596.1978625313484,anisotropic_tuned
laser_path,moving-laser path,1,0.75,0.65,55.0,1598.6268961403464,anisotropic_tuned
laser_path,moving-laser path,1,0.75,0.9,-55.0,1543.2309998387216,anisotropic_tuned
laser_path,moving-laser path,1,0.75,0.9,-35.0,1547.38235574332,anisotropic_tuned
laser_path,moving-laser path,1,0.75,0.9,-15.0,1550.0549821097386,anisotropic_tuned
laser_path,moving-laser path,1,0.75,0.9,0.0,1550.5513618758876,anisotropic_tuned
laser_path,moving-laser path,1,0.75,0.9,15.0,1550.0519075060138,anisotropic_tuned
laser_path,moving-laser path,1,0.75,0.9,35.0,1548.1009400859314,anisotropic_tuned
laser_path,moving-laser path,1,0.75,0.9,55.0,1545.0037345528744,anisotropic_tuned
laser_path,moving-laser path,1,1.0,0.18,-55.0,1846.8232224664162,anisotropic_tuned
laser_path,moving-laser path,1,1.0,0.18,-35.0,1845.723049629812,anisotropic_tuned
laser_path,moving-laser path,1,1.0,0.18,-15.0,1796.3293958027414,anisotropic_tuned
laser_path,moving-laser path,1,1.0,0.18,0.0,1636.6998478366722,anisotropic_tuned
laser_path,moving-laser path,1,1.0,0.18,15.0,1795.8540566003492,anisotropic_tuned
laser_path,moving-laser path,1,1.0,0.18,35.0,1844.0922610831808,anisotropic_tuned
laser_path,moving-laser path,1,1.0,0.18,55.0,1844.5592475772382,anisotropic_tuned
laser_path,moving-laser path,1,1.0,0.28,-55.0,1748.0108448069138,anisotropic_tuned
laser_path,moving-laser path,1,1.0,0.28,-35.0,1742.1170876341955,anisotropic_tuned
laser_path,moving-laser path,1,1.0,0.28,-15.0,1689.5729627175156,anisotropic_tuned
laser_path,moving-laser path,1,1.0,0.28,0.0,1630.564278289144,anisotropic_tuned
laser_path,moving-laser path,1,1.0,0.28,15.0,1688.0574482892598,anisotropic_tuned
laser_path,moving-laser path,1,1.0,0.28,35.0,1739.5679730719062,anisotropic_tuned
laser_path,moving-laser path,1,1.0,0.28,55.0,1747.445334373429,anisotropic_tuned
laser_path,moving-laser path,1,1.0,0.42,-55.0,1642.429685596269,anisotropic_tuned
laser_path,moving-laser path,1,1.0,0.42,-35.0,1633.6569954619074,anisotropic_tuned
laser_path,moving-laser path,1,1.0,0.42,-15.0,1616.3820120531202,anisotropic_tuned
laser_path,moving-laser path,1,1.0,0.42,0.0,1601.8426868520799,anisotropic_tuned
laser_path,moving-laser path,1,1.0,0.42,15.0,1614.9079007027453,anisotropic_tuned
laser_path,moving-laser path,1,1.0,0.42,35.0,1633.109873415828,anisotropic_tuned
laser_path,moving-laser path,1,1.0,0.42,55.0,1646.4077502683485,anisotropic_tuned
laser_path,moving-laser path,1,1.0,0.65,-55.0,1558.7637814106863,anisotropic_tuned
laser_path,moving-laser path,1,1.0,0.65,-35.0,1552.956038475047,anisotropic_tuned
laser_path,moving-laser path,1,1.0,0.65,-15.0,1545.6254303091087,anisotropic_tuned
laser_path,moving-laser path,1,1.0,0.65,0.0,1541.5755776306037,anisotropic_tuned
laser_path,moving-laser path,1,1.0,0.65,15.0,1541.1688421155325,anisotropic_tuned
laser_path,moving-laser path,1,1.0,0.65,35.0,1546.5951986672196,anisotropic_tuned
laser_path,moving-laser path,1,1.0,0.65,55.0,1558.5296700678487,anisotropic_tuned
laser_path,moving-laser path,1,1.0,0.9,-55.0,1513.2595873625692,anisotropic_tuned
laser_path,moving-laser path,1,1.0,0.9,-35.0,1510.8006236013634,anisotropic_tuned
laser_path,moving-laser path,1,1.0,0.9,-15.0,1508.9269714795096,anisotropic_tuned
laser_path,moving-laser path,1,1.0,0.9,0.0,1508.4688578620348,anisotropic_tuned
laser_path,moving-laser path,1,1.0,0.9,15.0,1508.9521501197726,anisotropic_tuned
laser_path,moving-laser path,1,1.0,0.9,35.0,1510.8452275990226,anisotropic_tuned
laser_path,moving-laser path,1,1.0,0.9,55.0,1513.415896544612,anisotropic_tuned
laser_path,moving-laser path,1,1.35,0.18,-55.0,1787.6520409315451,anisotropic_tuned
laser_path,moving-laser path,1,1.35,0.18,-35.0,1787.5774877184192,anisotropic_tuned
laser_path,moving-laser path,1,1.35,0.18,-15.0,1748.9725463241236,anisotropic_tuned
laser_path,moving-laser path,1,1.35,0.18,0.0,1576.2481626072415,anisotropic_tuned
laser_path,moving-laser path,1,1.35,0.18,15.0,1749.7985546853959,anisotropic_tuned
laser_path,moving-laser path,1,1.35,0.18,35.0,1785.9251010537735,anisotropic_tuned
laser_path,moving-laser path,1,1.35,0.18,55.0,1783.1683235473508,anisotropic_tuned
laser_path,moving-laser path,1,1.35,0.28,-55.0,1698.1493959819193,anisotropic_tuned
laser_path,moving-laser path,1,1.35,0.28,-35.0,1683.217949882346,anisotropic_tuned
laser_path,moving-laser path,1,1.35,0.28,-15.0,1636.5825305374972,anisotropic_tuned
laser_path,moving-laser path,1,1.35,0.28,0.0,1571.0812345388945,anisotropic_tuned
laser_path,moving-laser path,1,1.35,0.28,15.0,1635.3685797639462,anisotropic_tuned
laser_path,moving-laser path,1,1.35,0.28,35.0,1676.9234601726214,anisotropic_tuned
laser_path,moving-laser path,1,1.35,0.28,55.0,1686.9218792966633,anisotropic_tuned
laser_path,moving-laser path,1,1.35,0.42,-55.0,1608.4790680222266,anisotropic_tuned
laser_path,moving-laser path,1,1.35,0.42,-35.0,1594.8328825318968,anisotropic_tuned
laser_path,moving-laser path,1,1.35,0.42,-15.0,1567.7134289239818,anisotropic_tuned
laser_path,moving-laser path,1,1.35,0.42,0.0,1547.8903751497742,anisotropic_tuned
laser_path,moving-laser path,1,1.35,0.42,15.0,1564.7414051228177,anisotropic_tuned
laser_path,moving-laser path,1,1.35,0.42,35.0,1580.5610396545399,anisotropic_tuned
laser_path,moving-laser path,1,1.35,0.42,55.0,1602.6702855711187,anisotropic_tuned
laser_path,moving-laser path,1,1.35,0.65,-55.0,1540.858582970922,anisotropic_tuned
laser_path,moving-laser path,1,1.35,0.65,-35.0,1526.1646637823276,anisotropic_tuned
laser_path,moving-laser path,1,1.35,0.65,-15.0,1507.622244286256,anisotropic_tuned
laser_path,moving-laser path,1,1.35,0.65,0.0,1502.248326825025,anisotropic_tuned
laser_path,moving-laser path,1,1.35,0.65,15.0,1502.9987162629623,anisotropic_tuned
laser_path,moving-laser path,1,1.35,0.65,35.0,1511.374558802201,anisotropic_tuned
laser_path,moving-laser path,1,1.35,0.65,55.0,1532.6318344654244,anisotropic_tuned
laser_path,moving-laser path,1,1.35,0.9,-55.0,1502.4733406732328,anisotropic_tuned
laser_path,moving-laser path,1,1.35,0.9,-35.0,1491.4600782108023,anisotropic_tuned
laser_path,moving-laser path,1,1.35,0.9,-15.0,1482.3518927810753,anisotropic_tuned
laser_path,moving-laser path,1,1.35,0.9,0.0,1479.369298213758,anisotropic_tuned
laser_path,moving-laser path,1,1.35,0.9,15.0,1480.7906603749716,anisotropic_tuned
laser_path,moving-laser path,1,1.35,0.9,35.0,1486.5975651551437,anisotropic_tuned
laser_path,moving-laser path,1,1.35,0.9,55.0,1494.5560472083646,anisotropic_tuned
laser_path,moving-laser path,1,1.75,0.18,-55.0,1740.360353751735,anisotropic_tuned
laser_path,moving-laser path,1,1.75,0.18,-35.0,1744.8437385095197,anisotropic_tuned
laser_path,moving-laser path,1,1.75,0.18,-15.0,1707.5946644807796,anisotropic_tuned
laser_path,moving-laser path,1,1.75,0.18,0.0,1534.6809129306587,anisotropic_tuned
laser_path,moving-laser path,1,1.75,0.18,15.0,1708.943707741216,anisotropic_tuned
laser_path,moving-laser path,1,1.75,0.18,35.0,1738.722366516854,anisotropic_tuned
laser_path,moving-laser path,1,1.75,0.18,55.0,1735.2331406714113,anisotropic_tuned
laser_path,moving-laser path,1,1.75,0.28,-55.0,1669.8372104034365,anisotropic_tuned
laser_path,moving-laser path,1,1.75,0.28,-35.0,1653.9852399243075,anisotropic_tuned
laser_path,moving-laser path,1,1.75,0.28,-15.0,1602.766991856686,anisotropic_tuned
laser_path,moving-laser path,1,1.75,0.28,0.0,1530.229971382883,anisotropic_tuned
laser_path,moving-laser path,1,1.75,0.28,15.0,1599.5219722555512,anisotropic_tuned
laser_path,moving-laser path,1,1.75,0.28,35.0,1635.2478428705028,anisotropic_tuned
laser_path,moving-laser path,1,1.75,0.28,55.0,1646.1587280197923,anisotropic_tuned
laser_path,moving-laser path,1,1.75,0.42,-55.0,1596.4677114881017,anisotropic_tuned
laser_path,moving-laser path,1,1.75,0.42,-35.0,1582.0999628871825,anisotropic_tuned
laser_path,moving-laser path,1,1.75,0.42,-15.0,1541.9385816376844,anisotropic_tuned
laser_path,moving-laser path,1,1.75,0.42,0.0,1510.8984350926273,anisotropic_tuned
laser_path,moving-laser path,1,1.75,0.42,15.0,1533.4607971821863,anisotropic_tuned
laser_path,moving-laser path,1,1.75,0.42,35.0,1551.0043402199715,anisotropic_tuned
laser_path,moving-laser path,1,1.75,0.42,55.0,1575.602232360402,anisotropic_tuned
laser_path,moving-laser path,1,1.75,0.65,-55.0,1540.5200184128948,anisotropic_tuned
laser_path,moving-laser path,1,1.75,0.65,-35.0,1519.5870972013122,anisotropic_tuned
laser_path,moving-laser path,1,1.75,0.65,-15.0,1488.8035241731202,anisotropic_tuned
laser_path,moving-laser path,1,1.75,0.65,0.0,1474.8590744642795,anisotropic_tuned
laser_path,moving-laser path,1,1.75,0.65,15.0,1478.8447670834178,anisotropic_tuned
laser_path,moving-laser path,1,1.75,0.65,35.0,1492.9724418653661,anisotropic_tuned
laser_path,moving-laser path,1,1.75,0.65,55.0,1516.536443739162,anisotropic_tuned
laser_path,moving-laser path,1,1.75,0.9,-55.0,1506.8032484130727,anisotropic_tuned
laser_path,moving-laser path,1,1.75,0.9,-35.0,1489.9878032830939,anisotropic_tuned
laser_path,moving-laser path,1,1.75,0.9,-15.0,1470.6041245312806,anisotropic_tuned
laser_path,moving-laser path,1,1.75,0.9,0.0,1458.9415319843508,anisotropic_tuned
laser_path,moving-laser path,1,1.75,0.9,15.0,1460.2968512422872,anisotropic_tuned
laser_path,moving-laser path,1,1.75,0.9,35.0,1472.5929600097468,anisotropic_tuned
laser_path,moving-laser path,1,1.75,0.9,55.0,1484.6963956184918,anisotropic_tuned
laser_path,moving-laser path,2,0.55,0.18,-55.0,1945.8144174553645,anisotropic_tuned
laser_path,moving-laser path,2,0.55,0.18,-35.0,1945.5873334278497,anisotropic_tuned
laser_path,moving-laser path,2,0.55,0.18,-15.0,1903.4746604536224,anisotropic_tuned
laser_path,moving-laser path,2,0.55,0.18,0.0,1831.2916350773276,anisotropic_tuned
laser_path,moving-laser path,2,0.55,0.18,15.0,1903.470989214023,anisotropic_tuned
laser_path,moving-laser path,2,0.55,0.18,35.0,1945.1032972377257,anisotropic_tuned
laser_path,moving-laser path,2,0.55,0.18,55.0,1945.397171112141,anisotropic_tuned
laser_path,moving-laser path,2,0.55,0.28,-55.0,1888.366372357667,anisotropic_tuned
laser_path,moving-laser path,2,0.55,0.28,-35.0,1887.352342680886,anisotropic_tuned
laser_path,moving-laser path,2,0.55,0.28,-15.0,1847.2517390218552,anisotropic_tuned
laser_path,moving-laser path,2,0.55,0.28,0.0,1820.4182211648967,anisotropic_tuned
laser_path,moving-laser path,2,0.55,0.28,15.0,1846.5116359337528,anisotropic_tuned
laser_path,moving-laser path,2,0.55,0.28,35.0,1886.6741390292634,anisotropic_tuned
laser_path,moving-laser path,2,0.55,0.28,55.0,1887.928760773189,anisotropic_tuned
laser_path,moving-laser path,2,0.55,0.42,-55.0,1785.880760720892,anisotropic_tuned
laser_path,moving-laser path,2,0.55,0.42,-35.0,1784.7172577796805,anisotropic_tuned
laser_path,moving-laser path,2,0.55,0.42,-15.0,1775.6284207287908,anisotropic_tuned
laser_path,moving-laser path,2,0.55,0.42,0.0,1771.5923409221093,anisotropic_tuned
laser_path,moving-laser path,2,0.55,0.42,15.0,1774.6922043041359,anisotropic_tuned
laser_path,moving-laser path,2,0.55,0.42,35.0,1784.0504595108146,anisotropic_tuned
laser_path,moving-laser path,2,0.55,0.42,55.0,1785.8278101068063,anisotropic_tuned
laser_path,moving-laser path,2,0.55,0.65,-55.0,1669.42625548868,anisotropic_tuned
laser_path,moving-laser path,2,0.55,0.65,-35.0,1671.1827996112165,anisotropic_tuned
laser_path,moving-laser path,2,0.55,0.65,-15.0,1672.9701933255667,anisotropic_tuned
laser_path,moving-laser path,2,0.55,0.65,0.0,1673.8770384428083,anisotropic_tuned
laser_path,moving-laser path,2,0.55,0.65,15.0,1674.0161970690422,anisotropic_tuned
laser_path,moving-laser path,2,0.55,0.65,35.0,1672.851611544703,anisotropic_tuned
laser_path,moving-laser path,2,0.55,0.65,55.0,1670.8868215938899,anisotropic_tuned
laser_path,moving-laser path,2,0.55,0.9,-55.0,1605.728931652825,anisotropic_tuned
laser_path,moving-laser path,2,0.55,0.9,-35.0,1610.9178989348704,anisotropic_tuned
laser_path,moving-laser path,2,0.55,0.9,-15.0,1619.73643226344,anisotropic_tuned
laser_path,moving-laser path,2,0.55,0.9,0.0,1620.268504891555,anisotropic_tuned
laser_path,moving-laser path,2,0.55,0.9,15.0,1617.3800927973978,anisotropic_tuned
laser_path,moving-laser path,2,0.55,0.9,35.0,1613.1039884204201,anisotropic_tuned
laser_path,moving-laser path,2,0.55,0.9,55.0,1608.2762622783553,anisotropic_tuned
laser_path,moving-laser path,2,0.75,0.18,-55.0,1901.6581859772748,anisotropic_tuned
laser_path,moving-laser path,2,0.75,0.18,-35.0,1901.5284402453601,anisotropic_tuned
laser_path,moving-laser path,2,0.75,0.18,-15.0,1846.9716622448327,anisotropic_tuned
laser_path,moving-laser path,2,0.75,0.18,0.0,1724.8147925720125,anisotropic_tuned
laser_path,moving-laser path,2,0.75,0.18,15.0,1847.19056758322,anisotropic_tuned
laser_path,moving-laser path,2,0.75,0.18,35.0,1900.472134780246,anisotropic_tuned
laser_path,moving-laser path,2,0.75,0.18,55.0,1900.7726811301054,anisotropic_tuned
laser_path,moving-laser path,2,0.75,0.28,-55.0,1819.2299507465852,anisotropic_tuned
laser_path,moving-laser path,2,0.75,0.28,-35.0,1818.3852856922583,anisotropic_tuned
laser_path,moving-laser path,2,0.75,0.28,-15.0,1760.7752235873902,anisotropic_tuned
laser_path,moving-laser path,2,0.75,0.28,0.0,1716.8455551582567,anisotropic_tuned
laser_path,moving-laser path,2,0.75,0.28,15.0,1759.4748038014488,anisotropic_tuned
laser_path,moving-laser path,2,0.75,0.28,35.0,1815.4405625391232,anisotropic_tuned
laser_path,moving-laser path,2,0.75,0.28,55.0,1818.7507824308173,anisotropic_tuned
laser_path,moving-laser path,2,0.75,0.42,-55.0,1708.7895068190785,anisotropic_tuned
laser_path,moving-laser path,2,0.75,0.42,-35.0,1704.8205904422323,anisotropic_tuned
laser_path,moving-laser path,2,0.75,0.42,-15.0,1689.022815738347,anisotropic_tuned
laser_path,moving-laser path,2,0.75,0.42,0.0,1680.9429564793318,anisotropic_tuned
laser_path,moving-laser path,2,0.75,0.42,15.0,1686.827563569328,anisotropic_tuned
laser_path,moving-laser path,2,0.75,0.42,35.0,1702.1386016111956,anisotropic_tuned
laser_path,moving-laser path,2,0.75,0.42,55.0,1708.8196326412542,anisotropic_tuned
laser_path,moving-laser path,2,0.75,0.65,-55.0,1610.2058532226442,anisotropic_tuned
laser_path,moving-laser path,2,0.75,0.65,-35.0,1609.0866711691265,anisotropic_tuned
laser_path,moving-laser path,2,0.75,0.65,-15.0,1607.892431573533,anisotropic_tuned
laser_path,moving-laser path,2,0.75,0.65,0.0,1607.213278133187,anisotropic_tuned
laser_path,moving-laser path,2,0.75,0.65,15.0,1607.104745091951,anisotropic_tuned
laser_path,moving-laser path,2,0.75,0.65,35.0,1607.9195154528022,anisotropic_tuned
laser_path,moving-laser path,2,0.75,0.65,55.0,1609.380234715289,anisotropic_tuned
laser_path,moving-laser path,2,0.75,0.9,-55.0,1561.419543206668,anisotropic_tuned
laser_path,moving-laser path,2,0.75,0.9,-35.0,1564.9754809265814,anisotropic_tuned
laser_path,moving-laser path,2,0.75,0.9,-15.0,1567.0585767208722,anisotropic_tuned
laser_path,moving-laser path,2,0.75,0.9,0.0,1566.9665506996416,anisotropic_tuned
laser_path,moving-laser path,2,0.75,0.9,15.0,1565.2398885393884,anisotropic_tuned
laser_path,moving-laser path,2,0.75,0.9,35.0,1561.7753993305485,anisotropic_tuned
laser_path,moving-laser path,2,0.75,0.9,55.0,1558.7032804724026,anisotropic_tuned
laser_path,moving-laser path,2,1.0,0.18,-55.0,1848.534909106784,anisotropic_tuned
laser_path,moving-laser path,2,1.0,0.18,-35.0,1846.9419803410442,anisotropic_tuned
laser_path,moving-laser path,2,1.0,0.18,-15.0,1798.5292869079317,anisotropic_tuned
laser_path,moving-laser path,2,1.0,0.18,0.0,1649.468217250085,anisotropic_tuned
laser_path,moving-laser path,2,1.0,0.18,15.0,1797.74171319672,anisotropic_tuned
laser_path,moving-laser path,2,1.0,0.18,35.0,1846.9909172508692,anisotropic_tuned
laser_path,moving-laser path,2,1.0,0.18,55.0,1847.4939815103387,anisotropic_tuned
laser_path,moving-laser path,2,1.0,0.28,-55.0,1752.2879056260854,anisotropic_tuned
laser_path,moving-laser path,2,1.0,0.28,-35.0,1749.7768351302507,anisotropic_tuned
laser_path,moving-laser path,2,1.0,0.28,-15.0,1698.243007855757,anisotropic_tuned
laser_path,moving-laser path,2,1.0,0.28,0.0,1643.1098569905284,anisotropic_tuned
laser_path,moving-laser path,2,1.0,0.28,15.0,1698.2810754888874,anisotropic_tuned
laser_path,moving-laser path,2,1.0,0.28,35.0,1749.3244723618911,anisotropic_tuned
laser_path,moving-laser path,2,1.0,0.28,55.0,1753.931367858144,anisotropic_tuned
laser_path,moving-laser path,2,1.0,0.42,-55.0,1652.8981227260158,anisotropic_tuned
laser_path,moving-laser path,2,1.0,0.42,-35.0,1647.4990354080778,anisotropic_tuned
laser_path,moving-laser path,2,1.0,0.42,-15.0,1627.1565611530211,anisotropic_tuned
laser_path,moving-laser path,2,1.0,0.42,0.0,1614.640074103553,anisotropic_tuned
laser_path,moving-laser path,2,1.0,0.42,15.0,1625.8257768264987,anisotropic_tuned
laser_path,moving-laser path,2,1.0,0.42,35.0,1645.6077089844957,anisotropic_tuned
laser_path,moving-laser path,2,1.0,0.42,55.0,1653.3867018608564,anisotropic_tuned
laser_path,moving-laser path,2,1.0,0.65,-55.0,1571.1433791487218,anisotropic_tuned
laser_path,moving-laser path,2,1.0,0.65,-35.0,1566.609444715365,anisotropic_tuned
laser_path,moving-laser path,2,1.0,0.65,-15.0,1559.5150263623975,anisotropic_tuned
laser_path,moving-laser path,2,1.0,0.65,0.0,1557.5324363331565,anisotropic_tuned
laser_path,moving-laser path,2,1.0,0.65,15.0,1560.781500203597,anisotropic_tuned
laser_path,moving-laser path,2,1.0,0.65,35.0,1568.2837967280107,anisotropic_tuned
laser_path,moving-laser path,2,1.0,0.65,55.0,1575.1009861126306,anisotropic_tuned
laser_path,moving-laser path,2,1.0,0.9,-55.0,1532.6578153642524,anisotropic_tuned
laser_path,moving-laser path,2,1.0,0.9,-35.0,1529.759371092321,anisotropic_tuned
laser_path,moving-laser path,2,1.0,0.9,-15.0,1528.0924668164798,anisotropic_tuned
laser_path,moving-laser path,2,1.0,0.9,0.0,1528.112911541584,anisotropic_tuned
laser_path,moving-laser path,2,1.0,0.9,15.0,1529.082924933874,anisotropic_tuned
laser_path,moving-laser path,2,1.0,0.9,35.0,1531.3363319217046,anisotropic_tuned
laser_path,moving-laser path,2,1.0,0.9,55.0,1533.8158327798044,anisotropic_tuned
laser_path,moving-laser path,2,1.35,0.18,-55.0,1793.9825451125546,anisotropic_tuned
laser_path,moving-laser path,2,1.35,0.18,-35.0,1791.8160920766943,anisotropic_tuned
laser_path,moving-laser path,2,1.35,0.18,-15.0,1754.9709352882421,anisotropic_tuned
laser_path,moving-laser path,2,1.35,0.18,0.0,1588.3745247842796,anisotropic_tuned
laser_path,moving-laser path,2,1.35,0.18,15.0,1751.0951282439426,anisotropic_tuned
laser_path,moving-laser path,2,1.35,0.18,35.0,1793.556259761211,anisotropic_tuned
laser_path,moving-laser path,2,1.35,0.18,55.0,1792.6353827179444,anisotropic_tuned
laser_path,moving-laser path,2,1.35,0.28,-55.0,1712.0792736553421,anisotropic_tuned
laser_path,moving-laser path,2,1.35,0.28,-35.0,1696.85723829264,anisotropic_tuned
laser_path,moving-laser path,2,1.35,0.28,-15.0,1648.7524901751447,anisotropic_tuned
laser_path,moving-laser path,2,1.35,0.28,0.0,1583.6170797565803,anisotropic_tuned
laser_path,moving-laser path,2,1.35,0.28,15.0,1646.9962514688384,anisotropic_tuned
laser_path,moving-laser path,2,1.35,0.28,35.0,1704.6230046792246,anisotropic_tuned
laser_path,moving-laser path,2,1.35,0.28,55.0,1713.7245303751738,anisotropic_tuned
laser_path,moving-laser path,2,1.35,0.42,-55.0,1629.0025735389725,anisotropic_tuned
laser_path,moving-laser path,2,1.35,0.42,-35.0,1613.778072470326,anisotropic_tuned
laser_path,moving-laser path,2,1.35,0.42,-15.0,1579.3549659083383,anisotropic_tuned
laser_path,moving-laser path,2,1.35,0.42,0.0,1561.141371675451,anisotropic_tuned
laser_path,moving-laser path,2,1.35,0.42,15.0,1578.2497152114267,anisotropic_tuned
laser_path,moving-laser path,2,1.35,0.42,35.0,1613.4421999115302,anisotropic_tuned
laser_path,moving-laser path,2,1.35,0.42,55.0,1628.0974762276016,anisotropic_tuned
laser_path,moving-laser path,2,1.35,0.65,-55.0,1564.770726922437,anisotropic_tuned
laser_path,moving-laser path,2,1.35,0.65,-35.0,1543.9588694927852,anisotropic_tuned
laser_path,moving-laser path,2,1.35,0.65,-15.0,1526.2948669339737,anisotropic_tuned
laser_path,moving-laser path,2,1.35,0.65,0.0,1524.1717151663286,anisotropic_tuned
laser_path,moving-laser path,2,1.35,0.65,15.0,1529.7615971357873,anisotropic_tuned
laser_path,moving-laser path,2,1.35,0.65,35.0,1549.3964286696753,anisotropic_tuned
laser_path,moving-laser path,2,1.35,0.65,55.0,1570.5069464305432,anisotropic_tuned
laser_path,moving-laser path,2,1.35,0.9,-55.0,1532.7279442493598,anisotropic_tuned
laser_path,moving-laser path,2,1.35,0.9,-35.0,1517.9450433367836,anisotropic_tuned
laser_path,moving-laser path,2,1.35,0.9,-15.0,1507.9309912631331,anisotropic_tuned
laser_path,moving-laser path,2,1.35,0.9,0.0,1506.4139282221115,anisotropic_tuned
laser_path,moving-laser path,2,1.35,0.9,15.0,1509.475655781456,anisotropic_tuned
laser_path,moving-laser path,2,1.35,0.9,35.0,1521.6318165340697,anisotropic_tuned
laser_path,moving-laser path,2,1.35,0.9,55.0,1536.9870352570226,anisotropic_tuned
laser_path,moving-laser path,2,1.75,0.18,-55.0,1750.2539804261285,anisotropic_tuned
laser_path,moving-laser path,2,1.75,0.18,-35.0,1753.6170791336447,anisotropic_tuned
laser_path,moving-laser path,2,1.75,0.18,-15.0,1716.8749025811762,anisotropic_tuned
laser_path,moving-laser path,2,1.75,0.18,0.0,1549.00110740369,anisotropic_tuned
laser_path,moving-laser path,2,1.75,0.18,15.0,1711.0161515729646,anisotropic_tuned
laser_path,moving-laser path,2,1.75,0.18,35.0,1747.373080579258,anisotropic_tuned
laser_path,moving-laser path,2,1.75,0.18,55.0,1750.0853003838154,anisotropic_tuned
laser_path,moving-laser path,2,1.75,0.28,-55.0,1702.4351335962413,anisotropic_tuned
laser_path,moving-laser path,2,1.75,0.28,-35.0,1672.974556058485,anisotropic_tuned
laser_path,moving-laser path,2,1.75,0.28,-15.0,1616.7524572697887,anisotropic_tuned
laser_path,moving-laser path,2,1.75,0.28,0.0,1544.448019547982,anisotropic_tuned
laser_path,moving-laser path,2,1.75,0.28,15.0,1612.156013446972,anisotropic_tuned
laser_path,moving-laser path,2,1.75,0.28,35.0,1670.8454694044044,anisotropic_tuned
laser_path,moving-laser path,2,1.75,0.28,55.0,1692.2288488052889,anisotropic_tuned
laser_path,moving-laser path,2,1.75,0.42,-55.0,1633.9596147162686,anisotropic_tuned
laser_path,moving-laser path,2,1.75,0.42,-35.0,1604.2416786999781,anisotropic_tuned
laser_path,moving-laser path,2,1.75,0.42,-15.0,1557.346890908025,anisotropic_tuned
laser_path,moving-laser path,2,1.75,0.42,0.0,1526.698715785883,anisotropic_tuned
laser_path,moving-laser path,2,1.75,0.42,15.0,1554.132713728641,anisotropic_tuned
laser_path,moving-laser path,2,1.75,0.42,35.0,1596.3737643470781,anisotropic_tuned
laser_path,moving-laser path,2,1.75,0.42,55.0,1625.4090386407893,anisotropic_tuned
laser_path,moving-laser path,2,1.75,0.65,-55.0,1580.7396003852093,anisotropic_tuned
laser_path,moving-laser path,2,1.75,0.65,-35.0,1541.989775476703,anisotropic_tuned
laser_path,moving-laser path,2,1.75,0.65,-15.0,1513.1997421376648,anisotropic_tuned
laser_path,moving-laser path,2,1.75,0.65,0.0,1501.4967420252085,anisotropic_tuned
laser_path,moving-laser path,2,1.75,0.65,15.0,1510.750644995565,anisotropic_tuned
laser_path,moving-laser path,2,1.75,0.65,35.0,1540.4619678919905,anisotropic_tuned
laser_path,moving-laser path,2,1.75,0.65,55.0,1577.4675092276568,anisotropic_tuned
laser_path,moving-laser path,2,1.75,0.9,-55.0,1551.6311803724777,anisotropic_tuned
laser_path,moving-laser path,2,1.75,0.9,-35.0,1524.3637737437873,anisotropic_tuned
laser_path,moving-laser path,2,1.75,0.9,-15.0,1502.0256339169941,anisotropic_tuned
laser_path,moving-laser path,2,1.75,0.9,0.0,1490.261761154594,anisotropic_tuned
laser_path,moving-laser path,2,1.75,0.9,15.0,1496.0714207654871,anisotropic_tuned
laser_path,moving-laser path,2,1.75,0.9,35.0,1520.557362583007,anisotropic_tuned
laser_path,moving-laser path,2,1.75,0.9,55.0,1547.008227088231,anisotropic_tuned
laser_path,moving-laser path,3,0.55,0.18,-55.0,1945.8042126011367,anisotropic_tuned
laser_path,moving-laser path,3,0.55,0.18,-35.0,1945.5506277645802,anisotropic_tuned
laser_path,moving-laser path,3,0.55,0.18,-15.0,1903.4786751296933,anisotropic_tuned
laser_path,moving-laser path,3,0.55,0.18,0.0,1831.492437991502,anisotropic_tuned
laser_path,moving-laser path,3,0.55,0.18,15.0,1903.4649714401571,anisotropic_tuned
laser_path,moving-laser path,3,0.55,0.18,35.0,1945.114874624888,anisotropic_tuned
laser_path,moving-laser path,3,0.55,0.18,55.0,1945.4419220405173,anisotropic_tuned
laser_path,moving-laser path,3,0.55,0.28,-55.0,1888.0762194202864,anisotropic_tuned
laser_path,moving-laser path,3,0.55,0.28,-35.0,1887.109574276851,anisotropic_tuned
laser_path,moving-laser path,3,0.55,0.28,-15.0,1846.7780165490433,anisotropic_tuned
laser_path,moving-laser path,3,0.55,0.28,0.0,1820.6642822767808,anisotropic_tuned
laser_path,moving-laser path,3,0.55,0.28,15.0,1847.2216222103355,anisotropic_tuned
laser_path,moving-laser path,3,0.55,0.28,35.0,1887.0119379725606,anisotropic_tuned
laser_path,moving-laser path,3,0.55,0.28,55.0,1888.1455935201225,anisotropic_tuned
laser_path,moving-laser path,3,0.55,0.42,-55.0,1784.438719256914,anisotropic_tuned
laser_path,moving-laser path,3,0.55,0.42,-35.0,1783.1758837520576,anisotropic_tuned
laser_path,moving-laser path,3,0.55,0.42,-15.0,1774.518492855369,anisotropic_tuned
laser_path,moving-laser path,3,0.55,0.42,0.0,1772.1163306971478,anisotropic_tuned
laser_path,moving-laser path,3,0.55,0.42,15.0,1777.0330867492837,anisotropic_tuned
laser_path,moving-laser path,3,0.55,0.42,35.0,1787.0635876543647,anisotropic_tuned
laser_path,moving-laser path,3,0.55,0.42,55.0,1788.6486385224387,anisotropic_tuned
laser_path,moving-laser path,3,0.55,0.65,-55.0,1673.681665103705,anisotropic_tuned
laser_path,moving-laser path,3,0.55,0.65,-35.0,1675.1508977364913,anisotropic_tuned
laser_path,moving-laser path,3,0.55,0.65,-15.0,1674.1457003711987,anisotropic_tuned
laser_path,moving-laser path,3,0.55,0.65,0.0,1672.2912743148852,anisotropic_tuned
laser_path,moving-laser path,3,0.55,0.65,15.0,1670.2138629179876,anisotropic_tuned
laser_path,moving-laser path,3,0.55,0.65,35.0,1667.924756450765,anisotropic_tuned
laser_path,moving-laser path,3,0.55,0.65,55.0,1666.8007336472717,anisotropic_tuned
laser_path,moving-laser path,3,0.55,0.9,-55.0,1616.7028489301813,anisotropic_tuned
laser_path,moving-laser path,3,0.55,0.9,-35.0,1623.8733375825577,anisotropic_tuned
laser_path,moving-laser path,3,0.55,0.9,-15.0,1623.7826150957762,anisotropic_tuned
laser_path,moving-laser path,3,0.55,0.9,0.0,1618.0338816403726,anisotropic_tuned
laser_path,moving-laser path,3,0.55,0.9,15.0,1612.1808525797514,anisotropic_tuned
laser_path,moving-laser path,3,0.55,0.9,35.0,1601.2692948248455,anisotropic_tuned
laser_path,moving-laser path,3,0.55,0.9,55.0,1595.903541174505,anisotropic_tuned
laser_path,moving-laser path,3,0.75,0.18,-55.0,1901.7026224484946,anisotropic_tuned
laser_path,moving-laser path,3,0.75,0.18,-35.0,1901.2708197810257,anisotropic_tuned
laser_path,moving-laser path,3,0.75,0.18,-15.0,1847.4083098008784,anisotropic_tuned
laser_path,moving-laser path,3,0.75,0.18,0.0,1726.3309307324614,anisotropic_tuned
laser_path,moving-laser path,3,0.75,0.18,15.0,1846.9989545578824,anisotropic_tuned
laser_path,moving-laser path,3,0.75,0.18,35.0,1900.370581817064,anisotropic_tuned
laser_path,moving-laser path,3,0.75,0.18,55.0,1900.9024304062234,anisotropic_tuned
laser_path,moving-laser path,3,0.75,0.28,-55.0,1817.2171810426537,anisotropic_tuned
laser_path,moving-laser path,3,0.75,0.28,-35.0,1816.9448780837226,anisotropic_tuned
laser_path,moving-laser path,3,0.75,0.28,-15.0,1761.0174072500722,anisotropic_tuned
laser_path,moving-laser path,3,0.75,0.28,0.0,1718.2127917088535,anisotropic_tuned
laser_path,moving-laser path,3,0.75,0.28,15.0,1761.0715757395817,anisotropic_tuned
laser_path,moving-laser path,3,0.75,0.28,35.0,1816.0841844927695,anisotropic_tuned
laser_path,moving-laser path,3,0.75,0.28,55.0,1819.013539153553,anisotropic_tuned
laser_path,moving-laser path,3,0.75,0.42,-55.0,1702.0690463081805,anisotropic_tuned
laser_path,moving-laser path,3,0.75,0.42,-35.0,1699.9680154235652,anisotropic_tuned
laser_path,moving-laser path,3,0.75,0.42,-15.0,1686.8378429075435,anisotropic_tuned
laser_path,moving-laser path,3,0.75,0.42,0.0,1681.103483727543,anisotropic_tuned
laser_path,moving-laser path,3,0.75,0.42,15.0,1692.5963992947727,anisotropic_tuned
laser_path,moving-laser path,3,0.75,0.42,35.0,1712.046510287208,anisotropic_tuned
laser_path,moving-laser path,3,0.75,0.42,55.0,1716.232412527475,anisotropic_tuned
laser_path,moving-laser path,3,0.75,0.65,-55.0,1604.8745663381922,anisotropic_tuned
laser_path,moving-laser path,3,0.75,0.65,-35.0,1603.7225823754266,anisotropic_tuned
laser_path,moving-laser path,3,0.75,0.65,-15.0,1604.1030934842345,anisotropic_tuned
laser_path,moving-laser path,3,0.75,0.65,0.0,1605.222876702849,anisotropic_tuned
laser_path,moving-laser path,3,0.75,0.65,15.0,1606.8789002214028,anisotropic_tuned
laser_path,moving-laser path,3,0.75,0.65,35.0,1609.3050893462528,anisotropic_tuned
laser_path,moving-laser path,3,0.75,0.65,55.0,1610.8851118208004,anisotropic_tuned
laser_path,moving-laser path,3,0.75,0.9,-55.0,1559.917424433932,anisotropic_tuned
laser_path,moving-laser path,3,0.75,0.9,-35.0,1564.3612529143418,anisotropic_tuned
laser_path,moving-laser path,3,0.75,0.9,-15.0,1566.1963414754618,anisotropic_tuned
laser_path,moving-laser path,3,0.75,0.9,0.0,1565.4840345750447,anisotropic_tuned
laser_path,moving-laser path,3,0.75,0.9,15.0,1562.6635128774867,anisotropic_tuned
laser_path,moving-laser path,3,0.75,0.9,35.0,1556.7999109183236,anisotropic_tuned
laser_path,moving-laser path,3,0.75,0.9,55.0,1551.5249265184025,anisotropic_tuned
laser_path,moving-laser path,3,1.0,0.18,-55.0,1847.7864063961076,anisotropic_tuned
laser_path,moving-laser path,3,1.0,0.18,-35.0,1845.9899529014187,anisotropic_tuned
laser_path,moving-laser path,3,1.0,0.18,-15.0,1798.7209695822885,anisotropic_tuned
laser_path,moving-laser path,3,1.0,0.18,0.0,1646.6113209405378,anisotropic_tuned
laser_path,moving-laser path,3,1.0,0.18,15.0,1798.38161746178,anisotropic_tuned
laser_path,moving-laser path,3,1.0,0.18,35.0,1846.6668474106152,anisotropic_tuned
laser_path,moving-laser path,3,1.0,0.18,55.0,1846.6710683894053,anisotropic_tuned
laser_path,moving-laser path,3,1.0,0.28,-55.0,1751.730535150536,anisotropic_tuned
laser_path,moving-laser path,3,1.0,0.28,-35.0,1744.250347884998,anisotropic_tuned
laser_path,moving-laser path,3,1.0,0.28,-15.0,1698.8373329720407,anisotropic_tuned
laser_path,moving-laser path,3,1.0,0.28,0.0,1640.1806569198873,anisotropic_tuned
laser_path,moving-laser path,3,1.0,0.28,15.0,1698.4587344544743,anisotropic_tuned
laser_path,moving-laser path,3,1.0,0.28,35.0,1750.2696690455718,anisotropic_tuned
laser_path,moving-laser path,3,1.0,0.28,55.0,1758.0292156514904,anisotropic_tuned
laser_path,moving-laser path,3,1.0,0.42,-55.0,1643.970314500479,anisotropic_tuned
laser_path,moving-laser path,3,1.0,0.42,-35.0,1634.4521989782872,anisotropic_tuned
laser_path,moving-laser path,3,1.0,0.42,-15.0,1621.8259414978747,anisotropic_tuned
laser_path,moving-laser path,3,1.0,0.42,0.0,1611.1234437702244,anisotropic_tuned
laser_path,moving-laser path,3,1.0,0.42,15.0,1629.6005771886398,anisotropic_tuned
laser_path,moving-laser path,3,1.0,0.42,35.0,1659.9587160755218,anisotropic_tuned
laser_path,moving-laser path,3,1.0,0.42,55.0,1667.1908661267532,anisotropic_tuned
laser_path,moving-laser path,3,1.0,0.65,-55.0,1565.3687932095186,anisotropic_tuned
laser_path,moving-laser path,3,1.0,0.65,-35.0,1553.204950697599,anisotropic_tuned
laser_path,moving-laser path,3,1.0,0.65,-15.0,1548.6169297247495,anisotropic_tuned
laser_path,moving-laser path,3,1.0,0.65,0.0,1550.8075075348245,anisotropic_tuned
laser_path,moving-laser path,3,1.0,0.65,15.0,1559.0338312881756,anisotropic_tuned
laser_path,moving-laser path,3,1.0,0.65,35.0,1573.1160323330057,anisotropic_tuned
laser_path,moving-laser path,3,1.0,0.65,55.0,1581.4002298638745,anisotropic_tuned
laser_path,moving-laser path,3,1.0,0.9,-55.0,1529.8983960015767,anisotropic_tuned
laser_path,moving-laser path,3,1.0,0.9,-35.0,1524.4611246146185,anisotropic_tuned
laser_path,moving-laser path,3,1.0,0.9,-15.0,1521.595780917105,anisotropic_tuned
laser_path,moving-laser path,3,1.0,0.9,0.0,1522.0273368651115,anisotropic_tuned
laser_path,moving-laser path,3,1.0,0.9,15.0,1524.329768069148,anisotropic_tuned
laser_path,moving-laser path,3,1.0,0.9,35.0,1528.9110861279944,anisotropic_tuned
laser_path,moving-laser path,3,1.0,0.9,55.0,1533.4444118456731,anisotropic_tuned
laser_path,moving-laser path,3,1.35,0.18,-55.0,1789.5089068713294,anisotropic_tuned
laser_path,moving-laser path,3,1.35,0.18,-35.0,1790.7519510981042,anisotropic_tuned
laser_path,moving-laser path,3,1.35,0.18,-15.0,1753.238109035118,anisotropic_tuned
laser_path,moving-laser path,3,1.35,0.18,0.0,1586.4078531674404,anisotropic_tuned
laser_path,moving-laser path,3,1.35,0.18,15.0,1754.0263671827406,anisotropic_tuned
laser_path,moving-laser path,3,1.35,0.18,35.0,1794.034912245974,anisotropic_tuned
laser_path,moving-laser path,3,1.35,0.18,55.0,1790.7719026107206,anisotropic_tuned
laser_path,moving-laser path,3,1.35,0.28,-55.0,1711.137687023088,anisotropic_tuned
laser_path,moving-laser path,3,1.35,0.28,-35.0,1685.798887986621,anisotropic_tuned
laser_path,moving-laser path,3,1.35,0.28,-15.0,1648.2425372819698,anisotropic_tuned
laser_path,moving-laser path,3,1.35,0.28,0.0,1581.4332727826857,anisotropic_tuned
laser_path,moving-laser path,3,1.35,0.28,15.0,1647.004943213968,anisotropic_tuned
laser_path,moving-laser path,3,1.35,0.28,35.0,1705.5299783003359,anisotropic_tuned
laser_path,moving-laser path,3,1.35,0.28,55.0,1714.40065865069,anisotropic_tuned
laser_path,moving-laser path,3,1.35,0.42,-55.0,1622.089785012581,anisotropic_tuned
laser_path,moving-laser path,3,1.35,0.42,-35.0,1593.7855554273112,anisotropic_tuned
laser_path,moving-laser path,3,1.35,0.42,-15.0,1571.3749561676902,anisotropic_tuned
laser_path,moving-laser path,3,1.35,0.42,0.0,1558.2292915522407,anisotropic_tuned
laser_path,moving-laser path,3,1.35,0.42,15.0,1582.506128926548,anisotropic_tuned
laser_path,moving-laser path,3,1.35,0.42,35.0,1625.2576710664916,anisotropic_tuned
laser_path,moving-laser path,3,1.35,0.42,55.0,1634.2694244464972,anisotropic_tuned
laser_path,moving-laser path,3,1.35,0.65,-55.0,1558.6970457741697,anisotropic_tuned
laser_path,moving-laser path,3,1.35,0.65,-35.0,1525.3861320575159,anisotropic_tuned
laser_path,moving-laser path,3,1.35,0.65,-15.0,1507.5448781667537,anisotropic_tuned
laser_path,moving-laser path,3,1.35,0.65,0.0,1510.7055406078864,anisotropic_tuned
laser_path,moving-laser path,3,1.35,0.65,15.0,1526.1480392460307,anisotropic_tuned
laser_path,moving-laser path,3,1.35,0.65,35.0,1550.9536384730143,anisotropic_tuned
laser_path,moving-laser path,3,1.35,0.65,55.0,1565.5071293424826,anisotropic_tuned
laser_path,moving-laser path,3,1.35,0.9,-55.0,1527.1950218912816,anisotropic_tuned
laser_path,moving-laser path,3,1.35,0.9,-35.0,1507.1778304185136,anisotropic_tuned
laser_path,moving-laser path,3,1.35,0.9,-15.0,1492.781105387043,anisotropic_tuned
laser_path,moving-laser path,3,1.35,0.9,0.0,1492.740780076974,anisotropic_tuned
laser_path,moving-laser path,3,1.35,0.9,15.0,1500.3048903104284,anisotropic_tuned
laser_path,moving-laser path,3,1.35,0.9,35.0,1514.6970369593462,anisotropic_tuned
laser_path,moving-laser path,3,1.35,0.9,55.0,1528.7481686238477,anisotropic_tuned
laser_path,moving-laser path,3,1.75,0.18,-55.0,1747.7247698035744,anisotropic_tuned
laser_path,moving-laser path,3,1.75,0.18,-35.0,1755.4380711950885,anisotropic_tuned
laser_path,moving-laser path,3,1.75,0.18,-15.0,1714.277066022763,anisotropic_tuned
laser_path,moving-laser path,3,1.75,0.18,0.0,1548.8134618313686,anisotropic_tuned
laser_path,moving-laser path,3,1.75,0.18,15.0,1714.8935361785493,anisotropic_tuned
laser_path,moving-laser path,3,1.75,0.18,35.0,1752.0935451372616,anisotropic_tuned
laser_path,moving-laser path,3,1.75,0.18,55.0,1753.3164542287816,anisotropic_tuned
laser_path,moving-laser path,3,1.75,0.28,-55.0,1695.2852533286032,anisotropic_tuned
laser_path,moving-laser path,3,1.75,0.28,-35.0,1667.3903848407604,anisotropic_tuned
laser_path,moving-laser path,3,1.75,0.28,-15.0,1615.5669982601858,anisotropic_tuned
laser_path,moving-laser path,3,1.75,0.28,0.0,1543.9466551110163,anisotropic_tuned
laser_path,moving-laser path,3,1.75,0.28,15.0,1610.3642871332565,anisotropic_tuned
laser_path,moving-laser path,3,1.75,0.28,35.0,1675.316494732805,anisotropic_tuned
laser_path,moving-laser path,3,1.75,0.28,55.0,1688.6164288445464,anisotropic_tuned
laser_path,moving-laser path,3,1.75,0.42,-55.0,1623.8505677636917,anisotropic_tuned
laser_path,moving-laser path,3,1.75,0.42,-35.0,1589.0525154336713,anisotropic_tuned
laser_path,moving-laser path,3,1.75,0.42,-15.0,1546.2886011270155,anisotropic_tuned
laser_path,moving-laser path,3,1.75,0.42,0.0,1523.6610088458249,anisotropic_tuned
laser_path,moving-laser path,3,1.75,0.42,15.0,1555.8503998756385,anisotropic_tuned
laser_path,moving-laser path,3,1.75,0.42,35.0,1606.0437085359908,anisotropic_tuned
laser_path,moving-laser path,3,1.75,0.42,55.0,1620.5799750953188,anisotropic_tuned
laser_path,moving-laser path,3,1.75,0.65,-55.0,1566.5066148303229,anisotropic_tuned
laser_path,moving-laser path,3,1.75,0.65,-35.0,1529.4478301951744,anisotropic_tuned
laser_path,moving-laser path,3,1.75,0.65,-15.0,1491.546160516308,anisotropic_tuned
laser_path,moving-laser path,3,1.75,0.65,0.0,1486.0778608244045,anisotropic_tuned
laser_path,moving-laser path,3,1.75,0.65,15.0,1507.4358142089327,anisotropic_tuned
laser_path,moving-laser path,3,1.75,0.65,35.0,1541.7782253431083,anisotropic_tuned
laser_path,moving-laser path,3,1.75,0.65,55.0,1561.7342853677726,anisotropic_tuned
laser_path,moving-laser path,3,1.75,0.9,-55.0,1535.5940136181894,anisotropic_tuned
laser_path,moving-laser path,3,1.75,0.9,-35.0,1514.0884862425262,anisotropic_tuned
laser_path,moving-laser path,3,1.75,0.9,-15.0,1486.79537309194,anisotropic_tuned
laser_path,moving-laser path,3,1.75,0.9,0.0,1476.0035602688674,anisotropic_tuned
laser_path,moving-laser path,3,1.75,0.9,15.0,1485.386499357537,anisotropic_tuned
laser_path,moving-laser path,3,1.75,0.9,35.0,1510.5572229669026,anisotropic_tuned
laser_path,moving-laser path,3,1.75,0.9,55.0,1529.7626558628913,anisotropic_tuned
laser_path,moving-laser path,4,0.55,0.18,-55.0,1945.8477029684652,anisotropic_tuned
laser_path,moving-laser path,4,0.55,0.18,-35.0,1945.5329054547283,anisotropic_tuned
laser_path,moving-laser path,4,0.55,0.18,-15.0,1903.44521667733,anisotropic_tuned
laser_path,moving-laser path,4,0.55,0.18,0.0,1831.3731124841875,anisotropic_tuned
laser_path,moving-laser path,4,0.55,0.18,15.0,1903.453083482528,anisotropic_tuned
laser_path,moving-laser path,4,0.55,0.18,35.0,1945.1297334614019,anisotropic_tuned
laser_path,moving-laser path,4,0.55,0.18,55.0,1945.4495547642978,anisotropic_tuned
laser_path,moving-laser path,4,0.55,0.28,-55.0,1888.5278333973886,anisotropic_tuned
laser_path,moving-laser path,4,0.55,0.28,-35.0,1887.3138783942181,anisotropic_tuned
laser_path,moving-laser path,4,0.55,0.28,-15.0,1847.0415853108489,anisotropic_tuned
laser_path,moving-laser path,4,0.55,0.28,0.0,1820.6345583019372,anisotropic_tuned
laser_path,moving-laser path,4,0.55,0.28,15.0,1846.7444536319233,anisotropic_tuned
laser_path,moving-laser path,4,0.55,0.28,35.0,1886.7925492516372,anisotropic_tuned
laser_path,moving-laser path,4,0.55,0.28,55.0,1887.9133867544208,anisotropic_tuned
laser_path,moving-laser path,4,0.55,0.42,-55.0,1787.2509808755085,anisotropic_tuned
laser_path,moving-laser path,4,0.55,0.42,-35.0,1785.3301164765921,anisotropic_tuned
laser_path,moving-laser path,4,0.55,0.42,-15.0,1776.0546372396732,anisotropic_tuned
laser_path,moving-laser path,4,0.55,0.42,0.0,1772.8018074200963,anisotropic_tuned
laser_path,moving-laser path,4,0.55,0.42,15.0,1776.4453362112124,anisotropic_tuned
laser_path,moving-laser path,4,0.55,0.42,35.0,1785.5891022063834,anisotropic_tuned
laser_path,moving-laser path,4,0.55,0.42,55.0,1787.7638170344558,anisotropic_tuned
laser_path,moving-laser path,4,0.55,0.65,-55.0,1671.9844235455862,anisotropic_tuned
laser_path,moving-laser path,4,0.55,0.65,-35.0,1673.052914855803,anisotropic_tuned
laser_path,moving-laser path,4,0.55,0.65,-15.0,1674.4610547772595,anisotropic_tuned
laser_path,moving-laser path,4,0.55,0.65,0.0,1675.7077755286766,anisotropic_tuned
laser_path,moving-laser path,4,0.55,0.65,15.0,1676.7806653769646,anisotropic_tuned
laser_path,moving-laser path,4,0.55,0.65,35.0,1676.677417402652,anisotropic_tuned
laser_path,moving-laser path,4,0.55,0.65,55.0,1674.8588900722114,anisotropic_tuned
laser_path,moving-laser path,4,0.55,0.9,-55.0,1606.2486996676228,anisotropic_tuned
laser_path,moving-laser path,4,0.55,0.9,-35.0,1617.5582421174088,anisotropic_tuned
laser_path,moving-laser path,4,0.55,0.9,-15.0,1623.7953683031985,anisotropic_tuned
laser_path,moving-laser path,4,0.55,0.9,0.0,1624.1587657956156,anisotropic_tuned
laser_path,moving-laser path,4,0.55,0.9,15.0,1623.8097660861504,anisotropic_tuned
laser_path,moving-laser path,4,0.55,0.9,35.0,1621.8050598346238,anisotropic_tuned
laser_path,moving-laser path,4,0.55,0.9,55.0,1610.8502197757548,anisotropic_tuned
laser_path,moving-laser path,4,0.75,0.18,-55.0,1901.722592499842,anisotropic_tuned
laser_path,moving-laser path,4,0.75,0.18,-35.0,1901.2457155878978,anisotropic_tuned
laser_path,moving-laser path,4,0.75,0.18,-15.0,1847.1288477779694,anisotropic_tuned
laser_path,moving-laser path,4,0.75,0.18,0.0,1721.8395034207206,anisotropic_tuned
laser_path,moving-laser path,4,0.75,0.18,15.0,1847.0608687761903,anisotropic_tuned
laser_path,moving-laser path,4,0.75,0.18,35.0,1900.5021019241153,anisotropic_tuned
laser_path,moving-laser path,4,0.75,0.18,55.0,1901.0543328498966,anisotropic_tuned
laser_path,moving-laser path,4,0.75,0.28,-55.0,1820.1156529239872,anisotropic_tuned
laser_path,moving-laser path,4,0.75,0.28,-35.0,1816.9879707303544,anisotropic_tuned
laser_path,moving-laser path,4,0.75,0.28,-15.0,1760.197980579139,anisotropic_tuned
laser_path,moving-laser path,4,0.75,0.28,0.0,1714.1862720031543,anisotropic_tuned
laser_path,moving-laser path,4,0.75,0.28,15.0,1760.0026458026339,anisotropic_tuned
laser_path,moving-laser path,4,0.75,0.28,35.0,1816.311768762575,anisotropic_tuned
laser_path,moving-laser path,4,0.75,0.28,55.0,1818.2094956180615,anisotropic_tuned
laser_path,moving-laser path,4,0.75,0.42,-55.0,1712.8980821374564,anisotropic_tuned
laser_path,moving-laser path,4,0.75,0.42,-35.0,1706.3997317191972,anisotropic_tuned
laser_path,moving-laser path,4,0.75,0.42,-15.0,1688.6579422769507,anisotropic_tuned
laser_path,moving-laser path,4,0.75,0.42,0.0,1680.2914192761614,anisotropic_tuned
laser_path,moving-laser path,4,0.75,0.42,15.0,1687.2558613921844,anisotropic_tuned
laser_path,moving-laser path,4,0.75,0.42,35.0,1703.684272142748,anisotropic_tuned
laser_path,moving-laser path,4,0.75,0.42,55.0,1708.2412203875274,anisotropic_tuned
laser_path,moving-laser path,4,0.75,0.65,-55.0,1611.2244115356252,anisotropic_tuned
laser_path,moving-laser path,4,0.75,0.65,-35.0,1609.9354464559672,anisotropic_tuned
laser_path,moving-laser path,4,0.75,0.65,-15.0,1608.0856971377996,anisotropic_tuned
laser_path,moving-laser path,4,0.75,0.65,0.0,1606.9560765629062,anisotropic_tuned
laser_path,moving-laser path,4,0.75,0.65,15.0,1606.462240674946,anisotropic_tuned
laser_path,moving-laser path,4,0.75,0.65,35.0,1607.0676668587166,anisotropic_tuned
laser_path,moving-laser path,4,0.75,0.65,55.0,1608.819196919828,anisotropic_tuned
laser_path,moving-laser path,4,0.75,0.9,-55.0,1561.5789031224533,anisotropic_tuned
laser_path,moving-laser path,4,0.75,0.9,-35.0,1567.9877426549454,anisotropic_tuned
laser_path,moving-laser path,4,0.75,0.9,-15.0,1572.1200570145882,anisotropic_tuned
laser_path,moving-laser path,4,0.75,0.9,0.0,1573.0415496986698,anisotropic_tuned
laser_path,moving-laser path,4,0.75,0.9,15.0,1571.9187572998637,anisotropic_tuned
laser_path,moving-laser path,4,0.75,0.9,35.0,1567.0912225392851,anisotropic_tuned
laser_path,moving-laser path,4,0.75,0.9,55.0,1560.5764940588385,anisotropic_tuned
laser_path,moving-laser path,4,1.0,0.18,-55.0,1847.3357106206734,anisotropic_tuned
laser_path,moving-laser path,4,1.0,0.18,-35.0,1846.1524943018233,anisotropic_tuned
laser_path,moving-laser path,4,1.0,0.18,-15.0,1798.4568155495203,anisotropic_tuned
laser_path,moving-laser path,4,1.0,0.18,0.0,1642.2906601285556,anisotropic_tuned
laser_path,moving-laser path,4,1.0,0.18,15.0,1797.6433159881988,anisotropic_tuned
laser_path,moving-laser path,4,1.0,0.18,35.0,1847.2526339964868,anisotropic_tuned
laser_path,moving-laser path,4,1.0,0.18,55.0,1847.8263301793045,anisotropic_tuned
laser_path,moving-laser path,4,1.0,0.28,-55.0,1757.4531546019352,anisotropic_tuned
laser_path,moving-laser path,4,1.0,0.28,-35.0,1744.71138621124,anisotropic_tuned
laser_path,moving-laser path,4,1.0,0.28,-15.0,1693.8582753482376,anisotropic_tuned
laser_path,moving-laser path,4,1.0,0.28,0.0,1637.096369475021,anisotropic_tuned
laser_path,moving-laser path,4,1.0,0.28,15.0,1693.124413493836,anisotropic_tuned
laser_path,moving-laser path,4,1.0,0.28,35.0,1750.3125187634635,anisotropic_tuned
laser_path,moving-laser path,4,1.0,0.28,55.0,1760.820715408672,anisotropic_tuned
laser_path,moving-laser path,4,1.0,0.42,-55.0,1665.8592714814351,anisotropic_tuned
laser_path,moving-laser path,4,1.0,0.42,-35.0,1643.7683649813748,anisotropic_tuned
laser_path,moving-laser path,4,1.0,0.42,-15.0,1622.0905861599408,anisotropic_tuned
laser_path,moving-laser path,4,1.0,0.42,0.0,1613.0049840796503,anisotropic_tuned
laser_path,moving-laser path,4,1.0,0.42,15.0,1622.8339773907614,anisotropic_tuned
laser_path,moving-laser path,4,1.0,0.42,35.0,1646.9955139611181,anisotropic_tuned
laser_path,moving-laser path,4,1.0,0.42,55.0,1663.199617692618,anisotropic_tuned
laser_path,moving-laser path,4,1.0,0.65,-55.0,1581.489158947869,anisotropic_tuned
laser_path,moving-laser path,4,1.0,0.65,-35.0,1567.7082966769374,anisotropic_tuned
laser_path,moving-laser path,4,1.0,0.65,-15.0,1557.0912554595473,anisotropic_tuned
laser_path,moving-laser path,4,1.0,0.65,0.0,1553.9567065235588,anisotropic_tuned
laser_path,moving-laser path,4,1.0,0.65,15.0,1556.7726178237624,anisotropic_tuned
laser_path,moving-laser path,4,1.0,0.65,35.0,1568.6414149328727,anisotropic_tuned
laser_path,moving-laser path,4,1.0,0.65,55.0,1582.1507826398358,anisotropic_tuned
laser_path,moving-laser path,4,1.0,0.9,-55.0,1542.5792577151135,anisotropic_tuned
laser_path,moving-laser path,4,1.0,0.9,-35.0,1537.155306113141,anisotropic_tuned
laser_path,moving-laser path,4,1.0,0.9,-15.0,1533.4475851122527,anisotropic_tuned
laser_path,moving-laser path,4,1.0,0.9,0.0,1532.9941741823388,anisotropic_tuned
laser_path,moving-laser path,4,1.0,0.9,15.0,1534.6053735916564,anisotropic_tuned
laser_path,moving-laser path,4,1.0,0.9,35.0,1538.890533754237,anisotropic_tuned
laser_path,moving-laser path,4,1.0,0.9,55.0,1543.739895381041,anisotropic_tuned
laser_path,moving-laser path,4,1.35,0.18,-55.0,1787.9005631550503,anisotropic_tuned
laser_path,moving-laser path,4,1.35,0.18,-35.0,1791.7938347565046,anisotropic_tuned
laser_path,moving-laser path,4,1.35,0.18,-15.0,1753.5954168057797,anisotropic_tuned
laser_path,moving-laser path,4,1.35,0.18,0.0,1585.4596406870664,anisotropic_tuned
laser_path,moving-laser path,4,1.35,0.18,15.0,1751.8638936372822,anisotropic_tuned
laser_path,moving-laser path,4,1.35,0.18,35.0,1795.0610753261608,anisotropic_tuned
laser_path,moving-laser path,4,1.35,0.18,55.0,1793.9805621658586,anisotropic_tuned
laser_path,moving-laser path,4,1.35,0.28,-55.0,1713.3068244425774,anisotropic_tuned
laser_path,moving-laser path,4,1.35,0.28,-35.0,1687.9783090769886,anisotropic_tuned
laser_path,moving-laser path,4,1.35,0.28,-15.0,1643.4255253214983,anisotropic_tuned
laser_path,moving-laser path,4,1.35,0.28,0.0,1582.573787788166,anisotropic_tuned
laser_path,moving-laser path,4,1.35,0.28,15.0,1640.5580205715469,anisotropic_tuned
laser_path,moving-laser path,4,1.35,0.28,35.0,1708.8457800650608,anisotropic_tuned
laser_path,moving-laser path,4,1.35,0.28,55.0,1723.0639132206263,anisotropic_tuned
laser_path,moving-laser path,4,1.35,0.42,-55.0,1641.7416858696688,anisotropic_tuned
laser_path,moving-laser path,4,1.35,0.42,-35.0,1603.5137946559555,anisotropic_tuned
laser_path,moving-laser path,4,1.35,0.42,-15.0,1572.7987582336602,anisotropic_tuned
laser_path,moving-laser path,4,1.35,0.42,0.0,1562.2152780093047,anisotropic_tuned
laser_path,moving-laser path,4,1.35,0.42,15.0,1578.0606629277818,anisotropic_tuned
laser_path,moving-laser path,4,1.35,0.42,35.0,1616.645375695856,anisotropic_tuned
laser_path,moving-laser path,4,1.35,0.42,55.0,1642.982635157959,anisotropic_tuned
laser_path,moving-laser path,4,1.35,0.65,-55.0,1571.4631148369356,anisotropic_tuned
laser_path,moving-laser path,4,1.35,0.65,-35.0,1542.7916258103587,anisotropic_tuned
laser_path,moving-laser path,4,1.35,0.65,-15.0,1520.4836878014048,anisotropic_tuned
laser_path,moving-laser path,4,1.35,0.65,0.0,1515.3562040838308,anisotropic_tuned
laser_path,moving-laser path,4,1.35,0.65,15.0,1526.1525803261675,anisotropic_tuned
laser_path,moving-laser path,4,1.35,0.65,35.0,1553.4364465028154,anisotropic_tuned
laser_path,moving-laser path,4,1.35,0.65,55.0,1574.7163706312015,anisotropic_tuned
laser_path,moving-laser path,4,1.35,0.9,-55.0,1537.1445829006561,anisotropic_tuned
laser_path,moving-laser path,4,1.35,0.9,-35.0,1520.7689114712887,anisotropic_tuned
laser_path,moving-laser path,4,1.35,0.9,-15.0,1508.4892369797326,anisotropic_tuned
laser_path,moving-laser path,4,1.35,0.9,0.0,1507.3374526865425,anisotropic_tuned
laser_path,moving-laser path,4,1.35,0.9,15.0,1513.631874826252,anisotropic_tuned
laser_path,moving-laser path,4,1.35,0.9,35.0,1529.8591265358502,anisotropic_tuned
laser_path,moving-laser path,4,1.35,0.9,55.0,1543.4289518744686,anisotropic_tuned
laser_path,moving-laser path,4,1.75,0.18,-55.0,1743.596160883117,anisotropic_tuned
laser_path,moving-laser path,4,1.75,0.18,-35.0,1757.6842419117477,anisotropic_tuned
laser_path,moving-laser path,4,1.75,0.18,-15.0,1716.313568647156,anisotropic_tuned
laser_path,moving-laser path,4,1.75,0.18,0.0,1549.8360810602271,anisotropic_tuned
laser_path,moving-laser path,4,1.75,0.18,15.0,1711.2782319190112,anisotropic_tuned
laser_path,moving-laser path,4,1.75,0.18,35.0,1753.8787510520592,anisotropic_tuned
laser_path,moving-laser path,4,1.75,0.18,55.0,1752.9070460975731,anisotropic_tuned
laser_path,moving-laser path,4,1.75,0.28,-55.0,1690.0510145726407,anisotropic_tuned
laser_path,moving-laser path,4,1.75,0.28,-35.0,1663.7561804158381,anisotropic_tuned
laser_path,moving-laser path,4,1.75,0.28,-15.0,1612.3780968126064,anisotropic_tuned
laser_path,moving-laser path,4,1.75,0.28,0.0,1545.505370625114,anisotropic_tuned
laser_path,moving-laser path,4,1.75,0.28,15.0,1606.2236868902678,anisotropic_tuned
laser_path,moving-laser path,4,1.75,0.28,35.0,1679.214678372321,anisotropic_tuned
laser_path,moving-laser path,4,1.75,0.28,55.0,1704.500113495687,anisotropic_tuned
laser_path,moving-laser path,4,1.75,0.42,-55.0,1633.080073011632,anisotropic_tuned
laser_path,moving-laser path,4,1.75,0.42,-35.0,1590.8046741105888,anisotropic_tuned
laser_path,moving-laser path,4,1.75,0.42,-15.0,1551.3035501780612,anisotropic_tuned
laser_path,moving-laser path,4,1.75,0.42,0.0,1526.1528958147846,anisotropic_tuned
laser_path,moving-laser path,4,1.75,0.42,15.0,1555.9166344268046,anisotropic_tuned
laser_path,moving-laser path,4,1.75,0.42,35.0,1597.9992942604358,anisotropic_tuned
laser_path,moving-laser path,4,1.75,0.42,55.0,1639.2977358569665,anisotropic_tuned
laser_path,moving-laser path,4,1.75,0.65,-55.0,1569.1294732927433,anisotropic_tuned
laser_path,moving-laser path,4,1.75,0.65,-35.0,1540.121596795425,anisotropic_tuned
laser_path,moving-laser path,4,1.75,0.65,-15.0,1507.6690347486297,anisotropic_tuned
laser_path,moving-laser path,4,1.75,0.65,0.0,1492.4715328060367,anisotropic_tuned
laser_path,moving-laser path,4,1.75,0.65,15.0,1508.7402372950878,anisotropic_tuned
laser_path,moving-laser path,4,1.75,0.65,35.0,1546.2532922383573,anisotropic_tuned
laser_path,moving-laser path,4,1.75,0.65,55.0,1578.134761930222,anisotropic_tuned
laser_path,moving-laser path,4,1.75,0.9,-55.0,1536.3422913118768,anisotropic_tuned
laser_path,moving-laser path,4,1.75,0.9,-35.0,1520.2501799939505,anisotropic_tuned
laser_path,moving-laser path,4,1.75,0.9,-15.0,1503.089037868113,anisotropic_tuned
laser_path,moving-laser path,4,1.75,0.9,0.0,1492.305826153467,anisotropic_tuned
laser_path,moving-laser path,4,1.75,0.9,15.0,1498.7487118252507,anisotropic_tuned
laser_path,moving-laser path,4,1.75,0.9,35.0,1525.2288016313596,anisotropic_tuned
laser_path,moving-laser path,4,1.75,0.9,55.0,1550.056414689857,anisotropic_tuned
laser_path,moving-laser path,5,0.55,0.18,-55.0,1952.665231123703,anisotropic_tuned
laser_path,moving-laser path,5,0.55,0.18,-35.0,1952.5042060623073,anisotropic_tuned
laser_path,moving-laser path,5,0.55,0.18,-15.0,1910.3807230618577,anisotropic_tuned
laser_path,moving-laser path,5,0.55,0.18,0.0,1836.3842332984304,anisotropic_tuned
laser_path,moving-laser path,5,0.55,0.18,15.0,1910.3343025192407,anisotropic_tuned
laser_path,moving-laser path,5,0.55,0.18,35.0,1952.0765964146567,anisotropic_tuned
laser_path,moving-laser path,5,0.55,0.18,55.0,1952.3644847284677,anisotropic_tuned
laser_path,moving-laser path,5,0.55,0.28,-55.0,1894.8889817825097,anisotropic_tuned
laser_path,moving-laser path,5,0.55,0.28,-35.0,1893.9050093611381,anisotropic_tuned
laser_path,moving-laser path,5,0.55,0.28,-15.0,1853.004057558474,anisotropic_tuned
laser_path,moving-laser path,5,0.55,0.28,0.0,1825.7060223668277,anisotropic_tuned
laser_path,moving-laser path,5,0.55,0.28,15.0,1852.656591950124,anisotropic_tuned
laser_path,moving-laser path,5,0.55,0.28,35.0,1893.4064403613452,anisotropic_tuned
laser_path,moving-laser path,5,0.55,0.28,55.0,1894.714815769753,anisotropic_tuned
laser_path,moving-laser path,5,0.55,0.42,-55.0,1792.704389991386,anisotropic_tuned
laser_path,moving-laser path,5,0.55,0.42,-35.0,1790.3926532565138,anisotropic_tuned
laser_path,moving-laser path,5,0.55,0.42,-15.0,1780.8426426876126,anisotropic_tuned
laser_path,moving-laser path,5,0.55,0.42,0.0,1777.495068260453,anisotropic_tuned
laser_path,moving-laser path,5,0.55,0.42,15.0,1781.2454697915664,anisotropic_tuned
laser_path,moving-laser path,5,0.55,0.42,35.0,1791.169792794884,anisotropic_tuned
laser_path,moving-laser path,5,0.55,0.42,55.0,1794.2558594933907,anisotropic_tuned
laser_path,moving-laser path,5,0.55,0.65,-55.0,1675.240086732781,anisotropic_tuned
laser_path,moving-laser path,5,0.55,0.65,-35.0,1681.7683233080115,anisotropic_tuned
laser_path,moving-laser path,5,0.55,0.65,-15.0,1686.0595968792768,anisotropic_tuned
laser_path,moving-laser path,5,0.55,0.65,0.0,1687.1849709654002,anisotropic_tuned
laser_path,moving-laser path,5,0.55,0.65,15.0,1686.6159660111143,anisotropic_tuned
laser_path,moving-laser path,5,0.55,0.65,35.0,1682.604233136295,anisotropic_tuned
laser_path,moving-laser path,5,0.55,0.65,55.0,1676.1139501656048,anisotropic_tuned
laser_path,moving-laser path,5,0.55,0.9,-55.0,1617.7910157266201,anisotropic_tuned
laser_path,moving-laser path,5,0.55,0.9,-35.0,1640.5454669906198,anisotropic_tuned
laser_path,moving-laser path,5,0.55,0.9,-15.0,1647.453631041266,anisotropic_tuned
laser_path,moving-laser path,5,0.55,0.9,0.0,1644.8188364621742,anisotropic_tuned
laser_path,moving-laser path,5,0.55,0.9,15.0,1638.5557988137612,anisotropic_tuned
laser_path,moving-laser path,5,0.55,0.9,35.0,1630.9688318850303,anisotropic_tuned
laser_path,moving-laser path,5,0.55,0.9,55.0,1621.058892370541,anisotropic_tuned
laser_path,moving-laser path,5,0.75,0.18,-55.0,1908.0789022753343,anisotropic_tuned
laser_path,moving-laser path,5,0.75,0.18,-35.0,1907.9847307158816,anisotropic_tuned
laser_path,moving-laser path,5,0.75,0.18,-15.0,1853.0576763715171,anisotropic_tuned
laser_path,moving-laser path,5,0.75,0.18,0.0,1721.0375632468522,anisotropic_tuned
laser_path,moving-laser path,5,0.75,0.18,15.0,1853.0263495253457,anisotropic_tuned
laser_path,moving-laser path,5,0.75,0.18,35.0,1907.0027697914143,anisotropic_tuned
laser_path,moving-laser path,5,0.75,0.18,55.0,1907.603903490875,anisotropic_tuned
laser_path,moving-laser path,5,0.75,0.28,-55.0,1823.6718798817697,anisotropic_tuned
laser_path,moving-laser path,5,0.75,0.28,-35.0,1822.928780769923,anisotropic_tuned
laser_path,moving-laser path,5,0.75,0.28,-15.0,1760.915897570998,anisotropic_tuned
laser_path,moving-laser path,5,0.75,0.28,0.0,1713.6357029139058,anisotropic_tuned
laser_path,moving-laser path,5,0.75,0.28,15.0,1759.437901663152,anisotropic_tuned
laser_path,moving-laser path,5,0.75,0.28,35.0,1820.889908951854,anisotropic_tuned
laser_path,moving-laser path,5,0.75,0.28,55.0,1825.3777809648464,anisotropic_tuned
laser_path,moving-laser path,5,0.75,0.42,-55.0,1719.9749843061177,anisotropic_tuned
laser_path,moving-laser path,5,0.75,0.42,-35.0,1708.6787839293033,anisotropic_tuned
laser_path,moving-laser path,5,0.75,0.42,-15.0,1687.8736916833536,anisotropic_tuned
laser_path,moving-laser path,5,0.75,0.42,0.0,1678.007434450005,anisotropic_tuned
laser_path,moving-laser path,5,0.75,0.42,15.0,1684.9414805597485,anisotropic_tuned
laser_path,moving-laser path,5,0.75,0.42,35.0,1707.392626788197,anisotropic_tuned
laser_path,moving-laser path,5,0.75,0.42,55.0,1724.7375567797653,anisotropic_tuned
laser_path,moving-laser path,5,0.75,0.65,-55.0,1623.8111675543546,anisotropic_tuned
laser_path,moving-laser path,5,0.75,0.65,-35.0,1619.0453928921152,anisotropic_tuned
laser_path,moving-laser path,5,0.75,0.65,-15.0,1613.4713080112151,anisotropic_tuned
laser_path,moving-laser path,5,0.75,0.65,0.0,1611.14775150275,anisotropic_tuned
laser_path,moving-laser path,5,0.75,0.65,15.0,1612.146328860029,anisotropic_tuned
laser_path,moving-laser path,5,0.75,0.65,35.0,1617.9111101491767,anisotropic_tuned
laser_path,moving-laser path,5,0.75,0.65,55.0,1624.4997208579666,anisotropic_tuned
laser_path,moving-laser path,5,0.75,0.9,-55.0,1578.9278880735442,anisotropic_tuned
laser_path,moving-laser path,5,0.75,0.9,-35.0,1586.506171748656,anisotropic_tuned
laser_path,moving-laser path,5,0.75,0.9,-15.0,1589.3391967063321,anisotropic_tuned
laser_path,moving-laser path,5,0.75,0.9,0.0,1588.5049188025973,anisotropic_tuned
laser_path,moving-laser path,5,0.75,0.9,15.0,1586.059098866569,anisotropic_tuned
laser_path,moving-laser path,5,0.75,0.9,35.0,1581.372097425592,anisotropic_tuned
laser_path,moving-laser path,5,0.75,0.9,55.0,1575.7430743288423,anisotropic_tuned
laser_path,moving-laser path,5,1.0,0.18,-55.0,1854.8023204201327,anisotropic_tuned
laser_path,moving-laser path,5,1.0,0.18,-35.0,1852.8682873489006,anisotropic_tuned
laser_path,moving-laser path,5,1.0,0.18,-15.0,1802.2380832778867,anisotropic_tuned
laser_path,moving-laser path,5,1.0,0.18,0.0,1646.7768257324155,anisotropic_tuned
laser_path,moving-laser path,5,1.0,0.18,15.0,1802.010595411451,anisotropic_tuned
laser_path,moving-laser path,5,1.0,0.18,35.0,1853.7282170406238,anisotropic_tuned
laser_path,moving-laser path,5,1.0,0.18,55.0,1854.7450278282731,anisotropic_tuned
laser_path,moving-laser path,5,1.0,0.28,-55.0,1755.4541992642544,anisotropic_tuned
laser_path,moving-laser path,5,1.0,0.28,-35.0,1756.8613528174924,anisotropic_tuned
laser_path,moving-laser path,5,1.0,0.28,-15.0,1693.5590195465793,anisotropic_tuned
laser_path,moving-laser path,5,1.0,0.28,0.0,1640.37926696678,anisotropic_tuned
laser_path,moving-laser path,5,1.0,0.28,15.0,1692.5359411541285,anisotropic_tuned
laser_path,moving-laser path,5,1.0,0.28,35.0,1755.8529375997996,anisotropic_tuned
laser_path,moving-laser path,5,1.0,0.28,55.0,1767.0231084259194,anisotropic_tuned
laser_path,moving-laser path,5,1.0,0.42,-55.0,1665.2541178057763,anisotropic_tuned
laser_path,moving-laser path,5,1.0,0.42,-35.0,1656.4203941925389,anisotropic_tuned
laser_path,moving-laser path,5,1.0,0.42,-15.0,1627.048975422364,anisotropic_tuned
laser_path,moving-laser path,5,1.0,0.42,0.0,1609.5941365892654,anisotropic_tuned
laser_path,moving-laser path,5,1.0,0.42,15.0,1618.598421230744,anisotropic_tuned
laser_path,moving-laser path,5,1.0,0.42,35.0,1656.46267631723,anisotropic_tuned
laser_path,moving-laser path,5,1.0,0.42,55.0,1682.2652754773817,anisotropic_tuned
laser_path,moving-laser path,5,1.0,0.65,-55.0,1593.540348871592,anisotropic_tuned
laser_path,moving-laser path,5,1.0,0.65,-35.0,1582.008788318718,anisotropic_tuned
laser_path,moving-laser path,5,1.0,0.65,-15.0,1567.3324420136914,anisotropic_tuned
laser_path,moving-laser path,5,1.0,0.65,0.0,1558.2044729802287,anisotropic_tuned
laser_path,moving-laser path,5,1.0,0.65,15.0,1561.9669125505843,anisotropic_tuned
laser_path,moving-laser path,5,1.0,0.65,35.0,1584.4626501864764,anisotropic_tuned
laser_path,moving-laser path,5,1.0,0.65,55.0,1603.041342439144,anisotropic_tuned
laser_path,moving-laser path,5,1.0,0.9,-55.0,1557.1548918845647,anisotropic_tuned
laser_path,moving-laser path,5,1.0,0.9,-35.0,1552.3957428911403,anisotropic_tuned
laser_path,moving-laser path,5,1.0,0.9,-15.0,1549.0420751301695,anisotropic_tuned
laser_path,moving-laser path,5,1.0,0.9,0.0,1548.5282370308537,anisotropic_tuned
laser_path,moving-laser path,5,1.0,0.9,15.0,1549.7454901920887,anisotropic_tuned
laser_path,moving-laser path,5,1.0,0.9,35.0,1553.1908100497344,anisotropic_tuned
laser_path,moving-laser path,5,1.0,0.9,55.0,1557.3534801532373,anisotropic_tuned
laser_path,moving-laser path,5,1.35,0.18,-55.0,1801.2517834056216,anisotropic_tuned
laser_path,moving-laser path,5,1.35,0.18,-35.0,1797.663806935399,anisotropic_tuned
laser_path,moving-laser path,5,1.35,0.18,-15.0,1753.8777986715336,anisotropic_tuned
laser_path,moving-laser path,5,1.35,0.18,0.0,1588.984270084327,anisotropic_tuned
laser_path,moving-laser path,5,1.35,0.18,15.0,1753.138187466826,anisotropic_tuned
laser_path,moving-laser path,5,1.35,0.18,35.0,1803.9095783671582,anisotropic_tuned
laser_path,moving-laser path,5,1.35,0.18,55.0,1802.8595486313775,anisotropic_tuned
laser_path,moving-laser path,5,1.35,0.28,-55.0,1721.655632978353,anisotropic_tuned
laser_path,moving-laser path,5,1.35,0.28,-35.0,1705.3929624168131,anisotropic_tuned
laser_path,moving-laser path,5,1.35,0.28,-15.0,1641.1372411526513,anisotropic_tuned
laser_path,moving-laser path,5,1.35,0.28,0.0,1583.4135073493617,anisotropic_tuned
laser_path,moving-laser path,5,1.35,0.28,15.0,1642.7266776826746,anisotropic_tuned
laser_path,moving-laser path,5,1.35,0.28,35.0,1719.9741423033488,anisotropic_tuned
laser_path,moving-laser path,5,1.35,0.28,55.0,1734.9442200603125,anisotropic_tuned
laser_path,moving-laser path,5,1.35,0.42,-55.0,1653.7818346395848,anisotropic_tuned
laser_path,moving-laser path,5,1.35,0.42,-35.0,1622.2175111443526,anisotropic_tuned
laser_path,moving-laser path,5,1.35,0.42,-15.0,1577.2230821888952,anisotropic_tuned
laser_path,moving-laser path,5,1.35,0.42,0.0,1559.292105459087,anisotropic_tuned
laser_path,moving-laser path,5,1.35,0.42,15.0,1573.8984890887705,anisotropic_tuned
laser_path,moving-laser path,5,1.35,0.42,35.0,1633.9758191517185,anisotropic_tuned
laser_path,moving-laser path,5,1.35,0.42,55.0,1660.745048688384,anisotropic_tuned
laser_path,moving-laser path,5,1.35,0.65,-55.0,1596.6864027254328,anisotropic_tuned
laser_path,moving-laser path,5,1.35,0.65,-35.0,1564.63299356869,anisotropic_tuned
laser_path,moving-laser path,5,1.35,0.65,-15.0,1532.1160117078584,anisotropic_tuned
laser_path,moving-laser path,5,1.35,0.65,0.0,1521.9312854306982,anisotropic_tuned
laser_path,moving-laser path,5,1.35,0.65,15.0,1533.215437808347,anisotropic_tuned
laser_path,moving-laser path,5,1.35,0.65,35.0,1567.3324380740364,anisotropic_tuned
laser_path,moving-laser path,5,1.35,0.65,55.0,1593.5299067336464,anisotropic_tuned
laser_path,moving-laser path,5,1.35,0.9,-55.0,1566.2930396474035,anisotropic_tuned
laser_path,moving-laser path,5,1.35,0.9,-35.0,1542.1685782016666,anisotropic_tuned
laser_path,moving-laser path,5,1.35,0.9,-15.0,1522.8668441293412,anisotropic_tuned
laser_path,moving-laser path,5,1.35,0.9,0.0,1518.8529011198907,anisotropic_tuned
laser_path,moving-laser path,5,1.35,0.9,15.0,1524.1125551037617,anisotropic_tuned
laser_path,moving-laser path,5,1.35,0.9,35.0,1538.24450494141,anisotropic_tuned
laser_path,moving-laser path,5,1.35,0.9,55.0,1556.2994967432905,anisotropic_tuned
laser_path,moving-laser path,5,1.75,0.18,-55.0,1763.7655142649446,anisotropic_tuned
laser_path,moving-laser path,5,1.75,0.18,-35.0,1764.527326816772,anisotropic_tuned
laser_path,moving-laser path,5,1.75,0.18,-15.0,1713.1399399266138,anisotropic_tuned
laser_path,moving-laser path,5,1.75,0.18,0.0,1550.7903545524532,anisotropic_tuned
laser_path,moving-laser path,5,1.75,0.18,15.0,1710.7823095987628,anisotropic_tuned
laser_path,moving-laser path,5,1.75,0.18,35.0,1765.3764992142096,anisotropic_tuned
laser_path,moving-laser path,5,1.75,0.18,55.0,1767.748508523669,anisotropic_tuned
laser_path,moving-laser path,5,1.75,0.28,-55.0,1716.203564906008,anisotropic_tuned
laser_path,moving-laser path,5,1.75,0.28,-35.0,1689.9107495433268,anisotropic_tuned
laser_path,moving-laser path,5,1.75,0.28,-15.0,1609.3679504037095,anisotropic_tuned
laser_path,moving-laser path,5,1.75,0.28,0.0,1546.2464904801814,anisotropic_tuned
laser_path,moving-laser path,5,1.75,0.28,15.0,1608.521127647853,anisotropic_tuned
laser_path,moving-laser path,5,1.75,0.28,35.0,1691.774668366149,anisotropic_tuned
laser_path,moving-laser path,5,1.75,0.28,55.0,1729.1066093339045,anisotropic_tuned
laser_path,moving-laser path,5,1.75,0.42,-55.0,1669.6769295580611,anisotropic_tuned
laser_path,moving-laser path,5,1.75,0.42,-35.0,1627.8441573485288,anisotropic_tuned
laser_path,moving-laser path,5,1.75,0.42,-15.0,1554.5223900040296,anisotropic_tuned
laser_path,moving-laser path,5,1.75,0.42,0.0,1527.1174445888191,anisotropic_tuned
laser_path,moving-laser path,5,1.75,0.42,15.0,1552.2571940939984,anisotropic_tuned
laser_path,moving-laser path,5,1.75,0.42,35.0,1620.9853171573568,anisotropic_tuned
laser_path,moving-laser path,5,1.75,0.42,55.0,1670.4103047607855,anisotropic_tuned
laser_path,moving-laser path,5,1.75,0.65,-55.0,1621.054770231508,anisotropic_tuned
laser_path,moving-laser path,5,1.75,0.65,-35.0,1580.7322571796635,anisotropic_tuned
laser_path,moving-laser path,5,1.75,0.65,-15.0,1523.130322168166,anisotropic_tuned
laser_path,moving-laser path,5,1.75,0.65,0.0,1499.6315456410912,anisotropic_tuned
laser_path,moving-laser path,5,1.75,0.65,15.0,1519.1219342356035,anisotropic_tuned
laser_path,moving-laser path,5,1.75,0.65,35.0,1562.2969796193283,anisotropic_tuned
laser_path,moving-laser path,5,1.75,0.65,55.0,1613.15959802902,anisotropic_tuned
laser_path,moving-laser path,5,1.75,0.9,-55.0,1597.2804298353267,anisotropic_tuned
laser_path,moving-laser path,5,1.75,0.9,-35.0,1561.6130749797967,anisotropic_tuned
laser_path,moving-laser path,5,1.75,0.9,-15.0,1520.5936773905787,anisotropic_tuned
laser_path,moving-laser path,5,1.75,0.9,0.0,1502.426876490848,anisotropic_tuned
laser_path,moving-laser path,5,1.75,0.9,15.0,1509.008503333584,anisotropic_tuned
laser_path,moving-laser path,5,1.75,0.9,35.0,1537.8831164488483,anisotropic_tuned
laser_path,moving-laser path,5,1.75,0.9,55.0,1580.3775553746505,anisotropic_tuned
laser_path,moving-laser path,6,0.55,0.18,-55.0,1945.8293445231707,anisotropic_tuned
laser_path,moving-laser path,6,0.55,0.18,-35.0,1945.4681067426488,anisotropic_tuned
laser_path,moving-laser path,6,0.55,0.18,-15.0,1903.3082692742366,anisotropic_tuned
laser_path,moving-laser path,6,0.55,0.18,0.0,1830.4725855808076,anisotropic_tuned
laser_path,moving-laser path,6,0.55,0.18,15.0,1903.3222699513965,anisotropic_tuned
laser_path,moving-laser path,6,0.55,0.18,35.0,1945.1686269275863,anisotropic_tuned
laser_path,moving-laser path,6,0.55,0.18,55.0,1945.5601164670081,anisotropic_tuned
laser_path,moving-laser path,6,0.55,0.28,-55.0,1888.6609077141447,anisotropic_tuned
laser_path,moving-laser path,6,0.55,0.28,-35.0,1887.1566555777558,anisotropic_tuned
laser_path,moving-laser path,6,0.55,0.28,-15.0,1846.4509865655714,anisotropic_tuned
laser_path,moving-laser path,6,0.55,0.28,0.0,1820.1180324046395,anisotropic_tuned
laser_path,moving-laser path,6,0.55,0.28,15.0,1846.3207879586375,anisotropic_tuned
laser_path,moving-laser path,6,0.55,0.28,35.0,1886.8619890745354,anisotropic_tuned
laser_path,moving-laser path,6,0.55,0.28,55.0,1888.6313919140807,anisotropic_tuned
laser_path,moving-laser path,6,0.55,0.42,-55.0,1787.6255666273225,anisotropic_tuned
laser_path,moving-laser path,6,0.55,0.42,-35.0,1785.5537855576567,anisotropic_tuned
laser_path,moving-laser path,6,0.55,0.42,-15.0,1775.9486590047059,anisotropic_tuned
laser_path,moving-laser path,6,0.55,0.42,0.0,1772.340586277872,anisotropic_tuned
laser_path,moving-laser path,6,0.55,0.42,15.0,1775.9224549929754,anisotropic_tuned
laser_path,moving-laser path,6,0.55,0.42,35.0,1785.3119522557217,anisotropic_tuned
laser_path,moving-laser path,6,0.55,0.42,55.0,1787.5339154608282,anisotropic_tuned
laser_path,moving-laser path,6,0.55,0.65,-55.0,1672.5156630993465,anisotropic_tuned
laser_path,moving-laser path,6,0.55,0.65,-35.0,1677.4372240436496,anisotropic_tuned
laser_path,moving-laser path,6,0.55,0.65,-15.0,1680.350152146405,anisotropic_tuned
laser_path,moving-laser path,6,0.55,0.65,0.0,1680.63626509705,anisotropic_tuned
laser_path,moving-laser path,6,0.55,0.65,15.0,1679.4492223532977,anisotropic_tuned
laser_path,moving-laser path,6,0.55,0.65,35.0,1676.0615908354464,anisotropic_tuned
laser_path,moving-laser path,6,0.55,0.65,55.0,1671.5296516246085,anisotropic_tuned
laser_path,moving-laser path,6,0.55,0.9,-55.0,1623.1731700004395,anisotropic_tuned
laser_path,moving-laser path,6,0.55,0.9,-35.0,1635.0414527570986,anisotropic_tuned
laser_path,moving-laser path,6,0.55,0.9,-15.0,1645.5919495396686,anisotropic_tuned
laser_path,moving-laser path,6,0.55,0.9,0.0,1645.1050895409687,anisotropic_tuned
laser_path,moving-laser path,6,0.55,0.9,15.0,1640.068615704619,anisotropic_tuned
laser_path,moving-laser path,6,0.55,0.9,35.0,1624.3614784619588,anisotropic_tuned
laser_path,moving-laser path,6,0.55,0.9,55.0,1608.8641694449707,anisotropic_tuned
laser_path,moving-laser path,6,0.75,0.18,-55.0,1901.5472798287585,anisotropic_tuned
laser_path,moving-laser path,6,0.75,0.18,-35.0,1901.1425829774346,anisotropic_tuned
laser_path,moving-laser path,6,0.75,0.18,-15.0,1846.8874280325385,anisotropic_tuned
laser_path,moving-laser path,6,0.75,0.18,0.0,1718.1238757521028,anisotropic_tuned
laser_path,moving-laser path,6,0.75,0.18,15.0,1846.7001159953254,anisotropic_tuned
laser_path,moving-laser path,6,0.75,0.18,35.0,1900.6967189297723,anisotropic_tuned
laser_path,moving-laser path,6,0.75,0.18,55.0,1901.116119527867,anisotropic_tuned
laser_path,moving-laser path,6,0.75,0.28,-55.0,1819.9555679804787,anisotropic_tuned
laser_path,moving-laser path,6,0.75,0.28,-35.0,1816.274072191736,anisotropic_tuned
laser_path,moving-laser path,6,0.75,0.28,-15.0,1756.872363214215,anisotropic_tuned
laser_path,moving-laser path,6,0.75,0.28,0.0,1710.3960074595477,anisotropic_tuned
laser_path,moving-laser path,6,0.75,0.28,15.0,1757.2842299405622,anisotropic_tuned
laser_path,moving-laser path,6,0.75,0.28,35.0,1816.433231097362,anisotropic_tuned
laser_path,moving-laser path,6,0.75,0.28,55.0,1822.4739386843905,anisotropic_tuned
laser_path,moving-laser path,6,0.75,0.42,-55.0,1715.042815694914,anisotropic_tuned
laser_path,moving-laser path,6,0.75,0.42,-35.0,1704.4070347490301,anisotropic_tuned
laser_path,moving-laser path,6,0.75,0.42,-15.0,1684.385900753425,anisotropic_tuned
laser_path,moving-laser path,6,0.75,0.42,0.0,1674.894620072383,anisotropic_tuned
laser_path,moving-laser path,6,0.75,0.42,15.0,1685.3396577932472,anisotropic_tuned
laser_path,moving-laser path,6,0.75,0.42,35.0,1707.303424886078,anisotropic_tuned
laser_path,moving-laser path,6,0.75,0.42,55.0,1721.03171986748,anisotropic_tuned
laser_path,moving-laser path,6,0.75,0.65,-55.0,1619.2726383763131,anisotropic_tuned
laser_path,moving-laser path,6,0.75,0.65,-35.0,1613.5032493030271,anisotropic_tuned
laser_path,moving-laser path,6,0.75,0.65,-15.0,1609.8191759594467,anisotropic_tuned
laser_path,moving-laser path,6,0.75,0.65,0.0,1609.603020521018,anisotropic_tuned
laser_path,moving-laser path,6,0.75,0.65,15.0,1611.8589592666765,anisotropic_tuned
laser_path,moving-laser path,6,0.75,0.65,35.0,1617.215593492125,anisotropic_tuned
laser_path,moving-laser path,6,0.75,0.65,55.0,1622.7487510318774,anisotropic_tuned
laser_path,moving-laser path,6,0.75,0.9,-55.0,1581.386260321581,anisotropic_tuned
laser_path,moving-laser path,6,0.75,0.9,-35.0,1587.1567613099685,anisotropic_tuned
laser_path,moving-laser path,6,0.75,0.9,-15.0,1589.1101541534676,anisotropic_tuned
laser_path,moving-laser path,6,0.75,0.9,0.0,1587.6852672816783,anisotropic_tuned
laser_path,moving-laser path,6,0.75,0.9,15.0,1584.612580122993,anisotropic_tuned
laser_path,moving-laser path,6,0.75,0.9,35.0,1579.0888616228053,anisotropic_tuned
laser_path,moving-laser path,6,0.75,0.9,55.0,1573.231491708734,anisotropic_tuned
laser_path,moving-laser path,6,1.0,0.18,-55.0,1846.7267330552013,anisotropic_tuned
laser_path,moving-laser path,6,1.0,0.18,-35.0,1845.9459210804437,anisotropic_tuned
laser_path,moving-laser path,6,1.0,0.18,-15.0,1797.1717599160738,anisotropic_tuned
laser_path,moving-laser path,6,1.0,0.18,0.0,1641.098759759577,anisotropic_tuned
laser_path,moving-laser path,6,1.0,0.18,15.0,1796.7067886859877,anisotropic_tuned
laser_path,moving-laser path,6,1.0,0.18,35.0,1847.5271604959462,anisotropic_tuned
laser_path,moving-laser path,6,1.0,0.18,55.0,1848.6401919099771,anisotropic_tuned
laser_path,moving-laser path,6,1.0,0.28,-55.0,1754.1700467789149,anisotropic_tuned
laser_path,moving-laser path,6,1.0,0.28,-35.0,1743.6603159212118,anisotropic_tuned
laser_path,moving-laser path,6,1.0,0.28,-15.0,1691.5796686911679,anisotropic_tuned
laser_path,moving-laser path,6,1.0,0.28,0.0,1635.7129494325939,anisotropic_tuned
laser_path,moving-laser path,6,1.0,0.28,15.0,1690.66587485215,anisotropic_tuned
laser_path,moving-laser path,6,1.0,0.28,35.0,1755.041359686108,anisotropic_tuned
laser_path,moving-laser path,6,1.0,0.28,55.0,1761.5027777362027,anisotropic_tuned
laser_path,moving-laser path,6,1.0,0.42,-55.0,1662.4317854306983,anisotropic_tuned
laser_path,moving-laser path,6,1.0,0.42,-35.0,1643.1090537872658,anisotropic_tuned
laser_path,moving-laser path,6,1.0,0.42,-15.0,1619.0872580568957,anisotropic_tuned
laser_path,moving-laser path,6,1.0,0.42,0.0,1609.3559013698618,anisotropic_tuned
laser_path,moving-laser path,6,1.0,0.42,15.0,1627.5290249445752,anisotropic_tuned
laser_path,moving-laser path,6,1.0,0.42,35.0,1661.8429696526528,anisotropic_tuned
laser_path,moving-laser path,6,1.0,0.42,55.0,1676.2043066450885,anisotropic_tuned
laser_path,moving-laser path,6,1.0,0.65,-55.0,1585.8216292465272,anisotropic_tuned
laser_path,moving-laser path,6,1.0,0.65,-35.0,1570.4145227392721,anisotropic_tuned
laser_path,moving-laser path,6,1.0,0.65,-15.0,1562.7007432896107,anisotropic_tuned
laser_path,moving-laser path,6,1.0,0.65,0.0,1563.951864909141,anisotropic_tuned
laser_path,moving-laser path,6,1.0,0.65,15.0,1572.505851144077,anisotropic_tuned
laser_path,moving-laser path,6,1.0,0.65,35.0,1587.7685106526585,anisotropic_tuned
laser_path,moving-laser path,6,1.0,0.65,55.0,1601.6769215801253,anisotropic_tuned
laser_path,moving-laser path,6,1.0,0.9,-55.0,1551.0846824091655,anisotropic_tuned
laser_path,moving-laser path,6,1.0,0.9,-35.0,1548.4479476065274,anisotropic_tuned
laser_path,moving-laser path,6,1.0,0.9,-15.0,1547.7809623519838,anisotropic_tuned
laser_path,moving-laser path,6,1.0,0.9,0.0,1548.735423641385,anisotropic_tuned
laser_path,moving-laser path,6,1.0,0.9,15.0,1550.688595377634,anisotropic_tuned
laser_path,moving-laser path,6,1.0,0.9,35.0,1554.0822847539264,anisotropic_tuned
laser_path,moving-laser path,6,1.0,0.9,55.0,1556.9259183734473,anisotropic_tuned
laser_path,moving-laser path,6,1.35,0.18,-55.0,1787.6372779465626,anisotropic_tuned
laser_path,moving-laser path,6,1.35,0.18,-35.0,1789.4973189570292,anisotropic_tuned
laser_path,moving-laser path,6,1.35,0.18,-15.0,1750.3885654090834,anisotropic_tuned
laser_path,moving-laser path,6,1.35,0.18,0.0,1584.4123351030487,anisotropic_tuned
laser_path,moving-laser path,6,1.35,0.18,15.0,1748.6180357378337,anisotropic_tuned
laser_path,moving-laser path,6,1.35,0.18,35.0,1797.547111264549,anisotropic_tuned
laser_path,moving-laser path,6,1.35,0.18,55.0,1796.024785767451,anisotropic_tuned
laser_path,moving-laser path,6,1.35,0.28,-55.0,1705.2041031510835,anisotropic_tuned
laser_path,moving-laser path,6,1.35,0.28,-35.0,1685.7652877666706,anisotropic_tuned
laser_path,moving-laser path,6,1.35,0.28,-15.0,1641.2819029964442,anisotropic_tuned
laser_path,moving-laser path,6,1.35,0.28,0.0,1581.0090069366706,anisotropic_tuned
laser_path,moving-laser path,6,1.35,0.28,15.0,1635.524726156274,anisotropic_tuned
laser_path,moving-laser path,6,1.35,0.28,35.0,1708.606134012156,anisotropic_tuned
laser_path,moving-laser path,6,1.35,0.28,55.0,1721.6634537950938,anisotropic_tuned
laser_path,moving-laser path,6,1.35,0.42,-55.0,1633.6509847867778,anisotropic_tuned
laser_path,moving-laser path,6,1.35,0.42,-35.0,1602.160071231033,anisotropic_tuned
laser_path,moving-laser path,6,1.35,0.42,-15.0,1574.2279991713388,anisotropic_tuned
laser_path,moving-laser path,6,1.35,0.42,0.0,1561.6093218870421,anisotropic_tuned
laser_path,moving-laser path,6,1.35,0.42,15.0,1579.546652531513,anisotropic_tuned
laser_path,moving-laser path,6,1.35,0.42,35.0,1624.7137869870417,anisotropic_tuned
laser_path,moving-laser path,6,1.35,0.42,55.0,1652.5198977867883,anisotropic_tuned
laser_path,moving-laser path,6,1.35,0.65,-55.0,1568.1762037772726,anisotropic_tuned
laser_path,moving-laser path,6,1.35,0.65,-35.0,1543.6466250023009,anisotropic_tuned
laser_path,moving-laser path,6,1.35,0.65,-15.0,1530.85439082063,anisotropic_tuned
laser_path,moving-laser path,6,1.35,0.65,0.0,1531.969663034063,anisotropic_tuned
laser_path,moving-laser path,6,1.35,0.65,15.0,1542.0581083459513,anisotropic_tuned
laser_path,moving-laser path,6,1.35,0.65,35.0,1563.296461548249,anisotropic_tuned
laser_path,moving-laser path,6,1.35,0.65,55.0,1593.8149733311723,anisotropic_tuned
laser_path,moving-laser path,6,1.35,0.9,-55.0,1537.9888532578254,anisotropic_tuned
laser_path,moving-laser path,6,1.35,0.9,-35.0,1525.8713026428588,anisotropic_tuned
laser_path,moving-laser path,6,1.35,0.9,-15.0,1520.3513703225995,anisotropic_tuned
laser_path,moving-laser path,6,1.35,0.9,0.0,1522.9210039085149,anisotropic_tuned
laser_path,moving-laser path,6,1.35,0.9,15.0,1527.1731862556553,anisotropic_tuned
laser_path,moving-laser path,6,1.35,0.9,35.0,1539.476582173674,anisotropic_tuned
laser_path,moving-laser path,6,1.35,0.9,55.0,1551.5574028771753,anisotropic_tuned
laser_path,moving-laser path,6,1.75,0.18,-55.0,1744.9537966665143,anisotropic_tuned
laser_path,moving-laser path,6,1.75,0.18,-35.0,1752.5146616627655,anisotropic_tuned
laser_path,moving-laser path,6,1.75,0.18,-15.0,1711.30403468682,anisotropic_tuned
laser_path,moving-laser path,6,1.75,0.18,0.0,1552.459262424104,anisotropic_tuned
laser_path,moving-laser path,6,1.75,0.18,15.0,1707.8207009179412,anisotropic_tuned
laser_path,moving-laser path,6,1.75,0.18,35.0,1759.333582317705,anisotropic_tuned
laser_path,moving-laser path,6,1.75,0.18,55.0,1756.47863800498,anisotropic_tuned
laser_path,moving-laser path,6,1.75,0.28,-55.0,1687.3144727693618,anisotropic_tuned
laser_path,moving-laser path,6,1.75,0.28,-35.0,1659.8388887557196,anisotropic_tuned
laser_path,moving-laser path,6,1.75,0.28,-15.0,1611.5811251640532,anisotropic_tuned
laser_path,moving-laser path,6,1.75,0.28,0.0,1547.9054469257705,anisotropic_tuned
laser_path,moving-laser path,6,1.75,0.28,15.0,1599.7472350993755,anisotropic_tuned
laser_path,moving-laser path,6,1.75,0.28,35.0,1681.5742297436746,anisotropic_tuned
laser_path,moving-laser path,6,1.75,0.28,55.0,1698.6261597623172,anisotropic_tuned
laser_path,moving-laser path,6,1.75,0.42,-55.0,1630.5843401988946,anisotropic_tuned
laser_path,moving-laser path,6,1.75,0.42,-35.0,1591.1568614271134,anisotropic_tuned
laser_path,moving-laser path,6,1.75,0.42,-15.0,1549.8464639838373,anisotropic_tuned
laser_path,moving-laser path,6,1.75,0.42,0.0,1529.0190668571463,anisotropic_tuned
laser_path,moving-laser path,6,1.75,0.42,15.0,1551.428061876137,anisotropic_tuned
laser_path,moving-laser path,6,1.75,0.42,35.0,1607.632756880471,anisotropic_tuned
laser_path,moving-laser path,6,1.75,0.42,55.0,1642.7382392779953,anisotropic_tuned
laser_path,moving-laser path,6,1.75,0.65,-55.0,1574.9499826032009,anisotropic_tuned
laser_path,moving-laser path,6,1.75,0.65,-35.0,1544.1404027862138,anisotropic_tuned
laser_path,moving-laser path,6,1.75,0.65,-15.0,1513.6378957822283,anisotropic_tuned
laser_path,moving-laser path,6,1.75,0.65,0.0,1509.4566225369215,anisotropic_tuned
laser_path,moving-laser path,6,1.75,0.65,15.0,1519.1569733869349,anisotropic_tuned
laser_path,moving-laser path,6,1.75,0.65,35.0,1553.4529151347376,anisotropic_tuned
laser_path,moving-laser path,6,1.75,0.65,55.0,1590.9339004357173,anisotropic_tuned
laser_path,moving-laser path,6,1.75,0.9,-55.0,1547.3114703295307,anisotropic_tuned
laser_path,moving-laser path,6,1.75,0.9,-35.0,1526.7490160674574,anisotropic_tuned
laser_path,moving-laser path,6,1.75,0.9,-15.0,1510.3746488974941,anisotropic_tuned
laser_path,moving-laser path,6,1.75,0.9,0.0,1502.5607287735365,anisotropic_tuned
laser_path,moving-laser path,6,1.75,0.9,15.0,1508.0441262172537,anisotropic_tuned
laser_path,moving-laser path,6,1.75,0.9,35.0,1531.2169259978032,anisotropic_tuned
laser_path,moving-laser path,6,1.75,0.9,55.0,1553.1247501849236,anisotropic_tuned
laser_path,moving-laser path,7,0.55,0.18,-55.0,1960.0064586255612,anisotropic_tuned
laser_path,moving-laser path,7,0.55,0.18,-35.0,1959.2894590074975,anisotropic_tuned
laser_path,moving-laser path,7,0.55,0.18,-15.0,1916.8194170653933,anisotropic_tuned
laser_path,moving-laser path,7,0.55,0.18,0.0,1842.6540648022697,anisotropic_tuned
laser_path,moving-laser path,7,0.55,0.18,15.0,1916.8078163432865,anisotropic_tuned
laser_path,moving-laser path,7,0.55,0.18,35.0,1958.947277386198,anisotropic_tuned
laser_path,moving-laser path,7,0.55,0.18,55.0,1959.7888659703867,anisotropic_tuned
laser_path,moving-laser path,7,0.55,0.28,-55.0,1902.1684484593939,anisotropic_tuned
laser_path,moving-laser path,7,0.55,0.28,-35.0,1900.2477551581123,anisotropic_tuned
laser_path,moving-laser path,7,0.55,0.28,-15.0,1859.2559373729955,anisotropic_tuned
laser_path,moving-laser path,7,0.55,0.28,0.0,1831.4801171035188,anisotropic_tuned
laser_path,moving-laser path,7,0.55,0.28,15.0,1859.0192873529454,anisotropic_tuned
laser_path,moving-laser path,7,0.55,0.28,35.0,1899.8956436385397,anisotropic_tuned
laser_path,moving-laser path,7,0.55,0.28,55.0,1902.4151279457674,anisotropic_tuned
laser_path,moving-laser path,7,0.55,0.42,-55.0,1798.836579627594,anisotropic_tuned
laser_path,moving-laser path,7,0.55,0.42,-35.0,1796.2228034443488,anisotropic_tuned
laser_path,moving-laser path,7,0.55,0.42,-15.0,1785.5558329485962,anisotropic_tuned
laser_path,moving-laser path,7,0.55,0.42,0.0,1781.1216815096718,anisotropic_tuned
laser_path,moving-laser path,7,0.55,0.42,15.0,1785.2651039141779,anisotropic_tuned
laser_path,moving-laser path,7,0.55,0.42,35.0,1796.0058249775366,anisotropic_tuned
laser_path,moving-laser path,7,0.55,0.42,55.0,1798.8930328613014,anisotropic_tuned
laser_path,moving-laser path,7,0.55,0.65,-55.0,1684.90452007468,anisotropic_tuned
laser_path,moving-laser path,7,0.55,0.65,-35.0,1694.0768814321073,anisotropic_tuned
laser_path,moving-laser path,7,0.55,0.65,-15.0,1700.6109160953074,anisotropic_tuned
laser_path,moving-laser path,7,0.55,0.65,0.0,1701.2940307474596,anisotropic_tuned
laser_path,moving-laser path,7,0.55,0.65,15.0,1698.5549348851946,anisotropic_tuned
laser_path,moving-laser path,7,0.55,0.65,35.0,1690.7825407168712,anisotropic_tuned
laser_path,moving-laser path,7,0.55,0.65,55.0,1682.0085620228974,anisotropic_tuned
laser_path,moving-laser path,7,0.55,0.9,-55.0,1640.076089048955,anisotropic_tuned
laser_path,moving-laser path,7,0.55,0.9,-35.0,1670.128033167296,anisotropic_tuned
laser_path,moving-laser path,7,0.55,0.9,-15.0,1679.0818691023233,anisotropic_tuned
laser_path,moving-laser path,7,0.55,0.9,0.0,1677.9056835815468,anisotropic_tuned
laser_path,moving-laser path,7,0.55,0.9,15.0,1675.0450955330516,anisotropic_tuned
laser_path,moving-laser path,7,0.55,0.9,35.0,1660.6668566374542,anisotropic_tuned
laser_path,moving-laser path,7,0.55,0.9,55.0,1629.2331553094655,anisotropic_tuned
laser_path,moving-laser path,7,0.75,0.18,-55.0,1916.071165367929,anisotropic_tuned
laser_path,moving-laser path,7,0.75,0.18,-35.0,1914.657105206344,anisotropic_tuned
laser_path,moving-laser path,7,0.75,0.18,-15.0,1859.1930252131174,anisotropic_tuned
laser_path,moving-laser path,7,0.75,0.18,0.0,1729.0726656782467,anisotropic_tuned
laser_path,moving-laser path,7,0.75,0.18,15.0,1859.1817474840577,anisotropic_tuned
laser_path,moving-laser path,7,0.75,0.18,35.0,1914.1470536125457,anisotropic_tuned
laser_path,moving-laser path,7,0.75,0.18,55.0,1915.7016530395576,anisotropic_tuned
laser_path,moving-laser path,7,0.75,0.28,-55.0,1843.1421941170188,anisotropic_tuned
laser_path,moving-laser path,7,0.75,0.28,-35.0,1828.1628704424206,anisotropic_tuned
laser_path,moving-laser path,7,0.75,0.28,-15.0,1768.2826119331962,anisotropic_tuned
laser_path,moving-laser path,7,0.75,0.28,0.0,1720.8342369833927,anisotropic_tuned
laser_path,moving-laser path,7,0.75,0.28,15.0,1767.422477950879,anisotropic_tuned
laser_path,moving-laser path,7,0.75,0.28,35.0,1827.970359272007,anisotropic_tuned
laser_path,moving-laser path,7,0.75,0.28,55.0,1848.8604369006061,anisotropic_tuned
laser_path,moving-laser path,7,0.75,0.42,-55.0,1739.0299353229248,anisotropic_tuned
laser_path,moving-laser path,7,0.75,0.42,-35.0,1715.0577567519667,anisotropic_tuned
laser_path,moving-laser path,7,0.75,0.42,-15.0,1693.6974588400421,anisotropic_tuned
laser_path,moving-laser path,7,0.75,0.42,0.0,1683.681299279739,anisotropic_tuned
laser_path,moving-laser path,7,0.75,0.42,15.0,1693.073003997401,anisotropic_tuned
laser_path,moving-laser path,7,0.75,0.42,35.0,1716.302823375951,anisotropic_tuned
laser_path,moving-laser path,7,0.75,0.42,55.0,1747.980287236388,anisotropic_tuned
laser_path,moving-laser path,7,0.75,0.65,-55.0,1645.4794066430404,anisotropic_tuned
laser_path,moving-laser path,7,0.75,0.65,-35.0,1636.6307657574534,anisotropic_tuned
laser_path,moving-laser path,7,0.75,0.65,-15.0,1629.0229070401847,anisotropic_tuned
laser_path,moving-laser path,7,0.75,0.65,0.0,1627.0864878522198,anisotropic_tuned
laser_path,moving-laser path,7,0.75,0.65,15.0,1629.5665361627248,anisotropic_tuned
laser_path,moving-laser path,7,0.75,0.65,35.0,1638.2762612081092,anisotropic_tuned
laser_path,moving-laser path,7,0.75,0.65,55.0,1647.4658060176816,anisotropic_tuned
laser_path,moving-laser path,7,0.75,0.9,-55.0,1605.4431608196546,anisotropic_tuned
laser_path,moving-laser path,7,0.75,0.9,-35.0,1614.6209096248358,anisotropic_tuned
laser_path,moving-laser path,7,0.75,0.9,-15.0,1620.0586076808063,anisotropic_tuned
laser_path,moving-laser path,7,0.75,0.9,0.0,1620.8840985073052,anisotropic_tuned
laser_path,moving-laser path,7,0.75,0.9,15.0,1618.6936479001597,anisotropic_tuned
laser_path,moving-laser path,7,0.75,0.9,35.0,1611.6034776169804,anisotropic_tuned
laser_path,moving-laser path,7,0.75,0.9,55.0,1601.9976656212639,anisotropic_tuned
laser_path,moving-laser path,7,1.0,0.18,-55.0,1862.8545633640692,anisotropic_tuned
laser_path,moving-laser path,7,1.0,0.18,-35.0,1864.4878856266696,anisotropic_tuned
laser_path,moving-laser path,7,1.0,0.18,-15.0,1808.3547048816176,anisotropic_tuned
laser_path,moving-laser path,7,1.0,0.18,0.0,1652.3529726914344,anisotropic_tuned
laser_path,moving-laser path,7,1.0,0.18,15.0,1808.0588477896017,anisotropic_tuned
laser_path,moving-laser path,7,1.0,0.18,35.0,1868.346938638345,anisotropic_tuned
laser_path,moving-laser path,7,1.0,0.18,55.0,1864.1960910361358,anisotropic_tuned
laser_path,moving-laser path,7,1.0,0.28,-55.0,1801.2861269698428,anisotropic_tuned
laser_path,moving-laser path,7,1.0,0.28,-35.0,1761.7019035858098,anisotropic_tuned
laser_path,moving-laser path,7,1.0,0.28,-15.0,1700.7866841254067,anisotropic_tuned
laser_path,moving-laser path,7,1.0,0.28,0.0,1645.7955264699508,anisotropic_tuned
laser_path,moving-laser path,7,1.0,0.28,15.0,1701.243919549007,anisotropic_tuned
laser_path,moving-laser path,7,1.0,0.28,35.0,1772.4863426700558,anisotropic_tuned
laser_path,moving-laser path,7,1.0,0.28,55.0,1815.2203871574761,anisotropic_tuned
laser_path,moving-laser path,7,1.0,0.42,-55.0,1714.1817310682254,anisotropic_tuned
laser_path,moving-laser path,7,1.0,0.42,-35.0,1663.6629129139615,anisotropic_tuned
laser_path,moving-laser path,7,1.0,0.42,-15.0,1627.921684793192,anisotropic_tuned
laser_path,moving-laser path,7,1.0,0.42,0.0,1615.8915231701458,anisotropic_tuned
laser_path,moving-laser path,7,1.0,0.42,15.0,1628.814598033097,anisotropic_tuned
laser_path,moving-laser path,7,1.0,0.42,35.0,1679.0100637533774,anisotropic_tuned
laser_path,moving-laser path,7,1.0,0.42,55.0,1727.7291141011738,anisotropic_tuned
laser_path,moving-laser path,7,1.0,0.65,-55.0,1627.3061425608353,anisotropic_tuned
laser_path,moving-laser path,7,1.0,0.65,-35.0,1603.9371049229376,anisotropic_tuned
laser_path,moving-laser path,7,1.0,0.65,-15.0,1579.21636025831,anisotropic_tuned
laser_path,moving-laser path,7,1.0,0.65,0.0,1572.873942907554,anisotropic_tuned
laser_path,moving-laser path,7,1.0,0.65,15.0,1583.520967460694,anisotropic_tuned
laser_path,moving-laser path,7,1.0,0.65,35.0,1612.3357341563405,anisotropic_tuned
laser_path,moving-laser path,7,1.0,0.65,55.0,1634.222788226472,anisotropic_tuned
laser_path,moving-laser path,7,1.0,0.9,-55.0,1590.2725611760707,anisotropic_tuned
laser_path,moving-laser path,7,1.0,0.9,-35.0,1584.2259488883678,anisotropic_tuned
laser_path,moving-laser path,7,1.0,0.9,-15.0,1580.0333157588548,anisotropic_tuned
laser_path,moving-laser path,7,1.0,0.9,0.0,1579.5115964253118,anisotropic_tuned
laser_path,moving-laser path,7,1.0,0.9,15.0,1581.4414757655659,anisotropic_tuned
laser_path,moving-laser path,7,1.0,0.9,35.0,1586.5933713221007,anisotropic_tuned
laser_path,moving-laser path,7,1.0,0.9,55.0,1592.2644083182313,anisotropic_tuned
laser_path,moving-laser path,7,1.35,0.18,-55.0,1805.7003083044551,anisotropic_tuned
laser_path,moving-laser path,7,1.35,0.18,-35.0,1826.4748387459886,anisotropic_tuned
laser_path,moving-laser path,7,1.35,0.18,-15.0,1761.4214696861977,anisotropic_tuned
laser_path,moving-laser path,7,1.35,0.18,0.0,1594.902064259249,anisotropic_tuned
laser_path,moving-laser path,7,1.35,0.18,15.0,1759.7643394520173,anisotropic_tuned
laser_path,moving-laser path,7,1.35,0.18,35.0,1838.4673219421352,anisotropic_tuned
laser_path,moving-laser path,7,1.35,0.18,55.0,1816.442371205288,anisotropic_tuned
laser_path,moving-laser path,7,1.35,0.28,-55.0,1776.820108954224,anisotropic_tuned
laser_path,moving-laser path,7,1.35,0.28,-35.0,1738.1283877852075,anisotropic_tuned
laser_path,moving-laser path,7,1.35,0.28,-15.0,1649.7789729470583,anisotropic_tuned
laser_path,moving-laser path,7,1.35,0.28,0.0,1589.756473562988,anisotropic_tuned
laser_path,moving-laser path,7,1.35,0.28,15.0,1648.3685729224326,anisotropic_tuned
laser_path,moving-laser path,7,1.35,0.28,35.0,1763.336365943915,anisotropic_tuned
laser_path,moving-laser path,7,1.35,0.28,55.0,1799.4952016640132,anisotropic_tuned
laser_path,moving-laser path,7,1.35,0.42,-55.0,1712.7663336916326,anisotropic_tuned
laser_path,moving-laser path,7,1.35,0.42,-35.0,1654.0553579744442,anisotropic_tuned
laser_path,moving-laser path,7,1.35,0.42,-15.0,1577.959153987767,anisotropic_tuned
laser_path,moving-laser path,7,1.35,0.42,0.0,1566.1205255090713,anisotropic_tuned
laser_path,moving-laser path,7,1.35,0.42,15.0,1582.9481480484064,anisotropic_tuned
laser_path,moving-laser path,7,1.35,0.42,35.0,1674.9103967727756,anisotropic_tuned
laser_path,moving-laser path,7,1.35,0.42,55.0,1723.0872837035627,anisotropic_tuned
laser_path,moving-laser path,7,1.35,0.65,-55.0,1637.590166087598,anisotropic_tuned
laser_path,moving-laser path,7,1.35,0.65,-35.0,1600.755725172256,anisotropic_tuned
laser_path,moving-laser path,7,1.35,0.65,-15.0,1552.6559482737325,anisotropic_tuned
laser_path,moving-laser path,7,1.35,0.65,0.0,1538.3767357048696,anisotropic_tuned
laser_path,moving-laser path,7,1.35,0.65,15.0,1561.4233924632895,anisotropic_tuned
laser_path,moving-laser path,7,1.35,0.65,35.0,1613.1046647736298,anisotropic_tuned
laser_path,moving-laser path,7,1.35,0.65,55.0,1644.905014433566,anisotropic_tuned
laser_path,moving-laser path,7,1.35,0.9,-55.0,1608.4197214616247,anisotropic_tuned
laser_path,moving-laser path,7,1.35,0.9,-35.0,1587.473332689709,anisotropic_tuned
laser_path,moving-laser path,7,1.35,0.9,-15.0,1567.4569529825258,anisotropic_tuned
laser_path,moving-laser path,7,1.35,0.9,0.0,1561.620945442064,anisotropic_tuned
laser_path,moving-laser path,7,1.35,0.9,15.0,1569.4182225499071,anisotropic_tuned
laser_path,moving-laser path,7,1.35,0.9,35.0,1590.2971883192154,anisotropic_tuned
laser_path,moving-laser path,7,1.35,0.9,55.0,1613.222209957632,anisotropic_tuned
laser_path,moving-laser path,7,1.75,0.18,-55.0,1769.910033736417,anisotropic_tuned
laser_path,moving-laser path,7,1.75,0.18,-35.0,1798.0140722398992,anisotropic_tuned
laser_path,moving-laser path,7,1.75,0.18,-15.0,1721.5101995380319,anisotropic_tuned
laser_path,moving-laser path,7,1.75,0.18,0.0,1553.3070153572903,anisotropic_tuned
laser_path,moving-laser path,7,1.75,0.18,15.0,1718.7486091546502,anisotropic_tuned
laser_path,moving-laser path,7,1.75,0.18,35.0,1814.3162710844927,anisotropic_tuned
laser_path,moving-laser path,7,1.75,0.18,55.0,1791.0289751329642,anisotropic_tuned
laser_path,moving-laser path,7,1.75,0.28,-55.0,1772.6393294277823,anisotropic_tuned
laser_path,moving-laser path,7,1.75,0.28,-35.0,1735.1110474121178,anisotropic_tuned
laser_path,moving-laser path,7,1.75,0.28,-15.0,1618.8169316772423,anisotropic_tuned
laser_path,moving-laser path,7,1.75,0.28,0.0,1548.550715620227,anisotropic_tuned
laser_path,moving-laser path,7,1.75,0.28,15.0,1615.0606498521483,anisotropic_tuned
laser_path,moving-laser path,7,1.75,0.28,35.0,1761.491864016355,anisotropic_tuned
laser_path,moving-laser path,7,1.75,0.28,55.0,1806.5226636019947,anisotropic_tuned
laser_path,moving-laser path,7,1.75,0.42,-55.0,1724.2624511272115,anisotropic_tuned
laser_path,moving-laser path,7,1.75,0.42,-35.0,1662.0884389485814,anisotropic_tuned
laser_path,moving-laser path,7,1.75,0.42,-15.0,1557.3480414774685,anisotropic_tuned
laser_path,moving-laser path,7,1.75,0.42,0.0,1528.6693661173026,anisotropic_tuned
laser_path,moving-laser path,7,1.75,0.42,15.0,1564.1076079404556,anisotropic_tuned
laser_path,moving-laser path,7,1.75,0.42,35.0,1684.2816301671287,anisotropic_tuned
laser_path,moving-laser path,7,1.75,0.42,55.0,1744.8658055190645,anisotropic_tuned
laser_path,moving-laser path,7,1.75,0.65,-55.0,1659.9044412430057,anisotropic_tuned
laser_path,moving-laser path,7,1.75,0.65,-35.0,1614.733187408459,anisotropic_tuned
laser_path,moving-laser path,7,1.75,0.65,-15.0,1550.6274268169313,anisotropic_tuned
laser_path,moving-laser path,7,1.75,0.65,0.0,1513.3781017557144,anisotropic_tuned
laser_path,moving-laser path,7,1.75,0.65,15.0,1552.0292993310318,anisotropic_tuned
laser_path,moving-laser path,7,1.75,0.65,35.0,1622.1256406263242,anisotropic_tuned
laser_path,moving-laser path,7,1.75,0.65,55.0,1678.0333301231444,anisotropic_tuned
laser_path,moving-laser path,7,1.75,0.9,-55.0,1636.0715235903585,anisotropic_tuned
laser_path,moving-laser path,7,1.75,0.9,-35.0,1602.7045246009639,anisotropic_tuned
laser_path,moving-laser path,7,1.75,0.9,-15.0,1567.7805791726414,anisotropic_tuned
laser_path,moving-laser path,7,1.75,0.9,0.0,1545.9371283128203,anisotropic_tuned
laser_path,moving-laser path,7,1.75,0.9,15.0,1560.4909233042076,anisotropic_tuned
laser_path,moving-laser path,7,1.75,0.9,35.0,1601.627789512927,anisotropic_tuned
laser_path,moving-laser path,7,1.75,0.9,55.0,1649.6317350654394,anisotropic_tuned
laser_path,moving-laser path,8,0.55,0.18,-55.0,1960.0131967217217,anisotropic_tuned
laser_path,moving-laser path,8,0.55,0.18,-35.0,1959.6833965277547,anisotropic_tuned
laser_path,moving-laser path,8,0.55,0.18,-15.0,1917.439400331682,anisotropic_tuned
laser_path,moving-laser path,8,0.55,0.18,0.0,1844.4884166639813,anisotropic_tuned
laser_path,moving-laser path,8,0.55,0.18,15.0,1917.452737483215,anisotropic_tuned
laser_path,moving-laser path,8,0.55,0.18,35.0,1959.301475897993,anisotropic_tuned
laser_path,moving-laser path,8,0.55,0.18,55.0,1959.5726487467055,anisotropic_tuned
laser_path,moving-laser path,8,0.55,0.28,-55.0,1902.1291351391146,anisotropic_tuned
laser_path,moving-laser path,8,0.55,0.28,-35.0,1900.8921591720532,anisotropic_tuned
laser_path,moving-laser path,8,0.55,0.28,-15.0,1860.165539528965,anisotropic_tuned
laser_path,moving-laser path,8,0.55,0.28,0.0,1834.1701733802993,anisotropic_tuned
laser_path,moving-laser path,8,0.55,0.28,15.0,1860.1975721943736,anisotropic_tuned
laser_path,moving-laser path,8,0.55,0.28,35.0,1900.6512620931035,anisotropic_tuned
laser_path,moving-laser path,8,0.55,0.28,55.0,1901.7468048363849,anisotropic_tuned
laser_path,moving-laser path,8,0.55,0.42,-55.0,1800.7711875313516,anisotropic_tuned
laser_path,moving-laser path,8,0.55,0.42,-35.0,1798.4794887300782,anisotropic_tuned
laser_path,moving-laser path,8,0.55,0.42,-15.0,1789.597076385082,anisotropic_tuned
laser_path,moving-laser path,8,0.55,0.42,0.0,1786.4694841424125,anisotropic_tuned
laser_path,moving-laser path,8,0.55,0.42,15.0,1789.9660055473419,anisotropic_tuned
laser_path,moving-laser path,8,0.55,0.42,35.0,1799.190686655445,anisotropic_tuned
laser_path,moving-laser path,8,0.55,0.42,55.0,1801.2280978950962,anisotropic_tuned
laser_path,moving-laser path,8,0.55,0.65,-55.0,1693.4914788505534,anisotropic_tuned
laser_path,moving-laser path,8,0.55,0.65,-35.0,1700.3180128716235,anisotropic_tuned
laser_path,moving-laser path,8,0.55,0.65,-15.0,1704.3063527739491,anisotropic_tuned
laser_path,moving-laser path,8,0.55,0.65,0.0,1704.3381870316348,anisotropic_tuned
laser_path,moving-laser path,8,0.55,0.65,15.0,1702.1574952851092,anisotropic_tuned
laser_path,moving-laser path,8,0.55,0.65,35.0,1696.24553907065,anisotropic_tuned
laser_path,moving-laser path,8,0.55,0.65,55.0,1689.3266852164707,anisotropic_tuned
laser_path,moving-laser path,8,0.55,0.9,-55.0,1640.6715853283172,anisotropic_tuned
laser_path,moving-laser path,8,0.55,0.9,-35.0,1662.6368570153995,anisotropic_tuned
laser_path,moving-laser path,8,0.55,0.9,-15.0,1673.7111218424252,anisotropic_tuned
laser_path,moving-laser path,8,0.55,0.9,0.0,1674.6220232270425,anisotropic_tuned
laser_path,moving-laser path,8,0.55,0.9,15.0,1669.5012786289135,anisotropic_tuned
laser_path,moving-laser path,8,0.55,0.9,35.0,1653.5583593380306,anisotropic_tuned
laser_path,moving-laser path,8,0.55,0.9,55.0,1634.978566675376,anisotropic_tuned
laser_path,moving-laser path,8,0.75,0.18,-55.0,1915.8385802533317,anisotropic_tuned
laser_path,moving-laser path,8,0.75,0.18,-35.0,1915.226283099742,anisotropic_tuned
laser_path,moving-laser path,8,0.75,0.18,-15.0,1860.840852080231,anisotropic_tuned
laser_path,moving-laser path,8,0.75,0.18,0.0,1736.8044971300496,anisotropic_tuned
laser_path,moving-laser path,8,0.75,0.18,15.0,1860.6480551781056,anisotropic_tuned
laser_path,moving-laser path,8,0.75,0.18,35.0,1914.4599680878064,anisotropic_tuned
laser_path,moving-laser path,8,0.75,0.18,55.0,1914.980163688192,anisotropic_tuned
laser_path,moving-laser path,8,0.75,0.28,-55.0,1833.4554508151605,anisotropic_tuned
laser_path,moving-laser path,8,0.75,0.28,-35.0,1829.4687533633105,anisotropic_tuned
laser_path,moving-laser path,8,0.75,0.28,-15.0,1771.1690807330333,anisotropic_tuned
laser_path,moving-laser path,8,0.75,0.28,0.0,1728.773744410622,anisotropic_tuned
laser_path,moving-laser path,8,0.75,0.28,15.0,1770.891905778085,anisotropic_tuned
laser_path,moving-laser path,8,0.75,0.28,35.0,1828.5369566754885,anisotropic_tuned
laser_path,moving-laser path,8,0.75,0.28,55.0,1832.7049577736434,anisotropic_tuned
laser_path,moving-laser path,8,0.75,0.42,-55.0,1732.760130422556,anisotropic_tuned
laser_path,moving-laser path,8,0.75,0.42,-35.0,1717.4682729247565,anisotropic_tuned
laser_path,moving-laser path,8,0.75,0.42,-15.0,1699.0175864141456,anisotropic_tuned
laser_path,moving-laser path,8,0.75,0.42,0.0,1692.3661801092658,anisotropic_tuned
laser_path,moving-laser path,8,0.75,0.42,15.0,1699.1121092719818,anisotropic_tuned
laser_path,moving-laser path,8,0.75,0.42,35.0,1718.5904376229037,anisotropic_tuned
laser_path,moving-laser path,8,0.75,0.42,55.0,1733.4072624183054,anisotropic_tuned
laser_path,moving-laser path,8,0.75,0.65,-55.0,1648.4680290189172,anisotropic_tuned
laser_path,moving-laser path,8,0.75,0.65,-35.0,1643.2263520390998,anisotropic_tuned
laser_path,moving-laser path,8,0.75,0.65,-15.0,1638.6818311596749,anisotropic_tuned
laser_path,moving-laser path,8,0.75,0.65,0.0,1637.7260600038394,anisotropic_tuned
laser_path,moving-laser path,8,0.75,0.65,15.0,1639.7113871997894,anisotropic_tuned
laser_path,moving-laser path,8,0.75,0.65,35.0,1645.4344826968654,anisotropic_tuned
laser_path,moving-laser path,8,0.75,0.65,55.0,1651.167850286879,anisotropic_tuned
laser_path,moving-laser path,8,0.75,0.9,-55.0,1608.7122846292586,anisotropic_tuned
laser_path,moving-laser path,8,0.75,0.9,-35.0,1617.6674282012968,anisotropic_tuned
laser_path,moving-laser path,8,0.75,0.9,-15.0,1624.2993366849923,anisotropic_tuned
laser_path,moving-laser path,8,0.75,0.9,0.0,1626.222548007756,anisotropic_tuned
laser_path,moving-laser path,8,0.75,0.9,15.0,1624.5371467679288,anisotropic_tuned
laser_path,moving-laser path,8,0.75,0.9,35.0,1617.6850097087595,anisotropic_tuned
laser_path,moving-laser path,8,0.75,0.9,55.0,1609.5657481671356,anisotropic_tuned
laser_path,moving-laser path,8,1.0,0.18,-55.0,1863.9974125183007,anisotropic_tuned
laser_path,moving-laser path,8,1.0,0.18,-35.0,1861.9573813568777,anisotropic_tuned
laser_path,moving-laser path,8,1.0,0.18,-15.0,1811.6220640888127,anisotropic_tuned
laser_path,moving-laser path,8,1.0,0.18,0.0,1661.9617625830028,anisotropic_tuned
laser_path,moving-laser path,8,1.0,0.18,15.0,1811.1325892209097,anisotropic_tuned
laser_path,moving-laser path,8,1.0,0.18,35.0,1862.484498646299,anisotropic_tuned
laser_path,moving-laser path,8,1.0,0.18,55.0,1863.1719774288958,anisotropic_tuned
laser_path,moving-laser path,8,1.0,0.28,-55.0,1780.2023495599033,anisotropic_tuned
laser_path,moving-laser path,8,1.0,0.28,-35.0,1766.1374757323624,anisotropic_tuned
laser_path,moving-laser path,8,1.0,0.28,-15.0,1710.5229178593854,anisotropic_tuned
laser_path,moving-laser path,8,1.0,0.28,0.0,1655.9043861442292,anisotropic_tuned
laser_path,moving-laser path,8,1.0,0.28,15.0,1708.9462059283396,anisotropic_tuned
laser_path,moving-laser path,8,1.0,0.28,35.0,1770.2859302086422,anisotropic_tuned
laser_path,moving-laser path,8,1.0,0.28,55.0,1781.6559112712043,anisotropic_tuned
laser_path,moving-laser path,8,1.0,0.42,-55.0,1693.6311282408851,anisotropic_tuned
laser_path,moving-laser path,8,1.0,0.42,-35.0,1669.0261326332097,anisotropic_tuned
laser_path,moving-laser path,8,1.0,0.42,-15.0,1637.7123781247215,anisotropic_tuned
laser_path,moving-laser path,8,1.0,0.42,0.0,1628.3304173623596,anisotropic_tuned
laser_path,moving-laser path,8,1.0,0.42,15.0,1634.8916897941463,anisotropic_tuned
laser_path,moving-laser path,8,1.0,0.42,35.0,1673.431786477784,anisotropic_tuned
laser_path,moving-laser path,8,1.0,0.42,55.0,1700.971096940049,anisotropic_tuned
laser_path,moving-laser path,8,1.0,0.65,-55.0,1630.219415022506,anisotropic_tuned
laser_path,moving-laser path,8,1.0,0.65,-35.0,1612.4812786941884,anisotropic_tuned
laser_path,moving-laser path,8,1.0,0.65,-15.0,1596.6381143541043,anisotropic_tuned
laser_path,moving-laser path,8,1.0,0.65,0.0,1587.71571368982,anisotropic_tuned
laser_path,moving-laser path,8,1.0,0.65,15.0,1593.8624520929861,anisotropic_tuned
laser_path,moving-laser path,8,1.0,0.65,35.0,1616.3246959689836,anisotropic_tuned
laser_path,moving-laser path,8,1.0,0.65,55.0,1635.1207283771278,anisotropic_tuned
laser_path,moving-laser path,8,1.0,0.9,-55.0,1604.3191427552429,anisotropic_tuned
laser_path,moving-laser path,8,1.0,0.9,-35.0,1597.1563255300703,anisotropic_tuned
laser_path,moving-laser path,8,1.0,0.9,-15.0,1592.1247284874294,anisotropic_tuned
laser_path,moving-laser path,8,1.0,0.9,0.0,1591.1668337555557,anisotropic_tuned
laser_path,moving-laser path,8,1.0,0.9,15.0,1592.8269637956678,anisotropic_tuned
laser_path,moving-laser path,8,1.0,0.9,35.0,1598.1049838623512,anisotropic_tuned
laser_path,moving-laser path,8,1.0,0.9,55.0,1604.7109635429874,anisotropic_tuned
laser_path,moving-laser path,8,1.35,0.18,-55.0,1813.4503345845064,anisotropic_tuned
laser_path,moving-laser path,8,1.35,0.18,-35.0,1816.3995030567548,anisotropic_tuned
laser_path,moving-laser path,8,1.35,0.18,-15.0,1764.753499279017,anisotropic_tuned
laser_path,moving-laser path,8,1.35,0.18,0.0,1603.8885585732837,anisotropic_tuned
laser_path,moving-laser path,8,1.35,0.18,15.0,1764.640659136357,anisotropic_tuned
laser_path,moving-laser path,8,1.35,0.18,35.0,1814.5678644925247,anisotropic_tuned
laser_path,moving-laser path,8,1.35,0.18,55.0,1812.2743257074249,anisotropic_tuned
laser_path,moving-laser path,8,1.35,0.28,-55.0,1777.934418982009,anisotropic_tuned
laser_path,moving-laser path,8,1.35,0.28,-35.0,1743.6623455047002,anisotropic_tuned
laser_path,moving-laser path,8,1.35,0.28,-15.0,1658.6871331409993,anisotropic_tuned
laser_path,moving-laser path,8,1.35,0.28,0.0,1599.5774805781289,anisotropic_tuned
laser_path,moving-laser path,8,1.35,0.28,15.0,1658.6965357373174,anisotropic_tuned
laser_path,moving-laser path,8,1.35,0.28,35.0,1755.4102544485,anisotropic_tuned
laser_path,moving-laser path,8,1.35,0.28,55.0,1762.5113536195768,anisotropic_tuned
laser_path,moving-laser path,8,1.35,0.42,-55.0,1711.5158498979285,anisotropic_tuned
laser_path,moving-laser path,8,1.35,0.42,-35.0,1661.1272793449298,anisotropic_tuned
laser_path,moving-laser path,8,1.35,0.42,-15.0,1591.5091581114357,anisotropic_tuned
laser_path,moving-laser path,8,1.35,0.42,0.0,1577.8091061996474,anisotropic_tuned
laser_path,moving-laser path,8,1.35,0.42,15.0,1592.657829822354,anisotropic_tuned
laser_path,moving-laser path,8,1.35,0.42,35.0,1679.4996924493266,anisotropic_tuned
laser_path,moving-laser path,8,1.35,0.42,55.0,1693.275005558825,anisotropic_tuned
laser_path,moving-laser path,8,1.35,0.65,-55.0,1663.9835281581827,anisotropic_tuned
laser_path,moving-laser path,8,1.35,0.65,-35.0,1619.7960357567972,anisotropic_tuned
laser_path,moving-laser path,8,1.35,0.65,-15.0,1569.5538415197989,anisotropic_tuned
laser_path,moving-laser path,8,1.35,0.65,0.0,1550.6056021907725,anisotropic_tuned
laser_path,moving-laser path,8,1.35,0.65,15.0,1573.4033835814685,anisotropic_tuned
laser_path,moving-laser path,8,1.35,0.65,35.0,1625.6826639484011,anisotropic_tuned
laser_path,moving-laser path,8,1.35,0.65,55.0,1644.5465260718743,anisotropic_tuned
laser_path,moving-laser path,8,1.35,0.9,-55.0,1646.7015031441033,anisotropic_tuned
laser_path,moving-laser path,8,1.35,0.9,-35.0,1614.4470336072613,anisotropic_tuned
laser_path,moving-laser path,8,1.35,0.9,-15.0,1576.8300747149715,anisotropic_tuned
laser_path,moving-laser path,8,1.35,0.9,0.0,1568.6066544466066,anisotropic_tuned
laser_path,moving-laser path,8,1.35,0.9,15.0,1581.8749125487097,anisotropic_tuned
laser_path,moving-laser path,8,1.35,0.9,35.0,1609.641013825008,anisotropic_tuned
laser_path,moving-laser path,8,1.35,0.9,55.0,1631.1005990714607,anisotropic_tuned
laser_path,moving-laser path,8,1.75,0.18,-55.0,1785.8319401107801,anisotropic_tuned
laser_path,moving-laser path,8,1.75,0.18,-35.0,1798.5883005396167,anisotropic_tuned
laser_path,moving-laser path,8,1.75,0.18,-15.0,1725.525901686618,anisotropic_tuned
laser_path,moving-laser path,8,1.75,0.18,0.0,1566.68013346522,anisotropic_tuned
laser_path,moving-laser path,8,1.75,0.18,15.0,1726.281384570444,anisotropic_tuned
laser_path,moving-laser path,8,1.75,0.18,35.0,1781.1873252747118,anisotropic_tuned
laser_path,moving-laser path,8,1.75,0.18,55.0,1787.9448889936057,anisotropic_tuned
laser_path,moving-laser path,8,1.75,0.28,-55.0,1800.1947252476157,anisotropic_tuned
laser_path,moving-laser path,8,1.75,0.28,-35.0,1749.8614093860006,anisotropic_tuned
laser_path,moving-laser path,8,1.75,0.28,-15.0,1624.5344534298874,anisotropic_tuned
laser_path,moving-laser path,8,1.75,0.28,0.0,1562.340195858052,anisotropic_tuned
laser_path,moving-laser path,8,1.75,0.28,15.0,1627.5497324888547,anisotropic_tuned
laser_path,moving-laser path,8,1.75,0.28,35.0,1743.28388379145,anisotropic_tuned
laser_path,moving-laser path,8,1.75,0.28,55.0,1769.91456390549,anisotropic_tuned
laser_path,moving-laser path,8,1.75,0.42,-55.0,1749.7533500355544,anisotropic_tuned
laser_path,moving-laser path,8,1.75,0.42,-35.0,1684.9168814824466,anisotropic_tuned
laser_path,moving-laser path,8,1.75,0.42,-15.0,1571.861109318263,anisotropic_tuned
laser_path,moving-laser path,8,1.75,0.42,0.0,1543.183345713096,anisotropic_tuned
laser_path,moving-laser path,8,1.75,0.42,15.0,1589.5018464175523,anisotropic_tuned
laser_path,moving-laser path,8,1.75,0.42,35.0,1683.5971223676438,anisotropic_tuned
laser_path,moving-laser path,8,1.75,0.42,55.0,1710.7084090998865,anisotropic_tuned
laser_path,moving-laser path,8,1.75,0.65,-55.0,1707.5988836124538,anisotropic_tuned
laser_path,moving-laser path,8,1.75,0.65,-35.0,1649.7659428699471,anisotropic_tuned
laser_path,moving-laser path,8,1.75,0.65,-15.0,1560.277296460417,anisotropic_tuned
laser_path,moving-laser path,8,1.75,0.65,0.0,1522.8206013478507,anisotropic_tuned
laser_path,moving-laser path,8,1.75,0.65,15.0,1575.2256648293715,anisotropic_tuned
laser_path,moving-laser path,8,1.75,0.65,35.0,1632.0815465162837,anisotropic_tuned
laser_path,moving-laser path,8,1.75,0.65,55.0,1670.9241024095218,anisotropic_tuned
laser_path,moving-laser path,8,1.75,0.9,-55.0,1691.012773686758,anisotropic_tuned
laser_path,moving-laser path,8,1.75,0.9,-35.0,1641.869437147076,anisotropic_tuned
laser_path,moving-laser path,8,1.75,0.9,-15.0,1571.0809960750921,anisotropic_tuned
laser_path,moving-laser path,8,1.75,0.9,0.0,1551.0664699861063,anisotropic_tuned
laser_path,moving-laser path,8,1.75,0.9,15.0,1576.1098596372453,anisotropic_tuned
laser_path,moving-laser path,8,1.75,0.9,35.0,1617.3322868764294,anisotropic_tuned
laser_path,moving-laser path,8,1.75,0.9,55.0,1660.6540593530772,anisotropic_tuned
laser_path,moving-laser path,9,0.55,0.18,-55.0,1960.2195478037743,anisotropic_tuned
laser_path,moving-laser path,9,0.55,0.18,-35.0,1959.5727380661247,anisotropic_tuned
laser_path,moving-laser path,9,0.55,0.18,-15.0,1917.343128418413,anisotropic_tuned
laser_path,moving-laser path,9,0.55,0.18,0.0,1845.149107638672,anisotropic_tuned
laser_path,moving-laser path,9,0.55,0.18,15.0,1917.3260926434214,anisotropic_tuned
laser_path,moving-laser path,9,0.55,0.18,35.0,1959.0675876344249,anisotropic_tuned
laser_path,moving-laser path,9,0.55,0.18,55.0,1959.6600239463378,anisotropic_tuned
laser_path,moving-laser path,9,0.55,0.28,-55.0,1902.4680152057163,anisotropic_tuned
laser_path,moving-laser path,9,0.55,0.28,-35.0,1900.7828725800896,anisotropic_tuned
laser_path,moving-laser path,9,0.55,0.28,-15.0,1860.699152628441,anisotropic_tuned
laser_path,moving-laser path,9,0.55,0.28,0.0,1833.7154494437227,anisotropic_tuned
laser_path,moving-laser path,9,0.55,0.28,15.0,1860.3177458597393,anisotropic_tuned
laser_path,moving-laser path,9,0.55,0.28,35.0,1900.2163227261376,anisotropic_tuned
laser_path,moving-laser path,9,0.55,0.28,55.0,1901.6208518422695,anisotropic_tuned
laser_path,moving-laser path,9,0.55,0.42,-55.0,1797.8272381707052,anisotropic_tuned
laser_path,moving-laser path,9,0.55,0.42,-35.0,1796.3022824035174,anisotropic_tuned
laser_path,moving-laser path,9,0.55,0.42,-15.0,1786.98734173941,anisotropic_tuned
laser_path,moving-laser path,9,0.55,0.42,0.0,1783.2111505380421,anisotropic_tuned
laser_path,moving-laser path,9,0.55,0.42,15.0,1786.6680419673862,anisotropic_tuned
laser_path,moving-laser path,9,0.55,0.42,35.0,1795.872630829017,anisotropic_tuned
laser_path,moving-laser path,9,0.55,0.42,55.0,1797.2454379881742,anisotropic_tuned
laser_path,moving-laser path,9,0.55,0.65,-55.0,1679.1082802046367,anisotropic_tuned
laser_path,moving-laser path,9,0.55,0.65,-35.0,1682.942803647259,anisotropic_tuned
laser_path,moving-laser path,9,0.55,0.65,-15.0,1687.1724288691944,anisotropic_tuned
laser_path,moving-laser path,9,0.55,0.65,0.0,1689.0954757008062,anisotropic_tuned
laser_path,moving-laser path,9,0.55,0.65,15.0,1689.336001498455,anisotropic_tuned
laser_path,moving-laser path,9,0.55,0.65,35.0,1686.7570022965065,anisotropic_tuned
laser_path,moving-laser path,9,0.55,0.65,55.0,1682.3584284856229,anisotropic_tuned
laser_path,moving-laser path,9,0.55,0.9,-55.0,1636.2719190042208,anisotropic_tuned
laser_path,moving-laser path,9,0.55,0.9,-35.0,1655.8406401719517,anisotropic_tuned
laser_path,moving-laser path,9,0.55,0.9,-15.0,1667.187011209564,anisotropic_tuned
laser_path,moving-laser path,9,0.55,0.9,0.0,1670.435674804969,anisotropic_tuned
laser_path,moving-laser path,9,0.55,0.9,15.0,1671.4711192424616,anisotropic_tuned
laser_path,moving-laser path,9,0.55,0.9,35.0,1662.3804615813615,anisotropic_tuned
laser_path,moving-laser path,9,0.55,0.9,55.0,1643.479789886515,anisotropic_tuned
laser_path,moving-laser path,9,0.75,0.18,-55.0,1917.009501162373,anisotropic_tuned
laser_path,moving-laser path,9,0.75,0.18,-35.0,1915.6174863998053,anisotropic_tuned
laser_path,moving-laser path,9,0.75,0.18,-15.0,1860.681732430206,anisotropic_tuned
laser_path,moving-laser path,9,0.75,0.18,0.0,1745.2126279165436,anisotropic_tuned
laser_path,moving-laser path,9,0.75,0.18,15.0,1860.6655309377047,anisotropic_tuned
laser_path,moving-laser path,9,0.75,0.18,35.0,1914.152165296587,anisotropic_tuned
laser_path,moving-laser path,9,0.75,0.18,55.0,1915.622969441185,anisotropic_tuned
laser_path,moving-laser path,9,0.75,0.28,-55.0,1846.6121818604497,anisotropic_tuned
laser_path,moving-laser path,9,0.75,0.28,-35.0,1832.3647316741676,anisotropic_tuned
laser_path,moving-laser path,9,0.75,0.28,-15.0,1778.96704702658,anisotropic_tuned
laser_path,moving-laser path,9,0.75,0.28,0.0,1736.285583474998,anisotropic_tuned
laser_path,moving-laser path,9,0.75,0.28,15.0,1778.6919349534555,anisotropic_tuned
laser_path,moving-laser path,9,0.75,0.28,35.0,1830.989533033643,anisotropic_tuned
laser_path,moving-laser path,9,0.75,0.28,55.0,1841.4108152522049,anisotropic_tuned
laser_path,moving-laser path,9,0.75,0.42,-55.0,1740.025751263695,anisotropic_tuned
laser_path,moving-laser path,9,0.75,0.42,-35.0,1721.5925628557488,anisotropic_tuned
laser_path,moving-laser path,9,0.75,0.42,-15.0,1706.0914597247388,anisotropic_tuned
laser_path,moving-laser path,9,0.75,0.42,0.0,1697.46979645507,anisotropic_tuned
laser_path,moving-laser path,9,0.75,0.42,15.0,1704.706577738295,anisotropic_tuned
laser_path,moving-laser path,9,0.75,0.42,35.0,1719.0416432869415,anisotropic_tuned
laser_path,moving-laser path,9,0.75,0.42,55.0,1732.3407589079225,anisotropic_tuned
laser_path,moving-laser path,9,0.75,0.65,-55.0,1642.1221534626757,anisotropic_tuned
laser_path,moving-laser path,9,0.75,0.65,-35.0,1636.6535873732437,anisotropic_tuned
laser_path,moving-laser path,9,0.75,0.65,-15.0,1630.728657696407,anisotropic_tuned
laser_path,moving-laser path,9,0.75,0.65,0.0,1628.4998394780991,anisotropic_tuned
laser_path,moving-laser path,9,0.75,0.65,15.0,1629.154119447585,anisotropic_tuned
laser_path,moving-laser path,9,0.75,0.65,35.0,1633.5127437256147,anisotropic_tuned
laser_path,moving-laser path,9,0.75,0.65,55.0,1639.0339941162015,anisotropic_tuned
laser_path,moving-laser path,9,0.75,0.9,-55.0,1608.2538560330408,anisotropic_tuned
laser_path,moving-laser path,9,0.75,0.9,-35.0,1618.6788597735776,anisotropic_tuned
laser_path,moving-laser path,9,0.75,0.9,-15.0,1625.241315868811,anisotropic_tuned
laser_path,moving-laser path,9,0.75,0.9,0.0,1627.0778141499845,anisotropic_tuned
laser_path,moving-laser path,9,0.75,0.9,15.0,1625.709436768132,anisotropic_tuned
laser_path,moving-laser path,9,0.75,0.9,35.0,1618.928295174866,anisotropic_tuned
laser_path,moving-laser path,9,0.75,0.9,55.0,1608.7017515763414,anisotropic_tuned
laser_path,moving-laser path,9,1.0,0.18,-55.0,1866.563839195323,anisotropic_tuned
laser_path,moving-laser path,9,1.0,0.18,-35.0,1870.1304218955606,anisotropic_tuned
laser_path,moving-laser path,9,1.0,0.18,-15.0,1811.6080959468322,anisotropic_tuned
laser_path,moving-laser path,9,1.0,0.18,0.0,1667.853040864578,anisotropic_tuned
laser_path,moving-laser path,9,1.0,0.18,15.0,1811.0895579345079,anisotropic_tuned
laser_path,moving-laser path,9,1.0,0.18,35.0,1865.8521851426744,anisotropic_tuned
laser_path,moving-laser path,9,1.0,0.18,55.0,1864.9046063476399,anisotropic_tuned
laser_path,moving-laser path,9,1.0,0.28,-55.0,1812.7661486330035,anisotropic_tuned
laser_path,moving-laser path,9,1.0,0.28,-35.0,1779.1540578027202,anisotropic_tuned
laser_path,moving-laser path,9,1.0,0.28,-15.0,1718.4454860164178,anisotropic_tuned
laser_path,moving-laser path,9,1.0,0.28,0.0,1661.460263110654,anisotropic_tuned
laser_path,moving-laser path,9,1.0,0.28,15.0,1717.829375777982,anisotropic_tuned
laser_path,moving-laser path,9,1.0,0.28,35.0,1775.5103219231914,anisotropic_tuned
laser_path,moving-laser path,9,1.0,0.28,55.0,1808.0947915797092,anisotropic_tuned
laser_path,moving-laser path,9,1.0,0.42,-55.0,1718.6119542880047,anisotropic_tuned
laser_path,moving-laser path,9,1.0,0.42,-35.0,1687.793283784169,anisotropic_tuned
laser_path,moving-laser path,9,1.0,0.42,-15.0,1644.4200821069053,anisotropic_tuned
laser_path,moving-laser path,9,1.0,0.42,0.0,1630.3287968567092,anisotropic_tuned
laser_path,moving-laser path,9,1.0,0.42,15.0,1644.0490680381208,anisotropic_tuned
laser_path,moving-laser path,9,1.0,0.42,35.0,1681.8649366056038,anisotropic_tuned
laser_path,moving-laser path,9,1.0,0.42,55.0,1711.0187384986375,anisotropic_tuned
laser_path,moving-laser path,9,1.0,0.65,-55.0,1636.1227578671592,anisotropic_tuned
laser_path,moving-laser path,9,1.0,0.65,-35.0,1615.289643457921,anisotropic_tuned
laser_path,moving-laser path,9,1.0,0.65,-15.0,1589.1859770611732,anisotropic_tuned
laser_path,moving-laser path,9,1.0,0.65,0.0,1577.8320903384742,anisotropic_tuned
laser_path,moving-laser path,9,1.0,0.65,15.0,1584.9347955756984,anisotropic_tuned
laser_path,moving-laser path,9,1.0,0.65,35.0,1610.566588708744,anisotropic_tuned
laser_path,moving-laser path,9,1.0,0.65,55.0,1632.822364443602,anisotropic_tuned
laser_path,moving-laser path,9,1.0,0.9,-55.0,1603.7993468772124,anisotropic_tuned
laser_path,moving-laser path,9,1.0,0.9,-35.0,1597.5609503025357,anisotropic_tuned
laser_path,moving-laser path,9,1.0,0.9,-15.0,1591.996254823392,anisotropic_tuned
laser_path,moving-laser path,9,1.0,0.9,0.0,1590.0352141351068,anisotropic_tuned
laser_path,moving-laser path,9,1.0,0.9,15.0,1590.661346730557,anisotropic_tuned
laser_path,moving-laser path,9,1.0,0.9,35.0,1594.9735112452586,anisotropic_tuned
laser_path,moving-laser path,9,1.0,0.9,55.0,1601.152556356179,anisotropic_tuned
laser_path,moving-laser path,9,1.35,0.18,-55.0,1818.0790442577304,anisotropic_tuned
laser_path,moving-laser path,9,1.35,0.18,-35.0,1840.6707750608143,anisotropic_tuned
laser_path,moving-laser path,9,1.35,0.18,-15.0,1768.441613479251,anisotropic_tuned
laser_path,moving-laser path,9,1.35,0.18,0.0,1606.2387682528065,anisotropic_tuned
laser_path,moving-laser path,9,1.35,0.18,15.0,1767.0589321824323,anisotropic_tuned
laser_path,moving-laser path,9,1.35,0.18,35.0,1831.8732814197224,anisotropic_tuned
laser_path,moving-laser path,9,1.35,0.18,55.0,1817.2809484307263,anisotropic_tuned
laser_path,moving-laser path,9,1.35,0.28,-55.0,1806.8367805098555,anisotropic_tuned
laser_path,moving-laser path,9,1.35,0.28,-35.0,1772.579302157675,anisotropic_tuned
laser_path,moving-laser path,9,1.35,0.28,-15.0,1664.9920197427805,anisotropic_tuned
laser_path,moving-laser path,9,1.35,0.28,0.0,1600.4969867038076,anisotropic_tuned
laser_path,moving-laser path,9,1.35,0.28,15.0,1665.2111798549672,anisotropic_tuned
laser_path,moving-laser path,9,1.35,0.28,35.0,1756.2817809761964,anisotropic_tuned
laser_path,moving-laser path,9,1.35,0.28,55.0,1804.6072983668246,anisotropic_tuned
laser_path,moving-laser path,9,1.35,0.42,-55.0,1729.0491823790949,anisotropic_tuned
laser_path,moving-laser path,9,1.35,0.42,-35.0,1687.3668042342124,anisotropic_tuned
laser_path,moving-laser path,9,1.35,0.42,-15.0,1594.0977185193074,anisotropic_tuned
laser_path,moving-laser path,9,1.35,0.42,0.0,1575.39830864131,anisotropic_tuned
laser_path,moving-laser path,9,1.35,0.42,15.0,1595.0178368880001,anisotropic_tuned
laser_path,moving-laser path,9,1.35,0.42,35.0,1668.952582851074,anisotropic_tuned
laser_path,moving-laser path,9,1.35,0.42,55.0,1721.216623099131,anisotropic_tuned
laser_path,moving-laser path,9,1.35,0.65,-55.0,1657.2017223113485,anisotropic_tuned
laser_path,moving-laser path,9,1.35,0.65,-35.0,1619.6076732033234,anisotropic_tuned
laser_path,moving-laser path,9,1.35,0.65,-15.0,1569.465197237138,anisotropic_tuned
laser_path,moving-laser path,9,1.35,0.65,0.0,1541.6592139935224,anisotropic_tuned
laser_path,moving-laser path,9,1.35,0.65,15.0,1558.4667584916374,anisotropic_tuned
laser_path,moving-laser path,9,1.35,0.65,35.0,1605.1318015993725,anisotropic_tuned
laser_path,moving-laser path,9,1.35,0.65,55.0,1649.9829426832816,anisotropic_tuned
laser_path,moving-laser path,9,1.35,0.9,-55.0,1627.7720870522344,anisotropic_tuned
laser_path,moving-laser path,9,1.35,0.9,-35.0,1606.415341517391,anisotropic_tuned
laser_path,moving-laser path,9,1.35,0.9,-15.0,1580.128587203801,anisotropic_tuned
laser_path,moving-laser path,9,1.35,0.9,0.0,1569.1548429806203,anisotropic_tuned
laser_path,moving-laser path,9,1.35,0.9,15.0,1571.4176188831138,anisotropic_tuned
laser_path,moving-laser path,9,1.35,0.9,35.0,1592.9113435134304,anisotropic_tuned
laser_path,moving-laser path,9,1.35,0.9,55.0,1622.434023950128,anisotropic_tuned
laser_path,moving-laser path,9,1.75,0.18,-55.0,1791.013385817651,anisotropic_tuned
laser_path,moving-laser path,9,1.75,0.18,-35.0,1815.4041656005907,anisotropic_tuned
laser_path,moving-laser path,9,1.75,0.18,-15.0,1732.1224977392412,anisotropic_tuned
laser_path,moving-laser path,9,1.75,0.18,0.0,1563.1539044618848,anisotropic_tuned
laser_path,moving-laser path,9,1.75,0.18,15.0,1730.7828571089158,anisotropic_tuned
laser_path,moving-laser path,9,1.75,0.18,35.0,1806.8815937460622,anisotropic_tuned
laser_path,moving-laser path,9,1.75,0.18,55.0,1787.703926346163,anisotropic_tuned
laser_path,moving-laser path,9,1.75,0.28,-55.0,1811.2835347058226,anisotropic_tuned
laser_path,moving-laser path,9,1.75,0.28,-35.0,1775.47236491687,anisotropic_tuned
laser_path,moving-laser path,9,1.75,0.28,-15.0,1630.3536288960677,anisotropic_tuned
laser_path,moving-laser path,9,1.75,0.28,0.0,1557.7313018758405,anisotropic_tuned
laser_path,moving-laser path,9,1.75,0.28,15.0,1632.0424179787465,anisotropic_tuned
laser_path,moving-laser path,9,1.75,0.28,35.0,1757.289583393915,anisotropic_tuned
laser_path,moving-laser path,9,1.75,0.28,55.0,1818.4636587393652,anisotropic_tuned
laser_path,moving-laser path,9,1.75,0.42,-55.0,1747.0915657326345,anisotropic_tuned
laser_path,moving-laser path,9,1.75,0.42,-35.0,1700.0248680160694,anisotropic_tuned
laser_path,moving-laser path,9,1.75,0.42,-15.0,1576.2124838030654,anisotropic_tuned
laser_path,moving-laser path,9,1.75,0.42,0.0,1537.5264566044584,anisotropic_tuned
laser_path,moving-laser path,9,1.75,0.42,15.0,1572.8943896831734,anisotropic_tuned
laser_path,moving-laser path,9,1.75,0.42,35.0,1679.849969850371,anisotropic_tuned
laser_path,moving-laser path,9,1.75,0.42,55.0,1749.099438827228,anisotropic_tuned
laser_path,moving-laser path,9,1.75,0.65,-55.0,1682.024841558965,anisotropic_tuned
laser_path,moving-laser path,9,1.75,0.65,-35.0,1641.2871562603127,anisotropic_tuned
laser_path,moving-laser path,9,1.75,0.65,-15.0,1571.2617558619372,anisotropic_tuned
laser_path,moving-laser path,9,1.75,0.65,0.0,1520.3366507278765,anisotropic_tuned
laser_path,moving-laser path,9,1.75,0.65,15.0,1546.2939097874719,anisotropic_tuned
laser_path,moving-laser path,9,1.75,0.65,35.0,1623.827746300702,anisotropic_tuned
laser_path,moving-laser path,9,1.75,0.65,55.0,1684.5076774598847,anisotropic_tuned
laser_path,moving-laser path,9,1.75,0.9,-55.0,1657.1900695520517,anisotropic_tuned
laser_path,moving-laser path,9,1.75,0.9,-35.0,1628.838413197193,anisotropic_tuned
laser_path,moving-laser path,9,1.75,0.9,-15.0,1584.8807887132634,anisotropic_tuned
laser_path,moving-laser path,9,1.75,0.9,0.0,1556.9895055764941,anisotropic_tuned
laser_path,moving-laser path,9,1.75,0.9,15.0,1563.915616267364,anisotropic_tuned
laser_path,moving-laser path,9,1.75,0.9,35.0,1613.5155525192718,anisotropic_tuned
laser_path,moving-laser path,9,1.75,0.9,55.0,1659.9202292799987,anisotropic_tuned
