trajectory,method,diffusivity_m2_s,cooling_rate_1_s,signal_sd_K,source_coupling,n_frames,n_observations,n_saturated,threshold_K,excess_field_rel_l2,hot_region_rel_l2,peak_true_K,peak_predicted_K,peak_absolute_error_K,posterior_sd_at_true_peak_K,true_peak_in_95,pointwise_95_coverage,hot_region_95_coverage,mean_crps_K,hot_region_crps_K,mean_95_interval_width_K,hot_region_95_interval_width_K,hot_region_interval_score_K,interval_calibration_scale,calibrated_true_peak_in_95,calibrated_hot_region_95_coverage,calibrated_hot_region_95_interval_width_K,calibrated_hot_region_interval_score_K,fixed_top_01_crps_K,fixed_top_01_mae_K,fixed_top_03_crps_K,fixed_top_03_mae_K,fixed_top_05_crps_K,fixed_top_05_mae_K,fixed_top_10_crps_K,fixed_top_10_mae_K,true_peak_location_crps_K,true_peak_location_mae_K,field_maximum_crps_K,family,run_index,role,fraction_saturated,observed_saturated_fraction,observation_design,mean_type,residual_lengthscale_m,forcing_lengthscale_m,forcing_intensity_K2_per_s,crps_estimator
DiagonalScanPath_1,regular mean + RBF,3.6109129986233175e-06,0.0,3.4305133895116966,,1,117,2,294.6560504149699,0.9793637226823694,0.9850499084365087,334.19579037327884,297.0446455754362,37.15114479784262,3.4196267389530575,False,0.9972011195521792,0.9078947368421052,0.7696188483959013,2.8044559960831705,11.442651384406906,12.123083393480092,51.39517217385717,1.0,False,0.9078947368421052,12.123083393480092,51.39517217385717,5.8567379175437,7.4333293709833885,2.8044559960831705,3.710803244061171,2.03432661160831,2.6041017684156618,1.3802768977024404,1.5402415247693555,39.097507315493104,41.073607940752595,28.93095131144565,Diagonal,1,evaluation,0.03,0.017094017094017,fixed_stride_5,constant ambient,0.0003125,,,unbiased_M_times_M_minus_1
DiagonalScanPath_1,regular mean + stochastic space-time,3.6109129986233175e-06,12.422901570529978,3.4305133895116966,,2,234,5,294.6560504149699,0.974255624239628,0.9745997473476816,334.19579037327884,297.26641239517227,36.92937797810657,2.9480175174836245,False,0.9956017592962816,0.868421052631579,0.6296119460941629,2.7078987840010225,9.064532617733606,9.69591619446244,53.76952798894753,1.0,False,0.868421052631579,9.69591619446244,53.76952798894753,5.9521131816611295,7.181779763317925,2.7078987840010225,3.4026917715517584,1.9430261409779483,2.3491999253036657,1.2696355007854612,1.3712715935726876,39.92644341817399,41.16198472536752,30.79067629417796,Diagonal,1,evaluation,0.03,0.0213675213675213,fixed_stride_5,constant ambient,0.0003125,0.0003125,1077.1162951691497,unbiased_M_times_M_minus_1
DiagonalScanPath_1,physics mean + RBF,3.6109129986233175e-06,0.0,3.4305133895116966,0.1702227206133784,1,117,2,294.6560504149699,0.4395020080942645,0.4294946851149249,334.19579037327884,340.2588088609208,6.063018487641955,3.4196267389530575,True,0.9984006397441024,0.9473684210526316,0.7287507041357201,1.5005903161499337,11.4465492252087,12.17907139387774,19.87242809933087,1.0,True,0.9473684210526316,12.17907139387774,19.87242809933087,2.7149736516812357,3.8781561627066,1.5005903161499337,1.8940065583876304,1.2412836268705538,1.318772541357715,0.971713903661804,0.7253779157476575,4.249118775051999,6.063018487641955,4.2491187750519455,Diagonal,1,evaluation,0.03,0.017094017094017,fixed_stride_5,physics one-step clipped,0.0003125,,,unbiased_M_times_M_minus_1
DiagonalScanPath_1,physics mean + stochastic space-time,3.6109129986233175e-06,12.422901570529978,3.4305133895116966,0.1702227206133784,2,234,5,294.6560504149699,0.4776324354951358,0.4347607596836339,334.19579037327884,340.15595385199447,5.960163478715629,2.9480181694010383,False,0.9976009596161536,0.9210526315789472,0.5940236941197773,1.4991819459630682,9.086195879299,10.11521803598112,20.23924512509549,1.0,False,0.9210526315789472,10.11521803598112,20.23924512509549,2.823289033851878,3.783712088102708,1.4991819459630682,1.9507065365410363,1.241268028842876,1.582408701951575,0.9157717541447916,0.9599868242527384,4.402022805359475,5.960163478715629,4.4020228053594375,Diagonal,1,evaluation,0.03,0.0213675213675213,fixed_stride_5,physics one-step clipped,0.0003125,0.0003125,1077.1162951691497,unbiased_M_times_M_minus_1
DiagonalScanPath_2,regular mean + RBF,3.6109129986233175e-06,0.0,3.4305133895116966,,1,117,1,294.7833581687172,0.965448120980114,0.9794418614852524,330.73381085494185,296.64554825832784,34.088262596614015,3.4196267389530575,False,0.9972011195521792,0.9078947368421052,0.7726569189039275,2.8405438024550196,11.465155075663642,12.030341515237165,50.90269879270391,1.0,False,0.9078947368421052,12.030341515237165,50.90269879270391,6.1030579459591285,7.812859553684849,2.8405438024550196,3.788842774762747,2.034108083520939,2.6224584616494115,1.3941691371856857,1.5864709004175557,35.8818808316512,37.53308547771684,25.62425551671207,Diagonal,2,evaluation,0.03,0.0085470085470085,fixed_stride_5,constant ambient,0.0003125,,,unbiased_M_times_M_minus_1
DiagonalScanPath_2,regular mean + stochastic space-time,3.6109129986233175e-06,12.422901570529978,3.4305133895116966,,2,234,3,294.7833581687172,0.935630652677297,0.949198804044194,330.73381085494185,297.13504209650057,33.59876875844128,2.9480174744229464,False,0.995201919232307,0.8421052631578947,0.6276739421730584,2.6775889064851164,9.087275197557824,9.726965033942006,53.65128076489616,1.0,False,0.8421052631578947,9.726965033942006,53.65128076489616,6.196101454228023,7.519169512362179,2.6775889064851164,3.3282918229264715,1.882864585212615,2.268488913803318,1.234393705340187,1.2661904540980744,35.44968250730114,37.24370621708488,27.252730858898104,Diagonal,2,evaluation,0.03,0.0128205128205128,fixed_stride_5,constant ambient,0.0003125,0.0003125,1077.1162951691497,unbiased_M_times_M_minus_1
DiagonalScanPath_2,physics mean + RBF,3.6109129986233175e-06,0.0,3.4305133895116966,0.1702227206133784,1,117,1,294.7833581687172,0.4618313447092765,0.4632933005787223,330.73381085494185,326.574465425674,4.15934542926783,3.4196267389530575,True,0.9976009596161536,0.9210526315789472,0.7299382220827231,1.5835706800233298,11.46441010795504,12.048919693448704,19.78287695404959,1.0,True,0.9210526315789472,12.048919693448704,19.78287695404959,3.0583160571424433,4.2186123024643685,1.5835706800233298,1.8689513971214764,1.247827934274886,1.234752022985273,0.9850099125358672,0.6583740784457094,2.936434154585994,4.15934542926783,2.584916888412374,Diagonal,2,evaluation,0.03,0.0085470085470085,fixed_stride_5,physics one-step clipped,0.0003125,,,unbiased_M_times_M_minus_1
DiagonalScanPath_2,physics mean + stochastic space-time,3.6109129986233175e-06,12.422901570529978,3.4305133895116966,0.1702227206133784,2,234,3,294.7833581687172,0.4968069240437258,0.4710014186102449,330.73381085494185,326.6094616516928,4.124349203249039,2.9480178168869924,True,0.9972011195521792,0.9078947368421052,0.5939986800735179,1.5367844513332407,9.091250495765005,9.809499620216098,21.232424525872258,1.0,True,0.9078947368421052,9.809499620216098,21.232424525872258,3.0473690369931057,4.2225441848899115,1.5367844513332407,1.9805480900381771,1.2192078523300278,1.4576171816656882,0.9010634075988816,0.848185099695873,2.3038149532052525,4.124349203249039,2.173807890992064,Diagonal,2,evaluation,0.03,0.0128205128205128,fixed_stride_5,physics one-step clipped,0.0003125,0.0003125,1077.1162951691497,unbiased_M_times_M_minus_1
DiagonalScanPath_3,regular mean + RBF,3.6109129986233175e-06,0.0,3.4305133895116966,,1,117,2,294.9015209525281,0.9350489517486872,0.9524710607828344,326.4740358780628,297.37049514585203,29.103540732210774,3.4197876965702276,False,0.9964014394242304,0.881578947368421,0.7742908573046433,2.7941565475715153,11.45394062144157,12.24912495212146,53.57294195686761,1.0,False,0.881578947368421,12.24912495212146,53.57294195686761,5.962189218734792,7.262723043159012,2.7941565475715153,3.5450376287404124,2.028170387604678,2.524322649255526,1.410915833622003,1.6354378452736178,31.807948497530894,33.2273428102705,21.42032308845438,Diagonal,3,evaluation,0.03,0.017094017094017,fixed_stride_5,constant ambient,0.0003125,,,unbiased_M_times_M_minus_1
DiagonalScanPath_3,regular mean + stochastic space-time,3.6109129986233175e-06,12.422901570529978,3.4305133895116966,,2,234,5,294.9015209525281,0.8808206210560362,0.9113526613833688,326.4740358780628,297.090711989111,29.383323888951793,2.9580408461114267,False,0.9964014394242304,0.881578947368421,0.618502541591788,2.4751223619842517,9.0732131474998,9.973037753123778,53.65851741583744,1.0,False,0.881578947368421,9.973037753123778,53.65851741583744,5.6098076066323594,6.709384322172978,2.4751223619842517,2.995980737624084,1.7307738705744868,1.957092570118056,1.1571387645216096,1.0937030239795351,31.15905587579038,32.86247320806325,23.088637570693898,Diagonal,3,evaluation,0.03,0.0213675213675213,fixed_stride_5,constant ambient,0.0003125,0.0003125,1077.1162951691497,unbiased_M_times_M_minus_1
DiagonalScanPath_3,physics mean + RBF,3.6109129986233175e-06,0.0,3.4305133895116966,0.1702227206133784,1,117,2,294.9015209525281,0.4410240451958109,0.4512368277769396,326.4740358780628,331.55694674878004,5.082910870717228,3.419839810731507,False,0.9976009596161536,0.9210526315789472,0.7282585161545088,1.5610256929407451,11.45316653449985,12.279161022384864,21.553689026623612,1.0,False,0.9210526315789472,12.279161022384864,21.553689026623612,2.8731105281736755,3.715708701766022,1.5610256929407451,1.7939708911904284,1.233570654035455,1.1495008299406395,0.9706078952401944,0.6218323896481898,5.812382617520679,7.428504981463561,3.538407082497586,Diagonal,3,evaluation,0.03,0.017094017094017,fixed_stride_5,physics one-step clipped,0.0003125,,,unbiased_M_times_M_minus_1
DiagonalScanPath_3,physics mean + stochastic space-time,3.6109129986233175e-06,12.422901570529978,3.4305133895116966,0.1702227206133784,2,234,5,294.9015209525281,0.4551650777366187,0.4482785145159207,326.4740358780628,331.604548744955,5.130512866892218,2.955767015965924,False,0.9972011195521792,0.9078947368421052,0.5901687686238304,1.5148616839556537,9.083882893524333,10.260034685624982,21.661433767109383,1.0,False,0.9078947368421052,10.260034685624982,21.661433767109383,2.7660528126538018,3.472202618100611,1.5148616839556537,1.8569678716622993,1.163318594804938,1.3063360749180088,0.8699057579619015,0.7678598861497548,5.630351846108827,7.261375660765054,3.649374943345944,Diagonal,3,evaluation,0.03,0.0213675213675213,fixed_stride_5,physics one-step clipped,0.0003125,0.0003125,1077.1162951691497,unbiased_M_times_M_minus_1
DiagonalScanPath_4,regular mean + RBF,3.6109129986233175e-06,0.0,3.4305133895116966,,1,117,2,295.3585248883726,0.9283692339004824,0.9501409064332288,331.63935958961497,297.4705153724891,34.168844217125866,3.419629760193113,False,0.9964014394242304,0.881578947368421,0.7796028660657673,2.949390656763899,11.451021489436018,12.140300129636694,56.97919491278557,1.0,False,0.881578947368421,12.140300129636694,56.97919491278557,6.440213972117205,7.949785355739544,2.949390656763899,3.825800898612769,2.12593031504139,2.742406322732387,1.4649078772678308,1.7840572578690113,36.83358388289208,38.48554318480245,26.489793127081168,Diagonal,4,evaluation,0.03,0.017094017094017,fixed_stride_5,constant ambient,0.0003125,,,unbiased_M_times_M_minus_1
DiagonalScanPath_4,regular mean + stochastic space-time,3.6109129986233175e-06,12.422901570529978,3.4305133895116966,,2,234,3,295.3585248883726,0.8650693781760247,0.900493417299189,331.63935958961497,297.38548283445346,34.253876755161514,2.949320402477223,False,0.9964014394242304,0.881578947368421,0.6218059810747778,2.569083197488923,9.07197818511732,9.798884104145651,54.98975690617628,1.0,False,0.881578947368421,9.798884104145651,54.98975690617628,5.894279506221911,7.212948479567866,2.569083197488923,3.16020439905493,1.803884024465105,2.091860084007747,1.188720569823988,1.1781950026700398,36.2620600772239,38.054464992628766,27.924240224085622,Diagonal,4,evaluation,0.03,0.0128205128205128,fixed_stride_5,constant ambient,0.0003125,0.0003125,1077.1162951691497,unbiased_M_times_M_minus_1
DiagonalScanPath_4,physics mean + RBF,3.6109129986233175e-06,0.0,3.4305133895116966,0.1702227206133784,1,117,2,295.3585248883726,0.4145734488660652,0.4274683312640293,331.63935958961497,339.09185032019934,7.452490730584373,3.4196309546876793,False,0.9972011195521792,0.9078947368421052,0.7273167087418583,1.5244964035300363,11.457155472219451,12.01077115275171,22.45757851378129,1.0,False,0.9078947368421052,12.01077115275171,22.45757851378129,2.928728219473325,3.996763162876501,1.5244964035300363,1.7553961202762818,1.2096862647863167,1.1351624867112766,0.9572110249176142,0.6214789876099701,5.515026955954595,7.452490730584373,5.515026955954586,Diagonal,4,evaluation,0.03,0.017094017094017,fixed_stride_5,physics one-step clipped,0.0003125,,,unbiased_M_times_M_minus_1
DiagonalScanPath_4,physics mean + stochastic space-time,3.6109129986233175e-06,12.422901570529978,3.4305133895116966,0.1702227206133784,2,234,3,295.3585248883726,0.4310662797763295,0.428052595663888,331.63935958961497,339.25024866769985,7.610889078084881,2.9495049800081783,False,0.9976009596161536,0.9210526315789472,0.589517038968665,1.5067223760437098,9.079702607385055,9.939940870537615,21.258863822691502,1.0,False,0.9210526315789472,9.939940870537615,21.258863822691502,2.852741984068747,3.891657141122273,1.5067223760437098,1.971954319622286,1.1808346210415803,1.430550719945537,0.8763041000201337,0.8082835431604772,5.781920574060538,7.610889078084881,5.781920574060531,Diagonal,4,evaluation,0.03,0.0128205128205128,fixed_stride_5,physics one-step clipped,0.0003125,0.0003125,1077.1162951691497,unbiased_M_times_M_minus_1
DiagonalScanPath_5,regular mean + RBF,3.6109129986233175e-06,0.0,3.4305133895116966,,1,117,3,295.50866552712534,0.9140041989925244,0.9372998520278728,334.0359159203151,297.53110536551054,36.50481055480458,3.419740820130839,False,0.9972011195521792,0.9078947368421052,0.7839596827738247,3.008377857408725,11.467255248096034,12.189715183981262,56.82822345260121,1.0,False,0.9078947368421052,12.189715183981262,56.82822345260121,6.545177155276442,8.15007403612358,3.008377857408725,3.948321996638829,2.1940685290166035,2.881196654774857,1.5035801528308634,1.877305638277822,39.06649844679597,40.79607452912376,28.93920213995679,Diagonal,5,evaluation,0.03,0.0256410256410256,fixed_stride_5,constant ambient,0.0003125,,,unbiased_M_times_M_minus_1
DiagonalScanPath_5,regular mean + stochastic space-time,3.6109129986233175e-06,12.422901570529978,3.4305133895116966,,2,234,6,295.50866552712534,0.833810111671688,0.8672349585091919,334.0359159203151,298.55915418393505,35.47676173638007,2.972232412329879,False,0.9964014394242304,0.8947368421052632,0.6258487714770571,2.5539211829121053,9.115494229140264,10.726500460973243,53.87854476499861,1.0,False,0.8947368421052632,10.726500460973243,53.87854476499861,5.60217909155014,6.7872086628576085,2.5539211829121053,3.1934455613365493,1.866985609388904,2.3012557372861058,1.218304167645915,1.270025973163904,38.09147860194971,39.92924765059939,29.338094679499644,Diagonal,5,evaluation,0.03,0.0256410256410256,fixed_stride_5,constant ambient,0.0003125,0.0003125,1077.1162951691497,unbiased_M_times_M_minus_1
DiagonalScanPath_5,physics mean + RBF,3.6109129986233175e-06,0.0,3.4305133895116966,0.1702227206133784,1,117,3,295.50866552712534,0.4156153625443401,0.4252907651748485,334.0359159203151,331.10741203632983,2.928503883985286,3.419709830259627,True,0.9976009596161536,0.9342105263157896,0.7296620038465929,1.5262484329752188,11.46830074307598,12.083442810636724,22.08598681089993,1.0,True,0.9342105263157896,12.083442810636724,22.08598681089993,2.881594330088405,3.899053646133515,1.5262484329752188,1.7731758029453646,1.2423494699413882,1.2523813144126823,0.9788593873489588,0.6633525693806704,1.9532980812757372,2.928503883985286,1.953170672230516,Diagonal,5,evaluation,0.03,0.0256410256410256,fixed_stride_5,physics one-step clipped,0.0003125,,,unbiased_M_times_M_minus_1
DiagonalScanPath_5,physics mean + stochastic space-time,3.6109129986233175e-06,12.422901570529978,3.4305133895116966,0.1702227206133784,2,234,6,295.50866552712534,0.4248428763618749,0.4136588108743557,334.0359159203151,331.5925555089752,2.4433604113399383,2.968777769661868,True,0.998000799680128,0.9342105263157896,0.5935482440707233,1.495649546077295,9.105590383096269,10.12787270907666,22.67123448572995,1.0,True,0.9342105263157896,10.12787270907666,22.67123448572995,2.5476190167608053,3.212631274134535,1.495649546077295,1.998357850112214,1.2343657310185665,1.626557397980496,0.9037691918878052,0.9070579925445442,1.2600114694589388,2.4433604113399383,1.2600114694589968,Diagonal,5,evaluation,0.03,0.0256410256410256,fixed_stride_5,physics one-step clipped,0.0003125,0.0003125,1077.1162951691497,unbiased_M_times_M_minus_1
DiagonalScanPath_6,regular mean + RBF,3.6109129986233175e-06,0.0,3.4305133895116966,,1,117,3,295.76268867732483,0.9050849314942752,0.9301742565291736,331.21807173731014,297.9727839750229,33.24528776228726,3.419731042152501,False,0.9964014394242304,0.881578947368421,0.7934988727266343,3.170623222544214,11.480754614460496,11.923855717408877,57.64461485412646,1.0,False,0.881578947368421,11.923855717408877,57.64461485412646,6.781255952335583,8.349156439986247,3.170623222544214,4.1466514598258,2.3303682008143514,3.077323207881369,1.5845192194858582,2.0195196483844944,36.21995391575914,37.97442913036781,25.79233539064848,Diagonal,6,evaluation,0.03,0.0256410256410256,fixed_stride_5,constant ambient,0.0003125,,,unbiased_M_times_M_minus_1
DiagonalScanPath_6,regular mean + stochastic space-time,3.6109129986233175e-06,12.422901570529978,3.4305133895116966,,2,234,6,295.76268867732483,0.8134941729411851,0.8534745514444234,331.21807173731014,299.14538128408265,32.072690453227494,2.9726585046613407,False,0.9964014394242304,0.881578947368421,0.6291075912531026,2.699912784263959,9.11947816226322,10.474348324978475,54.00714157084263,1.0,False,0.881578947368421,10.474348324978475,54.00714157084263,5.867265755166121,6.926799109776368,2.699912784263959,3.3901001596523868,1.9499426845999817,2.428407205709192,1.2629227642218446,1.3293582540156188,35.193667984300454,36.90559414616865,26.117521431575764,Diagonal,6,evaluation,0.03,0.0256410256410256,fixed_stride_5,constant ambient,0.0003125,0.0003125,1077.1162951691497,unbiased_M_times_M_minus_1
DiagonalScanPath_6,physics mean + RBF,3.6109129986233175e-06,0.0,3.4305133895116966,0.1702227206133784,1,117,3,295.76268867732483,0.4134099325469158,0.4311475837006975,331.21807173731014,328.0813886069524,3.136683130357767,3.419748163482276,False,0.998000799680128,0.9342105263157896,0.7334726107687829,1.630768317908069,11.490970697714316,12.187262138001998,21.126243203579776,1.0,False,0.9342105263157896,12.187262138001998,21.126243203579776,3.0360448842046375,4.128056930581725,1.630768317908069,1.994784392699684,1.3066351345962388,1.3568240628890569,1.0104763911534262,0.7147663242379183,5.382071926634869,7.654449280545066,1.7696487998093111,Diagonal,6,evaluation,0.03,0.0256410256410256,fixed_stride_5,physics one-step clipped,0.0003125,,,unbiased_M_times_M_minus_1
DiagonalScanPath_6,physics mean + stochastic space-time,3.6109129986233175e-06,12.422901570529978,3.4305133895116966,0.1702227206133784,2,234,6,295.76268867732483,0.4413739299301794,0.4309779656165135,331.21807173731014,328.4814161367271,2.736655600583049,2.9885068611385583,False,0.9976009596161536,0.9210526315789472,0.6014563085265853,1.7095917573173534,9.118313909252349,10.547218154041108,20.04525872336354,1.0,False,0.9210526315789472,10.547218154041108,20.04525872336354,2.6163909725541235,3.4650507477605856,1.7095917573173534,2.3774070800734832,1.40492569146994,1.961078852077235,0.989449727723432,1.0731037247273063,5.507465696229744,7.028795408397002,1.6685837666952312,Diagonal,6,evaluation,0.03,0.0256410256410256,fixed_stride_5,physics one-step clipped,0.0003125,0.0003125,1077.1162951691497,unbiased_M_times_M_minus_1
DiagonalScanPath_7,regular mean + RBF,3.6109129986233175e-06,0.0,3.4305133895116966,,1,117,2,295.92680693793324,0.9125146077856974,0.9387460197552424,329.2427619913974,297.37920722216313,31.86355476923427,3.419628930382332,False,0.995201919232307,0.8421052631578947,0.8043795348681795,3.538889490047667,11.417984749734773,11.831596246031856,65.04119682895616,1.0,False,0.8421052631578947,11.831596246031856,65.04119682895616,7.440252616382605,9.04882800414376,3.538889490047667,4.653176058837282,2.561077567924763,3.4481936055557805,1.7070255116441808,2.201686969025655,34.23024130300216,36.090659900142214,23.849592730230498,Diagonal,7,evaluation,0.03,0.017094017094017,fixed_stride_5,constant ambient,0.0003125,,,unbiased_M_times_M_minus_1
DiagonalScanPath_7,regular mean + stochastic space-time,3.6109129986233175e-06,12.422901570529978,3.4305133895116966,,2,234,5,295.92680693793324,0.8066882164052586,0.8523032185984454,329.2427619913974,298.6294844896856,30.61327750171182,2.9528307343804214,False,0.9948020791683326,0.8289473684210527,0.6269617462909913,2.744846401084555,9.064633157951084,10.020216999517151,60.10186743145643,1.0,False,0.8289473684210527,10.020216999517151,60.10186743145643,6.252401611658953,7.448788058118433,2.744846401084555,3.3310087094536875,1.9225162700430112,2.2298733997748275,1.2458674964599312,1.2040323845163654,33.83919373690958,35.46404119528131,24.66572941611191,Diagonal,7,evaluation,0.03,0.0213675213675213,fixed_stride_5,constant ambient,0.0003125,0.0003125,1077.1162951691497,unbiased_M_times_M_minus_1
DiagonalScanPath_7,physics mean + RBF,3.6109129986233175e-06,0.0,3.4305133895116966,0.1702227206133784,1,117,2,295.92680693793324,0.3965165590390421,0.4169767148236795,329.2427619913974,336.7530916471486,7.510329655751207,3.419631653086831,False,0.998000799680128,0.9342105263157896,0.7301007009295126,1.6370422243781482,11.41845514625767,12.001897018684357,22.203638432052315,1.0,False,0.9342105263157896,12.001897018684357,22.203638432052315,3.2213586231328484,4.372624870657669,1.6370422243781482,1.9189235845456525,1.2773937767299957,1.2085371853632332,0.9943635721180348,0.636052120645994,5.706334788590781,7.510329655751207,5.706334788590854,Diagonal,7,evaluation,0.03,0.017094017094017,fixed_stride_5,physics one-step clipped,0.0003125,,,unbiased_M_times_M_minus_1
DiagonalScanPath_7,physics mean + stochastic space-time,3.6109129986233175e-06,12.422901570529978,3.4305133895116966,0.1702227206133784,2,234,5,295.92680693793324,0.3908496779425252,0.3951511342636757,329.2427619913974,337.10602994158194,7.863267950184536,2.9549080072160514,False,0.9972011195521792,0.9078947368421052,0.5899196534586607,1.553011720593238,9.055076680230616,10.026679182388158,21.279011474023655,1.0,False,0.9078947368421052,10.026679182388158,21.279011474023655,2.794966235944356,3.5510833093642327,1.553011720593238,2.0179497761943903,1.2167204974095966,1.4668305041662004,0.8911445196048173,0.8119850665238459,6.542850955004259,7.863267950184536,6.542850955004279,Diagonal,7,evaluation,0.03,0.0213675213675213,fixed_stride_5,physics one-step clipped,0.0003125,0.0003125,1077.1162951691497,unbiased_M_times_M_minus_1
DiagonalScanPath_8,regular mean + RBF,3.6109129986233175e-06,0.0,3.4305133895116966,,1,117,2,296.12149833303096,0.910417597150291,0.9339788799186698,336.214847986714,297.9803401438464,38.23450784286763,3.4196295054474395,False,0.9956017592962816,0.8552631578947368,0.8116258399826322,3.655469880411259,11.45055812014929,11.962702350434077,66.46547226144506,1.0,False,0.8552631578947368,11.962702350434077,66.46547226144506,7.565524020787631,9.1744805944484,3.655469880411259,4.850364409792977,2.6343575626576734,3.577617777423908,1.760774147621828,2.343232797261455,41.0281872293739,43.01085635620069,30.947152886661417,Diagonal,8,calibration,0.03,0.017094017094017,fixed_stride_5,constant ambient,0.0003125,,,unbiased_M_times_M_minus_1
DiagonalScanPath_8,regular mean + stochastic space-time,3.6109129986233175e-06,12.422901570529978,3.4305133895116966,,2,234,5,296.12149833303096,0.8021590133753516,0.8462272288278937,336.214847986714,298.9105483866982,37.30429960001578,2.952477974923541,False,0.9956017592962816,0.8552631578947368,0.6328371617858611,2.8299012978868165,9.080722854755608,9.752001334931268,63.84996528483213,1.0,False,0.8552631578947368,9.752001334931268,63.84996528483213,6.386315276278926,7.546909502981896,2.8299012978868165,3.4292003733643437,1.9787386186930631,2.296897797160644,1.2838400909816308,1.314645310981839,40.82813388595575,42.21984778294717,31.822374279675607,Diagonal,8,calibration,0.03,0.0213675213675213,fixed_stride_5,constant ambient,0.0003125,0.0003125,1077.1162951691497,unbiased_M_times_M_minus_1
DiagonalScanPath_8,physics mean + RBF,3.6109129986233175e-06,0.0,3.4305133895116966,0.1702227206133784,1,117,2,296.12149833303096,0.3902426364859307,0.4081589371319107,336.214847986714,341.95751471187026,5.742666725156255,3.419633737138535,True,0.998000799680128,0.9342105263157896,0.7334476685151307,1.664553736002474,11.462016301022482,12.09205345506457,23.306042962330583,1.0,True,0.9342105263157896,12.09205345506457,23.306042962330583,3.2646510516971032,4.427124178138528,1.664553736002474,1.980217750287604,1.3079252104053225,1.278279954492549,1.0071694267831597,0.6916969668167506,3.9509856562105607,5.742666725156255,3.9509856562105328,Diagonal,8,calibration,0.03,0.017094017094017,fixed_stride_5,physics one-step clipped,0.0003125,,,unbiased_M_times_M_minus_1
DiagonalScanPath_8,physics mean + stochastic space-time,3.6109129986233175e-06,12.422901570529978,3.4305133895116966,0.1702227206133784,2,234,5,296.12149833303096,0.3755161227468006,0.3769399314661291,336.214847986714,342.4614680135042,6.246620026790197,2.957872115101697,False,0.9968012794882048,0.8947368421052632,0.5925265462524422,1.5405915592029735,9.089870019709815,10.066392640514485,23.17582963663509,1.0,False,0.8947368421052632,10.066392640514485,23.17582963663509,2.850641293432285,3.550665912060212,1.5405915592029735,1.906816717323084,1.216972739353475,1.4149073979486326,0.8887393240905831,0.7976159198633975,4.56667243881862,6.246620026790197,4.566672438818695,Diagonal,8,calibration,0.03,0.0213675213675213,fixed_stride_5,physics one-step clipped,0.0003125,0.0003125,1077.1162951691497,unbiased_M_times_M_minus_1
HorizontalScanPath_1,regular mean + RBF,3.6109129986233175e-06,0.0,3.4305133895116966,,1,117,0,294.63123831934564,0.9748464083259986,0.9798142275747947,317.4810532811467,294.44889993806026,23.032153343086463,3.4196267389530575,False,0.9972011195521792,0.9078947368421052,0.752101701532455,2.322588970231788,11.420653687015182,12.370223486315556,32.65173490945246,1.0,False,0.9078947368421052,12.370223486315556,32.65173490945246,4.415367658790547,5.9239814484135005,2.322588970231788,3.2576671844434006,1.741979105325734,2.357754456825747,1.2067901221261963,1.3933458958860163,22.430829356604992,24.304641330692732,12.382991409672224,Horizontal,1,evaluation,0.03,0.0,fixed_stride_5,constant ambient,0.0003125,,,unbiased_M_times_M_minus_1
HorizontalScanPath_1,regular mean + stochastic space-time,3.6109129986233175e-06,12.422901570529978,3.4305133895116966,,2,234,0,294.63123831934564,0.9429987087332375,0.9480465126074084,317.4810532811467,294.4361210034294,23.04493227771735,2.948016687543056,False,0.9964014394242304,0.881578947368421,0.6077305611383561,2.178036385912446,9.04014914864725,10.032576970497203,34.40884100566954,1.0,False,0.881578947368421,10.032576970497203,34.40884100566954,4.443467712864388,5.74194280788621,2.178036385912446,2.9373182034307797,1.575731008490751,2.03598629704195,1.045509619977877,1.1602149828032398,22.605229909562915,24.22061936303885,14.38045227231879,Horizontal,1,evaluation,0.03,0.0,fixed_stride_5,constant ambient,0.0003125,0.0003125,1077.1162951691497,unbiased_M_times_M_minus_1
HorizontalScanPath_1,physics mean + RBF,3.6109129986233175e-06,0.0,3.4305133895116966,0.1702227206133784,1,117,0,294.63123831934564,0.6015986935673414,0.6108965945653645,317.4810532811467,304.0124247956607,13.468628485486022,3.4196267389530575,False,0.9984006397441024,0.9473684210526316,0.7222895627099547,1.4785637547746562,11.420653687015182,12.370223486315556,20.957383431856453,1.0,False,0.9473684210526316,12.370223486315556,20.957383431856453,2.7002385314577504,3.7557128272931073,1.4785637547746562,1.6694291767986666,1.1836639770008266,1.0246568180355662,0.9111083372180008,0.5570134746009792,11.59481651139816,13.468628485486022,10.66913026343182,Horizontal,1,evaluation,0.03,0.0,fixed_stride_5,physics one-step clipped,0.0003125,,,unbiased_M_times_M_minus_1
HorizontalScanPath_1,physics mean + stochastic space-time,3.6109129986233175e-06,12.422901570529978,3.4305133895116966,0.1702227206133784,2,234,0,294.63123831934564,0.6059828380923584,0.6016126925562809,317.4810532811467,304.06892064297904,13.41213263816769,2.948016687543056,False,0.998000799680128,0.9342105263157896,0.5806674661122367,1.380362523013441,9.04014914864725,10.0325769704972,21.40105291182379,1.0,False,0.9342105263157896,10.0325769704972,21.40105291182379,2.705358061071707,3.6692293359761505,1.380362523013441,1.5859670953411198,1.0666391745188355,0.9977386346325609,0.7824738820361349,0.5727817705658319,11.796743184691724,13.41213263816769,11.533643849868785,Horizontal,1,evaluation,0.03,0.0,fixed_stride_5,physics one-step clipped,0.0003125,0.0003125,1077.1162951691497,unbiased_M_times_M_minus_1
HorizontalScanPath_2,regular mean + RBF,3.6109129986233175e-06,0.0,3.4305133895116966,,1,117,1,294.6301695664475,0.964724520316561,0.9804444796792288,315.9337083198785,296.7214637940512,19.212244525827316,3.4196267389530575,False,0.9976009596161536,0.9210526315789472,0.7539865355132421,2.2907787952126624,11.46439347727662,12.308931736519709,31.912000010881073,1.0,False,0.9210526315789472,12.308931736519709,31.912000010881073,4.344516903300065,5.946885977896262,2.2907787952126624,3.287195816301666,1.6783239585077316,2.2427059675706635,1.2257350864101504,1.4142381310269112,20.114781847102257,22.74972307872531,10.89421883191374,Horizontal,2,evaluation,0.03,0.0085470085470085,fixed_stride_5,constant ambient,0.0003125,,,unbiased_M_times_M_minus_1
HorizontalScanPath_2,regular mean + stochastic space-time,3.6109129986233175e-06,12.422901570529978,3.4305133895116966,,2,234,4,294.6301695664475,0.952188738704408,0.9583011280616373,315.9337083198785,297.13770177285795,18.796006547020568,2.9480274206873975,False,0.996001599360256,0.868421052631579,0.6145801071153331,2.237273491521178,9.082095436305044,10.131966434467666,33.42290167205169,1.0,False,0.868421052631579,10.131966434467666,33.42290167205169,4.512346564345912,5.856596373486652,2.237273491521178,3.031530162614112,1.6184574175737532,2.0988811845598296,1.1206781502575307,1.2686044061337487,20.639716630551145,22.69385192405099,12.560552727287469,Horizontal,2,evaluation,0.03,0.017094017094017,fixed_stride_5,constant ambient,0.0003125,0.0003125,1077.1162951691497,unbiased_M_times_M_minus_1
HorizontalScanPath_2,physics mean + RBF,3.6109129986233175e-06,0.0,3.4305133895116966,0.1702227206133784,1,117,1,294.6301695664475,0.6176478955685435,0.6237436198633363,315.9337083198785,302.26948477846173,13.664223541416789,3.4196267389530575,False,0.9988004798080768,0.9605263157894736,0.726983317028811,1.5039732412863147,11.461356502229522,12.463084121291432,20.5036648413182,1.0,False,0.9605263157894736,12.463084121291432,20.5036648413182,2.7207300166168333,3.8205557658326654,1.5039732412863147,1.809048026291552,1.2014212797235189,1.233547275004055,0.963600457880675,0.6766322047463021,11.524070045274588,13.664223541416789,9.364800875261254,Horizontal,2,evaluation,0.03,0.0085470085470085,fixed_stride_5,physics one-step clipped,0.0003125,,,unbiased_M_times_M_minus_1
HorizontalScanPath_2,physics mean + stochastic space-time,3.6109129986233175e-06,12.422901570529978,3.4305133895116966,0.1702227206133784,2,234,4,294.6301695664475,0.6519382589994477,0.6229543702449905,315.9337083198785,302.3058970049022,13.627811314976327,2.9480305172038315,False,0.998000799680128,0.9342105263157896,0.5897982679309182,1.42958454498901,9.08173756281195,10.133245368172156,19.711778946467795,1.0,False,0.9342105263157896,10.133245368172156,19.711778946467795,2.7483285439217107,3.8090427035791903,1.42958454498901,1.815535006518718,1.1472328524124211,1.3921918951224694,0.871065915458813,0.8450600991025189,11.8387440171666,13.627811314976327,10.571837930418209,Horizontal,2,evaluation,0.03,0.017094017094017,fixed_stride_5,physics one-step clipped,0.0003125,0.0003125,1077.1162951691497,unbiased_M_times_M_minus_1
HorizontalScanPath_3,regular mean + RBF,3.6109129986233175e-06,0.0,3.4305133895116966,,1,117,0,294.64317213251667,0.959687806988742,0.983757011497106,314.00846851431186,294.32893603330274,19.67953248100912,3.4196267389530575,False,0.9976009596161536,0.9210526315789472,0.7585289651025507,2.36884979631669,11.451317864407144,12.303694807895356,33.66154524489291,1.0,False,0.9210526315789472,12.303694807895356,33.66154524489291,4.492101737306095,6.024770768270167,2.36884979631669,3.350668297933092,1.7644748451583747,2.4004160316577567,1.2538977810389516,1.4793214599032884,19.001620292197252,20.87186472154019,8.925817869551997,Horizontal,3,evaluation,0.03,0.0,fixed_stride_5,constant ambient,0.0003125,,,unbiased_M_times_M_minus_1
HorizontalScanPath_3,regular mean + stochastic space-time,3.6109129986233175e-06,12.422901570529978,3.4305133895116966,,2,234,0,294.64317213251667,0.9126271651575252,0.9506692856347362,314.00846851431186,294.33602918456194,19.67243932974992,2.948016687543056,False,0.9968012794882048,0.8947368421052632,0.6107077358035493,2.215622171867445,9.063319653503775,9.954890078949376,34.87749131481843,1.0,False,0.8947368421052632,9.954890078949376,34.87749131481843,4.505627565931308,5.8180583400909605,2.215622171867445,3.00607727600591,1.5832117765572735,2.0107875592623654,1.0716992829188707,1.0911983927950442,19.240158692482854,20.85247261104098,10.854137249443168,Horizontal,3,evaluation,0.03,0.0,fixed_stride_5,constant ambient,0.0003125,0.0003125,1077.1162951691497,unbiased_M_times_M_minus_1
HorizontalScanPath_3,physics mean + RBF,3.6109129986233175e-06,0.0,3.4305133895116966,0.1702227206133784,1,117,0,294.64317213251667,0.5949381528619799,0.6194458988170914,314.00846851431186,303.83301741613906,10.1754510981728,3.4196267389530575,False,0.998000799680128,0.9342105263157896,0.7266932211383409,1.5059307382583476,11.451317864407144,12.303694807895356,20.88319003072515,1.0,False,0.9342105263157896,12.303694807895356,20.88319003072515,2.7947021357153896,3.932636580991499,1.5059307382583476,1.7950693263411943,1.1973747928359129,1.1016516758485566,0.9473877791633962,0.5808235062005488,11.680522921029926,13.550767350372894,7.146742910176396,Horizontal,3,evaluation,0.03,0.0,fixed_stride_5,physics one-step clipped,0.0003125,,,unbiased_M_times_M_minus_1
HorizontalScanPath_3,physics mean + stochastic space-time,3.6109129986233175e-06,12.422901570529978,3.4305133895116966,0.1702227206133784,2,234,0,294.64317213251667,0.6106925994376996,0.6242448882595382,314.00846851431186,303.6968263053935,10.311642208918386,2.948016687543056,False,0.998000799680128,0.9342105263157896,0.5861864888925437,1.456743953622076,9.063319653503775,9.954890078949376,21.79885844644153,1.0,False,0.9342105263157896,9.954890078949376,21.79885844644153,2.902133662890053,3.968024918780488,1.456743953622076,1.7894923906484486,1.1098168725697086,1.1177034452040226,0.8308099760368983,0.6034492893831853,12.069155036217303,13.681468954775482,8.155240152893153,Horizontal,3,evaluation,0.03,0.0,fixed_stride_5,physics one-step clipped,0.0003125,0.0003125,1077.1162951691497,unbiased_M_times_M_minus_1
HorizontalScanPath_4,regular mean + RBF,3.6109129986233175e-06,0.0,3.4305133895116966,,1,117,1,294.825260500259,0.927183652273316,0.9585756488441676,317.615531356997,296.66144202694346,20.954089330053534,3.4196267389530575,False,0.9976009596161536,0.9210526315789472,0.7571494494952997,2.302955605300745,11.456682683482462,12.294329410200811,31.637324451497463,1.0,False,0.9210526315789472,12.294329410200811,31.637324451497463,4.482127303472243,6.039098194906107,2.302955605300745,3.1999639846286208,1.73076662997994,2.3417039757596045,1.2464210136785137,1.5101460681798244,23.052802261676835,24.418542195900955,12.244601724975231,Horizontal,4,evaluation,0.03,0.0085470085470085,fixed_stride_5,constant ambient,0.0003125,,,unbiased_M_times_M_minus_1
HorizontalScanPath_4,regular mean + stochastic space-time,3.6109129986233175e-06,12.422901570529978,3.4305133895116966,,2,234,3,294.825260500259,0.8380116072306082,0.8935676175445247,317.615531356997,297.1658882231947,20.449643133802283,2.9480310722069945,False,0.9972011195521792,0.9078947368421052,0.6030546076910434,2.0493064326490646,9.072181999562156,9.990194835358068,32.75658976503695,1.0,False,0.9078947368421052,9.990194835358068,32.75658976503695,4.283625000572218,5.543415657978408,2.0493064326490646,2.6679570609325696,1.474719394837864,1.7299907933057432,1.0148619801160297,0.9534788380246552,22.22097511638756,24.074701518393283,14.16923087159205,Horizontal,4,evaluation,0.03,0.0128205128205128,fixed_stride_5,constant ambient,0.0003125,0.0003125,1077.1162951691497,unbiased_M_times_M_minus_1
HorizontalScanPath_4,physics mean + RBF,3.6109129986233175e-06,0.0,3.4305133895116966,0.1702227206133784,1,117,1,294.825260500259,0.5642223744482275,0.6026214820108965,317.615531356997,304.2055810976338,13.4099502593632,3.4196267389530575,False,0.9984006397441024,0.9473684210526316,0.7238131872772958,1.463960219849625,11.452255925783245,12.26411722562563,19.932207524514816,1.0,False,0.9473684210526316,12.26411722562563,19.932207524514816,2.579023945673546,3.743295789843194,1.463960219849625,1.8472139529176184,1.1682555467033868,1.138851578385211,0.9337938141324064,0.606315776217767,11.304141865537298,13.4099502593632,10.25698747760132,Horizontal,4,evaluation,0.03,0.0085470085470085,fixed_stride_5,physics one-step clipped,0.0003125,,,unbiased_M_times_M_minus_1
HorizontalScanPath_4,physics mean + stochastic space-time,3.6109129986233175e-06,12.422901570529978,3.4305133895116966,0.1702227206133784,2,234,3,294.825260500259,0.5918364201631311,0.6176647874399047,317.615531356997,304.23403217714167,13.381499179855323,2.9480330105671806,False,0.9984006397441024,0.9473684210526316,0.5864019675524285,1.5121913659331043,9.073803861833342,10.153415708549463,20.541741328566548,1.0,False,0.9473684210526316,10.153415708549463,20.541741328566548,2.6681895102869264,3.6780128098249785,1.5121913659331043,1.963698608491823,1.1509756510574272,1.3003741150390151,0.853707785899277,0.7384411946329769,11.711237288507,13.381499179855323,11.298042031981293,Horizontal,4,evaluation,0.03,0.0128205128205128,fixed_stride_5,physics one-step clipped,0.0003125,0.0003125,1077.1162951691497,unbiased_M_times_M_minus_1
HorizontalScanPath_5,regular mean + RBF,3.6109129986233175e-06,0.0,3.4305133895116966,,1,117,2,295.0840552279015,0.9113075753112192,0.9448105634427788,316.22149177634935,297.00734119286477,19.21415058348458,3.419626738963696,False,0.9972011195521792,0.9078947368421052,0.7619967167902225,2.3509519442493994,11.444801915348808,12.112322355224382,32.902903646946676,1.0,False,0.9078947368421052,12.112322355224382,32.902903646946676,4.612719422947751,6.186610934928931,2.3509519442493994,3.2035644823949205,1.7832553746453903,2.398500208676446,1.2903190450053503,1.6170497271870357,20.884006168979727,23.035722373109536,11.235948382136204,Horizontal,5,evaluation,0.03,0.017094017094017,fixed_stride_5,constant ambient,0.0003125,,,unbiased_M_times_M_minus_1
HorizontalScanPath_5,regular mean + stochastic space-time,3.6109129986233175e-06,12.422901570529978,3.4305133895116966,,2,234,5,295.0840552279015,0.807110273147056,0.8578271041966496,316.22149177634935,297.9595587268302,18.261933049519143,2.949641855172018,False,0.9972011195521792,0.9078947368421052,0.6059319706290283,1.9971307747440037,9.08179973913864,10.34440682237212,32.3630728211042,1.0,False,0.9078947368421052,10.34440682237212,32.3630728211042,3.982330197786011,5.15749278996457,1.9971307747440037,2.6993023097072877,1.490384266509711,1.9090655593396235,1.0296327302061088,1.083099450389658,20.44821410732309,22.513179463707104,12.253920669952702,Horizontal,5,evaluation,0.03,0.0213675213675213,fixed_stride_5,constant ambient,0.0003125,0.0003125,1077.1162951691497,unbiased_M_times_M_minus_1
HorizontalScanPath_5,physics mean + RBF,3.6109129986233175e-06,0.0,3.4305133895116966,0.1702227206133784,1,117,2,295.0840552279015,0.5472627871936327,0.5847969107816023,316.22149177634935,302.69492027913554,13.526571497213808,3.419626738970079,False,0.9988004798080768,0.9605263157894736,0.7271582225260592,1.5017517137256775,11.45613769009647,12.23147233185948,20.167226119398222,1.0,False,0.9605263157894736,12.23147233185948,20.167226119398222,2.710673942001004,3.709357293846781,1.5017517137256775,1.8565428925482457,1.2174002091447995,1.235516248324198,0.9624429295706156,0.6594454800034032,11.873549748018108,13.526571497213808,9.472221958257384,Horizontal,5,evaluation,0.03,0.017094017094017,fixed_stride_5,physics one-step clipped,0.0003125,,,unbiased_M_times_M_minus_1
HorizontalScanPath_5,physics mean + stochastic space-time,3.6109129986233175e-06,12.422901570529978,3.4305133895116966,0.1702227206133784,2,234,5,295.0840552279015,0.5849349806867518,0.5920886830474043,316.22149177634935,302.815404253294,13.406087523055362,2.950570829746973,False,0.9976009596161536,0.9342105263157896,0.591224843835277,1.4824181407779329,9.086522304120663,10.503559299363198,19.88607141246907,1.0,False,0.9342105263157896,10.503559299363198,19.88607141246907,2.461136028205669,3.202098129725663,1.4824181407779329,1.9266423723961472,1.2141318235105183,1.4979312077121807,0.8946247523744019,0.8371511456111226,11.404088009801852,13.406087523055362,9.94124828805781,Horizontal,5,evaluation,0.03,0.0213675213675213,fixed_stride_5,physics one-step clipped,0.0003125,0.0003125,1077.1162951691497,unbiased_M_times_M_minus_1
HorizontalScanPath_6,regular mean + RBF,3.6109129986233175e-06,0.0,3.4305133895116966,,1,117,2,295.31752139540873,0.8926868241638212,0.934172295081018,314.4374668883787,298.1687448476804,16.26872204069832,3.4197483130780415,False,0.9976009596161536,0.9210526315789472,0.7676349899931512,2.4517994778947885,11.442362020153931,12.052896747643848,34.065661547617786,1.0,False,0.9210526315789472,12.052896747643848,34.065661547617786,4.773453927858499,6.33204105518339,2.4517994778947885,3.405929838944164,1.8534929350637557,2.5321110291075337,1.3274168897426464,1.68981455638475,19.42153788546278,21.210530718750988,9.34695109098987,Horizontal,6,evaluation,0.03,0.017094017094017,fixed_stride_5,constant ambient,0.0003125,,,unbiased_M_times_M_minus_1
HorizontalScanPath_6,regular mean + stochastic space-time,3.6109129986233175e-06,12.422901570529978,3.4305133895116966,,2,234,5,295.31752139540873,0.754426971265944,0.8042546590126457,314.4374668883787,297.8049724978356,16.632494390543116,2.959758387713686,False,0.9976009596161536,0.9210526315789472,0.6059783542664537,1.9025179398509615,9.07572840906376,9.751461270795664,31.867208338477965,1.0,False,0.9210526315789472,9.751461270795664,31.867208338477965,3.9349989410006687,5.07441110354811,1.9025179398509615,2.482148874903075,1.4688637017521493,1.8586141581574285,1.0223372402517503,1.0404521200766594,18.853614552499344,20.1851418490499,10.590427264822315,Horizontal,6,evaluation,0.03,0.0213675213675213,fixed_stride_5,constant ambient,0.0003125,0.0003125,1077.1162951691497,unbiased_M_times_M_minus_1
HorizontalScanPath_6,physics mean + RBF,3.6109129986233175e-06,0.0,3.4305133895116966,0.1702227206133784,1,117,2,295.31752139540873,0.5149294336142027,0.548122747703945,314.4374668883787,304.57414490754746,9.863321980831245,3.419776035149128,False,0.998000799680128,0.9342105263157896,0.7295216247341411,1.4631222296754227,11.459809468217964,12.137848815189228,19.852110638718823,1.0,False,0.9342105263157896,12.137848815189228,19.852110638718823,2.6913375707665232,3.6994047223609,1.4631222296754227,1.706017928265563,1.220595993095616,1.2242334907599168,0.9618847779593868,0.6414426822891705,11.72390582299489,13.246009522980842,6.70521945619177,Horizontal,6,evaluation,0.03,0.017094017094017,fixed_stride_5,physics one-step clipped,0.0003125,,,unbiased_M_times_M_minus_1
HorizontalScanPath_6,physics mean + stochastic space-time,3.6109129986233175e-06,12.422901570529978,3.4305133895116966,0.1702227206133784,2,234,5,295.31752139540873,0.53111909289372,0.5134110555446137,314.4374668883787,305.03344974307197,9.40401714530674,2.9659727309519877,False,0.9976009596161536,0.9342105263157896,0.5905813475756038,1.313084693072368,9.075377136484091,9.86301756693382,18.384191762215615,1.0,False,0.9342105263157896,9.86301756693382,18.384191762215615,2.2856587889471474,3.018300565237787,1.313084693072368,1.6328839228092906,1.1674177771488232,1.4984758022181577,0.8737852938421024,0.8693082377249983,10.836830158738676,12.59806977042672,7.412861310956223,Horizontal,6,evaluation,0.03,0.0213675213675213,fixed_stride_5,physics one-step clipped,0.0003125,0.0003125,1077.1162951691497,unbiased_M_times_M_minus_1
HorizontalScanPath_7,regular mean + RBF,3.6109129986233175e-06,0.0,3.4305133895116966,,1,117,2,295.52522559779794,0.887726116877295,0.9291469984849018,318.1194882121125,297.3907579180164,20.728730294096124,3.4196267389615684,False,0.9972011195521792,0.9078947368421052,0.7717633308435375,2.547081246518987,11.44079084770294,11.891428262328356,34.8305350658112,1.0,False,0.9078947368421052,11.891428262328356,34.8305350658112,4.925875664719805,6.584428258441576,2.547081246518987,3.508175072683229,1.9185340070846877,2.6354999358061098,1.3729084258465096,1.7840415989190743,22.68836167776748,24.92373595933975,12.635466608496104,Horizontal,7,evaluation,0.03,0.017094017094017,fixed_stride_5,constant ambient,0.0003125,,,unbiased_M_times_M_minus_1
HorizontalScanPath_7,regular mean + stochastic space-time,3.6109129986233175e-06,12.422901570529978,3.4305133895116966,,2,234,5,295.52522559779794,0.7499289383072478,0.8148071726663435,318.1194882121125,297.9511293991299,20.168358812982603,2.950770602433484,False,0.9972011195521792,0.9078947368421052,0.6074594973050957,2.041158238873532,9.076912037539383,9.985298157233164,33.00985979332577,1.0,False,0.9078947368421052,9.985298157233164,33.00985979332577,4.142664670063654,5.3109977346508295,2.041158238873532,2.73182627232452,1.5032876838948108,1.9027770508472135,1.033897777505229,1.0664749414722958,22.56393959461242,24.220217298159184,14.195518172682672,Horizontal,7,evaluation,0.03,0.0213675213675213,fixed_stride_5,constant ambient,0.0003125,0.0003125,1077.1162951691497,unbiased_M_times_M_minus_1
HorizontalScanPath_7,physics mean + RBF,3.6109129986233175e-06,0.0,3.4305133895116966,0.1702227206133784,1,117,2,295.52522559779794,0.4969846224967711,0.5407238323975647,318.1194882121125,304.87674119580356,13.242747016308954,3.4196267389658237,False,0.9984006397441024,0.9473684210526316,0.7273767187498567,1.4712036163836808,11.443280065331049,12.124700193359974,20.082114214151535,1.0,False,0.9473684210526316,12.124700193359974,20.082114214151535,2.6633772828355577,3.693443762065571,1.4712036163836808,1.818772823120676,1.1870204777392257,1.1850242742804158,0.940705808350188,0.6273606261484509,11.317574420769825,13.242747016308954,10.493173515777327,Horizontal,7,evaluation,0.03,0.017094017094017,fixed_stride_5,physics one-step clipped,0.0003125,,,unbiased_M_times_M_minus_1
HorizontalScanPath_7,physics mean + stochastic space-time,3.6109129986233175e-06,12.422901570529978,3.4305133895116966,0.1702227206133784,2,234,5,295.52522559779794,0.5225391155494997,0.5371063254464961,318.1194882121125,305.025817766642,13.093670445470536,2.9512170579013466,False,0.9984006397441024,0.9473684210526316,0.5899144131854291,1.42421601839694,9.075561868758433,10.021282661211796,20.21795209696257,1.0,False,0.9473684210526316,10.021282661211796,20.21795209696257,2.356451752674586,3.045725042168584,1.42421601839694,1.849082013356478,1.166975845190401,1.453054273650897,0.8628531400432597,0.8005777086736223,11.351043721361048,13.093670445470536,11.00740533856261,Horizontal,7,evaluation,0.03,0.0213675213675213,fixed_stride_5,physics one-step clipped,0.0003125,0.0003125,1077.1162951691497,unbiased_M_times_M_minus_1
HorizontalScanPath_8,regular mean + RBF,3.6109129986233175e-06,0.0,3.4305133895116966,,1,117,2,295.71434881764065,0.8711756819207879,0.9200826865485056,316.75154527615916,297.8353174892269,18.916227786932268,3.419626738963696,False,0.9972011195521792,0.9078947368421052,0.7710121831894393,2.6370831552064096,11.433689875446367,11.966751441822591,33.877574181468326,1.0,False,0.9078947368421052,11.966751441822591,33.877574181468326,5.044019985019997,6.778409965203305,2.6370831552064096,3.6958493880801337,1.970966391720519,2.7524366730052763,1.3901822897320086,1.816777046651901,21.70922105107898,23.51103176556893,11.524955114008833,Horizontal,8,evaluation,0.03,0.017094017094017,fixed_stride_5,constant ambient,0.0003125,,,unbiased_M_times_M_minus_1
HorizontalScanPath_8,regular mean + stochastic space-time,3.6109129986233175e-06,12.422901570529978,3.4305133895116966,,2,234,5,295.71434881764065,0.7278565980745678,0.7877841030464153,316.75154527615916,298.245441811514,18.50610346464515,2.9500263373542417,False,0.9968012794882048,0.8947368421052632,0.6085912110131743,2.061072212804737,9.062078984222408,9.795089190343598,33.94927512168561,1.0,False,0.8947368421052632,9.795089190343598,33.94927512168561,4.189739725085886,5.322251850621982,2.061072212804737,2.7165145392382164,1.5576298460441915,1.9989588298999728,1.0698237839579972,1.1205707989519471,21.240095082988276,22.740258410979607,12.624332311549011,Horizontal,8,evaluation,0.03,0.0213675213675213,fixed_stride_5,constant ambient,0.0003125,0.0003125,1077.1162951691497,unbiased_M_times_M_minus_1
HorizontalScanPath_8,physics mean + RBF,3.6109129986233175e-06,0.0,3.4305133895116966,0.1702227206133784,1,117,2,295.71434881764065,0.4859357637692766,0.5286696623460346,316.75154527615916,303.3542112658891,13.397334010270072,3.4196267389679513,False,0.9988004798080768,0.9605263157894736,0.726624554228821,1.4864332251603514,11.436572402895113,12.1154314680952,19.194940079877505,1.0,False,0.9605263157894736,12.1154314680952,19.194940079877505,2.663996072677374,3.7444659774797255,1.4864332251603514,1.842250298904398,1.2104731151555312,1.2629844373815808,0.960939358370008,0.6933253006132993,11.54907823829756,13.397334010270072,9.507871043199822,Horizontal,8,evaluation,0.03,0.017094017094017,fixed_stride_5,physics one-step clipped,0.0003125,,,unbiased_M_times_M_minus_1
HorizontalScanPath_8,physics mean + stochastic space-time,3.6109129986233175e-06,12.422901570529978,3.4305133895116966,0.1702227206133784,2,234,5,295.71434881764065,0.5138488230945144,0.5155117522127299,316.75154527615916,303.5146038422196,13.236941433939537,2.9505715715980885,False,0.9984006397441024,0.9473684210526316,0.5908995966444841,1.4124397733940663,9.070512503238591,10.17562107142838,20.241325353604395,1.0,False,0.9473684210526316,10.17562107142838,20.241325353604395,2.406444104110037,3.10215990404346,1.4124397733940663,1.8049016742567836,1.2051744830184363,1.517331878940683,0.895474163408629,0.8757617253763303,11.520169154132706,13.236941433939537,10.084383740154845,Horizontal,8,evaluation,0.03,0.0213675213675213,fixed_stride_5,physics one-step clipped,0.0003125,0.0003125,1077.1162951691497,unbiased_M_times_M_minus_1
HorizontalScanPath_10,regular mean + RBF,3.6109129986233175e-06,0.0,3.4305133895116966,,1,117,2,296.06802208777685,0.8689241440440435,0.9121944554913768,318.649993978916,297.97350747240716,20.67648650650881,3.419626738963696,False,0.9968012794882048,0.8947368421052632,0.7828292794568414,2.854749589404026,11.422496305855022,11.94916685010655,35.192896172276335,1.0,False,0.8947368421052632,11.94916685010655,35.192896172276335,5.396258437889883,7.19741880614328,2.854749589404026,3.9738704182835303,2.1462909376490114,3.025957497787358,1.5131620341690069,2.051048959227833,23.487100214663496,25.43799034470288,13.275101135883803,Horizontal,10,evaluation,0.03,0.017094017094017,fixed_stride_5,constant ambient,0.0003125,,,unbiased_M_times_M_minus_1
HorizontalScanPath_10,regular mean + stochastic space-time,3.6109129986233175e-06,12.422901570529978,3.4305133895116966,,2,234,5,296.06802208777685,0.7042836073476927,0.7719371165327139,318.649993978916,298.8616026249729,19.788391353943094,2.9523378047337285,False,0.9964014394242304,0.881578947368421,0.610886172830051,2.1746342341479608,9.056360390761595,9.83067170212219,33.79755243868615,1.0,False,0.881578947368421,9.83067170212219,33.79755243868615,4.198368281236847,5.390638494700817,2.1746342341479608,2.925067075363376,1.61771627149621,2.087879339097305,1.099851743156909,1.1871368060269287,23.24523951124838,24.619989287515295,14.245531004870044,Horizontal,10,evaluation,0.03,0.0213675213675213,fixed_stride_5,constant ambient,0.0003125,0.0003125,1077.1162951691497,unbiased_M_times_M_minus_1
HorizontalScanPath_10,physics mean + RBF,3.6109129986233175e-06,0.0,3.4305133895116966,0.1702227206133784,1,117,2,296.06802208777685,0.457890528203134,0.5049003275776134,318.649993978916,305.41210893636907,13.237885042546909,3.4196267389658237,False,0.9984006397441024,0.9473684210526316,0.7256019138336308,1.5220839324159612,11.435034019673642,12.124292708547712,20.589154058893435,1.0,False,0.9473684210526316,12.124292708547712,20.589154058893435,2.834832603755541,3.890213930874967,1.5220839324159612,1.892423399426206,1.231562831009497,1.2569648503607966,0.9723316600878054,0.6630016691226873,11.17859335650465,13.237885042546909,10.390962349005552,Horizontal,10,evaluation,0.03,0.017094017094017,fixed_stride_5,physics one-step clipped,0.0003125,,,unbiased_M_times_M_minus_1
HorizontalScanPath_10,physics mean + stochastic space-time,3.6109129986233175e-06,12.422901570529978,3.4305133895116966,0.1702227206133784,2,234,5,296.06802208777685,0.4703646232948423,0.4901172640009165,318.649993978916,305.487469909978,13.162524068937955,2.950680563382909,False,0.998000799680128,0.9342105263157896,0.5882330474041848,1.433853690874414,9.065544417755593,9.96720279305062,20.75086663669381,1.0,False,0.9342105263157896,9.96720279305062,20.75086663669381,2.5016112473773404,3.2016655050392138,1.433853690874414,1.8503607666793076,1.1841477293665663,1.4790721598390733,0.8788972777216145,0.8217578069130839,11.49692326718513,13.162524068937955,10.980325221150624,Horizontal,10,evaluation,0.03,0.0213675213675213,fixed_stride_5,physics one-step clipped,0.0003125,0.0003125,1077.1162951691497,unbiased_M_times_M_minus_1
HorizontalScanPath_11,regular mean + RBF,3.6109129986233175e-06,0.0,3.4305133895116966,,1,117,3,296.2091569703494,0.8522848072435671,0.8975885095373466,317.2636056084965,298.4315250062087,18.832080602287817,3.419686815928663,False,0.9964014394242304,0.881578947368421,0.7859136274183945,2.9015843578502936,11.449595246204654,11.956847179041125,35.814551178621116,1.0,False,0.881578947368421,11.956847179041125,35.814551178621116,5.509974001741384,7.313655623124538,2.9015843578502936,4.02505978956404,2.1733783524820467,3.0443624721499662,1.525775698963974,2.081971129711145,22.256794581173125,23.99274321322042,11.840482029295066,Horizontal,11,evaluation,0.03,0.0256410256410256,fixed_stride_5,constant ambient,0.0003125,,,unbiased_M_times_M_minus_1
HorizontalScanPath_11,regular mean + stochastic space-time,3.6109129986233175e-06,12.422901570529978,3.4305133895116966,,2,234,6,296.2091569703494,0.6842816813617933,0.7384787389136573,317.2636056084965,300.05250344897127,17.21110215952524,2.970920442223531,False,0.9968012794882048,0.8947368421052632,0.6156689698195098,2.203244930660116,9.119880483019616,10.724031585301232,33.42854156596989,1.0,False,0.8947368421052632,10.724031585301232,33.42854156596989,3.8540255921640303,4.939748654897749,2.203244930660116,3.0932973753381665,1.6993304226862511,2.3816242015101134,1.139504505262407,1.3643186016835345,21.05557326516291,22.70072927289823,11.522899646670218,Horizontal,11,evaluation,0.03,0.0256410256410256,fixed_stride_5,constant ambient,0.0003125,0.0003125,1077.1162951691497,unbiased_M_times_M_minus_1
HorizontalScanPath_11,physics mean + RBF,3.6109129986233175e-06,0.0,3.4305133895116966,0.1702227206133784,1,117,3,296.2091569703494,0.4519907364858148,0.4961548780230339,317.2636056084965,303.87714557054187,13.386460037954636,3.4197713821471845,False,0.998000799680128,0.9342105263157896,0.729451573482926,1.567438459738191,11.455575406416076,12.050476290259605,21.214852912856244,1.0,False,0.9342105263157896,12.050476290259605,21.214852912856244,2.775200968672887,3.889260831582251,1.567438459738191,1.9916140849977195,1.279512886975425,1.4086054038583116,0.9992940821625488,0.7493964385726279,11.590913251636929,13.386460037954636,9.325437826469056,Horizontal,11,evaluation,0.03,0.0256410256410256,fixed_stride_5,physics one-step clipped,0.0003125,,,unbiased_M_times_M_minus_1
HorizontalScanPath_11,physics mean + stochastic space-time,3.6109129986233175e-06,12.422901570529978,3.4305133895116966,0.1702227206133784,2,234,6,296.2091569703494,0.4605611201935784,0.4542397541556628,317.2636056084965,304.57552267234706,12.688082936149442,2.968294514181273,False,0.9984006397441024,0.9473684210526316,0.5920113649908293,1.381021369990186,9.089961155899989,10.073671803420067,18.322334681914715,1.0,False,0.9473684210526316,10.073671803420067,18.322334681914715,2.17356306559809,2.8279013753277957,1.381021369990186,1.852770301985044,1.235350988898096,1.6919294558315283,0.9125742322442496,0.98922742021529,10.852093412764065,12.688082936149442,9.639491917134922,Horizontal,11,evaluation,0.03,0.0256410256410256,fixed_stride_5,physics one-step clipped,0.0003125,0.0003125,1077.1162951691497,unbiased_M_times_M_minus_1
HorizontalScanPath_12,regular mean + RBF,3.6109129986233175e-06,0.0,3.4305133895116966,,1,117,3,296.3525815864646,0.8491888458621143,0.8938799577454237,315.46455223645467,298.22772046786156,17.236831768593106,3.41968659180651,False,0.9968012794882048,0.8947368421052632,0.7920991723661795,2.999656801873978,11.44156049994182,11.883371035455378,37.34148369298318,1.0,False,0.8947368421052632,11.883371035455378,37.34148369298318,5.698616215992914,7.523017873500783,2.999656801873978,4.1702738201382905,2.2522766504610283,3.165292514803281,1.5615977354103423,2.1220346551886657,20.13306757974806,22.13920231859277,10.230737725757855,Horizontal,12,evaluation,0.03,0.0256410256410256,fixed_stride_5,constant ambient,0.0003125,,,unbiased_M_times_M_minus_1
HorizontalScanPath_12,regular mean + stochastic space-time,3.6109129986233175e-06,12.422901570529978,3.4305133895116966,,2,234,6,296.3525815864646,0.6648754247170052,0.7259493262249018,315.46455223645467,299.2203379221363,16.244214314318356,2.962131994930757,False,0.9972011195521792,0.9078947368421052,0.615652488830409,2.205510161193867,9.081656748166742,10.0935929546208,34.40749011648309,1.0,False,0.9078947368421052,10.0935929546208,34.40749011648309,4.146770643770366,5.367887684280456,2.205510161193867,3.021477691062229,1.663801965715966,2.219895337259546,1.123543103219042,1.238978885286645,19.127281968158545,20.7820081933242,10.555424558941736,Horizontal,12,evaluation,0.03,0.0256410256410256,fixed_stride_5,constant ambient,0.0003125,0.0003125,1077.1162951691497,unbiased_M_times_M_minus_1
HorizontalScanPath_12,physics mean + RBF,3.6109129986233175e-06,0.0,3.4305133895116966,0.1702227206133784,1,117,3,296.3525815864646,0.4402946166343958,0.4799998776523295,315.46455223645467,305.6011833938258,9.86336884262886,3.419824650725866,False,0.998000799680128,0.9342105263157896,0.7297401011270187,1.5329427219393512,11.458547493215535,12.089080625280364,20.409424801414612,1.0,False,0.9342105263157896,12.089080625280364,20.409424801414612,2.7877390060505687,3.967808394777231,1.5329427219393512,1.9845096888545195,1.249666475061571,1.4113117219904745,0.9789610630109974,0.7583476055309144,11.31430411816788,13.169529411285623,7.033059659341863,Horizontal,12,evaluation,0.03,0.0256410256410256,fixed_stride_5,physics one-step clipped,0.0003125,,,unbiased_M_times_M_minus_1
HorizontalScanPath_12,physics mean + stochastic space-time,3.6109129986233175e-06,12.422901570529978,3.4305133895116966,0.1702227206133784,2,234,6,296.3525815864646,0.4458764105512938,0.4375365943811654,315.46455223645467,306.0619386860504,9.402613550404284,2.9712411171657833,False,0.9984006397441024,0.9473684210526316,0.5935495286514721,1.4065406641848586,9.085187678526754,10.149997310615868,18.485103087678933,1.0,False,0.9473684210526316,10.149997310615868,18.485103087678933,2.248348662395171,2.941115447497813,1.4065406641848586,1.8494115750892632,1.251368059079193,1.6815323984411887,0.9149615055666032,0.960064623648126,10.733619560491226,12.419174573246266,7.103334281719082,Horizontal,12,evaluation,0.03,0.0256410256410256,fixed_stride_5,physics one-step clipped,0.0003125,0.0003125,1077.1162951691497,unbiased_M_times_M_minus_1
HorizontalScanPath_13,regular mean + RBF,3.6109129986233175e-06,0.0,3.4305133895116966,,1,117,1,296.4959614680289,0.8616310551745312,0.9021680301199522,319.1296936365724,298.42958129855276,20.700112338019665,3.4196267389658237,False,0.9944022391043582,0.8157894736842105,0.8003502557664409,3.1710489874853907,11.456914757818437,11.656830132245288,38.847648016630856,1.0,False,0.8157894736842105,11.656830132245288,38.847648016630856,5.999401957813232,7.850034179689599,3.1710489874853907,4.4329691520651435,2.4080991819924926,3.4521392082112854,1.6512844709823764,2.297520921798904,24.01319020201199,25.855461347174753,13.947858736859263,Horizontal,13,calibration,0.03,0.0085470085470085,fixed_stride_5,constant ambient,0.0003125,,,unbiased_M_times_M_minus_1
HorizontalScanPath_13,regular mean + stochastic space-time,3.6109129986233175e-06,12.422901570529978,3.4305133895116966,,2,234,4,296.4959614680289,0.6712935072534868,0.7443501878334511,319.1296936365724,298.9918606782854,20.13783295828705,2.949790862896413,False,0.9964014394242304,0.881578947368421,0.6165405457801338,2.3331950728191075,9.07320855112538,9.587632599074771,35.13768376637694,1.0,False,0.881578947368421,9.587632599074771,35.13768376637694,4.584007534558026,5.970322049669068,2.3331950728191075,3.181198127850528,1.6713044458428643,2.0973330086392896,1.1271920217909532,1.1999602235320936,23.082603212132543,24.768331418898015,14.870904380436953,Horizontal,13,calibration,0.03,0.017094017094017,fixed_stride_5,constant ambient,0.0003125,0.0003125,1077.1162951691497,unbiased_M_times_M_minus_1
HorizontalScanPath_13,physics mean + RBF,3.6109129986233175e-06,0.0,3.4305133895116966,0.1702227206133784,1,117,1,296.4959614680289,0.432480697004636,0.4819820359813112,319.1296936365724,305.8770444131363,13.252649223436151,3.4196267389679513,False,0.9984006397441024,0.9473684210526316,0.7300357595079283,1.5597491129613177,11.458629220669618,11.80989865457749,20.85440874210951,1.0,False,0.9473684210526316,11.80989865457749,20.85440874210951,2.964793014026786,4.207889620841852,1.5597491129613177,2.0070057722626644,1.2399590064781016,1.2492216068981905,0.974473667494128,0.6749336240386041,11.471015761093849,13.252649223436151,10.862454981862207,Horizontal,13,calibration,0.03,0.0085470085470085,fixed_stride_5,physics one-step clipped,0.0003125,,,unbiased_M_times_M_minus_1
HorizontalScanPath_13,physics mean + stochastic space-time,3.6109129986233175e-06,12.422901570529978,3.4305133895116966,0.1702227206133784,2,234,4,296.4959614680289,0.4291053962217374,0.4579712580262097,319.1296936365724,306.10386657487,13.025827061702444,2.951173177559423,False,0.998000799680128,0.9473684210526316,0.5884955004317423,1.4436015587304338,9.085010825937744,9.9113342405348,19.456399645638044,1.0,False,0.9473684210526316,9.9113342405348,19.456399645638044,2.5762119463513007,3.421572530658374,1.4436015587304338,1.8880520722761875,1.146013879943257,1.3730183404940906,0.8557144360141808,0.7697021803898733,11.087123147100648,13.025827061702444,10.735902038868678,Horizontal,13,calibration,0.03,0.017094017094017,fixed_stride_5,physics one-step clipped,0.0003125,0.0003125,1077.1162951691497,unbiased_M_times_M_minus_1
SpiralScanPath_1,regular mean + RBF,3.6109129986233175e-06,0.0,3.4305133895116966,,1,117,3,294.5644045668491,0.952503248334717,0.9481336471341888,333.10510445751316,297.5126620032123,35.59244245430085,3.292627719934295,False,0.9976009596161536,0.9210526315789472,0.7580552991745655,2.4536767663501955,11.464678516020106,12.133111619613915,48.40374658391154,1.0,False,0.9210526315789472,12.133111619613915,48.40374658391154,5.236840388715264,6.371793472876819,2.4536767663501955,3.081960576625598,1.7965752816047718,2.13065813717447,1.2572188663513078,1.1459244772326185,38.44432879184625,39.90427745510175,27.965018900284605,Spiral,1,evaluation,0.03,0.0256410256410256,fixed_stride_5,constant ambient,0.0003125,,,unbiased_M_times_M_minus_1
SpiralScanPath_1,regular mean + stochastic space-time,3.6109129986233175e-06,12.422901570529978,3.4305133895116966,,2,234,6,294.5644045668491,0.947033435290144,0.9251418228255434,333.10510445751316,297.6228108374693,35.48229362004389,2.5610139283030264,False,0.9968012794882048,0.8947368421052632,0.6173834465041163,2.250630161762496,9.09913216694006,10.027017540959385,50.99302029359069,1.0,False,0.8947368421052632,10.027017540959385,50.99302029359069,5.073962156021679,5.857107651420156,2.250630161762496,2.5247205042874143,1.657178937660332,1.8570206611740072,1.1495924634772212,1.176069000319486,38.17107362200217,39.90181208617787,29.402780330136306,Spiral,1,evaluation,0.03,0.0256410256410256,fixed_stride_5,constant ambient,0.0003125,0.0003125,1077.1162951691497,unbiased_M_times_M_minus_1
SpiralScanPath_1,physics mean + RBF,3.6109129986233175e-06,0.0,3.4305133895116966,0.1702227206133784,1,117,3,294.5644045668491,0.4048800578394794,0.388680341772873,333.10510445751316,339.54215799539446,6.437053537881297,3.292627719934295,False,0.998000799680128,0.9342105263157896,0.7244093365508124,1.358339199090277,11.461495051391251,12.126699613408157,18.661874976680767,1.0,False,0.9342105263157896,12.126699613408157,18.661874976680767,2.3968673668411267,3.1867541933588415,1.358339199090277,1.4977235564579992,1.1222733992023255,1.042338148325982,0.9173115316853844,0.5845304138469783,4.418828233795732,6.437053537881297,4.418828233795701,Spiral,1,evaluation,0.03,0.0256410256410256,fixed_stride_5,physics one-step clipped,0.0003125,,,unbiased_M_times_M_minus_1
SpiralScanPath_1,physics mean + stochastic space-time,3.6109129986233175e-06,12.422901570529978,3.4305133895116966,0.1702227206133784,2,234,6,294.5644045668491,0.455228766815444,0.3968743454179392,333.10510445751316,339.5627532978542,6.457648840341051,2.5610880370556974,False,0.9972011195521792,0.9078947368421052,0.5899226509615638,1.360413772238332,9.088695648905524,9.944045105591483,17.412620249306396,1.0,False,0.9078947368421052,9.944045105591483,17.412620249306396,2.3583444312239177,3.0135051713439314,1.360413772238332,1.6810557173782383,1.1421194187124877,1.372187614605814,0.8786620893423727,0.9003997382139564,5.32276210870478,6.457648840341051,5.322762108704762,Spiral,1,evaluation,0.03,0.0256410256410256,fixed_stride_5,physics one-step clipped,0.0003125,0.0003125,1077.1162951691497,unbiased_M_times_M_minus_1
SpiralScanPath_2,regular mean + RBF,3.6109129986233175e-06,0.0,3.4305133895116966,,1,117,4,294.77953556616137,0.9224997871620472,0.931933890074188,329.2630123504799,297.0671324496476,32.195879900832324,3.358508405981045,False,0.9964014394242304,0.8947368421052632,0.7588957774254708,2.436295327796825,11.46201894679865,12.098242829312014,47.504458781112355,1.0,False,0.8947368421052632,12.098242829312014,47.504458781112355,5.272128452270925,6.578750341325323,2.436295327796825,3.041457315249101,1.806131207980915,2.210320336991859,1.2891466110036864,1.34834907240048,34.4593818172147,36.01312589088752,23.824482867241663,Spiral,2,evaluation,0.03,0.0341880341880341,fixed_stride_5,constant ambient,0.0003125,,,unbiased_M_times_M_minus_1
SpiralScanPath_2,regular mean + stochastic space-time,3.6109129986233175e-06,12.422901570529978,3.4305133895116966,,2,234,7,294.77953556616137,0.909162279254717,0.9070077822658748,329.2630123504799,297.68509685111184,31.57791549936809,2.723375352584768,False,0.9956017592962816,0.868421052631579,0.619817089012643,2.323400978117814,9.090679729389,9.904707900524317,48.93514462039302,1.0,False,0.868421052631579,9.904707900524317,48.93514462039302,5.110060085962953,6.174478865303428,2.323400978117814,2.862285216454614,1.6995931767207657,2.0028766161218132,1.185541567989357,1.2565417749029877,34.08848135826561,35.63194214440671,25.159496305218312,Spiral,2,evaluation,0.03,0.0299145299145299,fixed_stride_5,constant ambient,0.0003125,0.0003125,1077.1162951691497,unbiased_M_times_M_minus_1
SpiralScanPath_2,physics mean + RBF,3.6109129986233175e-06,0.0,3.4305133895116966,0.1702227206133784,1,117,4,294.77953556616137,0.4161795526994427,0.3982311878405341,329.2630123504799,325.6579823110123,3.605030039467635,3.358508419919825,True,0.998000799680128,0.9473684210526316,0.7239249257412759,1.3477473105880953,11.470090340707111,12.204990140141277,16.617317188706952,1.0,True,0.9473684210526316,12.204990140141277,16.617317188706952,2.311826234128546,3.1669138586738415,1.3477473105880953,1.52728167722003,1.1366682424072845,1.0916736917061431,0.937161915996646,0.6491746546276085,2.4321795015674743,3.605030039467635,2.066029371751766,Spiral,2,evaluation,0.03,0.0341880341880341,fixed_stride_5,physics one-step clipped,0.0003125,,,unbiased_M_times_M_minus_1
SpiralScanPath_2,physics mean + stochastic space-time,3.6109129986233175e-06,12.422901570529978,3.4305133895116966,0.1702227206133784,2,234,7,294.77953556616137,0.4708043376299209,0.419848235598377,329.2630123504799,325.77555843536857,3.4874539151113595,2.723608227001117,True,0.9976009596161536,0.9210526315789472,0.5929836679779915,1.4227684082170855,9.10567109180559,10.060000306084138,17.559015278397595,1.0,True,0.9210526315789472,10.060000306084138,17.559015278397595,2.3086688596047393,3.045568032726762,1.4227684082170855,1.874415674382022,1.1761674318012807,1.452078240170785,0.917872908145711,0.9700858210687192,2.276616524386729,3.4874539151113595,2.1376657776298917,Spiral,2,evaluation,0.03,0.0299145299145299,fixed_stride_5,physics one-step clipped,0.0003125,0.0003125,1077.1162951691497,unbiased_M_times_M_minus_1
SpiralScanPath_3,regular mean + RBF,3.6109129986233175e-06,0.0,3.4305133895116966,,1,117,3,295.09034972544174,0.9265283493558172,0.9423448861285398,333.2341053416775,297.2519640883241,35.982141253353404,3.292627719934295,False,0.9968012794882048,0.8947368421052632,0.7694922669951977,2.6413802239450477,11.454370389701026,11.603730134650272,50.104219926524344,1.0,False,0.8947368421052632,11.603730134650272,50.104219926524344,5.650096732725339,7.018741314271862,2.6413802239450477,3.3966293009816453,1.946530646321572,2.4765369369184915,1.380879249594418,1.63400034916881,37.70833513486843,40.01435246884836,27.885734238863545,Spiral,3,evaluation,0.03,0.0256410256410256,fixed_stride_5,constant ambient,0.0003125,,,unbiased_M_times_M_minus_1
SpiralScanPath_3,regular mean + stochastic space-time,3.6109129986233175e-06,12.422901570529978,3.4305133895116966,,2,234,8,295.09034972544174,0.892861156173435,0.911570229530029,333.2341053416775,298.5606937710201,34.67341157065738,2.56106777127779,False,0.996001599360256,0.868421052631579,0.6225426598539542,2.4169940033770256,9.094535095271684,9.691991987378506,50.910681077532786,1.0,False,0.868421052631579,9.691991987378506,50.910681077532786,5.377058124130588,6.496191919490199,2.4169940033770256,2.9793937010328193,1.7203931654397924,2.0209437187935295,1.1963685381267324,1.299186336070788,38.68317043126168,39.70114261488004,29.15074774000424,Spiral,3,evaluation,0.03,0.0341880341880341,fixed_stride_5,constant ambient,0.0003125,0.0003125,1077.1162951691497,unbiased_M_times_M_minus_1
SpiralScanPath_3,physics mean + RBF,3.6109129986233175e-06,0.0,3.4305133895116966,0.1702227206133784,1,117,3,295.09034972544174,0.3834951173933931,0.3770795422386531,333.2341053416775,339.7593938696871,6.5252885280095825,3.292627719934295,True,0.998000799680128,0.9473684210526316,0.724664411779195,1.366141802057055,11.462290909923222,11.847413625271026,18.145840087984418,1.0,True,0.9473684210526316,11.847413625271026,18.145840087984418,2.5344506706344445,3.3757817717461,1.366141802057055,1.5003330955511072,1.1319878043376357,1.0228969466273974,0.9383666210010088,0.6248412585602939,4.894242999919202,6.5252885280095825,4.894242999919184,Spiral,3,evaluation,0.03,0.0256410256410256,fixed_stride_5,physics one-step clipped,0.0003125,,,unbiased_M_times_M_minus_1
SpiralScanPath_3,physics mean + stochastic space-time,3.6109129986233175e-06,12.422901570529978,3.4305133895116966,0.1702227206133784,2,234,8,295.09034972544174,0.4143605996898228,0.3773389376803233,333.2341053416775,339.6574064065883,6.423301064910788,2.56113827617839,False,0.9976009596161536,0.9210526315789472,0.5900784774273607,1.3136269477628484,9.089815682710674,9.697845592208637,18.604339943378474,1.0,False,0.9210526315789472,9.697845592208637,18.604339943378474,2.3989066436363897,3.103306825165847,1.3136269477628484,1.6183024299907285,1.0752080309255851,1.255042074868156,0.8740612741822793,0.9219043257475168,4.960558802946112,6.423301064910788,4.960558802946162,Spiral,3,evaluation,0.03,0.0341880341880341,fixed_stride_5,physics one-step clipped,0.0003125,0.0003125,1077.1162951691497,unbiased_M_times_M_minus_1
SpiralScanPath_4,regular mean + RBF,3.6109129986233175e-06,0.0,3.4305133895116966,,1,117,2,295.3171456785458,0.9123398640424596,0.936171261749008,330.1270426836271,297.5096039772542,32.61743870637292,3.3585083864355556,False,0.996001599360256,0.868421052631579,0.7764670803008558,2.824568469899488,11.456252531983456,12.008480690322177,52.462079355968434,1.0,False,0.868421052631579,12.008480690322177,52.462079355968434,5.939468949459092,7.4328079236153695,2.824568469899488,3.719206132874671,2.0387018160868173,2.669411523033315,1.4490180083189403,1.843287984974325,34.87081673534806,36.8795855647557,24.87533093352546,Spiral,4,evaluation,0.03,0.017094017094017,fixed_stride_5,constant ambient,0.0003125,,,unbiased_M_times_M_minus_1
SpiralScanPath_4,regular mean + stochastic space-time,3.6109129986233175e-06,12.422901570529978,3.4305133895116966,,2,234,6,295.3171456785458,0.8385229383959115,0.8796939128418375,330.1270426836271,298.0943547977134,32.03268788591373,2.7234980394893338,False,0.9964014394242304,0.881578947368421,0.6179163564916565,2.435852811668294,9.074584158659505,9.646962758692592,49.676260003643335,1.0,False,0.881578947368421,9.646962758692592,49.676260003643335,5.449206714595105,6.691522241597602,2.435852811668294,3.016997579974756,1.7135507789434865,1.9916372738383892,1.1697298676094037,1.148618988861699,34.60104505500363,36.30459710397963,26.455735713920948,Spiral,4,evaluation,0.03,0.0256410256410256,fixed_stride_5,constant ambient,0.0003125,0.0003125,1077.1162951691497,unbiased_M_times_M_minus_1
SpiralScanPath_4,physics mean + RBF,3.6109129986233175e-06,0.0,3.4305133895116966,0.1702227206133784,1,117,2,295.3171456785458,0.3689124436218512,0.3820809181576028,330.1270426836271,325.7404499578938,4.386592725733294,3.358508432326943,True,0.998000799680128,0.9342105263157896,0.7212368238858748,1.3605216126090744,11.452163458849748,11.986856950342984,16.348654087676994,1.0,True,0.9342105263157896,11.986856950342984,16.348654087676994,2.4436630066631726,3.4776101759260447,1.3605216126090744,1.585340821572703,1.09285211334486,1.0363430122164188,0.9081993517548532,0.567360262216205,2.577047505491059,4.386592725733294,2.0103316476789015,Spiral,4,evaluation,0.03,0.017094017094017,fixed_stride_5,physics one-step clipped,0.0003125,,,unbiased_M_times_M_minus_1
SpiralScanPath_4,physics mean + stochastic space-time,3.6109129986233175e-06,12.422901570529978,3.4305133895116966,0.1702227206133784,2,234,6,295.3171456785458,0.387627686368889,0.3794555241367966,330.1270426836271,325.7827798432215,4.344262840405634,2.7238980337430125,True,0.998000799680128,0.9342105263157896,0.5840655662701476,1.329061768921508,9.081643801500382,9.894777149963703,17.372641262196233,1.0,True,0.9342105263157896,9.894777149963703,17.372641262196233,2.387261180449339,3.2602979168033417,1.329061768921508,1.6673651451759175,1.0517457471223093,1.1981615190101602,0.828627746078849,0.728315833200375,2.7257685922646444,4.344262840405634,2.444001908516954,Spiral,4,evaluation,0.03,0.0256410256410256,fixed_stride_5,physics one-step clipped,0.0003125,0.0003125,1077.1162951691497,unbiased_M_times_M_minus_1
SpiralScanPath_5,regular mean + RBF,3.6109129986233175e-06,0.0,3.4305133895116966,,1,117,4,295.5160834229293,0.8975899922019157,0.9293013781018282,326.14461910118706,297.8387085493312,28.305910551855845,3.292627719934295,False,0.9968012794882048,0.8947368421052632,0.7811045488120713,2.856479561260552,11.483760358713932,12.128004200315932,51.476010648975766,1.0,False,0.8947368421052632,12.128004200315932,51.476010648975766,5.993372256074905,7.621177150884587,2.856479561260552,3.7709177187714986,2.079852622460783,2.708601142890149,1.490487218231684,1.8995964090819335,30.690162086795276,32.75532702203003,20.686588520208797,Spiral,5,evaluation,0.03,0.0341880341880341,fixed_stride_5,constant ambient,0.0003125,,,unbiased_M_times_M_minus_1
SpiralScanPath_5,regular mean + stochastic space-time,3.6109129986233175e-06,12.422901570529978,3.4305133895116966,,2,234,8,295.5160834229293,0.8353287829431988,0.8756436091611313,326.14461910118706,297.9734905844179,28.17112851676916,2.5610392259002013,False,0.9948020791683326,0.8552631578947368,0.628432136325018,2.555619309388628,9.100558542214149,9.894921285718535,51.78150744458162,1.0,False,0.8552631578947368,9.894921285718535,51.78150744458162,5.673262969255006,6.9640968657871944,2.555619309388628,3.2147275275819007,1.8363266369438072,2.273114282551872,1.252800368351391,1.3849618154332144,30.787028979340786,32.08309927257034,21.83191575460987,Spiral,5,evaluation,0.03,0.0341880341880341,fixed_stride_5,constant ambient,0.0003125,0.0003125,1077.1162951691497,unbiased_M_times_M_minus_1
SpiralScanPath_5,physics mean + RBF,3.6109129986233175e-06,0.0,3.4305133895116966,0.1702227206133784,1,117,4,295.5160834229293,0.3834762257386217,0.388808822578644,326.14461910118706,333.60081797510924,7.456198873922176,3.292627719934295,False,0.9976009596161536,0.9210526315789472,0.726936384396995,1.4356059703291857,11.477603923589225,12.159398086020024,17.45798921991013,1.0,False,0.9210526315789472,12.159398086020024,17.45798921991013,2.619284175669072,3.7343236545308094,1.4356059703291857,1.7235439601947282,1.178565710858461,1.2444362313126882,0.964712378232904,0.7194826441929342,5.46817509805543,7.456198873922176,5.46817509805545,Spiral,5,evaluation,0.03,0.0341880341880341,fixed_stride_5,physics one-step clipped,0.0003125,,,unbiased_M_times_M_minus_1
SpiralScanPath_5,physics mean + stochastic space-time,3.6109129986233175e-06,12.422901570529978,3.4305133895116966,0.1702227206133784,2,234,8,295.5160834229293,0.4405292734103573,0.3986157341688206,326.14461910118706,333.65382292044904,7.509203819261984,2.561066916584063,False,0.996001599360256,0.8947368421052632,0.6005326838092742,1.4733935090934118,9.111071928478127,10.0786645049244,19.5037631433539,1.0,False,0.8947368421052632,10.0786645049244,19.5037631433539,2.6717334394011676,3.634807128652251,1.4733935090934118,1.994550958921264,1.2415754757947075,1.6590123272042534,0.9688468497365026,1.0955676935789054,5.944010616170598,7.509203819261984,5.944010616170652,Spiral,5,evaluation,0.03,0.0341880341880341,fixed_stride_5,physics one-step clipped,0.0003125,0.0003125,1077.1162951691497,unbiased_M_times_M_minus_1
SpiralScanPath_6,regular mean + RBF,3.6109129986233175e-06,0.0,3.4305133895116966,,1,117,2,295.69040467376334,0.8943645857775911,0.928872241836116,332.8537813167321,297.5865707073914,35.26721060934074,3.292627719934295,False,0.9968012794882048,0.8947368421052632,0.7875400814012098,2.9469389022300168,11.450531001466608,12.23450641255048,50.78779208809927,1.0,False,0.8947368421052632,12.23450641255048,50.78779208809927,6.108218140831259,7.747569371947813,2.9469389022300168,3.961846722912608,2.1450919111077416,2.8943603160178712,1.5378426026428411,2.0370204551356452,37.70458381737899,39.38229623448285,27.710359810420957,Spiral,6,evaluation,0.03,0.017094017094017,fixed_stride_5,constant ambient,0.0003125,,,unbiased_M_times_M_minus_1
SpiralScanPath_6,regular mean + stochastic space-time,3.6109129986233175e-06,12.422901570529978,3.4305133895116966,,2,234,6,295.69040467376334,0.800394625243367,0.8581978355052677,332.8537813167321,298.10033617749207,34.75344513924006,2.5610303329313484,False,0.9964014394242304,0.881578947368421,0.6201481926200689,2.466084402995351,9.07035767945865,9.675193729825397,52.29720553787689,1.0,False,0.881578947368421,9.675193729825397,52.29720553787689,5.569195603847161,6.762939482306682,2.466084402995351,3.0322613077204696,1.7220430181526725,2.004194112903805,1.1697160272700158,1.1569911709236342,37.65816456264075,38.57413555961284,28.80046673673909,Spiral,6,evaluation,0.03,0.0256410256410256,fixed_stride_5,constant ambient,0.0003125,0.0003125,1077.1162951691497,unbiased_M_times_M_minus_1
SpiralScanPath_6,physics mean + RBF,3.6109129986233175e-06,0.0,3.4305133895116966,0.1702227206133784,1,117,2,295.69040467376334,0.3507195472635577,0.3704821840655014,332.8537813167321,339.5798560492037,6.726074732471602,3.292627719934295,False,0.9976009596161536,0.9210526315789472,0.7250223717745827,1.4208976064286127,11.4588744873156,12.101025249673956,18.278996648132832,1.0,False,0.9210526315789472,12.101025249673956,18.278996648132832,2.644368069469097,3.64500776928984,1.4208976064286127,1.6477715254075491,1.134586004297882,1.0672084408946791,0.9280281943156756,0.5719553854939232,5.104667200782526,6.726074732471602,5.104667200782509,Spiral,6,evaluation,0.03,0.017094017094017,fixed_stride_5,physics one-step clipped,0.0003125,,,unbiased_M_times_M_minus_1
SpiralScanPath_6,physics mean + stochastic space-time,3.6109129986233175e-06,12.422901570529978,3.4305133895116966,0.1702227206133784,2,234,6,295.69040467376334,0.362745360134477,0.3599282242266773,332.8537813167321,339.67207356177454,6.818292245042414,2.5610510553901964,False,0.9976009596161536,0.9210526315789472,0.5872765636448073,1.3484060702974894,9.091726902347265,9.834478592125912,18.540379667239772,1.0,False,0.9210526315789472,9.834478592125912,18.540379667239772,2.531427812207847,3.393214806317078,1.3484060702974894,1.6739552987998056,1.0517558175044095,1.2154424761647908,0.834884262142803,0.7738291865880608,5.330592027245445,6.818292245042414,5.330592027245425,Spiral,6,evaluation,0.03,0.0256410256410256,fixed_stride_5,physics one-step clipped,0.0003125,0.0003125,1077.1162951691497,unbiased_M_times_M_minus_1
SpiralScanPath_7,regular mean + RBF,3.6109129986233175e-06,0.0,3.4305133895116966,,1,117,3,295.8140795498944,0.8831097331552459,0.9236668620099768,334.45555342383483,297.69318109710696,36.76237232672787,3.358508390933055,False,0.9964014394242304,0.881578947368421,0.7935657588471919,3.0501042585958684,11.441701647389884,12.05433120485156,53.533309974275085,1.0,False,0.881578947368421,12.05433120485156,53.533309974275085,6.35565656024957,7.957715944584786,3.0501042585958684,4.081521875526339,2.2234736216692244,2.9811182506425267,1.5792817592750468,2.1236432290401286,38.96051377524702,41.10372762121784,29.438118509195412,Spiral,7,evaluation,0.03,0.0256410256410256,fixed_stride_5,constant ambient,0.0003125,,,unbiased_M_times_M_minus_1
SpiralScanPath_7,regular mean + stochastic space-time,3.6109129986233175e-06,12.422901570529978,3.4305133895116966,,2,234,7,295.8140795498944,0.7811908557377264,0.8452208008484421,334.45555342383483,299.3991293487808,35.05642407505405,2.7233580639030524,False,0.9948020791683326,0.8289473684210527,0.6265936381617442,2.548351369504231,9.063917960528634,9.770073338246066,52.34246982609755,1.0,False,0.8289473684210527,9.770073338246066,52.34246982609755,5.615958501651591,6.899319808603206,2.548351369504231,3.1942313385905474,1.813507816337901,2.215484420292823,1.2208157469127303,1.2830417504558227,38.33153158261267,40.152385376572,30.28280005280874,Spiral,7,evaluation,0.03,0.0299145299145299,fixed_stride_5,constant ambient,0.0003125,0.0003125,1077.1162951691497,unbiased_M_times_M_minus_1
SpiralScanPath_7,physics mean + RBF,3.6109129986233175e-06,0.0,3.4305133895116966,0.1702227206133784,1,117,3,295.8140795498944,0.3448363504960954,0.3597198567641282,334.45555342383483,332.91995577154705,1.5355976522877768,3.358508408927383,True,0.9984006397441024,0.9473684210526316,0.7263027523478292,1.3688123026311316,11.446460100874551,12.044675969285231,15.591869501946803,1.0,True,0.9473684210526316,12.044675969285231,15.591869501946803,2.4263862530167284,3.4526137373186714,1.3688123026311316,1.6347875792404447,1.11964105518685,1.1474821568877946,0.9316240801946082,0.6502020065972532,1.013789910233839,1.5355976522877768,1.013789910233742,Spiral,7,evaluation,0.03,0.0256410256410256,fixed_stride_5,physics one-step clipped,0.0003125,,,unbiased_M_times_M_minus_1
SpiralScanPath_7,physics mean + stochastic space-time,3.6109129986233175e-06,12.422901570529978,3.4305133895116966,0.1702227206133784,2,234,7,295.8140795498944,0.376963226785682,0.3595473522437183,334.45555342383483,333.03006267241284,1.4254907514219894,2.723421731936915,True,0.9972011195521792,0.9210526315789472,0.5918749952727494,1.3481303188761504,9.086525790963249,9.78023081403479,16.92303409685649,1.0,True,0.9210526315789472,9.78023081403479,16.92303409685649,2.5075437493297636,3.4107541397061905,1.3481303188761504,1.6972847970436953,1.099918758056713,1.3525980843326832,0.8701125464455435,0.8994289207624623,0.8608851389163963,1.4254907514219894,0.8608851389164474,Spiral,7,evaluation,0.03,0.0299145299145299,fixed_stride_5,physics one-step clipped,0.0003125,0.0003125,1077.1162951691497,unbiased_M_times_M_minus_1
SpiralScanPath_8,regular mean + RBF,3.6109129986233175e-06,0.0,3.4305133895116966,,1,117,3,295.9806504909343,0.8756713465713204,0.9184576964665248,332.0671634791022,297.78525532725206,34.28190815185013,3.3585083840004937,False,0.9964014394242304,0.881578947368421,0.7973201111614533,3.102211873925088,11.436842250660126,11.878643804560406,53.69122664057888,1.0,False,0.881578947368421,11.878643804560406,53.69122664057888,6.438383225053006,8.034114207791704,3.102211873925088,4.172601985896245,2.2705262338335803,3.093836356107252,1.612592668024229,2.227003651375741,37.025084143413366,38.68261998899044,26.79216164797788,Spiral,8,evaluation,0.03,0.0256410256410256,fixed_stride_5,constant ambient,0.0003125,,,unbiased_M_times_M_minus_1
SpiralScanPath_8,regular mean + stochastic space-time,3.6109129986233175e-06,12.422901570529978,3.4305133895116966,,2,234,6,295.9806504909343,0.7632130483667527,0.8297561370645655,332.0671634791022,298.7476033818633,33.31956009723888,2.7233784633996145,False,0.996001599360256,0.868421052631579,0.6256664434724825,2.484300843553317,9.069052852876323,9.678052738143732,50.53976735309268,1.0,False,0.868421052631579,9.678052738143732,50.53976735309268,5.611754869313658,6.888347336742531,2.484300843553317,3.0970200079393524,1.807348128376465,2.2194883894733457,1.2135855178270167,1.2948406045565817,35.93043165831849,37.66239640504381,27.82354611820391,Spiral,8,evaluation,0.03,0.0256410256410256,fixed_stride_5,constant ambient,0.0003125,0.0003125,1077.1162951691497,unbiased_M_times_M_minus_1
SpiralScanPath_8,physics mean + RBF,3.6109129986233175e-06,0.0,3.4305133895116966,0.1702227206133784,1,117,3,295.9806504909343,0.3437307880403631,0.3588541346277117,332.0671634791022,328.1147974671204,3.952366011981781,3.358508432164461,True,0.998000799680128,0.9342105263157896,0.7271308954879493,1.397339218882991,11.466104925879266,12.220515644456247,16.754168032505515,1.0,True,0.9342105263157896,12.220515644456247,16.754168032505515,2.4538303567707205,3.449685798302351,1.397339218882991,1.6665466180224349,1.1522986444965313,1.196041440846193,0.9467974363946228,0.6702995693625442,2.173710375180386,3.952366011981781,2.0502169091981264,Spiral,8,evaluation,0.03,0.0256410256410256,fixed_stride_5,physics one-step clipped,0.0003125,,,unbiased_M_times_M_minus_1
SpiralScanPath_8,physics mean + stochastic space-time,3.6109129986233175e-06,12.422901570529978,3.4305133895116966,0.1702227206133784,2,234,6,295.9806504909343,0.3943355944420326,0.3712631307685239,332.0671634791022,328.2115351827094,3.855628296392808,2.7233696863214996,True,0.9972011195521792,0.9078947368421052,0.5957912425745405,1.3972767949497138,9.078034841082255,9.938588911286349,16.65350524674082,1.0,True,0.9078947368421052,9.938588911286349,16.65350524674082,2.4767777240746627,3.505804387328241,1.3972767949497138,1.852235474274449,1.174359239029284,1.5193232032869703,0.9080023509658044,0.952338384298478,2.4987470730440573,3.855628296392808,2.471379120093699,Spiral,8,evaluation,0.03,0.0256410256410256,fixed_stride_5,physics one-step clipped,0.0003125,0.0003125,1077.1162951691497,unbiased_M_times_M_minus_1
SpiralScanPath_9,regular mean + RBF,3.6109129986233175e-06,0.0,3.4305133895116966,,1,117,2,296.12811830237854,0.8748073297938711,0.9193171182317044,329.66153916113313,297.6749812723581,31.986557888775053,3.3585083858419553,False,0.996001599360256,0.868421052631579,0.8036714829139019,3.206748394577049,11.433441994518155,11.818671653952938,56.975401344151685,1.0,False,0.868421052631579,11.818671653952938,56.975401344151685,6.589334080579155,8.17665744350135,3.206748394577049,4.294298863226114,2.3519742806657575,3.238967902827702,1.6662536990231842,2.3251589655710316,34.24550752678108,36.340088680618976,24.564845051256068,Spiral,9,evaluation,0.03,0.017094017094017,fixed_stride_5,constant ambient,0.0003125,,,unbiased_M_times_M_minus_1
SpiralScanPath_9,regular mean + stochastic space-time,3.6109129986233175e-06,12.422901570529978,3.4305133895116966,,2,234,4,296.12811830237854,0.7492244979186866,0.8305650536365992,329.66153916113313,298.29493586811424,31.366603293018898,2.723375360760075,False,0.996001599360256,0.868421052631579,0.6228803200000416,2.540120464825512,9.064586818161647,9.810264706734165,52.35445543101146,1.0,False,0.868421052631579,9.810264706734165,52.35445543101146,5.763383078751961,7.0410097223580275,2.540120464825512,3.1774884085796913,1.7795786767787745,2.140948935593243,1.1915984858076822,1.2240063892256234,33.91342543449259,35.36019528567556,25.643327554135407,Spiral,9,evaluation,0.03,0.017094017094017,fixed_stride_5,constant ambient,0.0003125,0.0003125,1077.1162951691497,unbiased_M_times_M_minus_1
SpiralScanPath_9,physics mean + RBF,3.6109129986233175e-06,0.0,3.4305133895116966,0.1702227206133784,1,117,2,296.12811830237854,0.3317237032157805,0.3630462349045613,329.66153916113313,328.31271970346853,1.3488194576646038,3.3585084147030733,True,0.9976009596161536,0.9210526315789472,0.7231435261083524,1.4152115184781195,11.435328728298222,12.106011238248197,17.814376680396464,1.0,True,0.9210526315789472,12.106011238248197,17.814376680396464,2.5878776276797377,3.699250076380366,1.4152115184781195,1.6346845831050176,1.1314264149093445,1.0430958843999978,0.9225937609453644,0.5542125336748067,4.51531131816798,6.17525522883966,0.7957730654252497,Spiral,9,evaluation,0.03,0.017094017094017,fixed_stride_5,physics one-step clipped,0.0003125,,,unbiased_M_times_M_minus_1
SpiralScanPath_9,physics mean + stochastic space-time,3.6109129986233175e-06,12.422901570529978,3.4305133895116966,0.1702227206133784,2,234,4,296.12811830237854,0.3524179797409226,0.3668676251405351,329.66153916113313,328.2370561290041,1.4244830321290465,2.7235006530508037,False,0.9972011195521792,0.9078947368421052,0.5866755622547566,1.4021458439212269,9.0659514964222,10.048069265103011,17.44832065846029,1.0,False,0.9078947368421052,10.048069265103011,17.44832065846029,2.527142770450133,3.509578100766462,1.4021458439212269,1.785630746182628,1.0756010701364798,1.21597768011619,0.8354604372386909,0.7168700562962415,4.496392156696512,6.175852657079872,0.8136905587313901,Spiral,9,evaluation,0.03,0.017094017094017,fixed_stride_5,physics one-step clipped,0.0003125,0.0003125,1077.1162951691497,unbiased_M_times_M_minus_1
SpiralScanPath_10,regular mean + RBF,3.6109129986233175e-06,0.0,3.4305133895116966,,1,117,3,296.24464913741537,0.8648138950542736,0.9148325885024738,327.4312034644041,298.5205095801888,28.910693884215338,3.358508403175524,False,0.9968012794882048,0.8947368421052632,0.8067992417238447,3.2394951195665542,11.46085122474952,12.088102383624898,55.66994464237877,1.0,False,0.8947368421052632,12.088102383624898,55.66994464237877,6.550669120702328,8.19448203047593,3.2394951195665542,4.321326620140053,2.3918223057506345,3.243375072063737,1.6959548470965484,2.334934297045491,32.113057588037165,34.04915834014059,21.831616186107357,Spiral,10,evaluation,0.03,0.0256410256410256,fixed_stride_5,constant ambient,0.0003125,,,unbiased_M_times_M_minus_1
SpiralScanPath_10,regular mean + stochastic space-time,3.6109129986233175e-06,12.422901570529978,3.4305133895116966,,2,234,5,296.24464913741537,0.7407414532434199,0.8237734157479469,327.4312034644041,298.32325607911014,29.107947385293983,2.7236515849758804,False,0.996001599360256,0.881578947368421,0.6259566763232337,2.5583923031913067,9.078832383801458,9.611195643536927,51.71417082167299,1.0,False,0.881578947368421,9.611195643536927,51.71417082167299,5.724852489829143,6.943707777990406,2.5583923031913067,3.1722624025756274,1.8381596970455132,2.2425785246934824,1.2239866633779468,1.294902974882945,31.66438134152994,33.01058101916783,23.10792543289757,Spiral,10,evaluation,0.03,0.0213675213675213,fixed_stride_5,constant ambient,0.0003125,0.0003125,1077.1162951691497,unbiased_M_times_M_minus_1
SpiralScanPath_10,physics mean + RBF,3.6109129986233175e-06,0.0,3.4305133895116966,0.1702227206133784,1,117,3,296.24464913741537,0.3351079994981075,0.361225181958511,327.4312034644041,333.610463944718,6.1792604803138715,3.3585084124261604,False,0.9968012794882048,0.9078947368421052,0.7278216136227641,1.4551678903042866,11.46365876389923,12.13641304756101,18.991471980029424,1.0,False,0.9078947368421052,12.13641304756101,18.991471980029424,2.68694113570173,3.655413597733048,1.4551678903042866,1.6844100083996,1.1921302067046275,1.207807108490399,0.9540901737112562,0.6687739917513911,6.015211430823445,7.962036716745501,4.593379599542418,Spiral,10,evaluation,0.03,0.0256410256410256,fixed_stride_5,physics one-step clipped,0.0003125,,,unbiased_M_times_M_minus_1
SpiralScanPath_10,physics mean + stochastic space-time,3.6109129986233175e-06,12.422901570529978,3.4305133895116966,0.1702227206133784,2,234,5,296.24464913741537,0.3719220252508152,0.357220947782261,327.4312034644041,333.53869961677765,6.107496152373528,2.723724680301313,False,0.9968012794882048,0.9078947368421052,0.5946122042416527,1.3832176083098942,9.092017057756808,9.842101356430469,19.45511132450679,1.0,False,0.9078947368421052,9.842101356430469,19.45511132450679,2.5564520580968395,3.4908772620278556,1.3832176083098942,1.7267963520155016,1.1845945110862612,1.4654934085112843,0.9123321724472366,0.9138483064931292,6.724510092052523,7.974974897048696,4.529718587721313,Spiral,10,evaluation,0.03,0.0213675213675213,fixed_stride_5,physics one-step clipped,0.0003125,0.0003125,1077.1162951691497,unbiased_M_times_M_minus_1
SpiralScanPath_11,regular mean + RBF,3.6109129986233175e-06,0.0,3.4305133895116966,,1,117,2,296.3525026623504,0.8717127018256502,0.918678407884307,330.9114233717931,297.96225450130135,32.94916887049175,3.292627719934295,False,0.9964014394242304,0.881578947368421,0.8121144721842792,3.310288360610894,11.454083297162295,12.003372065124838,56.893006404686766,1.0,False,0.881578947368421,12.003372065124838,56.893006404686766,6.669582421302625,8.389545279918213,3.310288360610894,4.503267659594575,2.4487604606720295,3.4293389414058972,1.7501896455891408,2.5152075980608677,36.10937709115207,37.354751228026544,25.71120386003185,Spiral,11,evaluation,0.03,0.017094017094017,fixed_stride_5,constant ambient,0.0003125,,,unbiased_M_times_M_minus_1
SpiralScanPath_11,regular mean + stochastic space-time,3.6109129986233175e-06,12.422901570529978,3.4305133895116966,,2,234,4,296.3525026623504,0.7347739475071707,0.8236923242236344,330.9114233717931,297.8782630305656,33.03316034122747,2.561010205016173,False,0.9964014394242304,0.881578947368421,0.623919670442341,2.584058620012486,9.085596342896237,9.6973785097267,53.3082240796084,1.0,False,0.881578947368421,9.6973785097267,53.3082240796084,5.811981016451688,7.129818517639563,2.584058620012486,3.233739977924116,1.8247256072506384,2.217293722503412,1.2230836985927598,1.3202772662302729,34.57837630722197,36.273040060304595,26.826473709596836,Spiral,11,evaluation,0.03,0.017094017094017,fixed_stride_5,constant ambient,0.0003125,0.0003125,1077.1162951691497,unbiased_M_times_M_minus_1
SpiralScanPath_11,physics mean + RBF,3.6109129986233175e-06,0.0,3.4305133895116966,0.1702227206133784,1,117,2,296.3525026623504,0.3212433611662156,0.3564369929489078,330.9114233717931,337.88013705112627,6.968713679333177,3.292627719934295,False,0.9976009596161536,0.9210526315789472,0.725351052915852,1.4664604336861848,11.483643179915568,12.165679550311127,18.385285936282923,1.0,False,0.9210526315789472,12.165679550311127,18.385285936282923,2.659920125175001,3.640897706309405,1.4664604336861848,1.6989962284790068,1.170111452178397,1.111921161092548,0.9461950003953378,0.6244052876980336,5.064943899395818,6.968713679333177,5.064943899395739,Spiral,11,evaluation,0.03,0.017094017094017,fixed_stride_5,physics one-step clipped,0.0003125,,,unbiased_M_times_M_minus_1
SpiralScanPath_11,physics mean + stochastic space-time,3.6109129986233175e-06,12.422901570529978,3.4305133895116966,0.1702227206133784,2,234,4,296.3525026623504,0.3364776052312668,0.3549620850181281,330.9114233717931,337.9150569220017,7.003633550208633,2.561042073754586,False,0.9972011195521792,0.9078947368421052,0.587161395052285,1.4002317276273128,9.101012886411509,10.298198977648706,18.94330478180322,1.0,False,0.9078947368421052,10.298198977648706,18.94330478180322,2.569571073897357,3.4973839140933127,1.4002317276273128,1.7795312314724223,1.100237544521113,1.2545792104473483,0.8511969849988246,0.7805474629304068,5.452928717129996,7.003633550208633,5.452928717130038,Spiral,11,evaluation,0.03,0.017094017094017,fixed_stride_5,physics one-step clipped,0.0003125,0.0003125,1077.1162951691497,unbiased_M_times_M_minus_1
SpiralScanPath_12,regular mean + RBF,3.6109129986233175e-06,0.0,3.4305133895116966,,1,117,3,296.4285472031083,0.858936770661589,0.9138451525779696,334.51052576547374,298.4335590691162,36.076966696357545,3.292627719934295,False,0.9968012794882048,0.8947368421052632,0.8131767878534727,3.4009661043279285,11.458170932307915,12.151229101109424,57.29627578680059,1.0,False,0.8947368421052632,12.151229101109424,57.29627578680059,6.77504733499464,8.337347598284964,3.4009661043279285,4.487885016990905,2.5096972128120445,3.374125616192596,1.7688607863921664,2.461943270410288,39.0658994007816,40.884111424584944,29.203574995552877,Spiral,12,evaluation,0.03,0.0256410256410256,fixed_stride_5,constant ambient,0.0003125,,,unbiased_M_times_M_minus_1
SpiralScanPath_12,regular mean + stochastic space-time,3.6109129986233175e-06,12.422901570529978,3.4305133895116966,,2,234,5,296.4285472031083,0.7340631192374193,0.8203468080340195,334.51052576547374,299.42320757763133,35.08731818784241,2.5610050018383568,False,0.9956017592962816,0.868421052631579,0.6283147481113391,2.624563728043313,9.08639984581632,9.77823388825676,53.39788655571813,1.0,False,0.868421052631579,9.77823388825676,53.39788655571813,5.794270857406549,7.061952907211457,2.624563728043313,3.2870193009313966,1.9049653808886824,2.391703453397103,1.2670147335486992,1.41075635317068,38.34649211401671,39.73410450182922,29.940163845764157,Spiral,12,evaluation,0.03,0.0213675213675213,fixed_stride_5,constant ambient,0.0003125,0.0003125,1077.1162951691497,unbiased_M_times_M_minus_1
SpiralScanPath_12,physics mean + RBF,3.6109129986233175e-06,0.0,3.4305133895116966,0.1702227206133784,1,117,3,296.4285472031083,0.3204650805377861,0.3488787253912323,334.51052576547374,340.88503362337093,6.374507857897186,3.292627719934295,True,0.9984006397441024,0.9473684210526316,0.7237983977792346,1.4309457692247447,11.453575945703518,12.15650527262138,17.65022415423435,1.0,True,0.9473684210526316,12.15650527262138,17.65022415423435,2.6039794511397867,3.686657559685286,1.4309457692247447,1.6826608558714178,1.1727478570436645,1.225663073430231,0.95117968280479,0.6873863807987318,4.239028151316436,6.374507857897186,4.239028151316381,Spiral,12,evaluation,0.03,0.0256410256410256,fixed_stride_5,physics one-step clipped,0.0003125,,,unbiased_M_times_M_minus_1
SpiralScanPath_12,physics mean + stochastic space-time,3.6109129986233175e-06,12.422901570529978,3.4305133895116966,0.1702227206133784,2,234,5,296.4285472031083,0.3497980590406617,0.3436500142423616,334.51052576547374,340.93609336282856,6.425567597354814,2.5610340638057236,False,0.9968012794882048,0.9078947368421052,0.5918883690191198,1.379237090648921,9.095161453525634,9.908296244922983,18.687475679918027,1.0,False,0.9078947368421052,9.908296244922983,18.687475679918027,2.5905085587671013,3.5136474701733413,1.379237090648921,1.7507433369729828,1.1681678535373683,1.491020465848376,0.9053363508307004,0.95571587798312,4.882993493633489,6.425567597354814,4.88299349363344,Spiral,12,evaluation,0.03,0.0213675213675213,fixed_stride_5,physics one-step clipped,0.0003125,0.0003125,1077.1162951691497,unbiased_M_times_M_minus_1
SpiralScanPath_13,regular mean + RBF,3.6109129986233175e-06,0.0,3.4305133895116966,,1,117,2,296.4901280292387,0.8570159922075584,0.908448423223913,335.7083806056465,298.2940056109439,37.4143749947026,3.358508391712968,False,0.9964014394242304,0.881578947368421,0.8186684055507479,3.3716798928240195,11.43787663001283,11.95365114897136,55.328884935742416,1.0,False,0.881578947368421,11.95365114897136,55.328884935742416,6.80373459305204,8.455990178602885,3.3716798928240195,4.550763265487514,2.5147828081235657,3.5050599826166566,1.7993168091096727,2.5914621124815627,40.16565001933173,42.19257558659791,30.36375289912476,Spiral,13,calibration,0.03,0.017094017094017,fixed_stride_5,constant ambient,0.0003125,,,unbiased_M_times_M_minus_1
SpiralScanPath_13,regular mean + stochastic space-time,3.6109129986233175e-06,12.422901570529978,3.4305133895116966,,2,234,4,296.4901280292387,0.7072966212520446,0.8053027769700615,335.7083806056465,299.6426844992935,36.06569610635296,2.723557274936593,False,0.9956017592962816,0.8552631578947368,0.6256818364537327,2.6103983267119624,9.066134171752491,9.883244231861246,51.36128473985432,1.0,False,0.8552631578947368,9.883244231861246,51.36128473985432,5.791455978130175,7.135829666367598,2.6103983267119624,3.3493022479438515,1.8474342551442713,2.310116877657173,1.2364319542799345,1.34472455544261,39.344926326859095,40.86008892887707,31.343619759138587,Spiral,13,calibration,0.03,0.017094017094017,fixed_stride_5,constant ambient,0.0003125,0.0003125,1077.1162951691497,unbiased_M_times_M_minus_1
SpiralScanPath_13,physics mean + RBF,3.6109129986233175e-06,0.0,3.4305133895116966,0.1702227206133784,1,117,2,296.4901280292387,0.3068313750206295,0.3454243749357367,335.7083806056465,334.4406225585519,1.26775804709456,3.358508407575534,True,0.9976009596161536,0.9210526315789472,0.7234206443942057,1.4100074631031632,11.43892966643519,11.955993164859436,16.939192163487814,1.0,True,0.9210526315789472,11.955993164859436,16.939192163487814,2.5153604930190756,3.542227844876882,1.4100074631031632,1.7003767718044347,1.1350457568785035,1.105488933423286,0.927396212010027,0.5985511548266935,0.9602721215442932,1.26775804709456,0.9602721215443006,Spiral,13,calibration,0.03,0.017094017094017,fixed_stride_5,physics one-step clipped,0.0003125,,,unbiased_M_times_M_minus_1
SpiralScanPath_13,physics mean + stochastic space-time,3.6109129986233175e-06,12.422901570529978,3.4305133895116966,0.1702227206133784,2,234,4,296.4901280292387,0.3078276877072288,0.3297745135774458,335.7083806056465,334.56926430408515,1.13911630156133,2.7239802192624016,True,0.998000799680128,0.9342105263157896,0.5837076666120795,1.3303546575773424,9.075025854924228,10.139801239166214,16.87947212796762,1.0,True,0.9342105263157896,10.139801239166214,16.87947212796762,2.414311421414991,3.257470223169382,1.3303546575773424,1.6437977355948454,1.0524058564328669,1.137270940685297,0.8246967154959733,0.6703653010383042,0.8510829184083624,1.13911630156133,0.8510829184084077,Spiral,13,calibration,0.03,0.017094017094017,fixed_stride_5,physics one-step clipped,0.0003125,0.0003125,1077.1162951691497,unbiased_M_times_M_minus_1
DiagonalScanPath_1,physics mean + advective stochastic space-time,3.6109129986233175e-06,12.422901570529978,3.4305133895116966,0.17022272061337845,2,234,5,294.6560504149699,0.4587282622228313,0.4282783763184296,334.19579037327884,340.4908450619904,6.295054688711559,2.8321385340445207,False,0.9976009596161536,0.9210526315789473,0.5689507074602634,1.4520237367733098,8.699473193809538,9.458503451492492,20.228762090659025,1.0,False,0.9210526315789473,9.458503451492492,20.228762090659025,2.737768354356393,3.7541933611972547,1.4520237367733098,1.9199037180640899,1.1454423105168707,1.3769862742883054,0.8404461270664336,0.7961931975608277,4.61421827879239,6.295054688711559,4.614218278792416,Diagonal,1,evaluation,0.03,0.021367521367521368,fixed_stride_5,physics one-step clipped,0.0003125,0.0003125,1077.1162951691497,unbiased_M_times_M_minus_1
DiagonalScanPath_2,physics mean + advective stochastic space-time,3.6109129986233175e-06,12.422901570529978,3.4305133895116966,0.17022272061337845,2,234,3,294.7833581687172,0.47113440499875686,0.4557222490428819,330.73381085494185,326.5554382747947,4.1783725801471405,2.7520955214761855,True,0.9968012794882047,0.8947368421052632,0.5594328642971547,1.4795454890279403,8.560765846764237,9.339177757475648,21.580215245414447,1.0,True,0.8947368421052632,9.339177757475648,21.580215245414447,3.0726081259477613,4.148297503129546,1.4795454890279403,1.7809709143164958,1.1204803274009778,1.233248926609557,0.8284616727721789,0.7030694515826674,2.7171806161370684,4.1783725801471405,2.599718686358746,Diagonal,2,evaluation,0.03,0.01282051282051282,fixed_stride_5,physics one-step clipped,0.0003125,0.0003125,1077.1162951691497,unbiased_M_times_M_minus_1
DiagonalScanPath_3,physics mean + advective stochastic space-time,3.6109129986233175e-06,12.422901570529978,3.4305133895116966,0.17022272061337845,2,234,5,294.9015209525281,0.42342015804223104,0.4163492729371138,326.4740358780628,331.9481414615166,5.47410558345382,2.9674478212187014,False,0.9976009596161536,0.9210526315789473,0.5856517849428763,1.3916887152099002,9.076690078330207,10.19325078106481,20.099619048937072,1.0,False,0.9210526315789473,10.19325078106481,20.099619048937072,2.5349269656161653,3.195070038885997,1.3916887152099002,1.702708343778231,1.0895380833998882,1.1782081754517006,0.8293867929184816,0.6809859686541394,4.834999237402212,6.777488570923026,3.9663500744884086,Diagonal,3,evaluation,0.03,0.021367521367521368,fixed_stride_5,physics one-step clipped,0.0003125,0.0003125,1077.1162951691497,unbiased_M_times_M_minus_1
DiagonalScanPath_4,physics mean + advective stochastic space-time,3.6109129986233175e-06,12.422901570529978,3.4305133895116966,0.17022272061337845,2,234,3,295.3585248883726,0.43177966685061814,0.42803200002889635,331.63935958961497,338.98145262727326,7.342093037658287,2.8145461504399196,False,0.9968012794882047,0.8947368421052632,0.5705622739204843,1.4845511587224707,8.736360952788266,9.28979764576145,24.708140068670357,1.0,False,0.8947368421052632,9.28979764576145,24.708140068670357,3.009168578550319,3.8810101950293383,1.4845511587224707,1.805681642306044,1.1284379997012448,1.241014502219446,0.8364864423088803,0.6938825506599615,6.111438466571422,7.342093037658287,6.111438466571474,Diagonal,4,evaluation,0.03,0.01282051282051282,fixed_stride_5,physics one-step clipped,0.0003125,0.0003125,1077.1162951691497,unbiased_M_times_M_minus_1
DiagonalScanPath_5,physics mean + advective stochastic space-time,3.6109129986233175e-06,12.422901570529978,3.4305133895116966,0.17022272061337845,2,234,6,295.50866552712534,0.38788149273746575,0.3847825265481584,334.0359159203151,332.0193939960221,2.0165219242930448,2.949507490451232,True,0.998000799680128,0.9342105263157895,0.5825875785443332,1.3372189676949124,9.049948890627816,10.105176093450666,19.70781561193537,1.0,True,0.9342105263157895,10.105176093450666,19.70781561193537,2.350138871210407,3.0437431037448515,1.3372189676949124,1.7467113282235178,1.0773355088608054,1.2854293959430747,0.8180206709510617,0.7158243335136507,1.2568246998703811,2.0165219242930448,1.256824699870347,Diagonal,5,evaluation,0.03,0.02564102564102564,fixed_stride_5,physics one-step clipped,0.0003125,0.0003125,1077.1162951691497,unbiased_M_times_M_minus_1
DiagonalScanPath_6,physics mean + advective stochastic space-time,3.6109129986233175e-06,12.422901570529978,3.4305133895116966,0.17022272061337845,2,234,6,295.76268867732483,0.39514920866010006,0.389401838892348,331.21807173731014,329.03020803381406,2.1878637034960775,3.286965334065756,False,0.9984006397441023,0.9473684210526315,0.54688118024061,1.447138360879502,8.382824267219881,10.29710617341716,18.497564417417617,1.0,False,0.9473684210526315,10.29710617341716,18.497564417417617,2.438829561301048,3.2556404284755684,1.447138360879502,2.015746593441532,1.1523755624208698,1.5465536718826112,0.8378249961105612,0.8549096866492695,4.999941181500937,6.452731398943797,1.355002752091911,Diagonal,6,evaluation,0.03,0.02564102564102564,fixed_stride_5,physics one-step clipped,0.0003125,0.0003125,1077.1162951691497,unbiased_M_times_M_minus_1
DiagonalScanPath_7,physics mean + advective stochastic space-time,3.6109129986233175e-06,12.422901570529978,3.4305133895116966,0.17022272061337845,2,234,5,295.92680693793324,0.35638095436752437,0.356610530675879,329.2427619913974,338.01792190432525,8.775159912927847,2.7947995585602685,False,0.998000799680128,0.9342105263157895,0.546397643737362,1.3614619876382852,8.416405294976196,9.68824937924916,21.10942807328322,1.0,False,0.9342105263157895,9.68824937924916,21.10942807328322,2.4722772608373558,3.022862552217788,1.3614619876382852,1.6780158269002214,1.061232483570266,1.1801016566428586,0.7967524983994054,0.6662176050267827,7.133713459606832,8.775159912927847,7.133713459606831,Diagonal,7,evaluation,0.03,0.021367521367521368,fixed_stride_5,physics one-step clipped,0.0003125,0.0003125,1077.1162951691497,unbiased_M_times_M_minus_1
DiagonalScanPath_8,physics mean + advective stochastic space-time,3.6109129986233175e-06,12.422901570529978,3.4305133895116966,0.17022272061337845,2,234,5,296.12149833303096,0.36392902832914,0.36472301575255006,336.214847986714,342.90033055021996,6.685482563505957,2.87114707752194,False,0.9976009596161536,0.9210526315789473,0.5718498025853709,1.4908948668473772,8.76121310123906,9.968073444715921,22.71107066314093,1.0,False,0.9210526315789473,9.968073444715921,22.71107066314093,2.7013818493917947,3.306527401729701,1.4908948668473772,1.8226507281163136,1.1650906994928456,1.3296452435653787,0.8561363123962558,0.7644223825773949,5.225256324470259,6.685482563505957,5.225256324470262,Diagonal,8,calibration,0.03,0.021367521367521368,fixed_stride_5,physics one-step clipped,0.0003125,0.0003125,1077.1162951691497,unbiased_M_times_M_minus_1
HorizontalScanPath_1,physics mean + advective stochastic space-time,3.6109129986233175e-06,12.422901570529978,3.4305133895116966,0.17022272061337845,2,234,0,294.63123831934564,0.6062610276915614,0.5989961564110069,317.4810532811467,304.3132632746179,13.167790006528833,2.8359287371210447,False,0.998000799680128,0.9342105263157895,0.5679784030168927,1.3792539924676472,8.8127300658281,9.700525540740315,20.995658971218038,1.0,False,0.9342105263157895,9.700525540740315,20.995658971218038,2.6988662850953964,3.6568287665793116,1.3792539924676472,1.6452637462292823,1.0597422174398572,1.0407341753298314,0.7709249746764796,0.5877338448662989,11.613820046957958,13.167790006528833,11.430369377132134,Horizontal,1,evaluation,0.03,0.0,fixed_stride_5,physics one-step clipped,0.0003125,0.0003125,1077.1162951691497,unbiased_M_times_M_minus_1
HorizontalScanPath_2,physics mean + advective stochastic space-time,3.6109129986233175e-06,12.422901570529978,3.4305133895116966,0.17022272061337845,2,234,4,294.6301695664475,0.6223262499470905,0.610680637018503,315.9337083198785,302.35383753777035,13.579870782108173,2.8247915673196853,False,0.998000799680128,0.9342105263157895,0.5717154297668133,1.3973267591590228,8.821739802251097,9.67857800931697,21.006351262042163,1.0,False,0.9342105263157895,9.67857800931697,21.006351262042163,2.7376666664434373,3.7305614149742303,1.3973267591590228,1.7354937025579558,1.0669851040496365,1.2055302630681402,0.8182611731918068,0.7141316525584819,12.403027976572844,13.579870782108173,11.025932841003945,Horizontal,2,evaluation,0.03,0.017094017094017096,fixed_stride_5,physics one-step clipped,0.0003125,0.0003125,1077.1162951691497,unbiased_M_times_M_minus_1
HorizontalScanPath_3,physics mean + advective stochastic space-time,3.6109129986233175e-06,12.422901570529978,3.4305133895116966,0.17022272061337845,2,234,0,294.64317213251667,0.6127582754047853,0.6199324087281638,314.00846851431186,303.73695825293527,10.27151026137659,2.8291677909670336,False,0.9976009596161536,0.9210526315789473,0.5724704300462528,1.4341921635531651,8.818371802444684,9.655595775824757,21.685137724466106,1.0,False,0.9210526315789473,9.655595775824757,21.685137724466106,2.874388467438366,3.9137318348881385,1.4341921635531651,1.7685562255869065,1.0896669313516478,1.113744266607139,0.8113306280499708,0.6160226846190979,12.10031592450111,13.647629624110834,8.237900390650202,Horizontal,3,evaluation,0.03,0.0,fixed_stride_5,physics one-step clipped,0.0003125,0.0003125,1077.1162951691497,unbiased_M_times_M_minus_1
HorizontalScanPath_4,physics mean + advective stochastic space-time,3.6109129986233175e-06,12.422901570529978,3.4305133895116966,0.17022272061337845,2,234,3,294.825260500259,0.564083679390857,0.5821047146641112,317.615531356997,304.64732544563117,12.968205911365828,2.8491149240828832,False,0.998000799680128,0.9342105263157895,0.570176042036716,1.386225863881055,8.848617564715209,9.760110912357451,20.46703453137909,1.0,False,0.9342105263157895,9.760110912357451,20.46703453137909,2.6381118680698687,3.5997469934883033,1.386225863881055,1.758091660046975,1.06494869195507,1.1414904790701048,0.8031935250225282,0.6596150800144287,11.294924132948909,12.968205911365828,11.072657893243381,Horizontal,4,evaluation,0.03,0.01282051282051282,fixed_stride_5,physics one-step clipped,0.0003125,0.0003125,1077.1162951691497,unbiased_M_times_M_minus_1
HorizontalScanPath_5,physics mean + advective stochastic space-time,3.6109129986233175e-06,12.422901570529978,3.4305133895116966,0.17022272061337845,2,234,5,295.0840552279015,0.5516805315827937,0.5649783561515425,316.22149177634935,303.0545691375256,13.166922638823735,2.8407658291958495,False,0.9984006397441023,0.9473684210526315,0.5718828145929775,1.3422287974642344,8.825207556746902,9.679613637785963,20.22507248368082,1.0,False,0.9473684210526315,9.679613637785963,20.22507248368082,2.570885058311131,3.5250796448232986,1.3422287974642344,1.7435093372803743,1.0544540487937106,1.2169764655397304,0.8036203203197385,0.6921547056253344,11.72427374452692,13.166922638823735,10.276800518276124,Horizontal,5,evaluation,0.03,0.021367521367521368,fixed_stride_5,physics one-step clipped,0.0003125,0.0003125,1077.1162951691497,unbiased_M_times_M_minus_1
HorizontalScanPath_6,physics mean + advective stochastic space-time,3.6109129986233175e-06,12.422901570529978,3.4305133895116966,0.17022272061337845,2,234,5,295.31752139540873,0.5267627761985589,0.5049461828188164,314.4374668883787,305.35539174585955,9.082075142519159,2.8671652527134914,False,0.9976009596161536,0.9342105263157895,0.5767525697729042,1.2704696372714743,8.85906831276237,9.823510791326322,18.250525927706697,1.0,False,0.9342105263157895,9.823510791326322,18.250525927706697,2.4130518784388935,3.2578906103959513,1.2704696372714743,1.5734594216817859,1.120688601505101,1.3701514163947273,0.8383591789300336,0.7931150986375611,10.645754182910789,12.28795685767318,7.215750607665926,Horizontal,6,evaluation,0.03,0.021367521367521368,fixed_stride_5,physics one-step clipped,0.0003125,0.0003125,1077.1162951691497,unbiased_M_times_M_minus_1
HorizontalScanPath_7,physics mean + advective stochastic space-time,3.6109129986233175e-06,12.422901570529978,3.4305133895116966,0.17022272061337845,2,234,5,295.52522559779794,0.5093397134895373,0.5230443121304525,318.1194882121125,305.18730876560846,12.932179446504051,2.8498885954615956,False,0.998000799680128,0.9342105263157895,0.5746019184306828,1.3345228385262091,8.841952231555712,9.66269875005865,20.218746174624542,1.0,False,0.9342105263157895,9.66269875005865,20.218746174624542,2.49797111780648,3.3960737522573017,1.3345228385262091,1.7278515318807892,1.0653010030139936,1.2491272283658834,0.8043271371237444,0.697047424909503,11.328450004969293,12.932179446504051,11.113173143069453,Horizontal,7,evaluation,0.03,0.021367521367521368,fixed_stride_5,physics one-step clipped,0.0003125,0.0003125,1077.1162951691497,unbiased_M_times_M_minus_1
HorizontalScanPath_8,physics mean + advective stochastic space-time,3.6109129986233175e-06,12.422901570529978,3.4305133895116966,0.17022272061337845,2,234,5,295.71434881764065,0.4792382444176389,0.49294201512940744,316.75154527615916,304.05549119249883,12.696054083660329,2.8460124107773264,False,0.9984006397441023,0.9473684210526315,0.5707376783345284,1.3113820565818881,8.811377002529506,9.437712280054981,19.09479311795023,1.0,False,0.9473684210526315,9.437712280054981,19.09479311795023,2.548350759538601,3.4485828779767647,1.3113820565818881,1.646307579127663,1.0606302833013925,1.251015452962236,0.8123456621204618,0.7524525837188882,11.330888596577655,12.696054083660329,10.194397853428057,Horizontal,8,evaluation,0.03,0.021367521367521368,fixed_stride_5,physics one-step clipped,0.0003125,0.0003125,1077.1162951691497,unbiased_M_times_M_minus_1
HorizontalScanPath_10,physics mean + advective stochastic space-time,3.6109129986233175e-06,12.422901570529978,3.4305133895116966,0.17022272061337845,2,234,5,296.06802208777685,0.45376511479169335,0.4823504224971327,318.649993978916,305.74425414961667,12.905739829299307,2.845032717427359,False,0.998000799680128,0.9342105263157895,0.5701286269843691,1.3430894733701981,8.823520216784365,9.328111904136605,20.417250203428097,1.0,False,0.9342105263157895,9.328111904136605,20.417250203428097,2.62119914360324,3.615728183593634,1.3430894733701981,1.7250590919240905,1.0691497656540996,1.24812829684035,0.8075318359257455,0.6829258922052456,11.047457064337575,12.905739829299307,10.83914189945201,Horizontal,10,evaluation,0.03,0.021367521367521368,fixed_stride_5,physics one-step clipped,0.0003125,0.0003125,1077.1162951691497,unbiased_M_times_M_minus_1
HorizontalScanPath_11,physics mean + advective stochastic space-time,3.6109129986233175e-06,12.422901570529978,3.4305133895116966,0.17022272061337845,2,234,6,296.2091569703494,0.4624149986140811,0.45258725100023445,317.2636056084965,304.87396144992687,12.389644158569638,2.8723110892755,False,0.998000799680128,0.9342105263157895,0.5780738087096535,1.3838057318176933,8.841919227726333,9.724597712231947,17.176363695401236,1.0,False,0.9342105263157895,9.724597712231947,17.176363695401236,2.3281846407957434,3.093721879294118,1.3838057318176933,1.8358549036573806,1.2201238722807195,1.617152757360732,0.8949536156165735,0.9680699701517621,10.523094625892512,12.389644158569638,9.425659417251657,Horizontal,11,evaluation,0.03,0.02564102564102564,fixed_stride_5,physics one-step clipped,0.0003125,0.0003125,1077.1162951691497,unbiased_M_times_M_minus_1
HorizontalScanPath_12,physics mean + advective stochastic space-time,3.6109129986233175e-06,12.422901570529978,3.4305133895116966,0.17022272061337845,2,234,6,296.3525815864646,0.43276025160641224,0.4391100286275422,315.46455223645467,306.0756148438055,9.388937392649154,2.86027087600274,False,0.998000799680128,0.9342105263157895,0.5755314063751491,1.3447389402966639,8.836063083794885,9.514230788507312,17.38682419540972,1.0,False,0.9342105263157895,9.514230788507312,17.38682419540972,2.43520465583481,3.3976993308183476,1.3447389402966639,1.7852522000147142,1.1292569504925833,1.4692818172030842,0.8449750386209169,0.834735817766945,10.565174769244306,12.522174230172084,6.904899021414181,Horizontal,12,evaluation,0.03,0.02564102564102564,fixed_stride_5,physics one-step clipped,0.0003125,0.0003125,1077.1162951691497,unbiased_M_times_M_minus_1
HorizontalScanPath_13,physics mean + advective stochastic space-time,3.6109129986233175e-06,12.422901570529978,3.4305133895116966,0.17022272061337845,2,234,4,296.4959614680289,0.43365085622655225,0.4596419725992775,319.1296936365724,306.24472179187745,12.884971844694974,2.84581816267672,False,0.998000799680128,0.9342105263157895,0.5755957236577417,1.4187452641002851,8.849602880177986,9.263512713423966,20.354986052242904,1.0,False,0.9342105263157895,9.263512713423966,20.354986052242904,2.753135889317031,3.7879444345470246,1.4187452641002851,1.8759671888719494,1.1015614706124592,1.2569713190257603,0.8230404300401822,0.7183395628414606,10.959629949021389,12.884971844694974,10.74092568536396,Horizontal,13,calibration,0.03,0.017094017094017096,fixed_stride_5,physics one-step clipped,0.0003125,0.0003125,1077.1162951691497,unbiased_M_times_M_minus_1
SpiralScanPath_1,physics mean + advective stochastic space-time,3.6109129986233175e-06,12.422901570529978,3.4305133895116966,0.17022272061337845,2,234,6,294.5644045668491,0.40997136560936853,0.372942074949241,333.10510445751316,340.1698714022181,7.064766944704957,2.4958231209227213,False,0.9976009596161536,0.9210526315789473,0.5725848202595776,1.238534337033667,8.896369024576865,9.585857374283858,17.365496644511445,1.0,False,0.9210526315789473,9.585857374283858,17.365496644511445,2.2590303772097986,2.9847703311116356,1.238534337033667,1.436432658981737,1.0070640246733396,1.0816390007616468,0.7871971959996555,0.6655662481611063,5.734049144417869,7.064766944704957,5.734049144417805,Spiral,1,evaluation,0.03,0.02564102564102564,fixed_stride_5,physics one-step clipped,0.0003125,0.0003125,1077.1162951691497,unbiased_M_times_M_minus_1
SpiralScanPath_2,physics mean + advective stochastic space-time,3.6109129986233175e-06,12.422901570529978,3.4305133895116966,0.17022272061337845,2,234,7,294.77953556616137,0.4414194896412662,0.38735899860288087,329.2630123504799,325.7524591603138,3.5105531901661493,2.6332762149064397,True,0.9976009596161536,0.9210526315789473,0.5665831682811174,1.2866862830803596,8.72970672594763,9.68056989159616,16.0806837691584,1.0,True,0.9210526315789473,9.68056989159616,16.0806837691584,2.1851625631922382,2.8137282166027875,1.2866862830803596,1.5848035287291493,1.0560557947149238,1.2590590757487266,0.827822892404007,0.8554717374844164,2.3013563190424287,3.5105531901661493,1.980926344817243,Spiral,2,evaluation,0.03,0.029914529914529916,fixed_stride_5,physics one-step clipped,0.0003125,0.0003125,1077.1162951691497,unbiased_M_times_M_minus_1
SpiralScanPath_3,physics mean + advective stochastic space-time,3.6109129986233175e-06,12.422901570529978,3.4305133895116966,0.17022272061337845,2,234,8,295.09034972544174,0.4101601659781514,0.36291586480008053,333.2341053416775,339.62565093996164,6.391545598284154,2.4181322899855444,False,0.9972011195521792,0.9078947368421053,0.5551280286862788,1.1956840889393539,8.5130156141211,8.862852992737395,19.152118002877685,1.0,False,0.9078947368421053,8.862852992737395,19.152118002877685,2.2822639786425203,2.977468310863849,1.1956840889393539,1.4222145979940415,0.973040023283516,1.0669696840788963,0.7839691107703194,0.7534783806646717,4.84871795118651,6.391545598284154,4.848717951186537,Spiral,3,evaluation,0.03,0.03418803418803419,fixed_stride_5,physics one-step clipped,0.0003125,0.0003125,1077.1162951691497,unbiased_M_times_M_minus_1
SpiralScanPath_4,physics mean + advective stochastic space-time,3.6109129986233175e-06,12.422901570529978,3.4305133895116966,0.17022272061337845,2,234,6,295.3171456785458,0.40450559407138825,0.3770842492192384,330.1270426836271,325.5654377154704,4.561604968156701,2.5696088443095073,True,0.9976009596161536,0.9210526315789473,0.5565759539132348,1.2911599731844898,8.562475055820299,9.064796108761954,17.954635217747306,1.0,True,0.9210526315789473,9.064796108761954,17.954635217747306,2.465975552497304,3.2765655605498387,1.2911599731844898,1.594869855551033,1.0082925812780603,1.168360688647608,0.7964613118052288,0.7831043734462658,3.1444004483887227,4.561604968156701,2.7749344043574036,Spiral,4,evaluation,0.03,0.02564102564102564,fixed_stride_5,physics one-step clipped,0.0003125,0.0003125,1077.1162951691497,unbiased_M_times_M_minus_1
SpiralScanPath_5,physics mean + advective stochastic space-time,3.6109129986233175e-06,12.422901570529978,3.4305133895116966,0.17022272061337845,2,234,8,295.5160834229293,0.44963074107610745,0.40471314150757565,326.14461910118706,333.5361524979843,7.391533396797229,2.426183776598669,False,0.9960015993602559,0.8947368421052632,0.5693590953340417,1.5212495090724465,8.537089945324448,9.360526054441554,19.289232619447752,1.0,False,0.8947368421052632,9.360526054441554,19.289232619447752,2.680669902329186,3.619200670749074,1.5212495090724465,2.081938469114485,1.2484975954817652,1.685286326880747,0.9486417465571078,1.1373712525870439,5.901988384849805,7.391533396797229,5.9019883848498,Spiral,5,evaluation,0.03,0.03418803418803419,fixed_stride_5,physics one-step clipped,0.0003125,0.0003125,1077.1162951691497,unbiased_M_times_M_minus_1
SpiralScanPath_6,physics mean + advective stochastic space-time,3.6109129986233175e-06,12.422901570529978,3.4305133895116966,0.17022272061337845,2,234,6,295.69040467376334,0.37593524380000937,0.3583856661287376,332.8537813167321,339.64640606136203,6.792624744629904,2.42491184361334,False,0.9972011195521792,0.9078947368421053,0.554448975428933,1.3134613229990741,8.477782355129397,8.97366837547638,19.840552242721795,1.0,False,0.9078947368421053,8.97366837547638,19.840552242721795,2.549300468623503,3.3609441060483394,1.3134613229990741,1.61972113794832,1.0160859799797264,1.1517179739008707,0.7952627174847023,0.7553778194772388,5.304490021199431,6.792624744629904,5.304490021199419,Spiral,6,evaluation,0.03,0.02564102564102564,fixed_stride_5,physics one-step clipped,0.0003125,0.0003125,1077.1162951691497,unbiased_M_times_M_minus_1
SpiralScanPath_7,physics mean + advective stochastic space-time,3.6109129986233175e-06,12.422901570529978,3.4305133895116966,0.17022272061337845,2,234,7,295.8140795498944,0.38241261440440566,0.35265898506197274,334.45555342383483,332.9534276627822,1.502125761052639,2.5635545819677112,True,0.9968012794882047,0.9078947368421053,0.5605426818255186,1.262829787488091,8.544939419564157,8.967540434228589,18.212013445651817,1.0,True,0.9078947368421053,8.967540434228589,18.212013445651817,2.4533665035974064,3.3934865148553093,1.262829787488091,1.5994625410496213,1.0086523544348744,1.2064185729247225,0.8016836055835755,0.8064502434287621,1.0222068462445841,1.502125761052639,1.022206846244633,Spiral,7,evaluation,0.03,0.029914529914529916,fixed_stride_5,physics one-step clipped,0.0003125,0.0003125,1077.1162951691497,unbiased_M_times_M_minus_1
SpiralScanPath_8,physics mean + advective stochastic space-time,3.6109129986233175e-06,12.422901570529978,3.4305133895116966,0.17022272061337845,2,234,6,295.9806504909343,0.3851712184216601,0.35895699337916126,332.0671634791022,327.95252215123463,4.1146413278675595,2.5383485969517063,True,0.9972011195521792,0.9210526315789473,0.5618970593457515,1.3221067491130598,8.518304927430071,9.122999948160235,17.83073558245479,1.0,True,0.9210526315789473,9.122999948160235,17.83073558245479,2.3945139909200046,3.2742248429683363,1.3221067491130598,1.744755673118809,1.0869123361576722,1.3723281858478944,0.8424232823874608,0.9123054339650456,2.610722644266655,4.1146413278675595,2.5856066434060088,Spiral,8,evaluation,0.03,0.02564102564102564,fixed_stride_5,physics one-step clipped,0.0003125,0.0003125,1077.1162951691497,unbiased_M_times_M_minus_1
SpiralScanPath_9,physics mean + advective stochastic space-time,3.6109129986233175e-06,12.422901570529978,3.4305133895116966,0.17022272061337845,2,234,4,296.12811830237854,0.35507450244235134,0.3557586634524334,329.66153916113313,328.1686264263851,1.4929127347480176,2.5055684596972387,False,0.9972011195521792,0.9078947368421053,0.5537957583008773,1.3285260447290514,8.480608942371317,9.18099218141542,19.2031212936654,1.0,False,0.9078947368421053,9.18099218141542,19.2031212936654,2.4394063922181437,3.2786106870643676,1.3285260447290514,1.689534362309928,1.0187787193707,1.153300982434225,0.7899189412390029,0.7394855149593338,4.7376423296344665,6.297465532413639,0.8432165514176506,Spiral,9,evaluation,0.03,0.017094017094017096,fixed_stride_5,physics one-step clipped,0.0003125,0.0003125,1077.1162951691497,unbiased_M_times_M_minus_1
SpiralScanPath_10,physics mean + advective stochastic space-time,3.6109129986233175e-06,12.422901570529978,3.4305133895116966,0.17022272061337845,2,234,5,296.24464913741537,0.3497361811444783,0.3527550889973817,327.4312034644041,333.52318219201356,6.091978727609444,2.481145792574481,False,0.9968012794882047,0.9078947368421053,0.5540217764726197,1.3121954941201257,8.491691571380557,9.044081010680616,20.67484349558856,1.0,False,0.9078947368421053,9.044081010680616,20.67484349558856,2.5429973926692204,3.3552068217562954,1.3121954941201257,1.6368679535644781,1.0550181604637532,1.249793529614854,0.8122395844050748,0.8180624754444269,7.281787777415734,8.154386059624812,4.484180733996794,Spiral,10,evaluation,0.03,0.021367521367521368,fixed_stride_5,physics one-step clipped,0.0003125,0.0003125,1077.1162951691497,unbiased_M_times_M_minus_1
SpiralScanPath_11,physics mean + advective stochastic space-time,3.6109129986233175e-06,12.422901570529978,3.4305133895116966,0.17022272061337845,2,234,4,296.3525026623504,0.33708132600254026,0.34701027765088577,330.9114233717931,337.68636375388513,6.774940382092041,2.424943623281903,False,0.9972011195521792,0.9078947368421053,0.5519766894062765,1.3359340159714825,8.475153535165168,9.197144203741468,20.437588673953396,1.0,False,0.9078947368421053,9.197144203741468,20.437588673953396,2.540253515289711,3.3700558269243945,1.3359340159714825,1.643867622249487,1.0378854324618683,1.1620030449987062,0.7985559978082969,0.7551281500040214,5.465906507339216,6.774940382092041,5.465906507339215,Spiral,11,evaluation,0.03,0.017094017094017096,fixed_stride_5,physics one-step clipped,0.0003125,0.0003125,1077.1162951691497,unbiased_M_times_M_minus_1
SpiralScanPath_12,physics mean + advective stochastic space-time,3.6109129986233175e-06,12.422901570529978,3.4305133895116966,0.17022272061337845,2,234,5,296.4285472031083,0.3388349995435502,0.33308280176628585,334.51052576547374,340.8525462869481,6.342020521474353,2.422541667502775,False,0.9968012794882047,0.9078947368421053,0.5538441767337465,1.29086414288886,8.473446338080143,9.105129545054979,20.265463534854856,1.0,False,0.9078947368421053,9.105129545054979,20.265463534854856,2.569461245616906,3.361230725950566,1.29086414288886,1.5460849639395857,1.081142541696075,1.2724775082771929,0.8359606799744423,0.8666699756297519,5.068871989240407,6.342020521474353,5.06887198924046,Spiral,12,evaluation,0.03,0.021367521367521368,fixed_stride_5,physics one-step clipped,0.0003125,0.0003125,1077.1162951691497,unbiased_M_times_M_minus_1
SpiralScanPath_13,physics mean + advective stochastic space-time,3.6109129986233175e-06,12.422901570529978,3.4305133895116966,0.17022272061337845,2,234,4,296.4901280292387,0.3170265092290262,0.32892974144023446,335.7083806056465,334.45919685592435,1.2491837497221354,2.545503757895269,True,0.9976009596161536,0.9210526315789473,0.5531071841684085,1.2919342863859917,8.521100716191482,9.167294922282938,17.621963568720716,1.0,True,0.9210526315789473,9.167294922282938,17.621963568720716,2.478803804624881,3.3334524161466956,1.2919342863859917,1.6104778862863671,1.0007315178767775,1.093727414994884,0.7783391013060068,0.690055525439318,0.6460489625958672,1.2491837497221354,0.646048962595861,Spiral,13,calibration,0.03,0.017094017094017096,fixed_stride_5,physics one-step clipped,0.0003125,0.0003125,1077.1162951691497,unbiased_M_times_M_minus_1
