trajectory,repeat,q_variance_multiplier,context,subset,n_observations,power,excluded_particle,ess,max_weight,top1_rmse_K,top1_bias_K,top1_width_K,top1_coverage
SpiralScanPath_13,0,0.5,real,0.1,22,0.0,261,1199.0,0.0008340283569641369,3.3624815728752937,-0.23901558753388827,6.808202203483092,0.76
SpiralScanPath_13,0,0.5,real,0.1,22,0.01,261,1140.1897167959178,0.0011396911589870943,3.3563165659281613,-0.23146537534041728,6.788461689226083,0.76
SpiralScanPath_13,0,0.5,real,0.1,22,0.05,261,738.2228808173918,0.0026218078506488004,3.3489694004699353,-0.21268112621319232,6.781139545733099,0.76
SpiralScanPath_13,0,0.5,real,0.1,22,0.1,261,467.1733486261074,0.004851131802477902,3.348013154643174,-0.20140902565187388,6.801986931668014,0.76
SpiralScanPath_13,0,0.5,real,0.1,22,0.25,261,212.90644637431518,0.012577915462265362,3.3562640434507074,-0.194813559887657,6.78886423476888,0.76
SpiralScanPath_13,0,0.5,real,0.1,22,0.5,261,99.84891402738836,0.028739136644142838,3.3700047837059985,-0.21325560453751677,6.731059020600294,0.76
SpiralScanPath_13,0,0.5,real,0.1,22,1.0,261,32.821038376988604,0.08525899666302816,3.3913404461518004,-0.3130112380840683,6.5819850199366305,0.72
SpiralScanPath_13,0,0.5,real,0.25,55,0.0,261,1199.0,0.0008340283569641369,3.3624815728752937,-0.23901558753388827,6.808202203483092,0.76
SpiralScanPath_13,0,0.5,real,0.25,55,0.01,261,1138.8149699738915,0.0011786409902637314,3.356514819259472,-0.23038328733272692,6.778291031449364,0.76
SpiralScanPath_13,0,0.5,real,0.25,55,0.05,261,719.3058362101401,0.003032350973265135,3.3485757958263007,-0.2083293205800237,6.772818985971533,0.76
SpiralScanPath_13,0,0.5,real,0.25,55,0.1,261,427.49280498795633,0.006436164798214718,3.3464789349874833,-0.19654587346552715,6.790872075725661,0.76
SpiralScanPath_13,0,0.5,real,0.25,55,0.25,261,145.29781373670917,0.026978177570771426,3.362090687573543,-0.1862438949232137,6.789439713737197,0.72
SpiralScanPath_13,0,0.5,real,0.25,55,0.5,261,31.07921371494484,0.12748090999731032,3.388071082633411,-0.14283844850302102,6.6155988756359605,0.68
SpiralScanPath_13,0,0.5,real,0.25,55,1.0,261,3.3569190229145,0.5283277471498709,3.322698240247662,-0.07219899909553988,5.669478718367409,0.68
SpiralScanPath_13,0,0.5,real,0.5,110,0.0,261,1199.0,0.0008340283569641369,3.3624815728752937,-0.23901558753388827,6.808202203483092,0.76
SpiralScanPath_13,0,0.5,real,0.5,110,0.01,261,1136.9326873154278,0.0012447627635959893,3.356936211974269,-0.23153968490978513,6.78173233784627,0.76
SpiralScanPath_13,0,0.5,real,0.5,110,0.05,261,697.3639855963486,0.003825452443331356,3.3482430930242986,-0.2150246254175886,6.767725654978921,0.76
SpiralScanPath_13,0,0.5,real,0.5,110,0.1,261,388.70834652175165,0.009081704509322323,3.342692274317674,-0.20580533011858052,6.787454022251734,0.76
SpiralScanPath_13,0,0.5,real,0.5,110,0.25,261,85.28636290927905,0.05727030318197485,3.354971290540039,-0.10423429806805416,6.848007860342132,0.76
SpiralScanPath_13,0,0.5,real,0.5,110,0.5,261,5.482344964562301,0.41074606582732043,3.537088954138811,0.45985600254707376,6.306594354433543,0.64
SpiralScanPath_13,0,0.5,real,0.5,110,1.0,261,1.14194124589311,0.935433983887747,3.989688922238031,1.162945250973953,1.9544694109814122,0.32
SpiralScanPath_13,0,0.5,real,1.0,221,0.0,261,1199.0,0.0008340283569641369,3.3624815728752937,-0.23901558753388827,6.808202203483092,0.76
SpiralScanPath_13,0,0.5,real,1.0,221,0.01,261,1134.9361606655023,0.0013585326449445522,3.356923218260422,-0.23115638905637526,6.780151547170192,0.76
SpiralScanPath_13,0,0.5,real,1.0,221,0.05,261,658.8408115342827,0.005555822051105066,3.3490806166552836,-0.21565639483567567,6.748801724912771,0.76
SpiralScanPath_13,0,0.5,real,1.0,221,0.1,261,303.51624820828334,0.016458427949000848,3.3495212630531466,-0.21321550819367985,6.664772958805186,0.72
SpiralScanPath_13,0,0.5,real,1.0,221,0.25,261,28.471722982646366,0.11855129497883714,3.42549562572558,-0.1522718945829115,5.997350823705753,0.68
SpiralScanPath_13,0,0.5,real,1.0,221,0.5,261,4.222750384306663,0.41109117547760204,3.604781315459557,0.14281002397519388,4.449438982245731,0.6
SpiralScanPath_13,0,0.5,real,1.0,221,1.0,261,1.8270953295315948,0.7134861640875857,3.7803258244544278,0.36380304488586035,3.210238216355317,0.4
SpiralScanPath_13,0,0.5,real,unsaturated,113,0.0,261,1199.0,0.0008340283569641369,3.3624815728752937,-0.23901558753388827,6.808202203483092,0.76
SpiralScanPath_13,0,0.5,real,unsaturated,113,0.01,261,1135.0098965670484,0.0013008446791933216,3.356882731151024,-0.23438314110428793,6.781687296104872,0.76
SpiralScanPath_13,0,0.5,real,unsaturated,113,0.05,261,670.7886921001843,0.004537942408502065,3.350796188616439,-0.23197224297838828,6.740597673491766,0.76
SpiralScanPath_13,0,0.5,real,unsaturated,113,0.1,261,337.65559975589355,0.011398101159499706,3.3548472876682904,-0.24174696768968715,6.683739961001707,0.72
SpiralScanPath_13,0,0.5,real,unsaturated,113,0.25,261,44.226683777258884,0.07368716697145691,3.4212384173339654,-0.2480474595242913,6.433992621447239,0.72
SpiralScanPath_13,0,0.5,real,unsaturated,113,0.5,261,7.169981040652611,0.275886358445473,3.544513385071846,-0.15745714611754238,5.318686516489277,0.64
SpiralScanPath_13,0,0.5,real,unsaturated,113,1.0,261,2.816033481515993,0.5473505748486189,3.655543361343518,-0.14590785467208434,3.9765166243255523,0.52
SpiralScanPath_13,0,0.5,real,censored,108,0.0,261,1199.0,0.0008340283569641369,3.3624815728752937,-0.23901558753388827,6.808202203483092,0.76
SpiralScanPath_13,0,0.5,real,censored,108,0.01,261,1197.7889154103339,0.0008842347823796629,3.3625736667369988,-0.2361411040642588,6.796560389268759,0.76
SpiralScanPath_13,0,0.5,real,censored,108,0.05,261,1176.169986537155,0.0010952827957436526,3.3628963933554346,-0.2259431534603573,6.7939674850459575,0.76
SpiralScanPath_13,0,0.5,real,censored,108,0.1,261,1129.8681217270425,0.0013820682188432057,3.3632511412864146,-0.2152010691194846,6.795939327515884,0.76
SpiralScanPath_13,0,0.5,real,censored,108,0.25,261,966.36389475712,0.0023893340979394004,3.364265084170147,-0.19085518306706944,6.779340076537444,0.76
SpiralScanPath_13,0,0.5,real,censored,108,0.5,261,738.1548674587019,0.004514394568835649,3.365811625869382,-0.16393505761159985,6.790830185170211,0.76
SpiralScanPath_13,0,0.5,real,censored,108,1.0,261,459.059834639309,0.010135460858797943,3.3662091749108365,-0.13259846603455117,6.780866701581909,0.76
SpiralScanPath_13,0,0.5,matched_model,0.1,22,0.0,261,1199.0,0.0008340283569641369,3.3624815728752937,-0.23901558753388827,6.808202203483092,0.76
SpiralScanPath_13,0,0.5,matched_model,0.1,22,0.01,261,1197.1784960768125,0.0009260621604012242,3.363106238473752,-0.2392201962535205,6.78976423881272,0.76
SpiralScanPath_13,0,0.5,matched_model,0.1,22,0.05,261,1159.571816327405,0.0013511113711736189,3.3661607294377554,-0.2405865020845863,6.789732435104454,0.76
SpiralScanPath_13,0,0.5,matched_model,0.1,22,0.1,261,1065.3224493295231,0.0021263689560678703,3.3710249672316324,-0.24317056829927652,6.787971298722409,0.76
SpiralScanPath_13,0,0.5,matched_model,0.1,22,0.25,261,653.7555600121123,0.0068469246165890445,3.389113382372403,-0.2560422099482275,6.774998872645842,0.76
SpiralScanPath_13,0,0.5,matched_model,0.1,22,0.5,261,165.83695886322627,0.024612239993152492,3.4119076936187214,-0.30656121832387045,6.679310059611166,0.76
SpiralScanPath_13,0,0.5,matched_model,0.1,22,1.0,261,23.97269178118328,0.10876735973707759,3.3930048590139794,-0.4356850956753442,5.999173792664601,0.68
SpiralScanPath_13,0,0.5,matched_model,0.25,55,0.0,261,1199.0,0.0008340283569641369,3.3624815728752937,-0.23901558753388827,6.808202203483092,0.76
SpiralScanPath_13,0,0.5,matched_model,0.25,55,0.01,261,1190.278523795268,0.001041126207541106,3.3633369428261446,-0.2413871362524719,6.7845721087541415,0.76
SpiralScanPath_13,0,0.5,matched_model,0.25,55,0.05,261,1019.3496282043849,0.0023095710354675506,3.3668135011220777,-0.24729748221882347,6.788275758230775,0.76
SpiralScanPath_13,0,0.5,matched_model,0.25,55,0.1,261,658.6782950945716,0.006060614479592617,3.368892126879802,-0.2486291209482306,6.799546135001606,0.76
SpiralScanPath_13,0,0.5,matched_model,0.25,55,0.25,261,66.57411581608633,0.06343075000426522,3.345702792589623,-0.2848968583452688,6.807166205255367,0.76
SpiralScanPath_13,0,0.5,matched_model,0.25,55,0.5,261,6.79370391399264,0.3262312483942181,3.317767895061424,-0.5044486078617593,5.909297337709948,0.64
SpiralScanPath_13,0,0.5,matched_model,0.25,55,1.0,261,1.729062936184694,0.7418621829519735,3.4254938994508612,-0.8008377761762631,3.716954194025511,0.36
SpiralScanPath_13,0,0.5,matched_model,0.5,110,0.0,261,1199.0,0.0008340283569641369,3.3624815728752937,-0.23901558753388827,6.808202203483092,0.76
SpiralScanPath_13,0,0.5,matched_model,0.5,110,0.01,261,1184.9517886328424,0.0011956158660169948,3.3628186444619397,-0.24323600835483603,6.784803758998469,0.76
SpiralScanPath_13,0,0.5,matched_model,0.5,110,0.05,261,914.4049470462182,0.0044285227729493355,3.363243689940212,-0.2613110560513314,6.7961191633367575,0.76
SpiralScanPath_13,0,0.5,matched_model,0.5,110,0.1,261,426.32301734644625,0.01659411058428391,3.3575199730697056,-0.29440207601332985,6.839810104458102,0.76
SpiralScanPath_13,0,0.5,matched_model,0.5,110,0.25,261,21.63449342487967,0.12516574717966936,3.38267987875098,-0.493555878706818,6.2849843395277185,0.6
SpiralScanPath_13,0,0.5,matched_model,0.5,110,0.5,261,3.9736891650970927,0.4089912327143662,3.599795510054453,-0.7641098341024963,4.648011362187817,0.56
SpiralScanPath_13,0,0.5,matched_model,0.5,110,1.0,261,1.7864746142231125,0.7213136787177314,3.8809064730881375,-0.9261970721878788,3.290628251474416,0.36
SpiralScanPath_13,0,0.5,matched_model,1.0,221,0.0,261,1199.0,0.0008340283569641369,3.3624815728752937,-0.23901558753388827,6.808202203483092,0.76
SpiralScanPath_13,0,0.5,matched_model,1.0,221,0.01,261,1174.6666973888607,0.0012500271652630616,3.3614930087747195,-0.24351392250337084,6.789706592444377,0.76
SpiralScanPath_13,0,0.5,matched_model,1.0,221,0.05,261,736.4903015417922,0.006351133959084678,3.3514938131764542,-0.27051844437576167,6.790969688476118,0.76
SpiralScanPath_13,0,0.5,matched_model,1.0,221,0.1,261,158.68794008611005,0.037570292709833975,3.3191003576549645,-0.3174392691286107,6.59052135793944,0.76
SpiralScanPath_13,0,0.5,matched_model,1.0,221,0.25,261,4.518789007739816,0.333304795781045,3.1598560701499654,-0.345726062864926,4.793900069449889,0.52
SpiralScanPath_13,0,0.5,matched_model,1.0,221,0.5,261,2.1408960659899283,0.5025909820110803,3.1123149390365987,-0.3611438230021781,2.2267163168843105,0.32
SpiralScanPath_13,0,0.5,matched_model,1.0,221,1.0,261,1.9888423711722725,0.5407858038793574,3.0991922050794756,-0.37389469387086594,2.0330252460542964,0.24
SpiralScanPath_13,0,0.5,matched_model,unsaturated,113,0.0,261,1199.0,0.0008340283569641369,3.3624815728752937,-0.23901558753388827,6.808202203483092,0.76
SpiralScanPath_13,0,0.5,matched_model,unsaturated,113,0.01,261,1177.8759325846668,0.001216738372126504,3.3613607087988435,-0.24487123498061464,6.7895929641078965,0.76
SpiralScanPath_13,0,0.5,matched_model,unsaturated,113,0.05,261,777.8554890518132,0.005202924997079112,3.3509096455377936,-0.2752421830104231,6.812066298510256,0.76
SpiralScanPath_13,0,0.5,matched_model,unsaturated,113,0.1,261,202.281181738377,0.028098126658925398,3.3204651531408707,-0.3195709342076839,6.589632610652059,0.72
SpiralScanPath_13,0,0.5,matched_model,unsaturated,113,0.25,261,6.984083096427994,0.32372185222885097,3.178783810206404,-0.35941555978698037,5.138032328932236,0.56
SpiralScanPath_13,0,0.5,matched_model,unsaturated,113,0.5,261,1.7988605575376233,0.7335887344411891,3.0460089389530074,-0.4381950072717291,3.642375562049028,0.44
SpiralScanPath_13,0,0.5,matched_model,unsaturated,113,1.0,261,1.0665159716797779,0.9680644917639794,3.031242567536805,-0.4925393573406268,1.3221078360430782,0.24
SpiralScanPath_13,0,0.5,matched_model,censored,108,0.0,261,1199.0,0.0008340283569641369,3.3624815728752937,-0.23901558753388827,6.808202203483092,0.76
SpiralScanPath_13,0,0.5,matched_model,censored,108,0.01,261,1195.8749194467464,0.0009282075886678426,3.3625670608556533,-0.2376179501888464,6.781858909202622,0.76
SpiralScanPath_13,0,0.5,matched_model,censored,108,0.05,261,1138.4365246796515,0.0013690959310668905,3.3623281700088197,-0.23112332751118628,6.7821479091676675,0.76
SpiralScanPath_13,0,0.5,matched_model,censored,108,0.1,261,1018.9795039717975,0.002072403006512745,3.3613403513082813,-0.2219977418535268,6.77814379885124,0.76
SpiralScanPath_13,0,0.5,matched_model,censored,108,0.25,261,660.8112051974676,0.005269220227487274,3.3570701754617205,-0.19490239641887228,6.775532940600615,0.76
SpiralScanPath_13,0,0.5,matched_model,censored,108,0.5,261,314.42964875016224,0.014125578284389498,3.3487452967873357,-0.15460155521982644,6.7722068684647,0.76
SpiralScanPath_13,0,0.5,matched_model,censored,108,1.0,261,87.12846230327733,0.04946144585434183,3.335465050908378,-0.08708676673324589,6.621233935564225,0.76
SpiralScanPath_13,0,1.0,real,0.1,22,0.0,261,1199.0,0.0008340283569641369,3.3624815728752937,-0.23901558753388827,6.808202203483092,0.76
SpiralScanPath_13,0,1.0,real,0.1,22,0.01,261,1140.5851453998328,0.0011387828693490139,3.3566504197219236,-0.23172048582672913,6.783776366546315,0.76
SpiralScanPath_13,0,1.0,real,0.1,22,0.05,261,750.822352899395,0.0025563354007298133,3.3516425544317165,-0.21524517753452982,6.775003798548778,0.76
SpiralScanPath_13,0,1.0,real,0.1,22,0.1,261,486.258316285922,0.004635855306397632,3.3541672727886205,-0.20693425639755106,6.780268241496731,0.76
SpiralScanPath_13,0,1.0,real,0.1,22,0.25,261,209.7015668617726,0.014888690853607745,3.3702963270871398,-0.21263283640069175,6.814385767828797,0.76
SpiralScanPath_13,0,1.0,real,0.1,22,0.5,261,62.951109881970034,0.05629356869227039,3.389778329302992,-0.27794323814428706,6.753636273223117,0.76
SpiralScanPath_13,0,1.0,real,0.1,22,1.0,261,10.924364723117169,0.21969932291279323,3.4514846587247283,-0.5217045840329229,6.213570135749776,0.72
SpiralScanPath_13,0,1.0,real,0.25,55,0.0,261,1199.0,0.0008340283569641369,3.3624815728752937,-0.23901558753388827,6.808202203483092,0.76
SpiralScanPath_13,0,1.0,real,0.25,55,0.01,261,1138.3392050507202,0.0012073011017191173,3.3571708774489237,-0.23028455202791065,6.786247274088994,0.76
SpiralScanPath_13,0,1.0,real,0.25,55,0.05,261,722.1426724164456,0.0033078905926408318,3.3526635289375735,-0.20948191948948988,6.776117222495913,0.76
SpiralScanPath_13,0,1.0,real,0.25,55,0.1,261,424.0741104856344,0.007913056066195022,3.356656337585566,-0.19727960839346223,6.786945178053757,0.76
SpiralScanPath_13,0,1.0,real,0.25,55,0.25,261,102.38366046623895,0.05101791613364711,3.3877411989265642,-0.15899904515925756,6.877228391957583,0.72
SpiralScanPath_13,0,1.0,real,0.25,55,0.5,261,10.216419019166821,0.2821314448569805,3.3750850999135853,-0.0780637080985548,6.683733839800438,0.68
SpiralScanPath_13,0,1.0,real,0.25,55,1.0,261,1.5030190549909899,0.8130229930348135,3.3283805579962826,0.010373251285518564,4.276776174873039,0.6
SpiralScanPath_13,0,1.0,real,0.5,110,0.0,261,1199.0,0.0008340283569641369,3.3624815728752937,-0.23901558753388827,6.808202203483092,0.76
SpiralScanPath_13,0,1.0,real,0.5,110,0.01,261,1135.552071586581,0.001254616686545723,3.357519349135463,-0.23120927683448372,6.782102360555368,0.76
SpiralScanPath_13,0,1.0,real,0.5,110,0.05,261,686.8108784042364,0.0036179270121363604,3.3511622478259233,-0.21389397151305048,6.7617463718040085,0.76
SpiralScanPath_13,0,1.0,real,0.5,110,0.1,261,349.3932225603402,0.011762295340228818,3.348836929558598,-0.19142890345194247,6.787643319536196,0.76
SpiralScanPath_13,0,1.0,real,0.5,110,0.25,261,20.060228308510577,0.19427373222438027,3.424163393179495,0.13223752553862822,6.896049024789329,0.72
SpiralScanPath_13,0,1.0,real,0.5,110,0.5,261,1.5947585284390255,0.7890540850773109,3.8575354585311237,0.9552391070686985,4.705921940974693,0.6
SpiralScanPath_13,0,1.0,real,0.5,110,1.0,261,1.0140374916264003,0.9930482653498051,4.0486265392476195,1.232730241435986,0.0,0.0
SpiralScanPath_13,0,1.0,real,1.0,221,0.0,261,1199.0,0.0008340283569641369,3.3624815728752937,-0.23901558753388827,6.808202203483092,0.76
SpiralScanPath_13,0,1.0,real,1.0,221,0.01,261,1132.0072941218734,0.0014165679309827326,3.3579985724184045,-0.23038472682913835,6.782162976956179,0.76
SpiralScanPath_13,0,1.0,real,1.0,221,0.05,261,618.6256281057066,0.005852952979542665,3.358000228549017,-0.21882828605788973,6.726759837715256,0.76
SpiralScanPath_13,0,1.0,real,1.0,221,0.1,261,207.11227984213852,0.021240629758829958,3.372179060365248,-0.22216644652858578,6.576875624851826,0.72
SpiralScanPath_13,0,1.0,real,1.0,221,0.25,261,15.85337577017118,0.12770334805579636,3.444857051988855,-0.09573413670787886,5.636248117716695,0.64
SpiralScanPath_13,0,1.0,real,1.0,221,0.5,261,5.763831267886564,0.2604219755560138,3.5167916846954803,0.10772119481340951,4.543328462132368,0.6
SpiralScanPath_13,0,1.0,real,1.0,221,1.0,261,3.5389661521618025,0.3909203042060158,3.5729982626211747,0.18902530173681498,3.364170756862279,0.48
SpiralScanPath_13,0,1.0,real,unsaturated,113,0.0,261,1199.0,0.0008340283569641369,3.3624815728752937,-0.23901558753388827,6.808202203483092,0.76
SpiralScanPath_13,0,1.0,real,unsaturated,113,0.01,261,1132.2385677482657,0.0013359809657819298,3.358058975224156,-0.23503932364656294,6.779127235746891,0.76
SpiralScanPath_13,0,1.0,real,unsaturated,113,0.05,261,633.8166174516674,0.004959514135510753,3.3617386051795295,-0.24068481599366806,6.730943370909412,0.72
SpiralScanPath_13,0,1.0,real,unsaturated,113,0.1,261,223.70410252488458,0.02261224918339932,3.385517611169576,-0.26064751153040105,6.5755455190906105,0.72
SpiralScanPath_13,0,1.0,real,unsaturated,113,0.25,261,8.842082206430547,0.2881530482366478,3.456192325945893,-0.24417785307209214,5.8798979392946125,0.64
SpiralScanPath_13,0,1.0,real,unsaturated,113,0.5,261,1.7856813446783129,0.736682711478715,3.4945679371169187,-0.13799902465043715,4.165879914974275,0.56
SpiralScanPath_13,0,1.0,real,unsaturated,113,1.0,261,1.0640464247505572,0.9690927640406748,3.5681276657575127,-0.08075469815641782,1.2926457897919637,0.16
SpiralScanPath_13,0,1.0,real,censored,108,0.0,261,1199.0,0.0008340283569641369,3.3624815728752937,-0.23901558753388827,6.808202203483092,0.76
SpiralScanPath_13,0,1.0,real,censored,108,0.01,261,1197.0748129156777,0.0009042737339056109,3.3625083748437343,-0.2348123623511833,6.793948183672485,0.76
SpiralScanPath_13,0,1.0,real,censored,108,0.05,261,1166.2541540843047,0.0011976789437369473,3.3625799055783046,-0.22072731527375708,6.783842719694863,0.76
SpiralScanPath_13,0,1.0,real,censored,108,0.1,261,1107.62878136485,0.0015907002960585607,3.3626931756628546,-0.2069706222811533,6.7868004024630135,0.76
SpiralScanPath_13,0,1.0,real,censored,108,0.25,261,927.69321327152,0.002915757664932301,3.3631779182596784,-0.1783257221419376,6.777739668466982,0.76
SpiralScanPath_13,0,1.0,real,censored,108,0.5,261,704.0034712791148,0.005469565402215279,3.36334271125686,-0.1490122140133576,6.775665561993722,0.76
SpiralScanPath_13,0,1.0,real,censored,108,1.0,261,451.32141309752467,0.011209332054573725,3.359344181475029,-0.11562388459729846,6.771651728904444,0.76
SpiralScanPath_13,0,1.0,matched_model,0.1,22,0.0,261,1199.0,0.0008340283569641369,3.3624815728752937,-0.23901558753388827,6.808202203483092,0.76
SpiralScanPath_13,0,1.0,matched_model,0.1,22,0.01,261,1196.480143858973,0.0009426025991446429,3.363411715181958,-0.23936295053031473,6.789307757621304,0.76
SpiralScanPath_13,0,1.0,matched_model,0.1,22,0.05,261,1147.132483832695,0.001457316389243141,3.3679836220887283,-0.24115776595732086,6.793025009455107,0.76
SpiralScanPath_13,0,1.0,matched_model,0.1,22,0.1,261,1025.9993312781687,0.0023015335174572343,3.3749986249557677,-0.244425621102489,6.787055083584596,0.76
SpiralScanPath_13,0,1.0,matched_model,0.1,22,0.25,261,504.85952859849436,0.008878386448407754,3.3961264189177762,-0.2663495771569455,6.751797104881523,0.76
SpiralScanPath_13,0,1.0,matched_model,0.1,22,0.5,261,70.14064768212067,0.06409793767930125,3.4060359156869633,-0.35852724409320674,6.476820568852575,0.76
SpiralScanPath_13,0,1.0,matched_model,0.1,22,1.0,261,7.137525945169809,0.31193548240838925,3.416423829444936,-0.5865977638435084,5.250377786104994,0.68
SpiralScanPath_13,0,1.0,matched_model,0.25,55,0.0,261,1199.0,0.0008340283569641369,3.3624815728752937,-0.23901558753388827,6.808202203483092,0.76
SpiralScanPath_13,0,1.0,matched_model,0.25,55,0.01,261,1187.7741373524923,0.0010780467955860845,3.364253510901954,-0.24133639764858345,6.7855145985425205,0.76
SpiralScanPath_13,0,1.0,matched_model,0.25,55,0.05,261,969.9595904954646,0.0029199114249552622,3.371288821554185,-0.24810883051819246,6.79765051065229,0.76
SpiralScanPath_13,0,1.0,matched_model,0.25,55,0.1,261,485.9958155597513,0.010603149509381049,3.375504070395213,-0.2598013752019142,6.8093951940030095,0.76
SpiralScanPath_13,0,1.0,matched_model,0.25,55,0.25,261,18.658942296371603,0.1848923880281715,3.3349442641698714,-0.46946094251135945,6.5606251089192575,0.72
SpiralScanPath_13,0,1.0,matched_model,0.25,55,0.5,261,2.1831502709209434,0.666537962020675,3.432420152644452,-0.868412503318134,4.946722799697586,0.64
SpiralScanPath_13,0,1.0,matched_model,0.25,55,1.0,261,1.0594392693009373,0.9713715006559497,3.622739262761828,-1.0520167042697448,0.5377475841586784,0.04
SpiralScanPath_13,0,1.0,matched_model,0.5,110,0.0,261,1199.0,0.0008340283569641369,3.3624815728752937,-0.23901558753388827,6.808202203483092,0.76
SpiralScanPath_13,0,1.0,matched_model,0.5,110,0.01,261,1180.4126947186485,0.0012763714238260928,3.363553830043674,-0.2433257543226773,6.7907188678028,0.76
SpiralScanPath_13,0,1.0,matched_model,0.5,110,0.05,261,823.1489398928751,0.0056728566539446,3.3673331727250453,-0.26438317568857883,6.804169080850182,0.76
SpiralScanPath_13,0,1.0,matched_model,0.5,110,0.1,261,255.35280239552534,0.02160044205217316,3.371049242453317,-0.3057439505136949,6.8275998522890315,0.76
SpiralScanPath_13,0,1.0,matched_model,0.5,110,0.25,261,10.477785208605997,0.2507429798419707,3.4553234327928677,-0.512324324380993,5.977445543533156,0.64
SpiralScanPath_13,0,1.0,matched_model,0.5,110,0.5,261,2.05651847951274,0.6790312230913218,3.799749386907006,-0.8380894162909499,4.53564959639866,0.56
SpiralScanPath_13,0,1.0,matched_model,0.5,110,1.0,261,1.1080510389939584,0.9490749051793814,4.16550822869738,-1.0907803961396256,2.3028720404621366,0.32
SpiralScanPath_13,0,1.0,matched_model,1.0,221,0.0,261,1199.0,0.0008340283569641369,3.3624815728752937,-0.23901558753388827,6.808202203483092,0.76
SpiralScanPath_13,0,1.0,matched_model,1.0,221,0.01,261,1166.1061033341698,0.001321725225822588,3.3626548119349384,-0.24310832384890319,6.787711748961699,0.76
SpiralScanPath_13,0,1.0,matched_model,1.0,221,0.05,261,536.9123521578479,0.010563961890379612,3.3510860221314918,-0.2793618653549811,6.748474992701313,0.76
SpiralScanPath_13,0,1.0,matched_model,1.0,221,0.1,261,44.900688034574,0.10381151527696876,3.2796022762693156,-0.32637862685236996,6.2638111766376365,0.68
SpiralScanPath_13,0,1.0,matched_model,1.0,221,0.25,261,2.242483867674405,0.6542675906012464,3.033641571726222,-0.42285424604444644,4.163124773229054,0.48
SpiralScanPath_13,0,1.0,matched_model,1.0,221,0.5,261,1.0847397502927176,0.9599327392147737,3.0305737523631375,-0.48973711397816944,0.9531214331130422,0.2
SpiralScanPath_13,0,1.0,matched_model,1.0,221,1.0,261,1.0008883807072118,0.9995560747184814,3.0359073771747664,-0.4997600549921003,0.0,0.0
SpiralScanPath_13,0,1.0,matched_model,unsaturated,113,0.0,261,1199.0,0.0008340283569641369,3.3624815728752937,-0.23901558753388827,6.808202203483092,0.76
SpiralScanPath_13,0,1.0,matched_model,unsaturated,113,0.01,261,1169.7156194335384,0.001292461898361515,3.362443090699315,-0.24548540285582704,6.791078489564797,0.76
SpiralScanPath_13,0,1.0,matched_model,unsaturated,113,0.05,261,586.9236732753753,0.008855159695179374,3.3492517271864983,-0.2873882443483558,6.764363187261024,0.76
SpiralScanPath_13,0,1.0,matched_model,unsaturated,113,0.1,261,56.212860737168896,0.08412121564671853,3.2893974762514038,-0.3297545132378991,6.281760654012856,0.68
SpiralScanPath_13,0,1.0,matched_model,unsaturated,113,0.25,261,2.8187910604869315,0.5357156765556691,3.128553865239509,-0.3375091707225556,3.956921413917612,0.44
SpiralScanPath_13,0,1.0,matched_model,unsaturated,113,0.5,261,1.4606430868120288,0.8089732563804515,3.067393368727487,-0.3793980912920097,1.614460295385927,0.28
SpiralScanPath_13,0,1.0,matched_model,unsaturated,113,1.0,261,1.0920946006773304,0.9558999454094186,3.039052270793519,-0.4673678842908157,1.614460295385927,0.28
SpiralScanPath_13,0,1.0,matched_model,censored,108,0.0,261,1199.0,0.0008340283569641369,3.3624815728752937,-0.23901558753388827,6.808202203483092,0.76
SpiralScanPath_13,0,1.0,matched_model,censored,108,0.01,261,1195.2824142505729,0.0009408911939121235,3.3626499621633643,-0.2365308450310681,6.778050148025383,0.76
SpiralScanPath_13,0,1.0,matched_model,censored,108,0.05,261,1130.5235827460479,0.0014351540563382315,3.362564543876843,-0.2266852020131796,6.775110979574879,0.76
SpiralScanPath_13,0,1.0,matched_model,censored,108,0.1,261,1003.0506058731746,0.0021985225301627484,3.3617238885315834,-0.21514981115030196,6.766060896338024,0.76
SpiralScanPath_13,0,1.0,matched_model,censored,108,0.25,261,641.3452225216345,0.00546738918314904,3.358299202995362,-0.18604983933082395,6.778711545715355,0.76
SpiralScanPath_13,0,1.0,matched_model,censored,108,0.5,261,302.69300156266314,0.015547986584605322,3.3506212724801183,-0.14834559680618212,6.785392488219049,0.76
SpiralScanPath_13,0,1.0,matched_model,censored,108,1.0,261,81.14988355837404,0.0592748657395054,3.3375479124955807,-0.10453281438040904,6.542681854395578,0.76
SpiralScanPath_13,0,2.0,real,0.1,22,0.0,261,1199.0,0.0008340283569641369,3.3624815728752937,-0.23901558753388827,6.808202203483092,0.76
SpiralScanPath_13,0,2.0,real,0.1,22,0.01,261,1140.7320191601725,0.0011582537427934157,3.357284708938432,-0.23206043614508418,6.784070480787816,0.76
SpiralScanPath_13,0,2.0,real,0.1,22,0.05,261,763.6807469972381,0.002803116084168929,3.3568153571536254,-0.21913297171229942,6.791153152140182,0.76
SpiralScanPath_13,0,2.0,real,0.1,22,0.1,261,492.6856137661793,0.005786676910476883,3.36685748504347,-0.21705072738224318,6.78971605096772,0.72
SpiralScanPath_13,0,2.0,real,0.1,22,0.25,261,136.22662540441442,0.02974471107223997,3.3998727267125584,-0.2547460437707309,6.733874912862511,0.72
SpiralScanPath_13,0,2.0,real,0.1,22,0.5,261,20.154704822429025,0.14430456234535097,3.4342634218431125,-0.3916972434678132,6.237902158754132,0.68
SpiralScanPath_13,0,2.0,real,0.1,22,1.0,261,4.275821969705552,0.4261909250610174,3.499725067956833,-0.6269197730273846,5.134275363681777,0.6
SpiralScanPath_13,0,2.0,real,0.25,55,0.0,261,1199.0,0.0008340283569641369,3.3624815728752937,-0.23901558753388827,6.808202203483092,0.76
SpiralScanPath_13,0,2.0,real,0.25,55,0.01,261,1136.0087739256865,0.0012685115619149982,3.3584270940125083,-0.22995577387587218,6.784166838959652,0.76
SpiralScanPath_13,0,2.0,real,0.25,55,0.05,261,702.1832725000473,0.004044476362871322,3.3605886037799997,-0.20934775784528029,6.774554991714393,0.76
SpiralScanPath_13,0,2.0,real,0.25,55,0.1,261,348.6942403971033,0.012626475324917426,3.373816684684611,-0.18678946849902786,6.832533048457776,0.76
SpiralScanPath_13,0,2.0,real,0.25,55,0.25,261,32.463494034864404,0.09413686262586166,3.398727310701768,-0.06842260637939489,7.009429937326618,0.76
SpiralScanPath_13,0,2.0,real,0.25,55,0.5,261,5.925639910679961,0.27711272251606794,3.3591207755769354,-0.02646458252840375,5.642925916505406,0.68
SpiralScanPath_13,0,2.0,real,0.25,55,1.0,261,2.769513519506693,0.45460637346446336,3.2474337116506993,-0.05735299963540228,3.3521063621820417,0.48
SpiralScanPath_13,0,2.0,real,0.5,110,0.0,261,1199.0,0.0008340283569641369,3.3624815728752937,-0.23901558753388827,6.808202203483092,0.76
SpiralScanPath_13,0,2.0,real,0.5,110,0.01,261,1130.256641066734,0.0013517851080388197,3.3585951837393146,-0.2303182791436916,6.784400214211553,0.76
SpiralScanPath_13,0,2.0,real,0.5,110,0.05,261,605.5382076378471,0.005374353671254636,3.3575259522219203,-0.21031894321390382,6.73797696725035,0.76
SpiralScanPath_13,0,2.0,real,0.5,110,0.1,261,160.97394561076402,0.0359026079071955,3.3685020869572626,-0.15223003047536396,6.818838014928383,0.76
SpiralScanPath_13,0,2.0,real,0.5,110,0.25,261,4.921129518441265,0.4182119872889876,3.5244045995941464,0.4223262153186124,5.571072865411509,0.64
SpiralScanPath_13,0,2.0,real,0.5,110,0.5,261,1.3337323585724907,0.8616751238025259,3.893265043958623,1.0524248842898396,2.6289225924066115,0.4
SpiralScanPath_13,0,2.0,real,0.5,110,1.0,261,1.0196544117774982,0.9902751201213664,4.042656768370255,1.2299977669150894,0.0,0.0
SpiralScanPath_13,0,2.0,real,1.0,221,0.0,261,1199.0,0.0008340283569641369,3.3624815728752937,-0.23901558753388827,6.808202203483092,0.76
SpiralScanPath_13,0,2.0,real,1.0,221,0.01,261,1120.6921901461142,0.001506647625329069,3.3599606036280156,-0.22838676307536387,6.783928080013993,0.76
SpiralScanPath_13,0,2.0,real,1.0,221,0.05,261,400.9589908891047,0.012829473040074047,3.3743532933662013,-0.23186516588190442,6.653155160274321,0.72
SpiralScanPath_13,0,2.0,real,1.0,221,0.1,261,43.27292462717571,0.09748267388225611,3.3999721511492496,-0.25128467582810343,6.171775033369609,0.68
SpiralScanPath_13,0,2.0,real,1.0,221,0.25,261,2.819083495801148,0.578201184537749,3.4124432953382007,-0.2655910012407776,4.554001062210118,0.56
SpiralScanPath_13,0,2.0,real,1.0,221,0.5,261,1.1246298239113923,0.9424838891391817,3.451724452095549,-0.27429337140343707,1.746519208692571,0.24
SpiralScanPath_13,0,2.0,real,1.0,221,1.0,261,1.0020395474483281,0.9989815481115917,3.463940843385393,-0.27165679419575783,0.0,0.0
SpiralScanPath_13,0,2.0,real,unsaturated,113,0.0,261,1199.0,0.0008340283569641369,3.3624815728752937,-0.23901558753388827,6.808202203483092,0.76
SpiralScanPath_13,0,2.0,real,unsaturated,113,0.01,261,1121.840138550625,0.0014618457536552149,3.3603668168686167,-0.23626575972424463,6.784972487231758,0.76
SpiralScanPath_13,0,2.0,real,unsaturated,113,0.05,261,415.55881930458213,0.014487427029180256,3.383526146213096,-0.2602378317897501,6.670696152661133,0.72
SpiralScanPath_13,0,2.0,real,unsaturated,113,0.1,261,23.53235157137009,0.141659529488566,3.4201709996852627,-0.27990969297818535,6.242747350399898,0.68
SpiralScanPath_13,0,2.0,real,unsaturated,113,0.25,261,2.1755858152317273,0.5389667523515184,3.4218868414074963,-0.20270381190967326,1.8401365450131562,0.24
SpiralScanPath_13,0,2.0,real,unsaturated,113,0.5,261,1.871178762487744,0.631976108175015,3.4150706339049974,-0.19918123212958563,1.2926457897919637,0.16
SpiralScanPath_13,0,2.0,real,unsaturated,113,1.0,261,1.6068095063217345,0.7473371988696457,3.418678313552902,-0.22164181967543073,1.2926457897919637,0.16
SpiralScanPath_13,0,2.0,real,censored,108,0.0,261,1199.0,0.0008340283569641369,3.3624815728752937,-0.23901558753388827,6.808202203483092,0.76
SpiralScanPath_13,0,2.0,real,censored,108,0.01,261,1194.9023619815255,0.0009488892299486742,3.3623125587872176,-0.2317764865896288,6.790989372454565,0.76
SpiralScanPath_13,0,2.0,real,censored,108,0.05,261,1141.9080352398366,0.0014204221628477975,3.3618610750724,-0.20999870700763723,6.785292528487255,0.76
SpiralScanPath_13,0,2.0,real,censored,108,0.1,261,1058.6274253115578,0.0020312481465460256,3.361642467111591,-0.1911512918157905,6.78754769534439,0.76
SpiralScanPath_13,0,2.0,real,censored,108,0.25,261,844.5752276123967,0.003927500380374238,3.3611480030063476,-0.15570919696141344,6.772054707712218,0.76
SpiralScanPath_13,0,2.0,real,censored,108,0.5,261,618.587552689579,0.007008872863497605,3.3585914011183444,-0.12133999423673003,6.782699779650102,0.76
SpiralScanPath_13,0,2.0,real,censored,108,1.0,261,391.90983647033204,0.012219575381125452,3.3516717118802197,-0.0835359890210907,6.786675420142053,0.76
SpiralScanPath_13,0,2.0,matched_model,0.1,22,0.0,261,1199.0,0.0008340283569641369,3.3624815728752937,-0.23901558753388827,6.808202203483092,0.76
SpiralScanPath_13,0,2.0,matched_model,0.1,22,0.01,261,1194.6593158242893,0.0009845596562768942,3.363973851596505,-0.23949103586581033,6.787387606934114,0.76
SpiralScanPath_13,0,2.0,matched_model,0.1,22,0.05,261,1115.0832277850686,0.0017198232774717965,3.3713481835553125,-0.24152060395687158,6.791814546287887,0.76
SpiralScanPath_13,0,2.0,matched_model,0.1,22,0.1,261,919.0079736828569,0.00313422407279022,3.3820328737350684,-0.24674907235174715,6.78251224574692,0.76
SpiralScanPath_13,0,2.0,matched_model,0.1,22,0.25,261,220.95430779457718,0.032223570556583765,3.410478396987067,-0.3065924341247887,6.722529373593366,0.76
SpiralScanPath_13,0,2.0,matched_model,0.1,22,0.5,261,10.654372550699351,0.27738825329254974,3.44554351138534,-0.5557981205352894,6.027437273062142,0.64
SpiralScanPath_13,0,2.0,matched_model,0.1,22,1.0,261,1.463545706259388,0.8230010538015298,3.6236159176491882,-0.8868862517243883,3.300923150077351,0.4
SpiralScanPath_13,0,2.0,matched_model,0.25,55,0.0,261,1199.0,0.0008340283569641369,3.3624815728752937,-0.23901558753388827,6.808202203483092,0.76
SpiralScanPath_13,0,2.0,matched_model,0.25,55,0.01,261,1181.6200706601728,0.0011414277081550673,3.3658837517619875,-0.24103745110546698,6.787070833944765,0.76
SpiralScanPath_13,0,2.0,matched_model,0.25,55,0.05,261,830.9752241821027,0.004652326234445501,3.3793636512072056,-0.2511794293105459,6.813353256105224,0.76
SpiralScanPath_13,0,2.0,matched_model,0.25,55,0.1,261,186.92820320279645,0.03486029104269991,3.386163265622462,-0.303930426070151,6.815216470110772,0.76
SpiralScanPath_13,0,2.0,matched_model,0.25,55,0.25,261,4.817767693955456,0.4344187608106215,3.3627026717843123,-0.7330042578202028,5.8840618376619815,0.68
SpiralScanPath_13,0,2.0,matched_model,0.25,55,0.5,261,1.2002604953239047,0.9121524315709596,3.5813661551822706,-1.0246397685002488,2.8441331365929043,0.28
SpiralScanPath_13,0,2.0,matched_model,0.25,55,1.0,261,1.0027066659044452,0.9986491283538116,3.644220415935189,-1.0664501628572476,0.0,0.0
SpiralScanPath_13,0,2.0,matched_model,0.5,110,0.0,261,1199.0,0.0008340283569641369,3.3624815728752937,-0.23901558753388827,6.808202203483092,0.76
SpiralScanPath_13,0,2.0,matched_model,0.5,110,0.01,261,1169.0126927382803,0.0014125184352712812,3.3648688312108823,-0.24289263062404415,6.793869332734403,0.76
SpiralScanPath_13,0,2.0,matched_model,0.5,110,0.05,261,600.4963370086633,0.007451408495569193,3.3778521634142287,-0.25879397262636983,6.808817997052134,0.76
SpiralScanPath_13,0,2.0,matched_model,0.5,110,0.1,261,102.37128996220513,0.043589827340479045,3.408547090585769,-0.26506695635342564,6.696566306775201,0.72
SpiralScanPath_13,0,2.0,matched_model,0.5,110,0.25,261,7.611509327028088,0.30459197756010536,3.5532342058096646,-0.348207231072131,5.712979174847044,0.68
SpiralScanPath_13,0,2.0,matched_model,0.5,110,0.5,261,1.9309372461770336,0.7067803479118122,3.90667746896061,-0.7285179558449545,4.867271940864821,0.6
SpiralScanPath_13,0,2.0,matched_model,0.5,110,1.0,261,1.0739447546707803,0.9645779996856035,4.205064058516175,-1.0892499929281463,2.5717310173385046,0.32
SpiralScanPath_13,0,2.0,matched_model,1.0,221,0.0,261,1199.0,0.0008340283569641369,3.3624815728752937,-0.23901558753388827,6.808202203483092,0.76
SpiralScanPath_13,0,2.0,matched_model,1.0,221,0.01,261,1143.582348615645,0.0014472937303510937,3.3644950483753413,-0.24207195008566487,6.788514338034938,0.76
SpiralScanPath_13,0,2.0,matched_model,1.0,221,0.05,261,184.83184402611147,0.027969948065644273,3.3459256724319753,-0.2865286596916826,6.584175412561031,0.72
SpiralScanPath_13,0,2.0,matched_model,1.0,221,0.1,261,13.968261188059772,0.1616478986070049,3.215383001278033,-0.3168488998225212,5.552468305622995,0.6
SpiralScanPath_13,0,2.0,matched_model,1.0,221,0.25,261,3.142447089420656,0.4267750426788811,3.001972395038463,-0.3794267340438114,4.033690414677424,0.52
SpiralScanPath_13,0,2.0,matched_model,1.0,221,0.5,261,2.066188030039956,0.5723556895618106,2.9945615463295048,-0.4587974266597394,1.991379348833184,0.2
SpiralScanPath_13,0,2.0,matched_model,1.0,221,1.0,261,1.779782940196078,0.6768646760376829,3.002577760760547,-0.48476846241229393,1.2591407560242829,0.12
SpiralScanPath_13,0,2.0,matched_model,unsaturated,113,0.0,261,1199.0,0.0008340283569641369,3.3624815728752937,-0.23901558753388827,6.808202203483092,0.76
SpiralScanPath_13,0,2.0,matched_model,unsaturated,113,0.01,261,1148.5248670096432,0.001435410726424679,3.364223629952042,-0.24702744871590313,6.797594753105682,0.76
SpiralScanPath_13,0,2.0,matched_model,unsaturated,113,0.05,261,224.82103217341427,0.026120252394259146,3.338841214210271,-0.30295147613083373,6.59879392235797,0.72
SpiralScanPath_13,0,2.0,matched_model,unsaturated,113,0.1,261,14.739674452581196,0.17394717091774242,3.2602434216355864,-0.28953561258137145,5.571359746438074,0.6
SpiralScanPath_13,0,2.0,matched_model,unsaturated,113,0.25,261,2.7692757175071407,0.5323224421332168,3.311683369088337,-0.09656553679032186,3.3008963014544292,0.36
SpiralScanPath_13,0,2.0,matched_model,unsaturated,113,0.5,261,1.5576296673481762,0.7847218711909524,3.5163627013502947,0.08639311979535705,2.2760135539482214,0.28
SpiralScanPath_13,0,2.0,matched_model,unsaturated,113,1.0,261,1.0854642655161515,0.9591703042086951,3.7156041385322798,0.21448264528202798,1.614460295385927,0.28
SpiralScanPath_13,0,2.0,matched_model,censored,108,0.0,261,1199.0,0.0008340283569641369,3.3624815728752937,-0.23901558753388827,6.808202203483092,0.76
SpiralScanPath_13,0,2.0,matched_model,censored,108,0.01,261,1193.3083066508482,0.0009667450540280677,3.362693653948656,-0.2338301205377684,6.782293129217574,0.76
SpiralScanPath_13,0,2.0,matched_model,censored,108,0.05,261,1105.9823407242184,0.0015583600008486165,3.3626912035033283,-0.21710260401263667,6.770604368322244,0.76
SpiralScanPath_13,0,2.0,matched_model,censored,108,0.1,261,953.1240032649443,0.002441378155704332,3.3618693456965416,-0.20202228038195927,6.754951334270038,0.76
SpiralScanPath_13,0,2.0,matched_model,censored,108,0.25,261,571.5493407254894,0.006562697167016517,3.3567662977287314,-0.17020544644208713,6.766173493905467,0.76
SpiralScanPath_13,0,2.0,matched_model,censored,108,0.5,261,260.33501418011514,0.017166295967816173,3.342829638991022,-0.1224380152749427,6.783792371953275,0.76
SpiralScanPath_13,0,2.0,matched_model,censored,108,1.0,261,68.67291872921018,0.05562226852699304,3.3159895631867027,-0.051185010428660006,6.691964239901186,0.8
SpiralScanPath_13,0,4.0,real,0.1,22,0.0,261,1199.0,0.0008340283569641369,3.3624815728752937,-0.23901558753388827,6.808202203483092,0.76
SpiralScanPath_13,0,4.0,real,0.1,22,0.01,261,1138.8305035595722,0.0012571247771314552,3.358495551718376,-0.2323818022724845,6.7804454059425305,0.76
SpiralScanPath_13,0,4.0,real,0.1,22,0.05,261,746.4926168299377,0.003852442922071128,3.3667755044214993,-0.2248860792272444,6.775970759787365,0.76
SpiralScanPath_13,0,4.0,real,0.1,22,0.1,261,392.16557004638355,0.010027711871050005,3.3917698315781233,-0.23626269415238765,6.779010856181471,0.72
SpiralScanPath_13,0,4.0,real,0.1,22,0.25,261,44.517468385356295,0.07527931299853709,3.4412279959871515,-0.350766730562093,6.573822813008806,0.68
SpiralScanPath_13,0,4.0,real,0.1,22,0.5,261,9.440386528886565,0.2594916828222487,3.4561479849698813,-0.5101624129914671,5.983009974510932,0.68
SpiralScanPath_13,0,4.0,real,0.1,22,1.0,261,2.350381270010525,0.6359690517311971,3.5301045921759235,-0.7667912741333771,4.196330302076794,0.52
SpiralScanPath_13,0,4.0,real,0.25,55,0.0,261,1199.0,0.0008340283569641369,3.3624815728752937,-0.23901558753388827,6.808202203483092,0.76
SpiralScanPath_13,0,4.0,real,0.25,55,0.01,261,1126.1374534438453,0.0014694575480121788,3.360770427364282,-0.22888863753763644,6.782167396671193,0.76
SpiralScanPath_13,0,4.0,real,0.25,55,0.05,261,558.8858349696251,0.006476174969854857,3.3716680541256996,-0.19947227092366573,6.826805919382043,0.76
SpiralScanPath_13,0,4.0,real,0.25,55,0.1,261,124.1744134655751,0.040135870615346604,3.387288548183254,-0.1262937061864204,7.132537781682447,0.76
SpiralScanPath_13,0,4.0,real,0.25,55,0.25,261,6.5547824221588025,0.3398121556186105,3.4026432225806396,0.09142428509212096,6.3349053076535435,0.72
SpiralScanPath_13,0,4.0,real,0.25,55,0.5,261,1.701289331978903,0.7571726236325811,3.4050575579519147,-0.04743091820917243,4.650281311949518,0.6
SpiralScanPath_13,0,4.0,real,0.25,55,1.0,261,1.0508643231195245,0.9753668548207223,3.457078072953129,-0.24360812901640883,0.0,0.0
SpiralScanPath_13,0,4.0,real,0.5,110,0.0,261,1199.0,0.0008340283569641369,3.3624815728752937,-0.23901558753388827,6.808202203483092,0.76
SpiralScanPath_13,0,4.0,real,0.5,110,0.01,261,1109.201932971379,0.001612031314614305,3.3605122089626396,-0.2280621657155848,6.777883380838807,0.76
SpiralScanPath_13,0,4.0,real,0.5,110,0.05,261,258.7044025436495,0.0221512070082391,3.369633496471898,-0.2009842244647507,6.679536555221448,0.72
SpiralScanPath_13,0,4.0,real,0.5,110,0.1,261,19.398839915238398,0.1651621183015653,3.359943517534801,-0.10608380354570728,5.968412936718432,0.68
SpiralScanPath_13,0,4.0,real,0.5,110,0.25,261,2.143920019610052,0.6606029932379238,3.276998473705543,0.021846133025246673,3.8563283367454484,0.52
SpiralScanPath_13,0,4.0,real,0.5,110,0.5,261,1.140001190577704,0.9356006565678501,3.2594041022952975,-0.02589170756090425,2.6154426183231227,0.32
SpiralScanPath_13,0,4.0,real,0.5,110,1.0,261,1.004213506693524,0.99789843314189,3.2603595791015687,-0.06036005347687251,0.0,0.0
SpiralScanPath_13,0,4.0,real,1.0,221,0.0,261,1199.0,0.0008340283569641369,3.3624815728752937,-0.23901558753388827,6.808202203483092,0.76
SpiralScanPath_13,0,4.0,real,1.0,221,0.01,261,1074.682330181998,0.001828659494275904,3.3635111339100194,-0.2241056858670504,6.776144394090218,0.76
SpiralScanPath_13,0,4.0,real,1.0,221,0.05,261,42.859168817182976,0.12057582013526029,3.4022254326266697,-0.2709697545996892,6.338572261444499,0.68
SpiralScanPath_13,0,4.0,real,1.0,221,0.1,261,2.4179565805137107,0.6335874744913057,3.4254792426675134,-0.29515206707155583,4.600460524843572,0.56
SpiralScanPath_13,0,4.0,real,1.0,221,0.25,261,1.0174172051957544,0.991388119416116,3.4629541831942667,-0.27365901769518586,0.0,0.0
SpiralScanPath_13,0,4.0,real,1.0,221,0.5,261,1.0000621811306156,0.9999689104746844,3.464181873718043,-0.27159059819744696,0.0,0.0
SpiralScanPath_13,0,4.0,real,1.0,221,1.0,261,1.0000000016394779,0.9999999991802611,3.464185974646401,-0.27157556653967274,0.0,0.0
SpiralScanPath_13,0,4.0,real,unsaturated,113,0.0,261,1199.0,0.0008340283569641369,3.3624815728752937,-0.23901558753388827,6.808202203483092,0.76
SpiralScanPath_13,0,4.0,real,unsaturated,113,0.01,261,1080.3616878173405,0.0018722293631479022,3.365148466807181,-0.2392892524056333,6.773561219051853,0.76
SpiralScanPath_13,0,4.0,real,unsaturated,113,0.05,261,33.95897084968562,0.14228700989113785,3.4114449636463626,-0.2786159443108204,6.305549107938057,0.68
SpiralScanPath_13,0,4.0,real,unsaturated,113,0.1,261,1.933873310335439,0.7030885940110226,3.423179634793162,-0.2525595730380269,3.2976558510188716,0.4
SpiralScanPath_13,0,4.0,real,unsaturated,113,0.25,261,1.0395061562878052,0.980635338820537,3.4589867699549006,-0.2679413552003962,0.0,0.0
SpiralScanPath_13,0,4.0,real,unsaturated,113,0.5,261,1.0007270806939494,0.9996365917878444,3.4640842122426894,-0.271503817296491,0.0,0.0
SpiralScanPath_13,0,4.0,real,unsaturated,113,1.0,261,1.0000002640459973,0.9999998679770188,3.4641859377593636,-0.2715755399893169,0.0,0.0
SpiralScanPath_13,0,4.0,real,censored,108,0.0,261,1199.0,0.0008340283569641369,3.3624815728752937,-0.23901558753388827,6.808202203483092,0.76
SpiralScanPath_13,0,4.0,real,censored,108,0.01,261,1187.3861608920445,0.0010523526285999426,3.361752549333602,-0.22464168715246616,6.7844645313291885,0.76
SpiralScanPath_13,0,4.0,real,censored,108,0.05,261,1081.1627114665744,0.001902342455065605,3.3605616758879586,-0.188593026843821,6.790069338596438,0.76
SpiralScanPath_13,0,4.0,real,censored,108,0.1,261,950.626301905715,0.0028968552254827425,3.3602693807893513,-0.1622563630779882,6.769494702866493,0.76
SpiralScanPath_13,0,4.0,real,censored,108,0.25,261,681.7812042049953,0.0052954625557909045,3.359960541122189,-0.11931399252807068,6.804415647874671,0.76
SpiralScanPath_13,0,4.0,real,censored,108,0.5,261,453.4784834095892,0.007595035270156391,3.3610129695712345,-0.0861631158749401,6.812649749915818,0.76
SpiralScanPath_13,0,4.0,real,censored,108,1.0,261,258.6620560782522,0.010730833160563799,3.362653230548925,-0.056763602490691484,6.766493077463456,0.8
SpiralScanPath_13,0,4.0,matched_model,0.1,22,0.0,261,1199.0,0.0008340283569641369,3.3624815728752937,-0.23901558753388827,6.808202203483092,0.76
SpiralScanPath_13,0,4.0,matched_model,0.1,22,0.01,261,1189.3934909140585,0.0010612233099159757,3.365047452130468,-0.23942987035944496,6.7898233770799745,0.76
SpiralScanPath_13,0,4.0,matched_model,0.1,22,0.05,261,1022.4590371707067,0.0023027026766551085,3.377277039049916,-0.2414105290307657,6.778305965864222,0.76
SpiralScanPath_13,0,4.0,matched_model,0.1,22,0.1,261,633.5685687878289,0.006981368564101839,3.3925503390354783,-0.2547517355925993,6.764555245026777,0.76
SpiralScanPath_13,0,4.0,matched_model,0.1,22,0.25,261,48.99197926611331,0.1007775698364472,3.4314717484061896,-0.40590214512117884,6.4822291799513865,0.72
SpiralScanPath_13,0,4.0,matched_model,0.1,22,0.5,261,3.495467949477196,0.5174724176007679,3.522105438383504,-0.7515130140925862,5.133975232253213,0.56
SpiralScanPath_13,0,4.0,matched_model,0.1,22,1.0,261,1.1392764500533044,0.9362801250955446,3.6771577973917404,-0.9505672518057691,2.363330124871893,0.2
SpiralScanPath_13,0,4.0,matched_model,0.25,55,0.0,261,1199.0,0.0008340283569641369,3.3624815728752937,-0.23901558753388827,6.808202203483092,0.76
SpiralScanPath_13,0,4.0,matched_model,0.25,55,0.01,261,1164.7005770282428,0.0013264684116661375,3.3688204723133115,-0.24003578894907152,6.792763124350804,0.76
SpiralScanPath_13,0,4.0,matched_model,0.25,55,0.05,261,464.3200143241934,0.012803588549675364,3.3926755089054206,-0.26237416357654636,6.8214057234738945,0.76
SpiralScanPath_13,0,4.0,matched_model,0.25,55,0.1,261,38.62258586785915,0.11214055008757075,3.3865953928537995,-0.42389166422752395,6.683675198408598,0.68
SpiralScanPath_13,0,4.0,matched_model,0.25,55,0.25,261,2.1856359640852276,0.6668326790602342,3.4395899163486545,-0.9075829109562369,4.713615560074715,0.6
SpiralScanPath_13,0,4.0,matched_model,0.25,55,0.5,261,1.058371148404121,0.971897250705321,3.624130454065813,-1.0597920452215681,0.41123178823241685,0.04
SpiralScanPath_13,0,4.0,matched_model,0.25,55,1.0,261,1.0005587084458958,0.9997207344589683,3.6450908337461967,-1.0670851750565566,0.0,0.0
SpiralScanPath_13,0,4.0,matched_model,0.5,110,0.0,261,1199.0,0.0008340283569641369,3.3624815728752937,-0.23901558753388827,6.808202203483092,0.76
SpiralScanPath_13,0,4.0,matched_model,0.5,110,0.01,261,1136.6742680891932,0.001650269691261986,3.367246916291793,-0.24051057011675994,6.798911883752533,0.76
SpiralScanPath_13,0,4.0,matched_model,0.5,110,0.05,261,206.78125052781908,0.030044566569948156,3.410351031319116,-0.19653225477221212,6.7248046297824295,0.76
SpiralScanPath_13,0,4.0,matched_model,0.5,110,0.1,261,14.005412023284483,0.21581898659756577,3.5414425123318463,-0.05643726115899881,6.155589048747807,0.68
SpiralScanPath_13,0,4.0,matched_model,0.5,110,0.25,261,1.6049831953830254,0.7766460511584636,4.02674270243394,-0.07810868481694343,3.2538557703183413,0.4
SpiralScanPath_13,0,4.0,matched_model,0.5,110,0.5,261,1.0659974689409122,0.9680923081072385,4.262781594421343,-0.13685406114958368,1.810486619143237,0.24
SpiralScanPath_13,0,4.0,matched_model,0.5,110,1.0,261,1.001890338768416,0.9990557242240358,4.30699265105791,-0.14320489273789236,0.0,0.0
SpiralScanPath_13,0,4.0,matched_model,1.0,221,0.0,261,1199.0,0.0008340283569641369,3.3624815728752937,-0.23901558753388827,6.808202203483092,0.76
SpiralScanPath_13,0,4.0,matched_model,1.0,221,0.01,261,1072.783454798052,0.0021160099164668662,3.3675308387251164,-0.23957425300929344,6.790686099763568,0.76
SpiralScanPath_13,0,4.0,matched_model,1.0,221,0.05,261,31.48566802429074,0.09025101009863463,3.347985536808554,-0.2801146837682086,6.032323980670003,0.64
SpiralScanPath_13,0,4.0,matched_model,1.0,221,0.1,261,7.173401847050967,0.257491037030308,3.2780468910011247,-0.2519448769182145,4.925454171228921,0.56
SpiralScanPath_13,0,4.0,matched_model,1.0,221,0.25,261,2.6778962936665103,0.5655911011156332,3.111513117243003,-0.26711770018701375,4.262398230970314,0.44
SpiralScanPath_13,0,4.0,matched_model,1.0,221,0.5,261,1.3456557707202421,0.8566410654641353,3.104493911608216,-0.3772308663864055,3.531159139857864,0.44
SpiralScanPath_13,0,4.0,matched_model,1.0,221,1.0,261,1.0253873213682407,0.987487842523192,3.1797580695923826,-0.44711034055836535,0.0,0.0
SpiralScanPath_13,0,4.0,matched_model,unsaturated,113,0.0,261,1199.0,0.0008340283569641369,3.3624815728752937,-0.23901558753388827,6.808202203483092,0.76
SpiralScanPath_13,0,4.0,matched_model,unsaturated,113,0.01,261,1083.7433100201831,0.0019155729307562945,3.367188863881634,-0.251176170130243,6.794563672003906,0.76
SpiralScanPath_13,0,4.0,matched_model,unsaturated,113,0.05,261,41.19230207019604,0.06752746488707566,3.330620140083788,-0.3019222774601053,6.100665346067622,0.68
SpiralScanPath_13,0,4.0,matched_model,unsaturated,113,0.1,261,8.68879245838722,0.1918833653404921,3.358898517041844,-0.2466955252098023,4.956255564893548,0.56
SpiralScanPath_13,0,4.0,matched_model,unsaturated,113,0.25,261,3.945273151822288,0.3662321475377235,3.431438445909356,-0.17319455638133377,4.210089004702236,0.4
SpiralScanPath_13,0,4.0,matched_model,unsaturated,113,0.5,261,2.628289215871055,0.5291636884022819,3.387986068148359,-0.185156753045012,3.173154219952689,0.28
SpiralScanPath_13,0,4.0,matched_model,unsaturated,113,1.0,261,1.7330159618972463,0.7359583261299699,3.270401243597302,-0.29467962728162095,3.173154219952689,0.28
SpiralScanPath_13,0,4.0,matched_model,censored,108,0.0,261,1199.0,0.0008340283569641369,3.3624815728752937,-0.23901558753388827,6.808202203483092,0.76
SpiralScanPath_13,0,4.0,matched_model,censored,108,0.01,261,1185.857589483222,0.0010621300970922827,3.362539029278527,-0.22712963243880493,6.784461547393796,0.76
SpiralScanPath_13,0,4.0,matched_model,censored,108,0.05,261,1035.491214794395,0.001989507577135598,3.362079106452833,-0.19785043725292098,6.759917167404826,0.76
SpiralScanPath_13,0,4.0,matched_model,censored,108,0.1,261,825.2242441986155,0.0031056968735696357,3.35958214567484,-0.17758038777602905,6.767786591804756,0.76
SpiralScanPath_13,0,4.0,matched_model,censored,108,0.25,261,402.4660937894294,0.008024756362966623,3.344766402257094,-0.12547610034217768,6.816927015819724,0.76
SpiralScanPath_13,0,4.0,matched_model,censored,108,0.5,261,145.2913296525299,0.021137757163334586,3.316493029022443,-0.03558517781769524,6.889604642529869,0.8
SpiralScanPath_13,0,4.0,matched_model,censored,108,1.0,261,38.96265301510666,0.06799884969147017,3.2935151229739628,0.10449186528239807,7.073008331669323,0.8
SpiralScanPath_13,1,0.5,real,0.1,22,0.0,49,1199.0,0.0008340283569641369,3.3626245019384533,-0.23993209462205642,6.808202203483092,0.76
SpiralScanPath_13,1,0.5,real,0.1,22,0.01,49,1139.3171247421792,0.0011465208451685465,3.356188713448839,-0.23209074554946937,6.787096479429445,0.76
SpiralScanPath_13,1,0.5,real,0.1,22,0.05,49,731.7638396347105,0.0026731796571057543,3.3446883292445353,-0.2086859506838664,6.798241165987419,0.76
SpiralScanPath_13,1,0.5,real,0.1,22,0.1,49,458.8038690677225,0.004955585927453782,3.336530859009737,-0.19162954656841066,6.8372303493048,0.76
SpiralScanPath_13,1,0.5,real,0.1,22,0.25,49,203.76487636968656,0.012491002012834379,3.3264248949141653,-0.16952547340676347,6.8386751234994385,0.76
SpiralScanPath_13,1,0.5,real,0.1,22,0.5,49,85.44129062644095,0.0390633818526851,3.3160298152485366,-0.13335929261532328,6.708874877157507,0.76
SpiralScanPath_13,1,0.5,real,0.1,22,1.0,49,15.140210973455591,0.15910321982916503,3.2571695210402103,0.047164069431687494,6.084270968735252,0.72
SpiralScanPath_13,1,0.5,real,0.25,55,0.0,49,1199.0,0.0008340283569641369,3.3626245019384533,-0.23993209462205642,6.808202203483092,0.76
SpiralScanPath_13,1,0.5,real,0.25,55,0.01,49,1138.2486643706736,0.001190260683122665,3.3556105054105734,-0.23151324366732978,6.786091711306178,0.76
SpiralScanPath_13,1,0.5,real,0.25,55,0.05,49,713.9191061050369,0.003163008853754892,3.3405720737961326,-0.2073193519597612,6.781954816627771,0.76
SpiralScanPath_13,1,0.5,real,0.25,55,0.1,49,418.82055385248117,0.00663383798679769,3.3261999144548238,-0.1940037318071495,6.763311022511029,0.76
SpiralScanPath_13,1,0.5,real,0.25,55,0.25,49,119.99999223172773,0.036181196530652084,3.286189996741311,-0.22085521029183838,6.576718961916592,0.76
SpiralScanPath_13,1,0.5,real,0.25,55,0.5,49,9.713213005625445,0.2965591208315423,3.097992994805946,-0.5134421998049151,5.9931563183171015,0.68
SpiralScanPath_13,1,0.5,real,0.25,55,1.0,49,1.248442939557442,0.8940917769928733,2.970123974277742,-1.0386900599034197,3.098466980391511,0.52
SpiralScanPath_13,1,0.5,real,0.5,110,0.0,49,1199.0,0.0008340283569641369,3.3626245019384533,-0.23993209462205642,6.808202203483092,0.76
SpiralScanPath_13,1,0.5,real,0.5,110,0.01,49,1136.8856693175428,0.00124276968558377,3.356256937699425,-0.23222209656682025,6.780731086876711,0.76
SpiralScanPath_13,1,0.5,real,0.5,110,0.05,49,693.203905281036,0.0038267093536547255,3.338484044538823,-0.21157294167119745,6.784993930132794,0.76
SpiralScanPath_13,1,0.5,real,0.5,110,0.1,49,372.6843054705411,0.009071483469836399,3.3142425138541096,-0.20153708195630543,6.750360153987929,0.76
SpiralScanPath_13,1,0.5,real,0.5,110,0.25,49,69.27306021343426,0.05442099004084771,3.204325648105705,-0.2549917033258316,6.447640559596298,0.76
SpiralScanPath_13,1,0.5,real,0.5,110,0.5,49,7.503208914977079,0.28649664949969644,3.0233538520237477,-0.585201385033306,5.485758057381129,0.76
SpiralScanPath_13,1,0.5,real,0.5,110,1.0,49,2.169646691852878,0.6229078325171515,2.9860785230284095,-0.909591667526588,2.9378403012957826,0.48
SpiralScanPath_13,1,0.5,real,1.0,221,0.0,49,1199.0,0.0008340283569641369,3.3626245019384533,-0.23993209462205642,6.808202203483092,0.76
SpiralScanPath_13,1,0.5,real,1.0,221,0.01,49,1134.3267736247599,0.0013107623717766698,3.3558332000689814,-0.2316453632488924,6.781101974344254,0.76
SpiralScanPath_13,1,0.5,real,1.0,221,0.05,49,652.0935518860275,0.005369857249205447,3.3361146879305115,-0.21219099977986844,6.752286256785551,0.76
SpiralScanPath_13,1,0.5,real,1.0,221,0.1,49,279.9724454878414,0.02231235931594468,3.316206355853289,-0.21192874815935966,6.631190015397269,0.76
SpiralScanPath_13,1,0.5,real,1.0,221,0.25,49,6.680844495218689,0.3717025830322374,3.2263385607764263,-0.19520852571814884,5.630132163554504,0.68
SpiralScanPath_13,1,0.5,real,1.0,221,0.5,49,1.1609278364763402,0.9274532280679851,3.1718242763429516,-0.07238217441903316,2.1107925834129877,0.24
SpiralScanPath_13,1,0.5,real,1.0,221,1.0,49,1.0028141003690632,0.9985951867938647,3.180085144727005,-0.04423064263850847,0.0,0.0
SpiralScanPath_13,1,0.5,real,unsaturated,113,0.0,49,1199.0,0.0008340283569641369,3.3626245019384533,-0.23993209462205642,6.808202203483092,0.76
SpiralScanPath_13,1,0.5,real,unsaturated,113,0.01,49,1134.536291056436,0.0012840444348291638,3.355753697484178,-0.23473715454861122,6.786100788207189,0.76
SpiralScanPath_13,1,0.5,real,unsaturated,113,0.05,49,662.4947270652387,0.004828796024249933,3.3371231008783133,-0.22715898588707206,6.756268802318114,0.76
SpiralScanPath_13,1,0.5,real,unsaturated,113,0.1,49,303.56467277515003,0.018504445492765385,3.3184184593120087,-0.23577532842003393,6.660646019924273,0.76
SpiralScanPath_13,1,0.5,real,unsaturated,113,0.25,49,9.35511311063924,0.29777324721028176,3.2612698041066563,-0.206729409425252,5.756872341413498,0.76
SpiralScanPath_13,1,0.5,real,unsaturated,113,0.5,49,1.4163673984618936,0.8326069677172814,3.205508062444711,-0.06564547836090014,2.473355604522142,0.32
SpiralScanPath_13,1,0.5,real,unsaturated,113,1.0,49,1.0369783501178793,0.981849438632756,3.1838143827930674,-0.043783681394224915,0.0,0.0
SpiralScanPath_13,1,0.5,real,censored,108,0.0,49,1199.0,0.0008340283569641369,3.3626245019384533,-0.23993209462205642,6.808202203483092,0.76
SpiralScanPath_13,1,0.5,real,censored,108,0.01,49,1197.7761694006788,0.0008811218533021402,3.3628101217577626,-0.23712260251904127,6.79304178185311,0.76
SpiralScanPath_13,1,0.5,real,censored,108,0.05,49,1176.0173323511465,0.0010763783847647854,3.363291973148661,-0.2272362192595756,6.785149446824412,0.76
SpiralScanPath_13,1,0.5,real,censored,108,0.1,49,1129.7585568567874,0.0013355989697987243,3.363560992279575,-0.2168756919221255,6.790969744208846,0.76
SpiralScanPath_13,1,0.5,real,censored,108,0.25,49,965.8529454736857,0.002204774904693321,3.3636479088811373,-0.19280366731878304,6.795144770415465,0.76
SpiralScanPath_13,1,0.5,real,censored,108,0.5,49,734.5819949341648,0.003896516855656737,3.3634837421948878,-0.16472384390228625,6.781989362871825,0.76
SpiralScanPath_13,1,0.5,real,censored,108,1.0,49,455.90230233054564,0.007830813336278712,3.3624243433215963,-0.12923108336826544,6.745779852665448,0.76
SpiralScanPath_13,1,0.5,matched_model,0.1,22,0.0,49,1199.0,0.0008340283569641369,3.3626245019384533,-0.23993209462205642,6.808202203483092,0.76
SpiralScanPath_13,1,0.5,matched_model,0.1,22,0.01,49,1197.6162416626528,0.000916771335437049,3.3630910538917203,-0.24025539441984847,6.795193472813043,0.76
SpiralScanPath_13,1,0.5,matched_model,0.1,22,0.05,49,1168.806650834355,0.0013048889089811197,3.364711833100369,-0.24173942246296065,6.790150160330597,0.76
SpiralScanPath_13,1,0.5,matched_model,0.1,22,0.1,49,1095.7177442483344,0.001927793346828376,3.366303742031464,-0.24407185131201686,6.7883124600960745,0.76
SpiralScanPath_13,1,0.5,matched_model,0.1,22,0.25,49,766.8022213419365,0.005676714553930364,3.370388502262643,-0.2520700834144941,6.785420202690325,0.76
SpiralScanPath_13,1,0.5,matched_model,0.1,22,0.5,49,247.2619054149009,0.02707499792694182,3.3834861707539985,-0.24884703245383435,6.826400332287901,0.72
SpiralScanPath_13,1,0.5,matched_model,0.1,22,1.0,49,21.129106268045057,0.14720422948499612,3.4624425695977896,-0.10107451718704397,6.29254675578175,0.68
SpiralScanPath_13,1,0.5,matched_model,0.25,55,0.0,49,1199.0,0.0008340283569641369,3.3626245019384533,-0.23993209462205642,6.808202203483092,0.76
SpiralScanPath_13,1,0.5,matched_model,0.25,55,0.01,49,1119.0966769633762,0.0012764257409054408,3.36270175209238,-0.2458138028358394,6.789746134218028,0.76
SpiralScanPath_13,1,0.5,matched_model,0.25,55,0.05,49,640.5370163587957,0.0039661622485752425,3.3578393399572883,-0.25539599726268764,6.7908149092768575,0.76
SpiralScanPath_13,1,0.5,matched_model,0.25,55,0.1,49,343.547385176259,0.009076757964788927,3.341015146030551,-0.25878395153107475,6.804073085579587,0.72
SpiralScanPath_13,1,0.5,matched_model,0.25,55,0.25,49,48.64131834008964,0.09585161619221239,3.2346255896453697,-0.24613074802916798,6.6368927001547515,0.72
SpiralScanPath_13,1,0.5,matched_model,0.25,55,0.5,49,3.5448849268931544,0.5171152915217387,3.218898374840286,0.04997784964434686,5.602543228836814,0.72
SpiralScanPath_13,1,0.5,matched_model,0.25,55,1.0,49,1.110652861384449,0.9487153943681003,3.507858967358444,0.45788765614425303,1.8354424094141404,0.2
SpiralScanPath_13,1,0.5,matched_model,0.5,110,0.0,49,1199.0,0.0008340283569641369,3.3626245019384533,-0.23993209462205642,6.808202203483092,0.76
SpiralScanPath_13,1,0.5,matched_model,0.5,110,0.01,49,1116.0660678649072,0.0013478875849552451,3.363037790529118,-0.2449392205126469,6.787761451672968,0.76
SpiralScanPath_13,1,0.5,matched_model,0.5,110,0.05,49,607.0493381791867,0.005230185727301077,3.359156983614808,-0.25160536213724755,6.794611848176901,0.76
SpiralScanPath_13,1,0.5,matched_model,0.5,110,0.1,49,281.0001492305455,0.015592240830187674,3.344491036426865,-0.25697325185095904,6.794058002372644,0.76
SpiralScanPath_13,1,0.5,matched_model,0.5,110,0.25,49,34.22326842237478,0.0879382326970098,3.2969620221950384,-0.21695615208339858,6.772931390750257,0.8
SpiralScanPath_13,1,0.5,matched_model,0.5,110,0.5,49,5.653984480961401,0.3679249446160511,3.205571557601464,0.1816951105223211,5.790203650242081,0.68
SpiralScanPath_13,1,0.5,matched_model,0.5,110,1.0,49,1.5394236111934927,0.796637253947915,3.1838049970692177,0.7813040154234773,3.623685741051011,0.56
SpiralScanPath_13,1,0.5,matched_model,1.0,221,0.0,49,1199.0,0.0008340283569641369,3.3626245019384533,-0.23993209462205642,6.808202203483092,0.76
SpiralScanPath_13,1,0.5,matched_model,1.0,221,0.01,49,1107.5523725185817,0.001512855376568499,3.3627672702122724,-0.24274785416421993,6.7856291235705335,0.76
SpiralScanPath_13,1,0.5,matched_model,1.0,221,0.05,49,476.8791576358892,0.008729096649389177,3.3696217503632186,-0.254344302903296,6.813326534630651,0.76
SpiralScanPath_13,1,0.5,matched_model,1.0,221,0.1,49,106.2838431697265,0.03867468307277669,3.375409256713942,-0.3190052403048753,6.688961573726922,0.72
SpiralScanPath_13,1,0.5,matched_model,1.0,221,0.25,49,6.303687270113425,0.22680900037070634,3.2052026313483073,-0.5902121423249264,5.188828073263323,0.64
SpiralScanPath_13,1,0.5,matched_model,1.0,221,0.5,49,3.783714116134373,0.3267876151030385,3.1489569751332547,-0.6943227056659157,3.9804536463860587,0.56
SpiralScanPath_13,1,0.5,matched_model,1.0,221,1.0,49,3.2491883809589375,0.40407101294175846,3.146932143733461,-0.7551758329079644,3.9804536463860587,0.56
SpiralScanPath_13,1,0.5,matched_model,unsaturated,113,0.0,49,1199.0,0.0008340283569641369,3.3626245019384533,-0.23993209462205642,6.808202203483092,0.76
SpiralScanPath_13,1,0.5,matched_model,unsaturated,113,0.01,49,1183.0042814913081,0.0012218503841657684,3.3614430443490626,-0.23997714931171912,6.789553588930289,0.76
SpiralScanPath_13,1,0.5,matched_model,unsaturated,113,0.05,49,858.4772015658671,0.004459164286625366,3.358719492486458,-0.2364293775514693,6.784010163829753,0.76
SpiralScanPath_13,1,0.5,matched_model,unsaturated,113,0.1,49,301.99446517596505,0.0156863162433146,3.3567166156764596,-0.22152263016811957,6.759471563091415,0.76
SpiralScanPath_13,1,0.5,matched_model,unsaturated,113,0.25,49,22.022109782485334,0.09563154371578264,3.4048823435720457,-0.130665145554442,6.427078357370804,0.76
SpiralScanPath_13,1,0.5,matched_model,unsaturated,113,0.5,49,7.828322011239385,0.22884917930343276,3.524356036749591,-0.12538937708992307,5.819569813713774,0.68
SpiralScanPath_13,1,0.5,matched_model,unsaturated,113,1.0,49,3.858645750715835,0.42259295169200434,3.7080406547579625,-0.18529737489482614,4.773840804873464,0.56
SpiralScanPath_13,1,0.5,matched_model,censored,108,0.0,49,1199.0,0.0008340283569641369,3.3626245019384533,-0.23993209462205642,6.808202203483092,0.76
SpiralScanPath_13,1,0.5,matched_model,censored,108,0.01,49,1120.7483225422102,0.0012429740527283351,3.3634304492816036,-0.24127862157702112,6.784069698868055,0.76
SpiralScanPath_13,1,0.5,matched_model,censored,108,0.05,49,657.105481002318,0.0035508214170086134,3.3620699679976997,-0.2285621278623239,6.785972048123017,0.76
SpiralScanPath_13,1,0.5,matched_model,censored,108,0.1,49,375.2598452208144,0.0078193635094851,3.35905758405972,-0.19861230583622727,6.78801674845233,0.76
SpiralScanPath_13,1,0.5,matched_model,censored,108,0.25,49,116.28617945377427,0.02830553298482464,3.3663342393832516,-0.13506454180739866,6.595390369321994,0.68
SpiralScanPath_13,1,0.5,matched_model,censored,108,0.5,49,31.034624355302178,0.08458292756628397,3.432710054402709,-0.0952775900082338,6.179032757034511,0.68
SpiralScanPath_13,1,0.5,matched_model,censored,108,1.0,49,8.113767188658286,0.21705454259912585,3.645043261719917,-0.07108852263124618,5.074958458160673,0.6
SpiralScanPath_13,1,1.0,real,0.1,22,0.0,49,1199.0,0.0008340283569641369,3.3626245019384533,-0.23993209462205642,6.808202203483092,0.76
SpiralScanPath_13,1,1.0,real,0.1,22,0.01,49,1139.1731657215907,0.0011651180407607844,3.356308885059304,-0.23229030544984197,6.787384845982044,0.76
SpiralScanPath_13,1,1.0,real,0.1,22,0.05,49,741.5086524562298,0.002783558046228506,3.3447570317127497,-0.21030386778960292,6.803357794841463,0.76
SpiralScanPath_13,1,1.0,real,0.1,22,0.1,49,475.0017005769797,0.0052371314336939895,3.336320660243944,-0.19567002752782856,6.832783770528943,0.76
SpiralScanPath_13,1,1.0,real,0.1,22,0.25,49,203.132377548655,0.01698468417107273,3.3249045140363447,-0.17328247856156623,6.821469621377252,0.76
SpiralScanPath_13,1,1.0,real,0.1,22,0.5,49,43.008347562391194,0.09606737154173235,3.2813814747405465,-0.0643413765976311,6.571223981991864,0.76
SpiralScanPath_13,1,1.0,real,0.1,22,1.0,49,3.742644045382201,0.46984259083293667,3.2550994273771696,0.47778161338661446,5.076381286016795,0.68
SpiralScanPath_13,1,1.0,real,0.25,55,0.0,49,1199.0,0.0008340283569641369,3.3626245019384533,-0.23993209462205642,6.808202203483092,0.76
SpiralScanPath_13,1,1.0,real,0.25,55,0.01,49,1137.4640391250164,0.0012045063192192207,3.3553964605217015,-0.23165325737458034,6.780870763920164,0.76
SpiralScanPath_13,1,1.0,real,0.25,55,0.05,49,712.7773778125513,0.00337757403979613,3.3388263569363152,-0.2086856040312341,6.777510572808142,0.76
SpiralScanPath_13,1,1.0,real,0.25,55,0.1,49,402.4643906678915,0.009120440775665328,3.321433242780422,-0.1992309354347458,6.736476268020904,0.76
SpiralScanPath_13,1,1.0,real,0.25,55,0.25,49,30.331229696234153,0.15764520173218682,3.2030698875601735,-0.34841509287895406,6.508480135504642,0.72
SpiralScanPath_13,1,1.0,real,0.25,55,0.5,49,1.473564131033787,0.8222665928450132,2.9792331853591576,-0.9862382592754215,4.12024382172751,0.56
SpiralScanPath_13,1,1.0,real,0.25,55,1.0,49,1.0069829223281925,0.9965245487698673,2.98933409925357,-1.1046360845553749,0.0,0.0
SpiralScanPath_13,1,1.0,real,0.5,110,0.0,49,1199.0,0.0008340283569641369,3.3626245019384533,-0.23993209462205642,6.808202203483092,0.76
SpiralScanPath_13,1,1.0,real,0.5,110,0.01,49,1135.4186076978808,0.0013108471407080927,3.3560614925895846,-0.23188833488362434,6.782648462943802,0.76
SpiralScanPath_13,1,1.0,real,0.5,110,0.05,49,676.7068349293894,0.004612303394622301,3.3323634981100634,-0.21106776735701943,6.7728769907066635,0.76
SpiralScanPath_13,1,1.0,real,0.5,110,0.1,49,303.1471237344487,0.013392533930353244,3.2900914056037043,-0.20817401360228588,6.677515188811351,0.76
SpiralScanPath_13,1,1.0,real,0.5,110,0.25,49,14.918461888445085,0.14918881379563714,3.114550790220901,-0.4115062126442035,5.948609520017051,0.8
SpiralScanPath_13,1,1.0,real,0.5,110,0.5,49,4.197368180949821,0.3428769315825068,3.0303794412566867,-0.6556992787972353,3.7046215148683563,0.52
SpiralScanPath_13,1,1.0,real,0.5,110,1.0,49,2.766103760638624,0.4937014784191501,2.9591093914265674,-0.7558778688970051,3.342863956735771,0.52
SpiralScanPath_13,1,1.0,real,1.0,221,0.0,49,1199.0,0.0008340283569641369,3.3626245019384533,-0.23993209462205642,6.808202203483092,0.76
SpiralScanPath_13,1,1.0,real,1.0,221,0.01,49,1130.7904010573645,0.0013859466477842658,3.3558374878219253,-0.23101128448912733,6.778210112571103,0.76
SpiralScanPath_13,1,1.0,real,1.0,221,0.05,49,597.9868818206147,0.00730813115124289,3.3331177396029985,-0.21230574163093935,6.72689346135357,0.76
SpiralScanPath_13,1,1.0,real,1.0,221,0.1,49,149.8713860127781,0.04552111417902425,3.3113016644315767,-0.21612592871733113,6.499426594970625,0.76
SpiralScanPath_13,1,1.0,real,1.0,221,0.25,49,2.94486386138929,0.5620514393191285,3.191412183885838,-0.20342618213122476,4.652777514205939,0.56
SpiralScanPath_13,1,1.0,real,1.0,221,0.5,49,1.1492242620473039,0.9311805295738242,3.167852447905978,-0.08443213746655374,1.8754287084554904,0.24
SpiralScanPath_13,1,1.0,real,1.0,221,1.0,49,1.0070459835044119,0.9964895644560314,3.1794325985572844,-0.04562376834029237,0.0,0.0
SpiralScanPath_13,1,1.0,real,unsaturated,113,0.0,49,1199.0,0.0008340283569641369,3.3626245019384533,-0.23993209462205642,6.808202203483092,0.76
SpiralScanPath_13,1,1.0,real,unsaturated,113,0.01,49,1131.4317004267502,0.0013689432713936088,3.3558513512212196,-0.23533106939854861,6.782309055284504,0.76
SpiralScanPath_13,1,1.0,real,unsaturated,113,0.05,49,614.0028036914089,0.006733585342272542,3.3357629521570304,-0.22946938728114902,6.738539901973541,0.76
SpiralScanPath_13,1,1.0,real,unsaturated,113,0.1,49,148.57564488436867,0.04019215092220872,3.320300309346053,-0.2322192828282209,6.5364552488264485,0.76
SpiralScanPath_13,1,1.0,real,unsaturated,113,0.25,49,3.4309282646005403,0.3970368858503996,3.3831956296106993,-0.12750269257610625,4.304733328742916,0.52
SpiralScanPath_13,1,1.0,real,unsaturated,113,0.5,49,2.031649800424348,0.5418382389480119,3.459157430035481,-0.05220270436104101,1.6049543686748757,0.2
SpiralScanPath_13,1,1.0,real,unsaturated,113,1.0,49,1.928499896065784,0.5964706521447741,3.5035605090375377,-0.04411848197086783,1.6049543686748757,0.2
SpiralScanPath_13,1,1.0,real,censored,108,0.0,49,1199.0,0.0008340283569641369,3.3626245019384533,-0.23993209462205642,6.808202203483092,0.76
SpiralScanPath_13,1,1.0,real,censored,108,0.01,49,1197.0422032812137,0.0008977012078353856,3.3628259433433167,-0.2358392915463719,6.79177462652164,0.76
SpiralScanPath_13,1,1.0,real,censored,108,0.05,49,1165.7860554845952,0.0011553735292606099,3.3631298044039206,-0.22210997821948922,6.777999469332194,0.76
SpiralScanPath_13,1,1.0,real,censored,108,0.1,49,1106.4732403869693,0.0014825595270224234,3.363050030359385,-0.20858513743773302,6.786528300166342,0.76
SpiralScanPath_13,1,1.0,real,censored,108,0.25,49,923.3425624571279,0.0025046037081105942,3.3624049576488932,-0.1800746606687835,6.776099070427367,0.76
SpiralScanPath_13,1,1.0,real,censored,108,0.5,49,695.2855108480122,0.004262327157701768,3.3614705783185155,-0.15134175438866124,6.77090829205049,0.76
SpiralScanPath_13,1,1.0,real,censored,108,1.0,49,444.73845928386817,0.007735179711848599,3.3588902253165056,-0.12221539336683918,6.753420487153692,0.76
SpiralScanPath_13,1,1.0,matched_model,0.1,22,0.0,49,1199.0,0.0008340283569641369,3.3626245019384533,-0.23993209462205642,6.808202203483092,0.76
SpiralScanPath_13,1,1.0,matched_model,0.1,22,0.01,49,1197.048318462093,0.0009356780267777186,3.3632362608869903,-0.24033352364042684,6.792212070450494,0.76
SpiralScanPath_13,1,1.0,matched_model,0.1,22,0.05,49,1158.7619592359697,0.0014059846782168563,3.365250023792659,-0.24217055919131097,6.790716827919287,0.76
SpiralScanPath_13,1,1.0,matched_model,0.1,22,0.1,49,1065.1830043125383,0.002120529253140392,3.3669842915690302,-0.24474505043352793,6.791418853300452,0.76
SpiralScanPath_13,1,1.0,matched_model,0.1,22,0.25,49,638.7261652489353,0.008168934520204655,3.369151322288575,-0.24957401751796623,6.783532683402593,0.76
SpiralScanPath_13,1,1.0,matched_model,0.1,22,0.5,49,129.20275431657583,0.031461903602434976,3.366212160413411,-0.23152700361742745,6.711201673531736,0.76
SpiralScanPath_13,1,1.0,matched_model,0.1,22,1.0,49,14.956926001460259,0.13012344509343798,3.3812393517527437,-0.1571425805673425,5.691530120933762,0.64
SpiralScanPath_13,1,1.0,matched_model,0.25,55,0.0,49,1199.0,0.0008340283569641369,3.3626245019384533,-0.23993209462205642,6.808202203483092,0.76
SpiralScanPath_13,1,1.0,matched_model,0.25,55,0.01,49,1118.1831235706752,0.0013219831819056742,3.36280657149661,-0.2462962213539731,6.782438747530514,0.76
SpiralScanPath_13,1,1.0,matched_model,0.25,55,0.05,49,636.6222982796756,0.004423973238962723,3.356531628996964,-0.2621274866517797,6.79716114292492,0.76
SpiralScanPath_13,1,1.0,matched_model,0.25,55,0.1,49,305.5770371979381,0.013131410672597288,3.330077421641462,-0.2756665061589479,6.839986558134631,0.72
SpiralScanPath_13,1,1.0,matched_model,0.25,55,0.25,49,18.175121044336755,0.13582333147391276,3.156892346511586,-0.26524636150062636,6.235140859604737,0.72
SpiralScanPath_13,1,1.0,matched_model,0.25,55,0.5,49,4.261407512701546,0.33768701581615085,3.090540579260266,-0.18813083357285904,5.425739406114219,0.72
SpiralScanPath_13,1,1.0,matched_model,0.25,55,1.0,49,2.3236994793288464,0.48594001588208,3.133966890968917,-0.23447585066540114,3.842945184766438,0.56
SpiralScanPath_13,1,1.0,matched_model,0.5,110,0.0,49,1199.0,0.0008340283569641369,3.3626245019384533,-0.23993209462205642,6.808202203483092,0.76
SpiralScanPath_13,1,1.0,matched_model,0.5,110,0.01,49,1113.9930164140283,0.001385950083315171,3.363304589683466,-0.2450336245934136,6.7866260046038995,0.76
SpiralScanPath_13,1,1.0,matched_model,0.5,110,0.05,49,583.0922528797973,0.005992824286581996,3.3580732610620943,-0.2569302332657753,6.797524757196543,0.76
SpiralScanPath_13,1,1.0,matched_model,0.5,110,0.1,49,203.16981543119854,0.02600279631792409,3.340122320197988,-0.25415637694352883,6.791784376202388,0.76
SpiralScanPath_13,1,1.0,matched_model,0.5,110,0.25,49,5.222405315077,0.42269236680876676,3.171010636502478,0.2024881451568649,6.2019535147082685,0.68
SpiralScanPath_13,1,1.0,matched_model,0.5,110,0.5,49,1.1172892321160408,0.9458095232159116,3.2043385462937044,0.877335715099482,2.025023876584403,0.32
SpiralScanPath_13,1,1.0,matched_model,0.5,110,1.0,49,1.0009573057344596,0.9995216334292887,3.2332745823168816,0.9476697828449915,0.0,0.0
SpiralScanPath_13,1,1.0,matched_model,1.0,221,0.0,49,1199.0,0.0008340283569641369,3.3626245019384533,-0.23993209462205642,6.808202203483092,0.76
SpiralScanPath_13,1,1.0,matched_model,1.0,221,0.01,49,1101.4310975827884,0.0015749532008014642,3.36330895510009,-0.24238221517232206,6.78674592496461,0.76
SpiralScanPath_13,1,1.0,matched_model,1.0,221,0.05,49,390.2316803504765,0.010704137238065051,3.3767202719856924,-0.27375694650327886,6.833567856800996,0.72
SpiralScanPath_13,1,1.0,matched_model,1.0,221,0.1,49,54.52075803273156,0.07502100739544598,3.383215228007539,-0.40538831717177115,6.631663694988672,0.72
SpiralScanPath_13,1,1.0,matched_model,1.0,221,0.25,49,3.7535997498405487,0.46661275158358656,3.1722293279480716,-0.6876335357520906,5.21455699826886,0.6
SpiralScanPath_13,1,1.0,matched_model,1.0,221,0.5,49,1.4624331297147402,0.8173851068080245,3.2346828660614335,-0.8070680060797554,3.4507164474872343,0.48
SpiralScanPath_13,1,1.0,matched_model,1.0,221,1.0,49,1.047055097357033,0.9770785056521161,3.3776598642350635,-0.8443715930962616,0.0,0.0
SpiralScanPath_13,1,1.0,matched_model,unsaturated,113,0.0,49,1199.0,0.0008340283569641369,3.3626245019384533,-0.23993209462205642,6.808202203483092,0.76
SpiralScanPath_13,1,1.0,matched_model,unsaturated,113,0.01,49,1176.0840118403237,0.0013442618640121062,3.3617731216462245,-0.24066642504334596,6.791080734682744,0.76
SpiralScanPath_13,1,1.0,matched_model,unsaturated,113,0.05,49,674.6450402170689,0.008128822091508699,3.361171861495518,-0.24064836317501886,6.77546506103351,0.76
SpiralScanPath_13,1,1.0,matched_model,unsaturated,113,0.1,49,99.57283938388875,0.05160973095817968,3.391354086316369,-0.21872515519135505,6.706574816314028,0.76
SpiralScanPath_13,1,1.0,matched_model,unsaturated,113,0.25,49,4.9635979634109635,0.3778809985392952,3.6918419455192186,-0.06409620152730668,5.16377890508174,0.52
SpiralScanPath_13,1,1.0,matched_model,unsaturated,113,0.5,49,1.5995970742196284,0.7762709166974063,4.0448255733025,-0.0979054109800677,3.3232444079891046,0.24
SpiralScanPath_13,1,1.0,matched_model,unsaturated,113,1.0,49,1.060268888504995,0.9708014668212436,4.290529297580302,-0.17752816719864087,2.3472061584813946,0.2
SpiralScanPath_13,1,1.0,matched_model,censored,108,0.0,49,1199.0,0.0008340283569641369,3.3626245019384533,-0.23993209462205642,6.808202203483092,0.76
SpiralScanPath_13,1,1.0,matched_model,censored,108,0.01,49,1120.6448749584279,0.0012604049878854502,3.3634996874514163,-0.2399611669674141,6.783618926904919,0.76
SpiralScanPath_13,1,1.0,matched_model,censored,108,0.05,49,666.690352076379,0.0036464202327386713,3.362011786133974,-0.22494349082906184,6.779483101378621,0.76
SpiralScanPath_13,1,1.0,matched_model,censored,108,0.1,49,390.7300152636373,0.007865335782577674,3.358582665102985,-0.19580789015407163,6.772101812024212,0.72
SpiralScanPath_13,1,1.0,matched_model,censored,108,0.25,49,129.0384064062899,0.024973416029867034,3.358790185665632,-0.1292614913980151,6.662575671326749,0.68
SpiralScanPath_13,1,1.0,matched_model,censored,108,0.5,49,38.228606777542495,0.06784689739873927,3.3854039869910624,-0.05060373135040436,6.268940106774746,0.68
SpiralScanPath_13,1,1.0,matched_model,censored,108,1.0,49,10.909588176053154,0.1686067181399957,3.483721017268503,0.08281787126650897,5.27215044750445,0.6
SpiralScanPath_13,1,2.0,real,0.1,22,0.0,49,1199.0,0.0008340283569641369,3.3626245019384533,-0.23993209462205642,6.808202203483092,0.76
SpiralScanPath_13,1,2.0,real,0.1,22,0.01,49,1138.4871955959463,0.0012242548866433147,3.3565787931424733,-0.23264634731729075,6.7853408853046675,0.76
SpiralScanPath_13,1,2.0,real,0.1,22,0.05,49,752.4061827114159,0.0031811980757441324,3.345546613258294,-0.2140386963595506,6.798174450939416,0.76
SpiralScanPath_13,1,2.0,real,0.1,22,0.1,49,482.8763024093314,0.006226964382055142,3.3388637720246552,-0.2038495238675546,6.841530926860708,0.76
SpiralScanPath_13,1,2.0,real,0.1,22,0.25,49,132.9200351482824,0.03859585801819932,3.336912264590116,-0.15758734537870167,6.824283083343389,0.76
SpiralScanPath_13,1,2.0,real,0.1,22,0.5,49,12.158003588672775,0.25008036822083035,3.3173499999869356,0.16012861765309253,6.531114765367185,0.72
SpiralScanPath_13,1,2.0,real,0.1,22,1.0,49,1.6319005241328361,0.7773982099884891,3.501824079322188,0.8991257450709008,4.46508491356356,0.64
SpiralScanPath_13,1,2.0,real,0.25,55,0.0,49,1199.0,0.0008340283569641369,3.3626245019384533,-0.23993209462205642,6.808202203483092,0.76
SpiralScanPath_13,1,2.0,real,0.25,55,0.01,49,1134.7158353446678,0.0012683875047970593,3.355052927311861,-0.23182623373205388,6.780296159906754,0.76
SpiralScanPath_13,1,2.0,real,0.25,55,0.05,49,684.7720493315618,0.004480407518638354,3.3364133412817902,-0.21068157341723462,6.765812147110337,0.76
SpiralScanPath_13,1,2.0,real,0.25,55,0.1,49,267.7360916904358,0.027904343779263725,3.3065427601503856,-0.21321483478075834,6.713208189701302,0.76
SpiralScanPath_13,1,2.0,real,0.25,55,0.25,49,2.758348131377932,0.5975501754219538,3.004028462317032,-0.7509265300421702,5.7723170282142,0.68
SpiralScanPath_13,1,2.0,real,0.25,55,0.5,49,1.0278453585705192,0.9863483416700771,2.988546478000617,-1.0957850143597216,0.0,0.0
SpiralScanPath_13,1,2.0,real,0.25,55,1.0,49,1.0000526014697337,0.9999737002133949,2.9893089690908745,-1.1053304473419052,0.0,0.0
SpiralScanPath_13,1,2.0,real,0.5,110,0.0,49,1199.0,0.0008340283569641369,3.3626245019384533,-0.23993209462205642,6.808202203483092,0.76
SpiralScanPath_13,1,2.0,real,0.5,110,0.01,49,1130.0372724399551,0.0014417996407839733,3.355522826672256,-0.23104225840745812,6.777966441787307,0.76
SpiralScanPath_13,1,2.0,real,0.5,110,0.05,49,573.8269009973292,0.008001104897221698,3.316931599418593,-0.2105538150966231,6.737035988836958,0.76
SpiralScanPath_13,1,2.0,real,0.5,110,0.1,49,84.7180161498482,0.06140239323779803,3.2323810472964576,-0.2262435718988104,6.50849208296228,0.8
SpiralScanPath_13,1,2.0,real,0.5,110,0.25,49,3.539508137423483,0.4620124137180387,3.1360544096873944,-0.4409432956456658,4.464348660288695,0.6
SpiralScanPath_13,1,2.0,real,0.5,110,0.5,49,1.6597853969779928,0.7559643575311145,3.2210122320054184,-0.41814229469933706,2.928602871208418,0.48
SpiralScanPath_13,1,2.0,real,0.5,110,1.0,49,1.1090251543734173,0.948538073058662,3.292093985557572,-0.36138546400191446,1.906333345121202,0.2
SpiralScanPath_13,1,2.0,real,1.0,221,0.0,49,1199.0,0.0008340283569641369,3.3626245019384533,-0.23993209462205642,6.808202203483092,0.76
SpiralScanPath_13,1,2.0,real,1.0,221,0.01,49,1117.7542614579359,0.0016366987223822508,3.3556739061819862,-0.22932285567708277,6.772632272597045,0.76
SpiralScanPath_13,1,2.0,real,1.0,221,0.05,49,351.2266408725164,0.013687111538394262,3.331339829349532,-0.20798758276684567,6.666444668143888,0.76
SpiralScanPath_13,1,2.0,real,1.0,221,0.1,49,33.67102250821818,0.07971096524744696,3.3505383259355743,-0.20464755692017433,6.098640726821582,0.72
SpiralScanPath_13,1,2.0,real,1.0,221,0.25,49,5.2117311417616765,0.2602729545508204,3.4927916414960816,-0.2691203718703696,4.044091087616871,0.56
SpiralScanPath_13,1,2.0,real,1.0,221,0.5,49,3.902872615217695,0.3531627333370088,3.542348234136101,-0.2484031561394636,3.481352581606311,0.36
SpiralScanPath_13,1,2.0,real,1.0,221,1.0,49,3.0334895619489988,0.48678161781643686,3.62049738845871,-0.22556884907179664,3.481352581606311,0.36
SpiralScanPath_13,1,2.0,real,unsaturated,113,0.0,49,1199.0,0.0008340283569641369,3.3626245019384533,-0.23993209462205642,6.808202203483092,0.76
SpiralScanPath_13,1,2.0,real,unsaturated,113,0.01,49,1120.2842874102923,0.0016067289211760003,3.355939039330651,-0.23623102715777577,6.780462631663152,0.76
SpiralScanPath_13,1,2.0,real,unsaturated,113,0.05,49,357.8914418903642,0.019604146955202954,3.337460435230891,-0.22303222189748795,6.6717815593648675,0.76
SpiralScanPath_13,1,2.0,real,unsaturated,113,0.1,49,16.346100157793504,0.22034873245030134,3.3894085287751734,-0.1663355601719104,6.065916894143706,0.76
SpiralScanPath_13,1,2.0,real,unsaturated,113,0.25,49,1.2050914875185872,0.9094275465776336,3.8321136248960976,-0.057527593826503104,2.15995828993907,0.24
SpiralScanPath_13,1,2.0,real,unsaturated,113,0.5,49,1.0066606238240396,0.9966814805063653,3.919270467768685,-0.04454082907707289,0.0,0.0
SpiralScanPath_13,1,2.0,real,unsaturated,113,1.0,49,1.0000190723041362,0.999990463939036,3.923118160336946,-0.0444265348135491,0.0,0.0
SpiralScanPath_13,1,2.0,real,censored,108,0.0,49,1199.0,0.0008340283569641369,3.3626245019384533,-0.23993209462205642,6.808202203483092,0.76
SpiralScanPath_13,1,2.0,real,censored,108,0.01,49,1194.8183556431152,0.0009406813120951583,3.362857207821611,-0.23290937816207816,6.789556562740063,0.76
SpiralScanPath_13,1,2.0,real,censored,108,0.05,49,1140.4876262562407,0.0013627602062482357,3.362716379590442,-0.2115253457573658,6.775940157894816,0.76
SpiralScanPath_13,1,2.0,real,censored,108,0.1,49,1054.7480454219394,0.0018757238190082823,3.361856857824592,-0.19299076756488148,6.7770714872275475,0.76
SpiralScanPath_13,1,2.0,real,censored,108,0.25,49,836.2379290980695,0.0032774105999293576,3.359300813457863,-0.15975599444006774,6.767400802177151,0.76
SpiralScanPath_13,1,2.0,real,censored,108,0.5,49,608.4919587532058,0.005209721069806089,3.3557611367577436,-0.13249520943680865,6.743312386149207,0.76
SpiralScanPath_13,1,2.0,real,censored,108,1.0,49,386.7705996810991,0.00866482350660262,3.351203097369146,-0.11253399922911968,6.741006615865494,0.76
SpiralScanPath_13,1,2.0,matched_model,0.1,22,0.0,49,1199.0,0.0008340283569641369,3.3626245019384533,-0.23993209462205642,6.808202203483092,0.76
SpiralScanPath_13,1,2.0,matched_model,0.1,22,0.01,49,1195.482375894856,0.0009790180213486866,3.3635044395644558,-0.24045732081460072,6.789264716610917,0.76
SpiralScanPath_13,1,2.0,matched_model,0.1,22,0.05,49,1131.521367802382,0.0015919228713811232,3.366106808839051,-0.2430478855675392,6.800700470737638,0.76
SpiralScanPath_13,1,2.0,matched_model,0.1,22,0.1,49,977.9215929139255,0.0028721174261962545,3.367599915139652,-0.24596881091905742,6.785733751708306,0.76
SpiralScanPath_13,1,2.0,matched_model,0.1,22,0.25,49,379.8066026059054,0.014249791794582873,3.3640474547200894,-0.24509905971301577,6.780204909894719,0.76
SpiralScanPath_13,1,2.0,matched_model,0.1,22,0.5,49,47.20821871786276,0.09297015463405904,3.3496809255221742,-0.22243942418276447,6.537305694011188,0.76
SpiralScanPath_13,1,2.0,matched_model,0.1,22,1.0,49,4.800553949738701,0.42064330236655445,3.4050018244103333,-0.1943894218158266,5.450557653349385,0.64
SpiralScanPath_13,1,2.0,matched_model,0.25,55,0.0,49,1199.0,0.0008340283569641369,3.3626245019384533,-0.23993209462205642,6.808202203483092,0.76
SpiralScanPath_13,1,2.0,matched_model,0.25,55,0.01,49,1115.1695271220115,0.001388974134231747,3.3628846402003614,-0.24696131215380773,6.780379635637239,0.76
SpiralScanPath_13,1,2.0,matched_model,0.25,55,0.05,49,593.764024485968,0.006587085054098976,3.354480483102236,-0.2727357278201225,6.792529552404917,0.76
SpiralScanPath_13,1,2.0,matched_model,0.25,55,0.1,49,143.0034362607845,0.04501455268798735,3.3090125921828886,-0.2951665248477161,6.781160602213963,0.72
SpiralScanPath_13,1,2.0,matched_model,0.25,55,0.25,49,3.529293011444275,0.49726521381683,3.1427500738755345,-0.4239913710251267,5.521180354498283,0.68
SpiralScanPath_13,1,2.0,matched_model,0.25,55,0.5,49,1.2985503721473604,0.872778478841016,3.3146881920200535,-0.7865355077228924,3.034655341168302,0.44
SpiralScanPath_13,1,2.0,matched_model,0.25,55,1.0,49,1.0219226503144758,0.9891607132402714,3.42340241034813,-1.0048231212185852,0.0,0.0
SpiralScanPath_13,1,2.0,matched_model,0.5,110,0.0,49,1199.0,0.0008340283569641369,3.3626245019384533,-0.23993209462205642,6.808202203483092,0.76
SpiralScanPath_13,1,2.0,matched_model,0.5,110,0.01,49,1107.3355325522812,0.0014707361768614524,3.3635151760624695,-0.24492729418655018,6.784386858801797,0.76
SpiralScanPath_13,1,2.0,matched_model,0.5,110,0.05,49,466.3126108441604,0.009655003547767122,3.3544025376372373,-0.2594654407539679,6.77899952096762,0.76
SpiralScanPath_13,1,2.0,matched_model,0.5,110,0.1,49,62.10488625039653,0.09164072166556704,3.3209264211836627,-0.18188846200988337,6.685312238612148,0.68
SpiralScanPath_13,1,2.0,matched_model,0.5,110,0.25,49,1.640950830156197,0.778565291963927,3.1761394886621215,0.6714427293519225,4.425796440381669,0.6
SpiralScanPath_13,1,2.0,matched_model,0.5,110,0.5,49,1.0103556244454792,0.9948598741655752,3.23176189293749,0.9415879889502367,0.0,0.0
SpiralScanPath_13,1,2.0,matched_model,0.5,110,1.0,49,1.0000087561055397,0.9999956219721807,3.2336475087505083,0.9483047073771309,0.0,0.0
SpiralScanPath_13,1,2.0,matched_model,1.0,221,0.0,49,1199.0,0.0008340283569641369,3.3626245019384533,-0.23993209462205642,6.808202203483092,0.76
SpiralScanPath_13,1,2.0,matched_model,1.0,221,0.01,49,1082.8391213898874,0.0017546647334782143,3.364242048622763,-0.24150832717394452,6.78052999886042,0.76
SpiralScanPath_13,1,2.0,matched_model,1.0,221,0.05,49,183.88541242082007,0.024752964609680933,3.389104774619726,-0.32455094342762775,6.7582619232042545,0.72
SpiralScanPath_13,1,2.0,matched_model,1.0,221,0.1,49,21.121102735765792,0.14211158043214037,3.407129962040947,-0.4898021159280734,6.350115924007946,0.68
SpiralScanPath_13,1,2.0,matched_model,1.0,221,0.25,49,2.876680366199224,0.5639421819780753,3.3491980067525273,-0.7377783400093085,5.082351722242542,0.6
SpiralScanPath_13,1,2.0,matched_model,1.0,221,0.5,49,1.1906694098815414,0.914876207581321,3.4266580048773077,-0.9260670430822051,2.4917283952288924,0.44
SpiralScanPath_13,1,2.0,matched_model,1.0,221,1.0,49,1.006848486688835,0.9965884805424662,3.469977120385699,-0.9531663895932979,0.0,0.0
SpiralScanPath_13,1,2.0,matched_model,unsaturated,113,0.0,49,1199.0,0.0008340283569641369,3.3626245019384533,-0.23993209462205642,6.808202203483092,0.76
SpiralScanPath_13,1,2.0,matched_model,unsaturated,113,0.01,49,1157.0338007026617,0.0015445819942696332,3.362327049627534,-0.24204500152408628,6.7855342896746995,0.76
SpiralScanPath_13,1,2.0,matched_model,unsaturated,113,0.05,49,251.76358935312132,0.03060931979545297,3.370775273830823,-0.2427855729499811,6.7209497588685005,0.76
SpiralScanPath_13,1,2.0,matched_model,unsaturated,113,0.1,49,14.719567155028152,0.18708075450107364,3.4736469382052637,-0.10279845301600972,5.945910182843465,0.72
SpiralScanPath_13,1,2.0,matched_model,unsaturated,113,0.25,49,3.0250144466988638,0.4574383042756214,3.660655760830083,0.1659396811437523,4.231957161467689,0.4
SpiralScanPath_13,1,2.0,matched_model,unsaturated,113,0.5,49,2.0358621702133446,0.602951678046826,3.664901794058236,0.20611691175478655,3.199082988928494,0.2
SpiralScanPath_13,1,2.0,matched_model,unsaturated,113,1.0,49,1.6319792872177452,0.7383518687683608,3.6240018261024023,0.2647118031912919,2.3472061584813946,0.2
SpiralScanPath_13,1,2.0,matched_model,censored,108,0.0,49,1199.0,0.0008340283569641369,3.3626245019384533,-0.23993209462205642,6.808202203483092,0.76
SpiralScanPath_13,1,2.0,matched_model,censored,108,0.01,49,1119.7589715375957,0.0012935267659679726,3.3635552859265854,-0.23694118943584272,6.780656967276466,0.76
SpiralScanPath_13,1,2.0,matched_model,censored,108,0.05,49,674.8448675014296,0.0037300432975489847,3.360792134561771,-0.21655032101669802,6.773539108820021,0.76
SpiralScanPath_13,1,2.0,matched_model,censored,108,0.1,49,401.56846297693033,0.007379536400653018,3.3538418287988727,-0.18637202258209754,6.755209698738038,0.68
SpiralScanPath_13,1,2.0,matched_model,censored,108,0.25,49,134.53775088935012,0.02519193716744698,3.3295404357056895,-0.10314784288822466,6.746384544761484,0.68
SpiralScanPath_13,1,2.0,matched_model,censored,108,0.5,49,31.454664316682642,0.09211717524452481,3.28238601088332,0.059502326049109794,6.378514861131046,0.68
SpiralScanPath_13,1,2.0,matched_model,censored,108,1.0,49,5.694234446069617,0.29631575641705726,3.274607821872491,0.3607986981363001,5.1827172579207375,0.6
SpiralScanPath_13,1,4.0,real,0.1,22,0.0,49,1199.0,0.0008340283569641369,3.3626245019384533,-0.23993209462205642,6.808202203483092,0.76
SpiralScanPath_13,1,4.0,real,0.1,22,0.01,49,1135.4361072858055,0.0013438432415754376,3.357158410885896,-0.23328795148336212,6.787071552015538,0.76
SpiralScanPath_13,1,4.0,real,0.1,22,0.05,49,738.6888030784982,0.0038275655554321653,3.347848851348636,-0.22199442836327307,6.796779584785634,0.76
SpiralScanPath_13,1,4.0,real,0.1,22,0.1,49,397.7841422032211,0.00928123509904759,3.349877736062256,-0.21981354710696677,6.861821238455023,0.76
SpiralScanPath_13,1,4.0,real,0.1,22,0.25,49,35.52034016916737,0.09310761643739036,3.4990839484790883,-0.14548297016309789,6.679843389430894,0.72
SpiralScanPath_13,1,4.0,real,0.1,22,0.5,49,5.140282759465762,0.31608534551766365,3.923531339166637,0.13741976587369892,5.72972814627303,0.64
SpiralScanPath_13,1,4.0,real,0.1,22,1.0,49,2.604220640361328,0.5137224195976132,4.265801307456423,0.42686997736053856,4.228652378991821,0.36
SpiralScanPath_13,1,4.0,real,0.25,55,0.0,49,1199.0,0.0008340283569641369,3.3626245019384533,-0.23993209462205642,6.808202203483092,0.76
SpiralScanPath_13,1,4.0,real,0.25,55,0.01,49,1124.305917606599,0.001466296992860891,3.3544683531966664,-0.2319123758409046,6.775124471791153,0.76
SpiralScanPath_13,1,4.0,real,0.25,55,0.05,49,507.27050418455946,0.012290803047634575,3.329955563334981,-0.21006209717521188,6.736516974462133,0.76
SpiralScanPath_13,1,4.0,real,0.25,55,0.1,49,36.658913540664805,0.14604859064634151,3.2208086128194573,-0.2833032268091324,6.623129789925267,0.76
SpiralScanPath_13,1,4.0,real,0.25,55,0.25,49,1.137216963031898,0.9375568084475948,2.9814738734435005,-1.0394108162601332,2.070895781208612,0.36
SpiralScanPath_13,1,4.0,real,0.25,55,0.5,49,1.0007283134488045,0.9996360243635447,2.9892555712340303,-1.1048859416953087,0.0,0.0
SpiralScanPath_13,1,4.0,real,0.25,55,1.0,49,1.000000070801521,0.999999964599241,2.989308867223181,-1.1053439045407594,0.0,0.0
SpiralScanPath_13,1,4.0,real,0.5,110,0.0,49,1199.0,0.0008340283569641369,3.3626245019384533,-0.23993209462205642,6.808202203483092,0.76
SpiralScanPath_13,1,4.0,real,0.5,110,0.01,49,1108.8053207535177,0.0017160667504560188,3.3538234381630367,-0.22886407531519354,6.770066950385342,0.76
SpiralScanPath_13,1,4.0,real,0.5,110,0.05,49,196.14930510986977,0.03792450083944437,3.273667515668815,-0.1928142250071346,6.624143021300454,0.76
SpiralScanPath_13,1,4.0,real,0.5,110,0.1,49,7.613238503135367,0.33606058228214003,3.131612237245758,-0.18390663316663905,5.8958917254677,0.76
SpiralScanPath_13,1,4.0,real,0.5,110,0.25,49,1.1207032166994773,0.9442060449118854,3.268199355250015,-0.33198103306138593,1.7890324872346968,0.28
SpiralScanPath_13,1,4.0,real,0.5,110,0.5,49,1.0017302624505973,0.9991358366370128,3.3083791085767325,-0.35130128140186573,0.0,0.0
SpiralScanPath_13,1,4.0,real,0.5,110,1.0,49,1.0000006133270924,0.9999996933365667,3.3091090722860006,-0.3517649559858842,0.0,0.0
SpiralScanPath_13,1,4.0,real,1.0,221,0.0,49,1199.0,0.0008340283569641369,3.3626245019384533,-0.23993209462205642,6.808202203483092,0.76
SpiralScanPath_13,1,4.0,real,1.0,221,0.01,49,1063.5868108414147,0.002311385407541781,3.354902219166708,-0.22547622575683363,6.759106656537501,0.76
SpiralScanPath_13,1,4.0,real,1.0,221,0.05,49,16.46685279122266,0.22102409410275733,3.443943499796331,-0.20301890753380575,5.928083354415726,0.72
SpiralScanPath_13,1,4.0,real,1.0,221,0.1,49,1.5014000558947975,0.8120511085173293,3.9686092900306025,-0.23555410749266684,3.28212134306468,0.4
SpiralScanPath_13,1,4.0,real,1.0,221,0.25,49,1.0050345957051416,0.9974906688712591,4.197645678705906,-0.24323700538061302,0.0,0.0
SpiralScanPath_13,1,4.0,real,1.0,221,0.5,49,1.0000060101094381,0.9999969949565145,4.201181232595549,-0.24347556987366034,0.0,0.0
SpiralScanPath_13,1,4.0,real,1.0,221,1.0,49,1.0000000000092086,0.9999999999953957,4.2011854292512245,-0.24347591557561374,0.0,0.0
SpiralScanPath_13,1,4.0,real,unsaturated,113,0.0,49,1199.0,0.0008340283569641369,3.3626245019384533,-0.23993209462205642,6.808202203483092,0.76
SpiralScanPath_13,1,4.0,real,unsaturated,113,0.01,49,1075.5043224219712,0.0021797213070728037,3.3558813724650514,-0.2373922036426302,6.771000578578391,0.76
SpiralScanPath_13,1,4.0,real,unsaturated,113,0.05,49,26.42095748706675,0.12989755223909505,3.421487393780162,-0.17297578001240935,6.166249982314655,0.72
SpiralScanPath_13,1,4.0,real,unsaturated,113,0.1,49,2.774720957002694,0.44476817123411294,3.7413980281763286,-0.1499227559791825,3.7786563695688526,0.48
SpiralScanPath_13,1,4.0,real,unsaturated,113,0.25,49,1.9726287909808318,0.5642224150959948,3.8672931346690738,-0.15703508302935462,2.2100487169196983,0.2
SpiralScanPath_13,1,4.0,real,unsaturated,113,0.5,49,1.8770326366060037,0.6279803267613466,3.8981315603318345,-0.16942620860761962,2.2100487169196983,0.2
SpiralScanPath_13,1,4.0,real,unsaturated,113,1.0,49,1.6249162038361162,0.7402252593790707,3.9666815788957863,-0.1917679145218881,2.2100487169196983,0.2
SpiralScanPath_13,1,4.0,real,censored,108,0.0,49,1199.0,0.0008340283569641369,3.3626245019384533,-0.23993209462205642,6.808202203483092,0.76
SpiralScanPath_13,1,4.0,real,censored,108,0.01,49,1187.1878184646143,0.001043731807335325,3.362828010212892,-0.226101194309108,6.781719632398452,0.76
SpiralScanPath_13,1,4.0,real,censored,108,0.05,49,1077.5042733908856,0.0018386790481586769,3.360911622204224,-0.19141948061793757,6.769109825975327,0.76
SpiralScanPath_13,1,4.0,real,censored,108,0.1,49,943.8828678905719,0.002728166052406401,3.3577161055755926,-0.1665363017216282,6.766172747243907,0.76
SpiralScanPath_13,1,4.0,real,censored,108,0.25,49,672.4559793909593,0.004900958486190824,3.350119994949026,-0.12738235655949212,6.759367270068483,0.76
SpiralScanPath_13,1,4.0,real,censored,108,0.5,49,438.77242597061735,0.008147364043783443,3.342189525868701,-0.10054132611106298,6.737215114232095,0.76
SpiralScanPath_13,1,4.0,real,censored,108,1.0,49,242.09082492737772,0.015409166018265271,3.3399869355145047,-0.08310645455464737,6.661247636201312,0.76
SpiralScanPath_13,1,4.0,matched_model,0.1,22,0.0,49,1199.0,0.0008340283569641369,3.3626245019384533,-0.23993209462205642,6.808202203483092,0.76
SpiralScanPath_13,1,4.0,matched_model,0.1,22,0.01,49,1190.71751106551,0.0010748251537780293,3.364018539941305,-0.24064122309240246,6.789492583155497,0.76
SpiralScanPath_13,1,4.0,matched_model,0.1,22,0.05,49,1050.0996951923505,0.002024239465843148,3.3675003620840855,-0.24460048989211827,6.789263332544596,0.76
SpiralScanPath_13,1,4.0,matched_model,0.1,22,0.1,49,734.0633036267031,0.004976745515869036,3.3697163514784236,-0.2478257497862569,6.804422922781946,0.76
SpiralScanPath_13,1,4.0,matched_model,0.1,22,0.25,49,110.29182717510419,0.046182122549464674,3.375306896715966,-0.2638758827047991,6.76307327235565,0.76
SpiralScanPath_13,1,4.0,matched_model,0.1,22,0.5,49,9.32037086687861,0.2546904298771574,3.363468289722492,-0.39743831796749646,5.95761816679013,0.64
SpiralScanPath_13,1,4.0,matched_model,0.1,22,1.0,49,2.2094287709193297,0.6069715502137222,3.4449532369394853,-0.6770757078522456,3.4496246132864643,0.52
SpiralScanPath_13,1,4.0,matched_model,0.25,55,0.0,49,1199.0,0.0008340283569641369,3.3626245019384533,-0.23993209462205642,6.808202203483092,0.76
SpiralScanPath_13,1,4.0,matched_model,0.25,55,0.01,49,1104.2208263755017,0.0015372539613354122,3.3628784063334396,-0.24778520749741573,6.777741234688733,0.76
SpiralScanPath_13,1,4.0,matched_model,0.25,55,0.05,49,387.4069750815818,0.01676991043633314,3.355179433464852,-0.2809074888182658,6.754071196439184,0.68
SpiralScanPath_13,1,4.0,matched_model,0.25,55,0.1,49,23.582820572689155,0.15757862154089755,3.273859214793535,-0.26574900038933036,6.443326752765392,0.72
SpiralScanPath_13,1,4.0,matched_model,0.25,55,0.25,49,1.8329658631483003,0.7082485340940715,3.21795817167497,-0.4472553012157869,3.6304250601650256,0.52
SpiralScanPath_13,1,4.0,matched_model,0.25,55,0.5,49,1.174268443679752,0.919446150686877,3.3467995085344184,-0.8284641863994807,2.678809035411871,0.36
SpiralScanPath_13,1,4.0,matched_model,0.25,55,1.0,49,1.0146974636277177,0.9927044942386161,3.4273623780115448,-1.0128770986049949,0.0,0.0
SpiralScanPath_13,1,4.0,matched_model,0.5,110,0.0,49,1199.0,0.0008340283569641369,3.3626245019384533,-0.23993209462205642,6.808202203483092,0.76
SpiralScanPath_13,1,4.0,matched_model,0.5,110,0.01,49,1083.1704264788361,0.0016831665751950303,3.3630973306968706,-0.24397677368933274,6.773080798581819,0.76
SpiralScanPath_13,1,4.0,matched_model,0.5,110,0.05,49,177.67427653633604,0.025522220278546663,3.34193177017116,-0.23598322926570517,6.63409947009053,0.72
SpiralScanPath_13,1,4.0,matched_model,0.5,110,0.1,49,17.004578943055925,0.13862994260911565,3.309666732522483,-0.16827577553467107,6.10535115011058,0.68
SpiralScanPath_13,1,4.0,matched_model,0.5,110,0.25,49,3.510421787569231,0.38369073520196023,3.2359076543935577,0.02216343289951965,4.317589291907854,0.52
SpiralScanPath_13,1,4.0,matched_model,0.5,110,0.5,49,2.302782237471768,0.5167995642475559,3.299670295049887,0.18779004634048987,3.2138713324386186,0.4
SpiralScanPath_13,1,4.0,matched_model,0.5,110,1.0,49,1.9228899246185989,0.615031201058008,3.3982764349948487,0.20166773565692891,2.5367666486871396,0.28
SpiralScanPath_13,1,4.0,matched_model,1.0,221,0.0,49,1199.0,0.0008340283569641369,3.3626245019384533,-0.23993209462205642,6.808202203483092,0.76
SpiralScanPath_13,1,4.0,matched_model,1.0,221,0.01,49,1017.2105963017834,0.0023118006093322905,3.3655359407176246,-0.24025190875589486,6.770889843961365,0.76
SpiralScanPath_13,1,4.0,matched_model,1.0,221,0.05,49,26.641153631550644,0.14613012547733167,3.3994739132377756,-0.4816687958373518,6.2606768821970675,0.72
SpiralScanPath_13,1,4.0,matched_model,1.0,221,0.1,49,2.780554176093851,0.57777841129469,3.4611081647078428,-0.8454325605889766,4.36042116177197,0.56
SpiralScanPath_13,1,4.0,matched_model,1.0,221,0.25,49,1.0624322821092311,0.9699672186468971,3.4767187562240434,-0.9608023845695902,0.5836534082500339,0.08
SpiralScanPath_13,1,4.0,matched_model,1.0,221,0.5,49,1.000850512125178,0.9995749691299247,3.4726529512431714,-0.9538221601917372,0.0,0.0
SpiralScanPath_13,1,4.0,matched_model,1.0,221,1.0,49,1.0000001835958423,0.9999999082020892,3.4725769693804023,-0.9536742909105237,0.0,0.0
SpiralScanPath_13,1,4.0,matched_model,unsaturated,113,0.0,49,1199.0,0.0008340283569641369,3.3626245019384533,-0.23993209462205642,6.808202203483092,0.76
SpiralScanPath_13,1,4.0,matched_model,unsaturated,113,0.01,49,1094.7230046025531,0.0023196132104685587,3.3630893900962766,-0.24489792163618176,6.788280981582725,0.76
SpiralScanPath_13,1,4.0,matched_model,unsaturated,113,0.05,49,28.383950017308877,0.1462687261426418,3.394794478309028,-0.17429702112219048,6.283699346675994,0.72
SpiralScanPath_13,1,4.0,matched_model,unsaturated,113,0.1,49,3.2579012829673037,0.5247434592355816,3.5276027593662973,0.17472208104252104,4.503066263521783,0.48
SpiralScanPath_13,1,4.0,matched_model,unsaturated,113,0.25,49,1.1136117248543351,0.9471153883728489,3.6450391146395775,0.416150745060595,2.0305073695314833,0.04
SpiralScanPath_13,1,4.0,matched_model,unsaturated,113,0.5,49,1.002129084511273,0.9989367924193054,3.6507175775971072,0.4254254656191256,0.0,0.0
SpiralScanPath_13,1,4.0,matched_model,unsaturated,113,1.0,49,1.0000014503109316,0.9999992748450737,3.6504760825366565,0.42525016603243787,0.0,0.0
SpiralScanPath_13,1,4.0,matched_model,censored,108,0.0,49,1199.0,0.0008340283569641369,3.3626245019384533,-0.23993209462205642,6.808202203483092,0.76
SpiralScanPath_13,1,4.0,matched_model,censored,108,0.01,49,1114.5397935184308,0.0014002960823993986,3.3634323725871114,-0.22992060631172306,6.7799635472160436,0.76
SpiralScanPath_13,1,4.0,matched_model,censored,108,0.05,49,655.7775801084647,0.004241648168445841,3.3564447680223206,-0.19934555611100221,6.738084768974857,0.72
SpiralScanPath_13,1,4.0,matched_model,censored,108,0.1,49,361.93044562818807,0.010410165833528433,3.3429363411097763,-0.16606692439631388,6.707322578752343,0.68
SpiralScanPath_13,1,4.0,matched_model,censored,108,0.25,49,71.3270265020018,0.057538082782046945,3.2872008565673636,-0.0315496450881119,6.584227659836625,0.68
SpiralScanPath_13,1,4.0,matched_model,censored,108,0.5,49,11.023525700931044,0.23795560101715438,3.2412529646457835,0.21034953303007342,6.007515951094006,0.68
SpiralScanPath_13,1,4.0,matched_model,censored,108,1.0,49,2.1717342951375347,0.663684748052856,3.3265532954064017,0.3810093516797929,4.03911888741764,0.56
SpiralScanPath_13,2,0.5,real,0.1,22,0.0,1033,1199.0,0.0008340283569641369,3.362620016165923,-0.2401617606399941,6.808202203483092,0.76
SpiralScanPath_13,2,0.5,real,0.1,22,0.01,1033,1139.5800159728387,0.0011578252762583603,3.356398390224304,-0.23230350505326441,6.796261871783831,0.76
SpiralScanPath_13,2,0.5,real,0.1,22,0.05,1033,732.9198425496073,0.002831063522211949,3.3463378296689212,-0.2116074242022387,6.805917768816289,0.76
SpiralScanPath_13,2,0.5,real,0.1,22,0.1,1033,458.70768020300625,0.00564263779291428,3.341637893522429,-0.19766040949206853,6.828794177003221,0.76
SpiralScanPath_13,2,0.5,real,0.1,22,0.25,1033,197.8582304165597,0.01812280961445514,3.343947861749428,-0.1823960290691116,6.786174043090359,0.76
SpiralScanPath_13,2,0.5,real,0.1,22,0.5,1033,71.23222732883609,0.04930229896552898,3.3705399286777338,-0.17369358022869846,6.682857558218029,0.76
SpiralScanPath_13,2,0.5,real,0.1,22,1.0,1033,12.430637724826443,0.17111105043749744,3.4386502227408706,-0.17981121234845204,5.8046788882563805,0.68
SpiralScanPath_13,2,0.5,real,0.25,55,0.0,1033,1199.0,0.0008340283569641369,3.362620016165923,-0.2401617606399941,6.808202203483092,0.76
SpiralScanPath_13,2,0.5,real,0.25,55,0.01,1033,1138.308801236035,0.0011873298451516088,3.35648201069419,-0.23130661294250784,6.788436879724361,0.76
SpiralScanPath_13,2,0.5,real,0.25,55,0.05,1033,717.0278597461698,0.003138767543575311,3.3440208297533425,-0.20683450398230663,6.777154013890713,0.76
SpiralScanPath_13,2,0.5,real,0.25,55,0.1,1033,425.407223375375,0.006624534590507471,3.3341003142251773,-0.1937363336245653,6.773610815893346,0.76
SpiralScanPath_13,2,0.5,real,0.25,55,0.25,1033,139.891313466416,0.028409950772371767,3.326177566338336,-0.2174588140937476,6.6484779136627825,0.72
SpiralScanPath_13,2,0.5,real,0.25,55,0.5,1033,29.222788233427014,0.12074375069896037,3.367083381953126,-0.3472550987493378,6.234817258225635,0.68
SpiralScanPath_13,2,0.5,real,0.25,55,1.0,1033,4.595825738358687,0.41019816686727223,3.5509893806340735,-0.6932819697900777,5.235920145295531,0.64
SpiralScanPath_13,2,0.5,real,0.5,110,0.0,1033,1199.0,0.0008340283569641369,3.362620016165923,-0.2401617606399941,6.808202203483092,0.76
SpiralScanPath_13,2,0.5,real,0.5,110,0.01,1033,1136.233025777178,0.0012369878688544128,3.3569952195487978,-0.23219261115653125,6.787268539392758,0.76
SpiralScanPath_13,2,0.5,real,0.5,110,0.05,1033,691.6558291241727,0.0037543368303926366,3.344610005520309,-0.211531448998619,6.787859035225508,0.76
SpiralScanPath_13,2,0.5,real,0.5,110,0.1,1033,378.69018634707425,0.008970689691342,3.3315199035964587,-0.20436036705315475,6.735702519777597,0.76
SpiralScanPath_13,2,0.5,real,0.5,110,0.25,1033,85.07988778103184,0.04063993325160664,3.3052398074542255,-0.21407789712515524,6.501009833995006,0.72
SpiralScanPath_13,2,0.5,real,0.5,110,0.5,1033,12.17605052330957,0.18902065676523805,3.2969790659102216,-0.19390762606275075,5.8375564692401305,0.68
SpiralScanPath_13,2,0.5,real,0.5,110,1.0,1033,2.7594634837588834,0.4588931781207695,3.3034088914112028,-0.1504968255291442,4.144243544010201,0.48
SpiralScanPath_13,2,0.5,real,1.0,221,0.0,1033,1199.0,0.0008340283569641369,3.362620016165923,-0.2401617606399941,6.808202203483092,0.76
SpiralScanPath_13,2,0.5,real,1.0,221,0.01,1033,1133.8630189219891,0.0012808916995794915,3.3554603647833146,-0.22967577618673884,6.795841017494749,0.76
SpiralScanPath_13,2,0.5,real,1.0,221,0.05,1033,656.2813646586818,0.004416068815980231,3.3339110831512704,-0.19887860747580363,6.788829009725296,0.76
SpiralScanPath_13,2,0.5,real,1.0,221,0.1,1033,312.4314315269439,0.014248655446554143,3.304885606871768,-0.17132750903499755,6.74606197348892,0.76
SpiralScanPath_13,2,0.5,real,1.0,221,0.25,1033,20.711982899183372,0.18385930855863625,3.173124590089153,-0.036918199245178585,6.326475771379676,0.72
SpiralScanPath_13,2,0.5,real,1.0,221,0.5,1033,1.8774317086250916,0.7230925637758325,3.1568811085887236,0.3205214997242274,4.121018580712403,0.56
SpiralScanPath_13,2,0.5,real,1.0,221,1.0,1033,1.0375612764541056,0.9816803140290612,3.289950063194218,0.47635970153592555,0.0,0.0
SpiralScanPath_13,2,0.5,real,unsaturated,113,0.0,1033,1199.0,0.0008340283569641369,3.362620016165923,-0.2401617606399941,6.808202203483092,0.76
SpiralScanPath_13,2,0.5,real,unsaturated,113,0.01,1033,1134.134999753538,0.0012617931579519785,3.3554963946687906,-0.23291122023177194,6.792013340835506,0.76
SpiralScanPath_13,2,0.5,real,unsaturated,113,0.05,1033,666.0720658026113,0.004397397719590536,3.3348998785800292,-0.21631180358276425,6.789463339092122,0.76
SpiralScanPath_13,2,0.5,real,unsaturated,113,0.1,1033,322.4412205949585,0.014379319507003187,3.309530206479674,-0.2049221842338875,6.740584946683491,0.76
SpiralScanPath_13,2,0.5,real,unsaturated,113,0.25,1033,22.603470772121614,0.1177214017287771,3.23669395135799,-0.10275767749198167,6.125318597055798,0.68
SpiralScanPath_13,2,0.5,real,unsaturated,113,0.5,1033,4.691746451360944,0.36776989098958585,3.2210555677687873,0.15129134223387836,4.452334133064733,0.6
SpiralScanPath_13,2,0.5,real,unsaturated,113,1.0,1033,2.038642484712969,0.6699337326689359,3.2420113114608573,0.3412752046514788,3.8939517868651503,0.56
SpiralScanPath_13,2,0.5,real,censored,108,0.0,1033,1199.0,0.0008340283569641369,3.362620016165923,-0.2401617606399941,6.808202203483092,0.76
SpiralScanPath_13,2,0.5,real,censored,108,0.01,1033,1197.8483683509944,0.0008830186749222726,3.3626020508637717,-0.2372663800767873,6.790968181176031,0.76
SpiralScanPath_13,2,0.5,real,censored,108,0.05,1033,1176.598483508206,0.0010882011140294452,3.362630936241849,-0.2267878076149509,6.787916510752882,0.76
SpiralScanPath_13,2,0.5,real,censored,108,0.1,1033,1130.0093258137579,0.0013649802120294474,3.362791829982055,-0.215487851071814,6.795336079183528,0.76
SpiralScanPath_13,2,0.5,real,censored,108,0.25,1033,962.639366148113,0.0023213789449467834,3.3638209018132694,-0.18850922503333323,6.802973073774078,0.76
SpiralScanPath_13,2,0.5,real,censored,108,0.5,1033,731.8940966896635,0.004274144092016149,3.366701489436337,-0.15663259113757932,6.816003691842066,0.76
SpiralScanPath_13,2,0.5,real,censored,108,1.0,1033,462.7073365006731,0.009136625904452177,3.3725960239987858,-0.11900084977696679,6.779216293416425,0.76
SpiralScanPath_13,2,0.5,matched_model,0.1,22,0.0,1033,1199.0,0.0008340283569641369,3.362620016165923,-0.2401617606399941,6.808202203483092,0.76
SpiralScanPath_13,2,0.5,matched_model,0.1,22,0.01,1033,1197.0614944935508,0.0009288159355111958,3.362100586333002,-0.23938268041761376,6.79163065557605,0.76
SpiralScanPath_13,2,0.5,matched_model,0.1,22,0.05,1033,1155.5982578790097,0.0013714778524879193,3.3602123431082593,-0.23662192096561058,6.80287454415306,0.76
SpiralScanPath_13,2,0.5,matched_model,0.1,22,0.1,1033,1046.619455003542,0.002148354961120976,3.3581463519387103,-0.23389944686329728,6.813430106852484,0.76
SpiralScanPath_13,2,0.5,matched_model,0.1,22,0.25,1033,581.4126521305756,0.006422065400664085,3.356980455461693,-0.22719934037290387,6.813621638346217,0.76
SpiralScanPath_13,2,0.5,matched_model,0.1,22,0.5,1033,126.40376041101985,0.03729921963424781,3.401659951611187,-0.1955944629837427,6.708705568664352,0.72
SpiralScanPath_13,2,0.5,matched_model,0.1,22,1.0,1033,12.97760962359873,0.21401508030749763,3.6237423407311775,-0.10536157438395094,6.056028979457367,0.6
SpiralScanPath_13,2,0.5,matched_model,0.25,55,0.0,1033,1199.0,0.0008340283569641369,3.362620016165923,-0.2401617606399941,6.808202203483092,0.76
SpiralScanPath_13,2,0.5,matched_model,0.25,55,0.01,1033,1193.6090213416858,0.0010440602827990813,3.3616059595666594,-0.2400504750588834,6.7881799289309335,0.76
SpiralScanPath_13,2,0.5,matched_model,0.25,55,0.05,1033,1079.301591218938,0.0023665462248198404,3.357511923583801,-0.24055854164884977,6.788066620151248,0.76
SpiralScanPath_13,2,0.5,matched_model,0.25,55,0.1,1033,790.1583751449332,0.005695771831822245,3.3511282791542225,-0.24352415174528688,6.796539564364646,0.76
SpiralScanPath_13,2,0.5,matched_model,0.25,55,0.25,1033,64.87113910617094,0.08715885325014915,3.2683700933989424,-0.2945954607454723,6.567760039496868,0.72
SpiralScanPath_13,2,0.5,matched_model,0.25,55,0.5,1033,3.3025325134480745,0.5289161049065977,3.0268322770481446,-0.46195682295452345,4.786100243762507,0.6
SpiralScanPath_13,2,0.5,matched_model,0.25,55,1.0,1033,1.16768253006781,0.9243744841904689,3.0261833602692083,-0.5270890346028818,2.762974783278523,0.44
SpiralScanPath_13,2,0.5,matched_model,0.5,110,0.0,1033,1199.0,0.0008340283569641369,3.362620016165923,-0.2401617606399941,6.808202203483092,0.76
SpiralScanPath_13,2,0.5,matched_model,0.5,110,0.01,1033,1186.2913164407544,0.0011445791352241315,3.3609311816708374,-0.24047157046424672,6.792404492823476,0.76
SpiralScanPath_13,2,0.5,matched_model,0.5,110,0.05,1033,934.5775426085769,0.0035198419698737565,3.355124375153994,-0.24493517077457,6.805641392524653,0.76
SpiralScanPath_13,2,0.5,matched_model,0.5,110,0.1,1033,398.2784846804137,0.01606022706642044,3.3527822838186645,-0.2484744183368707,6.872041233094717,0.76
SpiralScanPath_13,2,0.5,matched_model,0.5,110,0.25,1033,8.502792546084857,0.23247951084344753,3.456139176892493,-0.2263034793927568,5.761560963774505,0.68
SpiralScanPath_13,2,0.5,matched_model,0.5,110,0.5,1033,2.693966407872313,0.46452573991666873,3.6822034346202543,-0.23586656026514674,2.8231784545283314,0.32
SpiralScanPath_13,2,0.5,matched_model,0.5,110,1.0,1033,2.0771054423648656,0.5813433796130273,3.818720764804479,-0.18027933912453364,2.7287747028906026,0.32
SpiralScanPath_13,2,0.5,matched_model,1.0,221,0.0,1033,1199.0,0.0008340283569641369,3.362620016165923,-0.2401617606399941,6.808202203483092,0.76
SpiralScanPath_13,2,0.5,matched_model,1.0,221,0.01,1033,1072.535443364847,0.00174880417810053,3.3647077058115453,-0.22240535978257184,6.792164148184815,0.76
SpiralScanPath_13,2,0.5,matched_model,1.0,221,0.05,1033,365.4624838372814,0.013439137502467682,3.3407577992040958,-0.18537489308811245,6.770152474660365,0.76
SpiralScanPath_13,2,0.5,matched_model,1.0,221,0.1,1033,81.4510671453879,0.05357549198258368,3.312483436674861,-0.1858254667531196,6.572345223042953,0.76
SpiralScanPath_13,2,0.5,matched_model,1.0,221,0.25,1033,10.301209048586232,0.19843161811249785,3.4026521096322417,-0.2906724455744666,5.210095053500598,0.64
SpiralScanPath_13,2,0.5,matched_model,1.0,221,0.5,1033,4.5521726376640625,0.35193333119037956,3.561612611942481,-0.3112497615030793,3.9822693429234097,0.56
SpiralScanPath_13,2,0.5,matched_model,1.0,221,1.0,1033,2.5816201114431614,0.5586592974421055,3.822342963326509,-0.188049992631893,3.5914052356226964,0.52
SpiralScanPath_13,2,0.5,matched_model,unsaturated,113,0.0,1033,1199.0,0.0008340283569641369,3.362620016165923,-0.2401617606399941,6.808202203483092,0.76
SpiralScanPath_13,2,0.5,matched_model,unsaturated,113,0.01,1033,1179.2792860402076,0.0012962207811607525,3.360919413440383,-0.23866835179373538,6.792142733008872,0.76
SpiralScanPath_13,2,0.5,matched_model,unsaturated,113,0.05,1033,768.4671180443781,0.008735604404574542,3.3497036285460493,-0.2444488226315434,6.840647664730236,0.76
SpiralScanPath_13,2,0.5,matched_model,unsaturated,113,0.1,1033,90.2323173924236,0.08642467868842893,3.330775588628371,-0.3473496499787484,6.781997181442157,0.8
SpiralScanPath_13,2,0.5,matched_model,unsaturated,113,0.25,1033,1.2630422306521591,0.8892931770111803,3.830466838607528,-1.6814980332899858,3.743111893464761,0.52
SpiralScanPath_13,2,0.5,matched_model,unsaturated,113,0.5,1033,1.0022562775654946,0.9988736013232328,3.981546730557227,-1.9025955249781987,0.0,0.0
SpiralScanPath_13,2,0.5,matched_model,unsaturated,113,1.0,1033,1.0000006621598334,0.9999996689202229,3.9835407703948214,-1.9053353189792028,0.0,0.0
SpiralScanPath_13,2,0.5,matched_model,censored,108,0.0,1033,1199.0,0.0008340283569641369,3.362620016165923,-0.2401617606399941,6.808202203483092,0.76
SpiralScanPath_13,2,0.5,matched_model,censored,108,0.01,1033,1084.5800180170884,0.0013744102642199135,3.366736130950986,-0.22476028028521797,6.797411676280053,0.76
SpiralScanPath_13,2,0.5,matched_model,censored,108,0.05,1033,524.2168533907671,0.004643161188713962,3.358975520275379,-0.18916544379067773,6.790007619380783,0.76
SpiralScanPath_13,2,0.5,matched_model,censored,108,0.1,1033,255.7727838472026,0.010487558058197758,3.341281210015832,-0.15862870633109424,6.779281382418747,0.76
SpiralScanPath_13,2,0.5,matched_model,censored,108,0.25,1033,75.88089201748332,0.035379639493808755,3.3008717449073743,-0.09028763802574759,6.700036340801287,0.76
SpiralScanPath_13,2,0.5,matched_model,censored,108,0.5,1033,27.082973372266967,0.09174375230443846,3.233800000348249,-0.03156812314237414,6.408624681413439,0.72
SpiralScanPath_13,2,0.5,matched_model,censored,108,1.0,1033,8.903322287708052,0.21722260144163585,3.0843457307836757,-0.046957826085817944,5.68552095477693,0.72
SpiralScanPath_13,2,1.0,real,0.1,22,0.0,1033,1199.0,0.0008340283569641369,3.362620016165923,-0.2401617606399941,6.808202203483092,0.76
SpiralScanPath_13,2,1.0,real,0.1,22,0.01,1033,1139.4622990022904,0.001174765296355226,3.3565026929376987,-0.23223299975460804,6.797448719369256,0.76
SpiralScanPath_13,2,1.0,real,0.1,22,0.05,1033,742.6703591416016,0.002963256888774255,3.34690714898367,-0.21269304966848496,6.811969419533109,0.76
SpiralScanPath_13,2,1.0,real,0.1,22,0.1,1033,473.8258586545766,0.006037034153039442,3.3432804898866983,-0.20039271206940157,6.8127483853982405,0.76
SpiralScanPath_13,2,1.0,real,0.1,22,0.25,1033,191.60696582138178,0.020067813753124365,3.3432168729320773,-0.1912835082608967,6.729661543523096,0.76
SpiralScanPath_13,2,1.0,real,0.1,22,0.5,1033,46.58202825523678,0.08183301392444897,3.3434627339377254,-0.18161258055497229,6.593673549476255,0.76
SpiralScanPath_13,2,1.0,real,0.1,22,1.0,1033,6.812449827211676,0.3012895349247119,3.3645906728805453,-0.13195915123015084,5.318158458728974,0.64
SpiralScanPath_13,2,1.0,real,0.25,55,0.0,1033,1199.0,0.0008340283569641369,3.362620016165923,-0.2401617606399941,6.808202203483092,0.76
SpiralScanPath_13,2,1.0,real,0.25,55,0.01,1033,1137.4883793591023,0.001212073410335134,3.3568621151294096,-0.23104308943799878,6.788364361864569,0.76
SpiralScanPath_13,2,1.0,real,0.25,55,0.05,1033,719.4171793670407,0.0033164928776620315,3.3447575521963855,-0.20744681158540515,6.7827408739009885,0.76
SpiralScanPath_13,2,1.0,real,0.25,55,0.1,1033,420.23283501544563,0.007830748356177909,3.337252558208218,-0.20011089919190908,6.723811641972673,0.76
SpiralScanPath_13,2,1.0,real,0.25,55,0.25,1033,96.66045833918814,0.03849706312823061,3.344541958125223,-0.2723881469591765,6.560565910361729,0.68
SpiralScanPath_13,2,1.0,real,0.25,55,0.5,1033,14.577061386886742,0.1513708831018711,3.3604163535328517,-0.5031221959761933,5.895646537836521,0.68
SpiralScanPath_13,2,1.0,real,0.25,55,1.0,1033,3.809465920652186,0.3539317041866208,3.3461960981734054,-0.7821854603405108,4.34437285381726,0.56
SpiralScanPath_13,2,1.0,real,0.5,110,0.0,1033,1199.0,0.0008340283569641369,3.362620016165923,-0.2401617606399941,6.808202203483092,0.76
SpiralScanPath_13,2,1.0,real,0.5,110,0.01,1033,1134.267459181559,0.0012446078794635567,3.357512979626076,-0.23169865739276246,6.790439364333463,0.76
SpiralScanPath_13,2,1.0,real,0.5,110,0.05,1033,675.7134069438673,0.0037251980133935617,3.3458252191780415,-0.21240545400520433,6.784871809719926,0.76
SpiralScanPath_13,2,1.0,real,0.5,110,0.1,1033,322.14239195028364,0.012282791891792237,3.3316132754608607,-0.21454278358430656,6.714425249804578,0.76
SpiralScanPath_13,2,1.0,real,0.5,110,0.25,1033,19.358021526920076,0.1972446445927925,3.388216977414596,-0.29563795189279746,6.234518653062116,0.68
SpiralScanPath_13,2,1.0,real,0.5,110,0.5,1033,1.610759177372839,0.7860510366299622,3.965825050526123,-0.5234912351131515,4.274921581445583,0.52
SpiralScanPath_13,2,1.0,real,0.5,110,1.0,1033,1.009375654993056,0.9953427664942069,4.2272424106729165,-0.5961758242136193,0.0,0.0
SpiralScanPath_13,2,1.0,real,1.0,221,0.0,1033,1199.0,0.0008340283569641369,3.362620016165923,-0.2401617606399941,6.808202203483092,0.76
SpiralScanPath_13,2,1.0,real,1.0,221,0.01,1033,1130.0767019307823,0.0013434127716807393,3.3555309782186864,-0.22734124304486386,6.799125816695502,0.76
SpiralScanPath_13,2,1.0,real,1.0,221,0.05,1033,612.5619608157249,0.005409640927890621,3.3332237817765056,-0.18752363727019428,6.788542147198302,0.76
SpiralScanPath_13,2,1.0,real,1.0,221,0.1,1033,209.5375356934997,0.021520565462567563,3.2927718504478016,-0.13421093820763416,6.789086641678198,0.76
SpiralScanPath_13,2,1.0,real,1.0,221,0.25,1033,11.313897226126592,0.21064931906664733,3.1862949642342,0.04223037152436973,6.060466955395821,0.68
SpiralScanPath_13,2,1.0,real,1.0,221,0.5,1033,3.065648170754729,0.5059971754271813,3.1607272877637635,0.24069972704268594,3.8251843368611933,0.52
SpiralScanPath_13,2,1.0,real,1.0,221,1.0,1033,1.5657835142157797,0.7849287724127874,3.199986483749109,0.4081321354335296,3.129275087145163,0.44
SpiralScanPath_13,2,1.0,real,unsaturated,113,0.0,1033,1199.0,0.0008340283569641369,3.362620016165923,-0.2401617606399941,6.808202203483092,0.76
SpiralScanPath_13,2,1.0,real,unsaturated,113,0.01,1033,1130.8734662948573,0.0013252890052128468,3.3556326166884722,-0.2319233113036762,6.796446437222512,0.76
SpiralScanPath_13,2,1.0,real,unsaturated,113,0.05,1033,625.738368321553,0.005720995734549858,3.335191229451063,-0.21171470511654888,6.775976300714564,0.76
SpiralScanPath_13,2,1.0,real,unsaturated,113,0.1,1033,204.90483282083915,0.024568538029985484,3.3103511258612976,-0.1868859975180908,6.682874997678351,0.76
SpiralScanPath_13,2,1.0,real,unsaturated,113,0.25,1033,8.897221187274894,0.26855503297646266,3.382996171251642,-0.06656576476962528,5.4733796888005735,0.68
SpiralScanPath_13,2,1.0,real,unsaturated,113,0.5,1033,2.1700021826992244,0.6638945047678065,3.7199363801770424,0.14438447794815146,4.006321508980495,0.52
SpiralScanPath_13,2,1.0,real,unsaturated,113,1.0,1033,1.0901400116560165,0.9575449384485587,4.069307266808373,0.34290370394472347,1.3323839327207065,0.24
SpiralScanPath_13,2,1.0,real,censored,108,0.0,1033,1199.0,0.0008340283569641369,3.362620016165923,-0.2401617606399941,6.808202203483092,0.76
SpiralScanPath_13,2,1.0,real,censored,108,0.01,1033,1197.1624725935817,0.0009035129119636786,3.362487179102763,-0.2359249986853024,6.789053289210508,0.76
SpiralScanPath_13,2,1.0,real,censored,108,0.05,1033,1166.8445079815417,0.0011936265467617716,3.3622077961855643,-0.22128738013226668,6.791198123636336,0.76
SpiralScanPath_13,2,1.0,real,censored,108,0.1,1033,1107.8417903806264,0.0015822228861833887,3.3621351184836246,-0.2065191014250172,6.794646879503648,0.76
SpiralScanPath_13,2,1.0,real,censored,108,0.25,1033,922.9624320307121,0.0028933246230674124,3.362968680254345,-0.17447978096756742,6.7921259591203125,0.76
SpiralScanPath_13,2,1.0,real,censored,108,0.5,1033,693.0335273470046,0.005412168475426125,3.3651301341048003,-0.14220409669326045,6.7997941427405815,0.76
SpiralScanPath_13,2,1.0,real,censored,108,1.0,1033,438.7015323132074,0.011007090890013218,3.368039093168492,-0.11272363726967796,6.755947911901183,0.76
SpiralScanPath_13,2,1.0,matched_model,0.1,22,0.0,1033,1199.0,0.0008340283569641369,3.362620016165923,-0.2401617606399941,6.808202203483092,0.76
SpiralScanPath_13,2,1.0,matched_model,0.1,22,0.01,1033,1196.2527591404182,0.0009523726863684968,3.3618163701923174,-0.23894167390131998,6.791180278389536,0.76
SpiralScanPath_13,2,1.0,matched_model,0.1,22,0.05,1033,1140.6951939387675,0.0015902379262075236,3.359112682252689,-0.23428224625231678,6.799967224600432,0.76
SpiralScanPath_13,2,1.0,matched_model,0.1,22,0.1,1033,999.4419186490144,0.002837237432888869,3.356749280650279,-0.22846736170314216,6.812506547313544,0.76
SpiralScanPath_13,2,1.0,matched_model,0.1,22,0.25,1033,436.7436650427403,0.009954156579829688,3.3661868218278674,-0.20518333841530192,6.793550331246552,0.76
SpiralScanPath_13,2,1.0,matched_model,0.1,22,0.5,1033,76.37362548533962,0.04586884136091304,3.4652914953145615,-0.16915947993776853,6.74641591171546,0.68
SpiralScanPath_13,2,1.0,matched_model,0.1,22,1.0,1033,13.00159135688741,0.17723685651666035,3.7639557094430525,-0.1527523951543617,5.911143039738538,0.64
SpiralScanPath_13,2,1.0,matched_model,0.25,55,0.0,1033,1199.0,0.0008340283569641369,3.362620016165923,-0.2401617606399941,6.808202203483092,0.76
SpiralScanPath_13,2,1.0,matched_model,0.25,55,0.01,1033,1191.3937529503594,0.0010929593303744523,3.3615607119131914,-0.23969955506820498,6.7919205465669075,0.76
SpiralScanPath_13,2,1.0,matched_model,0.25,55,0.05,1033,1029.91834624861,0.002653398367637848,3.3569673594538245,-0.23830134345764237,6.79256485735365,0.76
SpiralScanPath_13,2,1.0,matched_model,0.25,55,0.1,1033,621.774158160773,0.00735479655714109,3.347609564492771,-0.23458526673320193,6.773673579089798,0.76
SpiralScanPath_13,2,1.0,matched_model,0.25,55,0.25,1033,36.10520204074264,0.0902702794675053,3.2553448548775443,-0.21082996131271783,6.401622481350471,0.72
SpiralScanPath_13,2,1.0,matched_model,0.25,55,0.5,1033,6.317771219440525,0.29665867246747535,3.109646679711204,-0.2960791998641685,5.0791667963831335,0.68
SpiralScanPath_13,2,1.0,matched_model,0.25,55,1.0,1033,2.5541636179267675,0.556011755510636,3.0283640787292447,-0.44525957621178575,3.8659822747510746,0.56
SpiralScanPath_13,2,1.0,matched_model,0.5,110,0.0,1033,1199.0,0.0008340283569641369,3.362620016165923,-0.2401617606399941,6.808202203483092,0.76
SpiralScanPath_13,2,1.0,matched_model,0.5,110,0.01,1033,1181.8317813472106,0.0012427253212775615,3.3610323576475127,-0.24048745955600906,6.789369545566494,0.76
SpiralScanPath_13,2,1.0,matched_model,0.5,110,0.05,1033,826.1462424231302,0.004867528090653331,3.3561441675963963,-0.24795074584364557,6.812668610506335,0.76
SpiralScanPath_13,2,1.0,matched_model,0.5,110,0.1,1033,175.81785659138322,0.03741438387434378,3.3504357489007606,-0.2506107084566224,6.8367097089047135,0.76
SpiralScanPath_13,2,1.0,matched_model,0.5,110,0.25,1033,4.116891788217928,0.4410635802664888,3.40423320241745,-0.3681299882206713,4.765461438113323,0.68
SpiralScanPath_13,2,1.0,matched_model,0.5,110,0.5,1033,1.5140176925732092,0.8012355240725724,3.594408289338945,-0.6027685709806678,2.8476154765586443,0.32
SpiralScanPath_13,2,1.0,matched_model,0.5,110,1.0,1033,1.0578371961618367,0.9719666466152966,3.7364950012473424,-0.6904644209095295,1.442767381565475,0.16
SpiralScanPath_13,2,1.0,matched_model,1.0,221,0.0,1033,1199.0,0.0008340283569641369,3.362620016165923,-0.2401617606399941,6.808202203483092,0.76
SpiralScanPath_13,2,1.0,matched_model,1.0,221,0.01,1033,1065.5588144711096,0.0018436175740738372,3.364256053183029,-0.22071450475190205,6.789807670391185,0.76
SpiralScanPath_13,2,1.0,matched_model,1.0,221,0.05,1033,292.1447171278604,0.016165052927192915,3.346447690194406,-0.1880437608776765,6.749352650125438,0.76
SpiralScanPath_13,2,1.0,matched_model,1.0,221,0.1,1033,34.62461288420475,0.12071378476169517,3.367554025968553,-0.21315698984649997,6.331914871737829,0.68
SpiralScanPath_13,2,1.0,matched_model,1.0,221,0.25,1033,1.944963633292754,0.7050199828357302,3.492003994948827,-0.28118330300164646,3.7127159161915393,0.6
SpiralScanPath_13,2,1.0,matched_model,1.0,221,0.5,1033,1.0689257727054298,0.9668574853877016,3.5807087499433976,-0.29431687868493783,1.5031643202223655,0.24
SpiralScanPath_13,2,1.0,matched_model,1.0,221,1.0,1033,1.0015088840725632,0.999246135135595,3.6018724334761454,-0.29451551816971916,0.0,0.0
SpiralScanPath_13,2,1.0,matched_model,unsaturated,113,0.0,1033,1199.0,0.0008340283569641369,3.362620016165923,-0.2401617606399941,6.808202203483092,0.76
SpiralScanPath_13,2,1.0,matched_model,unsaturated,113,0.01,1033,1171.4212192372472,0.0015053614729483244,3.3604768362580213,-0.23841850273758156,6.7865057209905215,0.76
SpiralScanPath_13,2,1.0,matched_model,unsaturated,113,0.05,1033,481.3422679871541,0.023031448149720496,3.347325871092869,-0.26903844538469684,6.886374906080728,0.76
SpiralScanPath_13,2,1.0,matched_model,unsaturated,113,0.1,1033,9.354646468908598,0.3173247900691795,3.3934930461786816,-0.7195698129150537,6.401217096932092,0.76
SpiralScanPath_13,2,1.0,matched_model,unsaturated,113,0.25,1033,1.0338143509410118,0.9834816364346302,3.9607679438646786,-1.869453018778579,0.0,0.0
SpiralScanPath_13,2,1.0,matched_model,unsaturated,113,0.5,1033,1.000114884149807,0.9999425622201863,3.9834646355869023,-1.9052005274345607,0.0,0.0
SpiralScanPath_13,2,1.0,matched_model,unsaturated,113,1.0,1033,1.0000000026154225,0.9999999986922887,3.983541424193673,-1.9053362083451635,0.0,0.0
SpiralScanPath_13,2,1.0,matched_model,censored,108,0.0,1033,1199.0,0.0008340283569641369,3.362620016165923,-0.2401617606399941,6.808202203483092,0.76
SpiralScanPath_13,2,1.0,matched_model,censored,108,0.01,1033,1084.450032762432,0.0014171871394932656,3.3669362812668533,-0.22375044843030764,6.796636062774128,0.76
SpiralScanPath_13,2,1.0,matched_model,censored,108,0.05,1033,533.5937616966941,0.005136192071881473,3.359679969859882,-0.18564657667958046,6.778048968111846,0.76
SpiralScanPath_13,2,1.0,matched_model,censored,108,0.1,1033,266.9244779539486,0.012163806322124151,3.3430952185436844,-0.1530598765294985,6.779078352393239,0.76
SpiralScanPath_13,2,1.0,matched_model,censored,108,0.25,1033,81.50381619577489,0.03612778996907528,3.31069213516479,-0.08449082406523303,6.661479764021201,0.76
SpiralScanPath_13,2,1.0,matched_model,censored,108,0.5,1033,30.600495270011983,0.07303256556909539,3.296220137467389,-0.04422114287711338,6.4213135407202415,0.72
SpiralScanPath_13,2,1.0,matched_model,censored,108,1.0,1033,11.36551813754931,0.17041346234469262,3.304090520387577,-0.1519233421128547,6.005018840642667,0.72
SpiralScanPath_13,2,2.0,real,0.1,22,0.0,1033,1199.0,0.0008340283569641369,3.362620016165923,-0.2401617606399941,6.808202203483092,0.76
SpiralScanPath_13,2,2.0,real,0.1,22,0.01,1033,1138.6777576850195,0.0012057523923277682,3.356668363479808,-0.2319709193928202,6.803664144323659,0.76
SpiralScanPath_13,2,2.0,real,0.1,22,0.05,1033,751.7341899268688,0.003199074898679164,3.348431083901059,-0.21363464663483683,6.814690399619763,0.76
SpiralScanPath_13,2,2.0,real,0.1,22,0.1,1033,477.028056332686,0.006765284317949868,3.347088101084756,-0.2030352709072008,6.78314858409369,0.76
SpiralScanPath_13,2,2.0,real,0.1,22,0.25,1033,144.58923273944148,0.028423856704705413,3.340803314079819,-0.20399738344018714,6.654944192884184,0.76
SpiralScanPath_13,2,2.0,real,0.1,22,0.5,1033,28.343924783322276,0.09959655880781741,3.3202132802945603,-0.2534985601011499,6.351270355626372,0.8
SpiralScanPath_13,2,2.0,real,0.1,22,1.0,1033,6.364737511210761,0.2620196673882692,3.3504146756405158,-0.5013114821841418,4.9255355281379005,0.64
SpiralScanPath_13,2,2.0,real,0.25,55,0.0,1033,1199.0,0.0008340283569641369,3.362620016165923,-0.2401617606399941,6.808202203483092,0.76
SpiralScanPath_13,2,2.0,real,0.25,55,0.01,1033,1134.7136580994163,0.00127884555063608,3.357576386167631,-0.230407322558965,6.7928402443595015,0.76
SpiralScanPath_13,2,2.0,real,0.25,55,0.05,1033,699.3711809955173,0.003967476073281611,3.347368318495364,-0.2082576506620012,6.780642440126526,0.76
SpiralScanPath_13,2,2.0,real,0.25,55,0.1,1033,338.3675830798092,0.009798375680785143,3.3497960998100265,-0.21334917514592233,6.7139571276152425,0.72
SpiralScanPath_13,2,2.0,real,0.25,55,0.25,1033,37.8175294428484,0.06197448691827659,3.396043550523195,-0.3627313184041759,6.485303753001995,0.68
SpiralScanPath_13,2,2.0,real,0.25,55,0.5,1033,10.984047615710097,0.1497713497152401,3.422518618679797,-0.5187121368565432,5.7286398170711275,0.68
SpiralScanPath_13,2,2.0,real,0.25,55,1.0,1033,5.979915956855548,0.24665372473220107,3.4257109982708562,-0.5666216173841394,4.648494230006367,0.64
SpiralScanPath_13,2,2.0,real,0.5,110,0.0,1033,1199.0,0.0008340283569641369,3.362620016165923,-0.2401617606399941,6.808202203483092,0.76
SpiralScanPath_13,2,2.0,real,0.5,110,0.01,1033,1127.8686699402213,0.0013609959266438524,3.358566548608986,-0.23068406134281078,6.792514043440454,0.76
SpiralScanPath_13,2,2.0,real,0.5,110,0.05,1033,581.1311008476175,0.005961849563175521,3.348256298475899,-0.2169069956872636,6.760780207657031,0.76
SpiralScanPath_13,2,2.0,real,0.5,110,0.1,1033,141.03130764867015,0.04116078130712428,3.3384217724664835,-0.23681911081800308,6.606239100175503,0.76
SpiralScanPath_13,2,2.0,real,0.5,110,0.25,1033,3.9784174322758936,0.48380380472982704,3.6556468927627264,-0.4389073525362346,5.534131670785655,0.64
SpiralScanPath_13,2,2.0,real,0.5,110,0.5,1033,1.1492338607925,0.9321291205431045,4.160518920237362,-0.5866330594652731,2.126718308118077,0.16
SpiralScanPath_13,2,2.0,real,0.5,110,1.0,1033,1.0029471323645236,0.998528891676849,4.2311718702533625,-0.5967325652622231,0.0,0.0
SpiralScanPath_13,2,2.0,real,1.0,221,0.0,1033,1199.0,0.0008340283569641369,3.362620016165923,-0.2401617606399941,6.808202203483092,0.76
SpiralScanPath_13,2,2.0,real,1.0,221,0.01,1033,1117.251887197004,0.001527652408090314,3.355986893125964,-0.22252188144045476,6.796983252042349,0.76
SpiralScanPath_13,2,2.0,real,1.0,221,0.05,1033,425.9386833906273,0.009782821828643238,3.333852410458008,-0.15169340948392346,6.785881210144094,0.76
SpiralScanPath_13,2,2.0,real,1.0,221,0.1,1033,72.14861421428901,0.048158488437850054,3.286362380914566,-0.006674818508895441,6.918940917967923,0.76
SpiralScanPath_13,2,2.0,real,1.0,221,0.25,1033,8.182371078270316,0.25105477691259537,3.3445135240275645,0.3145000183933848,6.087273098955975,0.68
SpiralScanPath_13,2,2.0,real,1.0,221,0.5,1033,2.8802928930489795,0.5163610022835763,3.5610985430323763,0.5395595616758806,4.549644461556902,0.56
SpiralScanPath_13,2,2.0,real,1.0,221,1.0,1033,1.5796676387159663,0.7679697240569324,3.7410830417928884,0.6652760937091716,2.0999668450846434,0.2
SpiralScanPath_13,2,2.0,real,unsaturated,113,0.0,1033,1199.0,0.0008340283569641369,3.362620016165923,-0.2401617606399941,6.808202203483092,0.76
SpiralScanPath_13,2,2.0,real,unsaturated,113,0.01,1033,1119.8781771917963,0.0014676160855735772,3.3561566581166695,-0.23007078035563608,6.792386952762238,0.76
SpiralScanPath_13,2,2.0,real,unsaturated,113,0.05,1033,444.0612329180464,0.012715514906048294,3.343374536565094,-0.1970585114993628,6.741486503692718,0.76
SpiralScanPath_13,2,2.0,real,unsaturated,113,0.1,1033,46.204639076462875,0.10491849703640926,3.3661035749297428,-0.12950329666918606,6.506936005160473,0.72
SpiralScanPath_13,2,2.0,real,unsaturated,113,0.25,1033,2.000902479853797,0.6732388072646635,3.76200247714743,0.0630656040481449,3.56115939583221,0.4
SpiralScanPath_13,2,2.0,real,unsaturated,113,0.5,1033,1.203586307537709,0.906938084450753,4.008463181116256,0.25884942603735456,1.880091554540236,0.28
SpiralScanPath_13,2,2.0,real,unsaturated,113,1.0,1033,1.0202124302658853,0.9899938967406552,4.114068889528439,0.3611531058065839,0.0,0.0
SpiralScanPath_13,2,2.0,real,censored,108,0.0,1033,1199.0,0.0008340283569641369,3.362620016165923,-0.2401617606399941,6.808202203483092,0.76
SpiralScanPath_13,2,2.0,real,censored,108,0.01,1033,1195.0871679000593,0.0009491021393166359,3.3622574807476755,-0.2328803580822364,6.7879945980777645,0.76
SpiralScanPath_13,2,2.0,real,censored,108,0.05,1033,1143.1556076820584,0.001426197081191885,3.3614212202787956,-0.21020812873904787,6.790192323314198,0.76
SpiralScanPath_13,2,2.0,real,censored,108,0.1,1033,1059.199494171057,0.0020551673316320223,3.3609613114626042,-0.19018282376535353,6.784870686572992,0.76
SpiralScanPath_13,2,2.0,real,censored,108,0.25,1033,834.2099936310149,0.0040638930876210596,3.3605182632774087,-0.1531928220911618,6.78768737662954,0.76
SpiralScanPath_13,2,2.0,real,censored,108,0.5,1033,590.4553324076545,0.0074699836655670315,3.360150475386001,-0.12350816125052688,6.767442107508803,0.76
SpiralScanPath_13,2,2.0,real,censored,108,1.0,1033,352.85574338609365,0.013732540248419207,3.360534109072213,-0.1038218667896831,6.71778188395638,0.76
SpiralScanPath_13,2,2.0,matched_model,0.1,22,0.0,1033,1199.0,0.0008340283569641369,3.362620016165923,-0.2401617606399941,6.808202203483092,0.76
SpiralScanPath_13,2,2.0,matched_model,0.1,22,0.01,1033,1194.1586962534361,0.0010007990812235413,3.361417647136903,-0.23809205448830653,6.78804957426194,0.76
SpiralScanPath_13,2,2.0,matched_model,0.1,22,0.05,1033,1103.2834559562061,0.0020497899864551795,3.3581698823955457,-0.2299877657403249,6.801396355240704,0.76
SpiralScanPath_13,2,2.0,matched_model,0.1,22,0.1,1033,882.4390412457678,0.004394469798961306,3.357452004084246,-0.21779546033628777,6.808419679659851,0.76
SpiralScanPath_13,2,2.0,matched_model,0.1,22,0.25,1033,241.62540075379715,0.02137711018981417,3.3826472690131277,-0.17324730484199108,6.816177268355846,0.76
SpiralScanPath_13,2,2.0,matched_model,0.1,22,0.5,1033,36.92304001351781,0.08829826123338935,3.46274589563949,-0.17673266762024242,6.462824265974036,0.68
SpiralScanPath_13,2,2.0,matched_model,0.1,22,1.0,1033,6.7437666318459595,0.2794983013913744,3.5713704910185204,-0.21110315972580337,5.307361680388538,0.64
SpiralScanPath_13,2,2.0,matched_model,0.25,55,0.0,1033,1199.0,0.0008340283569641369,3.362620016165923,-0.2401617606399941,6.808202203483092,0.76
SpiralScanPath_13,2,2.0,matched_model,0.25,55,0.01,1033,1185.7740849802208,0.0011618216348456677,3.361691576485047,-0.23883913231624093,6.789074124916579,0.76
SpiralScanPath_13,2,2.0,matched_model,0.25,55,0.05,1033,902.5170286838204,0.0033236062019681586,3.357012480253066,-0.23090224556973227,6.7947490249250855,0.76
SpiralScanPath_13,2,2.0,matched_model,0.25,55,0.1,1033,325.65799467028734,0.016452073877303033,3.347372230700665,-0.20395051874576894,6.705508138404894,0.76
SpiralScanPath_13,2,2.0,matched_model,0.25,55,0.25,1033,15.6001421105806,0.18111568811536116,3.3359566312868094,-0.10078734591543252,5.8990009157593475,0.72
SpiralScanPath_13,2,2.0,matched_model,0.25,55,0.5,1033,3.27402614523073,0.5122856702952306,3.425609520271814,-0.17723712774098202,4.448702754826477,0.56
SpiralScanPath_13,2,2.0,matched_model,0.25,55,1.0,1033,1.3370062320282736,0.8592245895518421,3.5340770638962296,-0.34590117931513303,2.045894831432167,0.32
SpiralScanPath_13,2,2.0,matched_model,0.5,110,0.0,1033,1199.0,0.0008340283569641369,3.362620016165923,-0.2401617606399941,6.808202203483092,0.76
SpiralScanPath_13,2,2.0,matched_model,0.5,110,0.01,1033,1170.4668894546785,0.0013798213498414536,3.3615430508537965,-0.2403858901986132,6.787764692354135,0.76
SpiralScanPath_13,2,2.0,matched_model,0.5,110,0.05,1033,540.5890240054124,0.011512229749346702,3.3571158706730415,-0.2507792911465231,6.843698917710262,0.76
SpiralScanPath_13,2,2.0,matched_model,0.5,110,0.1,1033,39.01556418623599,0.11620685432058883,3.3266207385286326,-0.2329211881999504,6.814013524766117,0.76
SpiralScanPath_13,2,2.0,matched_model,0.5,110,0.25,1033,2.0010633733585346,0.6883189260064912,3.4287024254851812,-0.39808238353780323,3.972790353758744,0.6
SpiralScanPath_13,2,2.0,matched_model,0.5,110,0.5,1033,1.1099725057147152,0.9480708278285068,3.6828551168713246,-0.6333329748829124,2.007845146319312,0.4
SpiralScanPath_13,2,2.0,matched_model,0.5,110,1.0,1033,1.0046391917840196,0.9976857940668805,3.759731615596529,-0.696368122067031,0.0,0.0
SpiralScanPath_13,2,2.0,matched_model,1.0,221,0.0,1033,1199.0,0.0008340283569641369,3.362620016165923,-0.2401617606399941,6.808202203483092,0.76
SpiralScanPath_13,2,2.0,matched_model,1.0,221,0.01,1033,1046.746760799296,0.0020423918711528406,3.3638152137710398,-0.21725736375086854,6.784547037241129,0.76
SpiralScanPath_13,2,2.0,matched_model,1.0,221,0.05,1033,96.93199904049162,0.070720215012282,3.387526224011668,-0.18140649945606355,6.628780071618594,0.72
SpiralScanPath_13,2,2.0,matched_model,1.0,221,0.1,1033,3.4602175303467053,0.5208171216866648,3.5159075181494748,-0.1804903955185273,5.098839338522903,0.64
SpiralScanPath_13,2,2.0,matched_model,1.0,221,0.25,1033,1.0468721442223818,0.9772556581870943,3.599860669536838,-0.28370288377005864,0.0,0.0
SpiralScanPath_13,2,2.0,matched_model,1.0,221,0.5,1033,1.000414378368918,0.9997928600480597,3.6024820949290395,-0.29436396759834677,0.0,0.0
SpiralScanPath_13,2,2.0,matched_model,1.0,221,1.0,1033,1.0000000605576826,0.9999999697211597,3.602471954275193,-0.2944872663622277,0.0,0.0
SpiralScanPath_13,2,2.0,matched_model,unsaturated,113,0.0,1033,1199.0,0.0008340283569641369,3.362620016165923,-0.2401617606399941,6.808202203483092,0.76
SpiralScanPath_13,2,2.0,matched_model,unsaturated,113,0.01,1033,1150.3916158325294,0.001956529246716374,3.3601345370058557,-0.2382277258306135,6.796804905372726,0.76
SpiralScanPath_13,2,2.0,matched_model,unsaturated,113,0.05,1033,87.29318453616821,0.08799978816911655,3.357540124063275,-0.36810551580369066,6.817556958831822,0.8
SpiralScanPath_13,2,2.0,matched_model,unsaturated,113,0.1,1033,2.138839407057543,0.6759422722299552,3.6567846578363663,-1.2957992223784913,5.274921117041843,0.72
SpiralScanPath_13,2,2.0,matched_model,unsaturated,113,0.25,1033,1.0150364672602326,0.9925453783767698,3.976141491729838,-1.8901012970283182,0.0,0.0
SpiralScanPath_13,2,2.0,matched_model,unsaturated,113,0.5,1033,1.000081106837525,0.9999594482534107,3.98350501307661,-1.9052566147455878,0.0,0.0
SpiralScanPath_13,2,2.0,matched_model,unsaturated,113,1.0,1033,1.0000000031782292,0.9999999984108854,3.9835414243790273,-1.9053362083022989,0.0,0.0
SpiralScanPath_13,2,2.0,matched_model,censored,108,0.0,1033,1199.0,0.0008340283569641369,3.362620016165923,-0.2401617606399941,6.808202203483092,0.76
SpiralScanPath_13,2,2.0,matched_model,censored,108,0.01,1033,1084.0934114845256,0.0014951796579973683,3.3670212262639985,-0.22132622683075623,6.7925694050915055,0.76
SpiralScanPath_13,2,2.0,matched_model,censored,108,0.05,1033,546.0790901500089,0.005999647538752018,3.3593082279372073,-0.1766360677707553,6.771717807844691,0.76
SpiralScanPath_13,2,2.0,matched_model,censored,108,0.1,1033,277.90081525730545,0.014807969238002336,3.3426979866517694,-0.1364417016033235,6.784249784505209,0.76
SpiralScanPath_13,2,2.0,matched_model,censored,108,0.25,1033,78.87616769093663,0.042396538071680395,3.3208502483841813,-0.055933521434067185,6.740033992671995,0.76
SpiralScanPath_13,2,2.0,matched_model,censored,108,0.5,1033,21.43966093996473,0.1498375672557266,3.3494618201189748,0.015087924830038447,6.4560054042653,0.72
SpiralScanPath_13,2,2.0,matched_model,censored,108,1.0,1033,3.3517965828503224,0.5235769075162815,3.540760609523162,0.08768569403893026,5.458563731413594,0.64
SpiralScanPath_13,2,4.0,real,0.1,22,0.0,1033,1199.0,0.0008340283569641369,3.362620016165923,-0.2401617606399941,6.808202203483092,0.76
SpiralScanPath_13,2,4.0,real,0.1,22,0.01,1033,1135.1132985990696,0.0013075935152115719,3.3570388189242872,-0.23128269491621495,6.801108919170906,0.76
SpiralScanPath_13,2,4.0,real,0.1,22,0.05,1033,729.5474794087131,0.0037455081710154373,3.3520455886555327,-0.21363734219150274,6.811242894975972,0.76
SpiralScanPath_13,2,4.0,real,0.1,22,0.1,1033,393.1301952746937,0.009405114033123949,3.3545873600826615,-0.2052776774290237,6.729707420917441,0.76
SpiralScanPath_13,2,4.0,real,0.1,22,0.25,1033,55.85383075184164,0.06964441135996915,3.3659952430890465,-0.26883802942215196,6.476345887001227,0.76
SpiralScanPath_13,2,4.0,real,0.1,22,0.5,1033,7.186449449573244,0.3124033458486633,3.4383392709994363,-0.6661905254785779,5.482289997991886,0.64
SpiralScanPath_13,2,4.0,real,0.1,22,1.0,1033,1.8433130851129453,0.7209927368981033,3.703030007086948,-1.4000562104258074,3.638079839227371,0.44
SpiralScanPath_13,2,4.0,real,0.25,55,0.0,1033,1199.0,0.0008340283569641369,3.362620016165923,-0.2401617606399941,6.808202203483092,0.76
SpiralScanPath_13,2,4.0,real,0.25,55,0.01,1033,1124.5930152643773,0.0014309859698572102,3.3589410166350406,-0.2288430908207033,6.794507677650183,0.76
SpiralScanPath_13,2,4.0,real,0.25,55,0.05,1033,538.9118008561829,0.007585825794434606,3.3557433819882836,-0.21149349194996375,6.737254871055202,0.76
SpiralScanPath_13,2,4.0,real,0.25,55,0.1,1033,75.71705469141034,0.06031412410898501,3.391687969918899,-0.2451469916615679,6.55588582873602,0.72
SpiralScanPath_13,2,4.0,real,0.25,55,0.25,1033,3.961639648205387,0.3890011960351573,3.6555260237004124,-0.204960479575725,4.779424010728678,0.6
SpiralScanPath_13,2,4.0,real,0.25,55,0.5,1033,2.05372288046917,0.599507133464587,3.842617639600115,-0.0617857105265557,2.3647250880749313,0.28
SpiralScanPath_13,2,4.0,real,0.25,55,1.0,1033,1.6321304271822081,0.738126082580023,3.9231267956579994,-0.014149353076873013,1.763695291970771,0.24
SpiralScanPath_13,2,4.0,real,0.5,110,0.0,1033,1199.0,0.0008340283569641369,3.362620016165923,-0.2401617606399941,6.808202203483092,0.76
SpiralScanPath_13,2,4.0,real,0.5,110,0.01,1033,1104.6223877124723,0.0016035698338578899,3.3607501359081557,-0.22873103883135174,6.794826828924356,0.76
SpiralScanPath_13,2,4.0,real,0.5,110,0.05,1033,282.92808494114365,0.017787997497028744,3.3584123643044985,-0.22767699249813178,6.7049129243407215,0.76
SpiralScanPath_13,2,4.0,real,0.5,110,0.1,1033,38.5018685379779,0.08550799016236382,3.3967061032135435,-0.25224616539896033,6.392236272308578,0.68
SpiralScanPath_13,2,4.0,real,0.5,110,0.25,1033,4.356257763723752,0.35571965733763977,3.698508554846762,-0.4390076981505308,5.078735011205691,0.64
SpiralScanPath_13,2,4.0,real,0.5,110,0.5,1033,2.1470396894016357,0.5511891482863349,3.915552767429132,-0.5385472028072446,2.30128376930028,0.16
SpiralScanPath_13,2,4.0,real,0.5,110,1.0,1033,1.8324067259726624,0.6522910031364518,3.939275082082606,-0.5405441692181762,1.8704771250887553,0.16
SpiralScanPath_13,2,4.0,real,1.0,221,0.0,1033,1199.0,0.0008340283569641369,3.362620016165923,-0.2401617606399941,6.808202203483092,0.76
SpiralScanPath_13,2,4.0,real,1.0,221,0.01,1033,1068.2171195867334,0.001948684512521079,3.357895111630656,-0.212348509734079,6.7923201665405415,0.76
SpiralScanPath_13,2,4.0,real,1.0,221,0.05,1033,92.64313947690695,0.06613165376774072,3.372130397016327,-0.025156563542225285,6.844266669520384,0.76
SpiralScanPath_13,2,4.0,real,1.0,221,0.1,1033,4.871378248821542,0.43925478071251556,3.47402636026607,0.37514817390544747,6.428568133562514,0.68
SpiralScanPath_13,2,4.0,real,1.0,221,0.25,1033,1.034258138335575,0.9832807552537524,3.8327019440563093,0.7463699036551066,0.0,0.0
SpiralScanPath_13,2,4.0,real,1.0,221,0.5,1033,1.0000735663721763,0.9999632186876236,3.847675524439564,0.7549613378204117,0.0,0.0
SpiralScanPath_13,2,4.0,real,1.0,221,1.0,1033,1.0000000006226628,0.9999999996886686,3.847707391149739,0.7549770500632758,0.0,0.0
SpiralScanPath_13,2,4.0,real,unsaturated,113,0.0,1033,1199.0,0.0008340283569641369,3.362620016165923,-0.2401617606399941,6.808202203483092,0.76
SpiralScanPath_13,2,4.0,real,unsaturated,113,0.01,1033,1077.9839680750147,0.0018881005989079208,3.358059780439571,-0.22653273675900892,6.786456403281152,0.76
SpiralScanPath_13,2,4.0,real,unsaturated,113,0.05,1033,100.41310697194227,0.04906195187699675,3.420175435737668,-0.14033220579623504,6.638879796845358,0.72
SpiralScanPath_13,2,4.0,real,unsaturated,113,0.1,1033,8.106367182571798,0.25197340772710447,3.6655676270807884,-0.004484141338198242,5.490699701939743,0.64
SpiralScanPath_13,2,4.0,real,unsaturated,113,0.25,1033,2.423719527218248,0.5948143282079589,3.917056092873697,0.149781860453852,3.4525344970132505,0.36
SpiralScanPath_13,2,4.0,real,unsaturated,113,0.5,1033,1.3433527139850725,0.8575218699284373,4.0599940605831515,0.2873071142203548,2.5142064029299083,0.28
SpiralScanPath_13,2,4.0,real,unsaturated,113,1.0,1033,1.024705928063885,0.987826032222723,4.12363776469834,0.3664893030840949,0.0,0.0
SpiralScanPath_13,2,4.0,real,censored,108,0.0,1033,1199.0,0.0008340283569641369,3.362620016165923,-0.2401617606399941,6.808202203483092,0.76
SpiralScanPath_13,2,4.0,real,censored,108,0.01,1033,1188.001132603536,0.0010559533052469626,3.3617642344834584,-0.22589016811233933,6.78304069903418,0.76
SpiralScanPath_13,2,4.0,real,censored,108,0.05,1033,1082.7658748208366,0.0019524788066446017,3.3599094264774374,-0.18952522461055424,6.7845650676631,0.76
SpiralScanPath_13,2,4.0,real,censored,108,0.1,1033,944.9614991690283,0.0030556913196845663,3.358331656312105,-0.16349200207803277,6.781295768813252,0.76
SpiralScanPath_13,2,4.0,real,censored,108,0.25,1033,644.498489969281,0.0060331052346222465,3.35531552268855,-0.1251052642939112,6.750650680156021,0.76
SpiralScanPath_13,2,4.0,real,censored,108,0.5,1033,393.91297834388854,0.011565671946791208,3.3566500838371702,-0.1012173461878956,6.674589897835299,0.76
SpiralScanPath_13,2,4.0,real,censored,108,1.0,1033,210.99286106853427,0.020439169641435804,3.3606002860513704,-0.0903335943602201,6.563570230846092,0.76
SpiralScanPath_13,2,4.0,matched_model,0.1,22,0.0,1033,1199.0,0.0008340283569641369,3.362620016165923,-0.2401617606399941,6.808202203483092,0.76
SpiralScanPath_13,2,4.0,matched_model,0.1,22,0.01,1033,1188.169941544949,0.0010962354255736122,3.3609586032067114,-0.23648555163124685,6.790101713184133,0.76
SpiralScanPath_13,2,4.0,matched_model,0.1,22,0.05,1033,1003.0174395661116,0.00309792866547546,3.3587843301342986,-0.2221633310678385,6.797911476728377,0.76
SpiralScanPath_13,2,4.0,matched_model,0.1,22,0.1,1033,616.3626306545589,0.008443638412164247,3.3614276405398513,-0.19654051763201552,6.781723194080334,0.76
SpiralScanPath_13,2,4.0,matched_model,0.1,22,0.25,1033,57.77234489260355,0.0779985278710881,3.36308046912463,-0.1261404388218284,6.502547079184019,0.72
SpiralScanPath_13,2,4.0,matched_model,0.1,22,0.5,1033,5.116313188832849,0.364145427103938,3.3295804771663193,-0.1022718451991227,4.7030931445516835,0.6
SpiralScanPath_13,2,4.0,matched_model,0.1,22,1.0,1033,1.9772717521572973,0.6786877732376082,3.288221546420329,-0.0879121876439217,2.828479116397139,0.4
SpiralScanPath_13,2,4.0,matched_model,0.25,55,0.0,1033,1199.0,0.0008340283569641369,3.362620016165923,-0.2401617606399941,6.808202203483092,0.76
SpiralScanPath_13,2,4.0,matched_model,0.25,55,0.01,1033,1169.7364251959061,0.0013507426158618746,3.362252138264695,-0.2366734150364391,6.790693479880424,0.76
SpiralScanPath_13,2,4.0,matched_model,0.25,55,0.05,1033,573.2541046060384,0.008387276162556209,3.3617766386062233,-0.21202093009914505,6.744201927612637,0.76
SpiralScanPath_13,2,4.0,matched_model,0.25,55,0.1,1033,85.67471593769989,0.038519666240572854,3.3663112164055398,-0.1540665749914092,6.44322867798285,0.68
SpiralScanPath_13,2,4.0,matched_model,0.25,55,0.25,1033,9.460403775414978,0.1673061042380273,3.374676537641804,-0.0719531245116309,5.273156040486239,0.68
SpiralScanPath_13,2,4.0,matched_model,0.25,55,0.5,1033,5.191417671728256,0.26493295965455166,3.4019431777277043,-0.03075217920095838,4.733893086981252,0.6
SpiralScanPath_13,2,4.0,matched_model,0.25,55,1.0,1033,3.485049152891806,0.3643830713917812,3.451401289473037,0.013668180517206564,3.940982260046619,0.52
SpiralScanPath_13,2,4.0,matched_model,0.5,110,0.0,1033,1199.0,0.0008340283569641369,3.362620016165923,-0.2401617606399941,6.808202203483092,0.76
SpiralScanPath_13,2,4.0,matched_model,0.5,110,0.01,1033,1137.2538206819318,0.0015415714326321038,3.3631395797053307,-0.23990733830688213,6.791633947826719,0.76
SpiralScanPath_13,2,4.0,matched_model,0.5,110,0.05,1033,135.4294128027106,0.03676006090459965,3.3504473223126783,-0.21733404138130935,6.998261807204658,0.72
SpiralScanPath_13,2,4.0,matched_model,0.5,110,0.1,1033,10.07784324132977,0.202891770638641,3.2923985188226847,0.009151580514831038,5.965335489494037,0.76
SpiralScanPath_13,2,4.0,matched_model,0.5,110,0.25,1033,2.878451693131824,0.4747052122146462,3.215589407140522,0.29042120921479636,4.669125539061545,0.6
SpiralScanPath_13,2,4.0,matched_model,0.5,110,0.5,1033,1.925452032001939,0.6486448115258897,3.2756805264015427,0.3386385495737045,2.692677697060435,0.44
SpiralScanPath_13,2,4.0,matched_model,0.5,110,1.0,1033,1.4454630623571025,0.8101148641608283,3.4858735650498756,0.2998535685205434,2.2238862583016656,0.36
SpiralScanPath_13,2,4.0,matched_model,1.0,221,0.0,1033,1199.0,0.0008340283569641369,3.362620016165923,-0.2401617606399941,6.808202203483092,0.76
SpiralScanPath_13,2,4.0,matched_model,1.0,221,0.01,1033,984.5374680676337,0.0026979509387817183,3.364755725465126,-0.2103489681919541,6.780999231633598,0.76
SpiralScanPath_13,2,4.0,matched_model,1.0,221,0.05,1033,13.907522032041626,0.21153956877643423,3.5166161088360375,-0.09893972348369288,6.061261360685207,0.68
SpiralScanPath_13,2,4.0,matched_model,1.0,221,0.1,1033,2.327760230386769,0.6151704923106497,3.5845791543479804,-0.09833213871840371,3.024245447471592,0.48
SpiralScanPath_13,2,4.0,matched_model,1.0,221,0.25,1033,1.1403521231153422,0.935187773689771,3.5860925482392987,-0.25803155745692946,1.756457229975065,0.2
SpiralScanPath_13,2,4.0,matched_model,1.0,221,0.5,1033,1.0053669463948363,0.9973247945791446,3.6014791114418148,-0.2930380651606015,0.0,0.0
SpiralScanPath_13,2,4.0,matched_model,1.0,221,1.0,1033,1.0000099694146962,0.9999950153187205,3.6024696535705774,-0.2944846931350344,0.0,0.0
SpiralScanPath_13,2,4.0,matched_model,unsaturated,113,0.0,1033,1199.0,0.0008340283569641369,3.362620016165923,-0.2401617606399941,6.808202203483092,0.76
SpiralScanPath_13,2,4.0,matched_model,unsaturated,113,0.01,1033,1082.6496777164757,0.003095613896613755,3.3608898171844035,-0.23924414972113253,6.803606660923438,0.76
SpiralScanPath_13,2,4.0,matched_model,unsaturated,113,0.05,1033,10.877803439997665,0.262578843717992,3.4555373773053026,-0.5867266448972418,6.295231491241013,0.8
SpiralScanPath_13,2,4.0,matched_model,unsaturated,113,0.1,1033,1.7272729660628914,0.7433065914515891,3.773577545618937,-1.3957602782728942,4.173376922151108,0.48
SpiralScanPath_13,2,4.0,matched_model,unsaturated,113,0.25,1033,1.0420981758854984,0.979390673241828,3.965511731726156,-1.8650149458499072,0.0,0.0
SpiralScanPath_13,2,4.0,matched_model,unsaturated,113,0.5,1033,1.00082650645375,0.9995869175510483,3.983176133921491,-1.9045319242534107,0.0,0.0
SpiralScanPath_13,2,4.0,matched_model,unsaturated,113,1.0,1033,1.0000003409933533,0.9999998295033524,3.983541274985746,-1.9053358794705741,0.0,0.0
SpiralScanPath_13,2,4.0,matched_model,censored,108,0.0,1033,1199.0,0.0008340283569641369,3.362620016165923,-0.2401617606399941,6.808202203483092,0.76
SpiralScanPath_13,2,4.0,matched_model,censored,108,0.01,1033,1081.415304746393,0.0016431755886665896,3.3666588763898693,-0.215355924051521,6.7820428651214,0.76
SpiralScanPath_13,2,4.0,matched_model,censored,108,0.05,1033,544.0030839485028,0.00739852586412538,3.354231711346062,-0.1544340469141548,6.776112073581637,0.76
SpiralScanPath_13,2,4.0,matched_model,censored,108,0.1,1033,259.08904565694223,0.017748236464898717,3.3294846527707156,-0.09770306888793356,6.781857098493276,0.76
SpiralScanPath_13,2,4.0,matched_model,censored,108,0.25,1033,54.65064722115351,0.054591380316289635,3.2587280008078574,0.0001282129694163814,6.778829355687044,0.76
SpiralScanPath_13,2,4.0,matched_model,censored,108,0.5,1033,12.807050968324905,0.19002842994007027,3.1293757254280625,-0.0052284871814435975,6.074543993238094,0.72
SpiralScanPath_13,2,4.0,matched_model,censored,108,1.0,1033,3.4901010317865713,0.4756758389440868,2.969034362625047,-0.053713071585157195,4.4158189602532545,0.6
