trajectory,family,role,level_index,model,region,bias_K_change,error_at_true_peak_K_change,peak_absolute_error_K_change,peak_signed_error_K_change,rmse_K_change
DiagonalScanPath_1,Diagonal,heldout,0,shared_physics_prior,overall,0.0,0.0,0.0,0.0,0.0
DiagonalScanPath_1,Diagonal,heldout,0,shared_physics_prior,top_1pct,0.0,0.0,0.0,0.0,0.0
DiagonalScanPath_1,Diagonal,heldout,0,shared_physics_prior,observed_censored,0.0,0.0,0.0,0.0,0.0
DiagonalScanPath_1,Diagonal,heldout,0,B,overall,0.0,0.0,0.0,0.0,0.0
DiagonalScanPath_1,Diagonal,heldout,0,B,top_1pct,0.0,0.0,0.0,0.0,0.0
DiagonalScanPath_1,Diagonal,heldout,0,B,observed_censored,0.0,0.0,0.0,0.0,0.0
DiagonalScanPath_1,Diagonal,heldout,0,C,overall,0.0,0.0,0.0,0.0,0.0
DiagonalScanPath_1,Diagonal,heldout,0,C,top_1pct,0.0,0.0,0.0,0.0,0.0
DiagonalScanPath_1,Diagonal,heldout,0,C,observed_censored,0.0,0.0,0.0,0.0,0.0
DiagonalScanPath_1,Diagonal,heldout,1,shared_physics_prior,overall,0.0415181369405343,0.1781176184222204,0.1781176184222204,0.1781176184222204,0.13483825915628322
DiagonalScanPath_1,Diagonal,heldout,1,shared_physics_prior,top_1pct,-0.1652816505052965,0.1781176184222204,0.1781176184222204,0.1781176184222204,0.18761196376666955
DiagonalScanPath_1,Diagonal,heldout,1,shared_physics_prior,observed_censored,0.20746651010923345,0.1781176184222204,0.1781176184222204,0.1781176184222204,0.10871469088821639
DiagonalScanPath_1,Diagonal,heldout,1,B,overall,0.11945333465508531,-0.13712071609955956,-0.13712071609955956,-0.13712071609955956,0.3365357604178989
DiagonalScanPath_1,Diagonal,heldout,1,B,top_1pct,-0.19626752125560887,-0.13712071609955956,-0.13712071609955956,-0.13712071609955956,0.05025144512195556
DiagonalScanPath_1,Diagonal,heldout,1,B,observed_censored,0.7012111508978713,-0.13712071609955956,-0.13712071609955956,-0.13712071609955956,0.6631867746471896
DiagonalScanPath_1,Diagonal,heldout,1,C,overall,0.06467833948883037,0.03543777349108268,0.03543777349108268,0.03543777349108268,0.1870009049722543
DiagonalScanPath_1,Diagonal,heldout,1,C,top_1pct,-0.12330333895201417,0.03543777349108268,0.03543777349108268,0.03543777349108268,0.12774209863914
DiagonalScanPath_1,Diagonal,heldout,1,C,observed_censored,0.3539897303335726,0.03543777349108268,0.03543777349108268,0.03543777349108268,0.2543286804655951
DiagonalScanPath_1,Diagonal,heldout,2,shared_physics_prior,overall,0.1295457029010472,0.22849462807170084,0.22849462807170084,0.22849462807170084,0.3309506387471872
DiagonalScanPath_1,Diagonal,heldout,2,shared_physics_prior,top_1pct,-0.45116092200777524,0.22849462807170084,0.22849462807170084,0.22849462807170084,0.231162648544323
DiagonalScanPath_1,Diagonal,heldout,2,shared_physics_prior,observed_censored,0.6698503191740763,0.22849462807170084,0.22849462807170084,0.22849462807170084,0.29868403872031557
DiagonalScanPath_1,Diagonal,heldout,2,B,overall,0.26063934237428776,-0.4835194849802633,-0.4835194849802633,-0.4835194849802633,0.5909028237328777
DiagonalScanPath_1,Diagonal,heldout,2,B,top_1pct,-0.5160962574297925,-0.4835194849802633,-0.4835194849802633,-0.4835194849802633,-0.08051209938920767
DiagonalScanPath_1,Diagonal,heldout,2,B,observed_censored,0.9173820018535781,-0.4835194849802633,-0.4835194849802633,-0.4835194849802633,0.7387928145558886
DiagonalScanPath_1,Diagonal,heldout,2,C,overall,0.16654934057878049,0.12458481374574149,0.12458481374574149,0.12458481374574149,0.387064253150211
DiagonalScanPath_1,Diagonal,heldout,2,C,top_1pct,-0.3532011630317061,0.12458481374574149,0.12458481374574149,0.12458481374574149,0.14034384350706208
DiagonalScanPath_1,Diagonal,heldout,2,C,observed_censored,0.7416634143236878,0.12458481374574149,0.12458481374574149,0.12458481374574149,0.42097752480638695
DiagonalScanPath_1,Diagonal,heldout,3,shared_physics_prior,overall,0.18712951295394584,0.00346386409336219,0.00346386409336219,0.00346386409336219,0.43642202794518237
DiagonalScanPath_1,Diagonal,heldout,3,shared_physics_prior,top_1pct,-0.5557156601073985,0.00346386409336219,0.00346386409336219,0.00346386409336219,0.2828037275056876
DiagonalScanPath_1,Diagonal,heldout,3,shared_physics_prior,observed_censored,0.4508971641284403,0.00346386409336219,0.00346386409336219,0.00346386409336219,0.1081208332054664
DiagonalScanPath_1,Diagonal,heldout,3,B,overall,0.5432818977962621,-0.6775490298443856,-0.6775490298443856,-0.6775490298443856,0.8738941524130013
DiagonalScanPath_1,Diagonal,heldout,3,B,top_1pct,-0.6636896833584229,-0.6775490298443856,-0.6775490298443856,-0.6775490298443856,-0.0841068094183468
DiagonalScanPath_1,Diagonal,heldout,3,B,observed_censored,0.7718293839229147,-0.6775490298443856,-0.6775490298443856,-0.6775490298443856,0.5572013797988227
DiagonalScanPath_1,Diagonal,heldout,3,C,overall,0.28857088837475076,-0.1457812257710316,-0.1457812257710316,-0.1457812257710316,0.5299270266809554
DiagonalScanPath_1,Diagonal,heldout,3,C,top_1pct,-0.49481299565520886,-0.1457812257710316,-0.1457812257710316,-0.1457812257710316,0.17435113838552896
DiagonalScanPath_1,Diagonal,heldout,3,C,observed_censored,0.5453303332501829,-0.1457812257710316,-0.1457812257710316,-0.1457812257710316,0.23480430891287485
DiagonalScanPath_1,Diagonal,heldout,4,shared_physics_prior,overall,0.3355633309087207,-0.045435910319895356,-0.045435910319895356,-0.045435910319895356,0.6716367707141632
DiagonalScanPath_1,Diagonal,heldout,4,shared_physics_prior,top_1pct,-0.6028497255640672,-0.045435910319895356,-0.045435910319895356,-0.045435910319895356,0.3591355160521319
DiagonalScanPath_1,Diagonal,heldout,4,shared_physics_prior,observed_censored,0.20886140174183399,-0.045435910319895356,-0.045435910319895356,-0.045435910319895356,-0.11921458343771807
DiagonalScanPath_1,Diagonal,heldout,4,B,overall,1.2446268834391592,-0.5721399241497238,-0.5721399241497238,-0.5721399241497238,1.4485398680320538
DiagonalScanPath_1,Diagonal,heldout,4,B,top_1pct,-0.7740776068664856,-0.5721399241497238,-0.5721399241497238,-0.5721399241497238,-0.025825881108024085
DiagonalScanPath_1,Diagonal,heldout,4,B,observed_censored,0.5469144294199775,-0.5721399241497238,-0.5721399241497238,-0.5721399241497238,0.30078609036845183
DiagonalScanPath_1,Diagonal,heldout,4,C,overall,0.5701252960976616,0.16195306728820924,0.16195306728820924,0.16195306728820924,0.8038402091770068
DiagonalScanPath_1,Diagonal,heldout,4,C,top_1pct,-0.5267638197045585,0.16195306728820924,0.16195306728820924,0.16195306728820924,0.21410021042014815
DiagonalScanPath_1,Diagonal,heldout,4,C,observed_censored,0.2972616979051348,0.16195306728820924,0.16195306728820924,0.16195306728820924,0.004719971715226645
DiagonalScanPath_1,Diagonal,heldout,5,shared_physics_prior,overall,0.499354443294749,-0.1109588000980466,-0.1109588000980466,-0.1109588000980466,0.9036574715556801
DiagonalScanPath_1,Diagonal,heldout,5,shared_physics_prior,top_1pct,-0.7091852914071091,-0.1109588000980466,-0.1109588000980466,-0.1109588000980466,0.3791261930871901
DiagonalScanPath_1,Diagonal,heldout,5,shared_physics_prior,observed_censored,0.02496665001988485,-0.1109588000980466,-0.1109588000980466,-0.1109588000980466,-0.27578939156340443
DiagonalScanPath_1,Diagonal,heldout,5,B,overall,1.8613564737305766,-0.9058167787811158,-0.9058167787811158,-0.9058167787811158,1.9392314302637559
DiagonalScanPath_1,Diagonal,heldout,5,B,top_1pct,-0.7080264185137481,-0.9058167787811158,-0.9058167787811158,-0.9058167787811158,-0.07281768987454917
DiagonalScanPath_1,Diagonal,heldout,5,B,observed_censored,0.47185798824357406,-0.9058167787811158,-0.9058167787811158,-0.9058167787811158,0.19070285184571123
DiagonalScanPath_1,Diagonal,heldout,5,C,overall,0.8333799816169969,-0.22527398168466561,-0.22527398168466561,-0.22527398168466561,1.057376620563189
DiagonalScanPath_1,Diagonal,heldout,5,C,top_1pct,-0.5230485536237143,-0.22527398168466561,-0.22527398168466561,-0.22527398168466561,0.20724743882310293
DiagonalScanPath_1,Diagonal,heldout,5,C,observed_censored,0.1274796041101287,-0.22527398168466561,-0.22527398168466561,-0.22527398168466561,-0.17307027931243324
DiagonalScanPath_2,Diagonal,heldout,0,shared_physics_prior,overall,0.0,0.0,0.0,0.0,0.0
DiagonalScanPath_2,Diagonal,heldout,0,shared_physics_prior,top_1pct,0.0,0.0,0.0,0.0,0.0
DiagonalScanPath_2,Diagonal,heldout,0,shared_physics_prior,observed_censored,0.0,0.0,0.0,0.0,0.0
DiagonalScanPath_2,Diagonal,heldout,0,B,overall,0.0,0.0,0.0,0.0,0.0
DiagonalScanPath_2,Diagonal,heldout,0,B,top_1pct,0.0,0.0,0.0,0.0,0.0
DiagonalScanPath_2,Diagonal,heldout,0,B,observed_censored,0.0,0.0,0.0,0.0,0.0
DiagonalScanPath_2,Diagonal,heldout,0,C,overall,0.0,0.0,0.0,0.0,0.0
DiagonalScanPath_2,Diagonal,heldout,0,C,top_1pct,0.0,0.0,0.0,0.0,0.0
DiagonalScanPath_2,Diagonal,heldout,0,C,observed_censored,0.0,0.0,0.0,0.0,0.0
DiagonalScanPath_2,Diagonal,heldout,1,shared_physics_prior,overall,0.06816869827165678,-0.43637454748267146,0.045156516881490916,-0.43637454748267146,0.19772975181238572
DiagonalScanPath_2,Diagonal,heldout,1,shared_physics_prior,top_1pct,-0.2890502108877195,-0.43637454748267146,0.045156516881490916,-0.43637454748267146,0.09529460211638563
DiagonalScanPath_2,Diagonal,heldout,1,shared_physics_prior,observed_censored,0.4005291889112086,-0.43637454748267146,0.045156516881490916,-0.43637454748267146,0.11150208172160925
DiagonalScanPath_2,Diagonal,heldout,1,B,overall,0.1664133550417222,0.07755322470353576,0.07755322470353576,0.07755322470353576,0.33327884439077005
DiagonalScanPath_2,Diagonal,heldout,1,B,top_1pct,-0.3152037960039751,0.07755322470353576,0.07755322470353576,0.07755322470353576,0.07063615509154042
DiagonalScanPath_2,Diagonal,heldout,1,B,observed_censored,0.27538362051091303,0.07755322470353576,0.07755322470353576,0.07755322470353576,0.08823530300837756
DiagonalScanPath_2,Diagonal,heldout,1,C,overall,0.09118389991569853,-0.45446475581763934,-0.45446475581763934,-0.45446475581763934,0.22575491274503778
DiagonalScanPath_2,Diagonal,heldout,1,C,top_1pct,-0.3378246351772509,-0.45446475581763934,-0.45446475581763934,-0.45446475581763934,0.08842446693173045
DiagonalScanPath_2,Diagonal,heldout,1,C,observed_censored,0.35409892511712204,-0.45446475581763934,-0.45446475581763934,-0.45446475581763934,0.13182324510756072
DiagonalScanPath_2,Diagonal,heldout,2,shared_physics_prior,overall,0.13225892831367153,-0.7780370708125588,0.38681904021137825,-0.7780370708125588,0.34488136367064204
DiagonalScanPath_2,Diagonal,heldout,2,shared_physics_prior,top_1pct,-0.5260763897579659,-0.7780370708125588,0.38681904021137825,-0.7780370708125588,0.12248668665866091
DiagonalScanPath_2,Diagonal,heldout,2,shared_physics_prior,observed_censored,0.48082984287273445,-0.7780370708125588,0.38681904021137825,-0.7780370708125588,0.0726170943031641
DiagonalScanPath_2,Diagonal,heldout,2,B,overall,0.3152176671843324,-0.09041329691376632,-0.09041329691376632,-0.09041329691376632,0.6748258544712865
DiagonalScanPath_2,Diagonal,heldout,2,B,top_1pct,-0.47007506894189177,-0.09041329691376632,-0.09041329691376632,-0.09041329691376632,-0.004608482175040507
DiagonalScanPath_2,Diagonal,heldout,2,B,observed_censored,0.5696988418957174,-0.09041329691376632,-0.09041329691376632,-0.09041329691376632,0.303738394015987
DiagonalScanPath_2,Diagonal,heldout,2,C,overall,0.1767294508699441,-0.6597902197757435,-0.2530289854415173,-0.6597902197757435,0.4035756487955874
DiagonalScanPath_2,Diagonal,heldout,2,C,top_1pct,-0.5749374915930571,-0.6597902197757435,-0.2530289854415173,-0.6597902197757435,0.06764449022260655
DiagonalScanPath_2,Diagonal,heldout,2,C,observed_censored,0.4607428939558007,-0.6597902197757435,-0.2530289854415173,-0.6597902197757435,0.12516705768764735
DiagonalScanPath_2,Diagonal,heldout,3,shared_physics_prior,overall,0.21582039998626623,-0.8880941891774796,0.4968761585762991,-0.8880941891774796,0.506171876050476
DiagonalScanPath_2,Diagonal,heldout,3,shared_physics_prior,top_1pct,-0.6201815593331662,-0.8880941891774796,0.4968761585762991,-0.8880941891774796,0.1492185613587229
DiagonalScanPath_2,Diagonal,heldout,3,shared_physics_prior,observed_censored,0.8230216529682894,-0.8880941891774796,0.4968761585762991,-0.8880941891774796,0.24856200001010587
DiagonalScanPath_2,Diagonal,heldout,3,B,overall,0.49002884475813524,-0.3284528318083062,-0.3284528318083062,-0.3284528318083062,0.9536174266834839
DiagonalScanPath_2,Diagonal,heldout,3,B,top_1pct,-0.5619898843390614,-0.3284528318083062,-0.3284528318083062,-0.3284528318083062,0.0569655581927937
DiagonalScanPath_2,Diagonal,heldout,3,B,observed_censored,0.9557676513977711,-0.3284528318083062,-0.3284528318083062,-0.3284528318083062,0.6135108603402202
DiagonalScanPath_2,Diagonal,heldout,3,C,overall,0.2946021626540438,-0.7897386816722474,-0.12308052354501342,-0.7897386816722474,0.6339601437321342
DiagonalScanPath_2,Diagonal,heldout,3,C,top_1pct,-0.5286254707499325,-0.7897386816722474,-0.12308052354501342,-0.7897386816722474,0.11774090078774746
DiagonalScanPath_2,Diagonal,heldout,3,C,observed_censored,0.903681158684547,-0.7897386816722474,-0.12308052354501342,-0.7897386816722474,0.4441125696869852
DiagonalScanPath_2,Diagonal,heldout,4,shared_physics_prior,overall,0.35053246435197327,-1.0945219798105086,0.703303949209328,-1.0945219798105086,0.7237202051319195
DiagonalScanPath_2,Diagonal,heldout,4,shared_physics_prior,top_1pct,-0.7665176180620574,-1.0945219798105086,0.703303949209328,-1.0945219798105086,0.2870783321952235
DiagonalScanPath_2,Diagonal,heldout,4,shared_physics_prior,observed_censored,0.7840225591296606,-1.0945219798105086,0.703303949209328,-1.0945219798105086,0.19386182355205595
DiagonalScanPath_2,Diagonal,heldout,4,B,overall,0.9891405198577291,-0.896878221901261,-0.896878221901261,-0.896878221901261,1.3694851479519978
DiagonalScanPath_2,Diagonal,heldout,4,B,top_1pct,-0.8254241205795574,-0.896878221901261,-0.896878221901261,-0.896878221901261,0.0003945835044087964
DiagonalScanPath_2,Diagonal,heldout,4,B,observed_censored,0.8672549037065584,-0.896878221901261,-0.896878221901261,-0.896878221901261,0.46545424471000274
DiagonalScanPath_2,Diagonal,heldout,4,C,overall,0.5223055217907142,-1.3961655184751294,0.4833463132578686,-1.3961655184751294,0.8759130903958748
DiagonalScanPath_2,Diagonal,heldout,4,C,top_1pct,-0.757951348244892,-1.3961655184751294,0.4833463132578686,-1.3961655184751294,0.1842553633380959
DiagonalScanPath_2,Diagonal,heldout,4,C,observed_censored,0.8252226932506934,-1.3961655184751294,0.4833463132578686,-1.3961655184751294,0.3456311386892468
DiagonalScanPath_2,Diagonal,heldout,5,shared_physics_prior,overall,0.48748083472327786,-1.1558161378888485,0.764598107287668,-1.1558161378888485,0.8991877888987029
DiagonalScanPath_2,Diagonal,heldout,5,shared_physics_prior,top_1pct,-0.8298897632065564,-1.1558161378888485,0.764598107287668,-1.1558161378888485,0.30595977325752743
DiagonalScanPath_2,Diagonal,heldout,5,shared_physics_prior,observed_censored,0.4990499537980384,-1.1558161378888485,0.764598107287668,-1.1558161378888485,-0.041294537118170105
DiagonalScanPath_2,Diagonal,heldout,5,B,overall,1.6756564500995397,-0.33623919415362025,-0.33623919415362025,-0.33623919415362025,1.8648419354430241
DiagonalScanPath_2,Diagonal,heldout,5,B,top_1pct,-0.7491068282778064,-0.33623919415362025,-0.33623919415362025,-0.33623919415362025,0.1257081963114728
DiagonalScanPath_2,Diagonal,heldout,5,B,observed_censored,0.6686874232567579,-0.33623919415362025,-0.33623919415362025,-0.33623919415362025,0.2539985590348488
DiagonalScanPath_2,Diagonal,heldout,5,C,overall,0.7929780295479582,-0.6812423112824035,-0.23157689393485725,-0.6812423112824035,1.1109708268353065
DiagonalScanPath_2,Diagonal,heldout,5,C,top_1pct,-0.7158836314721952,-0.6812423112824035,-0.23157689393485725,-0.6812423112824035,0.3287708309982955
DiagonalScanPath_2,Diagonal,heldout,5,C,observed_censored,0.5479460293332483,-0.6812423112824035,-0.23157689393485725,-0.6812423112824035,0.10915382704990462
DiagonalScanPath_3,Diagonal,heldout,0,shared_physics_prior,overall,0.0,0.0,0.0,0.0,0.0
DiagonalScanPath_3,Diagonal,heldout,0,shared_physics_prior,top_1pct,0.0,0.0,0.0,0.0,0.0
DiagonalScanPath_3,Diagonal,heldout,0,shared_physics_prior,observed_censored,0.0,0.0,0.0,0.0,0.0
DiagonalScanPath_3,Diagonal,heldout,0,B,overall,0.0,0.0,0.0,0.0,0.0
DiagonalScanPath_3,Diagonal,heldout,0,B,top_1pct,0.0,0.0,0.0,0.0,0.0
DiagonalScanPath_3,Diagonal,heldout,0,B,observed_censored,0.0,0.0,0.0,0.0,0.0
DiagonalScanPath_3,Diagonal,heldout,0,C,overall,0.0,0.0,0.0,0.0,0.0
DiagonalScanPath_3,Diagonal,heldout,0,C,top_1pct,0.0,0.0,0.0,0.0,0.0
DiagonalScanPath_3,Diagonal,heldout,0,C,observed_censored,0.0,0.0,0.0,0.0,0.0
DiagonalScanPath_3,Diagonal,heldout,1,shared_physics_prior,overall,0.06088832305272024,-0.4761256713147759,-0.4057077900379795,-0.4057077900379795,0.16654418589649034
DiagonalScanPath_3,Diagonal,heldout,1,shared_physics_prior,top_1pct,-0.3263543160259109,-0.4761256713147759,-0.4057077900379795,-0.4057077900379795,0.04562293252249772
DiagonalScanPath_3,Diagonal,heldout,1,shared_physics_prior,observed_censored,0.503968743154916,-0.4761256713147759,-0.4057077900379795,-0.4057077900379795,0.1903085501675883
DiagonalScanPath_3,Diagonal,heldout,1,B,overall,0.09824899691682071,-0.7541576821595299,-0.8118566509190828,-0.8118566509190828,0.22048841101488414
DiagonalScanPath_3,Diagonal,heldout,1,B,top_1pct,-0.4894685890268011,-0.7541576821595299,-0.8118566509190828,-0.8118566509190828,-0.2015424355842499
DiagonalScanPath_3,Diagonal,heldout,1,B,observed_censored,0.3011735396241235,-0.7541576821595299,-0.8118566509190828,-0.8118566509190828,0.13937461635494497
DiagonalScanPath_3,Diagonal,heldout,1,C,overall,0.0734203673710935,-0.6657205182313533,-0.7569509826752778,-0.7569509826752778,0.20525732574869926
DiagonalScanPath_3,Diagonal,heldout,1,C,top_1pct,-0.3811347356620649,-0.6657205182313533,-0.7569509826752778,-0.7569509826752778,-0.08780887662289949
DiagonalScanPath_3,Diagonal,heldout,1,C,observed_censored,0.4740626615046011,-0.6657205182313533,-0.7569509826752778,-0.7569509826752778,0.24183441712756215
DiagonalScanPath_3,Diagonal,heldout,2,shared_physics_prior,overall,0.1168171401808357,-0.48766213974391803,-0.46934696745591964,-0.46934696745591964,0.2863461920459832
DiagonalScanPath_3,Diagonal,heldout,2,shared_physics_prior,top_1pct,-0.46501003498754245,-0.48766213974391803,-0.46934696745591964,-0.46934696745591964,0.08089289220198781
DiagonalScanPath_3,Diagonal,heldout,2,shared_physics_prior,observed_censored,0.5732392741178782,-0.48766213974391803,-0.46934696745591964,-0.46934696745591964,0.0895334271845849
DiagonalScanPath_3,Diagonal,heldout,2,B,overall,0.2627893428408855,-0.5791987565371528,-0.6565683869841337,-0.6565683869841337,0.5388526628478825
DiagonalScanPath_3,Diagonal,heldout,2,B,top_1pct,-0.36889411205131184,-0.5791987565371528,-0.6565683869841337,-0.6565683869841337,-0.12031577490671275
DiagonalScanPath_3,Diagonal,heldout,2,B,observed_censored,0.6694852586808562,-0.5791987565371528,-0.6565683869841337,-0.6565683869841337,0.389821363513037
DiagonalScanPath_3,Diagonal,heldout,2,C,overall,0.15533117635891797,-0.5934570996010962,-0.8911078961081103,-0.8911078961081103,0.3635052100482449
DiagonalScanPath_3,Diagonal,heldout,2,C,top_1pct,-0.4629691923136897,-0.5934570996010962,-0.8911078961081103,-0.8911078961081103,-0.04447253232334303
DiagonalScanPath_3,Diagonal,heldout,2,C,observed_censored,0.6228135819197804,-0.5934570996010962,-0.8911078961081103,-0.8911078961081103,0.24288894185110443
DiagonalScanPath_3,Diagonal,heldout,3,shared_physics_prior,overall,0.21341821689224966,-0.7242214566413736,-0.6143858992261926,-0.6143858992261926,0.46851510501234084
DiagonalScanPath_3,Diagonal,heldout,3,shared_physics_prior,top_1pct,-0.6195141246149365,-0.7242214566413736,-0.6143858992261926,-0.6143858992261926,0.16473957571492326
DiagonalScanPath_3,Diagonal,heldout,3,shared_physics_prior,observed_censored,0.9188214161003383,-0.7242214566413736,-0.6143858992261926,-0.6143858992261926,0.2517402810458682
DiagonalScanPath_3,Diagonal,heldout,3,B,overall,0.39061770811385454,-1.1672459673323488,-1.0650472032561993,-1.0650472032561993,0.7778485513931261
DiagonalScanPath_3,Diagonal,heldout,3,B,top_1pct,-0.8649732619780865,-1.1672459673323488,-1.0650472032561993,-1.0650472032561993,-0.21301050733780258
DiagonalScanPath_3,Diagonal,heldout,3,B,observed_censored,0.7842974810244003,-1.1672459673323488,-1.0650472032561993,-1.0650472032561993,0.46036103923719374
DiagonalScanPath_3,Diagonal,heldout,3,C,overall,0.26247703612523116,-0.7458745513877716,-1.0666442460270673,-1.0666442460270673,0.5692352878514276
DiagonalScanPath_3,Diagonal,heldout,3,C,top_1pct,-0.742127755616766,-0.7458745513877716,-1.0666442460270673,-1.0666442460270673,0.041647255954777584
DiagonalScanPath_3,Diagonal,heldout,3,C,observed_censored,0.8753250745051357,-0.7458745513877716,-1.0666442460270673,-1.0666442460270673,0.3729714749409916
DiagonalScanPath_3,Diagonal,heldout,4,shared_physics_prior,overall,0.36332223749063164,-1.10035442519262,-0.6865400214982174,-0.6865400214982174,0.6990718486505059
DiagonalScanPath_3,Diagonal,heldout,4,shared_physics_prior,top_1pct,-0.8841762081922001,-1.10035442519262,-0.6865400214982174,-0.6865400214982174,0.2638834967261898
DiagonalScanPath_3,Diagonal,heldout,4,shared_physics_prior,observed_censored,1.0492218767382158,-1.10035442519262,-0.6865400214982174,-0.6865400214982174,0.2592538772922386
DiagonalScanPath_3,Diagonal,heldout,4,B,overall,0.8714846726905122,-1.5847511059715202,-1.2304797242651375,-1.2304797242651375,1.1873069979504758
DiagonalScanPath_3,Diagonal,heldout,4,B,top_1pct,-1.161356916867487,-1.5847511059715202,-1.2304797242651375,-1.2304797242651375,-0.2546351432850784
DiagonalScanPath_3,Diagonal,heldout,4,B,observed_censored,0.8196341507795566,-1.5847511059715202,-1.2304797242651375,-1.2304797242651375,0.3939895565545397
DiagonalScanPath_3,Diagonal,heldout,4,C,overall,0.5048623401690353,-1.0735805343546758,-0.9849108052017641,-0.9849108052017641,0.8493347081197674
DiagonalScanPath_3,Diagonal,heldout,4,C,top_1pct,-0.9891007924593578,-1.0735805343546758,-0.9849108052017641,-0.9849108052017641,0.07254997863023283
DiagonalScanPath_3,Diagonal,heldout,4,C,observed_censored,1.0214074241653714,-1.0735805343546758,-0.9849108052017641,-0.9849108052017641,0.4210381806906205
DiagonalScanPath_3,Diagonal,heldout,5,shared_physics_prior,overall,0.48215223624168874,-1.1378278976710021,-0.16499724317355913,-0.16499724317355913,0.8507399776660702
DiagonalScanPath_3,Diagonal,heldout,5,shared_physics_prior,top_1pct,-0.9657681107172288,-1.1378278976710021,-0.16499724317355913,-0.16499724317355913,0.39343941388398385
DiagonalScanPath_3,Diagonal,heldout,5,shared_physics_prior,observed_censored,0.7441354420603401,-1.1378278976710021,-0.16499724317355913,-0.16499724317355913,0.03622117096699551
DiagonalScanPath_3,Diagonal,heldout,5,B,overall,1.4685367703214656,-1.4184494625488355,0.18233823465635624,0.18233823465635624,1.6175225366801123
DiagonalScanPath_3,Diagonal,heldout,5,B,top_1pct,-0.9902551108647526,-1.4184494625488355,0.18233823465635624,0.18233823465635624,-0.05473720665267123
DiagonalScanPath_3,Diagonal,heldout,5,B,observed_censored,0.6175881306195459,-1.4184494625488355,0.18233823465635624,0.18233823465635624,0.1711024494535467
DiagonalScanPath_3,Diagonal,heldout,5,C,overall,0.754473194526361,-0.7502011152124055,0.19616117075867123,0.19616117075867123,1.0480662335134037
DiagonalScanPath_3,Diagonal,heldout,5,C,top_1pct,-0.9796858602413545,-0.7502011152124055,0.19616117075867123,0.19616117075867123,0.2688861049717377
DiagonalScanPath_3,Diagonal,heldout,5,C,observed_censored,0.7418974822419997,-0.7502011152124055,0.19616117075867123,0.19616117075867123,0.18910910496391686
DiagonalScanPath_4,Diagonal,heldout,0,shared_physics_prior,overall,0.0,0.0,0.0,0.0,0.0
DiagonalScanPath_4,Diagonal,heldout,0,shared_physics_prior,top_1pct,0.0,0.0,0.0,0.0,0.0
DiagonalScanPath_4,Diagonal,heldout,0,shared_physics_prior,observed_censored,0.0,0.0,0.0,0.0,0.0
DiagonalScanPath_4,Diagonal,heldout,0,B,overall,0.0,0.0,0.0,0.0,0.0
DiagonalScanPath_4,Diagonal,heldout,0,B,top_1pct,0.0,0.0,0.0,0.0,0.0
DiagonalScanPath_4,Diagonal,heldout,0,B,observed_censored,0.0,0.0,0.0,0.0,0.0
DiagonalScanPath_4,Diagonal,heldout,0,C,overall,0.0,0.0,0.0,0.0,0.0
DiagonalScanPath_4,Diagonal,heldout,0,C,top_1pct,0.0,0.0,0.0,0.0,0.0
DiagonalScanPath_4,Diagonal,heldout,0,C,observed_censored,0.0,0.0,0.0,0.0,0.0
DiagonalScanPath_4,Diagonal,heldout,1,shared_physics_prior,overall,0.0575686742598574,-0.1758224077847217,-0.1758224077847217,-0.1758224077847217,0.16516346028067375
DiagonalScanPath_4,Diagonal,heldout,1,shared_physics_prior,top_1pct,-0.4036885455633432,-0.1758224077847217,-0.1758224077847217,-0.1758224077847217,0.11869486736600532
DiagonalScanPath_4,Diagonal,heldout,1,shared_physics_prior,observed_censored,0.3981971232760455,-0.1758224077847217,-0.1758224077847217,-0.1758224077847217,0.014111678695655883
DiagonalScanPath_4,Diagonal,heldout,1,B,overall,0.12287788935200836,0.8182456860783986,0.8182456860783986,0.8182456860783986,0.2848850841248468
DiagonalScanPath_4,Diagonal,heldout,1,B,top_1pct,-0.5080327576182027,0.8182456860783986,0.8182456860783986,0.8182456860783986,-0.03549578598525738
DiagonalScanPath_4,Diagonal,heldout,1,B,observed_censored,0.261495027587181,0.8182456860783986,0.8182456860783986,0.8182456860783986,0.05934364285337512
DiagonalScanPath_4,Diagonal,heldout,1,C,overall,0.07438334621719697,0.34055712056772336,0.34055712056772336,0.34055712056772336,0.19463228161026458
DiagonalScanPath_4,Diagonal,heldout,1,C,top_1pct,-0.3948251424683644,0.34055712056772336,0.34055712056772336,0.34055712056772336,0.06013540098367187
DiagonalScanPath_4,Diagonal,heldout,1,C,observed_censored,0.3722622077178892,0.34055712056772336,0.34055712056772336,0.34055712056772336,0.04750757152637952
DiagonalScanPath_4,Diagonal,heldout,2,shared_physics_prior,overall,0.14457187973729996,-0.10586044457903654,-0.10586044457903654,-0.10586044457903654,0.352644013953916
DiagonalScanPath_4,Diagonal,heldout,2,shared_physics_prior,top_1pct,-0.7219678540214705,-0.10586044457903654,-0.10586044457903654,-0.10586044457903654,0.22202748234569425
DiagonalScanPath_4,Diagonal,heldout,2,shared_physics_prior,observed_censored,0.7076096076892588,-0.10586044457903654,-0.10586044457903654,-0.10586044457903654,0.07920266564281064
DiagonalScanPath_4,Diagonal,heldout,2,B,overall,0.2844709965196094,0.5274087111338872,0.5274087111338872,0.5274087111338872,0.6117982211220844
DiagonalScanPath_4,Diagonal,heldout,2,B,top_1pct,-0.8606163737546286,0.5274087111338872,0.5274087111338872,0.5274087111338872,-0.12057533733623149
DiagonalScanPath_4,Diagonal,heldout,2,B,observed_censored,0.6410385962720686,0.5274087111338872,0.5274087111338872,0.5274087111338872,0.33134860626756435
DiagonalScanPath_4,Diagonal,heldout,2,C,overall,0.18346737366537844,0.2059171372455353,0.2059171372455353,0.2059171372455353,0.4310941489348846
DiagonalScanPath_4,Diagonal,heldout,2,C,top_1pct,-0.7102488915948447,0.2059171372455353,0.2059171372455353,0.2059171372455353,0.12218291200586284
DiagonalScanPath_4,Diagonal,heldout,2,C,observed_censored,0.71692347860226,0.2059171372455353,0.2059171372455353,0.2059171372455353,0.2003378649870684
DiagonalScanPath_4,Diagonal,heldout,3,shared_physics_prior,overall,0.2154270825817995,-0.2041136905020835,-0.2041136905020835,-0.2041136905020835,0.4817225493285505
DiagonalScanPath_4,Diagonal,heldout,3,shared_physics_prior,top_1pct,-0.7513349484563514,-0.2041136905020835,-0.2041136905020835,-0.2041136905020835,0.4253124599603506
DiagonalScanPath_4,Diagonal,heldout,3,shared_physics_prior,observed_censored,0.8041712078823211,-0.2041136905020835,-0.2041136905020835,-0.2041136905020835,0.06837531242182271
DiagonalScanPath_4,Diagonal,heldout,3,B,overall,0.4353128480603843,0.26065720422946015,0.26065720422946015,0.26065720422946015,0.8341097966161394
DiagonalScanPath_4,Diagonal,heldout,3,B,top_1pct,-0.9500297890971638,0.26065720422946015,0.26065720422946015,0.26065720422946015,0.059705701464813465
DiagonalScanPath_4,Diagonal,heldout,3,B,observed_censored,0.6027783596112806,0.26065720422946015,0.26065720422946015,0.26065720422946015,0.21695655805384018
DiagonalScanPath_4,Diagonal,heldout,3,C,overall,0.2811297630355373,0.14833008940377113,0.14833008940377113,0.14833008940377113,0.5874726286605237
DiagonalScanPath_4,Diagonal,heldout,3,C,top_1pct,-0.6951792779233232,0.14833008940377113,0.14833008940377113,0.14833008940377113,0.3216112287629471
DiagonalScanPath_4,Diagonal,heldout,3,C,observed_censored,0.8077547640042382,0.14833008940377113,0.14833008940377113,0.14833008940377113,0.1851841443968425
DiagonalScanPath_4,Diagonal,heldout,4,shared_physics_prior,overall,0.3443360818471142,-0.5868669260870547,-0.5868669260870547,-0.5868669260870547,0.6794436828671341
DiagonalScanPath_4,Diagonal,heldout,4,shared_physics_prior,top_1pct,-1.1392454029189505,-0.5868669260870547,-0.5868669260870547,-0.5868669260870547,0.5308655637050865
DiagonalScanPath_4,Diagonal,heldout,4,shared_physics_prior,observed_censored,0.8070693064582246,-0.5868669260870547,-0.5868669260870547,-0.5868669260870547,-0.012249790833640084
DiagonalScanPath_4,Diagonal,heldout,4,B,overall,0.8195194861436453,-0.23144390764804257,-0.23144390764804257,-0.23144390764804257,1.2173644145937845
DiagonalScanPath_4,Diagonal,heldout,4,B,top_1pct,-1.3466640213202208,-0.23144390764804257,-0.23144390764804257,-0.23144390764804257,0.08881640384495881
DiagonalScanPath_4,Diagonal,heldout,4,B,observed_censored,0.5975603815283335,-0.23144390764804257,-0.23144390764804257,-0.23144390764804257,0.15355904850915003
DiagonalScanPath_4,Diagonal,heldout,4,C,overall,0.4671805330978418,-0.23015363576200798,-0.23015363576200798,-0.23015363576200798,0.7981733804223089
DiagonalScanPath_4,Diagonal,heldout,4,C,top_1pct,-1.0794200413263662,-0.23015363576200798,-0.23015363576200798,-0.23015363576200798,0.39662538003250614
DiagonalScanPath_4,Diagonal,heldout,4,C,observed_censored,0.7506812989801168,-0.23015363576200798,-0.23015363576200798,-0.23015363576200798,0.06101256352676154
DiagonalScanPath_4,Diagonal,heldout,5,shared_physics_prior,overall,0.4549631196538487,-0.677600681533022,-0.677600681533022,-0.677600681533022,0.8332178447813908
DiagonalScanPath_4,Diagonal,heldout,5,shared_physics_prior,top_1pct,-1.2600014768386245,-0.677600681533022,-0.677600681533022,-0.677600681533022,0.5667487330170875
DiagonalScanPath_4,Diagonal,heldout,5,shared_physics_prior,observed_censored,0.5681840990332792,-0.677600681533022,-0.677600681533022,-0.677600681533022,-0.19563990287808108
DiagonalScanPath_4,Diagonal,heldout,5,B,overall,1.4016905130461297,0.6078401657978247,0.6078401657978247,0.6078401657978247,1.6566222930248964
DiagonalScanPath_4,Diagonal,heldout,5,B,top_1pct,-1.496374541621692,0.6078401657978247,0.6078401657978247,0.6078401657978247,0.20803773800095637
DiagonalScanPath_4,Diagonal,heldout,5,B,observed_censored,0.48987215590217437,0.6078401657978247,0.6078401657978247,0.6078401657978247,0.04700711552151393
DiagonalScanPath_4,Diagonal,heldout,5,C,overall,0.7015096026992018,0.12043944164889808,0.12043944164889808,0.12043944164889808,0.9908072753362213
DiagonalScanPath_4,Diagonal,heldout,5,C,top_1pct,-1.2478127240558434,0.12043944164889808,0.12043944164889808,0.12043944164889808,0.4519286688628945
DiagonalScanPath_4,Diagonal,heldout,5,C,observed_censored,0.5261764192968177,0.12043944164889808,0.12043944164889808,0.12043944164889808,-0.11839013196970338
DiagonalScanPath_5,Diagonal,heldout,0,shared_physics_prior,overall,0.0,0.0,0.0,0.0,0.0
DiagonalScanPath_5,Diagonal,heldout,0,shared_physics_prior,top_1pct,0.0,0.0,0.0,0.0,0.0
DiagonalScanPath_5,Diagonal,heldout,0,shared_physics_prior,observed_censored,0.0,0.0,0.0,0.0,0.0
DiagonalScanPath_5,Diagonal,heldout,0,B,overall,0.0,0.0,0.0,0.0,0.0
DiagonalScanPath_5,Diagonal,heldout,0,B,top_1pct,0.0,0.0,0.0,0.0,0.0
DiagonalScanPath_5,Diagonal,heldout,0,B,observed_censored,0.0,0.0,0.0,0.0,0.0
DiagonalScanPath_5,Diagonal,heldout,0,C,overall,0.0,0.0,0.0,0.0,0.0
DiagonalScanPath_5,Diagonal,heldout,0,C,top_1pct,0.0,0.0,0.0,0.0,0.0
DiagonalScanPath_5,Diagonal,heldout,0,C,observed_censored,0.0,0.0,0.0,0.0,0.0
DiagonalScanPath_5,Diagonal,heldout,1,shared_physics_prior,overall,0.03750367721419695,-0.23480110309947122,-0.23480110309947122,-0.23480110309947122,0.10586095163886566
DiagonalScanPath_5,Diagonal,heldout,1,shared_physics_prior,top_1pct,-0.40255648669772653,-0.23480110309947122,-0.23480110309947122,-0.23480110309947122,0.10696579043686283
DiagonalScanPath_5,Diagonal,heldout,1,shared_physics_prior,observed_censored,0.15930376642716193,-0.23480110309947122,-0.23480110309947122,-0.23480110309947122,-0.09601765960154562
DiagonalScanPath_5,Diagonal,heldout,1,B,overall,0.09064316120940355,-0.8342372500385409,-0.8342372500385409,-0.8342372500385409,0.21273149669098002
DiagonalScanPath_5,Diagonal,heldout,1,B,top_1pct,-0.6029026654317136,-0.8342372500385409,-0.8342372500385409,-0.8342372500385409,-0.17720316207098685
DiagonalScanPath_5,Diagonal,heldout,1,B,observed_censored,0.2277345048854289,-0.8342372500385409,-0.8342372500385409,-0.8342372500385409,0.10869175668987996
DiagonalScanPath_5,Diagonal,heldout,1,C,overall,0.05117696947845932,-0.6865965237819296,-0.6865965237819296,-0.6865965237819296,0.13068119046914006
DiagonalScanPath_5,Diagonal,heldout,1,C,top_1pct,-0.48497916648124606,-0.6865965237819296,-0.6865965237819296,-0.6865965237819296,0.05906001017570084
DiagonalScanPath_5,Diagonal,heldout,1,C,observed_censored,0.17294642654616332,-0.6865965237819296,-0.6865965237819296,-0.6865965237819296,-0.02333274484289083
DiagonalScanPath_5,Diagonal,heldout,2,shared_physics_prior,overall,0.09970005446608257,-0.19870845262141756,-0.19870845262141756,-0.19870845262141756,0.2515162812240256
DiagonalScanPath_5,Diagonal,heldout,2,shared_physics_prior,top_1pct,-0.6517686218706422,-0.19870845262141756,-0.19870845262141756,-0.19870845262141756,0.4890521872936535
DiagonalScanPath_5,Diagonal,heldout,2,shared_physics_prior,observed_censored,0.4389808273447824,-0.19870845262141756,-0.19870845262141756,-0.19870845262141756,-0.024074598287300297
DiagonalScanPath_5,Diagonal,heldout,2,B,overall,0.21332093574868002,-0.6771955466509212,-0.6771955466509212,-0.6771955466509212,0.4802402740532431
DiagonalScanPath_5,Diagonal,heldout,2,B,top_1pct,-0.7501668510488595,-0.6771955466509212,-0.6771955466509212,-0.6771955466509212,0.11144603822919841
DiagonalScanPath_5,Diagonal,heldout,2,B,observed_censored,0.5152617676651943,-0.6771955466509212,-0.6771955466509212,-0.6771955466509212,0.25272818558481447
DiagonalScanPath_5,Diagonal,heldout,2,C,overall,0.1334745676481159,-0.13941403461541313,-0.13941403461541313,-0.13941403461541313,0.31880192254606
DiagonalScanPath_5,Diagonal,heldout,2,C,top_1pct,-0.687324923029637,-0.13941403461541313,-0.13941403461541313,-0.13941403461541313,0.4010957021790267
DiagonalScanPath_5,Diagonal,heldout,2,C,observed_censored,0.4710852374821468,-0.13941403461541313,-0.13941403461541313,-0.13941403461541313,0.09206753713623828
DiagonalScanPath_5,Diagonal,heldout,3,shared_physics_prior,overall,0.18816512687881565,-0.38119423132286556,-0.38119423132286556,-0.38119423132286556,0.4188205852043544
DiagonalScanPath_5,Diagonal,heldout,3,shared_physics_prior,top_1pct,-0.8840370520539023,-0.38119423132286556,-0.38119423132286556,-0.38119423132286556,0.5851702179012097
DiagonalScanPath_5,Diagonal,heldout,3,shared_physics_prior,observed_censored,0.674845765139704,-0.38119423132286556,-0.38119423132286556,-0.38119423132286556,0.03733890848878163
DiagonalScanPath_5,Diagonal,heldout,3,B,overall,0.3836625898542916,-0.28264919250420917,-0.28264919250420917,-0.28264919250420917,0.7617829896983509
DiagonalScanPath_5,Diagonal,heldout,3,B,top_1pct,-1.0580714521210826,-0.28264919250420917,-0.28264919250420917,-0.28264919250420917,0.24485298948698997
DiagonalScanPath_5,Diagonal,heldout,3,B,observed_censored,0.6738518593333085,-0.28264919250420917,-0.28264919250420917,-0.28264919250420917,0.3621681785010651
DiagonalScanPath_5,Diagonal,heldout,3,C,overall,0.24421141313538677,-0.4393362668007512,-0.4393362668007512,-0.4393362668007512,0.5218469864669958
DiagonalScanPath_5,Diagonal,heldout,3,C,top_1pct,-0.9361647602104972,-0.4393362668007512,-0.4393362668007512,-0.4393362668007512,0.4838401801890848
DiagonalScanPath_5,Diagonal,heldout,3,C,observed_censored,0.6868136105632798,-0.4393362668007512,-0.4393362668007512,-0.4393362668007512,0.18300134281330438
DiagonalScanPath_5,Diagonal,heldout,4,shared_physics_prior,overall,0.3263772146332403,-0.8449052796414662,0.003803433169650816,-0.8449052796414662,0.6391199122508676
DiagonalScanPath_5,Diagonal,heldout,4,shared_physics_prior,top_1pct,-1.237993066930253,-0.8449052796414662,0.003803433169650816,-0.8449052796414662,0.709466774051509
DiagonalScanPath_5,Diagonal,heldout,4,shared_physics_prior,observed_censored,0.6631699022268402,-0.8449052796414662,0.003803433169650816,-0.8449052796414662,-0.04127830541488864
DiagonalScanPath_5,Diagonal,heldout,4,B,overall,0.7692412539146132,-0.8070887623692897,-0.8070887623692897,-0.8070887623692897,1.1707216987024758
DiagonalScanPath_5,Diagonal,heldout,4,B,top_1pct,-1.4248779720833773,-0.8070887623692897,-0.8070887623692897,-0.8070887623692897,0.1773507083522592
DiagonalScanPath_5,Diagonal,heldout,4,B,observed_censored,0.6503231655094153,-0.8070887623692897,-0.8070887623692897,-0.8070887623692897,0.2845983656137596
DiagonalScanPath_5,Diagonal,heldout,4,C,overall,0.4415837824140544,-0.9829484293762789,-0.39794837946874395,-0.9829484293762789,0.7528129996603866
DiagonalScanPath_5,Diagonal,heldout,4,C,top_1pct,-1.3678386230129216,-0.9829484293762789,-0.39794837946874395,-0.9829484293762789,0.5611752499969462
DiagonalScanPath_5,Diagonal,heldout,4,C,observed_censored,0.6384266870048627,-0.9829484293762789,-0.39794837946874395,-0.9829484293762789,0.07814484287393464
DiagonalScanPath_5,Diagonal,heldout,5,shared_physics_prior,overall,0.4506261465584207,-1.0369933400054379,0.19589149353362245,-1.0369933400054379,0.811790047367316
DiagonalScanPath_5,Diagonal,heldout,5,shared_physics_prior,top_1pct,-1.4114698843838982,-1.0369933400054379,0.19589149353362245,-1.0369933400054379,0.8434718947554316
DiagonalScanPath_5,Diagonal,heldout,5,shared_physics_prior,observed_censored,0.45121515831166903,-1.0369933400054379,0.19589149353362245,-1.0369933400054379,-0.1965797190558196
DiagonalScanPath_5,Diagonal,heldout,5,B,overall,1.3585970883780116,-0.8513135249035031,-0.8513135249035031,-0.8513135249035031,1.5894029084093257
DiagonalScanPath_5,Diagonal,heldout,5,B,top_1pct,-1.5345261099471554,-0.8513135249035031,-0.8513135249035031,-0.8513135249035031,0.26344792203703715
DiagonalScanPath_5,Diagonal,heldout,5,B,observed_censored,0.4231779170599337,-0.8513135249035031,-0.8513135249035031,-0.8513135249035031,0.011061537697185209
DiagonalScanPath_5,Diagonal,heldout,5,C,overall,0.6832368000102799,-0.6537239708698053,-0.6537239708698053,-0.6537239708698053,0.9423424834004778
DiagonalScanPath_5,Diagonal,heldout,5,C,top_1pct,-1.3463854100968295,-0.6537239708698053,-0.6537239708698053,-0.6537239708698053,0.6543815996441857
DiagonalScanPath_5,Diagonal,heldout,5,C,observed_censored,0.4084049828742393,-0.6537239708698053,-0.6537239708698053,-0.6537239708698053,-0.14428216640527136
DiagonalScanPath_6,Diagonal,heldout,0,shared_physics_prior,overall,0.0,0.0,0.0,0.0,0.0
DiagonalScanPath_6,Diagonal,heldout,0,shared_physics_prior,top_1pct,0.0,0.0,0.0,0.0,0.0
DiagonalScanPath_6,Diagonal,heldout,0,shared_physics_prior,observed_censored,0.0,0.0,0.0,0.0,0.0
DiagonalScanPath_6,Diagonal,heldout,0,B,overall,0.0,0.0,0.0,0.0,0.0
DiagonalScanPath_6,Diagonal,heldout,0,B,top_1pct,0.0,0.0,0.0,0.0,0.0
DiagonalScanPath_6,Diagonal,heldout,0,B,observed_censored,0.0,0.0,0.0,0.0,0.0
DiagonalScanPath_6,Diagonal,heldout,0,C,overall,0.0,0.0,0.0,0.0,0.0
DiagonalScanPath_6,Diagonal,heldout,0,C,top_1pct,0.0,0.0,0.0,0.0,0.0
DiagonalScanPath_6,Diagonal,heldout,0,C,observed_censored,0.0,0.0,0.0,0.0,0.0
DiagonalScanPath_6,Diagonal,heldout,1,shared_physics_prior,overall,0.04092459603176876,-0.7186152489691153,0.47312853903872565,-0.47312853903872565,0.1177264192403612
DiagonalScanPath_6,Diagonal,heldout,1,shared_physics_prior,top_1pct,-0.5709044363799103,-0.7186152489691153,0.47312853903872565,-0.47312853903872565,0.13333137049727206
DiagonalScanPath_6,Diagonal,heldout,1,shared_physics_prior,observed_censored,0.13656957353658283,-0.7186152489691153,0.47312853903872565,-0.47312853903872565,-0.17102365862447755
DiagonalScanPath_6,Diagonal,heldout,1,B,overall,0.09008389659513019,0.45539953950373047,1.1752284989692612,1.1752284989692612,0.24298598260021453
DiagonalScanPath_6,Diagonal,heldout,1,B,top_1pct,-0.38029470875812643,0.45539953950373047,1.1752284989692612,1.1752284989692612,0.08394521083391027
DiagonalScanPath_6,Diagonal,heldout,1,B,observed_censored,0.28434104222440926,0.45539953950373047,1.1752284989692612,1.1752284989692612,0.09748418295840011
DiagonalScanPath_6,Diagonal,heldout,1,C,overall,0.05749948709107977,-0.3428656050494965,0.15255005171007952,-0.15255005171007952,0.13928478631705976
DiagonalScanPath_6,Diagonal,heldout,1,C,top_1pct,-0.49737140122156465,-0.3428656050494965,0.15255005171007952,-0.15255005171007952,0.07424317709766859
DiagonalScanPath_6,Diagonal,heldout,1,C,observed_censored,0.16754764240997533,-0.3428656050494965,0.15255005171007952,-0.15255005171007952,-0.1223913472395437
DiagonalScanPath_6,Diagonal,heldout,2,shared_physics_prior,overall,0.11787171922974354,-1.1711580722049462,0.8834517030879852,-0.8834517030879852,0.28266817455096405
DiagonalScanPath_6,Diagonal,heldout,2,shared_physics_prior,top_1pct,-0.9759696440383414,-1.1711580722049462,0.8834517030879852,-0.8834517030879852,0.27506464951064924
DiagonalScanPath_6,Diagonal,heldout,2,shared_physics_prior,observed_censored,0.40546325799698657,-1.1711580722049462,0.8834517030879852,-0.8834517030879852,-0.17753367368145234
DiagonalScanPath_6,Diagonal,heldout,2,B,overall,0.23861084007747632,-0.25856050328610536,0.6156771019411735,0.6156771019411735,0.5021906932462061
DiagonalScanPath_6,Diagonal,heldout,2,B,top_1pct,-0.7693521796699292,-0.25856050328610536,0.6156771019411735,0.6156771019411735,-0.009544206479617401
DiagonalScanPath_6,Diagonal,heldout,2,B,observed_censored,0.3084653226905387,-0.25856050328610536,0.6156771019411735,0.6156771019411735,-0.05911066315329183
DiagonalScanPath_6,Diagonal,heldout,2,C,overall,0.15387238450416119,-1.0488642203178529,0.8128952956851663,-0.8128952956851663,0.33433596851232184
DiagonalScanPath_6,Diagonal,heldout,2,C,top_1pct,-0.8864481404721027,-1.0488642203178529,0.8128952956851663,-0.8128952956851663,0.1574017162882071
DiagonalScanPath_6,Diagonal,heldout,2,C,observed_censored,0.3970171247955867,-1.0488642203178529,0.8128952956851663,-0.8128952956851663,-0.12374647136018968
DiagonalScanPath_6,Diagonal,heldout,3,shared_physics_prior,overall,0.19300837468801202,-1.570681355158115,1.1783720976950463,-1.1783720976950463,0.4208374799452843
DiagonalScanPath_6,Diagonal,heldout,3,shared_physics_prior,top_1pct,-1.2152327275463062,-1.570681355158115,1.1783720976950463,-1.1783720976950463,0.37976121121536544
DiagonalScanPath_6,Diagonal,heldout,3,shared_physics_prior,observed_censored,0.6178910370502655,-1.570681355158115,1.1783720976950463,-1.1783720976950463,-0.14096983498445415
DiagonalScanPath_6,Diagonal,heldout,3,B,overall,0.3853740731526444,-0.8045607479803039,0.1234610701942529,0.1234610701942529,0.7689048566118182
DiagonalScanPath_6,Diagonal,heldout,3,B,top_1pct,-1.2173651439409081,-0.8045607479803039,0.1234610701942529,0.1234610701942529,-0.0071435587793509114
DiagonalScanPath_6,Diagonal,heldout,3,B,observed_censored,0.5793747050500255,-0.8045607479803039,0.1234610701942529,0.1234610701942529,0.13762434868944062
DiagonalScanPath_6,Diagonal,heldout,3,C,overall,0.2516600528892381,-1.265795833685445,1.0027424177781086,-1.0027424177781086,0.512258355443309
DiagonalScanPath_6,Diagonal,heldout,3,C,top_1pct,-1.1947331404145438,-1.265795833685445,1.0027424177781086,-1.0027424177781086,0.18809855273901777
DiagonalScanPath_6,Diagonal,heldout,3,C,observed_censored,0.6109507819368512,-1.265795833685445,1.0027424177781086,-1.0027424177781086,-0.0433238035411998
DiagonalScanPath_6,Diagonal,heldout,4,shared_physics_prior,overall,0.3437379399334986,-1.9196034459125713,1.3639178938026362,-1.3639178938026362,0.6608658196652082
DiagonalScanPath_6,Diagonal,heldout,4,shared_physics_prior,top_1pct,-1.5381387048483475,-1.9196034459125713,1.3639178938026362,-1.3639178938026362,0.5155617642718227
DiagonalScanPath_6,Diagonal,heldout,4,shared_physics_prior,observed_censored,0.7335851385529748,-1.9196034459125713,1.3639178938026362,-1.3639178938026362,-0.1564557123265793
DiagonalScanPath_6,Diagonal,heldout,4,B,overall,0.7265828016203467,-0.9613892208117818,0.7616557664434822,0.7616557664434822,1.166722453483148
DiagonalScanPath_6,Diagonal,heldout,4,B,top_1pct,-1.50687024926101,-0.9613892208117818,0.7616557664434822,0.7616557664434822,0.1873492983730758
DiagonalScanPath_6,Diagonal,heldout,4,B,observed_censored,0.6365533784488995,-0.9613892208117818,0.7616557664434822,0.7616557664434822,0.13879131491169883
DiagonalScanPath_6,Diagonal,heldout,4,C,overall,0.44244071909000915,-1.7129209445147353,0.9824146009201513,-0.9824146009201513,0.759953538610105
DiagonalScanPath_6,Diagonal,heldout,4,C,top_1pct,-1.556067085185423,-1.7129209445147353,0.9824146009201513,-0.9824146009201513,0.398873152930856
DiagonalScanPath_6,Diagonal,heldout,4,C,observed_censored,0.6618705243823193,-1.7129209445147353,0.9824146009201513,-0.9824146009201513,-0.08853996011531562
DiagonalScanPath_6,Diagonal,heldout,5,shared_physics_prior,overall,0.46250455134116447,-2.0275226306828813,1.4407604812597015,-1.4407604812597015,0.8225334618019584
DiagonalScanPath_6,Diagonal,heldout,5,shared_physics_prior,top_1pct,-1.6699333071048226,-2.0275226306828813,1.4407604812597015,-1.4407604812597015,0.5803745983092687
DiagonalScanPath_6,Diagonal,heldout,5,shared_physics_prior,observed_censored,0.505074876698195,-2.0275226306828813,1.4407604812597015,-1.4407604812597015,-0.3370191128016575
DiagonalScanPath_6,Diagonal,heldout,5,B,overall,1.33903634239282,-1.2532639301309132,0.59531484615934,0.59531484615934,1.5739204975295533
DiagonalScanPath_6,Diagonal,heldout,5,B,top_1pct,-1.692720521284814,-1.2532639301309132,0.59531484615934,0.59531484615934,0.16640566917534194
DiagonalScanPath_6,Diagonal,heldout,5,B,observed_censored,0.44504722565306887,-1.2532639301309132,0.59531484615934,0.59531484615934,-0.1265649133097826
DiagonalScanPath_6,Diagonal,heldout,5,C,overall,0.6951637241931359,-2.077479795404713,0.9985112524125839,-0.9985112524125839,0.9786630610617305
DiagonalScanPath_6,Diagonal,heldout,5,C,top_1pct,-1.7609615203813678,-2.077479795404713,0.9985112524125839,-0.9985112524125839,0.5662115443035618
DiagonalScanPath_6,Diagonal,heldout,5,C,observed_censored,0.4756835968898647,-2.077479795404713,0.9985112524125839,-0.9985112524125839,-0.252961880700763
DiagonalScanPath_7,Diagonal,heldout,0,shared_physics_prior,overall,0.0,0.0,0.0,0.0,0.0
DiagonalScanPath_7,Diagonal,heldout,0,shared_physics_prior,top_1pct,0.0,0.0,0.0,0.0,0.0
DiagonalScanPath_7,Diagonal,heldout,0,shared_physics_prior,observed_censored,0.0,0.0,0.0,0.0,0.0
DiagonalScanPath_7,Diagonal,heldout,0,B,overall,0.0,0.0,0.0,0.0,0.0
DiagonalScanPath_7,Diagonal,heldout,0,B,top_1pct,0.0,0.0,0.0,0.0,0.0
DiagonalScanPath_7,Diagonal,heldout,0,B,observed_censored,0.0,0.0,0.0,0.0,0.0
DiagonalScanPath_7,Diagonal,heldout,0,C,overall,0.0,0.0,0.0,0.0,0.0
DiagonalScanPath_7,Diagonal,heldout,0,C,top_1pct,0.0,0.0,0.0,0.0,0.0
DiagonalScanPath_7,Diagonal,heldout,0,C,observed_censored,0.0,0.0,0.0,0.0,0.0
DiagonalScanPath_7,Diagonal,heldout,1,shared_physics_prior,overall,0.0438474180640573,-0.4477011094155614,-0.4477011094155614,-0.4477011094155614,0.11791538505437726
DiagonalScanPath_7,Diagonal,heldout,1,shared_physics_prior,top_1pct,-0.5278449757846579,-0.4477011094155614,-0.4477011094155614,-0.4477011094155614,0.168185986652869
DiagonalScanPath_7,Diagonal,heldout,1,shared_physics_prior,observed_censored,0.3669787773680451,-0.4477011094155614,-0.4477011094155614,-0.4477011094155614,-0.12606314358714066
DiagonalScanPath_7,Diagonal,heldout,1,B,overall,0.10716471049769988,-1.1449673709560102,-1.1449673709560102,-1.1449673709560102,0.2694931640183251
DiagonalScanPath_7,Diagonal,heldout,1,B,top_1pct,-0.7911082620370189,-1.1449673709560102,-1.1449673709560102,-1.1449673709560102,-0.3271978091464769
DiagonalScanPath_7,Diagonal,heldout,1,B,observed_censored,0.5186865982170343,-1.1449673709560102,-1.1449673709560102,-1.1449673709560102,0.2363801952236413
DiagonalScanPath_7,Diagonal,heldout,1,C,overall,0.06674287902151067,-0.7218680132729105,-0.7218680132729105,-0.7218680132729105,0.1843379988866647
DiagonalScanPath_7,Diagonal,heldout,1,C,top_1pct,-0.6213285420979264,-0.7218680132729105,-0.7218680132729105,-0.7218680132729105,0.05723055216862072
DiagonalScanPath_7,Diagonal,heldout,1,C,observed_censored,0.512769692361196,-0.7218680132729105,-0.7218680132729105,-0.7218680132729105,0.09209369967844605
DiagonalScanPath_7,Diagonal,heldout,2,shared_physics_prior,overall,0.10150315396828806,-0.9091070108066788,-0.9091070108066788,-0.9091070108066788,0.2502550186631569
DiagonalScanPath_7,Diagonal,heldout,2,shared_physics_prior,top_1pct,-0.9982976760620295,-0.9091070108066788,-0.9091070108066788,-0.9091070108066788,0.3627302107638588
DiagonalScanPath_7,Diagonal,heldout,2,shared_physics_prior,observed_censored,0.4010017005570605,-0.9091070108066788,-0.9091070108066788,-0.9091070108066788,-0.26325505259409887
DiagonalScanPath_7,Diagonal,heldout,2,B,overall,0.2571192772490913,-1.736957208043009,-1.736957208043009,-1.736957208043009,0.5482708189168821
DiagonalScanPath_7,Diagonal,heldout,2,B,top_1pct,-1.333210953919072,-1.736957208043009,-1.736957208043009,-1.736957208043009,-0.297647544516634
DiagonalScanPath_7,Diagonal,heldout,2,B,observed_censored,0.6468840297877678,-1.736957208043009,-1.736957208043009,-1.736957208043009,0.24766540115167412
DiagonalScanPath_7,Diagonal,heldout,2,C,overall,0.15012669692568342,-1.3394541135865552,-1.3394541135865552,-1.3394541135865552,0.3531064247717809
DiagonalScanPath_7,Diagonal,heldout,2,C,top_1pct,-1.0776505459708823,-1.3394541135865552,-1.3394541135865552,-1.3394541135865552,0.19033317292617813
DiagonalScanPath_7,Diagonal,heldout,2,C,observed_censored,0.5799350865408774,-1.3394541135865552,-1.3394541135865552,-1.3394541135865552,-0.00830086585643608
DiagonalScanPath_7,Diagonal,heldout,3,shared_physics_prior,overall,0.16653069265088283,-1.1957801918931068,-1.1957801918931068,-1.1957801918931068,0.3772301792434193
DiagonalScanPath_7,Diagonal,heldout,3,shared_physics_prior,top_1pct,-1.2651444475871243,-1.1957801918931068,-1.1957801918931068,-1.1957801918931068,0.4771292511401608
DiagonalScanPath_7,Diagonal,heldout,3,shared_physics_prior,observed_censored,0.6708927925257033,-1.1957801918931068,-1.1957801918931068,-1.1957801918931068,-0.19155611308741216
DiagonalScanPath_7,Diagonal,heldout,3,B,overall,0.3805478813943017,-0.5283935142232394,-0.5283935142232394,-0.5283935142232394,0.7454633024149684
DiagonalScanPath_7,Diagonal,heldout,3,B,top_1pct,-1.4730883683296565,-0.5283935142232394,-0.5283935142232394,-0.5283935142232394,-0.1292061526129329
DiagonalScanPath_7,Diagonal,heldout,3,B,observed_censored,0.8051155207336955,-0.5283935142232394,-0.5283935142232394,-0.5283935142232394,0.31318198688922916
DiagonalScanPath_7,Diagonal,heldout,3,C,overall,0.23274660908744438,-0.9418317854024281,-0.9418317854024281,-0.9418317854024281,0.501172600126671
DiagonalScanPath_7,Diagonal,heldout,3,C,top_1pct,-1.2706823705055195,-0.9418317854024281,-0.9418317854024281,-0.9418317854024281,0.31602294781277784
DiagonalScanPath_7,Diagonal,heldout,3,C,observed_censored,0.8170519170067854,-0.9418317854024281,-0.9418317854024281,-0.9418317854024281,0.07440325614113874
DiagonalScanPath_7,Diagonal,heldout,4,shared_physics_prior,overall,0.3016511891064582,-0.9421313776675788,-0.9421313776675788,-0.9421313776675788,0.5973936542070796
DiagonalScanPath_7,Diagonal,heldout,4,shared_physics_prior,top_1pct,-1.6485187529449787,-0.9421313776675788,-0.9421313776675788,-0.9421313776675788,0.7467713256015278
DiagonalScanPath_7,Diagonal,heldout,4,shared_physics_prior,observed_censored,0.7166775522952753,-0.9421313776675788,-0.9421313776675788,-0.9421313776675788,-0.2557964944297071
DiagonalScanPath_7,Diagonal,heldout,4,B,overall,0.7141593275968121,-1.0989100942929326,-1.0989100942929326,-1.0989100942929326,1.179529881089639
DiagonalScanPath_7,Diagonal,heldout,4,B,top_1pct,-2.135545105124588,-1.0989100942929326,-1.0989100942929326,-1.0989100942929326,-0.03091497957665723
DiagonalScanPath_7,Diagonal,heldout,4,B,observed_censored,0.9385448969235948,-1.0989100942929326,-1.0989100942929326,-1.0989100942929326,0.38157859166913344
DiagonalScanPath_7,Diagonal,heldout,4,C,overall,0.42848222785701007,-0.596161327211064,-0.596161327211064,-0.596161327211064,0.7750163747050363
DiagonalScanPath_7,Diagonal,heldout,4,C,top_1pct,-1.5992602862138188,-0.596161327211064,-0.596161327211064,-0.596161327211064,0.5077560451977527
DiagonalScanPath_7,Diagonal,heldout,4,C,observed_censored,0.918846553041913,-0.596161327211064,-0.596161327211064,-0.596161327211064,0.06582575766318843
DiagonalScanPath_7,Diagonal,heldout,5,shared_physics_prior,overall,0.44606109364078306,-1.0799354573215965,-1.0799354573215965,-1.0799354573215965,0.7974337884457091
DiagonalScanPath_7,Diagonal,heldout,5,shared_physics_prior,top_1pct,-1.7701349055087279,-1.0799354573215965,-1.0799354573215965,-1.0799354573215965,0.8163328881039114
DiagonalScanPath_7,Diagonal,heldout,5,shared_physics_prior,observed_censored,0.556606965934298,-1.0799354573215965,-1.0799354573215965,-1.0799354573215965,-0.41331874366683463
DiagonalScanPath_7,Diagonal,heldout,5,B,overall,1.3340395612841307,-1.47215796529224,-1.47215796529224,-1.47215796529224,1.688318259093843
DiagonalScanPath_7,Diagonal,heldout,5,B,top_1pct,-2.263632889860139,-1.47215796529224,-1.47215796529224,-1.47215796529224,-0.01637860197535268
DiagonalScanPath_7,Diagonal,heldout,5,B,observed_censored,0.858282599064792,-1.47215796529224,-1.47215796529224,-1.47215796529224,0.271433916790512
DiagonalScanPath_7,Diagonal,heldout,5,C,overall,0.6822947088027743,-1.1988715582301097,-1.1988715582301097,-1.1988715582301097,0.9934173231088366
DiagonalScanPath_7,Diagonal,heldout,5,C,top_1pct,-1.9527220637704565,-1.1988715582301097,-1.1988715582301097,-1.1988715582301097,0.7347940132154385
DiagonalScanPath_7,Diagonal,heldout,5,C,observed_censored,0.7147400214803774,-1.1988715582301097,-1.1988715582301097,-1.1988715582301097,-0.128682475666547
DiagonalScanPath_8,Diagonal,development,0,shared_physics_prior,overall,0.0,0.0,0.0,0.0,0.0
DiagonalScanPath_8,Diagonal,development,0,shared_physics_prior,top_1pct,0.0,0.0,0.0,0.0,0.0
DiagonalScanPath_8,Diagonal,development,0,shared_physics_prior,observed_censored,0.0,0.0,0.0,0.0,0.0
DiagonalScanPath_8,Diagonal,development,0,B,overall,0.0,0.0,0.0,0.0,0.0
DiagonalScanPath_8,Diagonal,development,0,B,top_1pct,0.0,0.0,0.0,0.0,0.0
DiagonalScanPath_8,Diagonal,development,0,B,observed_censored,0.0,0.0,0.0,0.0,0.0
DiagonalScanPath_8,Diagonal,development,0,C,overall,0.0,0.0,0.0,0.0,0.0
DiagonalScanPath_8,Diagonal,development,0,C,top_1pct,0.0,0.0,0.0,0.0,0.0
DiagonalScanPath_8,Diagonal,development,0,C,observed_censored,0.0,0.0,0.0,0.0,0.0
DiagonalScanPath_8,Diagonal,development,1,shared_physics_prior,overall,0.04189151900688658,-0.43195195562009303,-0.43195195562009303,-0.43195195562009303,0.12482248648845407
DiagonalScanPath_8,Diagonal,development,1,shared_physics_prior,top_1pct,-0.5925068006411016,-0.43195195562009303,-0.43195195562009303,-0.43195195562009303,0.27659505596756606
DiagonalScanPath_8,Diagonal,development,1,shared_physics_prior,observed_censored,0.4202846130733946,-0.43195195562009303,-0.43195195562009303,-0.43195195562009303,-0.0654606034695897
DiagonalScanPath_8,Diagonal,development,1,B,overall,0.09230408677805843,0.09743266812455431,0.09743266812455431,0.09743266812455431,0.261812155753237
DiagonalScanPath_8,Diagonal,development,1,B,top_1pct,-0.7780148055542213,0.09743266812455431,0.09743266812455431,0.09743266812455431,-0.011635860299501033
DiagonalScanPath_8,Diagonal,development,1,B,observed_censored,0.47625179952067187,0.09743266812455431,0.09743266812455431,0.09743266812455431,0.25706345958495014
DiagonalScanPath_8,Diagonal,development,1,C,overall,0.05952845579896045,-0.48874304160398196,-0.48874304160398196,-0.48874304160398196,0.17840111015088622
DiagonalScanPath_8,Diagonal,development,1,C,top_1pct,-0.715479185665938,-0.48874304160398196,-0.48874304160398196,-0.48874304160398196,0.22735826058944975
DiagonalScanPath_8,Diagonal,development,1,C,observed_censored,0.46814131779679213,-0.48874304160398196,-0.48874304160398196,-0.48874304160398196,0.10938232812919857
DiagonalScanPath_8,Diagonal,development,2,shared_physics_prior,overall,0.11085266879260101,-0.7216681198921151,-0.7216681198921151,-0.7216681198921151,0.2826840312914224
DiagonalScanPath_8,Diagonal,development,2,shared_physics_prior,top_1pct,-1.0946593208059767,-0.7216681198921151,-0.7216681198921151,-0.7216681198921151,0.5463420559461634
DiagonalScanPath_8,Diagonal,development,2,shared_physics_prior,observed_censored,0.6783694182045656,-0.7216681198921151,-0.7216681198921151,-0.7216681198921151,-0.10065903694222333
DiagonalScanPath_8,Diagonal,development,2,B,overall,0.21662557073688862,-0.45314071591838,-0.45314071591838,-0.45314071591838,0.47731592384999255
DiagonalScanPath_8,Diagonal,development,2,B,top_1pct,-1.2971583363869241,-0.45314071591838,-0.45314071591838,-0.45314071591838,0.015945137674104437
DiagonalScanPath_8,Diagonal,development,2,B,observed_censored,0.5129736054813758,-0.45314071591838,-0.45314071591838,-0.45314071591838,0.130905728048047
DiagonalScanPath_8,Diagonal,development,2,C,overall,0.13840290913982745,-0.7290030448478433,-0.7290030448478433,-0.7290030448478433,0.342919599582317
DiagonalScanPath_8,Diagonal,development,2,C,top_1pct,-1.2715921595065445,-0.7290030448478433,-0.7290030448478433,-0.7290030448478433,0.5012153031754933
DiagonalScanPath_8,Diagonal,development,2,C,observed_censored,0.6203584909214865,-0.7290030448478433,-0.7290030448478433,-0.7290030448478433,0.038049916531725625
DiagonalScanPath_8,Diagonal,development,3,shared_physics_prior,overall,0.18157261781203543,-1.0714400283884515,-1.0714400283884515,-1.0714400283884515,0.423219973515084
DiagonalScanPath_8,Diagonal,development,3,shared_physics_prior,top_1pct,-1.3717617880871897,-1.0714400283884515,-1.0714400283884515,-1.0714400283884515,0.6796900140387958
DiagonalScanPath_8,Diagonal,development,3,shared_physics_prior,observed_censored,0.8064009426818823,-1.0714400283884515,-1.0714400283884515,-1.0714400283884515,-0.12529375112603436
DiagonalScanPath_8,Diagonal,development,3,B,overall,0.3431768114167645,-0.9982133980042249,-0.9982133980042249,-0.9982133980042249,0.7252614670174286
DiagonalScanPath_8,Diagonal,development,3,B,top_1pct,-1.6930676707946715,-0.9982133980042249,-0.9982133980042249,-0.9982133980042249,0.05943809045691051
DiagonalScanPath_8,Diagonal,development,3,B,observed_censored,0.644676530081659,-0.9982133980042249,-0.9982133980042249,-0.9982133980042249,0.18270695362650535
DiagonalScanPath_8,Diagonal,development,3,C,overall,0.23110305326390135,-0.779110234175505,-0.779110234175505,-0.779110234175505,0.5131683607699392
DiagonalScanPath_8,Diagonal,development,3,C,top_1pct,-1.4533228687600173,-0.779110234175505,-0.779110234175505,-0.779110234175505,0.5650731510516542
DiagonalScanPath_8,Diagonal,development,3,C,observed_censored,0.7934476935170127,-0.779110234175505,-0.779110234175505,-0.779110234175505,0.045262148285787784
DiagonalScanPath_8,Diagonal,development,4,shared_physics_prior,overall,0.3258906886553333,-1.1040091467137927,-1.1040091467137927,-1.1040091467137927,0.6618639135437235
DiagonalScanPath_8,Diagonal,development,4,shared_physics_prior,top_1pct,-1.8116684302371506,-1.1040091467137927,-1.1040091467137927,-1.1040091467137927,0.9842506872717447
DiagonalScanPath_8,Diagonal,development,4,shared_physics_prior,observed_censored,0.9702690170017236,-1.1040091467137927,-1.1040091467137927,-1.1040091467137927,-0.1193622402457355
DiagonalScanPath_8,Diagonal,development,4,B,overall,0.7421197104606744,-1.388906911885158,-1.388906911885158,-1.388906911885158,1.1792684592360163
DiagonalScanPath_8,Diagonal,development,4,B,top_1pct,-2.163048571825077,-1.388906911885158,-1.388906911885158,-1.388906911885158,0.2493097468948422
DiagonalScanPath_8,Diagonal,development,4,B,observed_censored,0.8050598602021646,-1.388906911885158,-1.388906911885158,-1.388906911885158,0.23102637138420068
DiagonalScanPath_8,Diagonal,development,4,C,overall,0.44699266475735333,-0.7656261058787095,-0.7656261058787095,-0.7656261058787095,0.8012882505056856
DiagonalScanPath_8,Diagonal,development,4,C,top_1pct,-1.746240629725314,-0.7656261058787095,-0.7656261058787095,-0.7656261058787095,0.6931976909537876
DiagonalScanPath_8,Diagonal,development,4,C,observed_censored,0.9846577027294816,-0.7656261058787095,-0.7656261058787095,-0.7656261058787095,0.08413044245978529
DiagonalScanPath_8,Diagonal,development,5,shared_physics_prior,overall,0.4741794052958799,-1.3759677416913974,-1.3759677416913974,-1.3759677416913974,0.8664252290717599
DiagonalScanPath_8,Diagonal,development,5,shared_physics_prior,top_1pct,-1.954346664327313,-1.3759677416913974,-1.3759677416913974,-1.3759677416913974,1.0662859448786346
DiagonalScanPath_8,Diagonal,development,5,shared_physics_prior,observed_censored,0.8694540382423375,-1.3759677416913974,-1.3759677416913974,-1.3759677416913974,-0.24221474355128558
DiagonalScanPath_8,Diagonal,development,5,B,overall,1.3105908272518427,-1.833512230585768,-1.833512230585768,-1.833512230585768,1.6402659170241392
DiagonalScanPath_8,Diagonal,development,5,B,top_1pct,-2.4348189293403766,-1.833512230585768,-1.833512230585768,-1.833512230585768,0.35456735283992735
DiagonalScanPath_8,Diagonal,development,5,B,observed_censored,0.8034360365884985,-1.833512230585768,-1.833512230585768,-1.833512230585768,0.18259811191729636
DiagonalScanPath_8,Diagonal,development,5,C,overall,0.6928336861760293,-1.1899975907771818,-1.1899975907771818,-1.1899975907771818,1.0234536236042686
DiagonalScanPath_8,Diagonal,development,5,C,top_1pct,-2.000805274454442,-1.1899975907771818,-1.1899975907771818,-1.1899975907771818,0.9490485371226973
DiagonalScanPath_8,Diagonal,development,5,C,observed_censored,0.8531031295905844,-1.1899975907771818,-1.1899975907771818,-1.1899975907771818,-0.05668655295123992
HorizontalScanPath_1,Horizontal,heldout,0,shared_physics_prior,overall,0.0,0.0,0.0,0.0,0.0
HorizontalScanPath_1,Horizontal,heldout,0,shared_physics_prior,top_1pct,0.0,0.0,0.0,0.0,0.0
HorizontalScanPath_1,Horizontal,heldout,0,shared_physics_prior,observed_censored,0.0,0.0,0.0,0.0,0.0
HorizontalScanPath_1,Horizontal,heldout,0,B,overall,0.0,0.0,0.0,0.0,0.0
HorizontalScanPath_1,Horizontal,heldout,0,B,top_1pct,0.0,0.0,0.0,0.0,0.0
HorizontalScanPath_1,Horizontal,heldout,0,B,observed_censored,0.0,0.0,0.0,0.0,0.0
HorizontalScanPath_1,Horizontal,heldout,0,C,overall,0.0,0.0,0.0,0.0,0.0
HorizontalScanPath_1,Horizontal,heldout,0,C,top_1pct,0.0,0.0,0.0,0.0,0.0
HorizontalScanPath_1,Horizontal,heldout,0,C,observed_censored,0.0,0.0,0.0,0.0,0.0
HorizontalScanPath_1,Horizontal,heldout,1,shared_physics_prior,overall,0.039745612434098354,-0.3336600728258645,0.3336600728258645,-0.3336600728258645,0.11807522839891815
HorizontalScanPath_1,Horizontal,heldout,1,shared_physics_prior,top_1pct,-0.3056249114630327,-0.3336600728258645,0.3336600728258645,-0.3336600728258645,0.02591023691890193
HorizontalScanPath_1,Horizontal,heldout,1,shared_physics_prior,observed_censored,0.24700138982640008,-0.3336600728258645,0.3336600728258645,-0.3336600728258645,0.04957743295887429
HorizontalScanPath_1,Horizontal,heldout,1,B,overall,0.10863617861287381,1.1534123648143577,-1.1534123648143577,1.1534123648143577,0.2485380659349905
HorizontalScanPath_1,Horizontal,heldout,1,B,top_1pct,-0.08657033055475027,1.1534123648143577,-1.1534123648143577,1.1534123648143577,-0.17428018331545925
HorizontalScanPath_1,Horizontal,heldout,1,B,observed_censored,0.44829235644890275,1.1534123648143577,-1.1534123648143577,1.1534123648143577,0.2940574426844318
HorizontalScanPath_1,Horizontal,heldout,1,C,overall,0.05960735737708578,0.12979254710393207,-0.12979254710393207,0.12979254710393207,0.13795870118269693
HorizontalScanPath_1,Horizontal,heldout,1,C,top_1pct,-0.20873225023183978,0.12979254710393207,-0.12979254710393207,0.12979254710393207,-0.060811292092978864
HorizontalScanPath_1,Horizontal,heldout,1,C,observed_censored,0.2651463379544241,0.12979254710393207,-0.12979254710393207,0.12979254710393207,0.06161979219750968
HorizontalScanPath_1,Horizontal,heldout,2,shared_physics_prior,overall,0.12113943056410229,-0.5751264653879389,0.5751264653879389,-0.5751264653879389,0.3185333663065705
HorizontalScanPath_1,Horizontal,heldout,2,shared_physics_prior,top_1pct,-0.5891704589099913,-0.5751264653879389,0.5751264653879389,-0.5751264653879389,0.1420946702558452
HorizontalScanPath_1,Horizontal,heldout,2,shared_physics_prior,observed_censored,0.40393524184069407,-0.5751264653879389,0.5751264653879389,-0.5751264653879389,0.13236510258099443
HorizontalScanPath_1,Horizontal,heldout,2,B,overall,0.30721615244291156,0.0742577535548321,-0.0742577535548321,0.0742577535548321,0.5995813851922345
HorizontalScanPath_1,Horizontal,heldout,2,B,top_1pct,-0.5343735545548701,0.0742577535548321,-0.0742577535548321,0.0742577535548321,-0.25560635457918446
HorizontalScanPath_1,Horizontal,heldout,2,B,observed_censored,0.6674888868658635,0.0742577535548321,-0.0742577535548321,0.0742577535548321,0.45588021095421993
HorizontalScanPath_1,Horizontal,heldout,2,C,overall,0.17472633514674182,-0.15826575821625966,0.15826575821625966,-0.15826575821625966,0.38561332142850235
HorizontalScanPath_1,Horizontal,heldout,2,C,top_1pct,-0.5132631175451979,-0.15826575821625966,0.15826575821625966,-0.15826575821625966,0.010064900772274399
HorizontalScanPath_1,Horizontal,heldout,2,C,observed_censored,0.4714416951111091,-0.15826575821625966,0.15826575821625966,-0.15826575821625966,0.20509113835198045
HorizontalScanPath_1,Horizontal,heldout,3,shared_physics_prior,overall,0.17726958210210678,-0.7677771522663761,0.7677771522663761,-0.7677771522663761,0.43014216438283903
HorizontalScanPath_1,Horizontal,heldout,3,shared_physics_prior,top_1pct,-0.6463241920744622,-0.7677771522663761,0.7677771522663761,-0.7677771522663761,0.24020299209189622
HorizontalScanPath_1,Horizontal,heldout,3,shared_physics_prior,observed_censored,0.41769352007408167,-0.7677771522663761,0.7677771522663761,-0.7677771522663761,0.10356341052495965
HorizontalScanPath_1,Horizontal,heldout,3,B,overall,0.592582301297849,-0.2157046925935333,0.2157046925935333,-0.2157046925935333,0.8830041021482533
HorizontalScanPath_1,Horizontal,heldout,3,B,top_1pct,-0.41307710853350255,-0.2157046925935333,0.2157046925935333,-0.2157046925935333,0.008890643151754585
HorizontalScanPath_1,Horizontal,heldout,3,B,observed_censored,0.7264361910725525,-0.2157046925935333,0.2157046925935333,-0.2157046925935333,0.45408331821951187
HorizontalScanPath_1,Horizontal,heldout,3,C,overall,0.2847044643956378,-0.7819645986191972,0.7819645986191972,-0.7819645986191972,0.5179992456161583
HorizontalScanPath_1,Horizontal,heldout,3,C,top_1pct,-0.559877135123536,-0.7819645986191972,0.7819645986191972,-0.7819645986191972,0.19260951629011425
HorizontalScanPath_1,Horizontal,heldout,3,C,observed_censored,0.4622732727505108,-0.7819645986191972,0.7819645986191972,-0.7819645986191972,0.16180184889949567
HorizontalScanPath_1,Horizontal,heldout,4,shared_physics_prior,overall,0.34599426999308824,-0.888166474431614,0.888166474431614,-0.888166474431614,0.7088184747432313
HorizontalScanPath_1,Horizontal,heldout,4,shared_physics_prior,top_1pct,-0.7135045577254278,-0.888166474431614,0.888166474431614,-0.888166474431614,0.2785375268005206
HorizontalScanPath_1,Horizontal,heldout,4,shared_physics_prior,observed_censored,0.263389684152739,-0.888166474431614,0.888166474431614,-0.888166474431614,-0.053716775626098556
HorizontalScanPath_1,Horizontal,heldout,4,B,overall,1.2789262010752787,-0.11564180892156628,0.11564180892156628,-0.11564180892156628,1.4614064805188351
HorizontalScanPath_1,Horizontal,heldout,4,B,top_1pct,-0.5100765583425504,-0.11564180892156628,0.11564180892156628,-0.11564180892156628,-0.12266786565082244
HorizontalScanPath_1,Horizontal,heldout,4,B,observed_censored,0.5663690917494262,-0.11564180892156628,0.11564180892156628,-0.11564180892156628,0.22491050258932965
HorizontalScanPath_1,Horizontal,heldout,4,C,overall,0.5767614947399112,-0.3507841575146813,0.3507841575146813,-0.3507841575146813,0.8201699609323027
HorizontalScanPath_1,Horizontal,heldout,4,C,top_1pct,-0.46092209270499096,-0.3507841575146813,0.3507841575146813,-0.3507841575146813,0.05902365177105651
HorizontalScanPath_1,Horizontal,heldout,4,C,observed_censored,0.28687518081823615,-0.3507841575146813,0.3507841575146813,-0.3507841575146813,-0.04742012344018187
HorizontalScanPath_1,Horizontal,heldout,5,shared_physics_prior,overall,0.49970993085763216,-1.1812461485444032,1.1812461485444032,-1.1812461485444032,0.9258679249005735
HorizontalScanPath_1,Horizontal,heldout,5,shared_physics_prior,top_1pct,-0.8717550332874748,-1.1812461485444032,1.1812461485444032,-1.1812461485444032,0.3707085991700412
HorizontalScanPath_1,Horizontal,heldout,5,shared_physics_prior,observed_censored,0.11612879233214701,-1.1812461485444032,1.1812461485444032,-1.1812461485444032,-0.18313415543450384
HorizontalScanPath_1,Horizontal,heldout,5,B,overall,1.8176699891419323,-0.5660249163057074,0.5660249163057074,-0.5660249163057074,1.932166783895883
HorizontalScanPath_1,Horizontal,heldout,5,B,top_1pct,-0.6565775997176114,-0.5660249163057074,0.5660249163057074,-0.5660249163057074,-0.07575839241434812
HorizontalScanPath_1,Horizontal,heldout,5,B,observed_censored,0.5606098046911963,-0.5660249163057074,0.5660249163057074,-0.5660249163057074,0.177369811123266
HorizontalScanPath_1,Horizontal,heldout,5,C,overall,0.833957371460052,-0.6020028107598705,0.6020028107598705,-0.6020028107598705,1.0931135194544783
HorizontalScanPath_1,Horizontal,heldout,5,C,top_1pct,-0.8465301306991342,-0.6020028107598705,0.6020028107598705,-0.6020028107598705,0.1744012135684878
HorizontalScanPath_1,Horizontal,heldout,5,C,observed_censored,0.18218225680663203,-0.6020028107598705,0.6020028107598705,-0.6020028107598705,-0.13639564714324415
HorizontalScanPath_10,Horizontal,heldout,0,shared_physics_prior,overall,0.0,0.0,0.0,0.0,0.0
HorizontalScanPath_10,Horizontal,heldout,0,shared_physics_prior,top_1pct,0.0,0.0,0.0,0.0,0.0
HorizontalScanPath_10,Horizontal,heldout,0,shared_physics_prior,observed_censored,0.0,0.0,0.0,0.0,0.0
HorizontalScanPath_10,Horizontal,heldout,0,B,overall,0.0,0.0,0.0,0.0,0.0
HorizontalScanPath_10,Horizontal,heldout,0,B,top_1pct,0.0,0.0,0.0,0.0,0.0
HorizontalScanPath_10,Horizontal,heldout,0,B,observed_censored,0.0,0.0,0.0,0.0,0.0
HorizontalScanPath_10,Horizontal,heldout,0,C,overall,0.0,0.0,0.0,0.0,0.0
HorizontalScanPath_10,Horizontal,heldout,0,C,top_1pct,0.0,0.0,0.0,0.0,0.0
HorizontalScanPath_10,Horizontal,heldout,0,C,observed_censored,0.0,0.0,0.0,0.0,0.0
HorizontalScanPath_10,Horizontal,heldout,1,shared_physics_prior,overall,0.046922320656627714,-0.7030402592744736,0.7030402592744736,-0.7030402592744736,0.15063633042134844
HorizontalScanPath_10,Horizontal,heldout,1,shared_physics_prior,top_1pct,-0.56155586867784,-0.7030402592744736,0.7030402592744736,-0.7030402592744736,0.2001416593508245
HorizontalScanPath_10,Horizontal,heldout,1,shared_physics_prior,observed_censored,0.4815715518137569,-0.7030402592744736,0.7030402592744736,-0.7030402592744736,0.2415145155392846
HorizontalScanPath_10,Horizontal,heldout,1,B,overall,0.07282195662632937,-1.5516806301618544,1.5516806301618544,-1.5516806301618544,0.20458434177481333
HorizontalScanPath_10,Horizontal,heldout,1,B,top_1pct,-0.9676244794885882,-1.5516806301618544,1.5516806301618544,-1.5516806301618544,-0.35366798759470885
HorizontalScanPath_10,Horizontal,heldout,1,B,observed_censored,0.20008608267089656,-1.5516806301618544,1.5516806301618544,-1.5516806301618544,0.19525303289444906
HorizontalScanPath_10,Horizontal,heldout,1,C,overall,0.054024109176215,-0.8738752913961321,0.8738752913961321,-0.8738752913961321,0.17512703063366797
HorizontalScanPath_10,Horizontal,heldout,1,C,top_1pct,-0.6786500564310655,-0.8738752913961321,0.8738752913961321,-0.8738752913961321,0.0705927401547255
HorizontalScanPath_10,Horizontal,heldout,1,C,observed_censored,0.4099137909470578,-0.8738752913961321,0.8738752913961321,-0.8738752913961321,0.2723713013014253
HorizontalScanPath_10,Horizontal,heldout,2,shared_physics_prior,overall,0.11621377526220567,-1.1997248038205726,1.1997248038205726,-1.1997248038205726,0.3243237594217339
HorizontalScanPath_10,Horizontal,heldout,2,shared_physics_prior,top_1pct,-1.0528343112991,-1.1997248038205726,1.1997248038205726,-1.1997248038205726,0.41082036392721877
HorizontalScanPath_10,Horizontal,heldout,2,shared_physics_prior,observed_censored,0.7499273303836442,-1.1997248038205726,1.1997248038205726,-1.1997248038205726,0.3517040493463064
HorizontalScanPath_10,Horizontal,heldout,2,B,overall,0.21468333591415492,-1.8810034635520765,1.8810034635520765,-1.8810034635520765,0.4745002234261889
HorizontalScanPath_10,Horizontal,heldout,2,B,top_1pct,-1.4702039945810155,-1.8810034635520765,1.8810034635520765,-1.8810034635520765,-0.4844946131643164
HorizontalScanPath_10,Horizontal,heldout,2,B,observed_censored,0.28130757290518993,-1.8810034635520765,1.8810034635520765,-1.8810034635520765,0.18158601439633593
HorizontalScanPath_10,Horizontal,heldout,2,C,overall,0.14174896278599097,-1.1829229078589378,1.1829229078589378,-1.1829229078589378,0.3618953136560614
HorizontalScanPath_10,Horizontal,heldout,2,C,top_1pct,-1.1685111310348384,-1.1829229078589378,1.1829229078589378,-1.1829229078589378,0.16222766873049022
HorizontalScanPath_10,Horizontal,heldout,2,C,observed_censored,0.6070913867663463,-1.1829229078589378,1.1829229078589378,-1.1829229078589378,0.33061639110782304
HorizontalScanPath_10,Horizontal,heldout,3,shared_physics_prior,overall,0.18277861736226442,-1.5395203495736496,1.5395203495736496,-1.5395203495736496,0.4606300445646377
HorizontalScanPath_10,Horizontal,heldout,3,shared_physics_prior,top_1pct,-1.476221622317862,-1.5395203495736496,1.5395203495736496,-1.5395203495736496,0.6165548434172137
HorizontalScanPath_10,Horizontal,heldout,3,shared_physics_prior,observed_censored,0.8323236484429777,-1.5395203495736496,1.5395203495736496,-1.5395203495736496,0.3738384061661555
HorizontalScanPath_10,Horizontal,heldout,3,B,overall,0.3694700599885762,-2.254548890637693,2.254548890637693,-2.254548890637693,0.7420905864838995
HorizontalScanPath_10,Horizontal,heldout,3,B,top_1pct,-1.9452139301714986,-2.254548890637693,2.254548890637693,-2.254548890637693,-0.537359413574825
HorizontalScanPath_10,Horizontal,heldout,3,B,observed_censored,0.42000942179327083,-2.254548890637693,2.254548890637693,-2.254548890637693,0.296664269132366
HorizontalScanPath_10,Horizontal,heldout,3,C,overall,0.24134135721205247,-1.4567169942556575,1.4567169942556575,-1.4567169942556575,0.547290736123324
HorizontalScanPath_10,Horizontal,heldout,3,C,top_1pct,-1.5056813645313514,-1.4567169942556575,1.4567169942556575,-1.4567169942556575,0.28803603121099197
HorizontalScanPath_10,Horizontal,heldout,3,C,observed_censored,0.7583303668329304,-1.4567169942556575,1.4567169942556575,-1.4567169942556575,0.4251362561834351
HorizontalScanPath_10,Horizontal,heldout,4,shared_physics_prior,overall,0.3083229069998182,-2.1088954313408976,2.1088954313408976,-2.1088954313408976,0.6704994483975362
HorizontalScanPath_10,Horizontal,heldout,4,shared_physics_prior,top_1pct,-1.8900424618676448,-2.1088954313408976,2.1088954313408976,-2.1088954313408976,0.8596768989561432
HorizontalScanPath_10,Horizontal,heldout,4,shared_physics_prior,observed_censored,0.9792980521264534,-2.1088954313408976,2.1088954313408976,-2.1088954313408976,0.4160445735165985
HorizontalScanPath_10,Horizontal,heldout,4,B,overall,0.679324022056727,-2.9754972758654503,2.9754972758654503,-2.9754972758654503,1.1139475532517396
HorizontalScanPath_10,Horizontal,heldout,4,B,top_1pct,-2.484428505082026,-2.9754972758654503,2.9754972758654503,-2.9754972758654503,-0.38783153610207366
HorizontalScanPath_10,Horizontal,heldout,4,B,observed_censored,0.5554138817735312,-2.9754972758654503,2.9754972758654503,-2.9754972758654503,0.391608251659016
HorizontalScanPath_10,Horizontal,heldout,4,C,overall,0.41680012153411805,-1.8667572351739636,1.8667572351739636,-1.8667572351739636,0.7925820558902409
HorizontalScanPath_10,Horizontal,heldout,4,C,top_1pct,-1.9959034307147956,-1.8667572351739636,1.8667572351739636,-1.8667572351739636,0.4485127780591456
HorizontalScanPath_10,Horizontal,heldout,4,C,observed_censored,0.886471826219968,-1.8667572351739636,1.8667572351739636,-1.8667572351739636,0.48016901690632663
HorizontalScanPath_10,Horizontal,heldout,5,shared_physics_prior,overall,0.4475003525757013,-2.401088037009629,2.401088037009629,-2.401088037009629,0.8726230211760995
HorizontalScanPath_10,Horizontal,heldout,5,shared_physics_prior,top_1pct,-2.0565500275059914,-2.401088037009629,2.401088037009629,-2.401088037009629,0.9782277696594206
HorizontalScanPath_10,Horizontal,heldout,5,shared_physics_prior,observed_censored,0.7976224905846943,-2.401088037009629,2.401088037009629,-2.401088037009629,0.28043655921306865
HorizontalScanPath_10,Horizontal,heldout,5,B,overall,1.2797405222772298,-3.312435932370022,3.312435932370022,-3.312435932370022,1.591386864520862
HorizontalScanPath_10,Horizontal,heldout,5,B,top_1pct,-2.686689201802892,-3.312435932370022,3.312435932370022,-3.312435932370022,-0.31241297095268994
HorizontalScanPath_10,Horizontal,heldout,5,B,observed_censored,0.48591077562622864,-3.312435932370022,3.312435932370022,-3.312435932370022,0.28468897072906874
HorizontalScanPath_10,Horizontal,heldout,5,C,overall,0.6766343489660438,-2.4121805026208563,2.4121805026208563,-2.4121805026208563,1.0369189523650504
HorizontalScanPath_10,Horizontal,heldout,5,C,top_1pct,-2.2033734182050604,-2.4121805026208563,2.4121805026208563,-2.4121805026208563,0.6376452909657959
HorizontalScanPath_10,Horizontal,heldout,5,C,observed_censored,0.7147578281538414,-2.4121805026208563,2.4121805026208563,-2.4121805026208563,0.33829694903111474
HorizontalScanPath_11,Horizontal,heldout,0,shared_physics_prior,overall,0.0,0.0,0.0,0.0,0.0
HorizontalScanPath_11,Horizontal,heldout,0,shared_physics_prior,top_1pct,0.0,0.0,0.0,0.0,0.0
HorizontalScanPath_11,Horizontal,heldout,0,shared_physics_prior,observed_censored,0.0,0.0,0.0,0.0,0.0
HorizontalScanPath_11,Horizontal,heldout,0,B,overall,0.0,0.0,0.0,0.0,0.0
HorizontalScanPath_11,Horizontal,heldout,0,B,top_1pct,0.0,0.0,0.0,0.0,0.0
HorizontalScanPath_11,Horizontal,heldout,0,B,observed_censored,0.0,0.0,0.0,0.0,0.0
HorizontalScanPath_11,Horizontal,heldout,0,C,overall,0.0,0.0,0.0,0.0,0.0
HorizontalScanPath_11,Horizontal,heldout,0,C,top_1pct,0.0,0.0,0.0,0.0,0.0
HorizontalScanPath_11,Horizontal,heldout,0,C,observed_censored,0.0,0.0,0.0,0.0,0.0
HorizontalScanPath_11,Horizontal,heldout,1,shared_physics_prior,overall,0.040839574656916164,-0.5782517437447723,0.5782517437447723,-0.5782517437447723,0.13362206617386235
HorizontalScanPath_11,Horizontal,heldout,1,shared_physics_prior,top_1pct,-0.6051212860528382,-0.5782517437447723,0.5782517437447723,-0.5782517437447723,0.18492927036340578
HorizontalScanPath_11,Horizontal,heldout,1,shared_physics_prior,observed_censored,0.3108659839472663,-0.5782517437447723,0.5782517437447723,-0.5782517437447723,0.05084988749477404
HorizontalScanPath_11,Horizontal,heldout,1,B,overall,0.10207215808629513,-0.5768035987319422,0.5768035987319422,-0.5768035987319422,0.2806796535913847
HorizontalScanPath_11,Horizontal,heldout,1,B,top_1pct,-0.6241716026793824,-0.5768035987319422,0.5768035987319422,-0.5768035987319422,-0.24122007718917216
HorizontalScanPath_11,Horizontal,heldout,1,B,observed_censored,0.32794114262091867,-0.5768035987319422,0.5768035987319422,-0.5768035987319422,0.2200259871796284
HorizontalScanPath_11,Horizontal,heldout,1,C,overall,0.06114500270209772,-0.5840007401798744,0.5840007401798744,-0.5840007401798744,0.17677492614834478
HorizontalScanPath_11,Horizontal,heldout,1,C,top_1pct,-0.5998949194134616,-0.5840007401798744,0.5840007401798744,-0.5840007401798744,0.057609124415384905
HorizontalScanPath_11,Horizontal,heldout,1,C,observed_censored,0.34324617887913034,-0.5840007401798744,0.5840007401798744,-0.5840007401798744,0.1368415955618678
HorizontalScanPath_11,Horizontal,heldout,2,shared_physics_prior,overall,0.10318168577284247,-1.08808262779894,1.08808262779894,-1.08808262779894,0.2887799495363171
HorizontalScanPath_11,Horizontal,heldout,2,shared_physics_prior,top_1pct,-1.1548098238078048,-1.08808262779894,1.08808262779894,-1.08808262779894,0.3975778256940159
HorizontalScanPath_11,Horizontal,heldout,2,shared_physics_prior,observed_censored,0.5719777800851493,-1.08808262779894,1.08808262779894,-1.08808262779894,0.13864383711338268
HorizontalScanPath_11,Horizontal,heldout,2,B,overall,0.2055109334725652,-1.2551009988128499,1.2551009988128499,-1.2551009988128499,0.49815601062412296
HorizontalScanPath_11,Horizontal,heldout,2,B,top_1pct,-1.2459761151796191,-1.2551009988128499,1.2551009988128499,-1.2551009988128499,-0.33290620541290306
HorizontalScanPath_11,Horizontal,heldout,2,B,observed_censored,0.4564297342359991,-1.2551009988128499,1.2551009988128499,-1.2551009988128499,0.29569357098307325
HorizontalScanPath_11,Horizontal,heldout,2,C,overall,0.13429007113066269,-1.0945916387999546,1.0945916387999546,-1.0945916387999546,0.35059156977981853
HorizontalScanPath_11,Horizontal,heldout,2,C,top_1pct,-1.126825324394838,-1.0945916387999546,1.0945916387999546,-1.0945916387999546,0.1968668733076151
HorizontalScanPath_11,Horizontal,heldout,2,C,observed_censored,0.5850766824288782,-1.0945916387999546,1.0945916387999546,-1.0945916387999546,0.23899088076997943
HorizontalScanPath_11,Horizontal,heldout,3,shared_physics_prior,overall,0.17043991198074,-1.6111815070696593,1.6111815070696593,-1.6111815070696593,0.4327047784548506
HorizontalScanPath_11,Horizontal,heldout,3,shared_physics_prior,top_1pct,-1.4981624036631707,-1.6111815070696593,1.6111815070696593,-1.6111815070696593,0.6246718929870667
HorizontalScanPath_11,Horizontal,heldout,3,shared_physics_prior,observed_censored,0.6805622589951763,-1.6111815070696593,1.6111815070696593,-1.6111815070696593,0.19365650773975407
HorizontalScanPath_11,Horizontal,heldout,3,B,overall,0.3357820501407819,-1.8615969352463253,1.8615969352463253,-1.8615969352463253,0.7599799962713463
HorizontalScanPath_11,Horizontal,heldout,3,B,top_1pct,-1.723883127271281,-1.8615969352463253,1.8615969352463253,-1.8615969352463253,-0.34328831841018914
HorizontalScanPath_11,Horizontal,heldout,3,B,observed_censored,0.6008150367750811,-1.8615969352463253,1.8615969352463253,-1.8615969352463253,0.45555979549918657
HorizontalScanPath_11,Horizontal,heldout,3,C,overall,0.21864251401854493,-1.5858418417369649,1.5858418417369649,-1.5858418417369649,0.5065525427426711
HorizontalScanPath_11,Horizontal,heldout,3,C,top_1pct,-1.5163552508941531,-1.5858418417369649,1.5858418417369649,-1.5858418417369649,0.36550296281375827
HorizontalScanPath_11,Horizontal,heldout,3,C,observed_censored,0.6887527754783389,-1.5858418417369649,1.5858418417369649,-1.5858418417369649,0.2951767416249811
HorizontalScanPath_11,Horizontal,heldout,4,shared_physics_prior,overall,0.2805256850582813,-2.1712898575027566,2.1712898575027566,-2.1712898575027566,0.617409366624537
HorizontalScanPath_11,Horizontal,heldout,4,shared_physics_prior,top_1pct,-1.9665462828282854,-2.1712898575027566,2.1712898575027566,-2.1712898575027566,0.9252675137081838
HorizontalScanPath_11,Horizontal,heldout,4,shared_physics_prior,observed_censored,0.7900875491543922,-2.1712898575027566,2.1712898575027566,-2.1712898575027566,0.20188420640485027
HorizontalScanPath_11,Horizontal,heldout,4,B,overall,0.6619579646895629,-2.5973199780135587,2.5973199780135587,-2.5973199780135587,1.132868257863644
HorizontalScanPath_11,Horizontal,heldout,4,B,top_1pct,-2.27410123667863,-2.5973199780135587,2.5973199780135587,-2.5973199780135587,-0.10592007256974689
HorizontalScanPath_11,Horizontal,heldout,4,B,observed_censored,0.7558835633877328,-2.5973199780135587,2.5973199780135587,-2.5973199780135587,0.5050763670167546
HorizontalScanPath_11,Horizontal,heldout,4,C,overall,0.38634660118902464,-2.239454435458015,2.239454435458015,-2.239454435458015,0.7531027438706126
HorizontalScanPath_11,Horizontal,heldout,4,C,top_1pct,-1.9105874378506542,-2.239454435458015,2.239454435458015,-2.239454435458015,0.6312096977049326
HorizontalScanPath_11,Horizontal,heldout,4,C,observed_censored,0.819401644681168,-2.239454435458015,2.239454435458015,-2.239454435458015,0.3483809830447355
HorizontalScanPath_11,Horizontal,heldout,5,shared_physics_prior,overall,0.4503293073608612,-2.345045625981811,2.345045625981811,-2.345045625981811,0.869019369177287
HorizontalScanPath_11,Horizontal,heldout,5,shared_physics_prior,top_1pct,-2.1854441351358425,-2.345045625981811,2.345045625981811,-2.345045625981811,1.0641653009677556
HorizontalScanPath_11,Horizontal,heldout,5,shared_physics_prior,observed_censored,0.7503242296679593,-2.345045625981811,2.345045625981811,-2.345045625981811,0.15170435578688002
HorizontalScanPath_11,Horizontal,heldout,5,B,overall,1.2454504239100237,-2.7877013074610204,2.7877013074610204,-2.7877013074610204,1.6075730349157198
HorizontalScanPath_11,Horizontal,heldout,5,B,top_1pct,-2.432599870780168,-2.7877013074610204,2.7877013074610204,-2.7877013074610204,-0.19327923538983915
HorizontalScanPath_11,Horizontal,heldout,5,B,observed_censored,0.7269660495111072,-2.7877013074610204,2.7877013074610204,-2.7877013074610204,0.4190201636739035
HorizontalScanPath_11,Horizontal,heldout,5,C,overall,0.6591159610676568,-2.3079375531773394,2.3079375531773394,-2.3079375531773394,1.0255995817434687
HorizontalScanPath_11,Horizontal,heldout,5,C,top_1pct,-2.2078028969689925,-2.3079375531773394,2.3079375531773394,-2.3079375531773394,0.678026248559926
HorizontalScanPath_11,Horizontal,heldout,5,C,observed_censored,0.7427075311668454,-2.3079375531773394,2.3079375531773394,-2.3079375531773394,0.24827107753318023
HorizontalScanPath_12,Horizontal,heldout,0,shared_physics_prior,overall,0.0,0.0,0.0,0.0,0.0
HorizontalScanPath_12,Horizontal,heldout,0,shared_physics_prior,top_1pct,0.0,0.0,0.0,0.0,0.0
HorizontalScanPath_12,Horizontal,heldout,0,shared_physics_prior,observed_censored,0.0,0.0,0.0,0.0,0.0
HorizontalScanPath_12,Horizontal,heldout,0,B,overall,0.0,0.0,0.0,0.0,0.0
HorizontalScanPath_12,Horizontal,heldout,0,B,top_1pct,0.0,0.0,0.0,0.0,0.0
HorizontalScanPath_12,Horizontal,heldout,0,B,observed_censored,0.0,0.0,0.0,0.0,0.0
HorizontalScanPath_12,Horizontal,heldout,0,C,overall,0.0,0.0,0.0,0.0,0.0
HorizontalScanPath_12,Horizontal,heldout,0,C,top_1pct,0.0,0.0,0.0,0.0,0.0
HorizontalScanPath_12,Horizontal,heldout,0,C,observed_censored,0.0,0.0,0.0,0.0,0.0
HorizontalScanPath_12,Horizontal,heldout,1,shared_physics_prior,overall,0.024929239691933558,-0.9470381571686062,0.9083376306371065,-0.9083376306371065,0.08935266551749454
HorizontalScanPath_12,Horizontal,heldout,1,shared_physics_prior,top_1pct,-0.7517292949449801,-0.9470381571686062,0.9083376306371065,-0.9083376306371065,0.3203134975554933
HorizontalScanPath_12,Horizontal,heldout,1,shared_physics_prior,observed_censored,-0.07834425427577774,-0.9470381571686062,0.9083376306371065,-0.9083376306371065,-0.13228982752496865
HorizontalScanPath_12,Horizontal,heldout,1,B,overall,0.08768994406357392,-0.9929162873727364,0.9823397695663516,-0.9823397695663516,0.19613700044796312
HorizontalScanPath_12,Horizontal,heldout,1,B,top_1pct,-0.7372529453197058,-0.9929162873727364,0.9823397695663516,-0.9823397695663516,-0.17137077998032124
HorizontalScanPath_12,Horizontal,heldout,1,B,observed_censored,0.05538122201517037,-0.9929162873727364,0.9823397695663516,-0.9823397695663516,-0.03392653201097229
HorizontalScanPath_12,Horizontal,heldout,1,C,overall,0.04489735397270289,-0.9626833625236486,1.0188094653062763,-1.0188094653062763,0.11397518315630106
HorizontalScanPath_12,Horizontal,heldout,1,C,top_1pct,-0.7318732274845479,-0.9626833625236486,1.0188094653062763,-1.0188094653062763,0.160700702793791
HorizontalScanPath_12,Horizontal,heldout,1,C,observed_censored,-0.02458664709077585,-0.9626833625236486,1.0188094653062763,-1.0188094653062763,-0.11148541945847157
HorizontalScanPath_12,Horizontal,heldout,2,shared_physics_prior,overall,0.09403647127480219,-1.5970921918533918,0.8701684396110636,-0.8701684396110636,0.26516707972376286
HorizontalScanPath_12,Horizontal,heldout,2,shared_physics_prior,top_1pct,-1.2887741300802007,-1.5970921918533918,0.8701684396110636,-0.8701684396110636,0.5935286099302366
HorizontalScanPath_12,Horizontal,heldout,2,shared_physics_prior,observed_censored,0.19685075172782152,-1.5970921918533918,0.8701684396110636,-0.8701684396110636,-0.02312334031292007
HorizontalScanPath_12,Horizontal,heldout,2,B,overall,0.22818922735087252,-1.4735408530655718,0.37566564324288265,-0.37566564324288265,0.5150926357574216
HorizontalScanPath_12,Horizontal,heldout,2,B,top_1pct,-1.3394779963718089,-1.4735408530655718,0.37566564324288265,-0.37566564324288265,-0.35285065565645857
HorizontalScanPath_12,Horizontal,heldout,2,B,observed_censored,0.35361440060478566,-1.4735408530655718,0.37566564324288265,-0.37566564324288265,0.21370761897783552
HorizontalScanPath_12,Horizontal,heldout,2,C,overall,0.1381212145698972,-1.502651393447934,0.5387911161761849,-0.5387911161761849,0.3397242557740795
HorizontalScanPath_12,Horizontal,heldout,2,C,top_1pct,-1.2292860664445948,-1.502651393447934,0.5387911161761849,-0.5387911161761849,0.28632008407882115
HorizontalScanPath_12,Horizontal,heldout,2,C,observed_censored,0.29751610715501187,-1.502651393447934,0.5387911161761849,-0.5387911161761849,0.08811565009430389
HorizontalScanPath_12,Horizontal,heldout,3,shared_physics_prior,overall,0.13991108581852482,-2.012772203008865,1.1675462869205262,-1.1675462869205262,0.35988400150118793
HorizontalScanPath_12,Horizontal,heldout,3,shared_physics_prior,top_1pct,-1.6393431192413483,-2.012772203008865,1.1675462869205262,-1.1675462869205262,0.803368796217665
HorizontalScanPath_12,Horizontal,heldout,3,shared_physics_prior,observed_censored,0.2598382334404292,-2.012772203008865,1.1675462869205262,-1.1675462869205262,-0.015998727932954537
HorizontalScanPath_12,Horizontal,heldout,3,B,overall,0.35142835327779265,-1.85942906347276,0.32291152097656095,-0.32291152097656095,0.6871105297269186
HorizontalScanPath_12,Horizontal,heldout,3,B,top_1pct,-1.7161229958679018,-1.85942906347276,0.32291152097656095,-0.32291152097656095,-0.3431169708708688
HorizontalScanPath_12,Horizontal,heldout,3,B,observed_censored,0.4258055928296325,-1.85942906347276,0.32291152097656095,-0.32291152097656095,0.21916829716478414
HorizontalScanPath_12,Horizontal,heldout,3,C,overall,0.20252077104710944,-1.7833400369782453,0.801348686115773,-0.801348686115773,0.44251073135463814
HorizontalScanPath_12,Horizontal,heldout,3,C,top_1pct,-1.6028590614932863,-1.7833400369782453,0.801348686115773,-0.801348686115773,0.4386983604369039
HorizontalScanPath_12,Horizontal,heldout,3,C,observed_censored,0.325853856953656,-1.7833400369782453,0.801348686115773,-0.801348686115773,0.05333630085612162
HorizontalScanPath_12,Horizontal,heldout,4,shared_physics_prior,overall,0.2970619836513493,-2.6717825091031386,1.8589522902375961,-1.8589522902375961,0.6330953943421116
HorizontalScanPath_12,Horizontal,heldout,4,shared_physics_prior,top_1pct,-2.1613132102493067,-2.6717825091031386,1.8589522902375961,-1.8589522902375961,1.1636532572527827
HorizontalScanPath_12,Horizontal,heldout,4,shared_physics_prior,observed_censored,0.532510445968561,-2.6717825091031386,1.8589522902375961,-1.8589522902375961,0.11860863713777281
HorizontalScanPath_12,Horizontal,heldout,4,B,overall,0.7020637949141373,-2.980750951064465,1.2587728025725937,-1.2587728025725937,1.0640464300402739
HorizontalScanPath_12,Horizontal,heldout,4,B,top_1pct,-2.423677671947198,-2.980750951064465,1.2587728025725937,-1.2587728025725937,-0.11679667637666169
HorizontalScanPath_12,Horizontal,heldout,4,B,observed_censored,0.43752693917110586,-2.980750951064465,1.2587728025725937,-1.2587728025725937,0.19296247214409945
HorizontalScanPath_12,Horizontal,heldout,4,C,overall,0.40445720359174897,-2.840146289983579,1.615471219233143,-1.615471219233143,0.724234791848114
HorizontalScanPath_12,Horizontal,heldout,4,C,top_1pct,-2.2157190424386366,-2.840146289983579,1.615471219233143,-1.615471219233143,0.8655109645768584
HorizontalScanPath_12,Horizontal,heldout,4,C,observed_censored,0.512314362683175,-2.840146289983579,1.615471219233143,-1.615471219233143,0.15790086983263318
HorizontalScanPath_12,Horizontal,heldout,5,shared_physics_prior,overall,0.44972468939885357,-2.829654264875103,1.9343987707174506,-1.9343987707174506,0.8593437439340819
HorizontalScanPath_12,Horizontal,heldout,5,shared_physics_prior,top_1pct,-2.321977834955785,-2.829654264875103,1.9343987707174506,-1.9343987707174506,1.2664266787881675
HorizontalScanPath_12,Horizontal,heldout,5,shared_physics_prior,observed_censored,0.3711920482373947,-2.829654264875103,1.9343987707174506,-1.9343987707174506,-0.010986843334729546
HorizontalScanPath_12,Horizontal,heldout,5,B,overall,1.2670642198960922,-2.820551355031853,0.8350060640090646,-0.8350060640090646,1.6089390855697685
HorizontalScanPath_12,Horizontal,heldout,5,B,top_1pct,-2.557655606522883,-2.820551355031853,0.8350060640090646,-0.8350060640090646,-0.14540307639640648
HorizontalScanPath_12,Horizontal,heldout,5,B,observed_censored,0.46918857489741717,-2.820551355031853,0.8350060640090646,-0.8350060640090646,0.17636364959238282
HorizontalScanPath_12,Horizontal,heldout,5,C,overall,0.6727199054785293,-3.049591438869868,1.5147538727914025,-1.5147538727914025,1.0088946764809332
HorizontalScanPath_12,Horizontal,heldout,5,C,top_1pct,-2.3156556809214,-3.049591438869868,1.5147538727914025,-1.5147538727914025,0.9291038583535118
HorizontalScanPath_12,Horizontal,heldout,5,C,observed_censored,0.4201816025818301,-3.049591438869868,1.5147538727914025,-1.5147538727914025,0.07680612119182095
HorizontalScanPath_13,Horizontal,development,0,shared_physics_prior,overall,0.0,0.0,0.0,0.0,0.0
HorizontalScanPath_13,Horizontal,development,0,shared_physics_prior,top_1pct,0.0,0.0,0.0,0.0,0.0
HorizontalScanPath_13,Horizontal,development,0,shared_physics_prior,observed_censored,0.0,0.0,0.0,0.0,0.0
HorizontalScanPath_13,Horizontal,development,0,B,overall,0.0,0.0,0.0,0.0,0.0
HorizontalScanPath_13,Horizontal,development,0,B,top_1pct,0.0,0.0,0.0,0.0,0.0
HorizontalScanPath_13,Horizontal,development,0,B,observed_censored,0.0,0.0,0.0,0.0,0.0
HorizontalScanPath_13,Horizontal,development,0,C,overall,0.0,0.0,0.0,0.0,0.0
HorizontalScanPath_13,Horizontal,development,0,C,top_1pct,0.0,0.0,0.0,0.0,0.0
HorizontalScanPath_13,Horizontal,development,0,C,observed_censored,0.0,0.0,0.0,0.0,0.0
HorizontalScanPath_13,Horizontal,development,1,shared_physics_prior,overall,0.04005579911106803,-1.0042183821862523,1.0042183821862523,-1.0042183821862523,0.14789223740956964
HorizontalScanPath_13,Horizontal,development,1,shared_physics_prior,top_1pct,-0.8179220283094514,-1.0042183821862523,1.0042183821862523,-1.0042183821862523,0.38620738230050033
HorizontalScanPath_13,Horizontal,development,1,shared_physics_prior,observed_censored,0.30343486295225564,-1.0042183821862523,1.0042183821862523,-1.0042183821862523,0.13892711689506898
HorizontalScanPath_13,Horizontal,development,1,B,overall,0.08733781230251642,-1.5541365741667619,1.5541365741667619,-1.5541365741667619,0.2879364911547253
HorizontalScanPath_13,Horizontal,development,1,B,top_1pct,-0.9180792698993627,-1.5541365741667619,1.5541365741667619,-1.5541365741667619,-0.09354792583333538
HorizontalScanPath_13,Horizontal,development,1,B,observed_censored,0.49210126824179934,-1.5541365741667619,1.5541365741667619,-1.5541365741667619,0.4581103257834789
HorizontalScanPath_13,Horizontal,development,1,C,overall,0.05776182413546978,-1.058638317127702,1.058638317127702,-1.058638317127702,0.19520186624839175
HorizontalScanPath_13,Horizontal,development,1,C,top_1pct,-0.839824742346434,-1.058638317127702,1.058638317127702,-1.058638317127702,0.3221220081582663
HorizontalScanPath_13,Horizontal,development,1,C,observed_censored,0.36528896601405925,-1.058638317127702,1.058638317127702,-1.058638317127702,0.2820942206863357
HorizontalScanPath_13,Horizontal,development,2,shared_physics_prior,overall,0.10631478566552692,-1.4001386952302823,1.4001386952302823,-1.4001386952302823,0.3190168139227428
HorizontalScanPath_13,Horizontal,development,2,shared_physics_prior,top_1pct,-1.2408192642627411,-1.4001386952302823,1.4001386952302823,-1.4001386952302823,0.649791357986806
HorizontalScanPath_13,Horizontal,development,2,shared_physics_prior,observed_censored,0.5972834567469796,-1.4001386952302823,1.4001386952302823,-1.4001386952302823,0.25513293136355086
HorizontalScanPath_13,Horizontal,development,2,B,overall,0.22585864964473873,-1.7859111367322953,1.7859111367322953,-1.7859111367322953,0.5634608261902765
HorizontalScanPath_13,Horizontal,development,2,B,top_1pct,-1.4345226127352475,-1.7859111367322953,1.7859111367322953,-1.7859111367322953,-0.09913340621469802
HorizontalScanPath_13,Horizontal,development,2,B,observed_censored,0.6844210763995071,-1.7859111367322953,1.7859111367322953,-1.7859111367322953,0.5762197062534709
HorizontalScanPath_13,Horizontal,development,2,C,overall,0.14308766112498705,-1.3517411187337416,1.3517411187337416,-1.3517411187337416,0.3963738546388338
HorizontalScanPath_13,Horizontal,development,2,C,top_1pct,-1.2907927446781104,-1.3517411187337416,1.3517411187337416,-1.3517411187337416,0.49329534766616234
HorizontalScanPath_13,Horizontal,development,2,C,observed_censored,0.6158438390519747,-1.3517411187337416,1.3517411187337416,-1.3517411187337416,0.39295900517878746
HorizontalScanPath_13,Horizontal,development,3,shared_physics_prior,overall,0.153681418389419,-1.8305694900250842,1.8305694900250842,-1.8305694900250842,0.4121695747251212
HorizontalScanPath_13,Horizontal,development,3,shared_physics_prior,top_1pct,-1.6853398554959589,-1.8305694900250842,1.8305694900250842,-1.8305694900250842,0.9068737101187399
HorizontalScanPath_13,Horizontal,development,3,shared_physics_prior,observed_censored,0.5879398638180249,-1.8305694900250842,1.8305694900250842,-1.8305694900250842,0.18472788981862642
HorizontalScanPath_13,Horizontal,development,3,B,overall,0.3528585939717199,-2.460289566002416,2.460289566002416,-2.460289566002416,0.7834967623153444
HorizontalScanPath_13,Horizontal,development,3,B,top_1pct,-2.0071139544545256,-2.460289566002416,2.460289566002416,-2.460289566002416,-0.038459696420914735
HorizontalScanPath_13,Horizontal,development,3,B,observed_censored,0.8345172673077488,-2.460289566002416,2.460289566002416,-2.460289566002416,0.6738435338649058
HorizontalScanPath_13,Horizontal,development,3,C,overall,0.21533433801527985,-1.8668221149105193,1.8668221149105193,-1.8668221149105193,0.5279212083707855
HorizontalScanPath_13,Horizontal,development,3,C,top_1pct,-1.7306801944718928,-1.8668221149105193,1.8668221149105193,-1.8668221149105193,0.7190251116987953
HorizontalScanPath_13,Horizontal,development,3,C,observed_censored,0.6733731710204769,-1.8668221149105193,1.8668221149105193,-1.8668221149105193,0.39245020460717983
HorizontalScanPath_13,Horizontal,development,4,shared_physics_prior,overall,0.31128872310349004,-2.432127190976246,2.432127190976246,-2.432127190976246,0.7003717272075687
HorizontalScanPath_13,Horizontal,development,4,shared_physics_prior,top_1pct,-2.176257122106831,-2.432127190976246,2.432127190976246,-2.432127190976246,1.2795315849478062
HorizontalScanPath_13,Horizontal,development,4,shared_physics_prior,observed_censored,0.9188336532256058,-2.432127190976246,2.432127190976246,-2.432127190976246,0.37852276438875654
HorizontalScanPath_13,Horizontal,development,4,B,overall,0.6645904400760498,-2.996410494257759,2.996410494257759,-2.996410494257759,1.1842687586898648
HorizontalScanPath_13,Horizontal,development,4,B,top_1pct,-2.4720668742480596,-2.996410494257759,2.996410494257759,-2.996410494257759,0.06984199978998751
HorizontalScanPath_13,Horizontal,development,4,B,observed_censored,1.0572800972759775,-2.996410494257759,2.996410494257759,-2.996410494257759,0.8207012886273874
HorizontalScanPath_13,Horizontal,development,4,C,overall,0.4145614217793419,-2.2122572190335177,2.2122572190335177,-2.2122572190335177,0.844518981712559
HorizontalScanPath_13,Horizontal,development,4,C,top_1pct,-2.1506785775389514,-2.2122572190335177,2.2122572190335177,-2.2122572190335177,0.9911658642030465
HorizontalScanPath_13,Horizontal,development,4,C,observed_censored,0.9814206939049812,-2.2122572190335177,2.2122572190335177,-2.2122572190335177,0.5940872694306751
HorizontalScanPath_13,Horizontal,development,5,shared_physics_prior,overall,0.4400403985249857,-2.8252094539359973,2.8252094539359973,-2.8252094539359973,0.8880857915544418
HorizontalScanPath_13,Horizontal,development,5,shared_physics_prior,top_1pct,-2.3703205865913084,-2.8252094539359973,2.8252094539359973,-2.8252094539359973,1.431131625208197
HorizontalScanPath_13,Horizontal,development,5,shared_physics_prior,observed_censored,0.760638850128232,-2.8252094539359973,2.8252094539359973,-2.8252094539359973,0.24231720826374392
HorizontalScanPath_13,Horizontal,development,5,B,overall,1.278051107962503,-3.80844483514619,3.80844483514619,-3.80844483514619,1.6659326254007536
HorizontalScanPath_13,Horizontal,development,5,B,top_1pct,-2.805626486649221,-3.80844483514619,3.80844483514619,-3.80844483514619,0.34236291718646417
HorizontalScanPath_13,Horizontal,development,5,B,observed_censored,0.9483296357474718,-3.80844483514619,3.80844483514619,-3.80844483514619,0.6703630802954397
HorizontalScanPath_13,Horizontal,development,5,C,overall,0.6708511396551485,-2.8238844824535363,2.8238844824535363,-2.8238844824535363,1.0721609035061643
HorizontalScanPath_13,Horizontal,development,5,C,top_1pct,-2.5718139946300744,-2.8238844824535363,2.8238844824535363,-2.8238844824535363,1.256755062905079
HorizontalScanPath_13,Horizontal,development,5,C,observed_censored,0.8081594504960028,-2.8238844824535363,2.8238844824535363,-2.8238844824535363,0.44978497443908694
HorizontalScanPath_2,Horizontal,heldout,0,shared_physics_prior,overall,0.0,0.0,0.0,0.0,0.0
HorizontalScanPath_2,Horizontal,heldout,0,shared_physics_prior,top_1pct,0.0,0.0,0.0,0.0,0.0
HorizontalScanPath_2,Horizontal,heldout,0,shared_physics_prior,observed_censored,0.0,0.0,0.0,0.0,0.0
HorizontalScanPath_2,Horizontal,heldout,0,B,overall,0.0,0.0,0.0,0.0,0.0
HorizontalScanPath_2,Horizontal,heldout,0,B,top_1pct,0.0,0.0,0.0,0.0,0.0
HorizontalScanPath_2,Horizontal,heldout,0,B,observed_censored,0.0,0.0,0.0,0.0,0.0
HorizontalScanPath_2,Horizontal,heldout,0,C,overall,0.0,0.0,0.0,0.0,0.0
HorizontalScanPath_2,Horizontal,heldout,0,C,top_1pct,0.0,0.0,0.0,0.0,0.0
HorizontalScanPath_2,Horizontal,heldout,0,C,observed_censored,0.0,0.0,0.0,0.0,0.0
HorizontalScanPath_2,Horizontal,heldout,1,shared_physics_prior,overall,0.04725891958855713,-0.43246102183593393,0.43246102183593393,-0.43246102183593393,0.14839165872346582
HorizontalScanPath_2,Horizontal,heldout,1,shared_physics_prior,top_1pct,-0.2812949837527822,-0.43246102183593393,0.43246102183593393,-0.43246102183593393,0.07709053569484281
HorizontalScanPath_2,Horizontal,heldout,1,shared_physics_prior,observed_censored,0.21389962734468515,-0.43246102183593393,0.43246102183593393,-0.43246102183593393,0.03526559809077945
HorizontalScanPath_2,Horizontal,heldout,1,B,overall,0.13048478888092788,-0.5677969251999002,0.5677969251999002,-0.5677969251999002,0.26246362837613424
HorizontalScanPath_2,Horizontal,heldout,1,B,top_1pct,-0.30139470494021214,-0.5677969251999002,0.5677969251999002,-0.5677969251999002,-0.07812920621835717
HorizontalScanPath_2,Horizontal,heldout,1,B,observed_censored,0.19966630982951372,-0.5677969251999002,0.5677969251999002,-0.5677969251999002,0.07417323427148581
HorizontalScanPath_2,Horizontal,heldout,1,C,overall,0.06968273947895376,-0.2588621392774826,0.2588621392774826,-0.2588621392774826,0.15403631521093852
HorizontalScanPath_2,Horizontal,heldout,1,C,top_1pct,-0.21448968944540867,-0.2588621392774826,0.2588621392774826,-0.2588621392774826,0.027943402275083074
HorizontalScanPath_2,Horizontal,heldout,1,C,observed_censored,0.20400163355198186,-0.2588621392774826,0.2588621392774826,-0.2588621392774826,0.023709943686455404
HorizontalScanPath_2,Horizontal,heldout,2,shared_physics_prior,overall,0.14471234145064535,-0.5984767452309825,0.5984767452309825,-0.5984767452309825,0.3799120787011958
HorizontalScanPath_2,Horizontal,heldout,2,shared_physics_prior,top_1pct,-0.4720139262926591,-0.5984767452309825,0.5984767452309825,-0.5984767452309825,0.1506314609751067
HorizontalScanPath_2,Horizontal,heldout,2,shared_physics_prior,observed_censored,0.5403660265995449,-0.5984767452309825,0.5984767452309825,-0.5984767452309825,0.22491202983442315
HorizontalScanPath_2,Horizontal,heldout,2,B,overall,0.32729642513764656,-0.8017204261959137,0.8017204261959137,-0.8017204261959137,0.6605173955918718
HorizontalScanPath_2,Horizontal,heldout,2,B,top_1pct,-0.40764513901222243,-0.8017204261959137,0.8017204261959137,-0.8017204261959137,0.012014266866208434
HorizontalScanPath_2,Horizontal,heldout,2,B,observed_censored,0.6983559118295015,-0.8017204261959137,0.8017204261959137,-0.8017204261959137,0.49365589226585715
HorizontalScanPath_2,Horizontal,heldout,2,C,overall,0.1964056550491409,-0.6611739544052284,0.6611739544052284,-0.6611739544052284,0.43905313395650036
HorizontalScanPath_2,Horizontal,heldout,2,C,top_1pct,-0.40639905147249467,-0.6611739544052284,0.6611739544052284,-0.6611739544052284,0.13663713919907172
HorizontalScanPath_2,Horizontal,heldout,2,C,observed_censored,0.5773968907177007,-0.6611739544052284,0.6611739544052284,-0.6611739544052284,0.30394301698066695
HorizontalScanPath_2,Horizontal,heldout,3,shared_physics_prior,overall,0.23925104982060494,-0.658635665812767,0.658635665812767,-0.658635665812767,0.5559395499399413
HorizontalScanPath_2,Horizontal,heldout,3,shared_physics_prior,top_1pct,-0.5774778543857679,-0.658635665812767,0.658635665812767,-0.658635665812767,0.18906188434024873
HorizontalScanPath_2,Horizontal,heldout,3,shared_physics_prior,observed_censored,0.7321263680672425,-0.658635665812767,0.658635665812767,-0.658635665812767,0.31712065185695026
HorizontalScanPath_2,Horizontal,heldout,3,B,overall,0.5407453362437764,-0.8894669123268386,0.8894669123268386,-0.8894669123268386,0.9343069646636216
HorizontalScanPath_2,Horizontal,heldout,3,B,top_1pct,-0.7571029910806396,-0.8894669123268386,0.8894669123268386,-0.8894669123268386,-0.1761141481787165
HorizontalScanPath_2,Horizontal,heldout,3,B,observed_censored,0.7619701074849927,-0.8894669123268386,0.8894669123268386,-0.8894669123268386,0.5049514555178654
HorizontalScanPath_2,Horizontal,heldout,3,C,overall,0.3199927318839927,-0.5617443308230463,0.5617443308230463,-0.5617443308230463,0.6342180248311647
HorizontalScanPath_2,Horizontal,heldout,3,C,top_1pct,-0.5378584058517208,-0.5617443308230463,0.5617443308230463,-0.5617443308230463,0.08011293121524998
HorizontalScanPath_2,Horizontal,heldout,3,C,observed_censored,0.7355601584447529,-0.5617443308230463,0.5617443308230463,-0.5617443308230463,0.3820252903558865
HorizontalScanPath_2,Horizontal,heldout,4,shared_physics_prior,overall,0.36711741866064707,-0.9326503966126438,0.9326503966126438,-0.9326503966126438,0.7542731169976831
HorizontalScanPath_2,Horizontal,heldout,4,shared_physics_prior,top_1pct,-0.6615206815938133,-0.9326503966126438,0.9326503966126438,-0.9326503966126438,0.27720208360629206
HorizontalScanPath_2,Horizontal,heldout,4,shared_physics_prior,observed_censored,0.6011273484792106,-0.9326503966126438,0.9326503966126438,-0.9326503966126438,0.1827949415703416
HorizontalScanPath_2,Horizontal,heldout,4,B,overall,1.096610611707592,-0.7121482121160057,0.7121482121160057,-0.7121482121160057,1.4512249692116304
HorizontalScanPath_2,Horizontal,heldout,4,B,top_1pct,-0.6370976959115842,-0.7121482121160057,0.7121482121160057,-0.7121482121160057,-0.17518262194345002
HorizontalScanPath_2,Horizontal,heldout,4,B,observed_censored,0.9019628590709323,-0.7121482121160057,0.7121482121160057,-0.7121482121160057,0.6013339926977617
HorizontalScanPath_2,Horizontal,heldout,4,C,overall,0.5713499255392787,-0.7313109309257584,0.7313109309257584,-0.7313109309257584,0.9069405395754383
HorizontalScanPath_2,Horizontal,heldout,4,C,top_1pct,-0.4803106372468983,-0.7313109309257584,0.7313109309257584,-0.7313109309257584,0.1059626619238232
HorizontalScanPath_2,Horizontal,heldout,4,C,observed_censored,0.7138065194177066,-0.7313109309257584,0.7313109309257584,-0.7313109309257584,0.3460881172749031
HorizontalScanPath_2,Horizontal,heldout,5,shared_physics_prior,overall,0.5330217358415452,-1.0886106327799325,1.0886106327799325,-1.0886106327799325,0.9757057118624362
HorizontalScanPath_2,Horizontal,heldout,5,shared_physics_prior,top_1pct,-0.7172149771228669,-1.0886106327799325,1.0886106327799325,-1.0886106327799325,0.319129407741785
HorizontalScanPath_2,Horizontal,heldout,5,shared_physics_prior,observed_censored,0.41859535244324175,-1.0886106327799325,1.0886106327799325,-1.0886106327799325,0.03224982736394377
HorizontalScanPath_2,Horizontal,heldout,5,B,overall,1.753044122221853,-0.682476267018501,0.682476267018501,-0.682476267018501,1.944646327420314
HorizontalScanPath_2,Horizontal,heldout,5,B,top_1pct,-0.11237186345996864,-0.682476267018501,0.682476267018501,-0.682476267018501,0.0804786333184313
HorizontalScanPath_2,Horizontal,heldout,5,B,observed_censored,0.7763704310809776,-0.682476267018501,0.682476267018501,-0.682476267018501,0.4368344560826962
HorizontalScanPath_2,Horizontal,heldout,5,C,overall,0.8513693869867703,-1.059164038650806,1.059164038650806,-1.059164038650806,1.1626068727091643
HorizontalScanPath_2,Horizontal,heldout,5,C,top_1pct,-0.5431616889467864,-1.059164038650806,1.059164038650806,-1.059164038650806,0.2055826847850426
HorizontalScanPath_2,Horizontal,heldout,5,C,observed_censored,0.516681053642841,-1.059164038650806,1.059164038650806,-1.059164038650806,0.18394864865532634
HorizontalScanPath_3,Horizontal,heldout,0,shared_physics_prior,overall,0.0,0.0,0.0,0.0,0.0
HorizontalScanPath_3,Horizontal,heldout,0,shared_physics_prior,top_1pct,0.0,0.0,0.0,0.0,0.0
HorizontalScanPath_3,Horizontal,heldout,0,shared_physics_prior,observed_censored,0.0,0.0,0.0,0.0,0.0
HorizontalScanPath_3,Horizontal,heldout,0,B,overall,0.0,0.0,0.0,0.0,0.0
HorizontalScanPath_3,Horizontal,heldout,0,B,top_1pct,0.0,0.0,0.0,0.0,0.0
HorizontalScanPath_3,Horizontal,heldout,0,B,observed_censored,0.0,0.0,0.0,0.0,0.0
HorizontalScanPath_3,Horizontal,heldout,0,C,overall,0.0,0.0,0.0,0.0,0.0
HorizontalScanPath_3,Horizontal,heldout,0,C,top_1pct,0.0,0.0,0.0,0.0,0.0
HorizontalScanPath_3,Horizontal,heldout,0,C,observed_censored,0.0,0.0,0.0,0.0,0.0
HorizontalScanPath_3,Horizontal,heldout,1,shared_physics_prior,overall,0.0482485116614664,-0.15692865642205334,0.10590757273678264,-0.10590757273678264,0.14158763899518934
HorizontalScanPath_3,Horizontal,heldout,1,shared_physics_prior,top_1pct,-0.23039928457685163,-0.15692865642205334,0.10590757273678264,-0.10590757273678264,0.007252957485543998
HorizontalScanPath_3,Horizontal,heldout,1,shared_physics_prior,observed_censored,0.15637255480584722,-0.15692865642205334,0.10590757273678264,-0.10590757273678264,-0.0120003538941722
HorizontalScanPath_3,Horizontal,heldout,1,B,overall,0.1404174255528494,-0.26860288918544484,0.18875003912381771,-0.18875003912381771,0.31350743648243773
HorizontalScanPath_3,Horizontal,heldout,1,B,top_1pct,-0.28419225474517806,-0.26860288918544484,0.18875003912381771,-0.18875003912381771,-0.12677672729869816
HorizontalScanPath_3,Horizontal,heldout,1,B,observed_censored,0.27714492679619607,-0.26860288918544484,0.18875003912381771,-0.18875003912381771,0.17044345649247816
HorizontalScanPath_3,Horizontal,heldout,1,C,overall,0.07058617858699465,-0.17381583143361468,0.11041379202362123,-0.11041379202362123,0.1787024449090142
HorizontalScanPath_3,Horizontal,heldout,1,C,top_1pct,-0.24155709569713507,-0.17381583143361468,0.11041379202362123,-0.11041379202362123,-0.03828756280800594
HorizontalScanPath_3,Horizontal,heldout,1,C,observed_censored,0.17520234092227693,-0.17381583143361468,0.11041379202362123,-0.11041379202362123,0.010844341940208224
HorizontalScanPath_3,Horizontal,heldout,2,shared_physics_prior,overall,0.11958760925095682,-0.42117344206479856,0.3444798217817038,-0.3444798217817038,0.3195884229405349
HorizontalScanPath_3,Horizontal,heldout,2,shared_physics_prior,top_1pct,-0.40389264670661984,-0.42117344206479856,0.3444798217817038,-0.3444798217817038,0.09364920653836695
HorizontalScanPath_3,Horizontal,heldout,2,shared_physics_prior,observed_censored,0.5075050026383585,-0.42117344206479856,0.3444798217817038,-0.3444798217817038,0.20021461959222808
HorizontalScanPath_3,Horizontal,heldout,2,B,overall,0.3070617338790036,-0.37746810530143193,0.42115368600713055,-0.42115368600713055,0.6535487655592962
HorizontalScanPath_3,Horizontal,heldout,2,B,top_1pct,-0.38601152825585805,-0.37746810530143193,0.42115368600713055,-0.42115368600713055,-0.1293019591342266
HorizontalScanPath_3,Horizontal,heldout,2,B,observed_censored,0.7618070104074204,-0.37746810530143193,0.42115368600713055,-0.42115368600713055,0.5586716010107944
HorizontalScanPath_3,Horizontal,heldout,2,C,overall,0.1633498877609604,-0.5292165489775016,0.45290421587793617,-0.45290421587793617,0.3831138219121766
HorizontalScanPath_3,Horizontal,heldout,2,C,top_1pct,-0.3529741578953826,-0.5292165489775016,0.45290421587793617,-0.45290421587793617,0.0159272932656358
HorizontalScanPath_3,Horizontal,heldout,2,C,observed_censored,0.5452500780860581,-0.5292165489775016,0.45290421587793617,-0.45290421587793617,0.26326765592784973
HorizontalScanPath_3,Horizontal,heldout,3,shared_physics_prior,overall,0.18883944567526478,-0.607366435837605,0.5043082681922328,-0.5043082681922328,0.46343338190184147
HorizontalScanPath_3,Horizontal,heldout,3,shared_physics_prior,top_1pct,-0.5604176027996368,-0.607366435837605,0.5043082681922328,-0.5043082681922328,0.14238805942250732
HorizontalScanPath_3,Horizontal,heldout,3,shared_physics_prior,observed_censored,0.7067234351105931,-0.607366435837605,0.5043082681922328,-0.5043082681922328,0.30337441708421453
HorizontalScanPath_3,Horizontal,heldout,3,B,overall,0.48572604091059546,-0.07740882648590741,-0.9800128733760403,0.9800128733760403,0.9488162141701155
HorizontalScanPath_3,Horizontal,heldout,3,B,top_1pct,-0.4350907676317797,-0.07740882648590741,-0.9800128733760403,0.9800128733760403,-0.1455870216577022
HorizontalScanPath_3,Horizontal,heldout,3,B,observed_censored,1.10944331360905,-0.07740882648590741,-0.9800128733760403,0.9800128733760403,0.8491891704643928
HorizontalScanPath_3,Horizontal,heldout,3,C,overall,0.27028130634314895,-0.5017862212800424,0.025020177042506475,-0.025020177042506475,0.5844399539008882
HorizontalScanPath_3,Horizontal,heldout,3,C,top_1pct,-0.45058828770449966,-0.5017862212800424,0.025020177042506475,-0.025020177042506475,0.011399473816136929
HorizontalScanPath_3,Horizontal,heldout,3,C,observed_censored,0.8159233479389549,-0.5017862212800424,0.025020177042506475,-0.025020177042506475,0.4569032767822865
HorizontalScanPath_3,Horizontal,heldout,4,shared_physics_prior,overall,0.3457863553125119,-0.7609208933148466,0.6514679192030144,-0.6514679192030144,0.7205551199403759
HorizontalScanPath_3,Horizontal,heldout,4,shared_physics_prior,top_1pct,-0.7258342510825696,-0.7609208933148466,0.6514679192030144,-0.6514679192030144,0.22798303176602053
HorizontalScanPath_3,Horizontal,heldout,4,shared_physics_prior,observed_censored,0.9815403488140242,-0.7609208933148466,0.6514679192030144,-0.6514679192030144,0.42870165231292345
HorizontalScanPath_3,Horizontal,heldout,4,B,overall,0.9487986403072928,-0.5651778264199265,-0.5797861181579265,0.5797861181579265,1.3619720125735706
HorizontalScanPath_3,Horizontal,heldout,4,B,top_1pct,-0.6357135932924484,-0.5651778264199265,-0.5797861181579265,0.5797861181579265,-0.13707233074162017
HorizontalScanPath_3,Horizontal,heldout,4,B,observed_censored,1.2081917576034509,-0.5651778264199265,-0.5797861181579265,0.5797861181579265,0.8568693550798496
HorizontalScanPath_3,Horizontal,heldout,4,C,overall,0.5079109166019038,-0.7055425722188033,0.43098570019554927,-0.43098570019554927,0.8847880818424159
HorizontalScanPath_3,Horizontal,heldout,4,C,top_1pct,-0.6595930574212093,-0.7055425722188033,0.43098570019554927,-0.43098570019554927,0.09813354753796366
HorizontalScanPath_3,Horizontal,heldout,4,C,observed_censored,1.0457514083334651,-0.7055425722188033,0.43098570019554927,-0.43098570019554927,0.5861936383816926
HorizontalScanPath_3,Horizontal,heldout,5,shared_physics_prior,overall,0.4966688374957071,-0.9532511285331111,0.3022369138961949,-0.3022369138961949,0.919532961883466
HorizontalScanPath_3,Horizontal,heldout,5,shared_physics_prior,top_1pct,-0.7300553916753302,-0.9532511285331111,0.3022369138961949,-0.3022369138961949,0.24941401731308677
HorizontalScanPath_3,Horizontal,heldout,5,shared_physics_prior,observed_censored,0.8575649060955213,-0.9532511285331111,0.3022369138961949,-0.3022369138961949,0.31484485707755105
HorizontalScanPath_3,Horizontal,heldout,5,B,overall,1.5073151262483442,-1.0476980061362724,0.18353577664686327,-0.18353577664686327,1.7567814468285448
HorizontalScanPath_3,Horizontal,heldout,5,B,top_1pct,-0.848487027823744,-1.0476980061362724,0.18353577664686327,-0.18353577664686327,-0.16409364079889777
HorizontalScanPath_3,Horizontal,heldout,5,B,observed_censored,0.9830242748914979,-1.0476980061362724,0.18353577664686327,-0.18353577664686327,0.5982064235252897
HorizontalScanPath_3,Horizontal,heldout,5,C,overall,0.7593378609987809,-0.9859122797825535,0.16694696547540389,-0.16694696547540389,1.0819349234839686
HorizontalScanPath_3,Horizontal,heldout,5,C,top_1pct,-0.6837962805997972,-0.9859122797825535,0.16694696547540389,-0.16694696547540389,0.10816148229529743
HorizontalScanPath_3,Horizontal,heldout,5,C,observed_censored,0.8767538728722861,-0.9859122797825535,0.16694696547540389,-0.16694696547540389,0.4104474358744321
HorizontalScanPath_4,Horizontal,heldout,0,shared_physics_prior,overall,0.0,0.0,0.0,0.0,0.0
HorizontalScanPath_4,Horizontal,heldout,0,shared_physics_prior,top_1pct,0.0,0.0,0.0,0.0,0.0
HorizontalScanPath_4,Horizontal,heldout,0,shared_physics_prior,observed_censored,0.0,0.0,0.0,0.0,0.0
HorizontalScanPath_4,Horizontal,heldout,0,B,overall,0.0,0.0,0.0,0.0,0.0
HorizontalScanPath_4,Horizontal,heldout,0,B,top_1pct,0.0,0.0,0.0,0.0,0.0
HorizontalScanPath_4,Horizontal,heldout,0,B,observed_censored,0.0,0.0,0.0,0.0,0.0
HorizontalScanPath_4,Horizontal,heldout,0,C,overall,0.0,0.0,0.0,0.0,0.0
HorizontalScanPath_4,Horizontal,heldout,0,C,top_1pct,0.0,0.0,0.0,0.0,0.0
HorizontalScanPath_4,Horizontal,heldout,0,C,observed_censored,0.0,0.0,0.0,0.0,0.0
HorizontalScanPath_4,Horizontal,heldout,1,shared_physics_prior,overall,0.04050463979790958,-0.3476644319803768,0.3476644319803768,-0.3476644319803768,0.11839883280185182
HorizontalScanPath_4,Horizontal,heldout,1,shared_physics_prior,top_1pct,-0.16641751492975118,-0.3476644319803768,0.3476644319803768,-0.3476644319803768,0.06978701437799062
HorizontalScanPath_4,Horizontal,heldout,1,shared_physics_prior,observed_censored,0.37371674555984935,-0.3476644319803768,0.3476644319803768,-0.3476644319803768,0.16420604516556114
HorizontalScanPath_4,Horizontal,heldout,1,B,overall,0.09001466481514775,-0.12778441186242162,0.12778441186242162,-0.12778441186242162,0.22147242152565372
HorizontalScanPath_4,Horizontal,heldout,1,B,top_1pct,-0.05155837710330857,-0.12778441186242162,0.12778441186242162,-0.12778441186242162,0.07505219365835103
HorizontalScanPath_4,Horizontal,heldout,1,B,observed_censored,0.4808268068003789,-0.12778441186242162,0.12778441186242162,-0.12778441186242162,0.3725879435228956
HorizontalScanPath_4,Horizontal,heldout,1,C,overall,0.055777825800885306,-0.3517947597570128,0.3517947597570128,-0.3517947597570128,0.15695629100213915
HorizontalScanPath_4,Horizontal,heldout,1,C,top_1pct,-0.13053385283272972,-0.3517947597570128,0.3517947597570128,-0.3517947597570128,0.05430351761352137
HorizontalScanPath_4,Horizontal,heldout,1,C,observed_censored,0.441738655651982,-0.3517947597570128,0.3517947597570128,-0.3517947597570128,0.2971449161877109
HorizontalScanPath_4,Horizontal,heldout,2,shared_physics_prior,overall,0.125484879357854,-0.40660647977273356,0.40660647977273356,-0.40660647977273356,0.3147776002993333
HorizontalScanPath_4,Horizontal,heldout,2,shared_physics_prior,top_1pct,-0.2764590080955236,-0.40660647977273356,0.40660647977273356,-0.40660647977273356,0.15922274644666645
HorizontalScanPath_4,Horizontal,heldout,2,shared_physics_prior,observed_censored,0.5916859088013724,-0.40660647977273356,0.40660647977273356,-0.40660647977273356,0.23615336285028832
HorizontalScanPath_4,Horizontal,heldout,2,B,overall,0.27342414559956413,-0.19173316245144179,0.19173316245144179,-0.19173316245144179,0.5933860212597107
HorizontalScanPath_4,Horizontal,heldout,2,B,top_1pct,-0.18283737128065924,-0.19173316245144179,0.19173316245144179,-0.19173316245144179,0.07030072671463161
HorizontalScanPath_4,Horizontal,heldout,2,B,observed_censored,0.7798262255140909,-0.19173316245144179,0.19173316245144179,-0.19173316245144179,0.5392962831148651
HorizontalScanPath_4,Horizontal,heldout,2,C,overall,0.16493198757531813,-0.21745405354465674,0.21745405354465674,-0.21745405354465674,0.3868497486685072
HorizontalScanPath_4,Horizontal,heldout,2,C,top_1pct,-0.26692413875482546,-0.21745405354465674,0.21745405354465674,-0.21745405354465674,0.10034416428603876
HorizontalScanPath_4,Horizontal,heldout,2,C,observed_censored,0.6448811134023695,-0.21745405354465674,0.21745405354465674,-0.21745405354465674,0.36048023855979316
HorizontalScanPath_4,Horizontal,heldout,3,shared_physics_prior,overall,0.19551640028826686,-0.5318677320464076,0.5318677320464076,-0.5318677320464076,0.4496080424466308
HorizontalScanPath_4,Horizontal,heldout,3,shared_physics_prior,top_1pct,-0.41281556212105663,-0.5318677320464076,0.5318677320464076,-0.5318677320464076,0.19205707232119895
HorizontalScanPath_4,Horizontal,heldout,3,shared_physics_prior,observed_censored,0.7749163362045917,-0.5318677320464076,0.5318677320464076,-0.5318677320464076,0.31919006176609344
HorizontalScanPath_4,Horizontal,heldout,3,B,overall,0.39941893684898705,-0.14687816540987342,0.14687816540987342,-0.14687816540987342,0.8097167684663554
HorizontalScanPath_4,Horizontal,heldout,3,B,top_1pct,-0.3343069060815629,-0.14687816540987342,0.14687816540987342,-0.14687816540987342,-0.004976742185955452
HorizontalScanPath_4,Horizontal,heldout,3,B,observed_censored,0.9531569170728806,-0.14687816540987342,0.14687816540987342,-0.14687816540987342,0.6866412880298922
HorizontalScanPath_4,Horizontal,heldout,3,C,overall,0.25430487826861803,-0.47977009419867045,0.47977009419867045,-0.47977009419867045,0.5527838379926393
HorizontalScanPath_4,Horizontal,heldout,3,C,top_1pct,-0.3461342371553337,-0.47977009419867045,0.47977009419867045,-0.47977009419867045,0.16771758810675408
HorizontalScanPath_4,Horizontal,heldout,3,C,observed_censored,0.8381263427674988,-0.47977009419867045,0.47977009419867045,-0.47977009419867045,0.48471608712033865
HorizontalScanPath_4,Horizontal,heldout,4,shared_physics_prior,overall,0.33496929039556544,-0.9349201123396824,0.9349201123396824,-0.9349201123396824,0.6707051925282989
HorizontalScanPath_4,Horizontal,heldout,4,shared_physics_prior,top_1pct,-0.7648160235109981,-0.9349201123396824,0.9349201123396824,-0.9349201123396824,0.3178713551428394
HorizontalScanPath_4,Horizontal,heldout,4,shared_physics_prior,observed_censored,0.929980995229404,-0.9349201123396824,0.9349201123396824,-0.9349201123396824,0.3791025095585985
HorizontalScanPath_4,Horizontal,heldout,4,B,overall,0.7678397868914835,-0.1364660558175501,0.1364660558175501,-0.1364660558175501,1.1773545737113928
HorizontalScanPath_4,Horizontal,heldout,4,B,top_1pct,-0.6655353496498948,-0.1364660558175501,0.1364660558175501,-0.1364660558175501,-0.025220509928952417
HorizontalScanPath_4,Horizontal,heldout,4,B,observed_censored,1.0008162480923106,-0.1364660558175501,0.1364660558175501,-0.1364660558175501,0.6562849592906037
HorizontalScanPath_4,Horizontal,heldout,4,C,overall,0.46155509207055323,-0.5934350694042223,0.5934350694042223,-0.5934350694042223,0.8091336855321543
HorizontalScanPath_4,Horizontal,heldout,4,C,top_1pct,-0.687091966517787,-0.5934350694042223,0.5934350694042223,-0.5934350694042223,0.14859315717988553
HorizontalScanPath_4,Horizontal,heldout,4,C,observed_censored,0.9676008392894273,-0.5934350694042223,0.5934350694042223,-0.5934350694042223,0.5327031765476331
HorizontalScanPath_4,Horizontal,heldout,5,shared_physics_prior,overall,0.5200826392828662,-1.0707458609398373,1.0707458609398373,-1.0707458609398373,0.9153894488575712
HorizontalScanPath_4,Horizontal,heldout,5,shared_physics_prior,top_1pct,-0.8606754166295945,-1.0707458609398373,1.0707458609398373,-1.0707458609398373,0.37686670496020414
HorizontalScanPath_4,Horizontal,heldout,5,shared_physics_prior,observed_censored,0.8047137518429965,-1.0707458609398373,1.0707458609398373,-1.0707458609398373,0.28110126526634316
HorizontalScanPath_4,Horizontal,heldout,5,B,overall,1.4204444229577067,-0.09295002862995716,0.09295002862995716,-0.09295002862995716,1.6011516074445038
HorizontalScanPath_4,Horizontal,heldout,5,B,top_1pct,-0.7199454349578788,-0.09295002862995716,0.09295002862995716,-0.09295002862995716,-0.0028255355804480686
HorizontalScanPath_4,Horizontal,heldout,5,B,observed_censored,0.7507591120141992,-0.09295002862995716,0.09295002862995716,-0.09295002862995716,0.37275614297964044
HorizontalScanPath_4,Horizontal,heldout,5,C,overall,0.750853603119754,-0.7111212351751419,0.7111212351751419,-0.7111212351751419,1.0374080143186726
HorizontalScanPath_4,Horizontal,heldout,5,C,top_1pct,-0.8125456707277544,-0.7111212351751419,0.7111212351751419,-0.7111212351751419,0.21687817212668348
HorizontalScanPath_4,Horizontal,heldout,5,C,observed_censored,0.7680606405376951,-0.7111212351751419,0.7111212351751419,-0.7111212351751419,0.3473298679007919
HorizontalScanPath_5,Horizontal,heldout,0,shared_physics_prior,overall,0.0,0.0,0.0,0.0,0.0
HorizontalScanPath_5,Horizontal,heldout,0,shared_physics_prior,top_1pct,0.0,0.0,0.0,0.0,0.0
HorizontalScanPath_5,Horizontal,heldout,0,shared_physics_prior,observed_censored,0.0,0.0,0.0,0.0,0.0
HorizontalScanPath_5,Horizontal,heldout,0,B,overall,0.0,0.0,0.0,0.0,0.0
HorizontalScanPath_5,Horizontal,heldout,0,B,top_1pct,0.0,0.0,0.0,0.0,0.0
HorizontalScanPath_5,Horizontal,heldout,0,B,observed_censored,0.0,0.0,0.0,0.0,0.0
HorizontalScanPath_5,Horizontal,heldout,0,C,overall,0.0,0.0,0.0,0.0,0.0
HorizontalScanPath_5,Horizontal,heldout,0,C,top_1pct,0.0,0.0,0.0,0.0,0.0
HorizontalScanPath_5,Horizontal,heldout,0,C,observed_censored,0.0,0.0,0.0,0.0,0.0
HorizontalScanPath_5,Horizontal,heldout,1,shared_physics_prior,overall,0.07275064783209934,-0.3979837775283386,0.3979837775283386,-0.3979837775283386,0.2135823507153739
HorizontalScanPath_5,Horizontal,heldout,1,shared_physics_prior,top_1pct,-0.1656060632918661,-0.3979837775283386,0.3979837775283386,-0.3979837775283386,0.1472195656172013
HorizontalScanPath_5,Horizontal,heldout,1,shared_physics_prior,observed_censored,0.5993656390950521,-0.3979837775283386,0.3979837775283386,-0.3979837775283386,0.2989965868337867
HorizontalScanPath_5,Horizontal,heldout,1,B,overall,0.10341182688514461,-0.45890711830452346,0.45890711830452346,-0.45890711830452346,0.2958011880054062
HorizontalScanPath_5,Horizontal,heldout,1,B,top_1pct,-0.437201005189056,-0.45890711830452346,0.45890711830452346,-0.45890711830452346,-0.15954442638443345
HorizontalScanPath_5,Horizontal,heldout,1,B,observed_censored,0.3321749557809923,-0.45890711830452346,0.45890711830452346,-0.45890711830452346,0.2643428146772413
HorizontalScanPath_5,Horizontal,heldout,1,C,overall,0.0820667387147756,-0.5766605424085469,0.5766605424085469,-0.5766605424085469,0.23375481891326122
HorizontalScanPath_5,Horizontal,heldout,1,C,top_1pct,-0.2919469532809853,-0.5766605424085469,0.5766605424085469,-0.5766605424085469,0.13585844601620112
HorizontalScanPath_5,Horizontal,heldout,1,C,observed_censored,0.4933125408700394,-0.5766605424085469,0.5766605424085469,-0.5766605424085469,0.30819282226029765
HorizontalScanPath_5,Horizontal,heldout,2,shared_physics_prior,overall,0.14010694581819205,-0.6761472833675839,0.6761472833675839,-0.6761472833675839,0.359615811455247
HorizontalScanPath_5,Horizontal,heldout,2,shared_physics_prior,top_1pct,-0.4486603116409015,-0.6761472833675839,0.6761472833675839,-0.6761472833675839,0.2074044425684356
HorizontalScanPath_5,Horizontal,heldout,2,shared_physics_prior,observed_censored,0.8164205606224595,-0.6761472833675839,0.6761472833675839,-0.6761472833675839,0.3610722766314147
HorizontalScanPath_5,Horizontal,heldout,2,B,overall,0.24593896541632315,-0.9109297693153167,0.9109297693153167,-0.9109297693153167,0.5775852623839098
HorizontalScanPath_5,Horizontal,heldout,2,B,top_1pct,-0.5654386957609698,-0.9109297693153167,0.9109297693153167,-0.9109297693153167,-0.13967845592963046
HorizontalScanPath_5,Horizontal,heldout,2,B,observed_censored,0.7216060461215315,-0.9109297693153167,0.9109297693153167,-0.9109297693153167,0.576969580429334
HorizontalScanPath_5,Horizontal,heldout,2,C,overall,0.17216816618203068,-0.7884737151158561,0.7884737151158561,-0.7884737151158561,0.4231793468846421
HorizontalScanPath_5,Horizontal,heldout,2,C,top_1pct,-0.44871711077560805,-0.7884737151158561,0.7884737151158561,-0.7884737151158561,0.13690819542958677
HorizontalScanPath_5,Horizontal,heldout,2,C,observed_censored,0.7859190256632793,-0.7884737151158561,0.7884737151158561,-0.7884737151158561,0.44835659537358863
HorizontalScanPath_5,Horizontal,heldout,3,shared_physics_prior,overall,0.22283212384964385,-1.009555826949736,1.009555826949736,-1.009555826949736,0.5157956154352805
HorizontalScanPath_5,Horizontal,heldout,3,shared_physics_prior,top_1pct,-0.6969388940100952,-1.009555826949736,1.009555826949736,-1.009555826949736,0.2943151342665975
HorizontalScanPath_5,Horizontal,heldout,3,shared_physics_prior,observed_censored,1.0356268298999627,-1.009555826949736,1.009555826949736,-1.009555826949736,0.4717765379251344
HorizontalScanPath_5,Horizontal,heldout,3,B,overall,0.41042928954744834,-1.1672317721463514,1.1672317721463514,-1.1672317721463514,0.8438750660163093
HorizontalScanPath_5,Horizontal,heldout,3,B,top_1pct,-0.9166531327459347,-1.1672317721463514,1.1672317721463514,-1.1672317721463514,-0.26946503088216733
HorizontalScanPath_5,Horizontal,heldout,3,B,observed_censored,0.9216243885339286,-1.1672317721463514,1.1672317721463514,-1.1672317721463514,0.6882547552848166
HorizontalScanPath_5,Horizontal,heldout,3,C,overall,0.2830018862296897,-1.1444065207016934,1.1444065207016934,-1.1444065207016934,0.6248365150399935
HorizontalScanPath_5,Horizontal,heldout,3,C,top_1pct,-0.7846359619991813,-1.1444065207016934,1.1444065207016934,-1.1444065207016934,0.15403138044980658
HorizontalScanPath_5,Horizontal,heldout,3,C,observed_censored,1.0241170991617006,-1.1444065207016934,1.1444065207016934,-1.1444065207016934,0.6082294953945868
HorizontalScanPath_5,Horizontal,heldout,4,shared_physics_prior,overall,0.37235162872218275,-1.3168691865178062,1.3168691865178062,-1.3168691865178062,0.7353247264368115
HorizontalScanPath_5,Horizontal,heldout,4,shared_physics_prior,top_1pct,-0.9657460742139482,-1.3168691865178062,1.3168691865178062,-1.3168691865178062,0.39566922478304
HorizontalScanPath_5,Horizontal,heldout,4,shared_physics_prior,observed_censored,0.9845685332319718,-1.3168691865178062,1.3168691865178062,-1.3168691865178062,0.37131771897637655
HorizontalScanPath_5,Horizontal,heldout,4,B,overall,0.8553861548002577,-1.0787519610373124,1.0787519610373124,-1.0787519610373124,1.263321046897536
HorizontalScanPath_5,Horizontal,heldout,4,B,top_1pct,-1.127885628785441,-1.0787519610373124,1.0787519610373124,-1.0787519610373124,-0.3271457783599856
HorizontalScanPath_5,Horizontal,heldout,4,B,observed_censored,0.8828704366107458,-1.0787519610373124,1.0787519610373124,-1.0787519610373124,0.5777199875660894
HorizontalScanPath_5,Horizontal,heldout,4,C,overall,0.5133872568037069,-1.2540543630495335,1.2540543630495335,-1.2540543630495335,0.8869988435627365
HorizontalScanPath_5,Horizontal,heldout,4,C,top_1pct,-0.9992013645397628,-1.2540543630495335,1.2540543630495335,-1.2540543630495335,0.20183501910026713
HorizontalScanPath_5,Horizontal,heldout,4,C,observed_censored,0.9859369060888787,-1.2540543630495335,1.2540543630495335,-1.2540543630495335,0.5214065091036337
HorizontalScanPath_5,Horizontal,heldout,5,shared_physics_prior,overall,0.5022090706910695,-1.4937931193859981,1.4937931193859981,-1.4937931193859981,0.915545303844119
HorizontalScanPath_5,Horizontal,heldout,5,shared_physics_prior,top_1pct,-1.0704716216664885,-1.4937931193859981,1.4937931193859981,-1.4937931193859981,0.4636414607996988
HorizontalScanPath_5,Horizontal,heldout,5,shared_physics_prior,observed_censored,0.7155499675037245,-1.4937931193859981,1.4937931193859981,-1.4937931193859981,0.19170943140426822
HorizontalScanPath_5,Horizontal,heldout,5,B,overall,1.4269281092309367,-1.5117931229763713,1.5117931229763713,-1.5117931229763713,1.7394984313977875
HorizontalScanPath_5,Horizontal,heldout,5,B,top_1pct,-1.4090962131320202,-1.5117931229763713,1.5117931229763713,-1.5117931229763713,-0.2998846601918106
HorizontalScanPath_5,Horizontal,heldout,5,B,observed_censored,0.802532433395593,-1.5117931229763713,1.5117931229763713,-1.5117931229763713,0.5071103236017613
HorizontalScanPath_5,Horizontal,heldout,5,C,overall,0.7616098804024619,-1.3223027334089466,1.3223027334089466,-1.3223027334089466,1.1067986711446958
HorizontalScanPath_5,Horizontal,heldout,5,C,top_1pct,-1.2038229632489061,-1.3223027334089466,1.3223027334089466,-1.3223027334089466,0.27717846650096156
HorizontalScanPath_5,Horizontal,heldout,5,C,observed_censored,0.763289846533457,-1.3223027334089466,1.3223027334089466,-1.3223027334089466,0.36517834213857636
HorizontalScanPath_6,Horizontal,heldout,0,shared_physics_prior,overall,0.0,0.0,0.0,0.0,0.0
HorizontalScanPath_6,Horizontal,heldout,0,shared_physics_prior,top_1pct,0.0,0.0,0.0,0.0,0.0
HorizontalScanPath_6,Horizontal,heldout,0,shared_physics_prior,observed_censored,0.0,0.0,0.0,0.0,0.0
HorizontalScanPath_6,Horizontal,heldout,0,B,overall,0.0,0.0,0.0,0.0,0.0
HorizontalScanPath_6,Horizontal,heldout,0,B,top_1pct,0.0,0.0,0.0,0.0,0.0
HorizontalScanPath_6,Horizontal,heldout,0,B,observed_censored,0.0,0.0,0.0,0.0,0.0
HorizontalScanPath_6,Horizontal,heldout,0,C,overall,0.0,0.0,0.0,0.0,0.0
HorizontalScanPath_6,Horizontal,heldout,0,C,top_1pct,0.0,0.0,0.0,0.0,0.0
HorizontalScanPath_6,Horizontal,heldout,0,C,observed_censored,0.0,0.0,0.0,0.0,0.0
HorizontalScanPath_6,Horizontal,heldout,1,shared_physics_prior,overall,0.07820858687449712,-0.48299949317714663,0.46526311353039773,-0.46526311353039773,0.2326381733706019
HorizontalScanPath_6,Horizontal,heldout,1,shared_physics_prior,top_1pct,-0.3703189394974652,-0.48299949317714663,0.46526311353039773,-0.46526311353039773,0.10681104745649916
HorizontalScanPath_6,Horizontal,heldout,1,shared_physics_prior,observed_censored,0.5225543469042677,-0.48299949317714663,0.46526311353039773,-0.46526311353039773,0.276148787186723
HorizontalScanPath_6,Horizontal,heldout,1,B,overall,0.10994155582083101,-0.5519429777133382,0.5957846507721456,-0.5957846507721456,0.3333550444048142
HorizontalScanPath_6,Horizontal,heldout,1,B,top_1pct,-0.4914672436226466,-0.5519429777133382,0.5957846507721456,-0.5957846507721456,-0.21926045059095634
HorizontalScanPath_6,Horizontal,heldout,1,B,observed_censored,0.5672758328547585,-0.5519429777133382,0.5957846507721456,-0.5957846507721456,0.5066204520605648
HorizontalScanPath_6,Horizontal,heldout,1,C,overall,0.08769148444115629,-0.5237455340680981,0.36663558925937423,-0.36663558925937423,0.2626178400783199
HorizontalScanPath_6,Horizontal,heldout,1,C,top_1pct,-0.4476862182836226,-0.5237455340680981,0.36663558925937423,-0.36663558925937423,-0.00631583191748053
HorizontalScanPath_6,Horizontal,heldout,1,C,observed_censored,0.5164354641701476,-0.5237455340680981,0.36663558925937423,-0.36663558925937423,0.3639411318863601
HorizontalScanPath_6,Horizontal,heldout,2,shared_physics_prior,overall,0.15495263893525135,-0.9054851557442589,0.2615199947191513,-0.2615199947191513,0.40190391872767994
HorizontalScanPath_6,Horizontal,heldout,2,shared_physics_prior,top_1pct,-0.6599687823989188,-0.9054851557442589,0.2615199947191513,-0.2615199947191513,0.18115737083244454
HorizontalScanPath_6,Horizontal,heldout,2,shared_physics_prior,observed_censored,1.0028783201624538,-0.9054851557442589,0.2615199947191513,-0.2615199947191513,0.5107119888126097
HorizontalScanPath_6,Horizontal,heldout,2,B,overall,0.247326255800114,-0.928688559398438,-0.028660301068043736,0.028660301068043736,0.6010250429712053
HorizontalScanPath_6,Horizontal,heldout,2,B,top_1pct,-0.9151144797945473,-0.928688559398438,-0.028660301068043736,0.028660301068043736,-0.4207806888589545
HorizontalScanPath_6,Horizontal,heldout,2,B,observed_censored,0.8106107786282775,-0.928688559398438,-0.028660301068043736,0.028660301068043736,0.621638929674103
HorizontalScanPath_6,Horizontal,heldout,2,C,overall,0.1837645064726155,-1.0542043532964271,0.08977996269959476,-0.08977996269959476,0.4765086820675324
HorizontalScanPath_6,Horizontal,heldout,2,C,top_1pct,-0.749919353291832,-1.0542043532964271,0.08977996269959476,-0.08977996269959476,0.046928116857929414
HorizontalScanPath_6,Horizontal,heldout,2,C,observed_censored,0.9619952259628839,-1.0542043532964271,0.08977996269959476,-0.08977996269959476,0.6171003653892133
HorizontalScanPath_6,Horizontal,heldout,3,shared_physics_prior,overall,0.21513647426019128,-1.1369483122260817,0.5011483192059814,-0.5011483192059814,0.5075094505038851
HorizontalScanPath_6,Horizontal,heldout,3,shared_physics_prior,top_1pct,-0.8887090850859817,-1.1369483122260817,0.5011483192059814,-0.5011483192059814,0.2538385137048498
HorizontalScanPath_6,Horizontal,heldout,3,shared_physics_prior,observed_censored,1.0779378816243703,-1.1369483122260817,0.5011483192059814,-0.5011483192059814,0.4976570948338215
HorizontalScanPath_6,Horizontal,heldout,3,B,overall,0.37975894040945424,-1.0143068407808755,0.03186455126353849,-0.03186455126353849,0.758517204361229
HorizontalScanPath_6,Horizontal,heldout,3,B,top_1pct,-1.140999503845951,-1.0143068407808755,0.03186455126353849,-0.03186455126353849,-0.512337132572144
HorizontalScanPath_6,Horizontal,heldout,3,B,observed_censored,0.8528516153121877,-1.0143068407808755,0.03186455126353849,-0.03186455126353849,0.6030527195762003
HorizontalScanPath_6,Horizontal,heldout,3,C,overall,0.26499236920951125,-1.0485044452418038,0.35575819276795073,-0.35575819276795073,0.6024753614275737
HorizontalScanPath_6,Horizontal,heldout,3,C,top_1pct,-0.9408881960483814,-1.0485044452418038,0.35575819276795073,-0.35575819276795073,0.03603493889027165
HorizontalScanPath_6,Horizontal,heldout,3,C,observed_censored,1.0529897171145626,-1.0485044452418038,0.35575819276795073,-0.35575819276795073,0.6298106783299686
HorizontalScanPath_6,Horizontal,heldout,4,shared_physics_prior,overall,0.34942714872675,-1.3795255333979526,0.7090383038926689,-0.7090383038926689,0.7116525140565999
HorizontalScanPath_6,Horizontal,heldout,4,shared_physics_prior,top_1pct,-1.1715816459662394,-1.3795255333979526,0.7090383038926689,-0.7090383038926689,0.36977147059101734
HorizontalScanPath_6,Horizontal,heldout,4,shared_physics_prior,observed_censored,0.9106508187647067,-1.3795255333979526,0.7090383038926689,-0.7090383038926689,0.3445314206014034
HorizontalScanPath_6,Horizontal,heldout,4,B,overall,0.8153886480239573,-1.5146332590954898,0.43830775027919344,-0.43830775027919344,1.2475269297060554
HorizontalScanPath_6,Horizontal,heldout,4,B,top_1pct,-1.5556431357266933,-1.5146332590954898,0.43830775027919344,-0.43830775027919344,-0.5123758139658445
HorizontalScanPath_6,Horizontal,heldout,4,B,observed_censored,0.8546356255974774,-1.5146332590954898,0.43830775027919344,-0.43830775027919344,0.5778321788685306
HorizontalScanPath_6,Horizontal,heldout,4,C,overall,0.47448612282934927,-1.2257413024304356,0.33549277250170917,-0.33549277250170917,0.8368722825881043
HorizontalScanPath_6,Horizontal,heldout,4,C,top_1pct,-1.2227835668483362,-1.2257413024304356,0.33549277250170917,-0.33549277250170917,0.10740796597632807
HorizontalScanPath_6,Horizontal,heldout,4,C,observed_censored,0.8931224238393987,-1.2257413024304356,0.33549277250170917,-0.33549277250170917,0.447232712157672
HorizontalScanPath_6,Horizontal,heldout,5,shared_physics_prior,overall,0.48744402743558407,-1.655296356030476,1.075272138565765,-1.075272138565765,0.906603533328527
HorizontalScanPath_6,Horizontal,heldout,5,shared_physics_prior,top_1pct,-1.3322793791414484,-1.655296356030476,1.075272138565765,-1.075272138565765,0.4870738475300387
HorizontalScanPath_6,Horizontal,heldout,5,shared_physics_prior,observed_censored,0.7379189778977282,-1.655296356030476,1.075272138565765,-1.075272138565765,0.23661462155642354
HorizontalScanPath_6,Horizontal,heldout,5,B,overall,1.4257432752075676,-2.0216133414685373,1.0992653792061446,-1.0992653792061446,1.688456608192078
HorizontalScanPath_6,Horizontal,heldout,5,B,top_1pct,-1.7483111799951008,-2.0216133414685373,1.0992653792061446,-1.0992653792061446,-0.47942792277831847
HorizontalScanPath_6,Horizontal,heldout,5,B,observed_censored,0.7210751564829017,-2.0216133414685373,1.0992653792061446,-1.0992653792061446,0.4327001633784162
HorizontalScanPath_6,Horizontal,heldout,5,C,overall,0.7382196906033718,-1.9095671469294189,0.880474874338006,-0.880474874338006,1.0807851459948545
HorizontalScanPath_6,Horizontal,heldout,5,C,top_1pct,-1.4298510741769042,-1.9095671469294189,0.880474874338006,-0.880474874338006,0.2736007537779508
HorizontalScanPath_6,Horizontal,heldout,5,C,observed_censored,0.7409584296247136,-1.9095671469294189,0.880474874338006,-0.880474874338006,0.3529669579712711
HorizontalScanPath_7,Horizontal,heldout,0,shared_physics_prior,overall,0.0,0.0,0.0,0.0,0.0
HorizontalScanPath_7,Horizontal,heldout,0,shared_physics_prior,top_1pct,0.0,0.0,0.0,0.0,0.0
HorizontalScanPath_7,Horizontal,heldout,0,shared_physics_prior,observed_censored,0.0,0.0,0.0,0.0,0.0
HorizontalScanPath_7,Horizontal,heldout,0,B,overall,0.0,0.0,0.0,0.0,0.0
HorizontalScanPath_7,Horizontal,heldout,0,B,top_1pct,0.0,0.0,0.0,0.0,0.0
HorizontalScanPath_7,Horizontal,heldout,0,B,observed_censored,0.0,0.0,0.0,0.0,0.0
HorizontalScanPath_7,Horizontal,heldout,0,C,overall,0.0,0.0,0.0,0.0,0.0
HorizontalScanPath_7,Horizontal,heldout,0,C,top_1pct,0.0,0.0,0.0,0.0,0.0
HorizontalScanPath_7,Horizontal,heldout,0,C,observed_censored,0.0,0.0,0.0,0.0,0.0
HorizontalScanPath_7,Horizontal,heldout,1,shared_physics_prior,overall,0.05234824563431775,-0.4197754948515353,0.4197754948515353,-0.4197754948515353,0.14787003702282764
HorizontalScanPath_7,Horizontal,heldout,1,shared_physics_prior,top_1pct,-0.36136225525700416,-0.4197754948515353,0.4197754948515353,-0.4197754948515353,0.0883095090877215
HorizontalScanPath_7,Horizontal,heldout,1,shared_physics_prior,observed_censored,0.330470420277972,-0.4197754948515353,0.4197754948515353,-0.4197754948515353,0.10372915302289965
HorizontalScanPath_7,Horizontal,heldout,1,B,overall,0.09185517791411574,-0.7011913975176753,0.7011913975176753,-0.7011913975176753,0.2310597353629602
HorizontalScanPath_7,Horizontal,heldout,1,B,top_1pct,-0.5504229462428885,-0.7011913975176753,0.7011913975176753,-0.7011913975176753,-0.2244542200886981
HorizontalScanPath_7,Horizontal,heldout,1,B,observed_censored,0.17915830497135765,-0.7011913975176753,0.7011913975176753,-0.7011913975176753,0.05296626472688004
HorizontalScanPath_7,Horizontal,heldout,1,C,overall,0.06816378281092653,-0.359206435524527,0.359206435524527,-0.359206435524527,0.17003472477223758
HorizontalScanPath_7,Horizontal,heldout,1,C,top_1pct,-0.3478653517773273,-0.359206435524527,0.359206435524527,-0.359206435524527,0.02288258551115918
HorizontalScanPath_7,Horizontal,heldout,1,C,observed_censored,0.30890648508486773,-0.359206435524527,0.359206435524527,-0.359206435524527,0.11915886347427795
HorizontalScanPath_7,Horizontal,heldout,2,shared_physics_prior,overall,0.13181146435788008,-0.8873309278924353,0.8873309278924353,-0.8873309278924353,0.333298516841361
HorizontalScanPath_7,Horizontal,heldout,2,shared_physics_prior,top_1pct,-0.7545568893935456,-0.8873309278924353,0.8873309278924353,-0.8873309278924353,0.22579307510897895
HorizontalScanPath_7,Horizontal,heldout,2,shared_physics_prior,observed_censored,0.5881716121494487,-0.8873309278924353,0.8873309278924353,-0.8873309278924353,0.21891483125822297
HorizontalScanPath_7,Horizontal,heldout,2,B,overall,0.23905570784536634,-0.02968159931072023,0.02968159931072023,-0.02968159931072023,0.5347083448376397
HorizontalScanPath_7,Horizontal,heldout,2,B,top_1pct,-0.6920694347543417,-0.02968159931072023,0.02968159931072023,-0.02968159931072023,-0.2924955149760664
HorizontalScanPath_7,Horizontal,heldout,2,B,observed_censored,0.43290328657836596,-0.02968159931072023,0.02968159931072023,-0.02968159931072023,0.217738629313863
HorizontalScanPath_7,Horizontal,heldout,2,C,overall,0.1646320271953231,-0.625230633732258,0.625230633732258,-0.625230633732258,0.3932960358609029
HorizontalScanPath_7,Horizontal,heldout,2,C,top_1pct,-0.7273933928244287,-0.625230633732258,0.625230633732258,-0.625230633732258,0.06449183398748914
HorizontalScanPath_7,Horizontal,heldout,2,C,observed_censored,0.5768948169236268,-0.625230633732258,0.625230633732258,-0.625230633732258,0.2729018412581472
HorizontalScanPath_7,Horizontal,heldout,3,shared_physics_prior,overall,0.19006925666574429,-1.1416119581967337,1.1416119581967337,-1.1416119581967337,0.4314625562706358
HorizontalScanPath_7,Horizontal,heldout,3,shared_physics_prior,top_1pct,-1.0268948923011045,-1.1416119581967337,1.1416119581967337,-1.1416119581967337,0.33487245174410196
HorizontalScanPath_7,Horizontal,heldout,3,shared_physics_prior,observed_censored,0.6628073212436314,-1.1416119581967337,1.1416119581967337,-1.1416119581967337,0.18710144960426156
HorizontalScanPath_7,Horizontal,heldout,3,B,overall,0.3679086290332334,-0.87044533160622,0.87044533160622,-0.87044533160622,0.7315969677643617
HorizontalScanPath_7,Horizontal,heldout,3,B,top_1pct,-1.2123061175321117,-0.87044533160622,0.87044533160622,-0.87044533160622,-0.407014679135723
HorizontalScanPath_7,Horizontal,heldout,3,B,observed_censored,0.5261986815591326,-0.87044533160622,0.87044533160622,-0.87044533160622,0.2526379368017153
HorizontalScanPath_7,Horizontal,heldout,3,C,overall,0.24118518922792653,-0.9036337855512784,0.9036337855512784,-0.9036337855512784,0.513106589061303
HorizontalScanPath_7,Horizontal,heldout,3,C,top_1pct,-0.9719635582082514,-0.9036337855512784,0.9036337855512784,-0.9036337855512784,0.15418969541672212
HorizontalScanPath_7,Horizontal,heldout,3,C,observed_censored,0.6245695127614233,-0.9036337855512784,0.9036337855512784,-0.9036337855512784,0.23455999164617403
HorizontalScanPath_7,Horizontal,heldout,4,shared_physics_prior,overall,0.3558755421792661,-1.6319115919683327,1.6319115919683327,-1.6319115919683327,0.7027366853936714
HorizontalScanPath_7,Horizontal,heldout,4,shared_physics_prior,top_1pct,-1.398271721047704,-1.6319115919683327,1.6319115919683327,-1.6319115919683327,0.5394598849917407
HorizontalScanPath_7,Horizontal,heldout,4,shared_physics_prior,observed_censored,0.8334657371485756,-1.6319115919683327,1.6319115919683327,-1.6319115919683327,0.27249018368731903
HorizontalScanPath_7,Horizontal,heldout,4,B,overall,0.7777513072311539,-1.632555327185628,1.632555327185628,-1.632555327185628,1.171346368023898
HorizontalScanPath_7,Horizontal,heldout,4,B,top_1pct,-1.6990490603478339,-1.632555327185628,1.632555327185628,-1.632555327185628,-0.3975160861699587
HorizontalScanPath_7,Horizontal,heldout,4,B,observed_censored,0.5791729361112559,-1.632555327185628,1.632555327185628,-1.632555327185628,0.22499185703151436
HorizontalScanPath_7,Horizontal,heldout,4,C,overall,0.4788515226656256,-1.722191656781547,1.722191656781547,-1.722191656781547,0.8239585078720867
HorizontalScanPath_7,Horizontal,heldout,4,C,top_1pct,-1.3472260886856542,-1.722191656781547,1.722191656781547,-1.722191656781547,0.32561260678523185
HorizontalScanPath_7,Horizontal,heldout,4,C,observed_censored,0.7767725111370338,-1.722191656781547,1.722191656781547,-1.722191656781547,0.3091283988828688
HorizontalScanPath_7,Horizontal,heldout,5,shared_physics_prior,overall,0.4816900314099596,-1.8800712740340373,1.8800712740340373,-1.8800712740340373,0.8712527560705949
HorizontalScanPath_7,Horizontal,heldout,5,shared_physics_prior,top_1pct,-1.5679069937260397,-1.8800712740340373,1.8800712740340373,-1.8800712740340373,0.6485081832287474
HorizontalScanPath_7,Horizontal,heldout,5,shared_physics_prior,observed_censored,0.5599318177827446,-1.8800712740340373,1.8800712740340373,-1.8800712740340373,0.08194535633357969
HorizontalScanPath_7,Horizontal,heldout,5,B,overall,1.4102852296918447,-1.5500638269334104,1.5500638269334104,-1.5500638269334104,1.6240425460535064
HorizontalScanPath_7,Horizontal,heldout,5,B,top_1pct,-1.7589446890514522,-1.5500638269334104,1.5500638269334104,-1.5500638269334104,-0.321564325575189
HorizontalScanPath_7,Horizontal,heldout,5,B,observed_censored,0.5091462100544168,-1.5500638269334104,1.5500638269334104,-1.5500638269334104,0.13205584084804123
HorizontalScanPath_7,Horizontal,heldout,5,C,overall,0.7295663965560136,-1.5428060871294633,1.5428060871294633,-1.5428060871294633,1.02720995467695
HorizontalScanPath_7,Horizontal,heldout,5,C,top_1pct,-1.3984439509038997,-1.5428060871294633,1.5428060871294633,-1.5428060871294633,0.3414560655796328
HorizontalScanPath_7,Horizontal,heldout,5,C,observed_censored,0.5391813813827495,-1.5428060871294633,1.5428060871294633,-1.5428060871294633,0.09959903035795303
HorizontalScanPath_8,Horizontal,heldout,0,shared_physics_prior,overall,0.0,0.0,0.0,0.0,0.0
HorizontalScanPath_8,Horizontal,heldout,0,shared_physics_prior,top_1pct,0.0,0.0,0.0,0.0,0.0
HorizontalScanPath_8,Horizontal,heldout,0,shared_physics_prior,observed_censored,0.0,0.0,0.0,0.0,0.0
HorizontalScanPath_8,Horizontal,heldout,0,B,overall,0.0,0.0,0.0,0.0,0.0
HorizontalScanPath_8,Horizontal,heldout,0,B,top_1pct,0.0,0.0,0.0,0.0,0.0
HorizontalScanPath_8,Horizontal,heldout,0,B,observed_censored,0.0,0.0,0.0,0.0,0.0
HorizontalScanPath_8,Horizontal,heldout,0,C,overall,0.0,0.0,0.0,0.0,0.0
HorizontalScanPath_8,Horizontal,heldout,0,C,top_1pct,0.0,0.0,0.0,0.0,0.0
HorizontalScanPath_8,Horizontal,heldout,0,C,observed_censored,0.0,0.0,0.0,0.0,0.0
HorizontalScanPath_8,Horizontal,heldout,1,shared_physics_prior,overall,0.049921721371731786,-0.5927958570218834,0.5927958570218834,-0.5927958570218834,0.14803841567761233
HorizontalScanPath_8,Horizontal,heldout,1,shared_physics_prior,top_1pct,-0.40608480123962637,-0.5927958570218834,0.5927958570218834,-0.5927958570218834,0.12505956927258355
HorizontalScanPath_8,Horizontal,heldout,1,shared_physics_prior,observed_censored,0.5064079002567201,-0.5927958570218834,0.5927958570218834,-0.5927958570218834,0.2213122503923315
HorizontalScanPath_8,Horizontal,heldout,1,B,overall,0.07801428306785582,-1.0777587532026018,1.0777587532026018,-1.0777587532026018,0.2549493353345159
HorizontalScanPath_8,Horizontal,heldout,1,B,top_1pct,-0.9303716138939284,-1.0777587532026018,1.0777587532026018,-1.0777587532026018,-0.3744081687416956
HorizontalScanPath_8,Horizontal,heldout,1,B,observed_censored,0.48280156653399153,-1.0777587532026018,1.0777587532026018,-1.0777587532026018,0.4671238146959107
HorizontalScanPath_8,Horizontal,heldout,1,C,overall,0.06303905741170607,-0.5935114640253119,0.5935114640253119,-0.5935114640253119,0.20590645834668275
HorizontalScanPath_8,Horizontal,heldout,1,C,top_1pct,-0.4823201066980687,-0.5935114640253119,0.5935114640253119,-0.5935114640253119,0.048080480830525296
HorizontalScanPath_8,Horizontal,heldout,1,C,observed_censored,0.5564229173574708,-0.5935114640253119,0.5935114640253119,-0.5935114640253119,0.3737492250891101
HorizontalScanPath_8,Horizontal,heldout,2,shared_physics_prior,overall,0.13105811293965108,-0.9648167677951278,0.9648167677951278,-0.9648167677951278,0.32727424677757566
HorizontalScanPath_8,Horizontal,heldout,2,shared_physics_prior,top_1pct,-0.873670350364075,-0.9648167677951278,0.9648167677951278,-0.9648167677951278,0.2326554957691207
HorizontalScanPath_8,Horizontal,heldout,2,shared_physics_prior,observed_censored,0.7808913797949437,-0.9648167677951278,0.9648167677951278,-0.9648167677951278,0.30044748890999884
HorizontalScanPath_8,Horizontal,heldout,2,B,overall,0.21224140945134348,-1.4060405892349763,1.4060405892349763,-1.4060405892349763,0.5000986263328374
HorizontalScanPath_8,Horizontal,heldout,2,B,top_1pct,-1.4274446425494125,-1.4060405892349763,1.4060405892349763,-1.4060405892349763,-0.5535576604195729
HorizontalScanPath_8,Horizontal,heldout,2,B,observed_censored,0.5306125210193731,-1.4060405892349763,1.4060405892349763,-1.4060405892349763,0.3833944435754404
HorizontalScanPath_8,Horizontal,heldout,2,C,overall,0.15653028044280215,-0.881962295719859,0.881962295719859,-0.881962295719859,0.4070785595980393
HorizontalScanPath_8,Horizontal,heldout,2,C,top_1pct,-0.9502318655796035,-0.881962295719859,0.881962295719859,-0.881962295719859,0.08027599810888786
HorizontalScanPath_8,Horizontal,heldout,2,C,observed_censored,0.7800570301624989,-0.881962295719859,0.881962295719859,-0.881962295719859,0.42517745907567717
HorizontalScanPath_8,Horizontal,heldout,3,shared_physics_prior,overall,0.18821463090252916,-1.3778318961841478,1.3778318961841478,-1.3778318961841478,0.43587090249411353
HorizontalScanPath_8,Horizontal,heldout,3,shared_physics_prior,top_1pct,-1.1910435029202835,-1.3778318961841478,1.3778318961841478,-1.3778318961841478,0.39730218157941755
HorizontalScanPath_8,Horizontal,heldout,3,shared_physics_prior,observed_censored,0.8136776839217574,-1.3778318961841478,1.3778318961841478,-1.3778318961841478,0.29078305294651985
HorizontalScanPath_8,Horizontal,heldout,3,B,overall,0.3390200182636657,-1.6273042422878348,1.6273042422878348,-1.6273042422878348,0.7110759218647497
HorizontalScanPath_8,Horizontal,heldout,3,B,top_1pct,-1.7140480025257079,-1.6273042422878348,1.6273042422878348,-1.6273042422878348,-0.6093162261026253
HorizontalScanPath_8,Horizontal,heldout,3,B,observed_censored,0.6046480011213395,-1.6273042422878348,1.6273042422878348,-1.6273042422878348,0.42566276977304707
HorizontalScanPath_8,Horizontal,heldout,3,C,overall,0.23414647683926126,-0.9721070065369304,0.9721070065369304,-0.9721070065369304,0.535345157463198
HorizontalScanPath_8,Horizontal,heldout,3,C,top_1pct,-1.1953506315712685,-0.9721070065369304,0.9721070065369304,-0.9721070065369304,0.08879232808095017
HorizontalScanPath_8,Horizontal,heldout,3,C,observed_censored,0.8251773937301983,-0.9721070065369304,0.9721070065369304,-0.9721070065369304,0.41567042026182444
HorizontalScanPath_8,Horizontal,heldout,4,shared_physics_prior,overall,0.321485079136063,-1.8752677043253243,1.8752677043253243,-1.8752677043253243,0.6468154200286568
HorizontalScanPath_8,Horizontal,heldout,4,shared_physics_prior,top_1pct,-1.4961747499580018,-1.8752677043253243,1.8752677043253243,-1.8752677043253243,0.5681334811609204
HorizontalScanPath_8,Horizontal,heldout,4,shared_physics_prior,observed_censored,0.7960711941610332,-1.8752677043253243,1.8752677043253243,-1.8752677043253243,0.22472918651853924
HorizontalScanPath_8,Horizontal,heldout,4,B,overall,0.7294332782837277,-2.5093745364578695,2.5093745364578695,-2.5093745364578695,1.134639818115864
HorizontalScanPath_8,Horizontal,heldout,4,B,top_1pct,-2.074934881759161,-2.5093745364578695,2.5093745364578695,-2.5093745364578695,-0.5283601993474862
HorizontalScanPath_8,Horizontal,heldout,4,B,observed_censored,0.6731721585772226,-2.5093745364578695,2.5093745364578695,-2.5093745364578695,0.43272183513446993
HorizontalScanPath_8,Horizontal,heldout,4,C,overall,0.4379403921179382,-2.101543571583079,2.101543571583079,-2.101543571583079,0.7893108591778235
HorizontalScanPath_8,Horizontal,heldout,4,C,top_1pct,-1.5349772967327795,-2.101543571583079,2.101543571583079,-2.101543571583079,0.3868198955172497
HorizontalScanPath_8,Horizontal,heldout,4,C,observed_censored,0.825845893839448,-2.101543571583079,2.101543571583079,-2.101543571583079,0.38448322395476087
HorizontalScanPath_8,Horizontal,heldout,5,shared_physics_prior,overall,0.47866883752954337,-2.0000436031378968,2.0000436031378968,-2.0000436031378968,0.8681715169845924
HorizontalScanPath_8,Horizontal,heldout,5,shared_physics_prior,top_1pct,-1.6386553989383355,-2.0000436031378968,2.0000436031378968,-2.0000436031378968,0.6445132121673143
HorizontalScanPath_8,Horizontal,heldout,5,shared_physics_prior,observed_censored,0.6098009689479735,-2.0000436031378968,2.0000436031378968,-2.0000436031378968,0.09045943107354004
HorizontalScanPath_8,Horizontal,heldout,5,B,overall,1.3944422434603958,-2.937581376847959,2.937581376847959,-2.937581376847959,1.6197417580818212
HorizontalScanPath_8,Horizontal,heldout,5,B,top_1pct,-2.3548624302272128,-2.937581376847959,2.937581376847959,-2.937581376847959,-0.4803262161690407
HorizontalScanPath_8,Horizontal,heldout,5,B,observed_censored,0.5398599529534609,-2.937581376847959,2.937581376847959,-2.937581376847959,0.2882292516380458
HorizontalScanPath_8,Horizontal,heldout,5,C,overall,0.7177902991797627,-1.627834950111776,1.627834950111776,-1.627834950111776,1.0419118336356141
HorizontalScanPath_8,Horizontal,heldout,5,C,top_1pct,-1.6489042876997975,-1.627834950111776,1.627834950111776,-1.627834950111776,0.3220211514038196
HorizontalScanPath_8,Horizontal,heldout,5,C,observed_censored,0.6481385861281304,-1.627834950111776,1.627834950111776,-1.627834950111776,0.22298592318190336
SpiralScanPath_1,Spiral,heldout,0,shared_physics_prior,overall,0.0,0.0,0.0,0.0,0.0
SpiralScanPath_1,Spiral,heldout,0,shared_physics_prior,top_1pct,0.0,0.0,0.0,0.0,0.0
SpiralScanPath_1,Spiral,heldout,0,shared_physics_prior,observed_censored,0.0,0.0,0.0,0.0,0.0
SpiralScanPath_1,Spiral,heldout,0,B,overall,0.0,0.0,0.0,0.0,0.0
SpiralScanPath_1,Spiral,heldout,0,B,top_1pct,0.0,0.0,0.0,0.0,0.0
SpiralScanPath_1,Spiral,heldout,0,B,observed_censored,0.0,0.0,0.0,0.0,0.0
SpiralScanPath_1,Spiral,heldout,0,C,overall,0.0,0.0,0.0,0.0,0.0
SpiralScanPath_1,Spiral,heldout,0,C,top_1pct,0.0,0.0,0.0,0.0,0.0
SpiralScanPath_1,Spiral,heldout,0,C,observed_censored,0.0,0.0,0.0,0.0,0.0
SpiralScanPath_1,Spiral,heldout,1,shared_physics_prior,overall,0.046423388152862205,-0.5827233437581754,-0.5827233437581754,-0.5827233437581754,0.13493066483082827
SpiralScanPath_1,Spiral,heldout,1,shared_physics_prior,top_1pct,-0.5098028879985168,-0.5827233437581754,-0.5827233437581754,-0.5827233437581754,-0.04583323825783037
SpiralScanPath_1,Spiral,heldout,1,shared_physics_prior,observed_censored,-0.03888385990801946,-0.5827233437581754,-0.5827233437581754,-0.5827233437581754,-0.16780031276282914
SpiralScanPath_1,Spiral,heldout,1,B,overall,0.18144013444600052,-0.7319019716977095,-0.7319019716977095,-0.7319019716977095,0.30157969126111484
SpiralScanPath_1,Spiral,heldout,1,B,top_1pct,-0.6325114199241104,-0.7319019716977095,-0.7319019716977095,-0.7319019716977095,-0.39973001302590516
SpiralScanPath_1,Spiral,heldout,1,B,observed_censored,0.06178947751632968,-0.7319019716977095,-0.7319019716977095,-0.7319019716977095,-0.0739171804937735
SpiralScanPath_1,Spiral,heldout,1,C,overall,0.0866827400142324,-0.16433841200802135,-0.16433841200802135,-0.16433841200802135,0.165465760152396
SpiralScanPath_1,Spiral,heldout,1,C,top_1pct,-0.4123431025603258,-0.16433841200802135,-0.16433841200802135,-0.16433841200802135,-0.10111691316124105
SpiralScanPath_1,Spiral,heldout,1,C,observed_censored,-0.011595510510609586,-0.16433841200802135,-0.16433841200802135,-0.16433841200802135,-0.14774600008395078
SpiralScanPath_1,Spiral,heldout,2,shared_physics_prior,overall,0.10612101279858194,-0.5080162427134951,-0.5080162427134951,-0.5080162427134951,0.2811815617517557
SpiralScanPath_1,Spiral,heldout,2,shared_physics_prior,top_1pct,-0.6496072762039922,-0.5080162427134951,-0.5080162427134951,-0.5080162427134951,0.006040400374579757
SpiralScanPath_1,Spiral,heldout,2,shared_physics_prior,observed_censored,-0.3030768047974466,-0.5080162427134951,-0.5080162427134951,-0.5080162427134951,-0.434022452858307
SpiralScanPath_1,Spiral,heldout,2,B,overall,0.5693989079292372,-0.5638687820190285,-0.5638687820190285,-0.5638687820190285,0.6770572194917943
SpiralScanPath_1,Spiral,heldout,2,B,top_1pct,-0.8914392959750537,-0.5638687820190285,-0.5638687820190285,-0.5638687820190285,-0.44109825473644015
SpiralScanPath_1,Spiral,heldout,2,B,observed_censored,-0.18941395178277398,-0.5638687820190285,-0.5638687820190285,-0.5638687820190285,-0.3878765726088753
SpiralScanPath_1,Spiral,heldout,2,C,overall,0.2301700857142354,-0.22672283324402542,-0.22672283324402542,-0.22672283324402542,0.32115353419279224
SpiralScanPath_1,Spiral,heldout,2,C,top_1pct,-0.6105197713488882,-0.22672283324402542,-0.22672283324402542,-0.22672283324402542,-0.10428145634967834
SpiralScanPath_1,Spiral,heldout,2,C,observed_censored,-0.3225930394539285,-0.22672283324402542,-0.22672283324402542,-0.22672283324402542,-0.4722289917420115
SpiralScanPath_1,Spiral,heldout,3,shared_physics_prior,overall,0.16599715130716589,-0.6089821762802217,-0.6089821762802217,-0.6089821762802217,0.4036191134608794
SpiralScanPath_1,Spiral,heldout,3,shared_physics_prior,top_1pct,-0.7583278223374532,-0.6089821762802217,-0.6089821762802217,-0.6089821762802217,0.04955501530353423
SpiralScanPath_1,Spiral,heldout,3,shared_physics_prior,observed_censored,-0.5454802529151224,-0.6089821762802217,-0.6089821762802217,-0.6089821762802217,-0.6810674684595011
SpiralScanPath_1,Spiral,heldout,3,B,overall,0.9625252113421356,-0.1500425248875672,-0.1500425248875672,-0.1500425248875672,1.0219002839406224
SpiralScanPath_1,Spiral,heldout,3,B,top_1pct,-0.7662024590446186,-0.1500425248875672,-0.1500425248875672,-0.1500425248875672,-0.44614808547760987
SpiralScanPath_1,Spiral,heldout,3,B,observed_censored,-0.2832293019745009,-0.1500425248875672,-0.1500425248875672,-0.1500425248875672,-0.5443389278790631
SpiralScanPath_1,Spiral,heldout,3,C,overall,0.36985802411318547,-0.1503544746436205,-0.1503544746436205,-0.1503544746436205,0.4721855297303724
SpiralScanPath_1,Spiral,heldout,3,C,top_1pct,-0.7153264997002156,-0.1503544746436205,-0.1503544746436205,-0.1503544746436205,-0.03223823593132513
SpiralScanPath_1,Spiral,heldout,3,C,observed_censored,-0.5581968345312873,-0.1503544746436205,-0.1503544746436205,-0.1503544746436205,-0.7073236404350309
SpiralScanPath_1,Spiral,heldout,4,shared_physics_prior,overall,0.2932818714529738,-0.5877906353255185,-0.5877906353255185,-0.5877906353255185,0.6278249299024689
SpiralScanPath_1,Spiral,heldout,4,shared_physics_prior,top_1pct,-0.8168550988134575,-0.5877906353255185,-0.5877906353255185,-0.5877906353255185,0.10351210485969897
SpiralScanPath_1,Spiral,heldout,4,shared_physics_prior,observed_censored,-0.6064427103538561,-0.5877906353255185,-0.5877906353255185,-0.5877906353255185,-0.7842457239019027
SpiralScanPath_1,Spiral,heldout,4,B,overall,1.508766076532118,0.3806135740264267,0.3806135740264267,0.3806135740264267,1.5168102652191637
SpiralScanPath_1,Spiral,heldout,4,B,top_1pct,-0.6904252483764663,0.3806135740264267,0.3806135740264267,0.3806135740264267,-0.29165338693681075
SpiralScanPath_1,Spiral,heldout,4,B,observed_censored,-0.2877639015618283,0.3806135740264267,0.3806135740264267,0.3806135740264267,-0.5957514028042445
SpiralScanPath_1,Spiral,heldout,4,C,overall,0.5986432889346801,-0.19227613164974855,-0.19227613164974855,-0.19227613164974855,0.730031078866891
SpiralScanPath_1,Spiral,heldout,4,C,top_1pct,-0.7454682878847461,-0.19227613164974855,-0.19227613164974855,-0.19227613164974855,-0.03776745334340825
SpiralScanPath_1,Spiral,heldout,4,C,observed_censored,-0.603828452194058,-0.19227613164974855,-0.19227613164974855,-0.19227613164974855,-0.8075734615677033
SpiralScanPath_1,Spiral,heldout,5,shared_physics_prior,overall,0.46205732431605173,-0.8594926553084292,-0.8594926553084292,-0.8594926553084292,0.8753441865276764
SpiralScanPath_1,Spiral,heldout,5,shared_physics_prior,top_1pct,-0.902361989914798,-0.8594926553084292,-0.8594926553084292,-0.8594926553084292,0.06967842231547383
SpiralScanPath_1,Spiral,heldout,5,shared_physics_prior,observed_censored,-0.6455346096747443,-0.8594926553084292,-0.8594926553084292,-0.8594926553084292,-0.8486499939573346
SpiralScanPath_1,Spiral,heldout,5,B,overall,2.043466396516131,-0.11986634772063098,-0.11986634772063098,-0.11986634772063098,2.0362668617394304
SpiralScanPath_1,Spiral,heldout,5,B,top_1pct,-0.9536348716873797,-0.11986634772063098,-0.11986634772063098,-0.11986634772063098,-0.40399490918910264
SpiralScanPath_1,Spiral,heldout,5,B,observed_censored,-0.22368373464491098,-0.11986634772063098,-0.11986634772063098,-0.11986634772063098,-0.5393000242891
SpiralScanPath_1,Spiral,heldout,5,C,overall,0.8462269848963205,-0.5393841866218168,-0.5393841866218168,-0.5393841866218168,1.012170012637538
SpiralScanPath_1,Spiral,heldout,5,C,top_1pct,-0.8749898711110359,-0.5393841866218168,-0.5393841866218168,-0.5393841866218168,-0.1591946264269941
SpiralScanPath_1,Spiral,heldout,5,C,observed_censored,-0.6514177128128007,-0.5393841866218168,-0.5393841866218168,-0.5393841866218168,-0.8955683897827238
SpiralScanPath_10,Spiral,heldout,0,shared_physics_prior,overall,0.0,0.0,0.0,0.0,0.0
SpiralScanPath_10,Spiral,heldout,0,shared_physics_prior,top_1pct,0.0,0.0,0.0,0.0,0.0
SpiralScanPath_10,Spiral,heldout,0,shared_physics_prior,observed_censored,0.0,0.0,0.0,0.0,0.0
SpiralScanPath_10,Spiral,heldout,0,B,overall,0.0,0.0,0.0,0.0,0.0
SpiralScanPath_10,Spiral,heldout,0,B,top_1pct,0.0,0.0,0.0,0.0,0.0
SpiralScanPath_10,Spiral,heldout,0,B,observed_censored,0.0,0.0,0.0,0.0,0.0
SpiralScanPath_10,Spiral,heldout,0,C,overall,0.0,0.0,0.0,0.0,0.0
SpiralScanPath_10,Spiral,heldout,0,C,top_1pct,0.0,0.0,0.0,0.0,0.0
SpiralScanPath_10,Spiral,heldout,0,C,observed_censored,0.0,0.0,0.0,0.0,0.0
SpiralScanPath_10,Spiral,heldout,1,shared_physics_prior,overall,0.03730843988262056,-0.5768206984806739,-0.3494834198914418,-0.3494834198914418,0.10665570162153815
SpiralScanPath_10,Spiral,heldout,1,shared_physics_prior,top_1pct,-0.2967208870850345,-0.5768206984806739,-0.3494834198914418,-0.3494834198914418,0.1060757075133667
SpiralScanPath_10,Spiral,heldout,1,shared_physics_prior,observed_censored,0.015616246451756632,-0.5768206984806739,-0.3494834198914418,-0.3494834198914418,-0.14540574039255194
SpiralScanPath_10,Spiral,heldout,1,B,overall,0.09646420630614669,-0.6463565857179674,-0.6947703554129134,-0.6947703554129134,0.24533792806875354
SpiralScanPath_10,Spiral,heldout,1,B,top_1pct,-0.13727167559654396,-0.6463565857179674,-0.6947703554129134,-0.6947703554129134,-0.09957057538435787
SpiralScanPath_10,Spiral,heldout,1,B,observed_censored,0.28597127085323715,-0.6463565857179674,-0.6947703554129134,-0.6947703554129134,0.16773874928768606
SpiralScanPath_10,Spiral,heldout,1,C,overall,0.05735788967194175,-0.48203102839801204,-0.4444631832125765,-0.4444631832125765,0.13305122958217497
SpiralScanPath_10,Spiral,heldout,1,C,top_1pct,-0.14305467825344748,-0.48203102839801204,-0.4444631832125765,-0.4444631832125765,-0.0010249879662422856
SpiralScanPath_10,Spiral,heldout,1,C,observed_censored,0.13051789930879343,-0.48203102839801204,-0.4444631832125765,-0.4444631832125765,-0.05978305448602228
SpiralScanPath_10,Spiral,heldout,2,shared_physics_prior,overall,0.12755085653455864,-1.1205536810432477,-0.5650205461334394,-0.5650205461334394,0.3124065067026388
SpiralScanPath_10,Spiral,heldout,2,shared_physics_prior,top_1pct,-0.6439132486848257,-1.1205536810432477,-0.5650205461334394,-0.5650205461334394,0.22908321391014574
SpiralScanPath_10,Spiral,heldout,2,shared_physics_prior,observed_censored,0.4965495240902371,-1.1205536810432477,-0.5650205461334394,-0.5650205461334394,0.06865778091879848
SpiralScanPath_10,Spiral,heldout,2,B,overall,0.28198528324959937,-0.49102224102659875,0.518732449642016,0.518732449642016,0.6277948859349896
SpiralScanPath_10,Spiral,heldout,2,B,top_1pct,-0.33928736531498327,-0.49102224102659875,0.518732449642016,0.518732449642016,0.13470558338814254
SpiralScanPath_10,Spiral,heldout,2,B,observed_censored,0.7477025716610379,-0.49102224102659875,0.518732449642016,0.518732449642016,0.5003573503824628
SpiralScanPath_10,Spiral,heldout,2,C,overall,0.17311859680104422,-0.8606402473669164,-0.1663673186460528,-0.1663673186460528,0.41172131595477957
SpiralScanPath_10,Spiral,heldout,2,C,top_1pct,-0.5331019295521197,-0.8606402473669164,-0.1663673186460528,-0.1663673186460528,0.16604091315810798
SpiralScanPath_10,Spiral,heldout,2,C,observed_censored,0.6202322695840956,-0.8606402473669164,-0.1663673186460528,-0.1663673186460528,0.2632738433049244
SpiralScanPath_10,Spiral,heldout,3,shared_physics_prior,overall,0.18812361533429015,-1.3107889126998202,-0.1156072273117843,-0.1156072273117843,0.41530945829195876
SpiralScanPath_10,Spiral,heldout,3,shared_physics_prior,top_1pct,-0.9096903322768639,-1.3107889126998202,-0.1156072273117843,-0.1156072273117843,0.3805307228054198
SpiralScanPath_10,Spiral,heldout,3,shared_physics_prior,observed_censored,0.8121204114630847,-1.3107889126998202,-0.1156072273117843,-0.1156072273117843,0.1807303843802237
SpiralScanPath_10,Spiral,heldout,3,B,overall,0.33424279551349534,-1.2402679123882763,0.10637476882232022,0.10637476882232022,0.7237507842892918
SpiralScanPath_10,Spiral,heldout,3,B,top_1pct,-0.7820740156948911,-1.2402679123882763,0.10637476882232022,0.10637476882232022,-0.11352400598679191
SpiralScanPath_10,Spiral,heldout,3,B,observed_censored,0.8822593803168992,-1.2402679123882763,0.10637476882232022,0.10637476882232022,0.575164939043292
SpiralScanPath_10,Spiral,heldout,3,C,overall,0.23158060700661717,-1.2110388498472275,0.06061474962689317,0.06061474962689317,0.5208532487441438
SpiralScanPath_10,Spiral,heldout,3,C,top_1pct,-0.8837257422969629,-1.2110388498472275,0.06061474962689317,0.06061474962689317,0.27493884976810845
SpiralScanPath_10,Spiral,heldout,3,C,observed_censored,0.8587766207166916,-1.2110388498472275,0.06061474962689317,0.06061474962689317,0.3680261436160839
SpiralScanPath_10,Spiral,heldout,4,shared_physics_prior,overall,0.2588919037703532,-2.5264443375932615,-1.0391747579877801,-1.0391747579877801,0.4955728234610902
SpiralScanPath_10,Spiral,heldout,4,shared_physics_prior,top_1pct,-1.9081814404290753,-2.5264443375932615,-1.0391747579877801,-1.0391747579877801,0.7719092905259006
SpiralScanPath_10,Spiral,heldout,4,shared_physics_prior,observed_censored,0.37679648450890113,-2.5264443375932615,-1.0391747579877801,-1.0391747579877801,-0.23881820381258168
SpiralScanPath_10,Spiral,heldout,4,B,overall,0.5311971285090027,-3.9795165995837465,-2.660982223413953,-2.660982223413953,0.8639487268995276
SpiralScanPath_10,Spiral,heldout,4,B,top_1pct,-2.2039518052912195,-3.9795165995837465,-2.660982223413953,-2.660982223413953,-0.3123722642588156
SpiralScanPath_10,Spiral,heldout,4,B,observed_censored,0.14694522828201917,-3.9795165995837465,-2.660982223413953,-2.660982223413953,-0.14295163714483472
SpiralScanPath_10,Spiral,heldout,4,C,overall,0.3425327508930177,-2.745520539755489,-1.2341985623173741,-1.2341985623173741,0.6083769089600121
SpiralScanPath_10,Spiral,heldout,4,C,top_1pct,-1.9238446411967538,-2.745520539755489,-1.2341985623173741,-1.2341985623173741,0.5379571939138463
SpiralScanPath_10,Spiral,heldout,4,C,observed_censored,0.37240759114250865,-2.745520539755489,-1.2341985623173741,-1.2341985623173741,-0.12023971790657928
SpiralScanPath_10,Spiral,heldout,5,shared_physics_prior,overall,0.38241213755579784,-2.6593414424280013,-1.1983579411854635,-1.1983579411854635,0.7018612783053394
SpiralScanPath_10,Spiral,heldout,5,shared_physics_prior,top_1pct,-2.0923870621400167,-2.6593414424280013,-1.1983579411854635,-1.1983579411854635,0.8597488656418348
SpiralScanPath_10,Spiral,heldout,5,shared_physics_prior,observed_censored,0.21667788898215434,-2.6593414424280013,-1.1983579411854635,-1.1983579411854635,-0.3220353273130643
SpiralScanPath_10,Spiral,heldout,5,B,overall,1.1779412004291845,-3.108434119700746,-1.5260681923806487,-1.5260681923806487,1.4224114508828962
SpiralScanPath_10,Spiral,heldout,5,B,top_1pct,-2.3618070220422194,-3.108434119700746,-1.5260681923806487,-1.5260681923806487,-0.1832976700703708
SpiralScanPath_10,Spiral,heldout,5,B,observed_censored,0.19592087089967158,-3.108434119700746,-1.5260681923806487,-1.5260681923806487,-0.09564660121248014
SpiralScanPath_10,Spiral,heldout,5,C,overall,0.5871337850665295,-2.6623174125947457,-0.9271711644549328,-0.9271711644549328,0.850346962412614
SpiralScanPath_10,Spiral,heldout,5,C,top_1pct,-2.079035997971509,-2.6623174125947457,-0.9271711644549328,-0.9271711644549328,0.6526138623655195
SpiralScanPath_10,Spiral,heldout,5,C,observed_censored,0.2210227024699214,-2.6623174125947457,-0.9271711644549328,-0.9271711644549328,-0.2240761444191972
SpiralScanPath_11,Spiral,heldout,0,shared_physics_prior,overall,0.0,0.0,0.0,0.0,0.0
SpiralScanPath_11,Spiral,heldout,0,shared_physics_prior,top_1pct,0.0,0.0,0.0,0.0,0.0
SpiralScanPath_11,Spiral,heldout,0,shared_physics_prior,observed_censored,0.0,0.0,0.0,0.0,0.0
SpiralScanPath_11,Spiral,heldout,0,B,overall,0.0,0.0,0.0,0.0,0.0
SpiralScanPath_11,Spiral,heldout,0,B,top_1pct,0.0,0.0,0.0,0.0,0.0
SpiralScanPath_11,Spiral,heldout,0,B,observed_censored,0.0,0.0,0.0,0.0,0.0
SpiralScanPath_11,Spiral,heldout,0,C,overall,0.0,0.0,0.0,0.0,0.0
SpiralScanPath_11,Spiral,heldout,0,C,top_1pct,0.0,0.0,0.0,0.0,0.0
SpiralScanPath_11,Spiral,heldout,0,C,observed_censored,0.0,0.0,0.0,0.0,0.0
SpiralScanPath_11,Spiral,heldout,1,shared_physics_prior,overall,0.04352843717826932,-0.3562980907393012,-0.3562980907393012,-0.3562980907393012,0.12150758077650892
SpiralScanPath_11,Spiral,heldout,1,shared_physics_prior,top_1pct,-0.40214566890276726,-0.3562980907393012,-0.3562980907393012,-0.3562980907393012,0.1271616435431353
SpiralScanPath_11,Spiral,heldout,1,shared_physics_prior,observed_censored,0.12063372538200268,-0.3562980907393012,-0.3562980907393012,-0.3562980907393012,-0.058088232863272804
SpiralScanPath_11,Spiral,heldout,1,B,overall,0.12846211594086557,0.012068914722021873,0.012068914722021873,0.012068914722021873,0.28301949726324005
SpiralScanPath_11,Spiral,heldout,1,B,top_1pct,-0.29525407671362247,0.012068914722021873,0.012068914722021873,0.012068914722021873,0.04922822517613312
SpiralScanPath_11,Spiral,heldout,1,B,observed_censored,0.22165383709282827,0.012068914722021873,0.012068914722021873,0.012068914722021873,0.11233232677578897
SpiralScanPath_11,Spiral,heldout,1,C,overall,0.06551785900440649,-0.3199717156064139,-0.3199717156064139,-0.3199717156064139,0.1624409959420544
SpiralScanPath_11,Spiral,heldout,1,C,top_1pct,-0.3914474504377699,-0.3199717156064139,-0.3199717156064139,-0.3199717156064139,0.07843214337716731
SpiralScanPath_11,Spiral,heldout,1,C,observed_censored,0.1577602358050938,-0.3199717156064139,-0.3199717156064139,-0.3199717156064139,0.017569749608223884
SpiralScanPath_11,Spiral,heldout,2,shared_physics_prior,overall,0.11654119688151804,-0.6959464876738934,-0.6959464876738934,-0.6959464876738934,0.2872561471676168
SpiralScanPath_11,Spiral,heldout,2,shared_physics_prior,top_1pct,-0.6297017262509734,-0.6959464876738934,-0.6959464876738934,-0.6959464876738934,0.17600492143177737
SpiralScanPath_11,Spiral,heldout,2,shared_physics_prior,observed_censored,0.4363709013606978,-0.6959464876738934,-0.6959464876738934,-0.6959464876738934,0.021263922282498182
SpiralScanPath_11,Spiral,heldout,2,B,overall,0.23217133131775583,0.24201022606746392,0.24201022606746392,0.24201022606746392,0.5042411988592705
SpiralScanPath_11,Spiral,heldout,2,B,top_1pct,-0.3307020959367697,0.24201022606746392,0.24201022606746392,0.24201022606746392,0.009244267618555568
SpiralScanPath_11,Spiral,heldout,2,B,observed_censored,0.41993715131864473,0.24201022606746392,0.24201022606746392,0.24201022606746392,0.19718380492370002
SpiralScanPath_11,Spiral,heldout,2,C,overall,0.14371625583658929,-0.4744119444144985,-0.4744119444144985,-0.4744119444144985,0.33034174948888606
SpiralScanPath_11,Spiral,heldout,2,C,top_1pct,-0.6227006581287742,-0.4744119444144985,-0.4744119444144985,-0.4744119444144985,-0.008878229621187561
SpiralScanPath_11,Spiral,heldout,2,C,observed_censored,0.41867570104404583,-0.4744119444144985,-0.4744119444144985,-0.4744119444144985,0.08376883025903847
SpiralScanPath_11,Spiral,heldout,3,shared_physics_prior,overall,0.201526316819912,-0.0309248273852063,-0.0309248273852063,-0.0309248273852063,0.44146322315928554
SpiralScanPath_11,Spiral,heldout,3,shared_physics_prior,top_1pct,-0.8780223616704166,-0.0309248273852063,-0.0309248273852063,-0.0309248273852063,0.3941568551845842
SpiralScanPath_11,Spiral,heldout,3,shared_physics_prior,observed_censored,0.9357704799280695,-0.0309248273852063,-0.0309248273852063,-0.0309248273852063,0.2634464770472458
SpiralScanPath_11,Spiral,heldout,3,B,overall,0.3074532640079738,-0.850955108369817,-0.850955108369817,-0.850955108369817,0.6601274093460783
SpiralScanPath_11,Spiral,heldout,3,B,top_1pct,-1.2443481678232364,-0.850955108369817,-0.850955108369817,-0.850955108369817,-0.38433013418768525
SpiralScanPath_11,Spiral,heldout,3,B,observed_censored,0.539775374424674,-0.850955108369817,-0.850955108369817,-0.850955108369817,0.26785384301374116
SpiralScanPath_11,Spiral,heldout,3,C,overall,0.2344077755412056,-0.41668753101436096,-0.41668753101436096,-0.41668753101436096,0.5261168789074963
SpiralScanPath_11,Spiral,heldout,3,C,top_1pct,-1.0214008936043797,-0.41668753101436096,-0.41668753101436096,-0.41668753101436096,0.18780889207309848
SpiralScanPath_11,Spiral,heldout,3,C,observed_censored,0.856349306300805,-0.41668753101436096,-0.41668753101436096,-0.41668753101436096,0.3699014377544332
SpiralScanPath_11,Spiral,heldout,4,shared_physics_prior,overall,0.2555966463089784,-1.0929549471870814,-1.0929549471870814,-1.0929549471870814,0.4920496849408058
SpiralScanPath_11,Spiral,heldout,4,shared_physics_prior,top_1pct,-1.8733908483872939,-1.0929549471870814,-1.0929549471870814,-1.0929549471870814,0.7510480086620883
SpiralScanPath_11,Spiral,heldout,4,shared_physics_prior,observed_censored,0.5554634233171996,-1.0929549471870814,-1.0929549471870814,-1.0929549471870814,-0.11757609432762184
SpiralScanPath_11,Spiral,heldout,4,B,overall,0.5086580764174666,-2.2310433196415147,-2.2310433196415147,-2.2310433196415147,0.8246697547879944
SpiralScanPath_11,Spiral,heldout,4,B,top_1pct,-2.502896898076242,-2.2310433196415147,-2.2310433196415147,-2.2310433196415147,-0.4382837520102232
SpiralScanPath_11,Spiral,heldout,4,B,observed_censored,0.08076603420343487,-2.2310433196415147,-2.2310433196415147,-2.2310433196415147,-0.19487906792957066
SpiralScanPath_11,Spiral,heldout,4,C,overall,0.3379358296826481,-1.1291565103761627,-1.1291565103761627,-1.1291565103761627,0.6148421271556509
SpiralScanPath_11,Spiral,heldout,4,C,top_1pct,-2.0265856291384923,-1.1291565103761627,-1.1291565103761627,-1.1291565103761627,0.5554492946726755
SpiralScanPath_11,Spiral,heldout,4,C,observed_censored,0.49342630219466743,-1.1291565103761627,-1.1291565103761627,-1.1291565103761627,0.0006314663075137616
SpiralScanPath_11,Spiral,heldout,5,shared_physics_prior,overall,0.40919305910488374,-1.3547726862792615,-1.3547726862792615,-1.3547726862792615,0.7515550366318662
SpiralScanPath_11,Spiral,heldout,5,shared_physics_prior,top_1pct,-2.181680103214153,-1.3547726862792615,-1.3547726862792615,-1.3547726862792615,0.9291977565148497
SpiralScanPath_11,Spiral,heldout,5,shared_physics_prior,observed_censored,0.3938613636402879,-1.3547726862792615,-1.3547726862792615,-1.3547726862792615,-0.19054235060799485
SpiralScanPath_11,Spiral,heldout,5,B,overall,1.1081101622921963,-2.6612608778572735,-2.6612608778572735,-2.6612608778572735,1.3713860003464853
SpiralScanPath_11,Spiral,heldout,5,B,top_1pct,-2.946521301299208,-2.6612608778572735,-2.6612608778572735,-2.6612608778572735,-0.33817443155468485
SpiralScanPath_11,Spiral,heldout,5,B,observed_censored,0.03255836698568393,-2.6612608778572735,-2.6612608778572735,-2.6612608778572735,-0.25318036112792
SpiralScanPath_11,Spiral,heldout,5,C,overall,0.6070641407633652,-1.930489541643908,-1.930489541643908,-1.930489541643908,0.8953908823089637
SpiralScanPath_11,Spiral,heldout,5,C,top_1pct,-2.4996212892038487,-1.930489541643908,-1.930489541643908,-1.930489541643908,0.7815919024461389
SpiralScanPath_11,Spiral,heldout,5,C,observed_censored,0.3451981888941926,-1.930489541643908,-1.930489541643908,-1.930489541643908,-0.08140359476933812
SpiralScanPath_12,Spiral,heldout,0,shared_physics_prior,overall,0.0,0.0,0.0,0.0,0.0
SpiralScanPath_12,Spiral,heldout,0,shared_physics_prior,top_1pct,0.0,0.0,0.0,0.0,0.0
SpiralScanPath_12,Spiral,heldout,0,shared_physics_prior,observed_censored,0.0,0.0,0.0,0.0,0.0
SpiralScanPath_12,Spiral,heldout,0,B,overall,0.0,0.0,0.0,0.0,0.0
SpiralScanPath_12,Spiral,heldout,0,B,top_1pct,0.0,0.0,0.0,0.0,0.0
SpiralScanPath_12,Spiral,heldout,0,B,observed_censored,0.0,0.0,0.0,0.0,0.0
SpiralScanPath_12,Spiral,heldout,0,C,overall,0.0,0.0,0.0,0.0,0.0
SpiralScanPath_12,Spiral,heldout,0,C,top_1pct,0.0,0.0,0.0,0.0,0.0
SpiralScanPath_12,Spiral,heldout,0,C,observed_censored,0.0,0.0,0.0,0.0,0.0
SpiralScanPath_12,Spiral,heldout,1,shared_physics_prior,overall,0.044766463976287585,-0.2819981645132543,-0.2819981645132543,-0.2819981645132543,0.11944509886619703
SpiralScanPath_12,Spiral,heldout,1,shared_physics_prior,top_1pct,-0.30110435037154276,-0.2819981645132543,-0.2819981645132543,-0.2819981645132543,0.02437740201444738
SpiralScanPath_12,Spiral,heldout,1,shared_physics_prior,observed_censored,0.08973821164535845,-0.2819981645132543,-0.2819981645132543,-0.2819981645132543,-0.1510473035690998
SpiralScanPath_12,Spiral,heldout,1,B,overall,0.148239905328884,-0.1713732994173256,-0.1713732994173256,-0.1713732994173256,0.3301812464260613
SpiralScanPath_12,Spiral,heldout,1,B,top_1pct,-0.2508959222582916,-0.1713732994173256,-0.1713732994173256,-0.1713732994173256,-0.10768291183377521
SpiralScanPath_12,Spiral,heldout,1,B,observed_censored,0.2884221583751798,-0.1713732994173256,-0.1713732994173256,-0.1713732994173256,0.14085374024924757
SpiralScanPath_12,Spiral,heldout,1,C,overall,0.07576907662796895,-0.22155951039320598,-0.22155951039320598,-0.22155951039320598,0.1739300117776298
SpiralScanPath_12,Spiral,heldout,1,C,top_1pct,-0.25245442046243627,-0.22155951039320598,-0.22155951039320598,-0.22155951039320598,-0.018989642879182256
SpiralScanPath_12,Spiral,heldout,1,C,observed_censored,0.18639966243903427,-0.22155951039320598,-0.22155951039320598,-0.22155951039320598,-0.040168256427847826
SpiralScanPath_12,Spiral,heldout,2,shared_physics_prior,overall,0.11100033836689105,-0.7157790567810025,-0.7157790567810025,-0.7157790567810025,0.2826230144032901
SpiralScanPath_12,Spiral,heldout,2,shared_physics_prior,top_1pct,-0.6069827078715002,-0.7157790567810025,-0.7157790567810025,-0.7157790567810025,0.17022007129806394
SpiralScanPath_12,Spiral,heldout,2,shared_physics_prior,observed_censored,0.3756031193812299,-0.7157790567810025,-0.7157790567810025,-0.7157790567810025,-0.03718063198908306
SpiralScanPath_12,Spiral,heldout,2,B,overall,0.2819611781685528,-0.3678312717991048,-0.3678312717991048,-0.3678312717991048,0.6379663066817766
SpiralScanPath_12,Spiral,heldout,2,B,top_1pct,-0.6444737027403697,-0.3678312717991048,-0.3678312717991048,-0.3678312717991048,-0.09534846855013868
SpiralScanPath_12,Spiral,heldout,2,B,observed_censored,0.6686532698098473,-0.3678312717991048,-0.3678312717991048,-0.3678312717991048,0.4595589311891102
SpiralScanPath_12,Spiral,heldout,2,C,overall,0.16131302766104466,-0.4795484753734627,-0.4795484753734627,-0.4795484753734627,0.3799017573070882
SpiralScanPath_12,Spiral,heldout,2,C,top_1pct,-0.5654473052149183,-0.4795484753734627,-0.4795484753734627,-0.4795484753734627,0.1059736271075904
SpiralScanPath_12,Spiral,heldout,2,C,observed_censored,0.4967524112660666,-0.4795484753734627,-0.4795484753734627,-0.4795484753734627,0.1570273895073604
SpiralScanPath_12,Spiral,heldout,3,shared_physics_prior,overall,0.19605922980774018,0.178560229633149,0.178560229633149,0.178560229633149,0.43646618561132133
SpiralScanPath_12,Spiral,heldout,3,shared_physics_prior,top_1pct,-0.8428835035012457,0.178560229633149,0.178560229633149,0.178560229633149,0.3638128612039746
SpiralScanPath_12,Spiral,heldout,3,shared_physics_prior,observed_censored,0.8637623974013748,0.178560229633149,0.178560229633149,0.178560229633149,0.19547547423012102
SpiralScanPath_12,Spiral,heldout,3,B,overall,0.3413648911917634,-0.4698652919761912,-0.4698652919761912,-0.4698652919761912,0.7646297704018826
SpiralScanPath_12,Spiral,heldout,3,B,top_1pct,-1.0917250506264575,-0.4698652919761912,-0.4698652919761912,-0.4698652919761912,-0.2856881893195782
SpiralScanPath_12,Spiral,heldout,3,B,observed_censored,0.9161714442214866,-0.4698652919761912,-0.4698652919761912,-0.4698652919761912,0.6237815632542807
SpiralScanPath_12,Spiral,heldout,3,C,overall,0.24486573840486292,0.2954216562515626,0.2954216562515626,0.2954216562515626,0.5597708224390519
SpiralScanPath_12,Spiral,heldout,3,C,top_1pct,-0.8636779361587059,0.2954216562515626,0.2954216562515626,0.2954216562515626,0.2422303836933013
SpiralScanPath_12,Spiral,heldout,3,C,observed_censored,0.9568635267892762,0.2954216562515626,0.2954216562515626,0.2954216562515626,0.43822068053883
SpiralScanPath_12,Spiral,heldout,4,shared_physics_prior,overall,0.2551979486389615,-1.3064965678287876,-1.3064965678287876,-1.3064965678287876,0.4969610827158405
SpiralScanPath_12,Spiral,heldout,4,shared_physics_prior,top_1pct,-1.9493965668988655,-1.3064965678287876,-1.3064965678287876,-1.3064965678287876,0.7871344266187497
SpiralScanPath_12,Spiral,heldout,4,shared_physics_prior,observed_censored,0.5039366532746541,-1.3064965678287876,-1.3064965678287876,-1.3064965678287876,-0.18143537300505663
SpiralScanPath_12,Spiral,heldout,4,B,overall,0.4937946018211875,-1.4852718953158046,-1.4852718953158046,-1.4852718953158046,0.8596898976536588
SpiralScanPath_12,Spiral,heldout,4,B,top_1pct,-2.2661971248099095,-1.4852718953158046,-1.4852718953158046,-1.4852718953158046,-0.2860171683372368
SpiralScanPath_12,Spiral,heldout,4,B,observed_censored,0.2618978396777272,-1.4852718953158046,-1.4852718953158046,-1.4852718953158046,-0.06141305149582443
SpiralScanPath_12,Spiral,heldout,4,C,overall,0.32921233558266905,-0.8602258900766628,-0.8602258900766628,-0.8602258900766628,0.6068455158750783
SpiralScanPath_12,Spiral,heldout,4,C,top_1pct,-1.9987104408274308,-0.8602258900766628,-0.8602258900766628,-0.8602258900766628,0.5512088518455651
SpiralScanPath_12,Spiral,heldout,4,C,observed_censored,0.48460625080718045,-0.8602258900766628,-0.8602258900766628,-0.8602258900766628,-0.05983603201325627
SpiralScanPath_12,Spiral,heldout,5,shared_physics_prior,overall,0.3614958886772951,-1.2951774630639648,-1.2951774630639648,-1.2951774630639648,0.6738028247666165
SpiralScanPath_12,Spiral,heldout,5,shared_physics_prior,top_1pct,-2.1867899565617903,-1.2951774630639648,-1.2951774630639648,-1.2951774630639648,0.9404228983437011
SpiralScanPath_12,Spiral,heldout,5,shared_physics_prior,observed_censored,0.30586240556603905,-1.2951774630639648,-1.2951774630639648,-1.2951774630639648,-0.2908187435652958
SpiralScanPath_12,Spiral,heldout,5,B,overall,1.1054001433192924,-2.002581696420293,-2.002581696420293,-2.002581696420293,1.387180942986466
SpiralScanPath_12,Spiral,heldout,5,B,top_1pct,-2.6955421995326425,-2.002581696420293,-2.002581696420293,-2.002581696420293,-0.22863113043073913
SpiralScanPath_12,Spiral,heldout,5,B,observed_censored,0.27236426797870417,-2.002581696420293,-2.002581696420293,-2.002581696420293,-0.022304580112790795
SpiralScanPath_12,Spiral,heldout,5,C,overall,0.5759332915716997,-0.9714015462033672,-0.9714015462033672,-0.9714015462033672,0.8604681462266586
SpiralScanPath_12,Spiral,heldout,5,C,top_1pct,-2.2627379510576975,-0.9714015462033672,-0.9714015462033672,-0.9714015462033672,0.7138555570812422
SpiralScanPath_12,Spiral,heldout,5,C,observed_censored,0.36205012764024835,-0.9714015462033672,-0.9714015462033672,-0.9714015462033672,-0.11462979370043547
SpiralScanPath_13,Spiral,development,0,shared_physics_prior,overall,0.0,0.0,0.0,0.0,0.0
SpiralScanPath_13,Spiral,development,0,shared_physics_prior,top_1pct,0.0,0.0,0.0,0.0,0.0
SpiralScanPath_13,Spiral,development,0,shared_physics_prior,observed_censored,0.0,0.0,0.0,0.0,0.0
SpiralScanPath_13,Spiral,development,0,B,overall,0.0,0.0,0.0,0.0,0.0
SpiralScanPath_13,Spiral,development,0,B,top_1pct,0.0,0.0,0.0,0.0,0.0
SpiralScanPath_13,Spiral,development,0,B,observed_censored,0.0,0.0,0.0,0.0,0.0
SpiralScanPath_13,Spiral,development,0,C,overall,0.0,0.0,0.0,0.0,0.0
SpiralScanPath_13,Spiral,development,0,C,top_1pct,0.0,0.0,0.0,0.0,0.0
SpiralScanPath_13,Spiral,development,0,C,observed_censored,0.0,0.0,0.0,0.0,0.0
SpiralScanPath_13,Spiral,development,1,shared_physics_prior,overall,0.05502486226755715,-0.2675060256178199,-0.2675060256178199,-0.2675060256178199,0.152788419131327
SpiralScanPath_13,Spiral,development,1,shared_physics_prior,top_1pct,-0.35012044022596456,-0.2675060256178199,-0.2675060256178199,-0.2675060256178199,-0.010317426517917117
SpiralScanPath_13,Spiral,development,1,shared_physics_prior,observed_censored,0.19818432279662623,-0.2675060256178199,-0.2675060256178199,-0.2675060256178199,-0.0976448712562612
SpiralScanPath_13,Spiral,development,1,B,overall,0.1589375082319542,-0.6469845722114655,-0.6469845722114655,-0.6469845722114655,0.3796701351713394
SpiralScanPath_13,Spiral,development,1,B,top_1pct,-0.21237207382666834,-0.6469845722114655,-0.6469845722114655,-0.6469845722114655,-0.0900889572810688
SpiralScanPath_13,Spiral,development,1,B,observed_censored,0.4974610166753384,-0.6469845722114655,-0.6469845722114655,-0.6469845722114655,0.3483442142198019
SpiralScanPath_13,Spiral,development,1,C,overall,0.08408784557255325,-0.10039239381723064,-0.10039239381723064,-0.10039239381723064,0.20955716265555302
SpiralScanPath_13,Spiral,development,1,C,top_1pct,-0.31306497054864846,-0.10039239381723064,-0.10039239381723064,-0.10039239381723064,-0.026665317589801507
SpiralScanPath_13,Spiral,development,1,C,observed_censored,0.29026710139834666,-0.10039239381723064,-0.10039239381723064,-0.10039239381723064,0.04254820598117748
SpiralScanPath_13,Spiral,development,2,shared_physics_prior,overall,0.10878775922090542,-0.63152630028668,-0.63152630028668,-0.63152630028668,0.2685101794310588
SpiralScanPath_13,Spiral,development,2,shared_physics_prior,top_1pct,-0.5629626267978847,-0.63152630028668,-0.63152630028668,-0.63152630028668,0.0919676318112348
SpiralScanPath_13,Spiral,development,2,shared_physics_prior,observed_censored,0.4702042109075437,-0.63152630028668,-0.63152630028668,-0.63152630028668,-0.03389293184131237
SpiralScanPath_13,Spiral,development,2,B,overall,0.2916227701602254,-0.5550461737981891,-0.5550461737981891,-0.5550461737981891,0.6396636757746319
SpiralScanPath_13,Spiral,development,2,B,top_1pct,-0.37764543390960625,-0.5550461737981891,-0.5550461737981891,-0.5550461737981891,0.058204299124443803
SpiralScanPath_13,Spiral,development,2,B,observed_censored,0.8013694222078,-0.5550461737981891,-0.5550461737981891,-0.5550461737981891,0.522449285837558
SpiralScanPath_13,Spiral,development,2,C,overall,0.15677489084239588,-0.4065280637586284,-0.4065280637586284,-0.4065280637586284,0.3622787562391456
SpiralScanPath_13,Spiral,development,2,C,top_1pct,-0.43421965424540077,-0.4065280637586284,-0.4065280637586284,-0.4065280637586284,0.04781262912402706
SpiralScanPath_13,Spiral,development,2,C,observed_censored,0.5452218874282355,-0.4065280637586284,-0.4065280637586284,-0.4065280637586284,0.12079406191851438
SpiralScanPath_13,Spiral,development,3,shared_physics_prior,overall,0.19148667219121615,-1.0848483529657642,-1.0848483529657642,-1.0848483529657642,0.4223455323002603
SpiralScanPath_13,Spiral,development,3,shared_physics_prior,top_1pct,-0.8691169473890181,-1.0848483529657642,-1.0848483529657642,-1.0848483529657642,0.24679818203889115
SpiralScanPath_13,Spiral,development,3,shared_physics_prior,observed_censored,0.9094285168266796,-1.0848483529657642,-1.0848483529657642,-1.0848483529657642,0.18608523784947062
SpiralScanPath_13,Spiral,development,3,B,overall,0.366552321305293,-1.4646275424100281,-1.4646275424100281,-1.4646275424100281,0.789618567374071
SpiralScanPath_13,Spiral,development,3,B,top_1pct,-0.9996037967633674,-1.4646275424100281,-1.4646275424100281,-1.4646275424100281,-0.1371420747299843
SpiralScanPath_13,Spiral,development,3,B,observed_censored,0.9696355402346302,-1.4646275424100281,-1.4646275424100281,-1.4646275424100281,0.6676383194685096
SpiralScanPath_13,Spiral,development,3,C,overall,0.24165411467373182,-1.0405830475620519,-1.0405830475620519,-1.0405830475620519,0.5390063745526091
SpiralScanPath_13,Spiral,development,3,C,top_1pct,-0.8518697419225009,-1.0405830475620519,-1.0405830475620519,-1.0405830475620519,0.12427673686496776
SpiralScanPath_13,Spiral,development,3,C,observed_censored,0.9403996323233952,-1.0405830475620519,-1.0405830475620519,-1.0405830475620519,0.37797801740560244
SpiralScanPath_13,Spiral,development,4,shared_physics_prior,overall,0.26696940765691024,-2.0727580215419152,-2.0727580215419152,-2.0727580215419152,0.5078341780285753
SpiralScanPath_13,Spiral,development,4,shared_physics_prior,top_1pct,-1.900766536149438,-2.0727580215419152,-2.0727580215419152,-2.0727580215419152,0.7002862818945736
SpiralScanPath_13,Spiral,development,4,shared_physics_prior,observed_censored,0.5970506365375741,-2.0727580215419152,-2.0727580215419152,-2.0727580215419152,-0.14360886256865335
SpiralScanPath_13,Spiral,development,4,B,overall,0.5573836586696734,-3.1303782526258033,-3.1303782526258033,-3.1303782526258033,0.9291186141574503
SpiralScanPath_13,Spiral,development,4,B,top_1pct,-2.1148029297251765,-3.1303782526258033,-3.1303782526258033,-3.1303782526258033,-0.3466957083428053
SpiralScanPath_13,Spiral,development,4,B,observed_censored,0.3544703662424413,-3.1303782526258033,-3.1303782526258033,-3.1303782526258033,0.010807238351385529
SpiralScanPath_13,Spiral,development,4,C,overall,0.35980891878500604,-1.6265812055328865,-1.6265812055328865,-1.6265812055328865,0.6391821819157307
SpiralScanPath_13,Spiral,development,4,C,top_1pct,-1.8033700143070153,-1.6265812055328865,-1.6265812055328865,-1.6265812055328865,0.4487084352746131
SpiralScanPath_13,Spiral,development,4,C,observed_censored,0.5826306138603954,-1.6265812055328865,-1.6265812055328865,-1.6265812055328865,-0.02244267568310443
SpiralScanPath_13,Spiral,development,5,shared_physics_prior,overall,0.4215357093021873,-2.4861228805128235,-2.4861228805128235,-2.4861228805128235,0.7731755675219936
SpiralScanPath_13,Spiral,development,5,shared_physics_prior,top_1pct,-2.2352471653052293,-2.4861228805128235,-2.4861228805128235,-2.4861228805128235,0.887676069093176
SpiralScanPath_13,Spiral,development,5,shared_physics_prior,observed_censored,0.4675777033264603,-2.4861228805128235,-2.4861228805128235,-2.4861228805128235,-0.17492268602257566
SpiralScanPath_13,Spiral,development,5,B,overall,1.0901896850446386,-3.5153220584477367,-3.5153220584477367,-3.5153220584477367,1.4729264679679013
SpiralScanPath_13,Spiral,development,5,B,top_1pct,-2.6173460853300003,-3.5153220584477367,-3.5153220584477367,-3.5153220584477367,-0.19633363903046064
SpiralScanPath_13,Spiral,development,5,B,observed_censored,0.4151672314772217,-3.5153220584477367,-3.5153220584477367,-3.5153220584477367,0.114599990413776
SpiralScanPath_13,Spiral,development,5,C,overall,0.6155425755263109,-2.4390104167791264,-2.4390104167791264,-2.4390104167791264,0.9522988052130777
SpiralScanPath_13,Spiral,development,5,C,top_1pct,-2.3207096010185455,-2.4390104167791264,-2.4390104167791264,-2.4390104167791264,0.710904182953374
SpiralScanPath_13,Spiral,development,5,C,observed_censored,0.47973725698661207,-2.4390104167791264,-2.4390104167791264,-2.4390104167791264,-0.03180319875704951
SpiralScanPath_2,Spiral,heldout,0,shared_physics_prior,overall,0.0,0.0,0.0,0.0,0.0
SpiralScanPath_2,Spiral,heldout,0,shared_physics_prior,top_1pct,0.0,0.0,0.0,0.0,0.0
SpiralScanPath_2,Spiral,heldout,0,shared_physics_prior,observed_censored,0.0,0.0,0.0,0.0,0.0
SpiralScanPath_2,Spiral,heldout,0,B,overall,0.0,0.0,0.0,0.0,0.0
SpiralScanPath_2,Spiral,heldout,0,B,top_1pct,0.0,0.0,0.0,0.0,0.0
SpiralScanPath_2,Spiral,heldout,0,B,observed_censored,0.0,0.0,0.0,0.0,0.0
SpiralScanPath_2,Spiral,heldout,0,C,overall,0.0,0.0,0.0,0.0,0.0
SpiralScanPath_2,Spiral,heldout,0,C,top_1pct,0.0,0.0,0.0,0.0,0.0
SpiralScanPath_2,Spiral,heldout,0,C,observed_censored,0.0,0.0,0.0,0.0,0.0
SpiralScanPath_2,Spiral,heldout,1,shared_physics_prior,overall,0.06543769065535177,-0.33491236407121505,-0.33491236407121505,-0.33491236407121505,0.17367599540624912
SpiralScanPath_2,Spiral,heldout,1,shared_physics_prior,top_1pct,-0.24160732126416407,-0.33491236407121505,-0.33491236407121505,-0.33491236407121505,-0.005729601422782338
SpiralScanPath_2,Spiral,heldout,1,shared_physics_prior,observed_censored,0.26962222179618234,-0.33491236407121505,-0.33491236407121505,-0.33491236407121505,0.029196533132285207
SpiralScanPath_2,Spiral,heldout,1,B,overall,0.12672503559458836,0.10070589471854419,0.10070589471854419,0.10070589471854419,0.33258245585155755
SpiralScanPath_2,Spiral,heldout,1,B,top_1pct,-0.4128059724508011,0.10070589471854419,0.10070589471854419,0.10070589471854419,0.009133420840069295
SpiralScanPath_2,Spiral,heldout,1,B,observed_censored,0.26278151957045326,0.10070589471854419,0.10070589471854419,0.10070589471854419,0.21088958409136627
SpiralScanPath_2,Spiral,heldout,1,C,overall,0.08545970700679228,-0.27279576404396266,-0.27279576404396266,-0.27279576404396266,0.22861696303761114
SpiralScanPath_2,Spiral,heldout,1,C,top_1pct,-0.2295065692111803,-0.27279576404396266,-0.27279576404396266,-0.27279576404396266,0.008325473137156703
SpiralScanPath_2,Spiral,heldout,1,C,observed_censored,0.3156906226492828,-0.27279576404396266,-0.27279576404396266,-0.27279576404396266,0.12925122113569465
SpiralScanPath_2,Spiral,heldout,2,shared_physics_prior,overall,0.11853678835526879,-0.6962126041492525,-0.014623160447229111,-0.6962126041492525,0.28111507877515407
SpiralScanPath_2,Spiral,heldout,2,shared_physics_prior,top_1pct,-0.47641737033832443,-0.6962126041492525,-0.014623160447229111,-0.6962126041492525,0.05683097622301325
SpiralScanPath_2,Spiral,heldout,2,shared_physics_prior,observed_censored,0.49656573281313143,-0.6962126041492525,-0.014623160447229111,-0.6962126041492525,0.08237147701813807
SpiralScanPath_2,Spiral,heldout,2,B,overall,0.2514054145322605,-0.36654174552813856,-0.36654174552813856,-0.36654174552813856,0.5497865933958626
SpiralScanPath_2,Spiral,heldout,2,B,top_1pct,-0.5810451033025696,-0.36654174552813856,-0.36654174552813856,-0.36654174552813856,-0.10919503211411286
SpiralScanPath_2,Spiral,heldout,2,B,observed_censored,0.5594461999447957,-0.36654174552813856,-0.36654174552813856,-0.36654174552813856,0.403540271279744
SpiralScanPath_2,Spiral,heldout,2,C,overall,0.160317249085064,-0.6531746193508638,-0.648766716677585,-0.6531746193508638,0.3654294531313804
SpiralScanPath_2,Spiral,heldout,2,C,top_1pct,-0.4315609213222866,-0.6531746193508638,-0.648766716677585,-0.6531746193508638,0.0015303494257929984
SpiralScanPath_2,Spiral,heldout,2,C,observed_censored,0.5527038216994056,-0.6531746193508638,-0.648766716677585,-0.6531746193508638,0.22559839934954962
SpiralScanPath_2,Spiral,heldout,3,shared_physics_prior,overall,0.17568317385649387,-0.8206372624408118,0.10980149784433024,-0.8206372624408118,0.3876637470605545
SpiralScanPath_2,Spiral,heldout,3,shared_physics_prior,top_1pct,-0.6960128730347265,-0.8206372624408118,0.10980149784433024,-0.8206372624408118,0.07058032412061177
SpiralScanPath_2,Spiral,heldout,3,shared_physics_prior,observed_censored,0.38959453148827006,-0.8206372624408118,0.10980149784433024,-0.8206372624408118,-0.01966027356592237
SpiralScanPath_2,Spiral,heldout,3,B,overall,0.5335328472167549,-0.27210720776020025,-0.27210720776020025,-0.27210720776020025,0.8094937250358414
SpiralScanPath_2,Spiral,heldout,3,B,top_1pct,-0.7056633679203945,-0.27210720776020025,-0.27210720776020025,-0.27210720776020025,0.03524504342452728
SpiralScanPath_2,Spiral,heldout,3,B,observed_censored,0.46939032221436294,-0.27210720776020025,-0.27210720776020025,-0.27210720776020025,0.3050083409973201
SpiralScanPath_2,Spiral,heldout,3,C,overall,0.27564994534370096,-0.3872686777073113,-0.3872686777073113,-0.3872686777073113,0.4872384325997725
SpiralScanPath_2,Spiral,heldout,3,C,top_1pct,-0.5964715544524006,-0.3872686777073113,-0.3872686777073113,-0.3872686777073113,0.0822108173027476
SpiralScanPath_2,Spiral,heldout,3,C,observed_censored,0.4292983157516912,-0.3872686777073113,-0.3872686777073113,-0.3872686777073113,0.10161442344569016
SpiralScanPath_2,Spiral,heldout,4,shared_physics_prior,overall,0.318720539074721,-1.1480928476212284,0.43725708302474686,-1.1480928476212284,0.6187333656138594
SpiralScanPath_2,Spiral,heldout,4,shared_physics_prior,top_1pct,-0.8341305849970877,-1.1480928476212284,0.43725708302474686,-1.1480928476212284,0.11527725608416173
SpiralScanPath_2,Spiral,heldout,4,shared_physics_prior,observed_censored,-0.05307509997719517,-1.1480928476212284,0.43725708302474686,-1.1480928476212284,-0.35995705106606657
SpiralScanPath_2,Spiral,heldout,4,B,overall,1.261485722250081,-0.9483412898082975,-0.9483412898082975,-0.9483412898082975,1.3511103993556681
SpiralScanPath_2,Spiral,heldout,4,B,top_1pct,-1.1022563883388328,-0.9483412898082975,-0.9483412898082975,-0.9483412898082975,-0.1428479768549038
SpiralScanPath_2,Spiral,heldout,4,B,observed_censored,0.00020922784383925475,-0.9483412898082975,-0.9483412898082975,-0.9483412898082975,-0.22702006758104876
SpiralScanPath_2,Spiral,heldout,4,C,overall,0.5643823604346998,-0.9970072370244907,-0.3049340990039582,-0.9970072370244907,0.7382740928751927
SpiralScanPath_2,Spiral,heldout,4,C,top_1pct,-0.8241851050767446,-0.9970072370244907,-0.3049340990039582,-0.9970072370244907,0.08255728999487211
SpiralScanPath_2,Spiral,heldout,4,C,observed_censored,-0.07936350965547456,-0.9970072370244907,-0.3049340990039582,-0.9970072370244907,-0.35105029202573634
SpiralScanPath_2,Spiral,heldout,5,shared_physics_prior,overall,0.45070138613794886,-1.154670584603707,0.4438348200072255,-1.154670584603707,0.8041615367015755
SpiralScanPath_2,Spiral,heldout,5,shared_physics_prior,top_1pct,-0.9172023470139038,-1.154670584603707,0.4438348200072255,-1.154670584603707,0.10384903942921264
SpiralScanPath_2,Spiral,heldout,5,shared_physics_prior,observed_censored,-0.3418410135605747,-1.154670584603707,0.4438348200072255,-1.154670584603707,-0.5908268385736739
SpiralScanPath_2,Spiral,heldout,5,B,overall,1.8153105334760813,-0.9345844285087423,-0.9345844285087423,-0.9345844285087423,1.8225180119720712
SpiralScanPath_2,Spiral,heldout,5,B,top_1pct,-1.1335507525751676,-0.9345844285087423,-0.9345844285087423,-0.9345844285087423,-0.18088881285682668
SpiralScanPath_2,Spiral,heldout,5,B,observed_censored,-0.12668861289677524,-0.9345844285087423,-0.9345844285087423,-0.9345844285087423,-0.3830762194722963
SpiralScanPath_2,Spiral,heldout,5,C,overall,0.7877099271513188,-1.0240148110891027,-0.2779265249393461,-1.0240148110891027,0.934162702022663
SpiralScanPath_2,Spiral,heldout,5,C,top_1pct,-0.9184008365858336,-1.0240148110891027,-0.2779265249393461,-1.0240148110891027,-0.09600534968743002
SpiralScanPath_2,Spiral,heldout,5,C,observed_censored,-0.3562761919821069,-1.0240148110891027,-0.2779265249393461,-1.0240148110891027,-0.6230734817859958
SpiralScanPath_3,Spiral,heldout,0,shared_physics_prior,overall,0.0,0.0,0.0,0.0,0.0
SpiralScanPath_3,Spiral,heldout,0,shared_physics_prior,top_1pct,0.0,0.0,0.0,0.0,0.0
SpiralScanPath_3,Spiral,heldout,0,shared_physics_prior,observed_censored,0.0,0.0,0.0,0.0,0.0
SpiralScanPath_3,Spiral,heldout,0,B,overall,0.0,0.0,0.0,0.0,0.0
SpiralScanPath_3,Spiral,heldout,0,B,top_1pct,0.0,0.0,0.0,0.0,0.0
SpiralScanPath_3,Spiral,heldout,0,B,observed_censored,0.0,0.0,0.0,0.0,0.0
SpiralScanPath_3,Spiral,heldout,0,C,overall,0.0,0.0,0.0,0.0,0.0
SpiralScanPath_3,Spiral,heldout,0,C,top_1pct,0.0,0.0,0.0,0.0,0.0
SpiralScanPath_3,Spiral,heldout,0,C,observed_censored,0.0,0.0,0.0,0.0,0.0
SpiralScanPath_3,Spiral,heldout,1,shared_physics_prior,overall,0.05159810218995073,-0.11517675725366416,-0.11517675725366416,-0.11517675725366416,0.15262414481973563
SpiralScanPath_3,Spiral,heldout,1,shared_physics_prior,top_1pct,-0.330161151325251,-0.11517675725366416,-0.11517675725366416,-0.11517675725366416,0.01886692820000002
SpiralScanPath_3,Spiral,heldout,1,shared_physics_prior,observed_censored,0.3964958783521284,-0.11517675725366416,-0.11517675725366416,-0.11517675725366416,0.15425038144888603
SpiralScanPath_3,Spiral,heldout,1,B,overall,0.13365931462397557,-0.19016704448597466,-0.19016704448597466,-0.19016704448597466,0.29440893710989624
SpiralScanPath_3,Spiral,heldout,1,B,top_1pct,-0.24703831491609218,-0.19016704448597466,-0.19016704448597466,-0.19016704448597466,-0.11450097791282499
SpiralScanPath_3,Spiral,heldout,1,B,observed_censored,0.5849124800582435,-0.19016704448597466,-0.19016704448597466,-0.19016704448597466,0.4535094211076647
SpiralScanPath_3,Spiral,heldout,1,C,overall,0.07523315821380025,-0.1754753363288728,-0.1754753363288728,-0.1754753363288728,0.20777718460516148
SpiralScanPath_3,Spiral,heldout,1,C,top_1pct,-0.2772591382871701,-0.1754753363288728,-0.1754753363288728,-0.1754753363288728,-0.0370490388477176
SpiralScanPath_3,Spiral,heldout,1,C,observed_censored,0.4786120741009767,-0.1754753363288728,-0.1754753363288728,-0.1754753363288728,0.2867700674566871
SpiralScanPath_3,Spiral,heldout,2,shared_physics_prior,overall,0.12066701936052018,-0.5321642103020849,-0.5321642103020849,-0.5321642103020849,0.3071017030262525
SpiralScanPath_3,Spiral,heldout,2,shared_physics_prior,top_1pct,-0.5838059647558658,-0.5321642103020849,-0.5321642103020849,-0.5321642103020849,0.08291204782134454
SpiralScanPath_3,Spiral,heldout,2,shared_physics_prior,observed_censored,0.8949519964290849,-0.5321642103020849,-0.5321642103020849,-0.5321642103020849,0.40292102483198544
SpiralScanPath_3,Spiral,heldout,2,B,overall,0.22037919037976306,-0.9265810442707334,-0.9265810442707334,-0.9265810442707334,0.5382696865832383
SpiralScanPath_3,Spiral,heldout,2,B,top_1pct,-0.5609324451404041,-0.9265810442707334,-0.9265810442707334,-0.9265810442707334,-0.31328567584595834
SpiralScanPath_3,Spiral,heldout,2,B,observed_censored,1.0818420164008455,-0.9265810442707334,-0.9265810442707334,-0.9265810442707334,0.9046469037977953
SpiralScanPath_3,Spiral,heldout,2,C,overall,0.15269746663712708,-0.42457576299040056,-0.42457576299040056,-0.42457576299040056,0.4001371604416534
SpiralScanPath_3,Spiral,heldout,2,C,top_1pct,-0.48536725619123444,-0.42457576299040056,-0.42457576299040056,-0.42457576299040056,-0.08997187757356873
SpiralScanPath_3,Spiral,heldout,2,C,observed_censored,1.0013014398906648,-0.42457576299040056,-0.42457576299040056,-0.42457576299040056,0.6333204000021113
SpiralScanPath_3,Spiral,heldout,3,shared_physics_prior,overall,0.207500552776109,-0.2539319216674585,-0.2539319216674585,-0.2539319216674585,0.44061383637328755
SpiralScanPath_3,Spiral,heldout,3,shared_physics_prior,top_1pct,-0.9433023969162013,-0.2539319216674585,-0.2539319216674585,-0.2539319216674585,0.2122575879775095
SpiralScanPath_3,Spiral,heldout,3,shared_physics_prior,observed_censored,1.151442553188569,-0.2539319216674585,-0.2539319216674585,-0.2539319216674585,0.4081725732220489
SpiralScanPath_3,Spiral,heldout,3,B,overall,0.31443845154578376,-0.8588787628193018,-0.8588787628193018,-0.8588787628193018,0.5859111078482574
SpiralScanPath_3,Spiral,heldout,3,B,top_1pct,-1.2134864391900988,-0.8588787628193018,-0.8588787628193018,-0.8588787628193018,-0.5000536378956286
SpiralScanPath_3,Spiral,heldout,3,B,observed_censored,0.6800256519556664,-0.8588787628193018,-0.8588787628193018,-0.8588787628193018,0.3853944709851733
SpiralScanPath_3,Spiral,heldout,3,C,overall,0.24410113094709035,-0.3699127936740183,-0.3699127936740183,-0.3699127936740183,0.511588834344063
SpiralScanPath_3,Spiral,heldout,3,C,top_1pct,-1.0077036893381979,-0.3699127936740183,-0.3699127936740183,-0.3699127936740183,0.06741688534322154
SpiralScanPath_3,Spiral,heldout,3,C,observed_censored,1.0582944038606057,-0.3699127936740183,-0.3699127936740183,-0.3699127936740183,0.5170234966466194
SpiralScanPath_3,Spiral,heldout,4,shared_physics_prior,overall,0.3403147064896396,-0.3726407707641215,-0.3726407707641215,-0.3726407707641215,0.6461826235966696
SpiralScanPath_3,Spiral,heldout,4,shared_physics_prior,top_1pct,-1.1501227456515835,-0.3726407707641215,-0.3726407707641215,-0.3726407707641215,0.2701145108504108
SpiralScanPath_3,Spiral,heldout,4,shared_physics_prior,observed_censored,0.5294968715994863,-0.3726407707641215,-0.3726407707641215,-0.3726407707641215,-0.03817218106701237
SpiralScanPath_3,Spiral,heldout,4,B,overall,1.0480657655736982,-0.7110507975936571,-0.7110507975936571,-0.7110507975936571,1.1548176734616802
SpiralScanPath_3,Spiral,heldout,4,B,top_1pct,-1.553119680218806,-0.7110507975936571,-0.7110507975936571,-0.7110507975936571,-0.5255430969595611
SpiralScanPath_3,Spiral,heldout,4,B,observed_censored,0.2331034914372574,-0.7110507975936571,-0.7110507975936571,-0.7110507975936571,-0.03896961731470494
SpiralScanPath_3,Spiral,heldout,4,C,overall,0.53506940849819,-0.20954360545715645,-0.20954360545715645,-0.20954360545715645,0.7614355365428481
SpiralScanPath_3,Spiral,heldout,4,C,top_1pct,-1.1806601731075217,-0.20954360545715645,-0.20954360545715645,-0.20954360545715645,0.12028111184248091
SpiralScanPath_3,Spiral,heldout,4,C,observed_censored,0.4952019274406092,-0.20954360545715645,-0.20954360545715645,-0.20954360545715645,0.08174778319423126
SpiralScanPath_3,Spiral,heldout,5,shared_physics_prior,overall,0.46499634164744497,-0.6202929257212872,-0.6202929257212872,-0.6202929257212872,0.818369561961683
SpiralScanPath_3,Spiral,heldout,5,shared_physics_prior,top_1pct,-1.2616757539868149,-0.6202929257212872,-0.6202929257212872,-0.6202929257212872,0.26492388444521264
SpiralScanPath_3,Spiral,heldout,5,shared_physics_prior,observed_censored,0.2487237691633204,-0.6202929257212872,-0.6202929257212872,-0.6202929257212872,-0.27470162408535215
SpiralScanPath_3,Spiral,heldout,5,B,overall,1.6796750298685879,-1.337080210994202,-1.337080210994202,-1.337080210994202,1.6722657999316342
SpiralScanPath_3,Spiral,heldout,5,B,top_1pct,-1.6650517411159809,-1.337080210994202,-1.337080210994202,-1.337080210994202,-0.63310148209486
SpiralScanPath_3,Spiral,heldout,5,B,observed_censored,0.10307193699208161,-1.337080210994202,-1.337080210994202,-1.337080210994202,-0.19750663468050345
SpiralScanPath_3,Spiral,heldout,5,C,overall,0.7754314317969833,-0.4269299394587165,-0.4269299394587165,-0.4269299394587165,0.965413600881775
SpiralScanPath_3,Spiral,heldout,5,C,top_1pct,-1.3401038020452098,-0.4269299394587165,-0.4269299394587165,-0.4269299394587165,0.12263944815228012
SpiralScanPath_3,Spiral,heldout,5,C,observed_censored,0.19583792314373194,-0.4269299394587165,-0.4269299394587165,-0.4269299394587165,-0.20696273992544612
SpiralScanPath_4,Spiral,heldout,0,shared_physics_prior,overall,0.0,0.0,0.0,0.0,0.0
SpiralScanPath_4,Spiral,heldout,0,shared_physics_prior,top_1pct,0.0,0.0,0.0,0.0,0.0
SpiralScanPath_4,Spiral,heldout,0,shared_physics_prior,observed_censored,0.0,0.0,0.0,0.0,0.0
SpiralScanPath_4,Spiral,heldout,0,B,overall,0.0,0.0,0.0,0.0,0.0
SpiralScanPath_4,Spiral,heldout,0,B,top_1pct,0.0,0.0,0.0,0.0,0.0
SpiralScanPath_4,Spiral,heldout,0,B,observed_censored,0.0,0.0,0.0,0.0,0.0
SpiralScanPath_4,Spiral,heldout,0,C,overall,0.0,0.0,0.0,0.0,0.0
SpiralScanPath_4,Spiral,heldout,0,C,top_1pct,0.0,0.0,0.0,0.0,0.0
SpiralScanPath_4,Spiral,heldout,0,C,observed_censored,0.0,0.0,0.0,0.0,0.0
SpiralScanPath_4,Spiral,heldout,1,shared_physics_prior,overall,0.054487958816208576,0.22060064249421885,-0.22060064249421885,0.22060064249421885,0.1521615751701002
SpiralScanPath_4,Spiral,heldout,1,shared_physics_prior,top_1pct,-0.2183819157849666,0.22060064249421885,-0.22060064249421885,0.22060064249421885,0.06671414689605015
SpiralScanPath_4,Spiral,heldout,1,shared_physics_prior,observed_censored,0.19896508863156614,0.22060064249421885,-0.22060064249421885,0.22060064249421885,-0.005988173722373258
SpiralScanPath_4,Spiral,heldout,1,B,overall,0.13852314026569776,1.6885407155189682,1.6885407155189682,1.6885407155189682,0.3187342545833469
SpiralScanPath_4,Spiral,heldout,1,B,top_1pct,0.28220166475753317,1.6885407155189682,1.6885407155189682,1.6885407155189682,0.1376216659082914
SpiralScanPath_4,Spiral,heldout,1,B,observed_censored,0.29735690221491007,1.6885407155189682,1.6885407155189682,1.6885407155189682,0.1593059909712604
SpiralScanPath_4,Spiral,heldout,1,C,overall,0.0732600480240902,0.9815896239219342,-0.9815896239219342,0.9815896239219342,0.16521116922596468
SpiralScanPath_4,Spiral,heldout,1,C,top_1pct,0.1468495798414141,0.9815896239219342,-0.9815896239219342,0.9815896239219342,-0.06684793171860548
SpiralScanPath_4,Spiral,heldout,1,C,observed_censored,0.24971405566263694,0.9815896239219342,-0.9815896239219342,0.9815896239219342,-0.02619535025352393
SpiralScanPath_4,Spiral,heldout,2,shared_physics_prior,overall,0.14230674782597708,0.004287058634645291,-0.004287058634645291,0.004287058634645291,0.34692920301338726
SpiralScanPath_4,Spiral,heldout,2,shared_physics_prior,top_1pct,-0.30145159005679256,0.004287058634645291,-0.004287058634645291,0.004287058634645291,0.24798227497851633
SpiralScanPath_4,Spiral,heldout,2,shared_physics_prior,observed_censored,0.824160252927179,0.004287058634645291,-0.004287058634645291,0.004287058634645291,0.3218750924569007
SpiralScanPath_4,Spiral,heldout,2,B,overall,0.25759469840868554,1.473427661551682,1.473427661551682,1.473427661551682,0.6038136336049811
SpiralScanPath_4,Spiral,heldout,2,B,top_1pct,0.2045545927213288,1.473427661551682,1.473427661551682,1.473427661551682,0.3465444847749857
SpiralScanPath_4,Spiral,heldout,2,B,observed_censored,1.1058432174754236,1.473427661551682,1.473427661551682,1.473427661551682,0.8036716701303064
SpiralScanPath_4,Spiral,heldout,2,C,overall,0.17989996647723192,0.8516795567371105,-0.8516795567371105,0.8516795567371105,0.4484818864068477
SpiralScanPath_4,Spiral,heldout,2,C,top_1pct,-0.0713320643483758,0.8516795567371105,-0.8516795567371105,0.8516795567371105,0.21309928727300687
SpiralScanPath_4,Spiral,heldout,2,C,observed_censored,0.9962679400772869,0.8516795567371105,-0.8516795567371105,0.8516795567371105,0.5629698654923532
SpiralScanPath_4,Spiral,heldout,3,shared_physics_prior,overall,0.2005442560066995,-0.5844332824130447,0.5844332824130447,-0.5844332824130447,0.4311020195195633
SpiralScanPath_4,Spiral,heldout,3,shared_physics_prior,top_1pct,-0.697983289711176,-0.5844332824130447,0.5844332824130447,-0.5844332824130447,0.30827989868336525
SpiralScanPath_4,Spiral,heldout,3,shared_physics_prior,observed_censored,1.0815184018957085,-0.5844332824130447,0.5844332824130447,-0.5844332824130447,0.3558736280396664
SpiralScanPath_4,Spiral,heldout,3,B,overall,0.3177364710955285,-0.2902975044017353,-0.2902975044017353,-0.2902975044017353,0.6585726946759216
SpiralScanPath_4,Spiral,heldout,3,B,top_1pct,-0.5097023297141641,-0.2902975044017353,-0.2902975044017353,-0.2902975044017353,0.1412981789362142
SpiralScanPath_4,Spiral,heldout,3,B,observed_censored,0.9453148199162582,-0.2902975044017353,-0.2902975044017353,-0.2902975044017353,0.5659360684294272
SpiralScanPath_4,Spiral,heldout,3,C,overall,0.24522705127760322,-0.09916332405288131,0.09916332405288131,-0.09916332405288131,0.5384974646998012
SpiralScanPath_4,Spiral,heldout,3,C,top_1pct,-0.5419198291405383,-0.09916332405288131,0.09916332405288131,-0.09916332405288131,0.14003361133521874
SpiralScanPath_4,Spiral,heldout,3,C,observed_censored,1.1515425058292121,-0.09916332405288131,0.09916332405288131,-0.09916332405288131,0.5444350698951612
SpiralScanPath_4,Spiral,heldout,4,shared_physics_prior,overall,0.31238101101176247,-0.9120442520966208,0.9120442520966208,-0.9120442520966208,0.6042414436432451
SpiralScanPath_4,Spiral,heldout,4,shared_physics_prior,top_1pct,-1.0487064374076158,-0.9120442520966208,0.9120442520966208,-0.9120442520966208,0.43654943713356387
SpiralScanPath_4,Spiral,heldout,4,shared_physics_prior,observed_censored,0.44097947666401316,-0.9120442520966208,0.9120442520966208,-0.9120442520966208,-0.11433792433159162
SpiralScanPath_4,Spiral,heldout,4,B,overall,0.9794533445353901,-1.5151664069570074,0.25034844209011453,-1.5151664069570074,1.1813740590597532
SpiralScanPath_4,Spiral,heldout,4,B,top_1pct,-1.2097347522326096,-1.5151664069570074,0.25034844209011453,-1.5151664069570074,-0.21816552874003126
SpiralScanPath_4,Spiral,heldout,4,B,observed_censored,0.40027446937520406,-1.5151664069570074,0.25034844209011453,-1.5151664069570074,0.046058597423596304
SpiralScanPath_4,Spiral,heldout,4,C,overall,0.5095625971404374,-0.629644057986809,0.629644057986809,-0.629644057986809,0.7462889336090234
SpiralScanPath_4,Spiral,heldout,4,C,top_1pct,-0.93989632029831,-0.629644057986809,0.629644057986809,-0.629644057986809,0.23248073903478206
SpiralScanPath_4,Spiral,heldout,4,C,observed_censored,0.5095547458910767,-0.629644057986809,0.629644057986809,-0.629644057986809,0.02804440444519951
SpiralScanPath_4,Spiral,heldout,5,shared_physics_prior,overall,0.43076904882914124,-1.095611384980316,1.095611384980316,-1.095611384980316,0.7748111548793508
SpiralScanPath_4,Spiral,heldout,5,shared_physics_prior,top_1pct,-1.1749399350340515,-1.095611384980316,1.095611384980316,-1.095611384980316,0.5007697738066494
SpiralScanPath_4,Spiral,heldout,5,shared_physics_prior,observed_censored,0.1410044253829177,-1.095611384980316,1.095611384980316,-1.095611384980316,-0.3366288354406204
SpiralScanPath_4,Spiral,heldout,5,B,overall,1.6425183421769403,-1.8008661406055353,0.5360481757386424,-1.8008661406055353,1.665195438900332
SpiralScanPath_4,Spiral,heldout,5,B,top_1pct,-1.3287149278918968,-1.8008661406055353,0.5360481757386424,-1.8008661406055353,-0.2694100158440489
SpiralScanPath_4,Spiral,heldout,5,B,observed_censored,0.29382400800227204,-1.8008661406055353,0.5360481757386424,-1.8008661406055353,-0.08688315244558531
SpiralScanPath_4,Spiral,heldout,5,C,overall,0.7481474897791319,-0.5199009277048958,0.5199009277048958,-0.5199009277048958,0.9331313256764132
SpiralScanPath_4,Spiral,heldout,5,C,top_1pct,-1.1262895226942762,-0.5199009277048958,0.5199009277048958,-0.5199009277048958,0.20881943498916167
SpiralScanPath_4,Spiral,heldout,5,C,observed_censored,0.20762928599714248,-0.5199009277048958,0.5199009277048958,-0.5199009277048958,-0.2408905648142654
SpiralScanPath_5,Spiral,heldout,0,shared_physics_prior,overall,0.0,0.0,0.0,0.0,0.0
SpiralScanPath_5,Spiral,heldout,0,shared_physics_prior,top_1pct,0.0,0.0,0.0,0.0,0.0
SpiralScanPath_5,Spiral,heldout,0,shared_physics_prior,observed_censored,0.0,0.0,0.0,0.0,0.0
SpiralScanPath_5,Spiral,heldout,0,B,overall,0.0,0.0,0.0,0.0,0.0
SpiralScanPath_5,Spiral,heldout,0,B,top_1pct,0.0,0.0,0.0,0.0,0.0
SpiralScanPath_5,Spiral,heldout,0,B,observed_censored,0.0,0.0,0.0,0.0,0.0
SpiralScanPath_5,Spiral,heldout,0,C,overall,0.0,0.0,0.0,0.0,0.0
SpiralScanPath_5,Spiral,heldout,0,C,top_1pct,0.0,0.0,0.0,0.0,0.0
SpiralScanPath_5,Spiral,heldout,0,C,observed_censored,0.0,0.0,0.0,0.0,0.0
SpiralScanPath_5,Spiral,heldout,1,shared_physics_prior,overall,0.039692949715555814,0.4785792033103462,0.4785792033103462,0.4785792033103462,0.10574761531251065
SpiralScanPath_5,Spiral,heldout,1,shared_physics_prior,top_1pct,0.01942472755899189,0.4785792033103462,0.4785792033103462,0.4785792033103462,0.17624054560676905
SpiralScanPath_5,Spiral,heldout,1,shared_physics_prior,observed_censored,0.16977373808135554,0.4785792033103462,0.4785792033103462,0.4785792033103462,-0.05156082494356973
SpiralScanPath_5,Spiral,heldout,1,B,overall,0.12465637249179434,1.200547058063023,1.200547058063023,1.200547058063023,0.26221813419701534
SpiralScanPath_5,Spiral,heldout,1,B,top_1pct,0.287748914775559,1.200547058063023,1.200547058063023,1.200547058063023,0.44032546488602087
SpiralScanPath_5,Spiral,heldout,1,B,observed_censored,0.3389933725562626,1.200547058063023,1.200547058063023,1.200547058063023,0.17600906136019745
SpiralScanPath_5,Spiral,heldout,1,C,overall,0.06535799125517389,0.8596467083362995,0.8596467083362995,0.8596467083362995,0.13911009982631395
SpiralScanPath_5,Spiral,heldout,1,C,top_1pct,0.18283657624865557,0.8596467083362995,0.8596467083362995,0.8596467083362995,0.25292061240439523
SpiralScanPath_5,Spiral,heldout,1,C,observed_censored,0.2547213542929332,0.8596467083362995,0.8596467083362995,0.8596467083362995,0.028175321798498132
SpiralScanPath_5,Spiral,heldout,2,shared_physics_prior,overall,0.13051695570376223,0.024776534239265402,0.024776534239265402,0.024776534239265402,0.31816200039602516
SpiralScanPath_5,Spiral,heldout,2,shared_physics_prior,top_1pct,-0.23935328457147081,0.024776534239265402,0.024776534239265402,0.024776534239265402,0.20736680461540447
SpiralScanPath_5,Spiral,heldout,2,shared_physics_prior,observed_censored,0.5347084014938948,0.024776534239265402,0.024776534239265402,0.024776534239265402,0.12401805172814706
SpiralScanPath_5,Spiral,heldout,2,B,overall,0.2611992231516695,0.9278813824839176,0.9278813824839176,0.9278813824839176,0.5845374485262154
SpiralScanPath_5,Spiral,heldout,2,B,top_1pct,0.07688541134930782,0.9278813824839176,0.9278813824839176,0.9278813824839176,0.3153344680095911
SpiralScanPath_5,Spiral,heldout,2,B,observed_censored,0.6370355352964454,0.9278813824839176,0.9278813824839176,0.9278813824839176,0.37797831094727563
SpiralScanPath_5,Spiral,heldout,2,C,overall,0.1640551991006292,0.3227153459574197,0.3227153459574197,0.3227153459574197,0.37435529705949955
SpiralScanPath_5,Spiral,heldout,2,C,top_1pct,-0.15593882013045007,0.3227153459574197,0.3227153459574197,0.3227153459574197,0.13566027079411347
SpiralScanPath_5,Spiral,heldout,2,C,observed_censored,0.5458800233792043,0.3227153459574197,0.3227153459574197,0.3227153459574197,0.1725109951352155
SpiralScanPath_5,Spiral,heldout,3,shared_physics_prior,overall,0.19295925583290716,-0.1438953732463233,-0.1438953732463233,-0.1438953732463233,0.412492846974829
SpiralScanPath_5,Spiral,heldout,3,shared_physics_prior,top_1pct,-0.6361841621664075,-0.1438953732463233,-0.1438953732463233,-0.1438953732463233,0.34007479295352994
SpiralScanPath_5,Spiral,heldout,3,shared_physics_prior,observed_censored,0.9145035412469031,-0.1438953732463233,-0.1438953732463233,-0.1438953732463233,0.238933082733765
SpiralScanPath_5,Spiral,heldout,3,B,overall,0.3142537691531542,-0.24188921470909008,-0.24188921470909008,-0.24188921470909008,0.641761702407093
SpiralScanPath_5,Spiral,heldout,3,B,top_1pct,-0.7786181479654488,-0.24188921470909008,-0.24188921470909008,-0.24188921470909008,0.026476804388411157
SpiralScanPath_5,Spiral,heldout,3,B,observed_censored,0.6825355538994007,-0.24188921470909008,-0.24188921470909008,-0.24188921470909008,0.3307200603591802
SpiralScanPath_5,Spiral,heldout,3,C,overall,0.23522270018847447,-0.07427664014517177,-0.07427664014517177,-0.07427664014517177,0.4991506059971823
SpiralScanPath_5,Spiral,heldout,3,C,top_1pct,-0.6766600416680444,-0.07427664014517177,-0.07427664014517177,-0.07427664014517177,0.258995388931027
SpiralScanPath_5,Spiral,heldout,3,C,observed_censored,0.9112552476445441,-0.07427664014517177,-0.07427664014517177,-0.07427664014517177,0.35409721640560665
SpiralScanPath_5,Spiral,heldout,4,shared_physics_prior,overall,0.28623667625746807,-0.17893800463934895,-0.17893800463934895,-0.17893800463934895,0.5476167399637552
SpiralScanPath_5,Spiral,heldout,4,shared_physics_prior,top_1pct,-1.1551270431324745,-0.17893800463934895,-0.17893800463934895,-0.17893800463934895,0.544297319031406
SpiralScanPath_5,Spiral,heldout,4,shared_physics_prior,observed_censored,0.3002127352272459,-0.17893800463934895,-0.17893800463934895,-0.17893800463934895,-0.22443854135021235
SpiralScanPath_5,Spiral,heldout,4,B,overall,0.8500820227414188,-0.6284420692966819,-0.6284420692966819,-0.6284420692966819,1.078344768819942
SpiralScanPath_5,Spiral,heldout,4,B,top_1pct,-1.3910455288757635,-0.6284420692966819,-0.6284420692966819,-0.6284420692966819,-0.11582247224884812
SpiralScanPath_5,Spiral,heldout,4,B,observed_censored,0.2599767064746423,-0.6284420692966819,-0.6284420692966819,-0.6284420692966819,-0.056934456045478754
SpiralScanPath_5,Spiral,heldout,4,C,overall,0.4465008805775626,0.4411599033733751,0.4411599033733751,0.4411599033733751,0.6624427923885273
SpiralScanPath_5,Spiral,heldout,4,C,top_1pct,-1.131016487186955,0.4411599033733751,0.4411599033733751,0.4411599033733751,0.4350132703743519
SpiralScanPath_5,Spiral,heldout,4,C,observed_censored,0.34278717608464504,0.4411599033733751,0.4411599033733751,0.4411599033733751,-0.11949137053278269
SpiralScanPath_5,Spiral,heldout,5,shared_physics_prior,overall,0.4115261519228711,0.031394480390474655,0.031394480390474655,0.031394480390474655,0.7341505857671268
SpiralScanPath_5,Spiral,heldout,5,shared_physics_prior,top_1pct,-1.290073645084126,0.031394480390474655,0.031394480390474655,0.031394480390474655,0.5961242778308109
SpiralScanPath_5,Spiral,heldout,5,shared_physics_prior,observed_censored,-0.002653138809715072,0.031394480390474655,0.031394480390474655,0.031394480390474655,-0.44350947560382536
SpiralScanPath_5,Spiral,heldout,5,B,overall,1.5772523462873294,-0.7459642212664335,-0.7459642212664335,-0.7459642212664335,1.597227853194842
SpiralScanPath_5,Spiral,heldout,5,B,top_1pct,-1.5059002128441785,-0.7459642212664335,-0.7459642212664335,-0.7459642212664335,-0.13268277462386147
SpiralScanPath_5,Spiral,heldout,5,B,observed_censored,-0.010488739731071561,-0.7459642212664335,-0.7459642212664335,-0.7459642212664335,-0.3643907729381004
SpiralScanPath_5,Spiral,heldout,5,C,overall,0.7189366062488844,0.32968489683156577,0.32968489683156577,0.32968489683156577,0.8932880973215659
SpiralScanPath_5,Spiral,heldout,5,C,top_1pct,-1.1403668549833106,0.32968489683156577,0.32968489683156577,0.32968489683156577,0.47521178439171585
SpiralScanPath_5,Spiral,heldout,5,C,observed_censored,0.030470874995969677,0.32968489683156577,0.32968489683156577,0.32968489683156577,-0.3827725229044745
SpiralScanPath_6,Spiral,heldout,0,shared_physics_prior,overall,0.0,0.0,0.0,0.0,0.0
SpiralScanPath_6,Spiral,heldout,0,shared_physics_prior,top_1pct,0.0,0.0,0.0,0.0,0.0
SpiralScanPath_6,Spiral,heldout,0,shared_physics_prior,observed_censored,0.0,0.0,0.0,0.0,0.0
SpiralScanPath_6,Spiral,heldout,0,B,overall,0.0,0.0,0.0,0.0,0.0
SpiralScanPath_6,Spiral,heldout,0,B,top_1pct,0.0,0.0,0.0,0.0,0.0
SpiralScanPath_6,Spiral,heldout,0,B,observed_censored,0.0,0.0,0.0,0.0,0.0
SpiralScanPath_6,Spiral,heldout,0,C,overall,0.0,0.0,0.0,0.0,0.0
SpiralScanPath_6,Spiral,heldout,0,C,top_1pct,0.0,0.0,0.0,0.0,0.0
SpiralScanPath_6,Spiral,heldout,0,C,observed_censored,0.0,0.0,0.0,0.0,0.0
SpiralScanPath_6,Spiral,heldout,1,shared_physics_prior,overall,0.03710216271893127,-1.843376531951435e-05,-1.843376531951435e-05,-1.843376531951435e-05,0.10647497984858267
SpiralScanPath_6,Spiral,heldout,1,shared_physics_prior,top_1pct,-0.26014913034975506,-1.843376531951435e-05,-1.843376531951435e-05,-1.843376531951435e-05,0.060290904658104605
SpiralScanPath_6,Spiral,heldout,1,shared_physics_prior,observed_censored,0.13351711231332675,-1.843376531951435e-05,-1.843376531951435e-05,-1.843376531951435e-05,-0.06827682919436873
SpiralScanPath_6,Spiral,heldout,1,B,overall,0.1577796228466071,0.0389799712452259,0.0389799712452259,0.0389799712452259,0.31626359677166993
SpiralScanPath_6,Spiral,heldout,1,B,top_1pct,0.10240590241537806,0.0389799712452259,0.0389799712452259,0.0389799712452259,0.17135948941199697
SpiralScanPath_6,Spiral,heldout,1,B,observed_censored,0.5012504525788275,0.0389799712452259,0.0389799712452259,0.0389799712452259,0.32208159610975784
SpiralScanPath_6,Spiral,heldout,1,C,overall,0.06468064179829291,0.010240877014666694,0.010240877014666694,0.010240877014666694,0.15657776914285848
SpiralScanPath_6,Spiral,heldout,1,C,top_1pct,-0.09337734053574653,0.010240877014666694,0.010240877014666694,0.010240877014666694,0.007984097215574248
SpiralScanPath_6,Spiral,heldout,1,C,observed_censored,0.2655611362577759,0.010240877014666694,0.010240877014666694,0.010240877014666694,0.051434101843431
SpiralScanPath_6,Spiral,heldout,2,shared_physics_prior,overall,0.11825598740486978,-0.19122682297989968,-0.19122682297989968,-0.19122682297989968,0.288168148866936
SpiralScanPath_6,Spiral,heldout,2,shared_physics_prior,top_1pct,-0.46898770642756743,-0.19122682297989968,-0.19122682297989968,-0.19122682297989968,0.08832099194457799
SpiralScanPath_6,Spiral,heldout,2,shared_physics_prior,observed_censored,0.5511937015933981,-0.19122682297989968,-0.19122682297989968,-0.19122682297989968,0.10989458118868889
SpiralScanPath_6,Spiral,heldout,2,B,overall,0.2628069789231128,0.22594971004122044,0.22594971004122044,0.22594971004122044,0.6075311290209512
SpiralScanPath_6,Spiral,heldout,2,B,top_1pct,-0.3463584287213779,0.22594971004122044,0.22594971004122044,0.22594971004122044,0.04106237213268171
SpiralScanPath_6,Spiral,heldout,2,B,observed_censored,0.926745225848685,0.22594971004122044,0.22594971004122044,0.22594971004122044,0.6654987740002314
SpiralScanPath_6,Spiral,heldout,2,C,overall,0.16330141813779953,0.058206617485666357,0.058206617485666357,0.058206617485666357,0.40866660293281376
SpiralScanPath_6,Spiral,heldout,2,C,top_1pct,-0.3663327524400507,0.058206617485666357,0.058206617485666357,0.058206617485666357,0.023371314668150678
SpiralScanPath_6,Spiral,heldout,2,C,observed_censored,0.750336183712996,0.058206617485666357,0.058206617485666357,0.058206617485666357,0.3773864406925651
SpiralScanPath_6,Spiral,heldout,3,shared_physics_prior,overall,0.20117848344837183,0.01778769560502269,0.01778769560502269,0.01778769560502269,0.42287078956271973
SpiralScanPath_6,Spiral,heldout,3,shared_physics_prior,top_1pct,-0.8256478689653114,0.01778769560502269,0.01778769560502269,0.01778769560502269,0.27614255872571336
SpiralScanPath_6,Spiral,heldout,3,shared_physics_prior,observed_censored,0.9423354661503529,0.01778769560502269,0.01778769560502269,0.01778769560502269,0.24192623387844536
SpiralScanPath_6,Spiral,heldout,3,B,overall,0.3370253049364538,-0.5803661542985878,-0.5803661542985878,-0.5803661542985878,0.6986609036281807
SpiralScanPath_6,Spiral,heldout,3,B,top_1pct,-0.9983091380318296,-0.5803661542985878,-0.5803661542985878,-0.5803661542985878,-0.17483289682372583
SpiralScanPath_6,Spiral,heldout,3,B,observed_censored,0.9049070844705547,-0.5803661542985878,-0.5803661542985878,-0.5803661542985878,0.5556275607742913
SpiralScanPath_6,Spiral,heldout,3,C,overall,0.24868895840278354,0.17448764501347114,0.17448764501347114,0.17448764501347114,0.5529425940287641
SpiralScanPath_6,Spiral,heldout,3,C,top_1pct,-0.8541663373989105,0.17448764501347114,0.17448764501347114,0.17448764501347114,0.20884940903168392
SpiralScanPath_6,Spiral,heldout,3,C,observed_censored,1.0408038953172383,0.17448764501347114,0.17448764501347114,0.17448764501347114,0.4951972975283372
SpiralScanPath_6,Spiral,heldout,4,shared_physics_prior,overall,0.28134920808253217,-0.4856953615599764,-0.4856953615599764,-0.4856953615599764,0.5400057394465235
SpiralScanPath_6,Spiral,heldout,4,shared_physics_prior,top_1pct,-1.540836871873537,-0.4856953615599764,-0.4856953615599764,-0.4856953615599764,0.5552495553910353
SpiralScanPath_6,Spiral,heldout,4,shared_physics_prior,observed_censored,0.49642536144644733,-0.4856953615599764,-0.4856953615599764,-0.4856953615599764,-0.11527039745664602
SpiralScanPath_6,Spiral,heldout,4,B,overall,0.8034249851828351,-1.196337402862639,-1.196337402862639,-1.196337402862639,1.0776337886790497
SpiralScanPath_6,Spiral,heldout,4,B,top_1pct,-1.7375830787772268,-1.196337402862639,-1.196337402862639,-1.196337402862639,-0.3048559910594313
SpiralScanPath_6,Spiral,heldout,4,B,observed_censored,0.4841352835792039,-1.196337402862639,-1.196337402862639,-1.196337402862639,0.12237393846959588
SpiralScanPath_6,Spiral,heldout,4,C,overall,0.43003376644857366,-0.1520861507511313,-0.1520861507511313,-0.1520861507511313,0.6948614252867739
SpiralScanPath_6,Spiral,heldout,4,C,top_1pct,-1.5788384840216827,-0.1520861507511313,-0.1520861507511313,-0.1520861507511313,0.4087045025486771
SpiralScanPath_6,Spiral,heldout,4,C,observed_censored,0.5578870699681737,-0.1520861507511313,-0.1520861507511313,-0.1520861507511313,0.06360420550869383
SpiralScanPath_6,Spiral,heldout,5,shared_physics_prior,overall,0.4000005096944921,-0.5641491735873956,-0.5641491735873956,-0.5641491735873956,0.7158788567012732
SpiralScanPath_6,Spiral,heldout,5,shared_physics_prior,top_1pct,-1.5894163043436629,-0.5641491735873956,-0.5641491735873956,-0.5641491735873956,0.5641466694805626
SpiralScanPath_6,Spiral,heldout,5,shared_physics_prior,observed_censored,0.20486337119485643,-0.5641491735873956,-0.5641491735873956,-0.5641491735873956,-0.3356685284382124
SpiralScanPath_6,Spiral,heldout,5,B,overall,1.439411819231797,-1.472910298370266,-1.472910298370266,-1.472910298370266,1.5453484727441857
SpiralScanPath_6,Spiral,heldout,5,B,top_1pct,-1.8258311601209765,-1.472910298370266,-1.472910298370266,-1.472910298370266,-0.33803394970152034
SpiralScanPath_6,Spiral,heldout,5,B,observed_censored,0.3155543371135834,-1.472910298370266,-1.472910298370266,-1.472910298370266,-0.07637546394583339
SpiralScanPath_6,Spiral,heldout,5,C,overall,0.6808424941997651,-0.6164311389551358,-0.6164311389551358,-0.6164311389551358,0.9075764815104413
SpiralScanPath_6,Spiral,heldout,5,C,top_1pct,-1.5676279872473038,-0.6164311389551358,-0.6164311389551358,-0.6164311389551358,0.32384372213194856
SpiralScanPath_6,Spiral,heldout,5,C,observed_censored,0.30586800332851616,-0.6164311389551358,-0.6164311389551358,-0.6164311389551358,-0.16197221234665626
SpiralScanPath_7,Spiral,heldout,0,shared_physics_prior,overall,0.0,0.0,0.0,0.0,0.0
SpiralScanPath_7,Spiral,heldout,0,shared_physics_prior,top_1pct,0.0,0.0,0.0,0.0,0.0
SpiralScanPath_7,Spiral,heldout,0,shared_physics_prior,observed_censored,0.0,0.0,0.0,0.0,0.0
SpiralScanPath_7,Spiral,heldout,0,B,overall,0.0,0.0,0.0,0.0,0.0
SpiralScanPath_7,Spiral,heldout,0,B,top_1pct,0.0,0.0,0.0,0.0,0.0
SpiralScanPath_7,Spiral,heldout,0,B,observed_censored,0.0,0.0,0.0,0.0,0.0
SpiralScanPath_7,Spiral,heldout,0,C,overall,0.0,0.0,0.0,0.0,0.0
SpiralScanPath_7,Spiral,heldout,0,C,top_1pct,0.0,0.0,0.0,0.0,0.0
SpiralScanPath_7,Spiral,heldout,0,C,observed_censored,0.0,0.0,0.0,0.0,0.0
SpiralScanPath_7,Spiral,heldout,1,shared_physics_prior,overall,0.05633058582355854,0.9024317221886236,0.9024317221886236,0.9024317221886236,0.17589386064507817
SpiralScanPath_7,Spiral,heldout,1,shared_physics_prior,top_1pct,-0.02755845538522181,0.9024317221886236,0.9024317221886236,0.9024317221886236,0.3554210369387345
SpiralScanPath_7,Spiral,heldout,1,shared_physics_prior,observed_censored,0.31330690316538545,0.9024317221886236,0.9024317221886236,0.9024317221886236,0.20119363980934546
SpiralScanPath_7,Spiral,heldout,1,B,overall,0.13197368290971312,1.166149485920073,1.166149485920073,1.166149485920073,0.3202572039049405
SpiralScanPath_7,Spiral,heldout,1,B,top_1pct,0.17859178741979576,1.166149485920073,1.166149485920073,1.166149485920073,0.23146923224657945
SpiralScanPath_7,Spiral,heldout,1,B,observed_censored,0.4631005496668572,1.166149485920073,1.166149485920073,1.166149485920073,0.38514515695393303
SpiralScanPath_7,Spiral,heldout,1,C,overall,0.07233997320118252,1.1697410907526091,1.1697410907526091,1.1697410907526091,0.17897295682063086
SpiralScanPath_7,Spiral,heldout,1,C,top_1pct,0.1322225009215322,1.1697410907526091,1.1697410907526091,1.1697410907526091,0.23965908013108495
SpiralScanPath_7,Spiral,heldout,1,C,observed_censored,0.36639253285899476,1.1697410907526091,1.1697410907526091,1.1697410907526091,0.19056458264997822
SpiralScanPath_7,Spiral,heldout,2,shared_physics_prior,overall,0.1401860941494813,0.6001076479651033,0.6001076479651033,0.6001076479651033,0.3585132329067716
SpiralScanPath_7,Spiral,heldout,2,shared_physics_prior,top_1pct,-0.20640775228628627,0.6001076479651033,0.6001076479651033,0.6001076479651033,0.41329234533894743
SpiralScanPath_7,Spiral,heldout,2,shared_physics_prior,observed_censored,0.6415883593108491,0.6001076479651033,0.6001076479651033,0.6001076479651033,0.31594861863361734
SpiralScanPath_7,Spiral,heldout,2,B,overall,0.27614921729768155,1.107599066546527,1.107599066546527,1.107599066546527,0.6475259880335542
SpiralScanPath_7,Spiral,heldout,2,B,top_1pct,-0.15823256091639903,1.107599066546527,1.107599066546527,1.107599066546527,0.24624727972274352
SpiralScanPath_7,Spiral,heldout,2,B,observed_censored,0.9573246802511473,1.107599066546527,1.107599066546527,1.107599066546527,0.7650274776070027
SpiralScanPath_7,Spiral,heldout,2,C,overall,0.1809683233074642,1.0324972680415385,1.0324972680415385,1.0324972680415385,0.4455300101985109
SpiralScanPath_7,Spiral,heldout,2,C,top_1pct,-0.11287917683033127,1.0324972680415385,1.0324972680415385,1.0324972680415385,0.29891365817379123
SpiralScanPath_7,Spiral,heldout,2,C,observed_censored,0.771701657570498,1.0324972680415385,1.0324972680415385,1.0324972680415385,0.45535600890660355
SpiralScanPath_7,Spiral,heldout,3,shared_physics_prior,overall,0.2015775948453179,0.22904120800001238,0.22904120800001238,0.22904120800001238,0.45558639936169354
SpiralScanPath_7,Spiral,heldout,3,shared_physics_prior,top_1pct,-0.5706329707233613,0.22904120800001238,0.22904120800001238,0.22904120800001238,0.5478784726051056
SpiralScanPath_7,Spiral,heldout,3,shared_physics_prior,observed_censored,1.0763306553941758,0.22904120800001238,0.22904120800001238,0.22904120800001238,0.48252422794142946
SpiralScanPath_7,Spiral,heldout,3,B,overall,0.303220944153298,0.40989645413230846,0.40989645413230846,0.40989645413230846,0.6677613953880903
SpiralScanPath_7,Spiral,heldout,3,B,top_1pct,-0.6652766367066669,0.40989645413230846,0.40989645413230846,0.40989645413230846,0.10180072932574724
SpiralScanPath_7,Spiral,heldout,3,B,observed_censored,0.9438144312548418,0.40989645413230846,0.40989645413230846,0.40989645413230846,0.655567741461109
SpiralScanPath_7,Spiral,heldout,3,C,overall,0.23663121403644666,0.45863442038381663,0.45863442038381663,0.45863442038381663,0.5433197520012403
SpiralScanPath_7,Spiral,heldout,3,C,top_1pct,-0.5570554814731759,0.45863442038381663,0.45863442038381663,0.45863442038381663,0.3826566773610387
SpiralScanPath_7,Spiral,heldout,3,C,observed_censored,1.1090405427569132,0.45863442038381663,0.45863442038381663,0.45863442038381663,0.5997985216445554
SpiralScanPath_7,Spiral,heldout,4,shared_physics_prior,overall,0.2829267899332261,-0.5705274759789063,-0.5705274759789063,-0.5705274759789063,0.5629041115506542
SpiralScanPath_7,Spiral,heldout,4,shared_physics_prior,top_1pct,-1.3000560635156124,-0.5705274759789063,-0.5705274759789063,-0.5705274759789063,0.8300354525095162
SpiralScanPath_7,Spiral,heldout,4,shared_physics_prior,observed_censored,0.5001619714563434,-0.5705274759789063,-0.5705274759789063,-0.5705274759789063,0.018704335452396137
SpiralScanPath_7,Spiral,heldout,4,B,overall,0.6975233681692639,-1.95125177100158,-1.95125177100158,-1.95125177100158,0.9807003435367669
SpiralScanPath_7,Spiral,heldout,4,B,top_1pct,-1.7352069777552992,-1.95125177100158,-1.95125177100158,-1.95125177100158,-0.20976921087590972
SpiralScanPath_7,Spiral,heldout,4,B,observed_censored,0.3395671686329296,-1.95125177100158,-1.95125177100158,-1.95125177100158,0.06772112441779488
SpiralScanPath_7,Spiral,heldout,4,C,overall,0.40316797237624874,-0.7683460069187618,-0.7683460069187618,-0.7683460069187618,0.6507794151893465
SpiralScanPath_7,Spiral,heldout,4,C,top_1pct,-1.3251038563537145,-0.7683460069187618,-0.7683460069187618,-0.7683460069187618,0.594562983878058
SpiralScanPath_7,Spiral,heldout,4,C,observed_censored,0.5026244991996032,-0.7683460069187618,-0.7683460069187618,-0.7683460069187618,0.06285639143068877
SpiralScanPath_7,Spiral,heldout,5,shared_physics_prior,overall,0.4398255120742158,-0.6689837955719327,-0.6689837955719327,-0.6689837955719327,0.8021338114065518
SpiralScanPath_7,Spiral,heldout,5,shared_physics_prior,top_1pct,-1.469151632075234,-0.6689837955719327,-0.6689837955719327,-0.6689837955719327,0.9315875129396218
SpiralScanPath_7,Spiral,heldout,5,shared_physics_prior,observed_censored,0.17538024135486974,-0.6689837955719327,-0.6689837955719327,-0.6689837955719327,-0.2009297458005257
SpiralScanPath_7,Spiral,heldout,5,B,overall,1.4555292279830534,-1.4397214258133886,-1.4397214258133886,-1.4397214258133886,1.582130291568408
SpiralScanPath_7,Spiral,heldout,5,B,top_1pct,-1.7818774257668883,-1.4397214258133886,-1.4397214258133886,-1.4397214258133886,-0.10666437125776174
SpiralScanPath_7,Spiral,heldout,5,B,observed_censored,0.22870169236774007,-1.4397214258133886,-1.4397214258133886,-1.4397214258133886,-0.06011129088631062
SpiralScanPath_7,Spiral,heldout,5,C,overall,0.7095918525098561,-0.07233608909774603,-0.07233608909774603,-0.07233608909774603,0.9364066242654512
SpiralScanPath_7,Spiral,heldout,5,C,top_1pct,-1.457638097069123,-0.07233608909774603,-0.07233608909774603,-0.07233608909774603,0.5898064457377106
SpiralScanPath_7,Spiral,heldout,5,C,observed_censored,0.20244699103998154,-0.07233608909774603,-0.07233608909774603,-0.07233608909774603,-0.17469281014726645
SpiralScanPath_8,Spiral,heldout,0,shared_physics_prior,overall,0.0,0.0,0.0,0.0,0.0
SpiralScanPath_8,Spiral,heldout,0,shared_physics_prior,top_1pct,0.0,0.0,0.0,0.0,0.0
SpiralScanPath_8,Spiral,heldout,0,shared_physics_prior,observed_censored,0.0,0.0,0.0,0.0,0.0
SpiralScanPath_8,Spiral,heldout,0,B,overall,0.0,0.0,0.0,0.0,0.0
SpiralScanPath_8,Spiral,heldout,0,B,top_1pct,0.0,0.0,0.0,0.0,0.0
SpiralScanPath_8,Spiral,heldout,0,B,observed_censored,0.0,0.0,0.0,0.0,0.0
SpiralScanPath_8,Spiral,heldout,0,C,overall,0.0,0.0,0.0,0.0,0.0
SpiralScanPath_8,Spiral,heldout,0,C,top_1pct,0.0,0.0,0.0,0.0,0.0
SpiralScanPath_8,Spiral,heldout,0,C,observed_censored,0.0,0.0,0.0,0.0,0.0
SpiralScanPath_8,Spiral,heldout,1,shared_physics_prior,overall,0.05184064556765239,0.48526501874073347,-0.48526501874073347,0.48526501874073347,0.14390599770753643
SpiralScanPath_8,Spiral,heldout,1,shared_physics_prior,top_1pct,-0.2731995835540306,0.48526501874073347,-0.48526501874073347,0.48526501874073347,0.11387203687686087
SpiralScanPath_8,Spiral,heldout,1,shared_physics_prior,observed_censored,0.14850386114665692,0.48526501874073347,-0.48526501874073347,0.48526501874073347,-0.016915948623778654
SpiralScanPath_8,Spiral,heldout,1,B,overall,0.13761705816383069,1.4246620378160628,1.4246620378160628,1.4246620378160628,0.290404916629888
SpiralScanPath_8,Spiral,heldout,1,B,top_1pct,-0.10414661680405968,1.4246620378160628,1.4246620378160628,1.4246620378160628,0.03763762592153386
SpiralScanPath_8,Spiral,heldout,1,B,observed_censored,0.19011088814739008,1.4246620378160628,1.4246620378160628,1.4246620378160628,0.07141632644541573
SpiralScanPath_8,Spiral,heldout,1,C,overall,0.07013085796175828,0.6605352403935285,-0.6605352403935285,0.6605352403935285,0.1665334909884877
SpiralScanPath_8,Spiral,heldout,1,C,top_1pct,-0.16433881023121327,0.6605352403935285,-0.6605352403935285,0.6605352403935285,0.10940119440902718
SpiralScanPath_8,Spiral,heldout,1,C,observed_censored,0.15056657962946396,0.6605352403935285,-0.6605352403935285,0.6605352403935285,-0.015440149995856967
SpiralScanPath_8,Spiral,heldout,2,shared_physics_prior,overall,0.12821166707701312,0.13154033375167273,-0.13154033375167273,0.13154033375167273,0.30745943069061044
SpiralScanPath_8,Spiral,heldout,2,shared_physics_prior,top_1pct,-0.5158483883598752,0.13154033375167273,-0.13154033375167273,0.13154033375167273,0.12962529857292804
SpiralScanPath_8,Spiral,heldout,2,shared_physics_prior,observed_censored,0.609883260445774,0.13154033375167273,-0.13154033375167273,0.13154033375167273,0.16592400231745907
SpiralScanPath_8,Spiral,heldout,2,B,overall,0.23301522460410978,0.5161942398040651,0.5161942398040651,0.5161942398040651,0.5412667167968997
SpiralScanPath_8,Spiral,heldout,2,B,top_1pct,-0.35077698203997665,0.5161942398040651,0.5161942398040651,0.5161942398040651,-0.03465657670513256
SpiralScanPath_8,Spiral,heldout,2,B,observed_censored,0.659754007676173,0.5161942398040651,0.5161942398040651,0.5161942398040651,0.431720613714476
SpiralScanPath_8,Spiral,heldout,2,C,overall,0.16082992617907538,0.25788549437953634,-0.25788549437953634,0.25788549437953634,0.3856205156718898
SpiralScanPath_8,Spiral,heldout,2,C,top_1pct,-0.3831265061214344,0.25788549437953634,-0.25788549437953634,0.25788549437953634,0.09681056144623712
SpiralScanPath_8,Spiral,heldout,2,C,observed_censored,0.6750821224003962,0.25788549437953634,-0.25788549437953634,0.25788549437953634,0.3056007384463948
SpiralScanPath_8,Spiral,heldout,3,shared_physics_prior,overall,0.19652075703661379,-0.29164645899618336,0.29164645899618336,-0.29164645899618336,0.42233952614003745
SpiralScanPath_8,Spiral,heldout,3,shared_physics_prior,top_1pct,-0.7673608268984844,-0.29164645899618336,0.29164645899618336,-0.29164645899618336,0.25415163578242783
SpiralScanPath_8,Spiral,heldout,3,shared_physics_prior,observed_censored,0.925882367322939,-0.29164645899618336,0.29164645899618336,-0.29164645899618336,0.2812053001295318
SpiralScanPath_8,Spiral,heldout,3,B,overall,0.32105805331543275,-0.07906750675874719,-0.07906750675874719,-0.07906750675874719,0.6787083860304489
SpiralScanPath_8,Spiral,heldout,3,B,top_1pct,-0.7632809125907782,-0.07906750675874719,-0.07906750675874719,-0.07906750675874719,-0.018049733716758887
SpiralScanPath_8,Spiral,heldout,3,B,observed_censored,0.7682439152040441,-0.07906750675874719,-0.07906750675874719,-0.07906750675874719,0.4723722586279431
SpiralScanPath_8,Spiral,heldout,3,C,overall,0.2393994430721143,-0.20196865230093408,0.20196865230093408,-0.20196865230093408,0.5266391752410596
SpiralScanPath_8,Spiral,heldout,3,C,top_1pct,-0.6945279493900898,-0.20196865230093408,0.20196865230093408,-0.20196865230093408,0.2364468075305557
SpiralScanPath_8,Spiral,heldout,3,C,observed_censored,0.9606422043717671,-0.20196865230093408,0.20196865230093408,-0.20196865230093408,0.44723992582660266
SpiralScanPath_8,Spiral,heldout,4,shared_physics_prior,overall,0.27037139744860206,-1.232118609295867,1.232118609295867,-1.232118609295867,0.5167970932928215
SpiralScanPath_8,Spiral,heldout,4,shared_physics_prior,top_1pct,-1.6452326144103973,-1.232118609295867,1.232118609295867,-1.232118609295867,0.6244146112971283
SpiralScanPath_8,Spiral,heldout,4,shared_physics_prior,observed_censored,0.577488043216398,-1.232118609295867,1.232118609295867,-1.232118609295867,-0.04542526086749943
SpiralScanPath_8,Spiral,heldout,4,B,overall,0.5642275412973738,-1.8677567532733406,-0.0830441414761367,-1.8677567532733406,0.8770248643825082
SpiralScanPath_8,Spiral,heldout,4,B,top_1pct,-1.9620839932423337,-1.8677567532733406,-0.0830441414761367,-1.8677567532733406,-0.25773215362306034
SpiralScanPath_8,Spiral,heldout,4,B,observed_censored,0.22466782455110135,-1.8677567532733406,-0.0830441414761367,-1.8677567532733406,-0.060934376643778876
SpiralScanPath_8,Spiral,heldout,4,C,overall,0.3561756768585399,-1.184245581837672,1.184245581837672,-1.184245581837672,0.6135896828733459
SpiralScanPath_8,Spiral,heldout,4,C,top_1pct,-1.6156756341241931,-1.184245581837672,1.184245581837672,-1.184245581837672,0.39101210565771805
SpiralScanPath_8,Spiral,heldout,4,C,observed_censored,0.5249943373118078,-1.184245581837672,1.184245581837672,-1.184245581837672,0.01734694831183825
SpiralScanPath_8,Spiral,heldout,5,shared_physics_prior,overall,0.3882802566048065,-1.3987909276227128,1.3987909276227128,-1.3987909276227128,0.6978550066323151
SpiralScanPath_8,Spiral,heldout,5,shared_physics_prior,top_1pct,-1.7835155207843765,-1.3987909276227128,1.3987909276227128,-1.3987909276227128,0.6990473553068934
SpiralScanPath_8,Spiral,heldout,5,shared_physics_prior,observed_censored,0.2703115034835937,-1.3987909276227128,1.3987909276227128,-1.3987909276227128,-0.25585306854072476
SpiralScanPath_8,Spiral,heldout,5,B,overall,1.2838765707353355,-1.7617087232637232,-0.18909217148575408,-1.7617087232637232,1.435235036166644
SpiralScanPath_8,Spiral,heldout,5,B,top_1pct,-2.1630259095128395,-1.7617087232637232,-0.18909217148575408,-1.7617087232637232,-0.23496823245517096
SpiralScanPath_8,Spiral,heldout,5,B,observed_censored,0.09699178480775972,-1.7617087232637232,-0.18909217148575408,-1.7617087232637232,-0.18575974035056486
SpiralScanPath_8,Spiral,heldout,5,C,overall,0.626567841573361,-0.7408976060357304,0.7408976060357304,-0.7408976060357304,0.8398961355191733
SpiralScanPath_8,Spiral,heldout,5,C,top_1pct,-1.6688720664414154,-0.7408976060357304,0.7408976060357304,-0.7408976060357304,0.5121559115438052
SpiralScanPath_8,Spiral,heldout,5,C,observed_censored,0.266530466365138,-0.7408976060357304,0.7408976060357304,-0.7408976060357304,-0.18331906344636284
SpiralScanPath_9,Spiral,heldout,0,shared_physics_prior,overall,0.0,0.0,0.0,0.0,0.0
SpiralScanPath_9,Spiral,heldout,0,shared_physics_prior,top_1pct,0.0,0.0,0.0,0.0,0.0
SpiralScanPath_9,Spiral,heldout,0,shared_physics_prior,observed_censored,0.0,0.0,0.0,0.0,0.0
SpiralScanPath_9,Spiral,heldout,0,B,overall,0.0,0.0,0.0,0.0,0.0
SpiralScanPath_9,Spiral,heldout,0,B,top_1pct,0.0,0.0,0.0,0.0,0.0
SpiralScanPath_9,Spiral,heldout,0,B,observed_censored,0.0,0.0,0.0,0.0,0.0
SpiralScanPath_9,Spiral,heldout,0,C,overall,0.0,0.0,0.0,0.0,0.0
SpiralScanPath_9,Spiral,heldout,0,C,top_1pct,0.0,0.0,0.0,0.0,0.0
SpiralScanPath_9,Spiral,heldout,0,C,observed_censored,0.0,0.0,0.0,0.0,0.0
SpiralScanPath_9,Spiral,heldout,1,shared_physics_prior,overall,0.04436602997269845,-0.4735047698447943,-0.0007169904555439643,-0.0007169904555439643,0.12407208348055798
SpiralScanPath_9,Spiral,heldout,1,shared_physics_prior,top_1pct,-0.16673747380738632,-0.4735047698447943,-0.0007169904555439643,-0.0007169904555439643,0.12320274856666291
SpiralScanPath_9,Spiral,heldout,1,shared_physics_prior,observed_censored,0.2820084540338357,-0.4735047698447943,-0.0007169904555439643,-0.0007169904555439643,0.05422138384295572
SpiralScanPath_9,Spiral,heldout,1,B,overall,0.13461227835570333,0.6329383638768604,1.7552395734081756,1.7552395734081756,0.26971890110828156
SpiralScanPath_9,Spiral,heldout,1,B,top_1pct,-0.17183913745422363,0.6329383638768604,1.7552395734081756,1.7552395734081756,0.17965551007171499
SpiralScanPath_9,Spiral,heldout,1,B,observed_censored,0.2333485976258931,0.6329383638768604,1.7552395734081756,1.7552395734081756,0.15663334321015565
SpiralScanPath_9,Spiral,heldout,1,C,overall,0.06579565270043031,-0.05667678160074274,0.5159236011731991,0.5159236011731991,0.1532691173428301
SpiralScanPath_9,Spiral,heldout,1,C,top_1pct,-0.08541185267951279,-0.05667678160074274,0.5159236011731991,0.5159236011731991,0.13043495462070087
SpiralScanPath_9,Spiral,heldout,1,C,observed_censored,0.24768327094709308,-0.05667678160074274,0.5159236011731991,0.5159236011731991,0.05178104016121132
SpiralScanPath_9,Spiral,heldout,2,shared_physics_prior,overall,0.11744053417038197,-0.8358400526745982,-0.3181944611972085,-0.3181944611972085,0.2915498920736205
SpiralScanPath_9,Spiral,heldout,2,shared_physics_prior,top_1pct,-0.34390856711611606,-0.8358400526745982,-0.3181944611972085,-0.3181944611972085,0.30341876377325416
SpiralScanPath_9,Spiral,heldout,2,shared_physics_prior,observed_censored,0.545227376250264,-0.8358400526745982,-0.3181944611972085,-0.3181944611972085,0.1279462945515628
SpiralScanPath_9,Spiral,heldout,2,B,overall,0.27781043061070515,-0.11636483704052125,1.5282059230038954,1.5282059230038954,0.6068546761467414
SpiralScanPath_9,Spiral,heldout,2,B,top_1pct,-0.2777044384700025,-0.11636483704052125,1.5282059230038954,1.5282059230038954,0.3259110654398061
SpiralScanPath_9,Spiral,heldout,2,B,observed_censored,0.6441484495661145,-0.11636483704052125,1.5282059230038954,1.5282059230038954,0.4718373796117046
SpiralScanPath_9,Spiral,heldout,2,C,overall,0.16307838850524034,-0.711376362314013,0.13411906785336214,0.13411906785336214,0.388971648425395
SpiralScanPath_9,Spiral,heldout,2,C,top_1pct,-0.25219344617235495,-0.711376362314013,0.13411906785336214,0.13411906785336214,0.28266799620950245
SpiralScanPath_9,Spiral,heldout,2,C,observed_censored,0.5876087562790726,-0.711376362314013,0.13411906785336214,0.13411906785336214,0.2628449947787077
SpiralScanPath_9,Spiral,heldout,3,shared_physics_prior,overall,0.2011223336957499,-1.3099745290355145,-0.4477780925279262,-0.4477780925279262,0.44224201651996153
SpiralScanPath_9,Spiral,heldout,3,shared_physics_prior,top_1pct,-0.697538310350535,-1.3099745290355145,-0.4477780925279262,-0.4477780925279262,0.457745314229403
SpiralScanPath_9,Spiral,heldout,3,shared_physics_prior,observed_censored,0.9079886497706722,-1.3099745290355145,-0.4477780925279262,-0.4477780925279262,0.2990814154615369
SpiralScanPath_9,Spiral,heldout,3,B,overall,0.3587148449549193,-0.9522219140901029,0.8761253447909212,0.8761253447909212,0.7516481312095064
SpiralScanPath_9,Spiral,heldout,3,B,top_1pct,-0.9041526723768833,-0.9522219140901029,0.8761253447909212,0.8761253447909212,0.11462990778341586
SpiralScanPath_9,Spiral,heldout,3,B,observed_censored,0.761542399907249,-0.9522219140901029,0.8761253447909212,0.8761253447909212,0.534125204738749
SpiralScanPath_9,Spiral,heldout,3,C,overall,0.24725905448601268,-1.294568154363617,-0.3486408711048625,-0.3486408711048625,0.5515961616637751
SpiralScanPath_9,Spiral,heldout,3,C,top_1pct,-0.7568540026115715,-1.294568154363617,-0.3486408711048625,-0.3486408711048625,0.3805434100955223
SpiralScanPath_9,Spiral,heldout,3,C,observed_censored,0.8667409107659312,-1.294568154363617,-0.3486408711048625,-0.3486408711048625,0.41898856445245425
SpiralScanPath_9,Spiral,heldout,4,shared_physics_prior,overall,0.2589978067640529,-2.326205215609434,-0.596600780369954,-0.596600780369954,0.5032065132710051
SpiralScanPath_9,Spiral,heldout,4,shared_physics_prior,top_1pct,-1.5417179381524624,-2.326205215609434,-0.596600780369954,-0.596600780369954,0.8472836423945065
SpiralScanPath_9,Spiral,heldout,4,shared_physics_prior,observed_censored,0.4704331413181255,-2.326205215609434,-0.596600780369954,-0.596600780369954,-0.09233403020683895
SpiralScanPath_9,Spiral,heldout,4,B,overall,0.6208896530511201,-3.739309465934639,-1.6089759361757956,-1.6089759361757956,0.9634365975635574
SpiralScanPath_9,Spiral,heldout,4,B,top_1pct,-2.026112355665839,-3.739309465934639,-1.6089759361757956,-1.6089759361757956,-0.25457947147038285
SpiralScanPath_9,Spiral,heldout,4,B,observed_censored,0.20972672423722294,-3.739309465934639,-1.6089759361757956,-1.6089759361757956,-0.007565615908958989
SpiralScanPath_9,Spiral,heldout,4,C,overall,0.3664069879722628,-2.7312575960218624,-0.8823907700984819,-0.8823907700984819,0.6458209597829595
SpiralScanPath_9,Spiral,heldout,4,C,top_1pct,-1.615908271011001,-2.7312575960218624,-0.8823907700984819,-0.8823907700984819,0.7065581224276833
SpiralScanPath_9,Spiral,heldout,4,C,observed_censored,0.4282529480951771,-2.7312575960218624,-0.8823907700984819,-0.8823907700984819,0.010500299944109948
SpiralScanPath_9,Spiral,heldout,5,shared_physics_prior,overall,0.36658574546716827,-2.462128544619077,-0.768239767784678,-0.768239767784678,0.6716948928940052
SpiralScanPath_9,Spiral,heldout,5,shared_physics_prior,top_1pct,-1.7794948851861137,-2.462128544619077,-0.768239767784678,-0.768239767784678,0.9575483165870087
SpiralScanPath_9,Spiral,heldout,5,shared_physics_prior,observed_censored,0.19844504925235706,-2.462128544619077,-0.768239767784678,-0.768239767784678,-0.29089948606391314
SpiralScanPath_9,Spiral,heldout,5,B,overall,1.2488610732605505,-3.7271510534910703,-1.7848252568130079,-1.7848252568130079,1.454012917042402
SpiralScanPath_9,Spiral,heldout,5,B,top_1pct,-2.3360166587458684,-3.7271510534910703,-1.7848252568130079,-1.7848252568130079,-0.2185233332421288
SpiralScanPath_9,Spiral,heldout,5,B,observed_censored,0.1261064794154847,-3.7271510534910703,-1.7848252568130079,-1.7848252568130079,-0.10362788975511616
SpiralScanPath_9,Spiral,heldout,5,C,overall,0.6011868558994845,-2.5617321223728027,-0.8986261113763021,-0.8986261113763021,0.8420679469520657
SpiralScanPath_9,Spiral,heldout,5,C,top_1pct,-1.7640233283577413,-2.5617321223728027,-0.8986261113763021,-0.8986261113763021,0.5679431448548522
SpiralScanPath_9,Spiral,heldout,5,C,observed_censored,0.16407766624139253,-2.5617321223728027,-0.8986261113763021,-0.8986261113763021,-0.22303697296189462
