trajectory,family,role,level_index,target_censored_fraction,ceiling_K,actual_censored_fraction,model,observation_sha256,previous_posterior_sha256,mean_sha256,covariance_sha256,mean_prior_variance_K2,n_observations,n_censored_observations,current_seed,previous_rhat,current_chain_mean_max_rmse_from_pooled_K,current_rhat_median,current_rhat_max,current_rhat_over_1_05_fraction,current_selected_rhat_median,current_selected_rhat_max,current_selected_rhat_over_1_05_fraction,current_current_retried,current_current_samples_per_chain_used,current_current_burn_in_used,current_current_thin_used,time_lag_s,innovation_sd_K,mean_propagated_previous_variance_K2
DiagonalScanPath_1,Diagonal,heldout,0,0.03,294.6560504149699,0.031187524990004,A,7d7e6576e24da0ce49a55e42724f7b03df23eb1c84ed881e4a04d3fcd2d3c9d2,unused,8949d1564287072bf94d27c19197289fe6d8ee9d4d64ae4334955cac7e40a65b,65226e825ca53543c94bde886f5de27a9a2efd4040da934f337aee65a2d42805,11.768422115619032,193,78,41,,0.13133131737232834,0.9997753506987774,1.0055620537459786,0.0,0.9999945601264466,1.0044813724952695,0.0,False,400,100,1,0.0004999999999999935,0.7159318740849085,0.13786066130514074
DiagonalScanPath_1,Diagonal,heldout,0,0.03,294.6560504149699,0.031187524990004,B,7d7e6576e24da0ce49a55e42724f7b03df23eb1c84ed881e4a04d3fcd2d3c9d2,1dd7f5f1a1c0f4d873ac261188b8a3c3e37a0776c70e2bc7443317fea1e817b1,1ed5a40ed32b7f761e142d482d1edcf11c07d5f14a7009e23675dabc243e1862,65226e825ca53543c94bde886f5de27a9a2efd4040da934f337aee65a2d42805,11.768422115619032,193,78,41,1.002751374798349,0.1313549271492691,0.999740379846342,1.0055620537459729,0.0,0.9995438500113069,1.001780623092727,0.0,False,400,100,1,0.0004999999999999935,0.7159318740849085,0.13786066130514074
DiagonalScanPath_1,Diagonal,heldout,0,0.03,294.6560504149699,0.031187524990004,C,7d7e6576e24da0ce49a55e42724f7b03df23eb1c84ed881e4a04d3fcd2d3c9d2,1dd7f5f1a1c0f4d873ac261188b8a3c3e37a0776c70e2bc7443317fea1e817b1,1ed5a40ed32b7f761e142d482d1edcf11c07d5f14a7009e23675dabc243e1862,95f301bc6ad80ad8f4f53725378883c80c51199d1e939d25762eab1035e449a6,0.65041910963587,193,78,41,1.002751374798349,0.03153883383124027,0.999750955389314,1.0055620537459917,0.0,0.9995562840305035,1.0019310136767778,0.0,False,400,100,1,0.0004999999999999935,0.7159318740849085,0.13786066130514074
DiagonalScanPath_1,Diagonal,heldout,1,0.05,294.27809319118984,0.05037984806077569,A,3f6e136b155cac0a459b75296f6f43c1ae1ed159e203420e65bbaf1248017ae7,unused,8949d1564287072bf94d27c19197289fe6d8ee9d4d64ae4334955cac7e40a65b,848cfc4b7cb5a0a1d12407a064c39350478a1b020641796282740f93371c1541,11.768422115619032,239,126,41,,0.1306154826322457,0.9997737502522015,1.0055620537459786,0.0,0.999963118246009,1.0034756389284314,0.0,False,400,100,1,0.0004999999999999935,0.7159318740849085,0.21232316421310096
DiagonalScanPath_1,Diagonal,heldout,1,0.05,294.27809319118984,0.05037984806077569,B,3f6e136b155cac0a459b75296f6f43c1ae1ed159e203420e65bbaf1248017ae7,48531df5819d4dfa928450fee12a3ec98faa10b6ec7389e3aa43e33d117be77b,17baf8bc056b476e558a693019b04d6c3d569391d54e7fed799720d11e3fcb7c,848cfc4b7cb5a0a1d12407a064c39350478a1b020641796282740f93371c1541,11.768422115619032,239,126,41,1.0036397431792694,0.1317733105661676,0.9997509553893456,1.0055620537459729,0.0,0.9997303131027868,1.0043361649584375,0.0,False,400,100,1,0.0004999999999999935,0.7159318740849085,0.21232316421310096
DiagonalScanPath_1,Diagonal,heldout,1,0.05,294.27809319118984,0.05037984806077569,C,3f6e136b155cac0a459b75296f6f43c1ae1ed159e203420e65bbaf1248017ae7,48531df5819d4dfa928450fee12a3ec98faa10b6ec7389e3aa43e33d117be77b,17baf8bc056b476e558a693019b04d6c3d569391d54e7fed799720d11e3fcb7c,3d9fdb7a3b6f46716d8bde5714ed2824a649ac0a63e115c43820d094d80d641e,0.7248816125438302,239,126,41,1.0036397431792694,0.034973879486487704,0.9997511639162456,1.0055620537448398,0.0,0.9997588682778078,1.0027276111210166,0.0,False,400,100,1,0.0004999999999999935,0.7159318740849085,0.21232316421310096
DiagonalScanPath_1,Diagonal,heldout,2,0.075,293.9041445009907,0.07516993202718912,A,e39abb590942121dbfbf226728170ee978f68d63311c6c6a0fff80664ce27a87,unused,8949d1564287072bf94d27c19197289fe6d8ee9d4d64ae4334955cac7e40a65b,68db4f6c943ab1ec8feb218943395f642c987597a108d58ddc01ea916f04b987,11.768422115619032,299,188,41,,0.1292930782517757,0.9997597464400887,1.005581134269058,0.0,0.9998634409404539,1.0047559125697225,0.0,False,400,100,1,0.0004999999999999935,0.7159318740849085,0.3413941866258205
DiagonalScanPath_1,Diagonal,heldout,2,0.075,293.9041445009907,0.07516993202718912,B,e39abb590942121dbfbf226728170ee978f68d63311c6c6a0fff80664ce27a87,e5e49eb811de39551d608144906e3018916f6e547a7da01cd845a0d26e98a189,beab5e15e83830f39c86ee3e76808d537c67ce3d5438ce86a84501d4ea0696b2,68db4f6c943ab1ec8feb218943395f642c987597a108d58ddc01ea916f04b987,11.768422115619032,299,188,41,1.0055920517876047,0.1309358068851694,0.9997403798463421,1.0055811330224482,0.0,0.9997070282229301,1.0041790248714335,0.0,False,400,100,1,0.0004999999999999935,0.7159318740849085,0.3413941866258205
DiagonalScanPath_1,Diagonal,heldout,2,0.075,293.9041445009907,0.07516993202718912,C,e39abb590942121dbfbf226728170ee978f68d63311c6c6a0fff80664ce27a87,e5e49eb811de39551d608144906e3018916f6e547a7da01cd845a0d26e98a189,beab5e15e83830f39c86ee3e76808d537c67ce3d5438ce86a84501d4ea0696b2,081a6223198b192cdf54017773ae42fbabbeae5d2248940cc81b867271e9b791,0.8539526349565497,299,188,41,1.0055920517876047,0.03612828946913687,0.9997565556474804,1.0055687859171616,0.0,0.9998190562116406,1.0045660398127052,0.0,False,400,100,1,0.0004999999999999935,0.7159318740849085,0.3413941866258205
DiagonalScanPath_1,Diagonal,heldout,3,0.1,293.7171829163888,0.10035985605757697,A,527630cc6c8c0a86339e27cb2c3cfe9d375b4ec922d4cf77ce5bfd3345584c57,unused,8949d1564287072bf94d27c19197289fe6d8ee9d4d64ae4334955cac7e40a65b,bd73ea5792a81702d001e92d162cdf45a156854678e4359be2dfc199c26aa7e2,11.768422115619032,361,251,41,,0.12656301103535164,0.9997696308040332,1.005580090891577,0.0,0.9997345044447193,1.0055222964085417,0.0,False,400,100,1,0.0004999999999999935,0.7159318740849085,0.43856576346163256
DiagonalScanPath_1,Diagonal,heldout,3,0.1,293.7171829163888,0.10035985605757697,B,527630cc6c8c0a86339e27cb2c3cfe9d375b4ec922d4cf77ce5bfd3345584c57,82cdcaf3364a1ca33eb903be675ac1ae07ac144a696f5558b5fe2b145e305418,6ab93782dd8ab0c13043ef662932e75e90eaee33a451e9efdc6c15c77001f8db,bd73ea5792a81702d001e92d162cdf45a156854678e4359be2dfc199c26aa7e2,11.768422115619032,361,251,41,1.0068176921526668,0.1293384384499209,0.9997398033921704,1.0055801324378526,0.0,0.9995114113487371,1.0050133151415488,0.0,False,400,100,1,0.0004999999999999935,0.7159318740849085,0.43856576346163256
DiagonalScanPath_1,Diagonal,heldout,3,0.1,293.7171829163888,0.10035985605757697,C,527630cc6c8c0a86339e27cb2c3cfe9d375b4ec922d4cf77ce5bfd3345584c57,82cdcaf3364a1ca33eb903be675ac1ae07ac144a696f5558b5fe2b145e305418,6ab93782dd8ab0c13043ef662932e75e90eaee33a451e9efdc6c15c77001f8db,87b9d2647f7df5548ad847c939c03176a63a3a6b3f042d1175049d708b69a087,0.951124211792362,361,251,41,1.0068176921526668,0.038264090794333926,0.9997478342019505,1.0085011913155133,0.0,0.9996628395360779,1.0085011913155133,0.0,False,400,100,1,0.0004999999999999935,0.7159318740849085,0.43856576346163256
DiagonalScanPath_1,Diagonal,heldout,4,0.15,293.5492340373749,0.15033986405437824,A,d73c9c33461d616a8975fd2795620ab882614f27c956ab4e97fd0e1add03324d,unused,8949d1564287072bf94d27c19197289fe6d8ee9d4d64ae4334955cac7e40a65b,5838eb205e23aca27f807d638e0115223065c3ead0ec4a325c75ab622f7b5a1f,11.768422115619032,478,376,41,,0.12363863089258574,0.9997723305567078,1.0104005923312473,0.0,0.9997761220635997,1.0104005923312473,0.0,False,400,100,1,0.0004999999999999935,0.7159318740849085,0.6663532676749998
DiagonalScanPath_1,Diagonal,heldout,4,0.15,293.5492340373749,0.15033986405437824,B,d73c9c33461d616a8975fd2795620ab882614f27c956ab4e97fd0e1add03324d,c3f7a1880ee73c88767f166d2b5beff67fc961465165274c94da80aaf3055e10,e7e5653e9b5cf3a9b97817118146b394cac1ccbf8575737776e291b0d38737a7,5838eb205e23aca27f807d638e0115223065c3ead0ec4a325c75ab622f7b5a1f,11.768422115619032,478,376,41,1.0072573201881603,0.12583834237502678,0.999790364288071,1.005629617097037,0.0,0.9998892802497226,1.00412421096685,0.0,False,400,100,1,0.0004999999999999935,0.7159318740849085,0.6663532676749998
DiagonalScanPath_1,Diagonal,heldout,4,0.15,293.5492340373749,0.15033986405437824,C,d73c9c33461d616a8975fd2795620ab882614f27c956ab4e97fd0e1add03324d,c3f7a1880ee73c88767f166d2b5beff67fc961465165274c94da80aaf3055e10,e7e5653e9b5cf3a9b97817118146b394cac1ccbf8575737776e291b0d38737a7,28ef3dd633a5066b9c510e65d54b7d5d25bded6b5efe0d40854a2791cfa78950,1.1789117160057292,478,376,41,1.0072573201881603,0.04245357035324366,0.9997828956113025,1.00579424412632,0.0,0.9997817338553491,1.00579424412632,0.0,False,400,100,1,0.0004999999999999935,0.7159318740849085,0.6663532676749998
DiagonalScanPath_1,Diagonal,heldout,5,0.2,293.46641561318813,0.20031987205117952,A,cd52bb475f3c6af89f5128820e16942b48d18ea3ef540b7d009d2c1e60e2e6fa,unused,8949d1564287072bf94d27c19197289fe6d8ee9d4d64ae4334955cac7e40a65b,2990fa51019fd65c53fac9fd580fdffb53a996d5585fd0611273d179d3717d83,11.768422115619032,601,501,41,,0.116167141762371,0.999794340561402,1.0056830881083514,0.0,0.9998265599001946,1.0056830881083514,0.0,False,400,100,1,0.0004999999999999935,0.7159318740849085,0.9054638309794262
DiagonalScanPath_1,Diagonal,heldout,5,0.2,293.46641561318813,0.20031987205117952,B,cd52bb475f3c6af89f5128820e16942b48d18ea3ef540b7d009d2c1e60e2e6fa,7fa880080d4f3e2cbbc101e6f75bbe2a8d36ba8615093bf0788dd1042e1a7de3,c05530a5120444ac8f79160ad96416d123ec664db1080f8332192b4b5d790017,2990fa51019fd65c53fac9fd580fdffb53a996d5585fd0611273d179d3717d83,11.768422115619032,601,501,41,1.0075595783544777,0.11825300226561153,0.9997831112187742,1.0071951466613076,0.0,0.9997952166431726,1.0071951466613076,0.0,False,400,100,1,0.0004999999999999935,0.7159318740849085,0.9054638309794262
DiagonalScanPath_1,Diagonal,heldout,5,0.2,293.46641561318813,0.20031987205117952,C,cd52bb475f3c6af89f5128820e16942b48d18ea3ef540b7d009d2c1e60e2e6fa,7fa880080d4f3e2cbbc101e6f75bbe2a8d36ba8615093bf0788dd1042e1a7de3,c05530a5120444ac8f79160ad96416d123ec664db1080f8332192b4b5d790017,f32dec1f0c1cc1e3eaafa25e3d89ff833f5a7ec39bed28d90a57570312693737,1.4180222793101551,601,501,41,1.0075595783544777,0.046079905203559895,0.9997848768878415,1.0065563272261746,0.0,0.999771570109688,1.0065563272261746,0.0,False,400,100,1,0.0004999999999999935,0.7159318740849085,0.9054638309794262
DiagonalScanPath_2,Diagonal,heldout,0,0.03,294.7833581687172,0.03198720511795282,A,8f7c666604b210cdd4c4f1e1e4105b0ea8c18884035b8bf5b21bf804f98a5073,unused,a96abeac8bfdb10bba0eb10beb5f045f288f959272abb553d4288b6aff4d8385,9714e61e4d6a7ebe47cc2b85cdb6827ad8660c136047301c12d362cbfc30a879,11.768422115619032,196,80,100041,,0.13080810970786408,0.9997573849933746,1.0066249894114334,0.0,0.9995294301644839,1.0034390827832853,0.0,False,400,100,1,0.0005000000000000004,0.7159318740849122,0.11316793878822415
DiagonalScanPath_2,Diagonal,heldout,0,0.03,294.7833581687172,0.03198720511795282,B,8f7c666604b210cdd4c4f1e1e4105b0ea8c18884035b8bf5b21bf804f98a5073,86431080cc9094698d533df0da9f685b6a0526a4c2e83e929bc6f19d2dbfee30,5429718708625da2bcd95c9a766cd80869120c3de1b4fd0413378dfec5b9e8b8,9714e61e4d6a7ebe47cc2b85cdb6827ad8660c136047301c12d362cbfc30a879,11.768422115619032,196,80,100041,1.00187447341816,0.1312401934407204,0.9997564406251571,1.00825045960891,0.0,0.9995146914495283,1.00825045960891,0.0,False,400,100,1,0.0005000000000000004,0.7159318740849122,0.11316793878822415
DiagonalScanPath_2,Diagonal,heldout,0,0.03,294.7833581687172,0.03198720511795282,C,8f7c666604b210cdd4c4f1e1e4105b0ea8c18884035b8bf5b21bf804f98a5073,86431080cc9094698d533df0da9f685b6a0526a4c2e83e929bc6f19d2dbfee30,5429718708625da2bcd95c9a766cd80869120c3de1b4fd0413378dfec5b9e8b8,fa694608c37390f6bac11ca13de3545383144eb93702cb01166c90de950079df,0.6257263871189587,196,80,100041,1.00187447341816,0.031170325743811726,0.9997586931435073,1.006624989421333,0.0,0.9997776008811355,1.004622049556393,0.0,False,400,100,1,0.0005000000000000004,0.7159318740849122,0.11316793878822415
DiagonalScanPath_2,Diagonal,heldout,1,0.05,294.38366332322425,0.05037984806077569,A,7c896b25d6ab8e97d7680180e37b68eaa7515403daa6cd857a661c1c4da30d6e,unused,a96abeac8bfdb10bba0eb10beb5f045f288f959272abb553d4288b6aff4d8385,8a7482b83f35bf41672f6846201478d28e29b40ac729672252691cbb498f9a86,11.768422115619032,239,126,100041,,0.13061391186832502,0.9997651726947252,1.0066249894114379,0.0,0.9997209348812244,1.0056696067614805,0.0,False,400,100,1,0.0005000000000000004,0.7159318740849122,0.221402636406169
DiagonalScanPath_2,Diagonal,heldout,1,0.05,294.38366332322425,0.05037984806077569,B,7c896b25d6ab8e97d7680180e37b68eaa7515403daa6cd857a661c1c4da30d6e,bc6c7b79e695648358e1ba47862192a6185e09c4be179c11d7ec6412a943c836,c3482f413486e13119f77091b5c695865a668948023e980fd3e6f5bef1158fd7,8a7482b83f35bf41672f6846201478d28e29b40ac729672252691cbb498f9a86,11.768422115619032,239,126,100041,1.006069221727514,0.13189718499510328,0.9997692982255587,1.0066249894114507,0.0,0.9997616384600647,1.0046197480415267,0.0,False,400,100,1,0.0005000000000000004,0.7159318740849122,0.221402636406169
DiagonalScanPath_2,Diagonal,heldout,1,0.05,294.38366332322425,0.05037984806077569,C,7c896b25d6ab8e97d7680180e37b68eaa7515403daa6cd857a661c1c4da30d6e,bc6c7b79e695648358e1ba47862192a6185e09c4be179c11d7ec6412a943c836,c3482f413486e13119f77091b5c695865a668948023e980fd3e6f5bef1158fd7,147b1096780249af4d959cad9c922f7e5d42c2845c0acac9ad33613be43b9481,0.7339610847369036,239,126,100041,1.006069221727514,0.03344762332361845,0.9997588043144693,1.0066249894132888,0.0,0.9996309178046505,1.0023444511978603,0.0,False,400,100,1,0.0005000000000000004,0.7159318740849122,0.221402636406169
DiagonalScanPath_2,Diagonal,heldout,2,0.075,294.1278487013346,0.07516993202718912,A,cd4da4d1a4385cc1ca5635e9d75bf399ac3d8a5357695257a8cb3f1ad7834349,unused,a96abeac8bfdb10bba0eb10beb5f045f288f959272abb553d4288b6aff4d8385,b4824d1beef3a3405027e1c860290397347cf6adae034d3c46fa623297b52697,11.768422115619032,299,188,100041,,0.12816308920119446,0.9997564863228223,1.0066249894114296,0.0,0.999866036720332,1.004580894540992,0.0,False,400,100,1,0.0005000000000000004,0.7159318740849122,0.3221916959220438
DiagonalScanPath_2,Diagonal,heldout,2,0.075,294.1278487013346,0.07516993202718912,B,cd4da4d1a4385cc1ca5635e9d75bf399ac3d8a5357695257a8cb3f1ad7834349,170c8895a7b9ed7426a86e55621b9427b9d3149cf414947b7be64da57a9afae8,bed91b00eca13033ffdee122b99fc75bed52796707fa7d2fa5ad921dbbb1fe39,b4824d1beef3a3405027e1c860290397347cf6adae034d3c46fa623297b52697,11.768422115619032,299,188,100041,1.0033057896686424,0.1299144432468416,0.9997495940894179,1.0077857164153583,0.0,0.999641226303807,1.0077857164153583,0.0,False,400,100,1,0.0005000000000000004,0.7159318740849122,0.3221916959220438
DiagonalScanPath_2,Diagonal,heldout,2,0.075,294.1278487013346,0.07516993202718912,C,cd4da4d1a4385cc1ca5635e9d75bf399ac3d8a5357695257a8cb3f1ad7834349,170c8895a7b9ed7426a86e55621b9427b9d3149cf414947b7be64da57a9afae8,bed91b00eca13033ffdee122b99fc75bed52796707fa7d2fa5ad921dbbb1fe39,ef3f121e39064a3fb28c71a84f90e82698abb116592a12deaa97c21370954d00,0.8347501442527784,299,188,100041,1.0033057896686424,0.03545964462972765,0.9997550476758916,1.006624989417162,0.0,0.9996539210167851,1.0031856132642503,0.0,False,400,100,1,0.0005000000000000004,0.7159318740849122,0.3221916959220438
DiagonalScanPath_2,Diagonal,heldout,3,0.1,293.9158405133969,0.10035985605757697,A,1fedc80b356338684352a1e7259d8326a9a6acd112b486d6c0ab2d2302f51a73,unused,a96abeac8bfdb10bba0eb10beb5f045f288f959272abb553d4288b6aff4d8385,29c6b8d2253c4ba10a699df406923fe53bb7c47acefbbbceb9a8c597d0d56a37,11.768422115619032,358,251,100041,,0.12790165494200545,0.9997456854539729,1.012806598395349,0.0,0.9997354356669851,1.012806598395349,0.0,False,400,100,1,0.0005000000000000004,0.7159318740849122,0.4537110954997764
DiagonalScanPath_2,Diagonal,heldout,3,0.1,293.9158405133969,0.10035985605757697,B,1fedc80b356338684352a1e7259d8326a9a6acd112b486d6c0ab2d2302f51a73,c987a754b1c6f0b1503702a6a98fbd15aa4792ced7a29a466323cadca4538f84,4e06d4718377857e538534adb2b056d86944cdcd48bb13fb100af3bd08d7702a,29c6b8d2253c4ba10a699df406923fe53bb7c47acefbbbceb9a8c597d0d56a37,11.768422115619032,358,251,100041,1.004891918152306,0.13154070447151744,0.9997727291092845,1.007182305442266,0.0,0.9998536817753847,1.007182305442266,0.0,False,400,100,1,0.0005000000000000004,0.7159318740849122,0.4537110954997764
DiagonalScanPath_2,Diagonal,heldout,3,0.1,293.9158405133969,0.10035985605757697,C,1fedc80b356338684352a1e7259d8326a9a6acd112b486d6c0ab2d2302f51a73,c987a754b1c6f0b1503702a6a98fbd15aa4792ced7a29a466323cadca4538f84,4e06d4718377857e538534adb2b056d86944cdcd48bb13fb100af3bd08d7702a,c8ede02a9b9cd945ca2a1eab5b7a3f55f83cc24cf090efc93078a3b23e6ff9a8,0.9662695438305111,358,251,100041,1.004891918152306,0.03959407778459842,0.9997558656823962,1.0070677581254384,0.0,0.9997400341538284,1.0070677581254384,0.0,False,400,100,1,0.0005000000000000004,0.7159318740849122,0.4537110954997764
DiagonalScanPath_2,Diagonal,heldout,4,0.15,293.6822024079517,0.15033986405437824,A,ee5d97b333eafb47a3b0cdab4ca169f40ed89fc7199ae7bbb85d785b34977c8a,unused,a96abeac8bfdb10bba0eb10beb5f045f288f959272abb553d4288b6aff4d8385,f05fb2aca715d7a220a6493e87c82ea1d3f0f8f2324b8430c1dc17e7f7452f1b,11.768422115619032,475,376,100041,,0.12371277719860901,0.9997393435555233,1.0064663630943496,0.0,0.9996118844175547,1.0050099649004904,0.0,False,400,100,1,0.0005000000000000004,0.7159318740849122,0.65557947977666
DiagonalScanPath_2,Diagonal,heldout,4,0.15,293.6822024079517,0.15033986405437824,B,ee5d97b333eafb47a3b0cdab4ca169f40ed89fc7199ae7bbb85d785b34977c8a,2af669351ee77a0cc9e40e6c3400b5bf0f83fd93847a84b3302df62dbfcf9fa0,a9fefc6a45f4d9c21a98c218131fefceea86b7f19c5738ba79e20feee8806022,f05fb2aca715d7a220a6493e87c82ea1d3f0f8f2324b8430c1dc17e7f7452f1b,11.768422115619032,475,376,100041,1.0051597566267332,0.12676815626000484,0.9997511068037551,1.006464154228469,0.0,0.9996927298488025,1.0049183912080093,0.0,False,400,100,1,0.0005000000000000004,0.7159318740849122,0.65557947977666
DiagonalScanPath_2,Diagonal,heldout,4,0.15,293.6822024079517,0.15033986405437824,C,ee5d97b333eafb47a3b0cdab4ca169f40ed89fc7199ae7bbb85d785b34977c8a,2af669351ee77a0cc9e40e6c3400b5bf0f83fd93847a84b3302df62dbfcf9fa0,a9fefc6a45f4d9c21a98c218131fefceea86b7f19c5738ba79e20feee8806022,e4fb65c71f6a0c1a5bff7e77fbed172a77b020c0fcfc7ac05593eaa3bd6816c0,1.1681379281073947,475,376,100041,1.0051597566267332,0.0417442318327395,0.9997602836522853,1.0063671719872265,0.0,0.9996650601355532,1.0044521192669953,0.0,False,400,100,1,0.0005000000000000004,0.7159318740849122,0.65557947977666
DiagonalScanPath_2,Diagonal,heldout,5,0.2,293.54008091733806,0.20031987205117952,A,f49d3882be99e841f2414db27e9578f99e3e2ca78c54b944fbd69bcd1f348d5e,unused,a96abeac8bfdb10bba0eb10beb5f045f288f959272abb553d4288b6aff4d8385,5880e6e4ce022f83c4332f887b4586475a25a26b65d9a82d539b844821e3f307,11.768422115619032,592,501,100041,,0.12090624501401234,0.9997762700694561,1.0053516160618365,0.0,0.999778772797511,1.005246346631672,0.0,False,400,100,1,0.0005000000000000004,0.7159318740849122,0.8665822603321636
DiagonalScanPath_2,Diagonal,heldout,5,0.2,293.54008091733806,0.20031987205117952,B,f49d3882be99e841f2414db27e9578f99e3e2ca78c54b944fbd69bcd1f348d5e,973bef0f7331193ff271225a6a3c9a417db5f51855492cbb1e9328c8be13765e,e4d72f1f9bb6fd496e58ada857834d4d8d834eed35f61a12975904fc75ce6dbc,5880e6e4ce022f83c4332f887b4586475a25a26b65d9a82d539b844821e3f307,11.768422115619032,592,501,100041,1.005085942329549,0.12106068245531906,0.9997733244124193,1.0055484908591525,0.0,0.99969983805179,1.0053254636438005,0.0,False,400,100,1,0.0005000000000000004,0.7159318740849122,0.8665822603321636
DiagonalScanPath_2,Diagonal,heldout,5,0.2,293.54008091733806,0.20031987205117952,C,f49d3882be99e841f2414db27e9578f99e3e2ca78c54b944fbd69bcd1f348d5e,973bef0f7331193ff271225a6a3c9a417db5f51855492cbb1e9328c8be13765e,e4d72f1f9bb6fd496e58ada857834d4d8d834eed35f61a12975904fc75ce6dbc,f820b34d6bc82dca7a812e2b84491ba40e662c66c919e0d447c537512f2bf9ae,1.379140708662898,592,501,100041,1.005085942329549,0.04563195434591169,0.9997811234014625,1.006015506605727,0.0,0.999706693081381,1.0039493361467604,0.0,False,400,100,1,0.0005000000000000004,0.7159318740849122,0.8665822603321636
DiagonalScanPath_3,Diagonal,heldout,0,0.03,294.9015209525281,0.03638544582167133,A,fc6a320e82d85548ed3aa281fdc085ab98372595bec51376a9826c60bda04ecc,unused,7333947686e93da156c4e0303b62f88c7badb3d9b1a8cb1fddf4d4972528c395,585e2b58f65f7c8e9854e6504c75508f3947b967b8e028fc1fbb82182c1dca68,11.768422115619032,206,91,200041,,0.1323083911077338,0.999744045931538,1.007285942779732,0.0,1.0000304293099416,1.004802581191353,0.0,False,400,100,1,0.0005000000000000004,0.7159318740849122,0.13539854988764832
DiagonalScanPath_3,Diagonal,heldout,0,0.03,294.9015209525281,0.03638544582167133,B,fc6a320e82d85548ed3aa281fdc085ab98372595bec51376a9826c60bda04ecc,170fbf61087bcfd485a3b22a59afc289aeaab3854da305fed3abf73fbac8fab3,b2e474ce96aec15a3a6a15d11c7a2bb41d5feadb55a262badfcb80d0898a1a87,585e2b58f65f7c8e9854e6504c75508f3947b967b8e028fc1fbb82182c1dca68,11.768422115619032,206,91,200041,1.0045375429833747,0.13208873180691458,0.9997320013129981,1.006951182402788,0.0,0.9997085106449675,1.0029287741545758,0.0,False,400,100,1,0.0005000000000000004,0.7159318740849122,0.13539854988764832
DiagonalScanPath_3,Diagonal,heldout,0,0.03,294.9015209525281,0.03638544582167133,C,fc6a320e82d85548ed3aa281fdc085ab98372595bec51376a9826c60bda04ecc,170fbf61087bcfd485a3b22a59afc289aeaab3854da305fed3abf73fbac8fab3,b2e474ce96aec15a3a6a15d11c7a2bb41d5feadb55a262badfcb80d0898a1a87,7f92ddb403c33d681263eca2268f96f9dec24cbc52dc727768a92496adef9779,0.647956998218383,206,91,200041,1.0045375429833747,0.03149094337945123,0.9997281802728811,1.0071621000097728,0.0,0.999496298615885,1.0033267748013521,0.0,False,400,100,1,0.0005000000000000004,0.7159318740849122,0.13539854988764832
DiagonalScanPath_3,Diagonal,heldout,1,0.05,294.560468319108,0.05037984806077569,A,d00ff1519a31a4a3e0f424e703f545bf436f41966e37f639dc88af71ab6d478d,unused,7333947686e93da156c4e0303b62f88c7badb3d9b1a8cb1fddf4d4972528c395,e0786b6aa82a5fc754fa85e2db300b5a52f04c82d42f247fef390eb2f5d37a02,11.768422115619032,239,126,200041,,0.1303311761877842,0.9997258486699757,1.0094748327107095,0.0,0.9995869611204228,1.0094748327107095,0.0,False,400,100,1,0.0005000000000000004,0.7159318740849122,0.22701929907480084
DiagonalScanPath_3,Diagonal,heldout,1,0.05,294.560468319108,0.05037984806077569,B,d00ff1519a31a4a3e0f424e703f545bf436f41966e37f639dc88af71ab6d478d,78406c75cf902f6d6fac54bf3579d8d56b4d64efe6dde9426b893cdc75108e73,6c2d8688ea9800b9ad4f9f7f347b4d0adf9454aa44169489551dba4d5155ad58,e0786b6aa82a5fc754fa85e2db300b5a52f04c82d42f247fef390eb2f5d37a02,11.768422115619032,239,126,200041,1.0036218143219349,0.13115964429492616,0.9997096596522465,1.0106679156344855,0.0,0.9993811401833194,1.0106679156344855,0.0,False,400,100,1,0.0005000000000000004,0.7159318740849122,0.22701929907480084
DiagonalScanPath_3,Diagonal,heldout,1,0.05,294.560468319108,0.05037984806077569,C,d00ff1519a31a4a3e0f424e703f545bf436f41966e37f639dc88af71ab6d478d,78406c75cf902f6d6fac54bf3579d8d56b4d64efe6dde9426b893cdc75108e73,6c2d8688ea9800b9ad4f9f7f347b4d0adf9454aa44169489551dba4d5155ad58,93923234224baa275a68041247f6e4353a49a3b883cfd59a48e3fea9e0b464ab,0.7395777474055354,239,126,200041,1.0036218143219349,0.03333299338486797,0.9997290933283173,1.006951182401145,0.0,0.9994929676763104,1.0049578115360525,0.0,False,400,100,1,0.0005000000000000004,0.7159318740849122,0.22701929907480084
DiagonalScanPath_3,Diagonal,heldout,2,0.075,294.3066337663805,0.07516993202718912,A,3175ee3aa3bd0cc1f385cd8fe17b39cb46b14d3f6ef32b8f416a1eefb1fdd026,unused,7333947686e93da156c4e0303b62f88c7badb3d9b1a8cb1fddf4d4972528c395,d9a99a0583357f6939e08311663dbde848bcd433731a82bbd51bdd855e121416,11.768422115619032,299,188,200041,,0.13015602181503055,0.9997496286420849,1.0069511824027844,0.0,0.9998855485686173,1.0055916787134151,0.0,False,400,100,1,0.0005000000000000004,0.7159318740849122,0.31440196186933167
DiagonalScanPath_3,Diagonal,heldout,2,0.075,294.3066337663805,0.07516993202718912,B,3175ee3aa3bd0cc1f385cd8fe17b39cb46b14d3f6ef32b8f416a1eefb1fdd026,3ddebb30f52096b0e0ed91c8ef33661e14876c9b5a026d2e9ff27a51de8f8578,b3cb0f739dbcd7aabf56db92aacc7e52fc88397982f462edc9a47b5de93b72df,d9a99a0583357f6939e08311663dbde848bcd433731a82bbd51bdd855e121416,11.768422115619032,299,188,200041,1.0059570866277294,0.13034854926559436,0.9997281802728842,1.0069511824027781,0.0,0.9996497535887205,1.0027694445610902,0.0,False,400,100,1,0.0005000000000000004,0.7159318740849122,0.31440196186933167
DiagonalScanPath_3,Diagonal,heldout,2,0.075,294.3066337663805,0.07516993202718912,C,3175ee3aa3bd0cc1f385cd8fe17b39cb46b14d3f6ef32b8f416a1eefb1fdd026,3ddebb30f52096b0e0ed91c8ef33661e14876c9b5a026d2e9ff27a51de8f8578,b3cb0f739dbcd7aabf56db92aacc7e52fc88397982f462edc9a47b5de93b72df,86837c14a1da9168457a369b323dc08b7a74cf04c2700f51357373aca8553970,0.8269604102000662,299,188,200041,1.0059570866277294,0.03719835962023374,0.9997321325476088,1.0069511824090904,0.0,0.9996395447445143,1.0042159396778196,0.0,False,400,100,1,0.0005000000000000004,0.7159318740849122,0.31440196186933167
DiagonalScanPath_3,Diagonal,heldout,3,0.1,294.0531900984871,0.10035985605757697,A,53f0c1d463bcd14cedaea0c40f3cf6d4d3f40edbd60dd4a56c4fd239d1226c59,unused,7333947686e93da156c4e0303b62f88c7badb3d9b1a8cb1fddf4d4972528c395,f06405eb20d96389cb2db7c090fef90b8a5dfe31940b442b698e189a0eb510c1,11.768422115619032,359,251,200041,,0.1289481042209479,0.9997446696508365,1.0069511824027395,0.0,0.9997773405705421,1.005767802933535,0.0,False,400,100,1,0.0005000000000000004,0.7159318740849122,0.46256309936140444
DiagonalScanPath_3,Diagonal,heldout,3,0.1,294.0531900984871,0.10035985605757697,B,53f0c1d463bcd14cedaea0c40f3cf6d4d3f40edbd60dd4a56c4fd239d1226c59,71820b23abaaade5dd2160a3721bd039011368b4d1aef3e2031483c3c2195a78,7a478a4c556e3be2c1848b3f6a7a4c35121b01560c1d2b7b34aa10fad5030868,f06405eb20d96389cb2db7c090fef90b8a5dfe31940b442b698e189a0eb510c1,11.768422115619032,359,251,200041,1.0044344076568898,0.13037297703690282,0.9997294119782759,1.0069511824027566,0.0,0.9996606452422251,1.0047105192729886,0.0,False,400,100,1,0.0005000000000000004,0.7159318740849122,0.46256309936140444
DiagonalScanPath_3,Diagonal,heldout,3,0.1,294.0531900984871,0.10035985605757697,C,53f0c1d463bcd14cedaea0c40f3cf6d4d3f40edbd60dd4a56c4fd239d1226c59,71820b23abaaade5dd2160a3721bd039011368b4d1aef3e2031483c3c2195a78,7a478a4c556e3be2c1848b3f6a7a4c35121b01560c1d2b7b34aa10fad5030868,c8dce58a77f9abb1468a9b285e9b3852dda43b8188fd4d8edab7540c5e72d451,0.9751215476921391,359,251,200041,1.0044344076568898,0.037840519099818254,0.9997218055872933,1.0069511823953925,0.0,0.9995789418572801,1.0038998354468296,0.0,False,400,100,1,0.0005000000000000004,0.7159318740849122,0.46256309936140444
DiagonalScanPath_3,Diagonal,heldout,4,0.15,293.7205806556136,0.15033986405437824,A,ccdb12741016dd5038317dcffc04a311843ff657cfff1a9e56a5092d15e1b101,unused,7333947686e93da156c4e0303b62f88c7badb3d9b1a8cb1fddf4d4972528c395,ba44c6aecb7cb4c838bc01df5be370503087969c647e1f00bc2bb9d136845cfa,11.768422115619032,478,376,200041,,0.12728464326963493,0.999736277790182,1.0069507769274293,0.0,0.9996947323942664,1.0047521699628146,0.0,False,400,100,1,0.0005000000000000004,0.7159318740849122,0.699152245410352
DiagonalScanPath_3,Diagonal,heldout,4,0.15,293.7205806556136,0.15033986405437824,B,ccdb12741016dd5038317dcffc04a311843ff657cfff1a9e56a5092d15e1b101,1751aa76e0e0582c1be0406f6b4679633c2f3b5245fe8d6dacdfffab0a2168b3,254ffb21c09c036744c6486882b198f0a802d10bc92b229ba4d9e7c8bab9dc48,ba44c6aecb7cb4c838bc01df5be370503087969c647e1f00bc2bb9d136845cfa,11.768422115619032,478,376,200041,1.0059520951408911,0.12930133881019987,0.9997176359100147,1.006950788555953,0.0,0.9995707411216312,1.003680587462492,0.0,False,400,100,1,0.0005000000000000004,0.7159318740849122,0.699152245410352
DiagonalScanPath_3,Diagonal,heldout,4,0.15,293.7205806556136,0.15033986405437824,C,ccdb12741016dd5038317dcffc04a311843ff657cfff1a9e56a5092d15e1b101,1751aa76e0e0582c1be0406f6b4679633c2f3b5245fe8d6dacdfffab0a2168b3,254ffb21c09c036744c6486882b198f0a802d10bc92b229ba4d9e7c8bab9dc48,59231fd067b5fea8c6ded1fff25ce1574992c3e5ecc9f78a5b2d076b8bcc83c5,1.2117106937410866,478,376,200041,1.0059520951408911,0.04349211903272697,0.999743041859377,1.0069384577839076,0.0,0.999730489137769,1.0048872645546572,0.0,False,400,100,1,0.0005000000000000004,0.7159318740849122,0.699152245410352
DiagonalScanPath_3,Diagonal,heldout,5,0.2,293.5780237504657,0.20031987205117952,A,240d4e195ec5ce7bc75cd4ac9a3b3357c00489a7d0eda8f44d1a43ad7fbe32a8,unused,7333947686e93da156c4e0303b62f88c7badb3d9b1a8cb1fddf4d4972528c395,0f6af77cd7ef55f7cbb120c7728b2421e1384971211d04649a1217950b7373a4,11.768422115619032,599,501,200041,,0.12218877653390024,0.9997457022097435,1.0088015844355471,0.0,0.999705484896746,1.0088015844355471,0.0,False,400,100,1,0.0005000000000000004,0.7159318740849122,0.8887230901262967
DiagonalScanPath_3,Diagonal,heldout,5,0.2,293.5780237504657,0.20031987205117952,B,240d4e195ec5ce7bc75cd4ac9a3b3357c00489a7d0eda8f44d1a43ad7fbe32a8,da7d4ea6de101dff65578e47a9820ed27fafa4394c249df26b13ec30a0e19325,0624016277fa340db8370cd4e0d849d814d6bc711b4c706e09b141213c47a7ad,0f6af77cd7ef55f7cbb120c7728b2421e1384971211d04649a1217950b7373a4,11.768422115619032,599,501,200041,1.0066069004246136,0.12740566906487122,0.9997618139019677,1.0100090347106452,0.0,0.9997560524065184,1.0100090347106452,0.0,False,400,100,1,0.0005000000000000004,0.7159318740849122,0.8887230901262967
DiagonalScanPath_3,Diagonal,heldout,5,0.2,293.5780237504657,0.20031987205117952,C,240d4e195ec5ce7bc75cd4ac9a3b3357c00489a7d0eda8f44d1a43ad7fbe32a8,da7d4ea6de101dff65578e47a9820ed27fafa4394c249df26b13ec30a0e19325,0624016277fa340db8370cd4e0d849d814d6bc711b4c706e09b141213c47a7ad,d804feeeee1b42466998c48b143762368f0ce041c0ee4d7cffb526ce4d90ff03,1.4012815384570314,599,501,200041,1.0066069004246136,0.046337370196501235,0.9997497062683136,1.0073780312250693,0.0,0.999708093097264,1.0048477397443198,0.0,False,400,100,1,0.0005000000000000004,0.7159318740849122,0.8887230901262967
DiagonalScanPath_4,Diagonal,heldout,0,0.03,295.3585248883726,0.03078768492602959,A,7f97f3074a0806857ea51f6e0e7bd3c39c95f1d78f1d364f2d476cda8ae43250,unused,dc605eb8c62cc8e524c2cdcd5e4086a51828c24deef02cd14d5a82f259428f00,cd76115176287c4ed39a40a503a8e1a59a39f77881a8ce95a47ae5b88c82d60f,11.768422115619032,192,77,300041,,0.13294734517327342,0.9997385715605308,1.0075418303978783,0.0,0.999634903170549,1.0021839694747077,0.0,False,400,100,1,0.0005000000000000004,0.7159318740849122,0.10970073809815069
DiagonalScanPath_4,Diagonal,heldout,0,0.03,295.3585248883726,0.03078768492602959,B,7f97f3074a0806857ea51f6e0e7bd3c39c95f1d78f1d364f2d476cda8ae43250,dbf4ca24a5ea1e48a0cac6795a548708c090d3d1b80c04436ac48681ff56ab70,bbf1698dd23f248d3ac88506c91ce17afda19c24e0e921f869e0a6dc83fb856f,cd76115176287c4ed39a40a503a8e1a59a39f77881a8ce95a47ae5b88c82d60f,11.768422115619032,192,77,300041,1.0045137823754275,0.1335490840801104,0.9997309572201175,1.007581418866658,0.0,0.9994398267570562,1.003668645069073,0.0,False,400,100,1,0.0005000000000000004,0.7159318740849122,0.10970073809815069
DiagonalScanPath_4,Diagonal,heldout,0,0.03,295.3585248883726,0.03078768492602959,C,7f97f3074a0806857ea51f6e0e7bd3c39c95f1d78f1d364f2d476cda8ae43250,dbf4ca24a5ea1e48a0cac6795a548708c090d3d1b80c04436ac48681ff56ab70,bbf1698dd23f248d3ac88506c91ce17afda19c24e0e921f869e0a6dc83fb856f,f6e4fc809b7761f333d2803f8ddd00bbed7ff49c98fd007978cfc262d465d3d6,0.6222591864288852,192,77,300041,1.0045137823754275,0.031123152068652276,0.9997246236129771,1.0075048509387035,0.0,0.999463226289439,1.0022541066246475,0.0,False,400,100,1,0.0005000000000000004,0.7159318740849122,0.10970073809815069
DiagonalScanPath_4,Diagonal,heldout,1,0.05,294.8366822650531,0.05037984806077569,A,a79593441faeaab0f6c9dbae7319f2fff75cb7f55e2c3aeb4916d98c36c50d1c,unused,dc605eb8c62cc8e524c2cdcd5e4086a51828c24deef02cd14d5a82f259428f00,6f6b8dea412bf2174876a771d4e06085aa78ce39594dc35e4ff600fe2b95946a,11.768422115619032,238,126,300041,,0.13251370951402394,0.99975703030842,1.00708114461551,0.0,0.9999849365338844,1.00446492765892,0.0,False,400,100,1,0.0005000000000000004,0.7159318740849122,0.202949156688098
DiagonalScanPath_4,Diagonal,heldout,1,0.05,294.8366822650531,0.05037984806077569,B,a79593441faeaab0f6c9dbae7319f2fff75cb7f55e2c3aeb4916d98c36c50d1c,88e3b4891d90a2da3d5adfff1c4870c79876d79228c2c62490343f3289fa9a48,36925aa6cb0f4272d82a2332a1c9f3f2d0742f64550a1fc4ff733089bcd93209,6f6b8dea412bf2174876a771d4e06085aa78ce39594dc35e4ff600fe2b95946a,11.768422115619032,238,126,300041,1.00390273349128,0.1341700987726081,0.9997394325226908,1.0067129774184354,0.0,0.9997252056551795,1.004246394553144,0.0,False,400,100,1,0.0005000000000000004,0.7159318740849122,0.202949156688098
DiagonalScanPath_4,Diagonal,heldout,1,0.05,294.8366822650531,0.05037984806077569,C,a79593441faeaab0f6c9dbae7319f2fff75cb7f55e2c3aeb4916d98c36c50d1c,88e3b4891d90a2da3d5adfff1c4870c79876d79228c2c62490343f3289fa9a48,36925aa6cb0f4272d82a2332a1c9f3f2d0742f64550a1fc4ff733089bcd93209,4387e35817b8e99c79edc5e63c1d5ca7ec16abb7b90af03123e0fef4f4085156,0.7155076050188327,238,126,300041,1.00390273349128,0.034911946261857035,0.9997383786105889,1.0070289691900585,0.0,0.9996827961863468,1.0037421666919897,0.0,False,400,100,1,0.0005000000000000004,0.7159318740849122,0.202949156688098
DiagonalScanPath_4,Diagonal,heldout,2,0.075,294.3944477086342,0.07516993202718912,A,dd9a9e5a8ad1076d47bd29630319779258b20646a33e4d8359a707aac6b9474a,unused,dc605eb8c62cc8e524c2cdcd5e4086a51828c24deef02cd14d5a82f259428f00,df8ba121f2b1820a9d1aa5a2bee5d604cd6f6c2dc19509d10c236394aee3d63c,11.768422115619032,299,188,300041,,0.1299775887344782,0.9997368392953231,1.0065639949863838,0.0,0.9995922847278582,1.0039618530220797,0.0,False,400,100,1,0.0005000000000000004,0.7159318740849122,0.3481625309215878
DiagonalScanPath_4,Diagonal,heldout,2,0.075,294.3944477086342,0.07516993202718912,B,dd9a9e5a8ad1076d47bd29630319779258b20646a33e4d8359a707aac6b9474a,64a8c1368ec3c82e4acb15a48ecd2ee67a65630ec21fdba6f49511ea9db4e555,c4380f946874ff61fe99019bcc129cebac23a4e5374bb36347f5cb3d01907667,df8ba121f2b1820a9d1aa5a2bee5d604cd6f6c2dc19509d10c236394aee3d63c,11.768422115619032,299,188,300041,1.005270710231582,0.131739585513951,0.9997122777516737,1.0065639990296782,0.0,0.9994740847753313,1.0029973383142825,0.0,False,400,100,1,0.0005000000000000004,0.7159318740849122,0.3481625309215878
DiagonalScanPath_4,Diagonal,heldout,2,0.075,294.3944477086342,0.07516993202718912,C,dd9a9e5a8ad1076d47bd29630319779258b20646a33e4d8359a707aac6b9474a,64a8c1368ec3c82e4acb15a48ecd2ee67a65630ec21fdba6f49511ea9db4e555,c4380f946874ff61fe99019bcc129cebac23a4e5374bb36347f5cb3d01907667,949e8a5c5bef9fbf1619259b8489598b42111f24990f2e25f3d1af561ab3ee49,0.8607209792523224,299,188,300041,1.005270710231582,0.035402092596056735,0.9997284449203205,1.0065640096371065,0.0,0.9995135554799015,1.005995200458684,0.0,False,400,100,1,0.0005000000000000004,0.7159318740849122,0.3481625309215878
DiagonalScanPath_4,Diagonal,heldout,3,0.1,294.1457971572278,0.10035985605757697,A,ebb3a5af03e061255720b2331417607380ca09be1102ee63ca48c04eb5645a83,unused,dc605eb8c62cc8e524c2cdcd5e4086a51828c24deef02cd14d5a82f259428f00,e589b284b7567e3628d13260d8d50fc118909c58de90d693be1177605b2a8375,11.768422115619032,361,251,300041,,0.12986956206666822,0.9997600989633783,1.007198000476341,0.0,0.9997930111878176,1.0048599155174696,0.0,False,400,100,1,0.0005000000000000004,0.7159318740849122,0.46284126557237665
DiagonalScanPath_4,Diagonal,heldout,3,0.1,294.1457971572278,0.10035985605757697,B,ebb3a5af03e061255720b2331417607380ca09be1102ee63ca48c04eb5645a83,e6554e3186fc1671d06e8617c44faded90ed528d607bf084b9232c1cea6f36d7,0803639dd319225c737e9a923036d8e7fec6788e1be3681d636f6cb3ba979c30,e589b284b7567e3628d13260d8d50fc118909c58de90d693be1177605b2a8375,11.768422115619032,361,251,300041,1.0043177545815347,0.1302826420361088,0.9997200841899461,1.0070891596202898,0.0,0.9995068196180371,1.0026169777294451,0.0,False,400,100,1,0.0005000000000000004,0.7159318740849122,0.46284126557237665
DiagonalScanPath_4,Diagonal,heldout,3,0.1,294.1457971572278,0.10035985605757697,C,ebb3a5af03e061255720b2331417607380ca09be1102ee63ca48c04eb5645a83,e6554e3186fc1671d06e8617c44faded90ed528d607bf084b9232c1cea6f36d7,0803639dd319225c737e9a923036d8e7fec6788e1be3681d636f6cb3ba979c30,83844739265a4d3fb5c9bdcf4ab80054512d6d34e613a8269bace7066e006f13,0.9753997139031112,361,251,300041,1.0043177545815347,0.038420272935726967,0.9997411059566419,1.0066881682948696,0.0,0.9995849382519594,1.0046987607623554,0.0,False,400,100,1,0.0005000000000000004,0.7159318740849122,0.46284126557237665
DiagonalScanPath_4,Diagonal,heldout,4,0.15,293.7562075993655,0.15033986405437824,A,5bcf1ac3299463137ff3cd3db07eaee0dadf7c293db735637edaa544bf0ade62,unused,dc605eb8c62cc8e524c2cdcd5e4086a51828c24deef02cd14d5a82f259428f00,c395533aa6ce9a75d2f0540992278a343a2b57bd4f01590f42cbf88aabf5a7ae,11.768422115619032,477,376,300041,,0.12661331829137595,0.999728556044818,1.006563436347864,0.0,0.9996114887391552,1.0048918541348355,0.0,False,400,100,1,0.0005000000000000004,0.7159318740849122,0.6843087006804542
DiagonalScanPath_4,Diagonal,heldout,4,0.15,293.7562075993655,0.15033986405437824,B,5bcf1ac3299463137ff3cd3db07eaee0dadf7c293db735637edaa544bf0ade62,30673629a467f4bdde640485cf32a34c8f46bc8f6063794e81b0d5c1faa69aca,0d113c500f66ab5f203095f1a0d3010b9c6259250c40c5377b726cbd79c39984,c395533aa6ce9a75d2f0540992278a343a2b57bd4f01590f42cbf88aabf5a7ae,11.768422115619032,477,376,300041,1.0047276323515892,0.12831753091237422,0.9997122635826519,1.0065642173173321,0.0,0.9995091801564286,1.004931719942808,0.0,False,400,100,1,0.0005000000000000004,0.7159318740849122,0.6843087006804542
DiagonalScanPath_4,Diagonal,heldout,4,0.15,293.7562075993655,0.15033986405437824,C,5bcf1ac3299463137ff3cd3db07eaee0dadf7c293db735637edaa544bf0ade62,30673629a467f4bdde640485cf32a34c8f46bc8f6063794e81b0d5c1faa69aca,0d113c500f66ab5f203095f1a0d3010b9c6259250c40c5377b726cbd79c39984,1c38a7cffab478c4fd1155eac3b89dd317b19421324523a90f41920bfd370c44,1.1968671490111888,477,376,300041,1.0047276323515892,0.0412677565206486,0.9997264261908685,1.0065635231403134,0.0,0.999561356898409,1.0040575525342212,0.0,False,400,100,1,0.0005000000000000004,0.7159318740849122,0.6843087006804542
DiagonalScanPath_4,Diagonal,heldout,5,0.2,293.5909668961615,0.20031987205117952,A,0710b3a335fc59709fc38730456ccdeec5054a69b5785fc738e4220538045678,unused,dc605eb8c62cc8e524c2cdcd5e4086a51828c24deef02cd14d5a82f259428f00,add1ba347f578e4085c56dd3c9defcf0f46cbe91b8fa7989686ba4985131f63d,11.768422115619032,594,501,300041,,0.12336301812793843,0.99977636112586,1.0087192483168033,0.0,0.9998184835016136,1.0087192483168033,0.0,False,400,100,1,0.0005000000000000004,0.7159318740849122,0.8707096833173668
DiagonalScanPath_4,Diagonal,heldout,5,0.2,293.5909668961615,0.20031987205117952,B,0710b3a335fc59709fc38730456ccdeec5054a69b5785fc738e4220538045678,92ee12861ef604f6799a84050a5846e472cb7f0beb57d906d412186353e213ce,517918935ed150533d998dc3e647daeaeb368ae4a4ef89888c10e41e00251606,add1ba347f578e4085c56dd3c9defcf0f46cbe91b8fa7989686ba4985131f63d,11.768422115619032,594,501,300041,1.008381068638212,0.12570519816673398,0.9997661104527189,1.0086487183422594,0.0,0.9997351211312008,1.0086487183422594,0.0,False,400,100,1,0.0005000000000000004,0.7159318740849122,0.8707096833173668
DiagonalScanPath_4,Diagonal,heldout,5,0.2,293.5909668961615,0.20031987205117952,C,0710b3a335fc59709fc38730456ccdeec5054a69b5785fc738e4220538045678,92ee12861ef604f6799a84050a5846e472cb7f0beb57d906d412186353e213ce,517918935ed150533d998dc3e647daeaeb368ae4a4ef89888c10e41e00251606,3291be7a40b75812a702389aa0988285361de51e04868dba804bccdb55800ac8,1.3832681316481015,594,501,300041,1.008381068638212,0.046760306407664674,0.9997796158350057,1.0070430796480663,0.0,0.9998521451115108,1.0056075292691316,0.0,False,400,100,1,0.0005000000000000004,0.7159318740849122,0.8707096833173668
DiagonalScanPath_5,Diagonal,heldout,0,0.03,295.50866552712534,0.03158736505397841,A,83bf60c6ceeac1e5595a81eb5b986c382fc185b1a370a31be7969e7839ce6972,unused,9fcbcc7af509dec81e5b9a348ac94f75f7335e4b163e580d59a8275e8641f0b2,61efd05a1cafdb8303367e458faab2d9ac326a07432bcc031b902591b6dc422e,11.768422115619032,193,79,400041,,0.13204202404143575,0.9997665371209021,1.00812396262386,0.0,1.0000534095886682,1.00812396262386,0.0,False,400,100,1,0.0004999999999999866,0.7159318740849036,0.13722836998428056
DiagonalScanPath_5,Diagonal,heldout,0,0.03,295.50866552712534,0.03158736505397841,B,83bf60c6ceeac1e5595a81eb5b986c382fc185b1a370a31be7969e7839ce6972,a73f40f33b279568ec482ee743dc27b35f2dd541e994fed17714727959bfb568,dd0d67a411f87b6318cf0c1460d24d5b5a174e06a39c7774ad6b8238deb0b360,61efd05a1cafdb8303367e458faab2d9ac326a07432bcc031b902591b6dc422e,11.768422115619032,193,79,400041,1.002712705312136,0.13249681702653385,0.9997579487476692,1.0074147832515237,0.0,0.9996681723216618,1.0043325428639012,0.0,False,400,100,1,0.0004999999999999866,0.7159318740849036,0.13722836998428056
DiagonalScanPath_5,Diagonal,heldout,0,0.03,295.50866552712534,0.03158736505397841,C,83bf60c6ceeac1e5595a81eb5b986c382fc185b1a370a31be7969e7839ce6972,a73f40f33b279568ec482ee743dc27b35f2dd541e994fed17714727959bfb568,dd0d67a411f87b6318cf0c1460d24d5b5a174e06a39c7774ad6b8238deb0b360,174c173304d37db9613675f3fbbcda9c85d1517d34973db8cfc69579af5807a8,0.6497868183150027,193,79,400041,1.002712705312136,0.03301868930993631,0.9997550291201907,1.0074147832514984,0.0,0.9996389952721538,1.0026531660803712,0.0,False,400,100,1,0.0004999999999999866,0.7159318740849036,0.13722836998428056
DiagonalScanPath_5,Diagonal,heldout,1,0.05,295.02142272710296,0.05037984806077569,A,49d7de55d474a1dfa9b3f06d83affa4bf910c3e6eba9467ef78a983f5ab317db,unused,9fcbcc7af509dec81e5b9a348ac94f75f7335e4b163e580d59a8275e8641f0b2,bf7679d94fb8cb5dade1893098de42a45e4681bc977790928ebc6ebb4e6951e0,11.768422115619032,239,126,400041,,0.13085918514423708,0.999758071399303,1.0074147832515057,0.0,0.9998093434441908,1.0041213140761804,0.0,False,400,100,1,0.0004999999999999866,0.7159318740849036,0.20587581381626047
DiagonalScanPath_5,Diagonal,heldout,1,0.05,295.02142272710296,0.05037984806077569,B,49d7de55d474a1dfa9b3f06d83affa4bf910c3e6eba9467ef78a983f5ab317db,5ca17c25bfe0e2e6057dfe64dcfed4efb62fbafd41005951c16d5006f55bd7a5,319b24c34e3edd0489895b2b6ed90f6b4090e37af77e194feb8c4b793916de1d,bf7679d94fb8cb5dade1893098de42a45e4681bc977790928ebc6ebb4e6951e0,11.768422115619032,239,126,400041,1.0023913308347332,0.1324399008902516,0.999746042306751,1.0074147832515237,0.0,0.9994817640006606,1.0032117369094553,0.0,False,400,100,1,0.0004999999999999866,0.7159318740849036,0.20587581381626047
DiagonalScanPath_5,Diagonal,heldout,1,0.05,295.02142272710296,0.05037984806077569,C,49d7de55d474a1dfa9b3f06d83affa4bf910c3e6eba9467ef78a983f5ab317db,5ca17c25bfe0e2e6057dfe64dcfed4efb62fbafd41005951c16d5006f55bd7a5,319b24c34e3edd0489895b2b6ed90f6b4090e37af77e194feb8c4b793916de1d,d606b86f2ca98f283b853907c7577828aaf8170fd2f88b0d367eb92f30e5ba39,0.7184342621469827,239,126,400041,1.0023913308347332,0.032691054840413916,0.9997487338297182,1.007414783251544,0.0,0.9995717272477637,1.0029394461998253,0.0,False,400,100,1,0.0004999999999999866,0.7159318740849036,0.20587581381626047
DiagonalScanPath_5,Diagonal,heldout,2,0.075,294.5541047717835,0.07516993202718912,A,c8b36c400da4a7b628f2de50baccf451d46dd3ec936b60514b7ffdc5639cd3fd,unused,9fcbcc7af509dec81e5b9a348ac94f75f7335e4b163e580d59a8275e8641f0b2,39e174838007eeccd612c88c5e83f92fa21aeceeeadc7130be458ebd3935b010,11.768422115619032,299,188,400041,,0.1292639238875725,0.9997579487476654,1.0074147832515057,0.0,0.9996873264394855,1.0030819368519577,0.0,False,400,100,1,0.0004999999999999866,0.7159318740849036,0.3136037429429454
DiagonalScanPath_5,Diagonal,heldout,2,0.075,294.5541047717835,0.07516993202718912,B,c8b36c400da4a7b628f2de50baccf451d46dd3ec936b60514b7ffdc5639cd3fd,a9c68227bbf23c6fa77981c357bb723256b006df7c73c27d43f6c116280f5706,d2d41e9f2c9f83fa3c24fe4bb4d2f775fd7fc7976bffdb37f3d8305cb71d0628,39e174838007eeccd612c88c5e83f92fa21aeceeeadc7130be458ebd3935b010,11.768422115619032,299,188,400041,1.0044768585254176,0.12999847968879966,0.999729787565367,1.0074147832515237,0.0,0.99940447809752,1.0028791332896698,0.0,False,400,100,1,0.0004999999999999866,0.7159318740849036,0.3136037429429454
DiagonalScanPath_5,Diagonal,heldout,2,0.075,294.5541047717835,0.07516993202718912,C,c8b36c400da4a7b628f2de50baccf451d46dd3ec936b60514b7ffdc5639cd3fd,a9c68227bbf23c6fa77981c357bb723256b006df7c73c27d43f6c116280f5706,d2d41e9f2c9f83fa3c24fe4bb4d2f775fd7fc7976bffdb37f3d8305cb71d0628,e02ce4f7467d37368b732851a95c810a05eff80b1e2d0c714936d307f671435c,0.8261621912736675,299,188,400041,1.0044768585254176,0.03483037875638624,0.9997434474789032,1.007414783262272,0.0,0.9995035610693841,1.0055662354961146,0.0,False,400,100,1,0.0004999999999999866,0.7159318740849036,0.3136037429429454
DiagonalScanPath_5,Diagonal,heldout,3,0.1,294.20635056211137,0.10035985605757697,A,461d9f0649dd7da3250cf7142fb362d7bcb10aaf96ee32f86912c7a307918b2a,unused,9fcbcc7af509dec81e5b9a348ac94f75f7335e4b163e580d59a8275e8641f0b2,24d4da4f07e992b1a4b11164a6e68007c764776e4a5378b32b431441981486ca,11.768422115619032,359,251,400041,,0.12848679807037977,0.99976545774751,1.007414783251517,0.0,0.9997228994498466,1.0051899924368757,0.0,False,400,100,1,0.0004999999999999866,0.7159318740849036,0.459955820254752
DiagonalScanPath_5,Diagonal,heldout,3,0.1,294.20635056211137,0.10035985605757697,B,461d9f0649dd7da3250cf7142fb362d7bcb10aaf96ee32f86912c7a307918b2a,b281d78208b2e3b4017eb4fd3299d95622abde883a97691fe2247443375187f2,ef6486d900ed3d753060ebbbf2adfc64dbf439cee19295c8d8a177b3b5213bfe,24d4da4f07e992b1a4b11164a6e68007c764776e4a5378b32b431441981486ca,11.768422115619032,359,251,400041,1.0040539047307255,0.13027791317938683,0.9997414647290195,1.007414783251518,0.0,0.9995104784632899,1.0027988070955556,0.0,False,400,100,1,0.0004999999999999866,0.7159318740849036,0.459955820254752
DiagonalScanPath_5,Diagonal,heldout,3,0.1,294.20635056211137,0.10035985605757697,C,461d9f0649dd7da3250cf7142fb362d7bcb10aaf96ee32f86912c7a307918b2a,b281d78208b2e3b4017eb4fd3299d95622abde883a97691fe2247443375187f2,ef6486d900ed3d753060ebbbf2adfc64dbf439cee19295c8d8a177b3b5213bfe,c908d7479498801588daafd2e53ae2900cefa378b167b88141ebe2532e80b4b6,0.9725142685854743,359,251,400041,1.0040539047307255,0.036580902094618034,0.9997419102333598,1.0074147832679174,0.0,0.9995036909686758,1.0042491104020066,0.0,False,400,100,1,0.0004999999999999866,0.7159318740849036,0.459955820254752
DiagonalScanPath_5,Diagonal,heldout,4,0.15,293.7777767008382,0.15033986405437824,A,92a428c09dbbcb92103cafc6e88d21498d210dad3943c387d59271c4aa3a2f53,unused,9fcbcc7af509dec81e5b9a348ac94f75f7335e4b163e580d59a8275e8641f0b2,8d70b5d66bb4dfcbd842c2681fd99168b7b4bba409adf5ce011358c1244756d0,11.768422115619032,477,376,400041,,0.12575882659036855,0.9997583785869486,1.0098335455840468,0.0,0.9996085724804903,1.0098335455840468,0.0,False,400,100,1,0.0004999999999999866,0.7159318740849036,0.6980080501110084
DiagonalScanPath_5,Diagonal,heldout,4,0.15,293.7777767008382,0.15033986405437824,B,92a428c09dbbcb92103cafc6e88d21498d210dad3943c387d59271c4aa3a2f53,eacd8983e8be44bbbff840a55a21400eecd953856ff4e9654f61ffbab781385a,63ea46660d434258f827246fb5206d381881ed11b2d51761c83e215efffd57a4,8d70b5d66bb4dfcbd842c2681fd99168b7b4bba409adf5ce011358c1244756d0,11.768422115619032,477,376,400041,1.004926760172661,0.1288110880538689,0.9997797595126333,1.0080041470033858,0.0,0.9997788948538296,1.0080041470033858,0.0,False,400,100,1,0.0004999999999999866,0.7159318740849036,0.6980080501110084
DiagonalScanPath_5,Diagonal,heldout,4,0.15,293.7777767008382,0.15033986405437824,C,92a428c09dbbcb92103cafc6e88d21498d210dad3943c387d59271c4aa3a2f53,eacd8983e8be44bbbff840a55a21400eecd953856ff4e9654f61ffbab781385a,63ea46660d434258f827246fb5206d381881ed11b2d51761c83e215efffd57a4,c2882cda419ad013bc35340ced55a293dc687412b08d7e416f2dd6f6a8636b3a,1.2105664984417306,477,376,400041,1.004926760172661,0.041744003263930796,0.9997522778068525,1.0074148910300047,0.0,0.9996134471762044,1.004063468620716,0.0,False,400,100,1,0.0004999999999999866,0.7159318740849036,0.6980080501110084
DiagonalScanPath_5,Diagonal,heldout,5,0.2,293.61313791188536,0.20031987205117952,A,b53739c901ff190e29236281a43b9190b1a027183b039e1728a5e0d6ee7187c0,unused,9fcbcc7af509dec81e5b9a348ac94f75f7335e4b163e580d59a8275e8641f0b2,8dd732b9198609622f6a4949621ab74d177d41315904828047763bb4f44743db,11.768422115619032,596,501,400041,,0.1215619441146849,0.9997464078333308,1.007556594073422,0.0,0.9996664011423055,1.006911880470859,0.0,False,400,100,1,0.0004999999999999866,0.7159318740849036,0.9034254937431614
DiagonalScanPath_5,Diagonal,heldout,5,0.2,293.61313791188536,0.20031987205117952,B,b53739c901ff190e29236281a43b9190b1a027183b039e1728a5e0d6ee7187c0,84d66b9a22f9a8dabe27cb3c0eb01cf06ab45530bb084dee4febde8c30e4860f,a89aa52ac38310780b89eee274e02223342579c2d6279f348efa00e6329e9371,8dd732b9198609622f6a4949621ab74d177d41315904828047763bb4f44743db,11.768422115619032,596,501,400041,1.005230450657982,0.12423327609910285,0.9997395133564562,1.0079684797727793,0.0,0.9996292052111547,1.007113373331465,0.0,False,400,100,1,0.0004999999999999866,0.7159318740849036,0.9034254937431614
DiagonalScanPath_5,Diagonal,heldout,5,0.2,293.61313791188536,0.20031987205117952,C,b53739c901ff190e29236281a43b9190b1a027183b039e1728a5e0d6ee7187c0,84d66b9a22f9a8dabe27cb3c0eb01cf06ab45530bb084dee4febde8c30e4860f,a89aa52ac38310780b89eee274e02223342579c2d6279f348efa00e6329e9371,f73bbb43b7bb60337dd3034a8ae19bf9c35d4a3bcb1604368e7f8afcdc9cf991,1.4159839420738836,596,501,400041,1.005230450657982,0.046035637968762255,0.999736597865539,1.007415501292116,0.0,0.9995968956023639,1.0053798978845991,0.0,False,400,100,1,0.0004999999999999866,0.7159318740849036,0.9034254937431614
DiagonalScanPath_6,Diagonal,heldout,0,0.03,295.76268867732483,0.03078768492602959,A,3f237a7915dad3e3af860f0c22a5a2d70c9b995318e361a7cb78d96b32bae0a1,unused,b1cf2412c08e8bec1ff27ed4d6f2d1974237cc5bac4b0532d358883c16bc4ead,a5ac0a4cda5782e36c1aefa69f6359c4de821160687d8f4ad17325bfc18062ce,11.768422115619032,191,77,500041,,0.13294705997718895,0.9996834185997363,1.0088477449018483,0.0,0.9996141655341163,1.003384632340253,0.0,False,400,100,1,0.0005000000000000004,0.7159318740849122,0.12725298414067926
DiagonalScanPath_6,Diagonal,heldout,0,0.03,295.76268867732483,0.03078768492602959,B,3f237a7915dad3e3af860f0c22a5a2d70c9b995318e361a7cb78d96b32bae0a1,d0f3ee0dcae19657d2a2a5740584521ece9ad70172044c9c5832eff18df2f357,f3637b5911c23ee3f538b7c4fc32235cda8402b5f9207024e6ea9e9483d062ce,a5ac0a4cda5782e36c1aefa69f6359c4de821160687d8f4ad17325bfc18062ce,11.768422115619032,191,77,500041,1.0034112783507447,0.13332549932385085,0.9996781098013218,1.0089086912930907,0.0,0.9995603525729743,1.0014908411603416,0.0,False,400,100,1,0.0005000000000000004,0.7159318740849122,0.12725298414067926
DiagonalScanPath_6,Diagonal,heldout,0,0.03,295.76268867732483,0.03078768492602959,C,3f237a7915dad3e3af860f0c22a5a2d70c9b995318e361a7cb78d96b32bae0a1,d0f3ee0dcae19657d2a2a5740584521ece9ad70172044c9c5832eff18df2f357,f3637b5911c23ee3f538b7c4fc32235cda8402b5f9207024e6ea9e9483d062ce,1adac9f67f14a3fbb2c0ae3d8945cb2baee9261ff88688d5939dbb20ad3a7c63,0.6398114324714138,191,77,500041,1.0034112783507447,0.03206165742986781,0.9996806492691677,1.0089166395213922,0.0,0.9995569940707014,1.0031326632933564,0.0,False,400,100,1,0.0005000000000000004,0.7159318740849122,0.12725298414067926
DiagonalScanPath_6,Diagonal,heldout,1,0.05,295.11715899022414,0.05037984806077569,A,ee55d877e1fe022b340bfe770cbb8b9e61655bbf4909544d704bdd0acc321218,unused,b1cf2412c08e8bec1ff27ed4d6f2d1974237cc5bac4b0532d358883c16bc4ead,8ad98b379c245896afea4362efa9e828902e3bc5429dd69e08f16e37aab85fc1,11.768422115619032,239,126,500041,,0.1325875179501368,0.9997078609049883,1.0089633417768253,0.0,1.0001103965261504,1.0055573186749365,0.0,False,400,100,1,0.0005000000000000004,0.7159318740849122,0.2114820682762363
DiagonalScanPath_6,Diagonal,heldout,1,0.05,295.11715899022414,0.05037984806077569,B,ee55d877e1fe022b340bfe770cbb8b9e61655bbf4909544d704bdd0acc321218,5ec75c97be0f774bef35ecbf5e5b64c9c503afe7a469ab20ef584124cd1431d2,ca03b5022e40bce1dd77f5bbe4d552bfaa71cf8cd95ce7958495b47c5f756bfc,8ad98b379c245896afea4362efa9e828902e3bc5429dd69e08f16e37aab85fc1,11.768422115619032,239,126,500041,1.0060194594316971,0.1339872432228297,0.999686673734059,1.0090148586919887,0.0,0.9995886868403349,1.0037318015914758,0.0,False,400,100,1,0.0005000000000000004,0.7159318740849122,0.2114820682762363
DiagonalScanPath_6,Diagonal,heldout,1,0.05,295.11715899022414,0.05037984806077569,C,ee55d877e1fe022b340bfe770cbb8b9e61655bbf4909544d704bdd0acc321218,5ec75c97be0f774bef35ecbf5e5b64c9c503afe7a469ab20ef584124cd1431d2,ca03b5022e40bce1dd77f5bbe4d552bfaa71cf8cd95ce7958495b47c5f756bfc,5ed5ed48aa317d1189df119e10c7b3d3c5187178df157e4be9c271902093edfa,0.7240405166069709,239,126,500041,1.0060194594316971,0.03420060761254088,0.9996995628854701,1.0088256320963844,0.0,0.999696955596908,1.0024976309942522,0.0,False,400,100,1,0.0005000000000000004,0.7159318740849122,0.2114820682762363
DiagonalScanPath_6,Diagonal,heldout,2,0.075,294.57871152103627,0.07516993202718912,A,83e9372b49ced0927ce21c09c4c50cab13272e000129cc5e22a5ffd10cc6bc5f,unused,b1cf2412c08e8bec1ff27ed4d6f2d1974237cc5bac4b0532d358883c16bc4ead,62e4a8b6b685b84576c1ede13aef32c60717fbffe53d5c0a66899d653c5e9b22,11.768422115619032,300,188,500041,,0.12991860145222703,0.9997034444864211,1.0058210589775898,0.0,0.9997428438456251,1.0044245459638765,0.0,False,400,100,1,0.0005000000000000004,0.7159318740849122,0.34602182247853885
DiagonalScanPath_6,Diagonal,heldout,2,0.075,294.57871152103627,0.07516993202718912,B,83e9372b49ced0927ce21c09c4c50cab13272e000129cc5e22a5ffd10cc6bc5f,04e54d135e21a88d4eb126a82ceeae657c56f1ab4cb204b8c18ba4bade6223ad,9680345975f8c4590f9398566ea8dba805410f71a007e173b11f877f460978fc,62e4a8b6b685b84576c1ede13aef32c60717fbffe53d5c0a66899d653c5e9b22,11.768422115619032,300,188,500041,1.0047634429676822,0.13250730522551615,0.9997014038778286,1.0058210589775987,0.0,0.9996801709138272,1.0033863471668718,0.0,False,400,100,1,0.0005000000000000004,0.7159318740849122,0.34602182247853885
DiagonalScanPath_6,Diagonal,heldout,2,0.075,294.57871152103627,0.07516993202718912,C,83e9372b49ced0927ce21c09c4c50cab13272e000129cc5e22a5ffd10cc6bc5f,04e54d135e21a88d4eb126a82ceeae657c56f1ab4cb204b8c18ba4bade6223ad,9680345975f8c4590f9398566ea8dba805410f71a007e173b11f877f460978fc,ac286b0aa5856e353fbf916ed17268c82e47dd23f068c77470dfebbb4600dd9d,0.8585802708092733,300,188,500041,1.0047634429676822,0.03705780588551438,0.9997014038775144,1.0058210590436105,0.0,0.9997503692752367,1.0038819454533021,0.0,False,400,100,1,0.0005000000000000004,0.7159318740849122,0.34602182247853885
DiagonalScanPath_6,Diagonal,heldout,3,0.1,294.23933668301055,0.10035985605757697,A,67061ad54d34682eaca6a1c4d9b8f6b19a5ac7b0206fa4e5f7cd09af51b565de,unused,b1cf2412c08e8bec1ff27ed4d6f2d1974237cc5bac4b0532d358883c16bc4ead,081e7ccc13ec1bc2f3c42b0542dce72322de8f6b195e7b14d283e35263cca18e,11.768422115619032,359,251,500041,,0.1307455751209691,0.999706807769521,1.0101914056727803,0.0,0.9997363394098474,1.0101914056727803,0.0,False,400,100,1,0.0005000000000000004,0.7159318740849122,0.46964037483993265
DiagonalScanPath_6,Diagonal,heldout,3,0.1,294.23933668301055,0.10035985605757697,B,67061ad54d34682eaca6a1c4d9b8f6b19a5ac7b0206fa4e5f7cd09af51b565de,4cbff5d6940632654b25a98c8dc42a9a85b87634e27f40433bac893acb9a6fc4,1be8d9ffbe91f6bd09730e253a8531bb5f1e859f34ca04dec4a82965dc39be25,081e7ccc13ec1bc2f3c42b0542dce72322de8f6b195e7b14d283e35263cca18e,11.768422115619032,359,251,500041,1.0036934035553347,0.13327790753249405,0.9997034444863894,1.0058796961915568,0.0,0.9996911577559201,1.0041108697395873,0.0,False,400,100,1,0.0005000000000000004,0.7159318740849122,0.46964037483993265
DiagonalScanPath_6,Diagonal,heldout,3,0.1,294.23933668301055,0.10035985605757697,C,67061ad54d34682eaca6a1c4d9b8f6b19a5ac7b0206fa4e5f7cd09af51b565de,4cbff5d6940632654b25a98c8dc42a9a85b87634e27f40433bac893acb9a6fc4,1be8d9ffbe91f6bd09730e253a8531bb5f1e859f34ca04dec4a82965dc39be25,f10d389d02bc1a11b11b56c4bd81593f814891128b661305d794c86ede13a640,0.9821988231706673,359,251,500041,1.0036934035553347,0.03969640764112975,0.9996788344658637,1.0058210595407993,0.0,0.9994907662692339,1.0050888320596536,0.0,False,400,100,1,0.0005000000000000004,0.7159318740849122,0.46964037483993265
DiagonalScanPath_6,Diagonal,heldout,4,0.15,293.78650329057746,0.15033986405437824,A,ecbdaac83e1175158d3441b211a839d0fd0d58ca2178da2265ee64460279a8e4,unused,b1cf2412c08e8bec1ff27ed4d6f2d1974237cc5bac4b0532d358883c16bc4ead,0b49697302bf543d53b40a4ca4dfe9fc7620917c1bfebbe35102355dc362d2ae,11.768422115619032,480,376,500041,,0.12655700964159844,0.9997230668851981,1.0058210685034137,0.0,0.9997502842792805,1.0035591195941789,0.0,False,400,100,1,0.0005000000000000004,0.7159318740849122,0.7332966184893105
DiagonalScanPath_6,Diagonal,heldout,4,0.15,293.78650329057746,0.15033986405437824,B,ecbdaac83e1175158d3441b211a839d0fd0d58ca2178da2265ee64460279a8e4,f229c8575eb98e335d9d6f3fa367ea12834748b9e8a6c254f7cd65dd3744c77d,5113017a37ca6e99945471882cb8cf4dd13c19406f319456554531d355986390,0b49697302bf543d53b40a4ca4dfe9fc7620917c1bfebbe35102355dc362d2ae,11.768422115619032,480,376,500041,1.0059296773084219,0.12855408642610044,0.9997163497529306,1.0058210641319063,0.0,0.9996419854644538,1.0040505611031851,0.0,False,400,100,1,0.0005000000000000004,0.7159318740849122,0.7332966184893105
DiagonalScanPath_6,Diagonal,heldout,4,0.15,293.78650329057746,0.15033986405437824,C,ecbdaac83e1175158d3441b211a839d0fd0d58ca2178da2265ee64460279a8e4,f229c8575eb98e335d9d6f3fa367ea12834748b9e8a6c254f7cd65dd3744c77d,5113017a37ca6e99945471882cb8cf4dd13c19406f319456554531d355986390,92fc94831a9834580a74602e296972a81aa2a1ff15902bc6669195d500af7a18,1.2458550668200454,480,376,500041,1.0059296773084219,0.04082146943235945,0.9996786886896818,1.0058215366576901,0.0,0.9995539011789121,1.002731131813888,0.0,False,400,100,1,0.0005000000000000004,0.7159318740849122,0.7332966184893105
DiagonalScanPath_6,Diagonal,heldout,5,0.2,293.60353964459557,0.20031987205117952,A,6a75826f34ed5bfd351fad86165a574756361a72dc7f4bfd4278cc22c913b130,unused,b1cf2412c08e8bec1ff27ed4d6f2d1974237cc5bac4b0532d358883c16bc4ead,72231f479470820b093c5fb109ddfd800b5a92ec8d37f12db889723d1ee8e0ed,11.768422115619032,599,501,500041,,0.12188076511077268,0.9997281319514318,1.009343223111509,0.0,0.9997840891400778,1.009343223111509,0.0,False,400,100,1,0.0005000000000000004,0.7159318740849122,0.9367481455417856
DiagonalScanPath_6,Diagonal,heldout,5,0.2,293.60353964459557,0.20031987205117952,B,6a75826f34ed5bfd351fad86165a574756361a72dc7f4bfd4278cc22c913b130,7b59a18089363a542700b0354db80cb58d3bd39a4d4faa6174b8b570e4ce1026,0001cf7992a60fb1bfab718a3c7e7476314c10448287395dd931332640846d33,72231f479470820b093c5fb109ddfd800b5a92ec8d37f12db889723d1ee8e0ed,11.768422115619032,599,501,500041,1.004541163242781,0.12469401063627492,0.9997271494415786,1.010067071675229,0.0,0.9997415596582803,1.010067071675229,0.0,False,400,100,1,0.0005000000000000004,0.7159318740849122,0.9367481455417856
DiagonalScanPath_6,Diagonal,heldout,5,0.2,293.60353964459557,0.20031987205117952,C,6a75826f34ed5bfd351fad86165a574756361a72dc7f4bfd4278cc22c913b130,7b59a18089363a542700b0354db80cb58d3bd39a4d4faa6174b8b570e4ce1026,0001cf7992a60fb1bfab718a3c7e7476314c10448287395dd931332640846d33,a40a7ef3ff0693decd98543f3a5ae0c32ef0539247ff4817be08e35902a48a27,1.4493065938725203,599,501,500041,1.004541163242781,0.04388092304976051,0.9996966588299235,1.006945668029383,0.0,0.9996355136659819,1.005294919913456,0.0,False,400,100,1,0.0005000000000000004,0.7159318740849122,0.9367481455417856
DiagonalScanPath_7,Diagonal,heldout,0,0.03,295.92680693793324,0.030387844862055178,A,cf79e3e83345e19b15053426256140069ef77d598e827613a85b5ebae15676d7,unused,50fab0b283dddb00e90f1a5e96f32a4e67174ed4e5ea05b7afd50650fc3cb7df,601528f004ebdbee4f82d97adf005553adbe2c8b79aae31dbd13b6a4bbd428ec,11.768422115619032,191,76,600041,,0.1328033441772876,0.9997475234393954,1.0072696536136019,0.0,0.9999382455222179,1.0072696536136019,0.0,False,400,100,1,0.0005000000000000004,0.7159318740849122,0.13103184248748875
DiagonalScanPath_7,Diagonal,heldout,0,0.03,295.92680693793324,0.030387844862055178,B,cf79e3e83345e19b15053426256140069ef77d598e827613a85b5ebae15676d7,20aa81e7fabf54f5f24cd66f987a05e7d7e1b00863bad0a695b0051d03a0e483,117ad93cd05b8fcde63972765cc2bb4c5bcf995f39db94644994a18d87deecef,601528f004ebdbee4f82d97adf005553adbe2c8b79aae31dbd13b6a4bbd428ec,11.768422115619032,191,76,600041,1.002433441620108,0.13323718405499102,0.9997403692177937,1.0058316156234102,0.0,0.9995934920576302,1.0045953658244413,0.0,False,400,100,1,0.0005000000000000004,0.7159318740849122,0.13103184248748875
DiagonalScanPath_7,Diagonal,heldout,0,0.03,295.92680693793324,0.030387844862055178,C,cf79e3e83345e19b15053426256140069ef77d598e827613a85b5ebae15676d7,20aa81e7fabf54f5f24cd66f987a05e7d7e1b00863bad0a695b0051d03a0e483,117ad93cd05b8fcde63972765cc2bb4c5bcf995f39db94644994a18d87deecef,f8b1542d61b9816b3cb4c18514c3c81ff45c50a773a2d6912905aa948c364e68,0.6435902908182233,191,76,600041,1.002433441620108,0.032029591154877766,0.9997364962005004,1.0059270631727912,0.0,0.9995347411870967,1.0038469480681955,0.0,False,400,100,1,0.0005000000000000004,0.7159318740849122,0.13103184248748875
DiagonalScanPath_7,Diagonal,heldout,1,0.05,295.2620578276572,0.05037984806077569,A,92b7516dc7b52f00969506cc23e563aa1728acca4ce08f85700b615b1d2aee05,unused,50fab0b283dddb00e90f1a5e96f32a4e67174ed4e5ea05b7afd50650fc3cb7df,e7f22f5445afc74f11237bf45b8dd1fd494c88724d896bca590edf0cba859e43,11.768422115619032,239,126,600041,,0.1314956214064617,0.9997475216089404,1.0057683166971934,0.0,1.00009170389861,1.0038292994488018,0.0,False,400,100,1,0.0005000000000000004,0.7159318740849122,0.21254956051517748
DiagonalScanPath_7,Diagonal,heldout,1,0.05,295.2620578276572,0.05037984806077569,B,92b7516dc7b52f00969506cc23e563aa1728acca4ce08f85700b615b1d2aee05,fbb5cc01034d647a7d7f30faaeefbe35a8b23196acc4176e0a8a8360fe0e2ef2,057fc1c9431b2f2827301e3aee1d7173b94dd088e55b928b369f7984a471c303,e7f22f5445afc74f11237bf45b8dd1fd494c88724d896bca590edf0cba859e43,11.768422115619032,239,126,600041,1.0045713004382257,0.13180521339321474,0.9997349614801951,1.0057683166971934,0.0,0.9996009538249937,1.0020675549617801,0.0,False,400,100,1,0.0005000000000000004,0.7159318740849122,0.21254956051517748
DiagonalScanPath_7,Diagonal,heldout,1,0.05,295.2620578276572,0.05037984806077569,C,92b7516dc7b52f00969506cc23e563aa1728acca4ce08f85700b615b1d2aee05,fbb5cc01034d647a7d7f30faaeefbe35a8b23196acc4176e0a8a8360fe0e2ef2,057fc1c9431b2f2827301e3aee1d7173b94dd088e55b928b369f7984a471c303,cd97880ca66106dad38190cf3f1a87eac0448dbceb561e822264b2319b1df69c,0.7251080088459121,239,126,600041,1.0045713004382257,0.033609500038879345,0.9997364922339016,1.0057683166972067,0.0,0.9995723424379435,1.0033923526082482,0.0,False,400,100,1,0.0005000000000000004,0.7159318740849122,0.21254956051517748
DiagonalScanPath_7,Diagonal,heldout,2,0.075,294.7048056597936,0.07516993202718912,A,b068f81d44a376b2d35375bfb0fd01acd2bded2a1e6398d380738e4b46c2568a,unused,50fab0b283dddb00e90f1a5e96f32a4e67174ed4e5ea05b7afd50650fc3cb7df,e89d490fc5ef230a3fae052cc2f75c51f80a19141cb3be53967257f4ba86d76e,11.768422115619032,298,188,600041,,0.13154060054664637,0.9997740916769942,1.0074931012758128,0.0,0.9999792421281515,1.0074931012758128,0.0,False,400,100,1,0.0005000000000000004,0.7159318740849122,0.3280474898054726
DiagonalScanPath_7,Diagonal,heldout,2,0.075,294.7048056597936,0.07516993202718912,B,b068f81d44a376b2d35375bfb0fd01acd2bded2a1e6398d380738e4b46c2568a,ebd5784599414c140e74286ad0b2e67740092d52df64fb2ab7e8816d61dab986,6c668d4fe270961430ec4e3af2f14f872eada44405febfc15eb1ee90526c3ad1,e89d490fc5ef230a3fae052cc2f75c51f80a19141cb3be53967257f4ba86d76e,11.768422115619032,298,188,600041,1.0048310289262161,0.13310453249237628,0.999742095599587,1.0057683166971934,0.0,0.9997364039566612,1.003772009749789,0.0,False,400,100,1,0.0005000000000000004,0.7159318740849122,0.3280474898054726
DiagonalScanPath_7,Diagonal,heldout,2,0.075,294.7048056597936,0.07516993202718912,C,b068f81d44a376b2d35375bfb0fd01acd2bded2a1e6398d380738e4b46c2568a,ebd5784599414c140e74286ad0b2e67740092d52df64fb2ab7e8816d61dab986,6c668d4fe270961430ec4e3af2f14f872eada44405febfc15eb1ee90526c3ad1,2b15496651b61507700190ab059b79422e53124b5d172eafbf260df3a8c7db76,0.8406059381362071,298,188,600041,1.0048310289262161,0.03715718519328006,0.9997477227504382,1.0057683166972238,0.0,0.9998247870819632,1.0039654043223758,0.0,False,400,100,1,0.0005000000000000004,0.7159318740849122,0.3280474898054726
DiagonalScanPath_7,Diagonal,heldout,3,0.1,294.33569524357466,0.10035985605757697,A,a9bf3a6e5799e4f6090bbf88381ddb28cf7221fb114a30ada407656712b6b73c,unused,50fab0b283dddb00e90f1a5e96f32a4e67174ed4e5ea05b7afd50650fc3cb7df,8e4cf82128bf196b10b115d318990852d0b9e7b11c1c599814f0ce572c05e8f9,11.768422115619032,359,251,600041,,0.13097593357886414,0.9997558929783722,1.0061380807211193,0.0,0.9997614815707203,1.0061380807211193,0.0,False,400,100,1,0.0005000000000000004,0.7159318740849122,0.44476870708659705
DiagonalScanPath_7,Diagonal,heldout,3,0.1,294.33569524357466,0.10035985605757697,B,a9bf3a6e5799e4f6090bbf88381ddb28cf7221fb114a30ada407656712b6b73c,e94a6ffa9854426ec767c46f110979ede1f306caf3f8c7f24cae1bb339c0d058,92448200082769ccaa5e70c3bb97029ca1355fecb5ff88b0d716906ec8ff7c33,8e4cf82128bf196b10b115d318990852d0b9e7b11c1c599814f0ce572c05e8f9,11.768422115619032,359,251,600041,1.0035028207712355,0.13166173889254218,0.9997375748445543,1.0057683166971934,0.0,0.9995661257472057,1.0048187399982174,0.0,False,400,100,1,0.0005000000000000004,0.7159318740849122,0.44476870708659705
DiagonalScanPath_7,Diagonal,heldout,3,0.1,294.33569524357466,0.10035985605757697,C,a9bf3a6e5799e4f6090bbf88381ddb28cf7221fb114a30ada407656712b6b73c,e94a6ffa9854426ec767c46f110979ede1f306caf3f8c7f24cae1bb339c0d058,92448200082769ccaa5e70c3bb97029ca1355fecb5ff88b0d716906ec8ff7c33,6516938532cf79ae33320b817b273f5323b90d58e12bee70a595d7614cbfb1ab,0.9573271554173316,359,251,600041,1.0035028207712355,0.0392136865486909,0.9997478640196356,1.0057683166976104,0.0,0.9996916149143587,1.004287699078451,0.0,False,400,100,1,0.0005000000000000004,0.7159318740849122,0.44476870708659705
DiagonalScanPath_7,Diagonal,heldout,4,0.15,293.83418214457384,0.15033986405437824,A,261aadc95c4f8fb1785bceea77f5035f6d730b4b5061cb7659444ec1b901cce6,unused,50fab0b283dddb00e90f1a5e96f32a4e67174ed4e5ea05b7afd50650fc3cb7df,efe3bf0eac8dbc5a503b1b7587b4a2dc38790cd01c92962817e582d47933a537,11.768422115619032,477,376,600041,,0.12719329156412626,0.9997463809544078,1.0057683165082225,0.0,0.9996920728559532,1.0036147168455483,0.0,False,400,100,1,0.0005000000000000004,0.7159318740849122,0.6984727241081686
DiagonalScanPath_7,Diagonal,heldout,4,0.15,293.83418214457384,0.15033986405437824,B,261aadc95c4f8fb1785bceea77f5035f6d730b4b5061cb7659444ec1b901cce6,5291e93c1d44a427ad93bc2de340cda659d1fa4e3d6d24bd88bceba0387ebf1f,a23ef3e3f1a7033b9aa6a65dfb4670d3bc51b09003e3e7900e2a4951f5011030,efe3bf0eac8dbc5a503b1b7587b4a2dc38790cd01c92962817e582d47933a537,11.768422115619032,477,376,600041,1.004410441793862,0.1286161367706763,0.9997163284682383,1.005768316689331,0.0,0.9995301329549069,1.0032348211732038,0.0,False,400,100,1,0.0005000000000000004,0.7159318740849122,0.6984727241081686
DiagonalScanPath_7,Diagonal,heldout,4,0.15,293.83418214457384,0.15033986405437824,C,261aadc95c4f8fb1785bceea77f5035f6d730b4b5061cb7659444ec1b901cce6,5291e93c1d44a427ad93bc2de340cda659d1fa4e3d6d24bd88bceba0387ebf1f,a23ef3e3f1a7033b9aa6a65dfb4670d3bc51b09003e3e7900e2a4951f5011030,d25c032a5dd1434dcacef29a7e91b4799219a1a8a9cdc060564ff4a210d47e59,1.2110311724389033,477,376,600041,1.004410441793862,0.0416049224403107,0.9997279035124771,1.0057683267911348,0.0,0.9995352658741126,1.0033549837578573,0.0,False,400,100,1,0.0005000000000000004,0.7159318740849122,0.6984727241081686
DiagonalScanPath_7,Diagonal,heldout,5,0.2,293.6173844367176,0.20031987205117952,A,319c6788417aa37da5e449df1fefb7655289b810deac25ce2795f071a5e51938,unused,50fab0b283dddb00e90f1a5e96f32a4e67174ed4e5ea05b7afd50650fc3cb7df,6fc72a47e390fa4a0dbc5f5933da77c4397f1f9ba9cb4c05074a1781ec1413c8,11.768422115619032,597,501,600041,,0.12355435328375819,0.9997834147751343,1.0084872724051162,0.0,0.99978284248718,1.005526022195801,0.0,False,400,100,1,0.0005000000000000004,0.7159318740849122,0.9316406471731874
DiagonalScanPath_7,Diagonal,heldout,5,0.2,293.6173844367176,0.20031987205117952,B,319c6788417aa37da5e449df1fefb7655289b810deac25ce2795f071a5e51938,7b75f47c182723afbfea813adc5d1d691308e8b94bededdcb6b6330310b14040,70e118287c7e3b6d3318b94c9a008660534ed13a3d749cdca248a47770d153ff,6fc72a47e390fa4a0dbc5f5933da77c4397f1f9ba9cb4c05074a1781ec1413c8,11.768422115619032,597,501,600041,1.0060076797782258,0.12749836275780335,0.9997850715981877,1.008012372357907,0.0,0.9997494096612886,1.0070617845905456,0.0,False,400,100,1,0.0005000000000000004,0.7159318740849122,0.9316406471731874
DiagonalScanPath_7,Diagonal,heldout,5,0.2,293.6173844367176,0.20031987205117952,C,319c6788417aa37da5e449df1fefb7655289b810deac25ce2795f071a5e51938,7b75f47c182723afbfea813adc5d1d691308e8b94bededdcb6b6330310b14040,70e118287c7e3b6d3318b94c9a008660534ed13a3d749cdca248a47770d153ff,dd016e3ae56d6d8281febd10b507c68bd59a6531c8c6269ca2598fbdcc9a8f09,1.4441990955039221,597,501,600041,1.0060076797782258,0.04763647722383198,0.9997713611141222,1.00815670773925,0.0,0.9998045536141205,1.0043156680082195,0.0,False,400,100,1,0.0005000000000000004,0.7159318740849122,0.9316406471731874
DiagonalScanPath_8,Diagonal,development,0,0.03,296.12149833303096,0.031187524990004,A,8e6109b52572ec4e2e78488c38fc6ecced173c8a5eb6ec29c81bbe61965bd580,unused,5dbee0854ab2ea218e5116f58b89c1a798e2a8da217569d36464c7741b86dd51,b5b38aeea6edb8c899c0ececfc16006ffbc2aa51476c35ec23934b87a5290486,11.768422115619032,193,78,700041,,0.1323334684383067,0.9997389526332662,1.0060489539431092,0.0,0.9998679154581077,1.0046649342836045,0.0,False,400,100,1,0.0005000000000000004,0.7159318740849122,0.12038120708610159
DiagonalScanPath_8,Diagonal,development,0,0.03,296.12149833303096,0.031187524990004,B,8e6109b52572ec4e2e78488c38fc6ecced173c8a5eb6ec29c81bbe61965bd580,7bc943b11ebd71a6fb10e8f99816987e999d9abe3a96828e15def99f6820f646,e3e61d73f4fe265d54f9320eee342b79c79e70eb9198437f92e963f1d6d781d4,b5b38aeea6edb8c899c0ececfc16006ffbc2aa51476c35ec23934b87a5290486,11.768422115619032,193,78,700041,1.0035215547292478,0.13361825841488628,0.9997364103291699,1.0060489539432345,0.0,0.999745234503583,1.0044755579902824,0.0,False,400,100,1,0.0005000000000000004,0.7159318740849122,0.12038120708610159
DiagonalScanPath_8,Diagonal,development,0,0.03,296.12149833303096,0.031187524990004,C,8e6109b52572ec4e2e78488c38fc6ecced173c8a5eb6ec29c81bbe61965bd580,7bc943b11ebd71a6fb10e8f99816987e999d9abe3a96828e15def99f6820f646,e3e61d73f4fe265d54f9320eee342b79c79e70eb9198437f92e963f1d6d781d4,6b2ad78a4f8eada648d9eb388cd398afc80219d97355be6004a85c7bcb503bf7,0.6329396554168362,193,78,700041,1.0035215547292478,0.03399351162348715,0.9997376390394203,1.0060489547266316,0.0,0.9998886173819013,1.004501970957215,0.0,False,400,100,1,0.0005000000000000004,0.7159318740849122,0.12038120708610159
DiagonalScanPath_8,Diagonal,development,1,0.05,295.3443160965603,0.05037984806077569,A,3579339692d0984d610b589f1ec7138751ff9b092813b1a85a9c417130d7caba,unused,5dbee0854ab2ea218e5116f58b89c1a798e2a8da217569d36464c7741b86dd51,a3e6d27145047dc0d02eda66416bfddda7a8f695112f061f50265d22f07d6adb,11.768422115619032,240,126,700041,,0.13113858920230545,0.999733345895836,1.0060489539433477,0.0,0.9998489828847226,1.0045631661118382,0.0,False,400,100,1,0.0005000000000000004,0.7159318740849122,0.20797374099956062
DiagonalScanPath_8,Diagonal,development,1,0.05,295.3443160965603,0.05037984806077569,B,3579339692d0984d610b589f1ec7138751ff9b092813b1a85a9c417130d7caba,4ad8d0edab654078bd60d74b259277cd7c72d378df7f8fe451172755f3966a53,c7993140d0634614d61def53db4b46f2feed0ea0440d886dc9ae578485d6dd37,a3e6d27145047dc0d02eda66416bfddda7a8f695112f061f50265d22f07d6adb,11.768422115619032,240,126,700041,1.0034067740499637,0.1322954699130926,0.9997389613628251,1.0060489539433919,0.0,0.999789039354988,1.0038577223172174,0.0,False,400,100,1,0.0005000000000000004,0.7159318740849122,0.20797374099956062
DiagonalScanPath_8,Diagonal,development,1,0.05,295.3443160965603,0.05037984806077569,C,3579339692d0984d610b589f1ec7138751ff9b092813b1a85a9c417130d7caba,4ad8d0edab654078bd60d74b259277cd7c72d378df7f8fe451172755f3966a53,c7993140d0634614d61def53db4b46f2feed0ea0440d886dc9ae578485d6dd37,56dae9c932ebfe277b7ece0221fd6ba1779d3a598d40b7b5578bed3b24a8c2dc,0.7205321893302951,240,126,700041,1.0034067740499637,0.03426117066448926,0.9997346483678184,1.006048953289199,0.0,0.9996571798879874,1.0040678977982644,0.0,False,400,100,1,0.0005000000000000004,0.7159318740849122,0.20797374099956062
DiagonalScanPath_8,Diagonal,development,2,0.075,294.72385117814065,0.07516993202718912,A,db15fa010fcf24289226436a4f73a9d4608f7499ac94e606f99054386a85eafe,unused,5dbee0854ab2ea218e5116f58b89c1a798e2a8da217569d36464c7741b86dd51,5d754da40bb6585fc962de249f84739227347c8b4abe8f4da9657cbae90f936a,11.768422115619032,300,188,700041,,0.12951093269078826,0.9997272106139676,1.0060489539432071,0.0,0.9996807652422027,1.003720057532238,0.0,False,400,100,1,0.0005000000000000004,0.7159318740849122,0.3354794284416488
DiagonalScanPath_8,Diagonal,development,2,0.075,294.72385117814065,0.07516993202718912,B,db15fa010fcf24289226436a4f73a9d4608f7499ac94e606f99054386a85eafe,7f49c37939a75edbf908024699e0ade905757a9c93f9d23b69c0026f7cae43d1,4d162cc86d4561c051e94c2ffd9f45b805605300ff819e6c52db01b5fbfe2c83,5d754da40bb6585fc962de249f84739227347c8b4abe8f4da9657cbae90f936a,11.768422115619032,300,188,700041,1.0058392310531605,0.13048091393873157,0.9997231432347612,1.00604895394339,0.0,0.9995954975757513,1.0041755329594086,0.0,False,400,100,1,0.0005000000000000004,0.7159318740849122,0.3354794284416488
DiagonalScanPath_8,Diagonal,development,2,0.075,294.72385117814065,0.07516993202718912,C,db15fa010fcf24289226436a4f73a9d4608f7499ac94e606f99054386a85eafe,7f49c37939a75edbf908024699e0ade905757a9c93f9d23b69c0026f7cae43d1,4d162cc86d4561c051e94c2ffd9f45b805605300ff819e6c52db01b5fbfe2c83,9fabd09c9d829f8b592853ae521dd0e111f881b3c0ac40e269e74abb1d770ca3,0.8480378767723834,300,188,700041,1.0058392310531605,0.03579418201461679,0.9997287025364666,1.0060615932514143,0.0,0.9997474407260468,1.0039682515297386,0.0,False,400,100,1,0.0005000000000000004,0.7159318740849122,0.3354794284416488
DiagonalScanPath_8,Diagonal,development,3,0.1,294.36281532036475,0.10035985605757697,A,987b123b77fc219a69d6bf310746c8f02b16f120f0093f5744f1b87a831fb10c,unused,5dbee0854ab2ea218e5116f58b89c1a798e2a8da217569d36464c7741b86dd51,f7108d0ac5092c368c842a7770c629973cfc810de4300d98ff044f27a17c4ef1,11.768422115619032,361,251,700041,,0.12939870032943693,0.9997501085223757,1.0060489539433668,0.0,0.9997791243473254,1.0060210993065317,0.0,False,400,100,1,0.0005000000000000004,0.7159318740849122,0.4669164690899011
DiagonalScanPath_8,Diagonal,development,3,0.1,294.36281532036475,0.10035985605757697,B,987b123b77fc219a69d6bf310746c8f02b16f120f0093f5744f1b87a831fb10c,53b90b8984d48caa0c2e8b9a657cd127b12122f44968da3f418a919f76a5a7ea,251128e3b601dcfa5f1ba6411272a3f373b3f2a3381ac92ae865707291654622,f7108d0ac5092c368c842a7770c629973cfc810de4300d98ff044f27a17c4ef1,11.768422115619032,361,251,700041,1.0053456624229729,0.13115886671903515,0.9997245774534156,1.0060489539433515,0.0,0.9996363913340751,1.0041287455441161,0.0,False,400,100,1,0.0005000000000000004,0.7159318740849122,0.4669164690899011
DiagonalScanPath_8,Diagonal,development,3,0.1,294.36281532036475,0.10035985605757697,C,987b123b77fc219a69d6bf310746c8f02b16f120f0093f5744f1b87a831fb10c,53b90b8984d48caa0c2e8b9a657cd127b12122f44968da3f418a919f76a5a7ea,251128e3b601dcfa5f1ba6411272a3f373b3f2a3381ac92ae865707291654622,340e1bcd69bc5b027528a014cf4c3c58df8b58d2186a05f78413a97faa6bbad6,0.9794749174206356,361,251,700041,1.0053456624229729,0.03928994422050223,0.9997231531501075,1.0060489538828459,0.0,0.9997197841359752,1.0042931340424943,0.0,False,400,100,1,0.0005000000000000004,0.7159318740849122,0.4669164690899011
DiagonalScanPath_8,Diagonal,development,4,0.15,293.8191112865884,0.15033986405437824,A,0d380aa37b0beb418ff92d56181dba37ff9d10d14b59eb4f692676ae5dc5fe91,unused,5dbee0854ab2ea218e5116f58b89c1a798e2a8da217569d36464c7741b86dd51,ff505300d179726d1df1e7eb9ecb165c7f688a9f76b599c57130ada36715b73c,11.768422115619032,478,376,700041,,0.1283874689317104,0.9997294367633095,1.0060479817194854,0.0,0.9996812294073574,1.0051349247075854,0.0,False,400,100,1,0.0005000000000000004,0.7159318740849122,0.738152718284751
DiagonalScanPath_8,Diagonal,development,4,0.15,293.8191112865884,0.15033986405437824,B,0d380aa37b0beb418ff92d56181dba37ff9d10d14b59eb4f692676ae5dc5fe91,92f7fa9c8681040f8f794bccf5c861a2094bb6fa0e4a29d16ba1a7ddca2b154a,8f3668ed050c3c8af2a75c13c0d17c144fc199d8d3f1b09768f69f7796adc9a4,ff505300d179726d1df1e7eb9ecb165c7f688a9f76b599c57130ada36715b73c,11.768422115619032,478,376,700041,1.0038382026265313,0.1307017413320009,0.999755967997858,1.0060475796725112,0.0,0.9997883325237956,1.0042435503841225,0.0,False,400,100,1,0.0005000000000000004,0.7159318740849122,0.738152718284751
DiagonalScanPath_8,Diagonal,development,4,0.15,293.8191112865884,0.15033986405437824,C,0d380aa37b0beb418ff92d56181dba37ff9d10d14b59eb4f692676ae5dc5fe91,92f7fa9c8681040f8f794bccf5c861a2094bb6fa0e4a29d16ba1a7ddca2b154a,8f3668ed050c3c8af2a75c13c0d17c144fc199d8d3f1b09768f69f7796adc9a4,1ac4fc05bd9f807234dc7b9f9230c2eb061a5b40d323d188b8b5843d40a63034,1.2507111666154855,478,376,700041,1.0038382026265313,0.04254169197010909,0.9997355734428524,1.0085591472996536,0.0,0.9996288811198957,1.0085591472996536,0.0,False,400,100,1,0.0005000000000000004,0.7159318740849122,0.738152718284751
DiagonalScanPath_8,Diagonal,development,5,0.2,293.6305450615168,0.20031987205117952,A,e40b01e5e5c3d4f6981e37de705eb49c3fc18e67269851c7ce7e4f5256e2d0f7,unused,5dbee0854ab2ea218e5116f58b89c1a798e2a8da217569d36464c7741b86dd51,0af1cdf6f0df50a2f9a72dfae9a10859c382d6d874cbd5cd1f64d807fae91b1f,11.768422115619032,598,501,700041,,0.122774224612487,0.999698464521997,1.0072556712423202,0.0,0.9996056840667832,1.0061015099987851,0.0,False,400,100,1,0.0005000000000000004,0.7159318740849122,0.9762657338413456
DiagonalScanPath_8,Diagonal,development,5,0.2,293.6305450615168,0.20031987205117952,B,e40b01e5e5c3d4f6981e37de705eb49c3fc18e67269851c7ce7e4f5256e2d0f7,1e5375d4f77f1db2872d3fe30cbfd46fe4af6cfc3cc41482fdd6a17bffe16653,0f6d78af6bc3ef572b1c1051f7324eda9844fe52e03eae46962d49a23c727379,0af1cdf6f0df50a2f9a72dfae9a10859c382d6d874cbd5cd1f64d807fae91b1f,11.768422115619032,598,501,700041,1.0038936142510688,0.1258794855207462,0.9997208872207166,1.0072537645275275,0.0,0.9996546581561426,1.0049316593254474,0.0,False,400,100,1,0.0005000000000000004,0.7159318740849122,0.9762657338413456
DiagonalScanPath_8,Diagonal,development,5,0.2,293.6305450615168,0.20031987205117952,C,e40b01e5e5c3d4f6981e37de705eb49c3fc18e67269851c7ce7e4f5256e2d0f7,1e5375d4f77f1db2872d3fe30cbfd46fe4af6cfc3cc41482fdd6a17bffe16653,0f6d78af6bc3ef572b1c1051f7324eda9844fe52e03eae46962d49a23c727379,e72bdc34a6e38da511cfd1edaff90cc67904628bc15cfe32b2d036337fa36017,1.4888241821720802,598,501,700041,1.0038936142510688,0.0471134454235429,0.9997408650445202,1.0071101730857988,0.0,0.9997422206103279,1.004401745688612,0.0,False,400,100,1,0.0005000000000000004,0.7159318740849122,0.9762657338413456
HorizontalScanPath_1,Horizontal,heldout,0,0.03,294.63123831934564,0.03198720511795282,A,5df89b185bf7ecb3cb75693bda6e921ac33276bded765b87bfef283f865a6996,unused,3c5b8928163294f49164fd47e245230189dfd8bab921c29db3f3b06332732cd4,f275874a67928526f978444612f5c090f277716d73d505d1edd501a67eee0950,11.768422115619032,197,80,800041,,0.13287703040842536,0.9997429693755838,1.0065177131248997,0.0,0.9996004110079784,1.0065177131248997,0.0,False,400,100,1,0.0005000000000000004,0.7159318740849122,0.12931164553076435
HorizontalScanPath_1,Horizontal,heldout,0,0.03,294.63123831934564,0.03198720511795282,B,5df89b185bf7ecb3cb75693bda6e921ac33276bded765b87bfef283f865a6996,19a6202f13bd8d8266304c56540973e88672fa05e8d9ae8d7e60f4f141d4951b,d3a6aa7699357b58f1838ddac34e47e60ad774e00382f1cfd24b7c3be36522ca,f275874a67928526f978444612f5c090f277716d73d505d1edd501a67eee0950,11.768422115619032,197,80,800041,1.0024791993903532,0.13314297417031482,0.9997475185726536,1.0060386462052266,0.0,0.9994877983489986,1.00341977005192,0.0,False,400,100,1,0.0005000000000000004,0.7159318740849122,0.12931164553076435
HorizontalScanPath_1,Horizontal,heldout,0,0.03,294.63123831934564,0.03198720511795282,C,5df89b185bf7ecb3cb75693bda6e921ac33276bded765b87bfef283f865a6996,19a6202f13bd8d8266304c56540973e88672fa05e8d9ae8d7e60f4f141d4951b,d3a6aa7699357b58f1838ddac34e47e60ad774e00382f1cfd24b7c3be36522ca,b6eebab14085ac184b3939d84aa80168055aa8a8d2068d6752321ee6196f845b,0.641870093861499,197,80,800041,1.0024791993903532,0.0319389722382907,0.9997507454168597,1.0065747999158448,0.0,0.9996749584897004,1.0036042742839313,0.0,False,400,100,1,0.0005000000000000004,0.7159318740849122,0.12931164553076435
HorizontalScanPath_1,Horizontal,heldout,1,0.05,294.20825640203134,0.05037984806077569,A,6605a70ed5a2bf40544ad1dc9d8a19fba8429c58425508bb83d76518b8760129,unused,3c5b8928163294f49164fd47e245230189dfd8bab921c29db3f3b06332732cd4,6515b3d594536f176733eb9a2bb689600cd0f28c5fa0c7d015a8d7058cf94e6e,11.768422115619032,242,126,800041,,0.13239425041466604,0.9997394542467122,1.0060386462050293,0.0,0.9996222029120019,1.0037506668402714,0.0,False,400,100,1,0.0005000000000000004,0.7159318740849122,0.19778655653373067
HorizontalScanPath_1,Horizontal,heldout,1,0.05,294.20825640203134,0.05037984806077569,B,6605a70ed5a2bf40544ad1dc9d8a19fba8429c58425508bb83d76518b8760129,bfe14a3ad07ab4bd386bedf8ca4c8594b26a662cead0e4ec88951f97d33cd1ce,1632ad59b1f9038d3b3130d01a8183c40fb66e0f9e3429c1f269ccabb39445d7,6515b3d594536f176733eb9a2bb689600cd0f28c5fa0c7d015a8d7058cf94e6e,11.768422115619032,242,126,800041,1.0046039772216566,0.13360575297712057,0.9997544638339133,1.0060386462051334,0.0,0.9997609634567882,1.0029613655919254,0.0,False,400,100,1,0.0005000000000000004,0.7159318740849122,0.19778655653373067
HorizontalScanPath_1,Horizontal,heldout,1,0.05,294.20825640203134,0.05037984806077569,C,6605a70ed5a2bf40544ad1dc9d8a19fba8429c58425508bb83d76518b8760129,bfe14a3ad07ab4bd386bedf8ca4c8594b26a662cead0e4ec88951f97d33cd1ce,1632ad59b1f9038d3b3130d01a8183c40fb66e0f9e3429c1f269ccabb39445d7,da9586277525876ee06645cb117a7167e6d67f98e1e052b2f40c2d8d8ad843b2,0.7103450048644654,242,126,800041,1.0046039772216566,0.034293601729564485,0.9997375475649832,1.0060386462639108,0.0,0.9996069531850053,1.0035665860004535,0.0,False,400,100,1,0.0005000000000000004,0.7159318740849122,0.19778655653373067
HorizontalScanPath_1,Horizontal,heldout,2,0.075,293.8766937079928,0.07516993202718912,A,e681b32ed452cf51a19dd98c46b48f9c8f61142299dade05ee09bac58805ac7c,unused,3c5b8928163294f49164fd47e245230189dfd8bab921c29db3f3b06332732cd4,742bb20598672c49f548fc521262628e87adb9f86a342f24000927e7df1b66a3,11.768422115619032,299,188,800041,,0.131672383922582,0.999765304162202,1.0062408976000565,0.0,0.9999458665384461,1.006127653111921,0.0,False,400,100,1,0.0005000000000000004,0.7159318740849122,0.3252502600159416
HorizontalScanPath_1,Horizontal,heldout,2,0.075,293.8766937079928,0.07516993202718912,B,e681b32ed452cf51a19dd98c46b48f9c8f61142299dade05ee09bac58805ac7c,d0a864befcc1c500d707904fd421a3d28ef3c7eb65dd7faa0a6028d81e7accf0,90ac79ffeae879a0c40d57a8b3804424ff0f54cb6f5646ee4e61667fd3eb0920,742bb20598672c49f548fc521262628e87adb9f86a342f24000927e7df1b66a3,11.768422115619032,299,188,800041,1.0049043635645047,0.13413261833217396,0.9997647195494528,1.0065869645160452,0.0,0.9998083091924679,1.005326338690256,0.0,False,400,100,1,0.0005000000000000004,0.7159318740849122,0.3252502600159416
HorizontalScanPath_1,Horizontal,heldout,2,0.075,293.8766937079928,0.07516993202718912,C,e681b32ed452cf51a19dd98c46b48f9c8f61142299dade05ee09bac58805ac7c,d0a864befcc1c500d707904fd421a3d28ef3c7eb65dd7faa0a6028d81e7accf0,90ac79ffeae879a0c40d57a8b3804424ff0f54cb6f5646ee4e61667fd3eb0920,dbfc7e492e51802ac5f6321b9bd4eb07de4dca2993b44e7e75363810199c116e,0.8378087083466762,299,188,800041,1.0049043635645047,0.037591328887457885,0.9997708446869192,1.0060386460414454,0.0,0.9999595587747337,1.0059051809101154,0.0,False,400,100,1,0.0005000000000000004,0.7159318740849122,0.3252502600159416
HorizontalScanPath_1,Horizontal,heldout,3,0.1,293.7107319103548,0.10035985605757697,A,52c5777850cfdd0051dee5cef7750a1b55011bdb23d82f736efebc00b6789ea8,unused,3c5b8928163294f49164fd47e245230189dfd8bab921c29db3f3b06332732cd4,086dc8bbe7731ccd610b27bbf3d6befe73c09c98738e3817c81bd28910ee9bd8,11.768422115619032,359,251,800041,,0.12970237432842044,0.9997737047556031,1.0061158318417505,0.0,0.999866641085476,1.0043398785190374,0.0,False,400,100,1,0.0005000000000000004,0.7159318740849122,0.41933684923572867
HorizontalScanPath_1,Horizontal,heldout,3,0.1,293.7107319103548,0.10035985605757697,B,52c5777850cfdd0051dee5cef7750a1b55011bdb23d82f736efebc00b6789ea8,2784f8a5411997a40277117d8c0ee317b1b471ff1c7ca35fbe88a38a89c518b9,8394fbc7f01dcf3d53ec5d2477fdbcfa7e6f21405832fe0b02232b64d46b4324,086dc8bbe7731ccd610b27bbf3d6befe73c09c98738e3817c81bd28910ee9bd8,11.768422115619032,359,251,800041,1.0061339602322474,0.13056153258647224,0.999762916213204,1.0060758320478076,0.0,0.9997619977127603,1.0042549269413747,0.0,False,400,100,1,0.0005000000000000004,0.7159318740849122,0.41933684923572867
HorizontalScanPath_1,Horizontal,heldout,3,0.1,293.7107319103548,0.10035985605757697,C,52c5777850cfdd0051dee5cef7750a1b55011bdb23d82f736efebc00b6789ea8,2784f8a5411997a40277117d8c0ee317b1b471ff1c7ca35fbe88a38a89c518b9,8394fbc7f01dcf3d53ec5d2477fdbcfa7e6f21405832fe0b02232b64d46b4324,f1decd1334aa50afd2bd12d6aec08e133e7b1fdf8dd4e5525894b888f78de194,0.9318952975664633,359,251,800041,1.0061339602322474,0.03709909529727976,0.9997470895659317,1.0065416198379111,0.0,0.99964490428075,1.0037549781586246,0.0,False,400,100,1,0.0005000000000000004,0.7159318740849122,0.41933684923572867
HorizontalScanPath_1,Horizontal,heldout,4,0.15,293.5477392959682,0.15033986405437824,A,841bbaa1f750f597e096a4cbe7ff58be389090ab51f9f9c5ad3b07e8bf6342ce,unused,3c5b8928163294f49164fd47e245230189dfd8bab921c29db3f3b06332732cd4,f0655d76458b19ef49228cc489b3e210840caa29e6b7612d5f5c4adad4fc8c15,11.768422115619032,478,376,800041,,0.12467595582358502,0.9997779808933408,1.0057702881367898,0.0,0.999824869075953,1.0043685893398862,0.0,False,400,100,1,0.0005000000000000004,0.7159318740849122,0.6722385880703133
HorizontalScanPath_1,Horizontal,heldout,4,0.15,293.5477392959682,0.15033986405437824,B,841bbaa1f750f597e096a4cbe7ff58be389090ab51f9f9c5ad3b07e8bf6342ce,14e76ddbea2ef9f0a61e55db1fb901d1ad72a0174783c2b739d0908215d2d905,dd32d7fb8f43f059f997116b146bb1cf953626c82c2ace4a87b9a8d0f27c8484,f0655d76458b19ef49228cc489b3e210840caa29e6b7612d5f5c4adad4fc8c15,11.768422115619032,478,376,800041,1.0074928288776654,0.12563108898161238,0.9997561385732009,1.0057097477461676,0.0,0.999817948824835,1.0043951980522763,0.0,False,400,100,1,0.0005000000000000004,0.7159318740849122,0.6722385880703133
HorizontalScanPath_1,Horizontal,heldout,4,0.15,293.5477392959682,0.15033986405437824,C,841bbaa1f750f597e096a4cbe7ff58be389090ab51f9f9c5ad3b07e8bf6342ce,14e76ddbea2ef9f0a61e55db1fb901d1ad72a0174783c2b739d0908215d2d905,dd32d7fb8f43f059f997116b146bb1cf953626c82c2ace4a87b9a8d0f27c8484,8ab188646e0ccbf0a1c5ec212073f7ee4934759b239977137ad43418e486366d,1.1847970364010478,478,376,800041,1.0074928288776654,0.04118082194679143,0.9997511063749165,1.0068918810410976,0.0,0.9996531308895221,1.0049546241247287,0.0,False,400,100,1,0.0005000000000000004,0.7159318740849122,0.6722385880703133
HorizontalScanPath_1,Horizontal,heldout,5,0.2,293.467490349412,0.20031987205117952,A,6a423d3e471b56f7bb3538793a9ec8ffae971ddcd38ce9e7a647c00b3703a1d7,unused,3c5b8928163294f49164fd47e245230189dfd8bab921c29db3f3b06332732cd4,3733481c69039a25de217dddd713d66a05acce89f7d4dca1faaa93c21341cd8c,11.768422115619032,597,501,800041,,0.11907739818825627,0.9998083761835987,1.0070420532815174,0.0,0.9998101287366602,1.0070420532815174,0.0,False,400,100,1,0.0005000000000000004,0.7159318740849122,0.8988227375034239
HorizontalScanPath_1,Horizontal,heldout,5,0.2,293.467490349412,0.20031987205117952,B,6a423d3e471b56f7bb3538793a9ec8ffae971ddcd38ce9e7a647c00b3703a1d7,e1555fffe51cdb3a6a91e6412b07497cc189692d690b8737f2f04bc56e6912c6,b620dfe80c64a6bd78a805d08a81f5be18f54428f4813b4b5690f109e9903834,3733481c69039a25de217dddd713d66a05acce89f7d4dca1faaa93c21341cd8c,11.768422115619032,597,501,800041,1.0065634832102077,0.12317003243930641,0.9997950208312323,1.0063156698968951,0.0,0.99972446458458,1.0063156698968951,0.0,False,400,100,1,0.0005000000000000004,0.7159318740849122,0.8988227375034239
HorizontalScanPath_1,Horizontal,heldout,5,0.2,293.467490349412,0.20031987205117952,C,6a423d3e471b56f7bb3538793a9ec8ffae971ddcd38ce9e7a647c00b3703a1d7,e1555fffe51cdb3a6a91e6412b07497cc189692d690b8737f2f04bc56e6912c6,b620dfe80c64a6bd78a805d08a81f5be18f54428f4813b4b5690f109e9903834,cb781b13a50c6d9514811f83d2e91cbfbeaf327046c6b547bf31b02b13b28282,1.4113811858341585,597,501,800041,1.0065634832102077,0.04591504983635917,0.9997695802960822,1.0059625954697469,0.0,0.9997509794802275,1.0051586980225713,0.0,False,400,100,1,0.0005000000000000004,0.7159318740849122,0.8988227375034239
HorizontalScanPath_10,Horizontal,heldout,0,0.03,296.06802208777685,0.032387045181927226,A,afcbf304b57a93a33d09c644e7e3031f29b996b99a563d8d0261b69e79df2ae1,unused,bcf493029472531c5ceea4e5b07efd88fa74ff70a1e6ec02e41fda5c94f01032,82f57a5d640b60cde358e5d51ce016ec8052165944af842e30bca46e34daee4f,11.768422115619032,196,81,1600041,,0.13234879688116727,0.9997592194149328,1.0094402925111903,0.0,0.9999331655426577,1.0034104564945263,0.0,False,400,100,1,0.0005000000000000004,0.7159318740849122,0.11293938037064569
HorizontalScanPath_10,Horizontal,heldout,0,0.03,296.06802208777685,0.032387045181927226,B,afcbf304b57a93a33d09c644e7e3031f29b996b99a563d8d0261b69e79df2ae1,ce82d8bab455ed25ab019a7ea479a90c9b77037df2dee720bcf74d3cbec5c86d,e527147d6959446d1a9832eb3123fd9036aa0c68c31085a0d3ac486cbd1d022d,82f57a5d640b60cde358e5d51ce016ec8052165944af842e30bca46e34daee4f,11.768422115619032,196,81,1600041,1.0045982282544617,0.1342228460098095,0.9997592194149336,1.0094402925111923,0.0,0.9999201526829693,1.0062382168803439,0.0,False,400,100,1,0.0005000000000000004,0.7159318740849122,0.11293938037064569
HorizontalScanPath_10,Horizontal,heldout,0,0.03,296.06802208777685,0.032387045181927226,C,afcbf304b57a93a33d09c644e7e3031f29b996b99a563d8d0261b69e79df2ae1,ce82d8bab455ed25ab019a7ea479a90c9b77037df2dee720bcf74d3cbec5c86d,e527147d6959446d1a9832eb3123fd9036aa0c68c31085a0d3ac486cbd1d022d,7fd26f6f50ac4739ab7fe7b1516909bf435ad54ae0b85b7d8bad3b8fc4b34d79,0.6254978287013803,196,81,1600041,1.0045982282544617,0.03255818757105686,0.9997614771998893,1.0094402925114043,0.0,0.9998948025521613,1.005150148694813,0.0,False,400,100,1,0.0005000000000000004,0.7159318740849122,0.11293938037064569
HorizontalScanPath_10,Horizontal,heldout,1,0.05,295.3981259555306,0.05037984806077569,A,902ddc7e118b147c4955ad01bdda5e9a18cd502793a401e5eabb887615187c37,unused,bcf493029472531c5ceea4e5b07efd88fa74ff70a1e6ec02e41fda5c94f01032,c6464401b85cd846cea092210d655f62075666f0ec1838343e07b8d64f590a36,11.768422115619032,240,126,1600041,,0.13141167046760271,0.9997528925164112,1.0094402925111903,0.0,0.999801378742158,1.0042930916848845,0.0,False,400,100,1,0.0005000000000000004,0.7159318740849122,0.19788795589389047
HorizontalScanPath_10,Horizontal,heldout,1,0.05,295.3981259555306,0.05037984806077569,B,902ddc7e118b147c4955ad01bdda5e9a18cd502793a401e5eabb887615187c37,5c26e4a450302978e69b0fd1f5e8d798d537f12d4525bb64387c35b7bdde8333,7ac3179cf32d3d0aaec68fa78672c00d859d8d9e4dc9de0bbd64449d443579bf,c6464401b85cd846cea092210d655f62075666f0ec1838343e07b8d64f590a36,11.768422115619032,240,126,1600041,1.0050517696731534,0.13267723267966258,0.9997544403960839,1.0094402925111923,0.0,0.9998022294005117,1.0063957061301019,0.0,False,400,100,1,0.0005000000000000004,0.7159318740849122,0.19788795589389047
HorizontalScanPath_10,Horizontal,heldout,1,0.05,295.3981259555306,0.05037984806077569,C,902ddc7e118b147c4955ad01bdda5e9a18cd502793a401e5eabb887615187c37,5c26e4a450302978e69b0fd1f5e8d798d537f12d4525bb64387c35b7bdde8333,7ac3179cf32d3d0aaec68fa78672c00d859d8d9e4dc9de0bbd64449d443579bf,116af2df1dbe0290db9dc1e12f7bdb457b6cf7877baf04420a463ab91b14a9e5,0.7104464042246251,240,126,1600041,1.0050517696731534,0.033565747278756684,0.999761476969273,1.0094402925112156,0.0,0.9999165111808225,1.0027275775358635,0.0,False,400,100,1,0.0005000000000000004,0.7159318740849122,0.19788795589389047
HorizontalScanPath_10,Horizontal,heldout,2,0.075,294.7999939677911,0.07516993202718912,A,fc946a8e79aef27d9499b17c6cde969bd845620c6d417f0eff70486d7ad6a5aa,unused,bcf493029472531c5ceea4e5b07efd88fa74ff70a1e6ec02e41fda5c94f01032,fb68046c625ff2e2d1a4c4109e693dcab7a325fd6f1722bff05cd80a53be9665,11.768422115619032,300,188,1600041,,0.13137216729778747,0.9997702883236009,1.0094402925111903,0.0,0.9999289082498739,1.0039792789410684,0.0,False,400,100,1,0.0005000000000000004,0.7159318740849122,0.3270813828722311
HorizontalScanPath_10,Horizontal,heldout,2,0.075,294.7999939677911,0.07516993202718912,B,fc946a8e79aef27d9499b17c6cde969bd845620c6d417f0eff70486d7ad6a5aa,aa5f95c3e7c9ee10971f64bc58ba41b2b556ab33ac5cd2976e138712a0c891e8,24ec53e852279d67c29e08fe92af1e4f786ed0f3cbbdc303c34f7369f4942aa1,fb68046c625ff2e2d1a4c4109e693dcab7a325fd6f1722bff05cd80a53be9665,11.768422115619032,300,188,1600041,1.003761649032794,0.13227958948507923,0.9997573341127445,1.0094402925111923,0.0,0.999824569358246,1.0044566559941184,0.0,False,400,100,1,0.0005000000000000004,0.7159318740849122,0.3270813828722311
HorizontalScanPath_10,Horizontal,heldout,2,0.075,294.7999939677911,0.07516993202718912,C,fc946a8e79aef27d9499b17c6cde969bd845620c6d417f0eff70486d7ad6a5aa,aa5f95c3e7c9ee10971f64bc58ba41b2b556ab33ac5cd2976e138712a0c891e8,24ec53e852279d67c29e08fe92af1e4f786ed0f3cbbdc303c34f7369f4942aa1,60eb87634befcb8b7fd2814e11ec93e75781805413ff9a8e34eff542376eec31,0.8396398312029656,300,188,1600041,1.003761649032794,0.03761997588268855,0.9997524198442739,1.0094402925190356,0.0,0.9997769113126573,1.003207120155896,0.0,False,400,100,1,0.0005000000000000004,0.7159318740849122,0.3270813828722311
HorizontalScanPath_10,Horizontal,heldout,3,0.1,294.3373386020571,0.10035985605757697,A,f62496a177871980194290c054247d82de02addf9017781a2b4344dced71713e,unused,bcf493029472531c5ceea4e5b07efd88fa74ff70a1e6ec02e41fda5c94f01032,4a57fa7ff3b30b2f05de376f9a9d9f53998d3061a908aa2981f5a1310be7af83,11.768422115619032,360,251,1600041,,0.12923693540541595,0.9997442973184513,1.0094402925111892,0.0,0.999680229531402,1.0035374396755004,0.0,False,400,100,1,0.0005000000000000004,0.7159318740849122,0.4636838557346793
HorizontalScanPath_10,Horizontal,heldout,3,0.1,294.3373386020571,0.10035985605757697,B,f62496a177871980194290c054247d82de02addf9017781a2b4344dced71713e,b3025a9efb3089104382e4d3cfe403b4c5c431e80ed9f73a71294f20e799e264,60597977da7b821ff21db8812969f355164fb5de49dbb870ccbb9a7f83cb42a1,4a57fa7ff3b30b2f05de376f9a9d9f53998d3061a908aa2981f5a1310be7af83,11.768422115619032,360,251,1600041,1.0031709223490635,0.13057562878066242,0.9997297107067975,1.0094402925111892,0.0,0.9995312150192399,1.0053441483064909,0.0,False,400,100,1,0.0005000000000000004,0.7159318740849122,0.4636838557346793
HorizontalScanPath_10,Horizontal,heldout,3,0.1,294.3373386020571,0.10035985605757697,C,f62496a177871980194290c054247d82de02addf9017781a2b4344dced71713e,b3025a9efb3089104382e4d3cfe403b4c5c431e80ed9f73a71294f20e799e264,60597977da7b821ff21db8812969f355164fb5de49dbb870ccbb9a7f83cb42a1,edf967c5e24640d7f3388db7c08dd67e84eb5467eb97f7e51960491e1eae9583,0.976242304065414,360,251,1600041,1.0031709223490635,0.03764260541891676,0.9997398250406498,1.0094402924830324,0.0,0.9995875771594459,1.0070943506268972,0.0,False,400,100,1,0.0005000000000000004,0.7159318740849122,0.4636838557346793
HorizontalScanPath_10,Horizontal,heldout,4,0.15,293.83778456263036,0.15033986405437824,A,078c8fe6485721c02e44dbb707455855d301867c8c69a3a845e95827cfc88cfc,unused,bcf493029472531c5ceea4e5b07efd88fa74ff70a1e6ec02e41fda5c94f01032,18c6a58e3d0b2ecdefde2de91ba0c112250675bd9b51e20e651c6fba397835f8,11.768422115619032,479,376,1600041,,0.1287235626174634,0.9997740174750988,1.0111755837139376,0.0,0.9998166514356032,1.0050282941723023,0.0,False,400,100,1,0.0005000000000000004,0.7159318740849122,0.6993349038122372
HorizontalScanPath_10,Horizontal,heldout,4,0.15,293.83778456263036,0.15033986405437824,B,078c8fe6485721c02e44dbb707455855d301867c8c69a3a845e95827cfc88cfc,4bff4035d47be872a90b6abd1458828f2a64146fc3ffe63f073a629f0f978708,907e4f2f353d0efdd4b66a504b2dd33d01564349b46742c4221735482597b188,18c6a58e3d0b2ecdefde2de91ba0c112250675bd9b51e20e651c6fba397835f8,11.768422115619032,479,376,1600041,1.0057045995784468,0.13262449824192646,0.9997565292569452,1.00959327629059,0.0,0.9997354489536308,1.0060148017575712,0.0,False,400,100,1,0.0005000000000000004,0.7159318740849122,0.6993349038122372
HorizontalScanPath_10,Horizontal,heldout,4,0.15,293.83778456263036,0.15033986405437824,C,078c8fe6485721c02e44dbb707455855d301867c8c69a3a845e95827cfc88cfc,4bff4035d47be872a90b6abd1458828f2a64146fc3ffe63f073a629f0f978708,907e4f2f353d0efdd4b66a504b2dd33d01564349b46742c4221735482597b188,a55c9b4a193badf7fc3917240d28eafb4cff0804a56c5ecd612936fc96f5b6cd,1.2118933521429718,479,376,1600041,1.0057045995784468,0.0453986729500254,0.999754784956182,1.0094412044551193,0.0,0.9997464350984508,1.008479286889994,0.0,False,400,100,1,0.0005000000000000004,0.7159318740849122,0.6993349038122372
HorizontalScanPath_10,Horizontal,heldout,5,0.2,293.62960180924995,0.20031987205117952,A,8115c179fd0f5b15680cb4d276da0f71ab26547eae62548d24dff2787c5b74c2,unused,bcf493029472531c5ceea4e5b07efd88fa74ff70a1e6ec02e41fda5c94f01032,53d7be148140d30d6fa4ce7cd37e29d014a67e4ed9c500dcb18789b4eb82504b,11.768422115619032,600,501,1600041,,0.12405840795131254,0.9997917022560582,1.0094404602345592,0.0,0.9998759897828866,1.0076744725414681,0.0,False,400,100,1,0.0005000000000000004,0.7159318740849122,0.9264945254391804
HorizontalScanPath_10,Horizontal,heldout,5,0.2,293.62960180924995,0.20031987205117952,B,8115c179fd0f5b15680cb4d276da0f71ab26547eae62548d24dff2787c5b74c2,07b5c1955f574d21496d33725f6d0590949b0d6c389275a1b5838df5ccedc2d7,32af99abebe55380c1a317b112ad739cd0c2711f8947df4bc1f966094bcd138b,53d7be148140d30d6fa4ce7cd37e29d014a67e4ed9c500dcb18789b4eb82504b,11.768422115619032,600,501,1600041,1.0052459022620894,0.12576289170493873,0.9997604896672904,1.00944048865249,0.0,0.9996868357277477,1.0088564904270265,0.0,False,400,100,1,0.0005000000000000004,0.7159318740849122,0.9264945254391804
HorizontalScanPath_10,Horizontal,heldout,5,0.2,293.62960180924995,0.20031987205117952,C,8115c179fd0f5b15680cb4d276da0f71ab26547eae62548d24dff2787c5b74c2,07b5c1955f574d21496d33725f6d0590949b0d6c389275a1b5838df5ccedc2d7,32af99abebe55380c1a317b112ad739cd0c2711f8947df4bc1f966094bcd138b,c925939d1c7e2a82bb0966c33eb7e9ca2ee3867e6412851af25273c2b1e14ea2,1.439052973769915,600,501,1600041,1.0052459022620894,0.04565452545149886,0.9997719512582817,1.009440973463578,0.0,0.9997196752163279,1.004759293233669,0.0,False,400,100,1,0.0005000000000000004,0.7159318740849122,0.9264945254391804
HorizontalScanPath_11,Horizontal,heldout,0,0.03,296.2091569703494,0.02958816473410636,A,b8a726eb03f8eb1a1d9ab14ac3fbed43927c5e612d2c57be733da647e1416b2f,unused,afc4623dc5828d3a8e5f7cb1dc1fe6a5e47651d7d77df80e576505c904ea734b,359b0a58d001b5c2d284dfdaf3ce9841d9875bcef5d1e04aca4f7908893815f9,11.768422115619032,188,74,1700041,,0.13337285551896508,0.9997682994725365,1.006447980174832,0.0,0.9994497554100785,1.0027559859764996,0.0,False,400,100,1,0.0005000000000000004,0.7159318740849122,0.11224210250082399
HorizontalScanPath_11,Horizontal,heldout,0,0.03,296.2091569703494,0.02958816473410636,B,b8a726eb03f8eb1a1d9ab14ac3fbed43927c5e612d2c57be733da647e1416b2f,ed21702d6237dc35875908c58bcce57630386d19ec4d5b18fb3977579dfd15c8,0828235f0bca8392c2b4ad26582ffc8e5fa9b4cf364a0903b686d88785698413,359b0a58d001b5c2d284dfdaf3ce9841d9875bcef5d1e04aca4f7908893815f9,11.768422115619032,188,74,1700041,1.0027811002043587,0.1341884841523812,0.9997724896891564,1.006445525421289,0.0,0.9997699076217368,1.0034160839241213,0.0,False,400,100,1,0.0005000000000000004,0.7159318740849122,0.11224210250082399
HorizontalScanPath_11,Horizontal,heldout,0,0.03,296.2091569703494,0.02958816473410636,C,b8a726eb03f8eb1a1d9ab14ac3fbed43927c5e612d2c57be733da647e1416b2f,ed21702d6237dc35875908c58bcce57630386d19ec4d5b18fb3977579dfd15c8,0828235f0bca8392c2b4ad26582ffc8e5fa9b4cf364a0903b686d88785698413,baecb8748453219ec2bdfd74467657654a1aeef64d21171fcd0cbd70d6081f03,0.6248005508315585,188,74,1700041,1.0027811002043587,0.03185702668001109,0.9997698456674878,1.0064490458139668,0.0,0.9997694916836319,1.005207985144659,0.0,False,400,100,1,0.0005000000000000004,0.7159318740849122,0.11224210250082399
HorizontalScanPath_11,Horizontal,heldout,1,0.05,295.5002842656077,0.05037984806077569,A,34553892231908ab8122083c19a6756541adf03eee3c1cf33f45caddd9c01a5e,unused,afc4623dc5828d3a8e5f7cb1dc1fe6a5e47651d7d77df80e576505c904ea734b,1bf8969540499ad3c35dd2c508f1ec765dfca3634e9a1b1b30258545faef2955,11.768422115619032,240,126,1700041,,0.1337267683891656,0.9998012872506871,1.0064550466003572,0.0,1.0000405072295457,1.0045320967614926,0.0,False,400,100,1,0.0005000000000000004,0.7159318740849122,0.19636256769784727
HorizontalScanPath_11,Horizontal,heldout,1,0.05,295.5002842656077,0.05037984806077569,B,34553892231908ab8122083c19a6756541adf03eee3c1cf33f45caddd9c01a5e,840dab2e93b6502c0cc2faecbac50736bb6f61506faabb5016afe846ea093c8a,a7b0ee66d2847db57c63c202215b86ee4336bcef44be883ba4566ac93ac373d4,1bf8969540499ad3c35dd2c508f1ec765dfca3634e9a1b1b30258545faef2955,11.768422115619032,240,126,1700041,1.0048665941246697,0.13369656069400324,0.9997791394001779,1.006465632967551,0.0,0.9996973759213039,1.0038055112265256,0.0,False,400,100,1,0.0005000000000000004,0.7159318740849122,0.19636256769784727
HorizontalScanPath_11,Horizontal,heldout,1,0.05,295.5002842656077,0.05037984806077569,C,34553892231908ab8122083c19a6756541adf03eee3c1cf33f45caddd9c01a5e,840dab2e93b6502c0cc2faecbac50736bb6f61506faabb5016afe846ea093c8a,a7b0ee66d2847db57c63c202215b86ee4336bcef44be883ba4566ac93ac373d4,4b8ecee87973d4f39d7464f7bf10de5534440edb58c603d3889d77b2de699cf2,0.7089210160285819,240,126,1700041,1.0048665941246697,0.033948714011167176,0.9997781634205317,1.0064486310584682,0.0,0.99965653202525,1.004563175526473,0.0,False,400,100,1,0.0005000000000000004,0.7159318740849122,0.19636256769784727
HorizontalScanPath_11,Horizontal,heldout,2,0.075,294.833434067864,0.07516993202718912,A,956045079afe31a75863d7454a6853093857706c3fad1d3c68f1025af9346eb6,unused,afc4623dc5828d3a8e5f7cb1dc1fe6a5e47651d7d77df80e576505c904ea734b,1f995568ff1c1e1aff9def6fe31286e18eaf3645aa4ce67c337ae4a3cc3a542b,11.768422115619032,300,188,1700041,,0.13212549670530818,0.9997701661832046,1.006458919462275,0.0,0.9995387884704143,1.0034557246827407,0.0,False,400,100,1,0.0005000000000000004,0.7159318740849122,0.32160972274101635
HorizontalScanPath_11,Horizontal,heldout,2,0.075,294.833434067864,0.07516993202718912,B,956045079afe31a75863d7454a6853093857706c3fad1d3c68f1025af9346eb6,3408fe93110ca69231e8ff3d786be6e61f09fc5a891db080fe69b030de05f2f0,c82a8ec453827c7dd0404fc8a2cc77348d856c89e34b401b8b2595db0cd2dd40,1f995568ff1c1e1aff9def6fe31286e18eaf3645aa4ce67c337ae4a3cc3a542b,11.768422115619032,300,188,1700041,1.0043128992024613,0.1338455804835425,0.9997843432619016,1.0063762886368997,0.0,0.9997448113994587,1.005516007567818,0.0,False,400,100,1,0.0005000000000000004,0.7159318740849122,0.32160972274101635
HorizontalScanPath_11,Horizontal,heldout,2,0.075,294.833434067864,0.07516993202718912,C,956045079afe31a75863d7454a6853093857706c3fad1d3c68f1025af9346eb6,3408fe93110ca69231e8ff3d786be6e61f09fc5a891db080fe69b030de05f2f0,c82a8ec453827c7dd0404fc8a2cc77348d856c89e34b401b8b2595db0cd2dd40,e852c671eb2c678aead87255abafcd29980fcba4b6a59fcb98b79c04652bd74a,0.834168171071751,300,188,1700041,1.0043128992024613,0.036470494908004476,0.9997700610086229,1.0064419924965433,0.0,0.999662631068248,1.0044932778468052,0.0,False,400,100,1,0.0005000000000000004,0.7159318740849122,0.32160972274101635
HorizontalScanPath_11,Horizontal,heldout,3,0.1,294.3930801694012,0.10035985605757697,A,b1b6ee2729c404648027eae6dea8db39a77b09c8512dc14b2c388b30f0b5888b,unused,afc4623dc5828d3a8e5f7cb1dc1fe6a5e47651d7d77df80e576505c904ea734b,d810b6521f7154dd63f8caacc10da5e445c7a957a25e73e8c6524e9d9f5e7ae2,11.768422115619032,361,251,1700041,,0.13018880099938862,0.9997488288860572,1.0068580760015977,0.0,0.999535013977549,1.0026682142262224,0.0,False,400,100,1,0.0005000000000000004,0.7159318740849122,0.45864814684442423
HorizontalScanPath_11,Horizontal,heldout,3,0.1,294.3930801694012,0.10035985605757697,B,b1b6ee2729c404648027eae6dea8db39a77b09c8512dc14b2c388b30f0b5888b,78fdc5528d984fffdd6ed06a8e2ca5f4bdd66fad74e0dc2785f865c976423284,8d5cf24de0cfc5dc33bf58078f5c12361999f2e0b704fd3870770aba02844a9a,d810b6521f7154dd63f8caacc10da5e445c7a957a25e73e8c6524e9d9f5e7ae2,11.768422115619032,361,251,1700041,1.0049876216349731,0.1313984355490732,0.9997515450314457,1.0060323955794186,0.0,0.9995620273944064,1.0040750288746925,0.0,False,400,100,1,0.0005000000000000004,0.7159318740849122,0.45864814684442423
HorizontalScanPath_11,Horizontal,heldout,3,0.1,294.3930801694012,0.10035985605757697,C,b1b6ee2729c404648027eae6dea8db39a77b09c8512dc14b2c388b30f0b5888b,78fdc5528d984fffdd6ed06a8e2ca5f4bdd66fad74e0dc2785f865c976423284,8d5cf24de0cfc5dc33bf58078f5c12361999f2e0b704fd3870770aba02844a9a,63def9cf9a3f93d0d68fb653ff7300a04007cf630421d989d9daba4a2aa3ca40,0.971206595175159,361,251,1700041,1.0049876216349731,0.036666874672000326,0.999753963569623,1.0074048567360676,0.0,0.9995384924012746,1.00356121113378,0.0,False,400,100,1,0.0005000000000000004,0.7159318740849122,0.45864814684442423
HorizontalScanPath_11,Horizontal,heldout,4,0.15,293.84240367584505,0.15033986405437824,A,7c03a8e33e0cfc07dc99a1f10582de393a385354e5d770f882f2e3c84af85d3f,unused,afc4623dc5828d3a8e5f7cb1dc1fe6a5e47651d7d77df80e576505c904ea734b,388f638853632a3b3fd970cd68961ba1b15a1c4488d59ce9d5b8a8d88d0557fe,11.768422115619032,477,376,1700041,,0.12871380683881253,0.9997875763664066,1.005751445821271,0.0,0.9998322777155457,1.004361173984385,0.0,False,400,100,1,0.0005000000000000004,0.7159318740849122,0.6759990665516319
HorizontalScanPath_11,Horizontal,heldout,4,0.15,293.84240367584505,0.15033986405437824,B,7c03a8e33e0cfc07dc99a1f10582de393a385354e5d770f882f2e3c84af85d3f,d48b774c2992e909d02761bc2178198c915888ff30b2d01fed7816637398fd3d,e72468ac949188ea88ab819d60126a49bf9d2ca8887a90935057137bcdc2961c,388f638853632a3b3fd970cd68961ba1b15a1c4488d59ce9d5b8a8d88d0557fe,11.768422115619032,477,376,1700041,1.0055425420761328,0.13197220529362563,0.9997976258871846,1.0057514463729584,0.0,0.9998189507787216,1.0043191569385204,0.0,False,400,100,1,0.0005000000000000004,0.7159318740849122,0.6759990665516319
HorizontalScanPath_11,Horizontal,heldout,4,0.15,293.84240367584505,0.15033986405437824,C,7c03a8e33e0cfc07dc99a1f10582de393a385354e5d770f882f2e3c84af85d3f,d48b774c2992e909d02761bc2178198c915888ff30b2d01fed7816637398fd3d,e72468ac949188ea88ab819d60126a49bf9d2ca8887a90935057137bcdc2961c,33d7632073587df697ff8358d74eaf0263b2c6ebcb5c89808d9dee896766045b,1.1885575148823664,477,376,1700041,1.0055425420761328,0.04481868061869818,0.9997714683604887,1.00575147888062,0.0,0.99970981772063,1.0034883411538902,0.0,False,400,100,1,0.0005000000000000004,0.7159318740849122,0.6759990665516319
HorizontalScanPath_11,Horizontal,heldout,5,0.2,293.6310259178298,0.20031987205117952,A,8ffad3bbdd6d9c883627ecf00a6baf487fe0a61f36dacb8d492fe6b17344f654,unused,afc4623dc5828d3a8e5f7cb1dc1fe6a5e47651d7d77df80e576505c904ea734b,1c4f1de3de9f368943dc3dc6bbc28bde40d2c3f41da057b3bc94ae9e55e9f08d,11.768422115619032,597,501,1700041,,0.12424628746758205,0.9997662209084061,1.006172437075072,0.0,0.9997118401706032,1.006172437075072,0.0,False,400,100,1,0.0005000000000000004,0.7159318740849122,0.9426958309647814
HorizontalScanPath_11,Horizontal,heldout,5,0.2,293.6310259178298,0.20031987205117952,B,8ffad3bbdd6d9c883627ecf00a6baf487fe0a61f36dacb8d492fe6b17344f654,97b990e8e5497849f9e6f25777ac391091dc8f590c0eec742956c18c18ffc48f,01574a008ec2d8a1b519d2488c58741e5f5006f964bd57876bce39f33e25de79,1c4f1de3de9f368943dc3dc6bbc28bde40d2c3f41da057b3bc94ae9e55e9f08d,11.768422115619032,597,501,1700041,1.0077730822515667,0.12797727060252742,0.999765098943605,1.0057857729852762,0.0,0.9996751971466556,1.0052116125225106,0.0,False,400,100,1,0.0005000000000000004,0.7159318740849122,0.9426958309647814
HorizontalScanPath_11,Horizontal,heldout,5,0.2,293.6310259178298,0.20031987205117952,C,8ffad3bbdd6d9c883627ecf00a6baf487fe0a61f36dacb8d492fe6b17344f654,97b990e8e5497849f9e6f25777ac391091dc8f590c0eec742956c18c18ffc48f,01574a008ec2d8a1b519d2488c58741e5f5006f964bd57876bce39f33e25de79,7ce535a1c8675ba234a9374b4f7a60f5c4cb54c80bf9a6f44926e8b7d1e49cee,1.455254279295516,597,501,1700041,1.0077730822515667,0.04671406758757632,0.9997433924172802,1.005772365071697,0.0,0.9996337012011135,1.0052862972119365,0.0,False,400,100,1,0.0005000000000000004,0.7159318740849122,0.9426958309647814
HorizontalScanPath_12,Horizontal,heldout,0,0.03,296.3525815864646,0.031187524990004,A,0121e200fa518b682d5e74dcd4b327b66031d059f2784b2d3c0ce4adf6f2cc64,unused,9e2febba86e1a3fb7ade6a28ffd904fa343f47d64090f08b06616495ee772b76,f6124f8d18eceec9163516f0b4f9271c77ba9cae4904b868789828f9c61322aa,11.768422115619032,192,78,1800041,,0.1332529437502607,0.9997538543939932,1.0064294463050392,0.0,1.0001228058172473,1.0043074184033511,0.0,False,400,100,1,0.0005000000000000004,0.7159318740849122,0.13041876598188212
HorizontalScanPath_12,Horizontal,heldout,0,0.03,296.3525815864646,0.031187524990004,B,0121e200fa518b682d5e74dcd4b327b66031d059f2784b2d3c0ce4adf6f2cc64,1b5ed68585f76d5870a56087710eb069ca44bf86381d4e3a6c6b85712715fe9c,3b554dc4cf05fbfd8e0c742d8a781970f182d3138390f7cfdfbfe4008369ffa2,f6124f8d18eceec9163516f0b4f9271c77ba9cae4904b868789828f9c61322aa,11.768422115619032,192,78,1800041,1.004157046420324,0.13395655657219224,0.999760912259426,1.006429446305029,0.0,1.00023557796367,1.0026097997252448,0.0,False,400,100,1,0.0005000000000000004,0.7159318740849122,0.13041876598188212
HorizontalScanPath_12,Horizontal,heldout,0,0.03,296.3525815864646,0.031187524990004,C,0121e200fa518b682d5e74dcd4b327b66031d059f2784b2d3c0ce4adf6f2cc64,1b5ed68585f76d5870a56087710eb069ca44bf86381d4e3a6c6b85712715fe9c,3b554dc4cf05fbfd8e0c742d8a781970f182d3138390f7cfdfbfe4008369ffa2,32698f9d255cf2fefec6336c8850ca15f3b44fd8871ef22b3b2752fd05f824d6,0.6429772143126166,192,78,1800041,1.004157046420324,0.03203282040750248,0.9997398441962538,1.006429446305031,0.0,0.9998110908865272,1.0035501300475802,0.0,False,400,100,1,0.0005000000000000004,0.7159318740849122,0.13041876598188212
HorizontalScanPath_12,Horizontal,heldout,1,0.05,295.5117739642993,0.05037984806077569,A,c756c7efe16a59bdb4862f441bef19822bc651323c4639c9d58d6efb28f391af,unused,9e2febba86e1a3fb7ade6a28ffd904fa343f47d64090f08b06616495ee772b76,d30ab12355f581b41ca0848f52f85ca52b96d7c7319215d28be2c5ffbe7b0368,11.768422115619032,240,126,1800041,,0.1320072678626702,0.9997398589456002,1.0064294463050392,0.0,0.9996661433623378,1.0049159251412885,0.0,False,400,100,1,0.0005000000000000004,0.7159318740849122,0.20355740719322404
HorizontalScanPath_12,Horizontal,heldout,1,0.05,295.5117739642993,0.05037984806077569,B,c756c7efe16a59bdb4862f441bef19822bc651323c4639c9d58d6efb28f391af,61709895bd8767cfbaa40efd822e5081730b3dbedd1abf17c7d6959face8301a,5e7ed798cc6fc7d279426f4702fc913ab593a4f8048de1bd0e862082dc5dcd91,d30ab12355f581b41ca0848f52f85ca52b96d7c7319215d28be2c5ffbe7b0368,11.768422115619032,240,126,1800041,1.0058895548489388,0.13254752424361357,0.9997370410511099,1.006429446305029,0.0,0.9997868305440004,1.0037309112443296,0.0,False,400,100,1,0.0005000000000000004,0.7159318740849122,0.20355740719322404
HorizontalScanPath_12,Horizontal,heldout,1,0.05,295.5117739642993,0.05037984806077569,C,c756c7efe16a59bdb4862f441bef19822bc651323c4639c9d58d6efb28f391af,61709895bd8767cfbaa40efd822e5081730b3dbedd1abf17c7d6959face8301a,5e7ed798cc6fc7d279426f4702fc913ab593a4f8048de1bd0e862082dc5dcd91,7d5d1b410345785e61a17825a0cc430cb9a2249bb3cc6777690e217ae755f991,0.7161158555239586,240,126,1800041,1.0058895548489388,0.03467449054968231,0.9997433129263803,1.006429446305019,0.0,0.9997873236993864,1.004635645648278,0.0,False,400,100,1,0.0005000000000000004,0.7159318740849122,0.20355740719322404
HorizontalScanPath_12,Horizontal,heldout,2,0.075,294.83624071802836,0.07516993202718912,A,417460525ade95cf0a4a07256b118ceba7c6891124656cc737063d7d17e5c39c,unused,9e2febba86e1a3fb7ade6a28ffd904fa343f47d64090f08b06616495ee772b76,660e2bcb0ff17d8067745c5afc692cb84beefdbdf78ad57888652aa8f29b20e4,11.768422115619032,298,188,1800041,,0.13007236712466178,0.9997137998555375,1.0064294463050392,0.0,0.9995488505883942,1.0030939313407299,0.0,False,400,100,1,0.0005000000000000004,0.7159318740849122,0.3384180599703688
HorizontalScanPath_12,Horizontal,heldout,2,0.075,294.83624071802836,0.07516993202718912,B,417460525ade95cf0a4a07256b118ceba7c6891124656cc737063d7d17e5c39c,77c4057752d3f9c5252ac1c35746301d0158c881eb0ae4bb0710799901ac9c4f,47b8ed617a9020ff65cdf9eb0088821334dc7c6967ff338b36e7d5944dff56f3,660e2bcb0ff17d8067745c5afc692cb84beefdbdf78ad57888652aa8f29b20e4,11.768422115619032,298,188,1800041,1.003769520935358,0.13218051565470973,0.9997074386576726,1.006429446305029,0.0,0.9995104084853093,1.0027835325082486,0.0,False,400,100,1,0.0005000000000000004,0.7159318740849122,0.3384180599703688
HorizontalScanPath_12,Horizontal,heldout,2,0.075,294.83624071802836,0.07516993202718912,C,417460525ade95cf0a4a07256b118ceba7c6891124656cc737063d7d17e5c39c,77c4057752d3f9c5252ac1c35746301d0158c881eb0ae4bb0710799901ac9c4f,47b8ed617a9020ff65cdf9eb0088821334dc7c6967ff338b36e7d5944dff56f3,616a6c7b7e0e0a77b573ce3098dfa701423140b7b4a2579d7544362e160c0163,0.8509765083011035,298,188,1800041,1.003769520935358,0.03763283423818104,0.9997312287389831,1.0064294463050165,0.0,0.9997236835083876,1.0031522511902484,0.0,False,400,100,1,0.0005000000000000004,0.7159318740849122,0.3384180599703688
HorizontalScanPath_12,Horizontal,heldout,3,0.1,294.4165744542677,0.10035985605757697,A,a72d1f9ab12157a3bfd6b04f46e02d6dfa1ca56a62a94a34e1829afb06c71384,unused,9e2febba86e1a3fb7ade6a28ffd904fa343f47d64090f08b06616495ee772b76,f94f5dc21dbae36364b453acca46bb81ee38e38ec0a1cd678164a8b29e84a512,11.768422115619032,359,251,1800041,,0.12948435926503996,0.9997122103325445,1.0064294463050392,0.0,0.9996078275570379,1.0034902710666662,0.0,False,400,100,1,0.0005000000000000004,0.7159318740849122,0.44013188248519874
HorizontalScanPath_12,Horizontal,heldout,3,0.1,294.4165744542677,0.10035985605757697,B,a72d1f9ab12157a3bfd6b04f46e02d6dfa1ca56a62a94a34e1829afb06c71384,495e41d1d3a569932cfa7961afb2c71d3705267eec6397baaa4b72984ac61dd7,38c4a456e6c88046ae7b6c5512551ce7ed213c558f957f90eb99352537c9e7c0,f94f5dc21dbae36364b453acca46bb81ee38e38ec0a1cd678164a8b29e84a512,11.768422115619032,359,251,1800041,1.0036565037278202,0.1305070039903294,0.999696141622936,1.006429446305029,0.0,0.999473557268309,1.003641685895467,0.0,False,400,100,1,0.0005000000000000004,0.7159318740849122,0.44013188248519874
HorizontalScanPath_12,Horizontal,heldout,3,0.1,294.4165744542677,0.10035985605757697,C,a72d1f9ab12157a3bfd6b04f46e02d6dfa1ca56a62a94a34e1829afb06c71384,495e41d1d3a569932cfa7961afb2c71d3705267eec6397baaa4b72984ac61dd7,38c4a456e6c88046ae7b6c5512551ce7ed213c558f957f90eb99352537c9e7c0,a7cf0b99cadf52d678bfd28e056f6050b3a3e0419dce23e6d564c2f8fcaf49d1,0.9526903308159334,359,251,1800041,1.0036565037278202,0.036489065508670177,0.9996957336042023,1.006429446305011,0.0,0.9995448288549851,1.0034624523339062,0.0,False,400,100,1,0.0005000000000000004,0.7159318740849122,0.44013188248519874
HorizontalScanPath_12,Horizontal,heldout,4,0.15,293.8367590268282,0.15033986405437824,A,8bc221383a16fc124edd549a48bac78c766d4b2fd1ebc1676e467c8bc021c1af,unused,9e2febba86e1a3fb7ade6a28ffd904fa343f47d64090f08b06616495ee772b76,2d76365ed9954336dab550e277cb87980cff76f2e8f1675f1214adb7abfc6e1e,11.768422115619032,479,376,1800041,,0.12592863314799252,0.9997313853597681,1.0064294463050392,0.0,0.9997164569036301,1.005593380538685,0.0,False,400,100,1,0.0005000000000000004,0.7159318740849122,0.7334288409272902
HorizontalScanPath_12,Horizontal,heldout,4,0.15,293.8367590268282,0.15033986405437824,B,8bc221383a16fc124edd549a48bac78c766d4b2fd1ebc1676e467c8bc021c1af,53ee3383f4c8fe315c63799e8b49328499aa882b841f8db5fef58eb5a128ac0e,ad01fff4c53d0ebac256a8afb9cd22dc857451b78187a403fb305d289cbc5e75,2d76365ed9954336dab550e277cb87980cff76f2e8f1675f1214adb7abfc6e1e,11.768422115619032,479,376,1800041,1.0062874159775854,0.12920879845542674,0.9997502379802994,1.006429446305029,0.0,0.9997775919978251,1.0051586514395157,0.0,False,400,100,1,0.0005000000000000004,0.7159318740849122,0.7334288409272902
HorizontalScanPath_12,Horizontal,heldout,4,0.15,293.8367590268282,0.15033986405437824,C,8bc221383a16fc124edd549a48bac78c766d4b2fd1ebc1676e467c8bc021c1af,53ee3383f4c8fe315c63799e8b49328499aa882b841f8db5fef58eb5a128ac0e,ad01fff4c53d0ebac256a8afb9cd22dc857451b78187a403fb305d289cbc5e75,626574118d842878216876dd4dfa6a65fbf0b7818bdb5f6481ed0b155df358b5,1.245987289258025,479,376,1800041,1.0062874159775854,0.043590366323473274,0.9997561582334874,1.0064294463053467,0.0,0.9999148976091338,1.0053710517881131,0.0,False,400,100,1,0.0005000000000000004,0.7159318740849122,0.7334288409272902
HorizontalScanPath_12,Horizontal,heldout,5,0.2,293.6302867036322,0.20031987205117952,A,bc3c4ff4e5f5bbe45485af4bb27d5a33590263b68213012bbd3759d487f8120a,unused,9e2febba86e1a3fb7ade6a28ffd904fa343f47d64090f08b06616495ee772b76,64ed0afa62aabb8d48385d7ee836419527f0ce2a4a1e91aec3d39b989683d45c,11.768422115619032,595,501,1800041,,0.12387627077089368,0.9997684619238295,1.0063173885042587,0.0,0.999940369891299,1.0049672412391044,0.0,False,400,100,1,0.0005000000000000004,0.7159318740849122,0.9889088590537571
HorizontalScanPath_12,Horizontal,heldout,5,0.2,293.6302867036322,0.20031987205117952,B,bc3c4ff4e5f5bbe45485af4bb27d5a33590263b68213012bbd3759d487f8120a,b051bc8790b1ec8d5c5dd06cf4949cadb7a77fe033ba49418bdaee08c4a2ff59,239438ceb5cd5a952f5e628d55f584e71f32e9f5bbe2b1f8bf8fc464dab2dedc,64ed0afa62aabb8d48385d7ee836419527f0ce2a4a1e91aec3d39b989683d45c,11.768422115619032,595,501,1800041,1.010503655805649,0.1255951864432934,0.9997498730912784,1.0063041962599244,0.0,0.9997835984857809,1.0042374724684187,0.0,False,400,100,1,0.0005000000000000004,0.7159318740849122,0.9889088590537571
HorizontalScanPath_12,Horizontal,heldout,5,0.2,293.6302867036322,0.20031987205117952,C,bc3c4ff4e5f5bbe45485af4bb27d5a33590263b68213012bbd3759d487f8120a,b051bc8790b1ec8d5c5dd06cf4949cadb7a77fe033ba49418bdaee08c4a2ff59,239438ceb5cd5a952f5e628d55f584e71f32e9f5bbe2b1f8bf8fc464dab2dedc,a83ba5d6c5d00d4588f16d67116b7f10cbec6a8cc78661c21d7d76b93d42b3f2,1.501467307384492,595,501,1800041,1.010503655805649,0.04669610309023099,0.9997470925533425,1.0062822506123366,0.0,0.9996981162951849,1.005762311366755,0.0,False,400,100,1,0.0005000000000000004,0.7159318740849122,0.9889088590537571
HorizontalScanPath_13,Horizontal,development,0,0.03,296.4959614680289,0.03078768492602959,A,4068c7ee72dded156f6a25a9fd99ef0d1fa5ca534cf1f662104b44e1a12441af,unused,2e9f9e5259e2c5497e52a6324e7c9726b9ea5d366777f2745ad6f82d01734952,3bcda845caa1d551120a5d7c132c6a45411c1414b4321e061c94b122a20852bc,11.768422115619032,193,77,1900041,,0.1341644207085685,0.9997422473776516,1.0074216156671203,0.0,1.0004639355728153,1.005918584904767,0.0,False,400,100,1,0.0005000000000000004,0.7159318740849122,0.11208480499009012
HorizontalScanPath_13,Horizontal,development,0,0.03,296.4959614680289,0.03078768492602959,B,4068c7ee72dded156f6a25a9fd99ef0d1fa5ca534cf1f662104b44e1a12441af,772b470ed93ee85eb1602e56e5935d218abc11ea229d4e4e707f53d0ff1d14a9,6a4afebc7fb36cf21ae71df7db4309e298e65eaf322be185909a75919d844e36,3bcda845caa1d551120a5d7c132c6a45411c1414b4321e061c94b122a20852bc,11.768422115619032,193,77,1900041,1.0022471587299866,0.13406127767045392,0.9997151002536457,1.0074216156671143,0.0,0.9995286963410337,1.0039812342790573,0.0,False,400,100,1,0.0005000000000000004,0.7159318740849122,0.11208480499009012
HorizontalScanPath_13,Horizontal,development,0,0.03,296.4959614680289,0.03078768492602959,C,4068c7ee72dded156f6a25a9fd99ef0d1fa5ca534cf1f662104b44e1a12441af,772b470ed93ee85eb1602e56e5935d218abc11ea229d4e4e707f53d0ff1d14a9,6a4afebc7fb36cf21ae71df7db4309e298e65eaf322be185909a75919d844e36,ecd4f4b348ce9338521f308562e4386cf1e7618345894dbf4161d8a95cbe37f7,0.6246432533208247,193,77,1900041,1.0022471587299866,0.031794318544408326,0.9997231463449611,1.0074216156671452,0.0,0.9998341105923764,1.0030572977877312,0.0,False,400,100,1,0.0005000000000000004,0.7159318740849122,0.11208480499009012
HorizontalScanPath_13,Horizontal,development,1,0.05,295.54245008951557,0.05037984806077569,A,743bb7a1ea6a88fc407deeca45be9e2d20dbba8b796602260e50276010252224,unused,2e9f9e5259e2c5497e52a6324e7c9726b9ea5d366777f2745ad6f82d01734952,8fd2297e9c08f6550d40f9b68f1a796b8b1a93e456e2f847eaf4880210d2e032,11.768422115619032,240,126,1900041,,0.13299566700561485,0.9997151892293915,1.0074216156671203,0.0,0.9998030423635811,1.0044667204110456,0.0,False,400,100,1,0.0005000000000000004,0.7159318740849122,0.20990127095109395
HorizontalScanPath_13,Horizontal,development,1,0.05,295.54245008951557,0.05037984806077569,B,743bb7a1ea6a88fc407deeca45be9e2d20dbba8b796602260e50276010252224,5d898decff4ce3404115c3a3dc18d003e2635c3d301fc0b1c8ca8cadde00ace5,9c5ee932a193df8d629683426af209200c2f75c62fe6d707d1858080a883599c,8fd2297e9c08f6550d40f9b68f1a796b8b1a93e456e2f847eaf4880210d2e032,11.768422115619032,240,126,1900041,1.003022738687445,0.133457770752776,0.999713414628669,1.0074216156671143,0.0,0.9997561691839084,1.0026150819649489,0.0,False,400,100,1,0.0005000000000000004,0.7159318740849122,0.20990127095109395
HorizontalScanPath_13,Horizontal,development,1,0.05,295.54245008951557,0.05037984806077569,C,743bb7a1ea6a88fc407deeca45be9e2d20dbba8b796602260e50276010252224,5d898decff4ce3404115c3a3dc18d003e2635c3d301fc0b1c8ca8cadde00ace5,9c5ee932a193df8d629683426af209200c2f75c62fe6d707d1858080a883599c,ebde4a8b629e82bf8355b827c56c031a74fc91c90f78469702ea7e6ba8d8e1af,0.7224597192818286,240,126,1900041,1.003022738687445,0.03329218340671966,0.9997139523755959,1.0074216156671134,0.0,0.9997881633941224,1.0025720733322674,0.0,False,400,100,1,0.0005000000000000004,0.7159318740849122,0.20990127095109395
HorizontalScanPath_13,Horizontal,development,2,0.075,294.940762216292,0.07516993202718912,A,83d8aef54ea466fffe59677b17cf0fa99ce85f629bcc7b631acc610079974d7a,unused,2e9f9e5259e2c5497e52a6324e7c9726b9ea5d366777f2745ad6f82d01734952,a335b7af31aa2d32dd61dbc7ccf4f944f2b329cbfd3bac91f2b064242893a896,11.768422115619032,299,188,1900041,,0.13185616057197,0.9997162631335178,1.0074216156671203,0.0,0.9996286995094634,1.0035013283787406,0.0,False,400,100,1,0.0005000000000000004,0.7159318740849122,0.33664730771805046
HorizontalScanPath_13,Horizontal,development,2,0.075,294.940762216292,0.07516993202718912,B,83d8aef54ea466fffe59677b17cf0fa99ce85f629bcc7b631acc610079974d7a,8db93fdd22d779f5a836939c81a53c48f15b4f9e427432165fa1b1208065c254,a5a284994a8bda1b9b4c68418b8e7baab1cfceb62c5053cea498c81c57a29bbc,a335b7af31aa2d32dd61dbc7ccf4f944f2b329cbfd3bac91f2b064242893a896,11.768422115619032,299,188,1900041,1.00662234330704,0.13598813465990114,0.9997416557629604,1.0074216156671143,0.0,0.9999514125964333,1.003048575440037,0.0,False,400,100,1,0.0005000000000000004,0.7159318740849122,0.33664730771805046
HorizontalScanPath_13,Horizontal,development,2,0.075,294.940762216292,0.07516993202718912,C,83d8aef54ea466fffe59677b17cf0fa99ce85f629bcc7b631acc610079974d7a,8db93fdd22d779f5a836939c81a53c48f15b4f9e427432165fa1b1208065c254,a5a284994a8bda1b9b4c68418b8e7baab1cfceb62c5053cea498c81c57a29bbc,4c8b6994924e348e0e482300235a20994f577b8fb805f5ba108368174039c447,0.849205756048785,299,188,1900041,1.00662234330704,0.03731625615841819,0.9997231464394042,1.007421615667146,0.0,0.9997622823945825,1.003681715896179,0.0,False,400,100,1,0.0005000000000000004,0.7159318740849122,0.33664730771805046
HorizontalScanPath_13,Horizontal,development,3,0.1,294.4248269440411,0.10035985605757697,A,f74dc7fa26fe14673a90b21de662c62f7e4ef45549eb9fc08ccebda869850eab,unused,2e9f9e5259e2c5497e52a6324e7c9726b9ea5d366777f2745ad6f82d01734952,1b703d0150423e9b796516e69c25285b45e1404ec7a1dcbd580ceb7a064e5593,11.768422115619032,358,251,1900041,,0.1298954504745493,0.9997077493151302,1.0074216156671203,0.0,0.9997378453375334,1.0048070485582645,0.0,False,400,100,1,0.0005000000000000004,0.7159318740849122,0.44843479473402487
HorizontalScanPath_13,Horizontal,development,3,0.1,294.4248269440411,0.10035985605757697,B,f74dc7fa26fe14673a90b21de662c62f7e4ef45549eb9fc08ccebda869850eab,a650e150beebec11f4602ff79cb6608f456a2f65d5b6faf814252ff6c645c998,d45267e318b5b29dea7c4dbc775870542a91b84f2adf5f3806e4017dce6c1235,1b703d0150423e9b796516e69c25285b45e1404ec7a1dcbd580ceb7a064e5593,11.768422115619032,358,251,1900041,1.004220079744483,0.1321730464841119,0.9996883039367265,1.0074216156671143,0.0,0.9995652664642986,1.0045056159688515,0.0,False,400,100,1,0.0005000000000000004,0.7159318740849122,0.44843479473402487
HorizontalScanPath_13,Horizontal,development,3,0.1,294.4248269440411,0.10035985605757697,C,f74dc7fa26fe14673a90b21de662c62f7e4ef45549eb9fc08ccebda869850eab,a650e150beebec11f4602ff79cb6608f456a2f65d5b6faf814252ff6c645c998,d45267e318b5b29dea7c4dbc775870542a91b84f2adf5f3806e4017dce6c1235,20af1bc68899cf931ef34c5f6eb1fccce05a7d34f1fa053151302dd48835dda0,0.9609932430647596,358,251,1900041,1.004220079744483,0.03930903223089375,0.999707504205677,1.0074216156672073,0.0,0.999683560409913,1.0030168367336938,0.0,False,400,100,1,0.0005000000000000004,0.7159318740849122,0.44843479473402487
HorizontalScanPath_13,Horizontal,development,4,0.15,293.862827391197,0.15033986405437824,A,1c197ea692952bbe5c1c9ad2f8d3d14f82cf08781b471356a5d9d86163497d74,unused,2e9f9e5259e2c5497e52a6324e7c9726b9ea5d366777f2745ad6f82d01734952,efb73d20273e19500dbf711c7914fbd7d7491c29a1be40616baab94c9a6908e1,11.768422115619032,476,376,1900041,,0.1288899442370746,0.9997219959356282,1.0074216156671203,0.0,0.9996711091617987,1.0047107637790864,0.0,False,400,100,1,0.0005000000000000004,0.7159318740849122,0.7346148839936459
HorizontalScanPath_13,Horizontal,development,4,0.15,293.862827391197,0.15033986405437824,B,1c197ea692952bbe5c1c9ad2f8d3d14f82cf08781b471356a5d9d86163497d74,0a509e97ee4dc604d3a1d504a94e68747bd648e334a97b34696ee67681b2645c,56da436d0f8d96e23b32b4e1ae84f56cb7a23c69cc3de8637ff71752ff975765,efb73d20273e19500dbf711c7914fbd7d7491c29a1be40616baab94c9a6908e1,11.768422115619032,476,376,1900041,1.0053955408513902,0.1312104314122555,0.9997166668694623,1.0074216156671132,0.0,0.9997356290762203,1.0048921246048932,0.0,False,400,100,1,0.0005000000000000004,0.7159318740849122,0.7346148839936459
HorizontalScanPath_13,Horizontal,development,4,0.15,293.862827391197,0.15033986405437824,C,1c197ea692952bbe5c1c9ad2f8d3d14f82cf08781b471356a5d9d86163497d74,0a509e97ee4dc604d3a1d504a94e68747bd648e334a97b34696ee67681b2645c,56da436d0f8d96e23b32b4e1ae84f56cb7a23c69cc3de8637ff71752ff975765,87681ebe77d8be3d3602be017a2e95aa32f336099829881133bc46494ead3529,1.2471733323243808,476,376,1900041,1.0053955408513902,0.04430797244526518,0.9997145149718892,1.0081920149832582,0.0,0.9996785042456042,1.0081920149832582,0.0,False,400,100,1,0.0005000000000000004,0.7159318740849122,0.7346148839936459
HorizontalScanPath_13,Horizontal,development,5,0.2,293.6405573222221,0.20031987205117952,A,dee9afa5b8370ebc97a49e5dd54828cf74e6ee9ce51dcd5eea1b7f20799384da,unused,2e9f9e5259e2c5497e52a6324e7c9726b9ea5d366777f2745ad6f82d01734952,7e6611be9ec49035f0f363d32eec60007a6a042ff78f1940457d33b37a20b0df,11.768422115619032,594,501,1900041,,0.1256869552517612,0.999773375782591,1.0091956103249908,0.0,0.9998030381401051,1.0089773082074855,0.0,False,400,100,1,0.0005000000000000004,0.7159318740849122,0.9662116361679334
HorizontalScanPath_13,Horizontal,development,5,0.2,293.6405573222221,0.20031987205117952,B,dee9afa5b8370ebc97a49e5dd54828cf74e6ee9ce51dcd5eea1b7f20799384da,c97e51bda1631e9e7c218f6ae379aca04ad771d80092a759254f4aa3d4d0d06c,e04a657127c801fa03d7e6c56a0a5f887da84c63b4afc0c2936328f2ccb86f20,7e6611be9ec49035f0f363d32eec60007a6a042ff78f1940457d33b37a20b0df,11.768422115619032,594,501,1900041,1.0050771578842175,0.12916381202028188,0.9997509377098494,1.008640316306697,0.0,0.9996853741076368,1.008640316306697,0.0,False,400,100,1,0.0005000000000000004,0.7159318740849122,0.9662116361679334
HorizontalScanPath_13,Horizontal,development,5,0.2,293.6405573222221,0.20031987205117952,C,dee9afa5b8370ebc97a49e5dd54828cf74e6ee9ce51dcd5eea1b7f20799384da,c97e51bda1631e9e7c218f6ae379aca04ad771d80092a759254f4aa3d4d0d06c,e04a657127c801fa03d7e6c56a0a5f887da84c63b4afc0c2936328f2ccb86f20,ca0ede431638074afb7f2cb4eb734ad764e9ed5ff99b6fcad52918e8e08c197f,1.478770084498668,594,501,1900041,1.0050771578842175,0.0458205188993084,0.9997360860232084,1.0085090313089975,0.0,0.9996984793411788,1.0048164920738083,0.0,False,400,100,1,0.0005000000000000004,0.7159318740849122,0.9662116361679334
HorizontalScanPath_2,Horizontal,heldout,0,0.03,294.6301695664475,0.03078768492602959,A,4e500167832d517674e68eddd4343338099699b9ac586a15c788c5e83a09d157,unused,e3fa2e4f98910b8961371234d5b8dc0444f3270ebb71c891e8710da6cefe3994,2e019bc95e4e72a7ef72345309f5bdd11c4e7f06b4d657ef0d72b8179364a81f,11.768422115619032,193,77,900041,,0.13091393576267862,0.9997368466803097,1.0066339177651928,0.0,0.9997107497826724,1.003071970649284,0.0,False,400,100,1,0.0005000000000000004,0.7159318740849122,0.12503921496862325
HorizontalScanPath_2,Horizontal,heldout,0,0.03,294.6301695664475,0.03078768492602959,B,4e500167832d517674e68eddd4343338099699b9ac586a15c788c5e83a09d157,fb3d355c3cac66f1152addc346a50ffd50a876f4025751b763e3b24bdafdd72c,6df4d966a7ed294cbade9f13cfd0e7e1eee7ef8094ae3c61b12ca1fa3caee326,2e019bc95e4e72a7ef72345309f5bdd11c4e7f06b4d657ef0d72b8179364a81f,11.768422115619032,193,77,900041,1.0046461718268267,0.13172299048012437,0.9997357253376493,1.0082378688003215,0.0,0.9996149947329929,1.0082378688003215,0.0,False,400,100,1,0.0005000000000000004,0.7159318740849122,0.12503921496862325
HorizontalScanPath_2,Horizontal,heldout,0,0.03,294.6301695664475,0.03078768492602959,C,4e500167832d517674e68eddd4343338099699b9ac586a15c788c5e83a09d157,fb3d355c3cac66f1152addc346a50ffd50a876f4025751b763e3b24bdafdd72c,6df4d966a7ed294cbade9f13cfd0e7e1eee7ef8094ae3c61b12ca1fa3caee326,65442896c466ee63d74629343decfdec4ce3b9a8c58682db49e510735c6526a1,0.637597663299358,193,77,900041,1.0046461718268267,0.031208104963126843,0.9997340214314424,1.0066342038365714,0.0,0.9994402058328934,1.0034702846897166,0.0,False,400,100,1,0.0005000000000000004,0.7159318740849122,0.12503921496862325
HorizontalScanPath_2,Horizontal,heldout,1,0.05,294.22403029012474,0.05037984806077569,A,f38a92625a25df5a1a4fc9ec2c60e01a48d58ffee280860f42446c24fc212e5d,unused,e3fa2e4f98910b8961371234d5b8dc0444f3270ebb71c891e8710da6cefe3994,e1e2c28a010db24f679f953c8fe04e0c53f91a687872b26da4fa1fdc8d3f09b7,11.768422115619032,241,126,900041,,0.1302776147653312,0.9997534319413387,1.0066341726901207,0.0,0.9999101896299485,1.005320697377438,0.0,False,400,100,1,0.0005000000000000004,0.7159318740849122,0.20545083870843586
HorizontalScanPath_2,Horizontal,heldout,1,0.05,294.22403029012474,0.05037984806077569,B,f38a92625a25df5a1a4fc9ec2c60e01a48d58ffee280860f42446c24fc212e5d,bb07fa4e3f8c711d7b8285fe0fc13c0bbd6dfbe3e2e4b5cccf0fbfc96a054417,e125113a93230122dc61f09100182e4cf6bcf102729d2afe883db67e3d28a586,e1e2c28a010db24f679f953c8fe04e0c53f91a687872b26da4fa1fdc8d3f09b7,11.768422115619032,241,126,900041,1.0072460962602408,0.13074096467198187,0.9997391985070756,1.0066339822796913,0.0,0.9996813037138016,1.0045868334111439,0.0,False,400,100,1,0.0005000000000000004,0.7159318740849122,0.20545083870843586
HorizontalScanPath_2,Horizontal,heldout,1,0.05,294.22403029012474,0.05037984806077569,C,f38a92625a25df5a1a4fc9ec2c60e01a48d58ffee280860f42446c24fc212e5d,bb07fa4e3f8c711d7b8285fe0fc13c0bbd6dfbe3e2e4b5cccf0fbfc96a054417,e125113a93230122dc61f09100182e4cf6bcf102729d2afe883db67e3d28a586,766cd9d47c54cad8382b27fd9faee470b0d31d41340301cb6f208f896ad6bbf9,0.7180092870391704,241,126,900041,1.0072460962602408,0.03353795725379461,0.9997445469791953,1.0066338295945167,0.0,0.9998716379167634,1.0046256642960951,0.0,False,400,100,1,0.0005000000000000004,0.7159318740849122,0.20545083870843586
HorizontalScanPath_2,Horizontal,heldout,2,0.075,293.9594393672763,0.07516993202718912,A,250f34183882e6da98cfab48bdfc31c53dec55d1de50d8fc8fbfc4bb61eea2b2,unused,e3fa2e4f98910b8961371234d5b8dc0444f3270ebb71c891e8710da6cefe3994,22358762afb242e0eb3c350b2b7334b7256623a7e82f57de4a93032fdf0660a6,11.768422115619032,300,188,900041,,0.13034414579319956,0.9997516401122467,1.0068343689284045,0.0,1.0000331994551073,1.0053228076626555,0.0,False,400,100,1,0.0005000000000000004,0.7159318740849122,0.35187195298831486
HorizontalScanPath_2,Horizontal,heldout,2,0.075,293.9594393672763,0.07516993202718912,B,250f34183882e6da98cfab48bdfc31c53dec55d1de50d8fc8fbfc4bb61eea2b2,4a23b022155fcc5914d4f38423c7d84ba73c2766f48cf7ac2fd62b71b002b3e7,ba896709770db478bc3c8d2308faaa223caa4dc4dace5733ff62c56bec9a4341,22358762afb242e0eb3c350b2b7334b7256623a7e82f57de4a93032fdf0660a6,11.768422115619032,300,188,900041,1.0035334368737796,0.1316767296544141,0.9997578969477464,1.0076922322817066,0.0,0.9998897672617593,1.006598468091579,0.0,False,400,100,1,0.0005000000000000004,0.7159318740849122,0.35187195298831486
HorizontalScanPath_2,Horizontal,heldout,2,0.075,293.9594393672763,0.07516993202718912,C,250f34183882e6da98cfab48bdfc31c53dec55d1de50d8fc8fbfc4bb61eea2b2,4a23b022155fcc5914d4f38423c7d84ba73c2766f48cf7ac2fd62b71b002b3e7,ba896709770db478bc3c8d2308faaa223caa4dc4dace5733ff62c56bec9a4341,4a30b0225cd0c025db03da4e5b8b4f6d07f4fd782ff91c60267e41f8e0db3faa,0.8644304013190495,300,188,900041,1.0035334368737796,0.03584511886150954,0.9997428639207944,1.0066342564770392,0.0,0.9998921379188394,1.0057472376324585,0.0,False,400,100,1,0.0005000000000000004,0.7159318740849122,0.35187195298831486
HorizontalScanPath_2,Horizontal,heldout,3,0.1,293.79292587499856,0.10035985605757697,A,8e70ede3d9b014440d2452b9864cf2410e83fd707ad2c82e2b3700efe794ac71,unused,e3fa2e4f98910b8961371234d5b8dc0444f3270ebb71c891e8710da6cefe3994,a36c282d2584c0e692900a1262918da8018dbb2303992056fc9e673464f99631,11.768422115619032,360,251,900041,,0.12713168382302095,0.9997423753467958,1.0066338935836832,0.0,0.9996670533749262,1.0041607644554496,0.0,False,400,100,1,0.0005000000000000004,0.7159318740849122,0.4913400374281447
HorizontalScanPath_2,Horizontal,heldout,3,0.1,293.79292587499856,0.10035985605757697,B,8e70ede3d9b014440d2452b9864cf2410e83fd707ad2c82e2b3700efe794ac71,4689158b989c594f09530ea0663161d52c064bddfe78db2a9069fdef750ec643,937b96292e7da42940fb1fb9f0d6bd5942ce6b53952efb630c19b20b0504f818,a36c282d2584c0e692900a1262918da8018dbb2303992056fc9e673464f99631,11.768422115619032,360,251,900041,1.007141461294702,0.1283513303287366,0.9997439816529132,1.0066339121489198,0.0,0.9997572858864036,1.004160126394383,0.0,False,400,100,1,0.0005000000000000004,0.7159318740849122,0.4913400374281447
HorizontalScanPath_2,Horizontal,heldout,3,0.1,293.79292587499856,0.10035985605757697,C,8e70ede3d9b014440d2452b9864cf2410e83fd707ad2c82e2b3700efe794ac71,4689158b989c594f09530ea0663161d52c064bddfe78db2a9069fdef750ec643,937b96292e7da42940fb1fb9f0d6bd5942ce6b53952efb630c19b20b0504f818,059628e81de10e2a27d866890c27f23da9ce714037a35deb9c0b026de61a5ae6,1.0038984857588793,360,251,900041,1.007141461294702,0.039075938404624484,0.9997422751630491,1.0066329335378248,0.0,0.9997067491702323,1.0044400700443743,0.0,False,400,100,1,0.0005000000000000004,0.7159318740849122,0.4913400374281447
HorizontalScanPath_2,Horizontal,heldout,4,0.15,293.63062672885263,0.15033986405437824,A,a806ece8c2ae83f8a0b6a4ef712c22fc2957311524268af7feed0d07147f505d,unused,e3fa2e4f98910b8961371234d5b8dc0444f3270ebb71c891e8710da6cefe3994,445a3543ad06d9e79e5a55dccfc74ed2991430ac732d36fb096575b0de9e464e,11.768422115619032,479,376,900041,,0.12410023722594007,0.999796345256906,1.00665574356934,0.0,0.9998828893779141,1.005152885681774,0.0,False,400,100,1,0.0005000000000000004,0.7159318740849122,0.6841266215789107
HorizontalScanPath_2,Horizontal,heldout,4,0.15,293.63062672885263,0.15033986405437824,B,a806ece8c2ae83f8a0b6a4ef712c22fc2957311524268af7feed0d07147f505d,eebce98b29944fb2b9918ae09d32ac3e25f3854e5425b151357c02c8141a7eb4,dcecf986b0dfed6bee9c3639c7e4fd5be1a699f9cff74f8eaa90b28534340c2d,445a3543ad06d9e79e5a55dccfc74ed2991430ac732d36fb096575b0de9e464e,11.768422115619032,479,376,900041,1.007219585944335,0.1253926812204212,0.999790485218722,1.0081930019501701,0.0,0.9998096120361486,1.0081930019501701,0.0,False,400,100,1,0.0005000000000000004,0.7159318740849122,0.6841266215789107
HorizontalScanPath_2,Horizontal,heldout,4,0.15,293.63062672885263,0.15033986405437824,C,a806ece8c2ae83f8a0b6a4ef712c22fc2957311524268af7feed0d07147f505d,eebce98b29944fb2b9918ae09d32ac3e25f3854e5425b151357c02c8141a7eb4,dcecf986b0dfed6bee9c3639c7e4fd5be1a699f9cff74f8eaa90b28534340c2d,de049b68b61365af8e1cd30c275b835fc6a8c208a973bfd6f11aadd52abcead5,1.1966850699096454,479,376,900041,1.007219585944335,0.04221624155070456,0.9997801744869116,1.0066249758382273,0.0,0.9997774235429786,1.0045904624916926,0.0,False,400,100,1,0.0005000000000000004,0.7159318740849122,0.6841266215789107
HorizontalScanPath_2,Horizontal,heldout,5,0.2,293.51252355739297,0.20031987205117952,A,735f4d3cbafe8d1bb76b8cfa9dbe919697bf5bedd97b9957b5d25acb9facdcb9,unused,e3fa2e4f98910b8961371234d5b8dc0444f3270ebb71c891e8710da6cefe3994,614f199fb37d2109e7799e289390f4f6efabf577e46d246557f45c9282e8d6b3,11.768422115619032,598,501,900041,,0.11897693874722892,0.9997647444889212,1.0066494240780837,0.0,0.9998163728704161,1.005180861053377,0.0,False,400,100,1,0.0005000000000000004,0.7159318740849122,0.9284915947781803
HorizontalScanPath_2,Horizontal,heldout,5,0.2,293.51252355739297,0.20031987205117952,B,735f4d3cbafe8d1bb76b8cfa9dbe919697bf5bedd97b9957b5d25acb9facdcb9,85badc1e9458e5dd62910ef3345fcf2b1402d56a1c4c5a08837876cb4d49de67,3500163ecd00e7573f440a31d182faaea40998ced2d108fd0b012e92ff54e021,614f199fb37d2109e7799e289390f4f6efabf577e46d246557f45c9282e8d6b3,11.768422115619032,598,501,900041,1.0059460109880871,0.12172466888921513,0.9997552270261456,1.0066473408635135,0.0,0.9997535327264021,1.0049582774300452,0.0,False,400,100,1,0.0005000000000000004,0.7159318740849122,0.9284915947781803
HorizontalScanPath_2,Horizontal,heldout,5,0.2,293.51252355739297,0.20031987205117952,C,735f4d3cbafe8d1bb76b8cfa9dbe919697bf5bedd97b9957b5d25acb9facdcb9,85badc1e9458e5dd62910ef3345fcf2b1402d56a1c4c5a08837876cb4d49de67,3500163ecd00e7573f440a31d182faaea40998ced2d108fd0b012e92ff54e021,8ae1d1e422fb76e7aaa37c70a2f83cfb42e610c72cd3ac889ac73ff3e18a34f1,1.441050043108915,598,501,900041,1.0059460109880871,0.04526969404620164,0.9997697076237692,1.0068474642519272,0.0,0.9997131088888753,1.0056225067841384,0.0,False,400,100,1,0.0005000000000000004,0.7159318740849122,0.9284915947781803
HorizontalScanPath_3,Horizontal,heldout,0,0.03,294.64317213251667,0.03278688524590164,A,7e6a0e68133ec5aeae2bc95515325b0592d6f208370a3adeafc2aec6a469dd95,unused,1d4848b895d36867684832d477740da90ef440fc422ef6af0311429e8db9f6d5,150eec18f9ba2fba276a78eae82551ec079c40e1b67dafbf4a87a3873a78ff0f,11.768422115619032,199,82,1000041,,0.13147016610901863,0.9997511545580166,1.007569916935477,0.0,0.9998329626579991,1.0054033700616318,0.0,False,400,100,1,0.0005000000000000004,0.7159318740849122,0.12894770091722793
HorizontalScanPath_3,Horizontal,heldout,0,0.03,294.64317213251667,0.03278688524590164,B,7e6a0e68133ec5aeae2bc95515325b0592d6f208370a3adeafc2aec6a469dd95,31534ff5701f4cf44bfdf05efd0814bf3ec3fb322c976217456538475a15bb89,7163c9d33896cc33cc9b1f3a519ec16b0de1dfc22dfaab94ea5bd5ce26c53bb9,150eec18f9ba2fba276a78eae82551ec079c40e1b67dafbf4a87a3873a78ff0f,11.768422115619032,199,82,1000041,1.0045977126342733,0.1319883805062588,0.9997537101145156,1.007569945385409,0.0,0.9997826993575389,1.005044414524045,0.0,False,400,100,1,0.0005000000000000004,0.7159318740849122,0.12894770091722793
HorizontalScanPath_3,Horizontal,heldout,0,0.03,294.64317213251667,0.03278688524590164,C,7e6a0e68133ec5aeae2bc95515325b0592d6f208370a3adeafc2aec6a469dd95,31534ff5701f4cf44bfdf05efd0814bf3ec3fb322c976217456538475a15bb89,7163c9d33896cc33cc9b1f3a519ec16b0de1dfc22dfaab94ea5bd5ce26c53bb9,b6f4b7ebd2fe601786f683e6f5641389c755a81525ea2219b791c41aa3f2cb9c,0.6415061492479625,199,82,1000041,1.0045977126342733,0.03202655984774987,0.9997438123277472,1.0075703792755526,0.0,0.9998052640410335,1.0046480657217995,0.0,False,400,100,1,0.0005000000000000004,0.7159318740849122,0.12894770091722793
HorizontalScanPath_3,Horizontal,heldout,1,0.05,294.35397682553565,0.05037984806077569,A,23112e77e6cca2aec1e62719aac6839fa343b4351537a64ede91c8fd4efcaa7f,unused,1d4848b895d36867684832d477740da90ef440fc422ef6af0311429e8db9f6d5,7229d865414b6d8c6ad4be0645763720fd11c645ec0522f490b338474b8ef111,11.768422115619032,242,126,1000041,,0.12947614852537365,0.9997511834112748,1.007569696069673,0.0,1.000031630951224,1.0062593985830064,0.0,False,400,100,1,0.0005000000000000004,0.7159318740849122,0.19653848490973228
HorizontalScanPath_3,Horizontal,heldout,1,0.05,294.35397682553565,0.05037984806077569,B,23112e77e6cca2aec1e62719aac6839fa343b4351537a64ede91c8fd4efcaa7f,ba401e8962748560a991ebb5acf79b583aa5f8f5843dc07a05974b8202c5b53d,3de569eb6b96ec726f148cecc1014f13f2ed7f531488001776d74ed10f84d97a,7229d865414b6d8c6ad4be0645763720fd11c645ec0522f490b338474b8ef111,11.768422115619032,242,126,1000041,1.00610426610653,0.13049826994042693,0.9997472674981664,1.0075696229393285,0.0,0.999865552494898,1.0055415889893438,0.0,False,400,100,1,0.0005000000000000004,0.7159318740849122,0.19653848490973228
HorizontalScanPath_3,Horizontal,heldout,1,0.05,294.35397682553565,0.05037984806077569,C,23112e77e6cca2aec1e62719aac6839fa343b4351537a64ede91c8fd4efcaa7f,ba401e8962748560a991ebb5acf79b583aa5f8f5843dc07a05974b8202c5b53d,3de569eb6b96ec726f148cecc1014f13f2ed7f531488001776d74ed10f84d97a,879cd91245515acc1e7d3135548ec517480ca01d033e6eed354c50e35a2a5e06,0.7090969332404669,242,126,1000041,1.00610426610653,0.03415666513016764,0.9997418595182225,1.0075694627857725,0.0,0.9998398102905609,1.0045415400553468,0.0,False,400,100,1,0.0005000000000000004,0.7159318740849122,0.19653848490973228
HorizontalScanPath_3,Horizontal,heldout,2,0.075,294.1414057042616,0.07516993202718912,A,d9e5e669bb94410ef617f58bab518c269c29418a27ad173d426e2702472d9ded,unused,1d4848b895d36867684832d477740da90ef440fc422ef6af0311429e8db9f6d5,81e637eb92f54ef98b4c7acf7591e21bba8235dcaff5a93a5ccbff167857b121,11.768422115619032,299,188,1000041,,0.12922244773639788,0.999753510581746,1.0075698253424294,0.0,0.9997814550302233,1.004081045399391,0.0,False,400,100,1,0.0005000000000000004,0.7159318740849122,0.29880960500608983
HorizontalScanPath_3,Horizontal,heldout,2,0.075,294.1414057042616,0.07516993202718912,B,d9e5e669bb94410ef617f58bab518c269c29418a27ad173d426e2702472d9ded,3e8ea736b1f4f2e4b1b06009e507fa8e63663ad6f5bf88c16bb69ea43e84fde7,76fd1db53c832aef47f6ad2824bfca75a1949018fc4b66ca87108fb348e8a989,81e637eb92f54ef98b4c7acf7591e21bba8235dcaff5a93a5ccbff167857b121,11.768422115619032,299,188,1000041,1.00526748320916,0.1288558400532037,0.999721395578549,1.0075697622996844,0.0,0.9996326452603331,1.004211648324913,0.0,False,400,100,1,0.0005000000000000004,0.7159318740849122,0.29880960500608983
HorizontalScanPath_3,Horizontal,heldout,2,0.075,294.1414057042616,0.07516993202718912,C,d9e5e669bb94410ef617f58bab518c269c29418a27ad173d426e2702472d9ded,3e8ea736b1f4f2e4b1b06009e507fa8e63663ad6f5bf88c16bb69ea43e84fde7,76fd1db53c832aef47f6ad2824bfca75a1949018fc4b66ca87108fb348e8a989,72a801996212fe4b22f09e1e70e3fd85578f7b8e0875b5b3201c7e73b64de762,0.8113680533368245,299,188,1000041,1.00526748320916,0.035352214498855415,0.9997378564685215,1.007569651500112,0.0,0.9995789232787631,1.00322522094627,0.0,False,400,100,1,0.0005000000000000004,0.7159318740849122,0.29880960500608983
HorizontalScanPath_3,Horizontal,heldout,3,0.1,293.97957998763076,0.10035985605757697,A,804077714df726127f346e52507701e16d69b12b154b9062e39a09839f01ca59,unused,1d4848b895d36867684832d477740da90ef440fc422ef6af0311429e8db9f6d5,e294e68d5aeae0f5f91847827b8683784cd2671d488d1420064c51f4018a54fc,11.768422115619032,360,251,1000041,,0.12950675378510726,0.9997653535921796,1.0075696701265335,0.0,0.9998016072895323,1.0073398590343219,0.0,False,400,100,1,0.0005000000000000004,0.7159318740849122,0.40077517583422173
HorizontalScanPath_3,Horizontal,heldout,3,0.1,293.97957998763076,0.10035985605757697,B,804077714df726127f346e52507701e16d69b12b154b9062e39a09839f01ca59,ebc4413ec8c37460340aad2e10d9991cd0213494d924d702d7ee45c0d1786be3,c24e83b4050924cb19b0f2b552b9aca7ffa74d93845bc6741ee37ad7795f0ed3,e294e68d5aeae0f5f91847827b8683784cd2671d488d1420064c51f4018a54fc,11.768422115619032,360,251,1000041,1.0048003034772284,0.13139197185797924,0.9997594805547968,1.0075696227882995,0.0,0.9998104475156656,1.0070713368893147,0.0,False,400,100,1,0.0005000000000000004,0.7159318740849122,0.40077517583422173
HorizontalScanPath_3,Horizontal,heldout,3,0.1,293.97957998763076,0.10035985605757697,C,804077714df726127f346e52507701e16d69b12b154b9062e39a09839f01ca59,ebc4413ec8c37460340aad2e10d9991cd0213494d924d702d7ee45c0d1786be3,c24e83b4050924cb19b0f2b552b9aca7ffa74d93845bc6741ee37ad7795f0ed3,fdd0bf35995c36e6e358a95cc22a35b88882d9ebd37820d934ab29bc25c70035,0.9133336241649563,360,251,1000041,1.0048003034772284,0.03786619831555039,0.9997442397524554,1.0075698707802616,0.0,0.9997036150994886,1.005007746836883,0.0,False,400,100,1,0.0005000000000000004,0.7159318740849122,0.40077517583422173
HorizontalScanPath_3,Horizontal,heldout,4,0.15,293.7123360864242,0.15033986405437824,A,b5dfc3aef7bce50240aff843af1a0cc3f8dd9d6e6c5633b94f38a6db39886e0f,unused,1d4848b895d36867684832d477740da90ef440fc422ef6af0311429e8db9f6d5,82f01255aa6120aa188ab630a142f5b600e5f6390598196510800bd3de48f732,11.768422115619032,475,376,1000041,,0.125891418565125,0.9997600289752445,1.0076025637588477,0.0,0.9998043854037955,1.003861336072422,0.0,False,400,100,1,0.0005000000000000004,0.7159318740849122,0.6356499018644981
HorizontalScanPath_3,Horizontal,heldout,4,0.15,293.7123360864242,0.15033986405437824,B,b5dfc3aef7bce50240aff843af1a0cc3f8dd9d6e6c5633b94f38a6db39886e0f,84455d0b81098a6a32dbd3e891120e31a025fd21f3a281c383e495c9cb5f2494,3a55798e70ec4ac6ced15505e7d434a34b58918ed871a6ea707559499b7cdc1c,82f01255aa6120aa188ab630a142f5b600e5f6390598196510800bd3de48f732,11.768422115619032,475,376,1000041,1.003629139605255,0.1287760951431182,0.9997460733010646,1.0076176080037467,0.0,0.9996681798837321,1.0038050128127718,0.0,False,400,100,1,0.0005000000000000004,0.7159318740849122,0.6356499018644981
HorizontalScanPath_3,Horizontal,heldout,4,0.15,293.7123360864242,0.15033986405437824,C,b5dfc3aef7bce50240aff843af1a0cc3f8dd9d6e6c5633b94f38a6db39886e0f,84455d0b81098a6a32dbd3e891120e31a025fd21f3a281c383e495c9cb5f2494,3a55798e70ec4ac6ced15505e7d434a34b58918ed871a6ea707559499b7cdc1c,7ef7c625812b2652ae6c720fd94c584aa84256126fbd563a8f478b73a7b16185,1.1482083501952325,475,376,1000041,1.003629139605255,0.04258038496416184,0.9997418970573846,1.0077372053302667,0.0,0.999579401115307,1.0058906872743516,0.0,False,400,100,1,0.0005000000000000004,0.7159318740849122,0.6356499018644981
HorizontalScanPath_3,Horizontal,heldout,5,0.2,293.5700691517091,0.20031987205117952,A,518fcd80fb773545ce218b7dee4cdbb66b9d4d2451d216803d743f34500e9785,unused,1d4848b895d36867684832d477740da90ef440fc422ef6af0311429e8db9f6d5,58e079e45514e29fb86695c83b69f8af57fde5374a747e93de2fe761b23bf220,11.768422115619032,591,501,1000041,,0.12150585269601312,0.9997861515494859,1.007192157597772,0.0,0.9998223446105651,1.0044031594495426,0.0,False,400,100,1,0.0005000000000000004,0.7159318740849122,0.86959964761058
HorizontalScanPath_3,Horizontal,heldout,5,0.2,293.5700691517091,0.20031987205117952,B,518fcd80fb773545ce218b7dee4cdbb66b9d4d2451d216803d743f34500e9785,3e068dd7c763110949b35c9a53d8e1515f1a978c42d1d5f295ba36625d6d63a7,73977f347c5a72f9545e05b363cd3d7a31dbbfd75309a2996b8ab0169bbb9a8f,58e079e45514e29fb86695c83b69f8af57fde5374a747e93de2fe761b23bf220,11.768422115619032,591,501,1000041,1.0067089947498873,0.12386433928436998,0.9997872727052779,1.0081183974665695,0.0,0.9998309056008025,1.0081183974665695,0.0,False,400,100,1,0.0005000000000000004,0.7159318740849122,0.86959964761058
HorizontalScanPath_3,Horizontal,heldout,5,0.2,293.5700691517091,0.20031987205117952,C,518fcd80fb773545ce218b7dee4cdbb66b9d4d2451d216803d743f34500e9785,3e068dd7c763110949b35c9a53d8e1515f1a978c42d1d5f295ba36625d6d63a7,73977f347c5a72f9545e05b363cd3d7a31dbbfd75309a2996b8ab0169bbb9a8f,fa43d2dbc308265ba521d93dd55a5525b144a30c118c0b0e82415698278acf27,1.3821580959413144,591,501,1000041,1.0067089947498873,0.045475184573343354,0.9997641330970811,1.0077632185534258,0.0,0.9997786065867948,1.0050074631648656,0.0,False,400,100,1,0.0005000000000000004,0.7159318740849122,0.86959964761058
HorizontalScanPath_4,Horizontal,heldout,0,0.03,294.825260500259,0.03358656537385046,A,06478e19e72a93f0657324146f7f938b9d34ffbc7f0acfe17e78f3fe60d0735e,unused,539e6211145b6b91590f019dc46e316ff4d5e33e26238f9233a229a7aa762819,5617cffd844fe22b1dacdd8e6b1f6a22c8cd32cbd7ec8e6d8b225795eb3e8ede,11.768422115619032,200,84,1100041,,0.1299389973815016,0.9997222305491363,1.0057278660225644,0.0,0.9998519386146552,1.0032677651538198,0.0,False,400,100,1,0.0005000000000000004,0.7159318740849122,0.1439774572681953
HorizontalScanPath_4,Horizontal,heldout,0,0.03,294.825260500259,0.03358656537385046,B,06478e19e72a93f0657324146f7f938b9d34ffbc7f0acfe17e78f3fe60d0735e,61fa2621e9d565ad34300f893bbb10185461cb267001d6dad44fb5ab67ae9c48,0d92c663e0cd271d4bbf121897d6a1bc72b1edaede8be9d87fc22fa4ba7d0601,5617cffd844fe22b1dacdd8e6b1f6a22c8cd32cbd7ec8e6d8b225795eb3e8ede,11.768422115619032,200,84,1100041,1.0040072881752744,0.13154137757428266,0.9997103839531015,1.005727866022551,0.0,0.9995730088831785,1.0036268293775883,0.0,False,400,100,1,0.0005000000000000004,0.7159318740849122,0.1439774572681953
HorizontalScanPath_4,Horizontal,heldout,0,0.03,294.825260500259,0.03358656537385046,C,06478e19e72a93f0657324146f7f938b9d34ffbc7f0acfe17e78f3fe60d0735e,61fa2621e9d565ad34300f893bbb10185461cb267001d6dad44fb5ab67ae9c48,0d92c663e0cd271d4bbf121897d6a1bc72b1edaede8be9d87fc22fa4ba7d0601,f1efdc135467bc13379036ee6d4ffe6274ccf8a384bd311735ecff5b9a4c3734,0.65653590559893,200,84,1100041,1.0040072881752744,0.03376340223980368,0.9997206292850469,1.005727866029588,0.0,0.9997721461146222,1.0043443589625949,0.0,False,400,100,1,0.0005000000000000004,0.7159318740849122,0.1439774572681953
HorizontalScanPath_4,Horizontal,heldout,1,0.05,294.57853355406934,0.05037984806077569,A,324d08efc9a1c9d0f49b90633d38a162e328fdf1bc482f395f8ddaf3b0cc0483,unused,539e6211145b6b91590f019dc46e316ff4d5e33e26238f9233a229a7aa762819,2163b86a3171cf105faae9269ee3e6dd3137d48c2a2738a26b89cac22285d4fc,11.768422115619032,241,126,1100041,,0.12877921906629844,0.9997114309927122,1.005727866022564,0.0,0.9996633612675212,1.004523080928175,0.0,False,400,100,1,0.0005000000000000004,0.7159318740849122,0.2018310623543748
HorizontalScanPath_4,Horizontal,heldout,1,0.05,294.57853355406934,0.05037984806077569,B,324d08efc9a1c9d0f49b90633d38a162e328fdf1bc482f395f8ddaf3b0cc0483,489753f9b5f14487676217c9c285579d589d80717698ee8a98ff9d47cb8dcf4a,aa036ac314584c81f34af93c465d7ad6e8ed33d270d9d8ee02959b4a1f5fc840,2163b86a3171cf105faae9269ee3e6dd3137d48c2a2738a26b89cac22285d4fc,11.768422115619032,241,126,1100041,1.0079708036378612,0.131359593201261,0.9997346871213636,1.0057278660225513,0.0,0.999887859499436,1.0049305971605946,0.0,False,400,100,1,0.0005000000000000004,0.7159318740849122,0.2018310623543748
HorizontalScanPath_4,Horizontal,heldout,1,0.05,294.57853355406934,0.05037984806077569,C,324d08efc9a1c9d0f49b90633d38a162e328fdf1bc482f395f8ddaf3b0cc0483,489753f9b5f14487676217c9c285579d589d80717698ee8a98ff9d47cb8dcf4a,aa036ac314584c81f34af93c465d7ad6e8ed33d270d9d8ee02959b4a1f5fc840,9059e743ede3c1c7744e4a26eb44f02ca7f0790b9512b6e9efd6b8bd7f4ad961,0.7143895106851095,241,126,1100041,1.0079708036378612,0.03335540555346629,0.999723900630058,1.005727866032883,0.0,0.9997534747374833,1.005304566114749,0.0,False,400,100,1,0.0005000000000000004,0.7159318740849122,0.2018310623543748
HorizontalScanPath_4,Horizontal,heldout,2,0.075,294.29760848374445,0.07516993202718912,A,2e34a1063067f4044c097cf48e94000652ad80cd10312fa8884f6320913f95bd,unused,539e6211145b6b91590f019dc46e316ff4d5e33e26238f9233a229a7aa762819,e861778f6de1785398c46495e864ae3a54f5773e5103ac52d9f6f8dc5561f94c,11.768422115619032,298,188,1100041,,0.12875446897068746,0.999722230549119,1.0057278660225617,0.0,0.9996456538139229,1.0050408416593533,0.0,False,400,100,1,0.0005000000000000004,0.7159318740849122,0.3276766886055074
HorizontalScanPath_4,Horizontal,heldout,2,0.075,294.29760848374445,0.07516993202718912,B,2e34a1063067f4044c097cf48e94000652ad80cd10312fa8884f6320913f95bd,d1bc282460fd492dc0140eaab54ccc6e32428dbceb5532a81144d4fb756a063c,2d1e9b588482c92719669d40ec59ba9d09c79159d219d2f69cf15eb855e698cb,e861778f6de1785398c46495e864ae3a54f5773e5103ac52d9f6f8dc5561f94c,11.768422115619032,298,188,1100041,1.003664022839839,0.13028023627172794,0.9997177932071538,1.005727866022552,0.0,0.9996607907132672,1.0043953202163027,0.0,False,400,100,1,0.0005000000000000004,0.7159318740849122,0.3276766886055074
HorizontalScanPath_4,Horizontal,heldout,2,0.075,294.29760848374445,0.07516993202718912,C,2e34a1063067f4044c097cf48e94000652ad80cd10312fa8884f6320913f95bd,d1bc282460fd492dc0140eaab54ccc6e32428dbceb5532a81144d4fb756a063c,2d1e9b588482c92719669d40ec59ba9d09c79159d219d2f69cf15eb855e698cb,4616cf93c9c30c706d960e1dddc0de0707de72cce0e600ecdbbdfd1ecb39c732,0.8402351369362422,298,188,1100041,1.003664022839839,0.035831658039380966,0.9997337294677442,1.0057278662000633,0.0,0.999799873289896,1.0035131643395474,0.0,False,400,100,1,0.0005000000000000004,0.7159318740849122,0.3276766886055074
HorizontalScanPath_4,Horizontal,heldout,3,0.1,294.11780144176737,0.10035985605757697,A,46fa04267b8abc70bb25ab5a7f010ab9b08da25c0d7518662f615ad259e5f4e6,unused,539e6211145b6b91590f019dc46e316ff4d5e33e26238f9233a229a7aa762819,667ae224eb6ce041d7cbb31da2963fce31d7404cd2756db4358b4e46c5fc89c8,11.768422115619032,360,251,1100041,,0.12732505375105097,0.9997145137401828,1.005727866022561,0.0,0.9996137543742946,1.0038382341096568,0.0,False,400,100,1,0.0005000000000000004,0.7159318740849122,0.43680842989723684
HorizontalScanPath_4,Horizontal,heldout,3,0.1,294.11780144176737,0.10035985605757697,B,46fa04267b8abc70bb25ab5a7f010ab9b08da25c0d7518662f615ad259e5f4e6,6f2dd9419135a3d02915b9d8aa01635bb91a24f21550971f844fc8ddf64e41cf,2b07ee7cba24f012c3eb26752e8c978e3c55de13d1bb25335b0f1fb8ef03bcc5,667ae224eb6ce041d7cbb31da2963fce31d7404cd2756db4358b4e46c5fc89c8,11.768422115619032,360,251,1100041,1.003511951588844,0.1280020134536182,0.9997103895352389,1.0057278660225555,0.0,0.9996441658770227,1.0031206253726697,0.0,False,400,100,1,0.0005000000000000004,0.7159318740849122,0.43680842989723684
HorizontalScanPath_4,Horizontal,heldout,3,0.1,294.11780144176737,0.10035985605757697,C,46fa04267b8abc70bb25ab5a7f010ab9b08da25c0d7518662f615ad259e5f4e6,6f2dd9419135a3d02915b9d8aa01635bb91a24f21550971f844fc8ddf64e41cf,2b07ee7cba24f012c3eb26752e8c978e3c55de13d1bb25335b0f1fb8ef03bcc5,e89bf70cf12b6bd6e14cae05d2531b8d2bc9ebea971a9c24188c4e3af88ed29b,0.9493668782279715,360,251,1100041,1.003511951588844,0.03831927534523402,0.9997222310594699,1.0077162900057381,0.0,0.9997070415646363,1.0051149333517289,0.0,False,400,100,1,0.0005000000000000004,0.7159318740849122,0.43680842989723684
HorizontalScanPath_4,Horizontal,heldout,4,0.15,293.7458650854788,0.15033986405437824,A,5b1fe1554ffab41e88542292f32239443e7619b63fc545e41b67973593e54f97,unused,539e6211145b6b91590f019dc46e316ff4d5e33e26238f9233a229a7aa762819,ba956844beff7d203ccb0b922fe0494c7d08e6280341735f24c95d012879b65a,11.768422115619032,480,376,1100041,,0.12547089937530334,0.9997351788335467,1.006749325768183,0.0,0.9997851367933441,1.006749325768183,0.0,False,400,100,1,0.0005000000000000004,0.7159318740849122,0.6625811314937239
HorizontalScanPath_4,Horizontal,heldout,4,0.15,293.7458650854788,0.15033986405437824,B,5b1fe1554ffab41e88542292f32239443e7619b63fc545e41b67973593e54f97,23b74ae3e718fc58d5cbe64471d7b0376290fe34b06778ed47e558837b0f2720,fa30010f0652829474470e46d65348f6a564c4a8ad299d5d9772c9a194c56d3d,ba956844beff7d203ccb0b922fe0494c7d08e6280341735f24c95d012879b65a,11.768422115619032,480,376,1100041,1.0056845328266253,0.12853857937364296,0.9997374895849117,1.0066988549069742,0.0,0.9998586896361192,1.0066988549069742,0.0,False,400,100,1,0.0005000000000000004,0.7159318740849122,0.6625811314937239
HorizontalScanPath_4,Horizontal,heldout,4,0.15,293.7458650854788,0.15033986405437824,C,5b1fe1554ffab41e88542292f32239443e7619b63fc545e41b67973593e54f97,23b74ae3e718fc58d5cbe64471d7b0376290fe34b06778ed47e558837b0f2720,fa30010f0652829474470e46d65348f6a564c4a8ad299d5d9772c9a194c56d3d,f72eed103dcb3073eb4e4702e12efd2d99358c349943016faba724af81f274cd,1.1751395798244586,480,376,1100041,1.0056845328266253,0.043680708521056696,0.9997480685811421,1.0057470821188437,0.0,0.9998613845322741,1.0054827193557645,0.0,False,400,100,1,0.0005000000000000004,0.7159318740849122,0.6625811314937239
HorizontalScanPath_4,Horizontal,heldout,5,0.2,293.57098562168835,0.20031987205117952,A,4190b69cc438a7cc3818cb1a909b18dc39864d0d28814aad035508e5198fd2bd,unused,539e6211145b6b91590f019dc46e316ff4d5e33e26238f9233a229a7aa762819,3072e909f3033ea293e118789a3fbd4a967429782621de47edb71e47932ea294,11.768422115619032,601,501,1100041,,0.12125850573688784,0.9997576530506423,1.0077928169024817,0.0,0.9997755918352936,1.0077928169024817,0.0,False,400,100,1,0.0005000000000000004,0.7159318740849122,0.9523237952651775
HorizontalScanPath_4,Horizontal,heldout,5,0.2,293.57098562168835,0.20031987205117952,B,4190b69cc438a7cc3818cb1a909b18dc39864d0d28814aad035508e5198fd2bd,91e0f5341e736c6400050e3ba16c7d1383a960a9a3d6f90ed93067b723841c90,97b8f1c6fa93a868cd74f0f49e519533d99ac96c27822ad2ace3910a5d18cdf0,3072e909f3033ea293e118789a3fbd4a967429782621de47edb71e47932ea294,11.768422115619032,601,501,1100041,1.0070663768327046,0.12356630645761223,0.9997415930301877,1.011090933594082,0.0,0.9997030869024032,1.011090933594082,0.0,False,400,100,1,0.0005000000000000004,0.7159318740849122,0.9523237952651775
HorizontalScanPath_4,Horizontal,heldout,5,0.2,293.57098562168835,0.20031987205117952,C,4190b69cc438a7cc3818cb1a909b18dc39864d0d28814aad035508e5198fd2bd,91e0f5341e736c6400050e3ba16c7d1383a960a9a3d6f90ed93067b723841c90,97b8f1c6fa93a868cd74f0f49e519533d99ac96c27822ad2ace3910a5d18cdf0,9cd85b5c9bc2c105594604d4ff549d0e610b9c300bf715064d68b88501907d6f,1.4648822435959121,601,501,1100041,1.0070663768327046,0.04525629709319379,0.9997353378339857,1.006903543526538,0.0,0.9996664007702193,1.006903543526538,0.0,False,400,100,1,0.0005000000000000004,0.7159318740849122,0.9523237952651775
HorizontalScanPath_5,Horizontal,heldout,0,0.03,295.0840552279015,0.031187524990004,A,2a8150769ff78b7b7e6181808d155dba26255e3c26d1f0486caa2e1baa35a771,unused,7481bab4c16f97521066d546f7be683be4c2969407456994df429866fa9ce2d5,74605c2052cfc1ce4c95ce34cde80a13e1be042623cd7b1d76cbd004175bdce8,11.768422115619032,193,78,1200041,,0.13309810607653716,0.9997507324329727,1.005498973116919,0.0,0.9995712154450025,1.0053619008408843,0.0,False,400,100,1,0.0005000000000000004,0.7159318740849122,0.12693787780961552
HorizontalScanPath_5,Horizontal,heldout,0,0.03,295.0840552279015,0.031187524990004,B,2a8150769ff78b7b7e6181808d155dba26255e3c26d1f0486caa2e1baa35a771,d47d0cf945d25caafbedee81342b1826ce3bf095fc70c2c277ccca75fc33d456,2dde3fa54fa2d8a0cb380790d7b9f1780f9554cb284a655fe2d1fc9da597b072,74605c2052cfc1ce4c95ce34cde80a13e1be042623cd7b1d76cbd004175bdce8,11.768422115619032,193,78,1200041,1.003448534993372,0.1336595819820979,0.9997750442839638,1.005692462725104,0.0,0.99986145319872,1.005692462725104,0.0,False,400,100,1,0.0005000000000000004,0.7159318740849122,0.12693787780961552
HorizontalScanPath_5,Horizontal,heldout,0,0.03,295.0840552279015,0.031187524990004,C,2a8150769ff78b7b7e6181808d155dba26255e3c26d1f0486caa2e1baa35a771,d47d0cf945d25caafbedee81342b1826ce3bf095fc70c2c277ccca75fc33d456,2dde3fa54fa2d8a0cb380790d7b9f1780f9554cb284a655fe2d1fc9da597b072,b95cf3e9cb1428d849a89d80dfda0d3cbcc1830f91b267a478bc9906c4c851eb,0.63949632614035,193,78,1200041,1.003448534993372,0.03245699286427531,0.9997650342276451,1.00549897311738,0.0,0.9997962798502223,1.0035904040342714,0.0,False,400,100,1,0.0005000000000000004,0.7159318740849122,0.12693787780961552
HorizontalScanPath_5,Horizontal,heldout,1,0.05,294.74149853334137,0.05037984806077569,A,6d944bcb7a57303d921013ccf98ef4f46a215e0a8f48b6bfa1a759854316b299,unused,7481bab4c16f97521066d546f7be683be4c2969407456994df429866fa9ce2d5,f4ed978c54733a901ed6be09ffc97710935dc73c38ce2d25e8ae74c3a2754534,11.768422115619032,241,126,1200041,,0.13198220533358504,0.9997554078739019,1.005498973116919,0.0,0.9997444254815464,1.0034688511890832,0.0,False,400,100,1,0.0005000000000000004,0.7159318740849122,0.23372091489802138
HorizontalScanPath_5,Horizontal,heldout,1,0.05,294.74149853334137,0.05037984806077569,B,6d944bcb7a57303d921013ccf98ef4f46a215e0a8f48b6bfa1a759854316b299,5a62a21aa84374984d0b68a9541a8406914b2c6a4ccc5d2a5f66bb2d01f63300,83cb3ead916ca7377470587b83f27b3f3eaf84841ef4cf88025dd13fda2dda6a,f4ed978c54733a901ed6be09ffc97710935dc73c38ce2d25e8ae74c3a2754534,11.768422115619032,241,126,1200041,1.0057658530274456,0.1339990585578754,0.9997598194516732,1.0054989731169202,0.0,0.9997570112731229,1.0052200600125483,0.0,False,400,100,1,0.0005000000000000004,0.7159318740849122,0.23372091489802138
HorizontalScanPath_5,Horizontal,heldout,1,0.05,294.74149853334137,0.05037984806077569,C,6d944bcb7a57303d921013ccf98ef4f46a215e0a8f48b6bfa1a759854316b299,5a62a21aa84374984d0b68a9541a8406914b2c6a4ccc5d2a5f66bb2d01f63300,83cb3ead916ca7377470587b83f27b3f3eaf84841ef4cf88025dd13fda2dda6a,44cc0b5105d5742660310f97f05f56562a8e1ac24a1bbc7aa4bc51beb287991b,0.746279363228756,241,126,1200041,1.0057658530274456,0.03549206638682796,0.9997530097505403,1.0066509362942504,0.0,0.9996598766538398,1.0066509362942504,0.0,False,400,100,1,0.0005000000000000004,0.7159318740849122,0.23372091489802138
HorizontalScanPath_5,Horizontal,heldout,2,0.075,294.4225915096562,0.07516993202718912,A,d5c64df454493d14e50566749adc84f3961cfcfee0a206ad1b53388595ad9aa8,unused,7481bab4c16f97521066d546f7be683be4c2969407456994df429866fa9ce2d5,3c03d5fef7bb775fd4de6dd1dd2366d898988a3d4d08efb0a83f0381ab247f13,11.768422115619032,300,188,1200041,,0.13017306495373895,0.9997349376023918,1.005498973116919,0.0,0.9994788056073745,1.0029634564453775,0.0,False,400,100,1,0.0005000000000000004,0.7159318740849122,0.34090766775473436
HorizontalScanPath_5,Horizontal,heldout,2,0.075,294.4225915096562,0.07516993202718912,B,d5c64df454493d14e50566749adc84f3961cfcfee0a206ad1b53388595ad9aa8,1ab578f172ad0e34b957f065ef4ccc09b4d78219c2cddd9ad7ff3153f278be1e,b8a8f34c4e03542cd2c1cd7ebd48d87db368ef1395fafff005a1fd47089240ee,3c03d5fef7bb775fd4de6dd1dd2366d898988a3d4d08efb0a83f0381ab247f13,11.768422115619032,300,188,1200041,1.0056573644154378,0.13372903626667107,0.9997590605801664,1.0054989731169202,0.0,0.9997562004318744,1.002798757393768,0.0,False,400,100,1,0.0005000000000000004,0.7159318740849122,0.34090766775473436
HorizontalScanPath_5,Horizontal,heldout,2,0.075,294.4225915096562,0.07516993202718912,C,d5c64df454493d14e50566749adc84f3961cfcfee0a206ad1b53388595ad9aa8,1ab578f172ad0e34b957f065ef4ccc09b4d78219c2cddd9ad7ff3153f278be1e,b8a8f34c4e03542cd2c1cd7ebd48d87db368ef1395fafff005a1fd47089240ee,45a18bd087ebb5945da0f379b62a24485047729e9f94f79c27404233e9dfcf59,0.8534661160854691,300,188,1200041,1.0056573644154378,0.039061083299757486,0.9997511626106206,1.005498973120251,0.0,0.9996455864179683,1.0024843490748931,0.0,False,400,100,1,0.0005000000000000004,0.7159318740849122,0.34090766775473436
HorizontalScanPath_5,Horizontal,heldout,3,0.1,294.1129402509706,0.10035985605757697,A,2954c1de5513ea0c2d593000378f7c0da58f1d7100bb959c7106be117efa584b,unused,7481bab4c16f97521066d546f7be683be4c2969407456994df429866fa9ce2d5,7347de63f61ac3f88ff8071d0f495641d2f81ad688619cad13fb6241b174e353,11.768422115619032,359,251,1200041,,0.13078257969455986,0.9997633027730112,1.005498973116919,0.0,0.9997387486787145,1.003884350512919,0.0,False,400,100,1,0.0005000000000000004,0.7159318740849122,0.4743603096352475
HorizontalScanPath_5,Horizontal,heldout,3,0.1,294.1129402509706,0.10035985605757697,B,2954c1de5513ea0c2d593000378f7c0da58f1d7100bb959c7106be117efa584b,72ef54f980440fc08e3643917c3e950bc55e52d15231553625d88d6e19e54d3f,3391c35c42ac7481242c2169e81f25077eb970000222a55275189728dcc4995c,7347de63f61ac3f88ff8071d0f495641d2f81ad688619cad13fb6241b174e353,11.768422115619032,359,251,1200041,1.0038110834438954,0.13359701364347412,0.9997644847360474,1.0054989731169202,0.0,0.9996581188907635,1.0025928153642967,0.0,False,400,100,1,0.0005000000000000004,0.7159318740849122,0.4743603096352475
HorizontalScanPath_5,Horizontal,heldout,3,0.1,294.1129402509706,0.10035985605757697,C,2954c1de5513ea0c2d593000378f7c0da58f1d7100bb959c7106be117efa584b,72ef54f980440fc08e3643917c3e950bc55e52d15231553625d88d6e19e54d3f,3391c35c42ac7481242c2169e81f25077eb970000222a55275189728dcc4995c,514b19bab5610170d7db8b60dc69001fd7965d2ce68caafa53f740c4f9e459e0,0.986918757965982,359,251,1200041,1.0038110834438954,0.040666732311294335,0.9997585942797089,1.0054989731021358,0.0,0.9996678003977162,1.0034521942057704,0.0,False,400,100,1,0.0005000000000000004,0.7159318740849122,0.4743603096352475
HorizontalScanPath_5,Horizontal,heldout,4,0.15,293.7185814015664,0.15033986405437824,A,bc3d75c722938d969a7413258601babc352e1adae679355282d5813bdab91776,unused,7481bab4c16f97521066d546f7be683be4c2969407456994df429866fa9ce2d5,91dd573499731719e07ba62d5d0190074f7f1d4ebe156c39426759ba8ca3c0de,11.768422115619032,477,376,1200041,,0.12811109035355292,0.9997891305455957,1.007516637082234,0.0,0.999799472758667,1.007516637082234,0.0,False,400,100,1,0.0005000000000000004,0.7159318740849122,0.732580551562029
HorizontalScanPath_5,Horizontal,heldout,4,0.15,293.7185814015664,0.15033986405437824,B,bc3d75c722938d969a7413258601babc352e1adae679355282d5813bdab91776,3f311023f352a6d8c3294acf08b5ee97d195c8a06222d258fe940de491e76426,5e91f44413b0abf91d4433495363a26c5835a08bc087acc1dced54808304d2a6,91dd573499731719e07ba62d5d0190074f7f1d4ebe156c39426759ba8ca3c0de,11.768422115619032,477,376,1200041,1.0039359438700262,0.1305543471999358,0.9997659481898942,1.005499864106721,0.0,0.9996956025580805,1.0052151087144208,0.0,False,400,100,1,0.0005000000000000004,0.7159318740849122,0.732580551562029
HorizontalScanPath_5,Horizontal,heldout,4,0.15,293.7185814015664,0.15033986405437824,C,bc3d75c722938d969a7413258601babc352e1adae679355282d5813bdab91776,3f311023f352a6d8c3294acf08b5ee97d195c8a06222d258fe940de491e76426,5e91f44413b0abf91d4433495363a26c5835a08bc087acc1dced54808304d2a6,6e2227aa5843fac26adf347d7fa3674c31eb77dda332bf73979c682061a790de,1.2451389998927638,477,376,1200041,1.0039359438700262,0.04403464257752412,0.9997612478920459,1.0054999911648965,0.0,0.9997327157181748,1.0041293602213042,0.0,False,400,100,1,0.0005000000000000004,0.7159318740849122,0.732580551562029
HorizontalScanPath_5,Horizontal,heldout,5,0.2,293.5813835425857,0.20031987205117952,A,a8e2688017b72f2de18323e4539a97bac15523828bc4746097b7b3c622f60f1e,unused,7481bab4c16f97521066d546f7be683be4c2969407456994df429866fa9ce2d5,ad7767df0754e8eb9a658e04f1e1f80c6da586ebe9dd604a5b634a7d7aa64b40,11.768422115619032,596,501,1200041,,0.12237541014541732,0.9997613957156485,1.005523114071635,0.0,0.9997208629028813,1.0036921674359254,0.0,False,400,100,1,0.0005000000000000004,0.7159318740849122,0.948936038141064
HorizontalScanPath_5,Horizontal,heldout,5,0.2,293.5813835425857,0.20031987205117952,B,a8e2688017b72f2de18323e4539a97bac15523828bc4746097b7b3c622f60f1e,39fbeb478e90c1c3801f2039d4d7acb18f461413a7a35d33801fc69c55242d0b,ac98aa3da7e3f0118d79653b968ac2aa58ce218c438934f809fe415d8b66dcf5,ad7767df0754e8eb9a658e04f1e1f80c6da586ebe9dd604a5b634a7d7aa64b40,11.768422115619032,596,501,1200041,1.004553442028841,0.12378558407301972,0.9997585044572043,1.0059264616252583,0.0,0.9997098619320935,1.0059264616252583,0.0,False,400,100,1,0.0005000000000000004,0.7159318740849122,0.948936038141064
HorizontalScanPath_5,Horizontal,heldout,5,0.2,293.5813835425857,0.20031987205117952,C,a8e2688017b72f2de18323e4539a97bac15523828bc4746097b7b3c622f60f1e,39fbeb478e90c1c3801f2039d4d7acb18f461413a7a35d33801fc69c55242d0b,ac98aa3da7e3f0118d79653b968ac2aa58ce218c438934f809fe415d8b66dcf5,bca4f9643496c345a9db0d85563fbc9ce856c6cbc28740899077a81c51b98ca0,1.4614944864717987,596,501,1200041,1.004553442028841,0.04855555876953013,0.9997793226249515,1.0064763977176787,0.0,0.9998031061955822,1.0064763977176787,0.0,False,400,100,1,0.0005000000000000004,0.7159318740849122,0.948936038141064
HorizontalScanPath_6,Horizontal,heldout,0,0.03,295.31752139540873,0.032387045181927226,A,2b6ac95a527bf1c464c2c36c3a302964d588fcf4b85f2609cf819ac94a87187c,unused,6c380e5b369261c264dc734bb37abaf882d30948ccdd5a80de227c2a3a573651,7e57676ecc3ed752a5cb657c6a27d79c4408921113f6090ec7b63ea55783359c,11.768422115619032,196,81,1300041,,0.13315731363468689,0.9997343466537925,1.0086745209516481,0.0,0.9997832223267034,1.002281135760311,0.0,False,400,100,1,0.0005000000000000004,0.7159318740849122,0.11842966807607387
HorizontalScanPath_6,Horizontal,heldout,0,0.03,295.31752139540873,0.032387045181927226,B,2b6ac95a527bf1c464c2c36c3a302964d588fcf4b85f2609cf819ac94a87187c,998680ea5dd8c445d17024315f8b1e4adf2ab71fb1a051d81d1a76e74a4190f2,38c7119f8db89d7fdcce62b32805ff2bc5d933ff6f3df5612ef1982fc2971729,7e57676ecc3ed752a5cb657c6a27d79c4408921113f6090ec7b63ea55783359c,11.768422115619032,196,81,1300041,1.0022386121089921,0.1344377563041312,0.9997243678487616,1.0086745209516412,0.0,0.9996861237641704,1.0044001405780554,0.0,False,400,100,1,0.0005000000000000004,0.7159318740849122,0.11842966807607387
HorizontalScanPath_6,Horizontal,heldout,0,0.03,295.31752139540873,0.032387045181927226,C,2b6ac95a527bf1c464c2c36c3a302964d588fcf4b85f2609cf819ac94a87187c,998680ea5dd8c445d17024315f8b1e4adf2ab71fb1a051d81d1a76e74a4190f2,38c7119f8db89d7fdcce62b32805ff2bc5d933ff6f3df5612ef1982fc2971729,5b100464a8795769b2ea10d2fa395cd862dea0f3eab5ed0430b78551a719b4df,0.6309881164068084,196,81,1300041,1.0022386121089921,0.03285907538974607,0.9997316364654787,1.008674520951627,0.0,0.9997354686040902,1.003920172638954,0.0,False,400,100,1,0.0005000000000000004,0.7159318740849122,0.11842966807607387
HorizontalScanPath_6,Horizontal,heldout,1,0.05,294.85680519560503,0.05037984806077569,A,57b14b3b0a4090ed63d4d19e86fd50f001c533ac316f8f3c7b487f1fa081b043,unused,6c380e5b369261c264dc734bb37abaf882d30948ccdd5a80de227c2a3a573651,0c6389ea291e57389b617f20916020d4503c7e2f6da1d67f9f57f89b65d4080c,11.768422115619032,240,126,1300041,,0.13232358572622566,0.9997332805293233,1.0086745209516481,0.0,0.9997097311634962,1.004272126698557,0.0,False,400,100,1,0.0005000000000000004,0.7159318740849122,0.23921848665937356
HorizontalScanPath_6,Horizontal,heldout,1,0.05,294.85680519560503,0.05037984806077569,B,57b14b3b0a4090ed63d4d19e86fd50f001c533ac316f8f3c7b487f1fa081b043,8a368eea836f5071fc7773bc16c20e820293de83c252a0a19abf7f0f108d9731,a3e7a6faf21738eabfe1138a01a4a510b06047cc02072cb41a772f77ae3b584c,0c6389ea291e57389b617f20916020d4503c7e2f6da1d67f9f57f89b65d4080c,11.768422115619032,240,126,1300041,1.003773270123746,0.1321322919825279,0.9997228033526122,1.0086745209516412,0.0,0.9995216703221139,1.0036803374962882,0.0,False,400,100,1,0.0005000000000000004,0.7159318740849122,0.23921848665937356
HorizontalScanPath_6,Horizontal,heldout,1,0.05,294.85680519560503,0.05037984806077569,C,57b14b3b0a4090ed63d4d19e86fd50f001c533ac316f8f3c7b487f1fa081b043,8a368eea836f5071fc7773bc16c20e820293de83c252a0a19abf7f0f108d9731,a3e7a6faf21738eabfe1138a01a4a510b06047cc02072cb41a772f77ae3b584c,08c3d62c63099d0ceb9d8f6cdd589968587dae1adb931eb9845747ec97dfd841,0.7517769349901082,240,126,1300041,1.003773270123746,0.03463469299259587,0.9997395967757134,1.0086745209516725,0.0,0.9998161999300891,1.0035894186235375,0.0,False,400,100,1,0.0005000000000000004,0.7159318740849122,0.23921848665937356
HorizontalScanPath_6,Horizontal,heldout,2,0.075,294.4711950726978,0.07516993202718912,A,c469d8cbb676c7b6e93107e24796a5e542cbce821239cc3ac4221e05eef0abe1,unused,6c380e5b369261c264dc734bb37abaf882d30948ccdd5a80de227c2a3a573651,50e4cf5b79e90fe70c0f9e3c78e940ef6a1df77e89fcabd74bfc23ae2c254031,11.768422115619032,299,188,1300041,,0.1324318566526715,0.9997333493020407,1.0086745209516481,0.0,0.9997480067791018,1.0070649049365765,0.0,False,400,100,1,0.0005000000000000004,0.7159318740849122,0.36866544540484497
HorizontalScanPath_6,Horizontal,heldout,2,0.075,294.4711950726978,0.07516993202718912,B,c469d8cbb676c7b6e93107e24796a5e542cbce821239cc3ac4221e05eef0abe1,1690bc64204faa007aa9d4cd308227075b950b92ee9abb3033f070ae0d92a764,4b5cbda4d13bb4f74cd7f8beabcc22654648d629a1d5571158bade2a586a4814,50e4cf5b79e90fe70c0f9e3c78e940ef6a1df77e89fcabd74bfc23ae2c254031,11.768422115619032,299,188,1300041,1.0057138596041015,0.1317349783634823,0.9997073569761438,1.0086745209516412,0.0,0.9995340869142503,1.0082299306177898,0.0,False,400,100,1,0.0005000000000000004,0.7159318740849122,0.36866544540484497
HorizontalScanPath_6,Horizontal,heldout,2,0.075,294.4711950726978,0.07516993202718912,C,c469d8cbb676c7b6e93107e24796a5e542cbce821239cc3ac4221e05eef0abe1,1690bc64204faa007aa9d4cd308227075b950b92ee9abb3033f070ae0d92a764,4b5cbda4d13bb4f74cd7f8beabcc22654648d629a1d5571158bade2a586a4814,b13f64f3d8f1ccc123c0e7727c9fc27d273ceeeb7cd663608884f61ba2cf0076,0.8812238937355797,299,188,1300041,1.0057138596041015,0.03666821574291397,0.9997183575120752,1.0086745209517052,0.0,0.9995883894554276,1.0043207398995808,0.0,False,400,100,1,0.0005000000000000004,0.7159318740849122,0.36866544540484497
HorizontalScanPath_6,Horizontal,heldout,3,0.1,294.14832222379135,0.10035985605757697,A,624275fc5b60ad7e82ce9da9daba2dae0f4c52f2df655e24515bc2015840bf5d,unused,6c380e5b369261c264dc734bb37abaf882d30948ccdd5a80de227c2a3a573651,b3a580741e20934ab08768c8e67b3d3204e726110e23fcbbba8dcea0f2494840,11.768422115619032,359,251,1300041,,0.1311333972476026,0.9997288772533142,1.0086745209516481,0.0,0.9996696761799427,1.0029947264785528,0.0,False,400,100,1,0.0005000000000000004,0.7159318740849122,0.4754683880015683
HorizontalScanPath_6,Horizontal,heldout,3,0.1,294.14832222379135,0.10035985605757697,B,624275fc5b60ad7e82ce9da9daba2dae0f4c52f2df655e24515bc2015840bf5d,76a241aa6b46112b3a9e594283f9c63bc9e1e9f52428f06ad0b0b12ad811a15c,97e348928ae0b6613cbd2ce97a81276197a919e15b3e9d3901a866916eefdb7c,b3a580741e20934ab08768c8e67b3d3204e726110e23fcbbba8dcea0f2494840,11.768422115619032,359,251,1300041,1.0040875609107132,0.13144873317825087,0.9997073569761438,1.0086745209516412,0.0,0.9995538953799893,1.002911392485337,0.0,False,400,100,1,0.0005000000000000004,0.7159318740849122,0.4754683880015683
HorizontalScanPath_6,Horizontal,heldout,3,0.1,294.14832222379135,0.10035985605757697,C,624275fc5b60ad7e82ce9da9daba2dae0f4c52f2df655e24515bc2015840bf5d,76a241aa6b46112b3a9e594283f9c63bc9e1e9f52428f06ad0b0b12ad811a15c,97e348928ae0b6613cbd2ce97a81276197a919e15b3e9d3901a866916eefdb7c,678411d9afcb6ec38fc9b2e5661869555ee7203aa71b2fbf2de7eb107dc01358,0.9880268363323029,359,251,1300041,1.0040875609107132,0.0379525594999321,0.9997150732955972,1.0086745209507046,0.0,0.999501623410509,1.0028613028713853,0.0,False,400,100,1,0.0005000000000000004,0.7159318740849122,0.4754683880015683
HorizontalScanPath_6,Horizontal,heldout,4,0.15,293.7528770240489,0.15033986405437824,A,5f1cd8a0a12c51d192963f5173624ec687c135a096370f2ee84d6d87390f790c,unused,6c380e5b369261c264dc734bb37abaf882d30948ccdd5a80de227c2a3a573651,3a483e2590ca05a194b741804b53cf550c2e6827b06773fc6a4e7ae4d69e9355,11.768422115619032,476,376,1300041,,0.12654110141412683,0.9997177965745561,1.0087152153059218,0.0,0.9996653104155563,1.007990830669996,0.0,False,400,100,1,0.0005000000000000004,0.7159318740849122,0.7068723671559212
HorizontalScanPath_6,Horizontal,heldout,4,0.15,293.7528770240489,0.15033986405437824,B,5f1cd8a0a12c51d192963f5173624ec687c135a096370f2ee84d6d87390f790c,bd432383531b955d9071627b995c567f2a813d96ce53bd88b8717a2e6c4fd65e,03bbc71a0589815c03a66f33caf00c974a85b5ac1f1c30b126007e128247b87e,3a483e2590ca05a194b741804b53cf550c2e6827b06773fc6a4e7ae4d69e9355,11.768422115619032,476,376,1300041,1.0039120029056414,0.13097196721163792,0.9997455976067549,1.0091183212663122,0.0,0.9998351293586325,1.0091183212663122,0.0,False,400,100,1,0.0005000000000000004,0.7159318740849122,0.7068723671559212
HorizontalScanPath_6,Horizontal,heldout,4,0.15,293.7528770240489,0.15033986405437824,C,5f1cd8a0a12c51d192963f5173624ec687c135a096370f2ee84d6d87390f790c,bd432383531b955d9071627b995c567f2a813d96ce53bd88b8717a2e6c4fd65e,03bbc71a0589815c03a66f33caf00c974a85b5ac1f1c30b126007e128247b87e,339e6dc45732ebe9d521d8f10c1d5294e1e0c2817d9a7016069f61629b7c8a7a,1.2194308154866556,476,376,1300041,1.0039120029056414,0.043740174104044405,0.9997525688285147,1.0087156660903243,0.0,0.9998135161126258,1.005797459373059,0.0,False,400,100,1,0.0005000000000000004,0.7159318740849122,0.7068723671559212
HorizontalScanPath_6,Horizontal,heldout,5,0.2,293.58608801232094,0.20031987205117952,A,f85eb547e54c30b4f33f80ba1b8ecbcc3f0df77f17016e1aa53ffc481b6ec3e5,unused,6c380e5b369261c264dc734bb37abaf882d30948ccdd5a80de227c2a3a573651,24de619004b40fbceb1b56688154d62c25fbdae7f6eae73a1973cc19d3be161a,11.768422115619032,595,501,1300041,,0.12152292132071649,0.9997150062677085,1.0059181846923098,0.0,0.9996818339826077,1.0059181846923098,0.0,False,400,100,1,0.0005000000000000004,0.7159318740849122,0.929711614671089
HorizontalScanPath_6,Horizontal,heldout,5,0.2,293.58608801232094,0.20031987205117952,B,f85eb547e54c30b4f33f80ba1b8ecbcc3f0df77f17016e1aa53ffc481b6ec3e5,6fa1ab2b5ca2e460073a73650617b2ce482c63055add066e9b68103d41601617,fab502c282b583847a82afa6b1401ba5d768e786db682ea80ae737d0542f0e64,24de619004b40fbceb1b56688154d62c25fbdae7f6eae73a1973cc19d3be161a,11.768422115619032,595,501,1300041,1.0061079983534595,0.12411079476330937,0.9997395251898595,1.0064610644886276,0.0,0.9997379475268926,1.0064610644886276,0.0,False,400,100,1,0.0005000000000000004,0.7159318740849122,0.929711614671089
HorizontalScanPath_6,Horizontal,heldout,5,0.2,293.58608801232094,0.20031987205117952,C,f85eb547e54c30b4f33f80ba1b8ecbcc3f0df77f17016e1aa53ffc481b6ec3e5,6fa1ab2b5ca2e460073a73650617b2ce482c63055add066e9b68103d41601617,fab502c282b583847a82afa6b1401ba5d768e786db682ea80ae737d0542f0e64,64cc62c0b8b4a227c3ec92957851bd1f7082362efb77f1873e3ef347f2cca961,1.4422700630018235,595,501,1300041,1.0061079983534595,0.04627411297057671,0.999742496001466,1.0070674360617506,0.0,0.9997517371649922,1.0070674360617506,0.0,False,400,100,1,0.0005000000000000004,0.7159318740849122,0.929711614671089
HorizontalScanPath_7,Horizontal,heldout,0,0.03,295.52522559779794,0.032387045181927226,A,4bf9e3ee4db79d015ea779cbffae5fd70a7d80d1878ae14e81713240b50395ad,unused,5ea64f607ee5f7fd06ffa8e929e73e791d5efd3e13dab0e0e899172e7a38ba74,43c81e067c6a5c18be0fc2d6ad9bd792010baaef8b67a8905b4b066d7df2d12e,11.768422115619032,196,81,1400041,,0.133016957025919,0.9997256258779393,1.007274117449889,0.0,0.9999579324746865,1.004402023134727,0.0,False,400,100,1,0.0005000000000000004,0.7159318740849122,0.13095133992959274
HorizontalScanPath_7,Horizontal,heldout,0,0.03,295.52522559779794,0.032387045181927226,B,4bf9e3ee4db79d015ea779cbffae5fd70a7d80d1878ae14e81713240b50395ad,292d544bf72e4a1819a185cca564eb38e3dea866b3f5117c324deb7c8e5b1051,d6d94f39e73c866668e9ed852839f5d9f28368492574350e422d3a626f063a8e,43c81e067c6a5c18be0fc2d6ad9bd792010baaef8b67a8905b4b066d7df2d12e,11.768422115619032,196,81,1400041,1.0034477328261497,0.1334928122930082,0.9997193399284188,1.0072741174498923,0.0,0.9997474375297686,1.003916337850316,0.0,False,400,100,1,0.0005000000000000004,0.7159318740849122,0.13095133992959274
HorizontalScanPath_7,Horizontal,heldout,0,0.03,295.52522559779794,0.032387045181927226,C,4bf9e3ee4db79d015ea779cbffae5fd70a7d80d1878ae14e81713240b50395ad,292d544bf72e4a1819a185cca564eb38e3dea866b3f5117c324deb7c8e5b1051,d6d94f39e73c866668e9ed852839f5d9f28368492574350e422d3a626f063a8e,8cd6a4ae2a9b3aaabea1c0abfdcfe01a2b7bc15738bf4a82e2ac9a8a1f1dc4a9,0.6435097882603273,196,81,1400041,1.0034477328261497,0.033055494594429996,0.9997146669227015,1.0072741174498911,0.0,0.9996836387827787,1.002816911757202,0.0,False,400,100,1,0.0005000000000000004,0.7159318740849122,0.13095133992959274
HorizontalScanPath_7,Horizontal,heldout,1,0.05,295.0182770061354,0.05037984806077569,A,31442f147bc30d846bc6d76837686f4e39b9eca9a489931704cb34ac8db1b7e0,unused,5ea64f607ee5f7fd06ffa8e929e73e791d5efd3e13dab0e0e899172e7a38ba74,aabd99e688f2ac5ebc6bb4e7014d8050a978a7207ea1fc54abae1e83ed394f67,11.768422115619032,240,126,1400041,,0.13143963107495055,0.9997149453623109,1.007274117449889,0.0,0.9998311317953057,1.0035094446583122,0.0,False,400,100,1,0.0005000000000000004,0.7159318740849122,0.22057016774773625
HorizontalScanPath_7,Horizontal,heldout,1,0.05,295.0182770061354,0.05037984806077569,B,31442f147bc30d846bc6d76837686f4e39b9eca9a489931704cb34ac8db1b7e0,c2b5e36b8aa5667ba269d241bef2bfd921bdafa69a793ace30a01b1008f3ea22,ed660a741f9c05abbe02b78c86d9fd2965a33e85c429033095d153ccedb2f735,aabd99e688f2ac5ebc6bb4e7014d8050a978a7207ea1fc54abae1e83ed394f67,11.768422115619032,240,126,1400041,1.0020778106328956,0.13291693900675897,0.9997039988311825,1.0072741174498923,0.0,0.9996906664449534,1.0037851933432993,0.0,False,400,100,1,0.0005000000000000004,0.7159318740849122,0.22057016774773625
HorizontalScanPath_7,Horizontal,heldout,1,0.05,295.0182770061354,0.05037984806077569,C,31442f147bc30d846bc6d76837686f4e39b9eca9a489931704cb34ac8db1b7e0,c2b5e36b8aa5667ba269d241bef2bfd921bdafa69a793ace30a01b1008f3ea22,ed660a741f9c05abbe02b78c86d9fd2965a33e85c429033095d153ccedb2f735,187748ca48e77575ec030e73be04180c346a58bd17295a006a539bf66943e56c,0.7331286160784708,240,126,1400041,1.0020778106328956,0.03436370799573416,0.9997143631146105,1.0072741174498954,0.0,0.9997336789200422,1.005180968557217,0.0,False,400,100,1,0.0005000000000000004,0.7159318740849122,0.22057016774773625
HorizontalScanPath_7,Horizontal,heldout,2,0.075,294.5764558215017,0.07516993202718912,A,dee52fbe0a70c70f8e956e301cf7e0d6d7f9c0589c47a161b5fba647f3eec10f,unused,5ea64f607ee5f7fd06ffa8e929e73e791d5efd3e13dab0e0e899172e7a38ba74,43d453ae07f33364382943f99504e4960f6d3f1993ef44f6556c6362655ad86d,11.768422115619032,300,188,1400041,,0.13063749970981556,0.9997184568771385,1.007274117449889,0.0,0.9995840623483008,1.0038130148890938,0.0,False,400,100,1,0.0005000000000000004,0.7159318740849122,0.3532283801079248
HorizontalScanPath_7,Horizontal,heldout,2,0.075,294.5764558215017,0.07516993202718912,B,dee52fbe0a70c70f8e956e301cf7e0d6d7f9c0589c47a161b5fba647f3eec10f,b375d26f83670b992aa239a646cd4982cafb3ce7905e938cb78eeb9cbc0524df,14f0f63b602ddb0a572148b586c62a63d83d71970bced1f91d24e92a2a433e52,43d453ae07f33364382943f99504e4960f6d3f1993ef44f6556c6362655ad86d,11.768422115619032,300,188,1400041,1.0049503572659624,0.13114409451102918,0.9997014105150538,1.0072741174498923,0.0,0.9994890159662886,1.0043459099927385,0.0,False,400,100,1,0.0005000000000000004,0.7159318740849122,0.3532283801079248
HorizontalScanPath_7,Horizontal,heldout,2,0.075,294.5764558215017,0.07516993202718912,C,dee52fbe0a70c70f8e956e301cf7e0d6d7f9c0589c47a161b5fba647f3eec10f,b375d26f83670b992aa239a646cd4982cafb3ce7905e938cb78eeb9cbc0524df,14f0f63b602ddb0a572148b586c62a63d83d71970bced1f91d24e92a2a433e52,c8e41f90edbe3615bbf58ec7e893d4f0e2f3a5fd1fa6b7dd846c46adc4f31acc,0.8657868284386593,300,188,1400041,1.0049503572659624,0.03712176666086878,0.9997018020279675,1.0072741174498798,0.0,0.9995409058050284,1.004464529373839,0.0,False,400,100,1,0.0005000000000000004,0.7159318740849122,0.3532283801079248
HorizontalScanPath_7,Horizontal,heldout,3,0.1,294.1967295706152,0.10035985605757697,A,fcc6a55b5dfa87d81d4897829f5e29f3f360b73aebe3a4b1dd9e864c10cd41c5,unused,5ea64f607ee5f7fd06ffa8e929e73e791d5efd3e13dab0e0e899172e7a38ba74,527a94ee0161fe13d97f776b8b81cb1672b0db1906dea146cffb4dbc9fdde97f,11.768422115619032,360,251,1400041,,0.13001747146016066,0.9997268341838772,1.007274117449889,0.0,0.9997870002768744,1.0038425941421651,0.0,False,400,100,1,0.0005000000000000004,0.7159318740849122,0.4687537232924505
HorizontalScanPath_7,Horizontal,heldout,3,0.1,294.1967295706152,0.10035985605757697,B,fcc6a55b5dfa87d81d4897829f5e29f3f360b73aebe3a4b1dd9e864c10cd41c5,7ab360a09ac54be49f5a78e6fa6be621744889a1f3fba8aa49896a194dccfed8,663739f8c8cb1577165c4627b73b8257036f727917ab2d4b427f0fa9bdff0b0a,527a94ee0161fe13d97f776b8b81cb1672b0db1906dea146cffb4dbc9fdde97f,11.768422115619032,360,251,1400041,1.004323594791041,0.1314550578089768,0.9997094684939102,1.0072741174498923,0.0,0.999605140526743,1.0051536233624063,0.0,False,400,100,1,0.0005000000000000004,0.7159318740849122,0.4687537232924505
HorizontalScanPath_7,Horizontal,heldout,3,0.1,294.1967295706152,0.10035985605757697,C,fcc6a55b5dfa87d81d4897829f5e29f3f360b73aebe3a4b1dd9e864c10cd41c5,7ab360a09ac54be49f5a78e6fa6be621744889a1f3fba8aa49896a194dccfed8,663739f8c8cb1577165c4627b73b8257036f727917ab2d4b427f0fa9bdff0b0a,444628a48c4ab8d7e88c3998e8e6f746a76ed8c9865689bcfdc51fbbe179de20,0.9813121716231851,360,251,1400041,1.004323594791041,0.039416387225849496,0.9997128408938081,1.007476912243524,0.0,0.9996218712319077,1.007476912243524,0.0,False,400,100,1,0.0005000000000000004,0.7159318740849122,0.4687537232924505
HorizontalScanPath_7,Horizontal,heldout,4,0.15,293.75988045814535,0.15033986405437824,A,c057892414a2ac1cbc20c33147776c784dd54f46694cc832b373c2466f86fcbc,unused,5ea64f607ee5f7fd06ffa8e929e73e791d5efd3e13dab0e0e899172e7a38ba74,797a19cbad8513545f747f6076b3fa2814bf3a70b6933aa41c7784982a0a4580,11.768422115619032,476,376,1400041,,0.1289376494784485,0.9997518388540648,1.0075644231884107,0.0,0.9997884494658456,1.0075644231884107,0.0,False,400,100,1,0.0005000000000000004,0.7159318740849122,0.7460993998309934
HorizontalScanPath_7,Horizontal,heldout,4,0.15,293.75988045814535,0.15033986405437824,B,c057892414a2ac1cbc20c33147776c784dd54f46694cc832b373c2466f86fcbc,387c11b72e5b22b5947b734e8cc4b4ab27e24f2e7f9fc4c557d22521d95d721d,8e125f5e5c9855bc5fb1ae32a6bc03b33a91578dc162967d1f41f900f594fd1f,797a19cbad8513545f747f6076b3fa2814bf3a70b6933aa41c7784982a0a4580,11.768422115619032,476,376,1400041,1.0070556457469253,0.1306968856348948,0.9997506673210124,1.0078612663486686,0.0,0.9998321811468478,1.0078612663486686,0.0,False,400,100,1,0.0005000000000000004,0.7159318740849122,0.7460993998309934
HorizontalScanPath_7,Horizontal,heldout,4,0.15,293.75988045814535,0.15033986405437824,C,c057892414a2ac1cbc20c33147776c784dd54f46694cc832b373c2466f86fcbc,387c11b72e5b22b5947b734e8cc4b4ab27e24f2e7f9fc4c557d22521d95d721d,8e125f5e5c9855bc5fb1ae32a6bc03b33a91578dc162967d1f41f900f594fd1f,682d5ce7bf6bedf9f6312c499b3a69df5ba5031b501070c36837a845daa03a68,1.258657848161728,476,376,1400041,1.0070556457469253,0.04501368893067533,0.9997581318531095,1.0072741157260914,0.0,0.9998801867532403,1.0054289027429915,0.0,False,400,100,1,0.0005000000000000004,0.7159318740849122,0.7460993998309934
HorizontalScanPath_7,Horizontal,heldout,5,0.2,293.58216932464046,0.20031987205117952,A,6b56578f0fad91444b374191e498841b81337c76587a5c60b0462c0bea6fff1f,unused,5ea64f607ee5f7fd06ffa8e929e73e791d5efd3e13dab0e0e899172e7a38ba74,0c78974786461f801381f7a4dcf9fc4eaecc546e02fe91fb71cd08e3c27fc3c4,11.768422115619032,593,501,1400041,,0.12331601267161732,0.9997299932075228,1.0079069074817986,0.0,0.9997457098085721,1.0062186150142294,0.0,False,400,100,1,0.0005000000000000004,0.7159318740849122,0.9502778041346315
HorizontalScanPath_7,Horizontal,heldout,5,0.2,293.58216932464046,0.20031987205117952,B,6b56578f0fad91444b374191e498841b81337c76587a5c60b0462c0bea6fff1f,362bf23becf9a6ed48b6d10471c3cd2ef48bcd26c7772b766e5180193630cac9,f3f42426c0a4f5a5ffef8a95fdd192601744e9d1df2a86119c5fb0503c1e77eb,0c78974786461f801381f7a4dcf9fc4eaecc546e02fe91fb71cd08e3c27fc3c4,11.768422115619032,593,501,1400041,1.0067723238036443,0.12609531437014537,0.9997462650977899,1.007937987144815,0.0,0.9997576998024978,1.0056352895547769,0.0,False,400,100,1,0.0005000000000000004,0.7159318740849122,0.9502778041346315
HorizontalScanPath_7,Horizontal,heldout,5,0.2,293.58216932464046,0.20031987205117952,C,6b56578f0fad91444b374191e498841b81337c76587a5c60b0462c0bea6fff1f,362bf23becf9a6ed48b6d10471c3cd2ef48bcd26c7772b766e5180193630cac9,f3f42426c0a4f5a5ffef8a95fdd192601744e9d1df2a86119c5fb0503c1e77eb,0d073a0d7cd3358ea8734e55ae0459504dae111201194be5031f2a4654bcb774,1.4628362524653662,593,501,1400041,1.0067723238036443,0.046536075904658566,0.9997455848500589,1.0086072399330297,0.0,0.9997561303899251,1.0086072399330297,0.0,False,400,100,1,0.0005000000000000004,0.7159318740849122,0.9502778041346315
HorizontalScanPath_8,Horizontal,heldout,0,0.03,295.71434881764065,0.032387045181927226,A,96f982946a14075c4e022637ad90a129173a7d8f061851056f5f3fc36674707e,unused,82c9356912f561919b0add1e67f495a9648385e5eefe183cabd98de2fe9249f8,c2f9bf70f40b7609ef4ca9a5a0ab241c5ecbc14defc89b7e2c2df77bd0a55a00,11.768422115619032,196,81,1500041,,0.13244010986457094,0.9997078634195039,1.0070467751838341,0.0,0.9999271626572966,1.0051193801316265,0.0,False,400,100,1,0.0005000000000000004,0.7159318740849122,0.13041600750741397
HorizontalScanPath_8,Horizontal,heldout,0,0.03,295.71434881764065,0.032387045181927226,B,96f982946a14075c4e022637ad90a129173a7d8f061851056f5f3fc36674707e,9f2df2b5a54a3cbe01b207e5dbb89ca9333d54d0257be5ebb3d527aa843c0b95,834973fee287be1a2fceb77b55f66527fbac9b8da79b79033cf85d4c0cd4a0cd,c2f9bf70f40b7609ef4ca9a5a0ab241c5ecbc14defc89b7e2c2df77bd0a55a00,11.768422115619032,196,81,1500041,1.0032505230082713,0.13233182960573336,0.999702025441296,1.0071013998488008,0.0,0.9997045336800672,1.0071013998488008,0.0,False,400,100,1,0.0005000000000000004,0.7159318740849122,0.13041600750741397
HorizontalScanPath_8,Horizontal,heldout,0,0.03,295.71434881764065,0.032387045181927226,C,96f982946a14075c4e022637ad90a129173a7d8f061851056f5f3fc36674707e,9f2df2b5a54a3cbe01b207e5dbb89ca9333d54d0257be5ebb3d527aa843c0b95,834973fee287be1a2fceb77b55f66527fbac9b8da79b79033cf85d4c0cd4a0cd,9385545ebfc62da901425c4f553844b778b30407e59d9509dc0c842abc45d390,0.6429744558381485,196,81,1500041,1.0032505230082713,0.03293862436532455,0.9997183356382335,1.0070467751838093,0.0,0.9998731953076566,1.0036907188416169,0.0,False,400,100,1,0.0005000000000000004,0.7159318740849122,0.13041600750741397
HorizontalScanPath_8,Horizontal,heldout,1,0.05,295.1877028582759,0.05037984806077569,A,0e24f6505ecc77933b17b4acd9ab6c4c8b26b103ed054aacf717448443d5dd45,unused,82c9356912f561919b0add1e67f495a9648385e5eefe183cabd98de2fe9249f8,dc178da59a01b5cafb2073192762eb8b050c5f1fcbd8fbdcba2611247d56011a,11.768422115619032,239,126,1500041,,0.13072583670128032,0.9997002853358543,1.0070467751838341,0.0,0.9995846202258372,1.0039030437992837,0.0,False,400,100,1,0.0005000000000000004,0.7159318740849122,0.2172570492351007
HorizontalScanPath_8,Horizontal,heldout,1,0.05,295.1877028582759,0.05037984806077569,B,0e24f6505ecc77933b17b4acd9ab6c4c8b26b103ed054aacf717448443d5dd45,228213746bb9d99ee7d9f97ea40955b44549336f70526cfa7c639a9dcb7b3800,35f7d1a17ba1ac6ebbbcef5c66adf54f96e8248190cdf66562a66d54fd1fea4a,dc178da59a01b5cafb2073192762eb8b050c5f1fcbd8fbdcba2611247d56011a,11.768422115619032,239,126,1500041,1.0032679858031304,0.13159196732035128,0.9997030865272218,1.0070467751838392,0.0,0.9996072434509939,1.002668403988115,0.0,False,400,100,1,0.0005000000000000004,0.7159318740849122,0.2172570492351007
HorizontalScanPath_8,Horizontal,heldout,1,0.05,295.1877028582759,0.05037984806077569,C,0e24f6505ecc77933b17b4acd9ab6c4c8b26b103ed054aacf717448443d5dd45,228213746bb9d99ee7d9f97ea40955b44549336f70526cfa7c639a9dcb7b3800,35f7d1a17ba1ac6ebbbcef5c66adf54f96e8248190cdf66562a66d54fd1fea4a,671e61f211118b118d942c90f3160a19269e59e0321bb07faeedbac425e474e8,0.7298154975658353,239,126,1500041,1.0032679858031304,0.03447524747597132,0.9997113278082705,1.0070467751838372,0.0,0.9997764290066238,1.0032190108286612,0.0,False,400,100,1,0.0005000000000000004,0.7159318740849122,0.2172570492351007
HorizontalScanPath_8,Horizontal,heldout,2,0.075,294.5977749294631,0.07516993202718912,A,36e79cbc0e7379f0530d7754f39129886602217284a56853c220f7bbe7f36024,unused,82c9356912f561919b0add1e67f495a9648385e5eefe183cabd98de2fe9249f8,02b972c4b728747574a5f6823eadbea823340b463552a138149e75cd31e8efa8,11.768422115619032,297,188,1500041,,0.1307421836028272,0.9997263381429458,1.0070467751838341,0.0,0.9999056750441987,1.0048649715858866,0.0,False,400,100,1,0.0005000000000000004,0.7159318740849122,0.36191258881576177
HorizontalScanPath_8,Horizontal,heldout,2,0.075,294.5977749294631,0.07516993202718912,B,36e79cbc0e7379f0530d7754f39129886602217284a56853c220f7bbe7f36024,68ceb2b5b3a4e7cf04244bc6b0d3c472fb77b2c0e12e84018472f52d5fece495,813cf8b7dc1b8fa49f5f919092a60f8c1596c03227b90b29e5f52de2f2692f3f,02b972c4b728747574a5f6823eadbea823340b463552a138149e75cd31e8efa8,11.768422115619032,297,188,1500041,1.0074466127804715,0.13157175430095377,0.9997049795706977,1.0070467751838392,0.0,0.9996120654750102,1.0027867341500065,0.0,False,400,100,1,0.0005000000000000004,0.7159318740849122,0.36191258881576177
HorizontalScanPath_8,Horizontal,heldout,2,0.075,294.5977749294631,0.07516993202718912,C,36e79cbc0e7379f0530d7754f39129886602217284a56853c220f7bbe7f36024,68ceb2b5b3a4e7cf04244bc6b0d3c472fb77b2c0e12e84018472f52d5fece495,813cf8b7dc1b8fa49f5f919092a60f8c1596c03227b90b29e5f52de2f2692f3f,ad74d800d3d3767c201ab87141aba51d0ddd9f2deb8f6f851286b523de0a520f,0.8744710371464964,297,188,1500041,1.0074466127804715,0.0357424712230128,0.9996928918159945,1.0070467751838486,0.0,0.9995462737517811,1.0028881172084076,0.0,False,400,100,1,0.0005000000000000004,0.7159318740849122,0.36191258881576177
HorizontalScanPath_8,Horizontal,heldout,3,0.1,294.233881730295,0.10035985605757697,A,536a442ce69c4adbf7de9137484f991d56053ad8d7fa174147977677b00b1a20,unused,82c9356912f561919b0add1e67f495a9648385e5eefe183cabd98de2fe9249f8,6a2e1c0d8ce40a9670cc4dda10807188687ea90259b864b8df5dec79a0384124,11.768422115619032,358,251,1500041,,0.1295419779805997,0.9997104953119554,1.0070467751838341,0.0,0.9996668895161793,1.0053350570138395,0.0,False,400,100,1,0.0005000000000000004,0.7159318740849122,0.4745301737100328
HorizontalScanPath_8,Horizontal,heldout,3,0.1,294.233881730295,0.10035985605757697,B,536a442ce69c4adbf7de9137484f991d56053ad8d7fa174147977677b00b1a20,0b81bb14e180e72deb5b25b22ff9d46fb4313a5f400d7594cd031465ca19f4bf,ccc9af097eb3bfae7c99226d70f3b13545ea156138bf4648fd682dbddbc36d99,6a2e1c0d8ce40a9670cc4dda10807188687ea90259b864b8df5dec79a0384124,11.768422115619032,358,251,1500041,1.0078740308212233,0.1322600014161361,0.9997101824618393,1.0070467751838392,0.0,0.9997075501268881,1.004555222763577,0.0,False,400,100,1,0.0005000000000000004,0.7159318740849122,0.4745301737100328
HorizontalScanPath_8,Horizontal,heldout,3,0.1,294.233881730295,0.10035985605757697,C,536a442ce69c4adbf7de9137484f991d56053ad8d7fa174147977677b00b1a20,0b81bb14e180e72deb5b25b22ff9d46fb4313a5f400d7594cd031465ca19f4bf,ccc9af097eb3bfae7c99226d70f3b13545ea156138bf4648fd682dbddbc36d99,55df1f407502cbe42169a875e82d09a30feabb2e3e9ec1e4544f35b87013daef,0.9870886220407673,358,251,1500041,1.0078740308212233,0.040884672197913384,0.9997096481669491,1.00704677518341,0.0,0.9996779304591819,1.0057636512179107,0.0,False,400,100,1,0.0005000000000000004,0.7159318740849122,0.4745301737100328
HorizontalScanPath_8,Horizontal,heldout,4,0.15,293.7822010693023,0.15033986405437824,A,b7a1606bf2505acbd378094d1b22e4613d192ec32964a37a36b4104481a62fa8,unused,82c9356912f561919b0add1e67f495a9648385e5eefe183cabd98de2fe9249f8,6278265b79ea574d6729d648b2197c930faf4181c82fb76b83406416627623e3,11.768422115619032,477,376,1500041,,0.12686840133600932,0.9997278830013356,1.0070465673773448,0.0,0.9996576142422648,1.0063905161721076,0.0,False,400,100,1,0.0005000000000000004,0.7159318740849122,0.7136643290293911
HorizontalScanPath_8,Horizontal,heldout,4,0.15,293.7822010693023,0.15033986405437824,B,b7a1606bf2505acbd378094d1b22e4613d192ec32964a37a36b4104481a62fa8,e36b91761d248c263e175a04050a09aad55350a2425996710c36ab3a0ea19283,ae72f54401eaa7b6f163aaec60700ca806422f76158da20fbb9d74c70e3ec744,6278265b79ea574d6729d648b2197c930faf4181c82fb76b83406416627623e3,11.768422115619032,477,376,1500041,1.0051893251734814,0.13104023986004357,0.9997640232613342,1.0070465699233113,0.0,0.999816753130575,1.0063846715730884,0.0,False,400,100,1,0.0005000000000000004,0.7159318740849122,0.7136643290293911
HorizontalScanPath_8,Horizontal,heldout,4,0.15,293.7822010693023,0.15033986405437824,C,b7a1606bf2505acbd378094d1b22e4613d192ec32964a37a36b4104481a62fa8,e36b91761d248c263e175a04050a09aad55350a2425996710c36ab3a0ea19283,ae72f54401eaa7b6f163aaec60700ca806422f76158da20fbb9d74c70e3ec744,3671e755030fb1aa621e6237ab152483cdcb3e8f1e6c2bc9f005bc57ba0cf5a7,1.2262227773601257,477,376,1500041,1.0051893251734814,0.046604286258557545,0.9997434596043561,1.0070465414280332,0.0,0.9997550458201824,1.0052864223985782,0.0,False,400,100,1,0.0005000000000000004,0.7159318740849122,0.7136643290293911
HorizontalScanPath_8,Horizontal,heldout,5,0.2,293.58969660600656,0.20031987205117952,A,138dc1fb7d77ddba6941ecd6c9404808926091d0c0be48e658c2475e4b8edf54,unused,82c9356912f561919b0add1e67f495a9648385e5eefe183cabd98de2fe9249f8,8bfbb6e37dbb3b126741db536d85ffb67f216da1b8623b9cd410f10cba9f9e90,11.768422115619032,594,501,1500041,,0.12327907663530221,0.9997843831600746,1.0070366840243465,0.0,0.9998379945154359,1.0050188966987703,0.0,False,400,100,1,0.0005000000000000004,0.7159318740849122,0.9694532904711626
HorizontalScanPath_8,Horizontal,heldout,5,0.2,293.58969660600656,0.20031987205117952,B,138dc1fb7d77ddba6941ecd6c9404808926091d0c0be48e658c2475e4b8edf54,ee3e089a12e3a1a4ece2756e24da9cb79345f8068f29dc30b9159dabaa283269,1fa90ef18cd84d9b02538d1c21e85c8fc525293c1a3ff66953ea6220cb1a77e3,8bfbb6e37dbb3b126741db536d85ffb67f216da1b8623b9cd410f10cba9f9e90,11.768422115619032,594,501,1500041,1.00743976601682,0.12630793475735635,0.9997730690585825,1.00703688212215,0.0,0.9998417490418039,1.0058914392026284,0.0,False,400,100,1,0.0005000000000000004,0.7159318740849122,0.9694532904711626
HorizontalScanPath_8,Horizontal,heldout,5,0.2,293.58969660600656,0.20031987205117952,C,138dc1fb7d77ddba6941ecd6c9404808926091d0c0be48e658c2475e4b8edf54,ee3e089a12e3a1a4ece2756e24da9cb79345f8068f29dc30b9159dabaa283269,1fa90ef18cd84d9b02538d1c21e85c8fc525293c1a3ff66953ea6220cb1a77e3,561e764914601a7cc0725c0b540a17bc33c1f7d4477a4a06803a05feb25c36b3,1.4820117388018974,594,501,1500041,1.00743976601682,0.047267531266263756,0.9997594100651604,1.0070279580540396,0.0,0.9996875495683077,1.0060149304604846,0.0,False,400,100,1,0.0005000000000000004,0.7159318740849122,0.9694532904711626
SpiralScanPath_1,Spiral,heldout,0,0.03,294.5644045668491,0.03078768492602959,A,15f3102544d79a0ead4fddd3e3d67eb6f66e7618f5c1b3f0cbe3718269bb0cb2,unused,80e33432c15b366d5bd5466b8ee0071006894a89c385b5cdb0e8f4dff8bcf741,3e1254cb69bc75cd91b8e38409bec34165a0046f08a267e3a451b11e1e9d6fcb,11.768422115619032,191,77,2000041,,0.1317529303226369,0.9997229046351045,1.0055413892948062,0.0,0.9997657145770302,1.0041670430869187,0.0,False,400,100,1,0.0005000000000000004,0.7159318740849122,0.1262833845992919
SpiralScanPath_1,Spiral,heldout,0,0.03,294.5644045668491,0.03078768492602959,B,15f3102544d79a0ead4fddd3e3d67eb6f66e7618f5c1b3f0cbe3718269bb0cb2,6a6de0b3c98e1633d44d836081268999e677e53addea0dbbf5260983c82103bc,f6835fe2278fb4a969f7772ead6d4fe4c429cf522e1894051e7c22ee3ea3dca1,3e1254cb69bc75cd91b8e38409bec34165a0046f08a267e3a451b11e1e9d6fcb,11.768422115619032,191,77,2000041,1.0039751712387552,0.13212275282083136,0.9997010598711109,1.0057883972519306,0.0,0.9995352956533965,1.0028859228757778,0.0,False,400,100,1,0.0005000000000000004,0.7159318740849122,0.1262833845992919
SpiralScanPath_1,Spiral,heldout,0,0.03,294.5644045668491,0.03078768492602959,C,15f3102544d79a0ead4fddd3e3d67eb6f66e7618f5c1b3f0cbe3718269bb0cb2,6a6de0b3c98e1633d44d836081268999e677e53addea0dbbf5260983c82103bc,f6835fe2278fb4a969f7772ead6d4fe4c429cf522e1894051e7c22ee3ea3dca1,87982ca9e8fef3db46db8f1f1671ffc4aa0c118aa1f9c9cc7642e545c7f6c7c6,0.6388418329300265,191,77,2000041,1.0039751712387552,0.030956612417102757,0.9997187165598242,1.0060218558348055,0.0,0.9995156296668654,1.0019797923664622,0.0,False,400,100,1,0.0005000000000000004,0.7159318740849122,0.1262833845992919
SpiralScanPath_1,Spiral,heldout,1,0.05,293.81331409404754,0.05037984806077569,A,0e2043e5a4d9c95f4ece671f828f542e8190b7748de11029b0b48d0367f3efdf,unused,80e33432c15b366d5bd5466b8ee0071006894a89c385b5cdb0e8f4dff8bcf741,af94f0981f2e611b23a83298332b887a19868910fabcfff72da1718c97cf78dc,11.768422115619032,238,126,2000041,,0.1310502466283165,0.999730327931987,1.0067863681975153,0.0,0.9998189709290144,1.0047395460999842,0.0,False,400,100,1,0.0005000000000000004,0.7159318740849122,0.22203136682544747
SpiralScanPath_1,Spiral,heldout,1,0.05,293.81331409404754,0.05037984806077569,B,0e2043e5a4d9c95f4ece671f828f542e8190b7748de11029b0b48d0367f3efdf,999c6aa23817b45ccc5fcb5a079b6b7d31d0dd65162bafb64c29ce3c94b0df65,1f069307d96ab97336c99cc455c1b3febb91181d3f63b5af050c2069077241d3,af94f0981f2e611b23a83298332b887a19868910fabcfff72da1718c97cf78dc,11.768422115619032,238,126,2000041,1.0072583558882138,0.1314042760230599,0.9997251982120748,1.0067748552975517,0.0,0.9996381843103401,1.004607329850841,0.0,False,400,100,1,0.0005000000000000004,0.7159318740849122,0.22203136682544747
SpiralScanPath_1,Spiral,heldout,1,0.05,293.81331409404754,0.05037984806077569,C,0e2043e5a4d9c95f4ece671f828f542e8190b7748de11029b0b48d0367f3efdf,999c6aa23817b45ccc5fcb5a079b6b7d31d0dd65162bafb64c29ce3c94b0df65,1f069307d96ab97336c99cc455c1b3febb91181d3f63b5af050c2069077241d3,03e10b48a14b9d890b0d024eed1f36c7526a3d0f9d122553b69cd05bfa74c10c,0.734589815156182,238,126,2000041,1.0072583558882138,0.0367570850109466,0.9997267058933663,1.0078451644677027,0.0,0.9999004792214772,1.0049770253084989,0.0,False,400,100,1,0.0005000000000000004,0.7159318740849122,0.22203136682544747
SpiralScanPath_1,Spiral,heldout,2,0.075,293.6415574661454,0.07516993202718912,A,44775ef54c36c61838d112a60c2bef27a11d1a3c63550de4b724b3a2ee84729e,unused,80e33432c15b366d5bd5466b8ee0071006894a89c385b5cdb0e8f4dff8bcf741,b6c65e330fb607fea6ad691814906e0327602b02854140d3886d7e7eed9cd6bb,11.768422115619032,299,188,2000041,,0.12760074301660362,0.9997186887922299,1.0062062775856986,0.0,0.9997831885826151,1.0062062775856986,0.0,False,400,100,1,0.0005000000000000004,0.7159318740849122,0.31565831974576725
SpiralScanPath_1,Spiral,heldout,2,0.075,293.6415574661454,0.07516993202718912,B,44775ef54c36c61838d112a60c2bef27a11d1a3c63550de4b724b3a2ee84729e,5ed5f92f849dfc94c90b9df518ed9aec2437e2fa5f4ce45a2d9e98ad40b576ec,86c0bc73dcabd85832283e8d196913d0d106478fb4f74e345ebfb7ac390dfd24,b6c65e330fb607fea6ad691814906e0327602b02854140d3886d7e7eed9cd6bb,11.768422115619032,299,188,2000041,1.0058023995053793,0.12852384073101375,0.9997286717036321,1.0055423222012845,0.0,0.9998821222290963,1.0043205039697785,0.0,False,400,100,1,0.0005000000000000004,0.7159318740849122,0.31565831974576725
SpiralScanPath_1,Spiral,heldout,2,0.075,293.6415574661454,0.07516993202718912,C,44775ef54c36c61838d112a60c2bef27a11d1a3c63550de4b724b3a2ee84729e,5ed5f92f849dfc94c90b9df518ed9aec2437e2fa5f4ce45a2d9e98ad40b576ec,86c0bc73dcabd85832283e8d196913d0d106478fb4f74e345ebfb7ac390dfd24,4550cd4938bf1572809be0fa9cb0910b6fd04647b0f0fd57eb0c742de0ef2cf0,0.8282167680765018,299,188,2000041,1.0058023995053793,0.03647200165771467,0.9997417777111538,1.005766363635403,0.0,0.9998818800174083,1.0040717099610268,0.0,False,400,100,1,0.0005000000000000004,0.7159318740849122,0.31565831974576725
SpiralScanPath_1,Spiral,heldout,3,0.1,293.5620598731056,0.10035985605757697,A,11c33247b178be904e8e7cc8c3608f70e948660b38098337deedeb6a656670d3,unused,80e33432c15b366d5bd5466b8ee0071006894a89c385b5cdb0e8f4dff8bcf741,724c23f95ec89df3f383cd6295f2636df9cc2e089964e1faf186b2ffd47507b1,11.768422115619032,359,251,2000041,,0.12665443839257517,0.9997678655704609,1.0054972541972957,0.0,0.9998152546623875,1.0054972541972957,0.0,False,400,100,1,0.0005000000000000004,0.7159318740849122,0.40843841056615043
SpiralScanPath_1,Spiral,heldout,3,0.1,293.5620598731056,0.10035985605757697,B,11c33247b178be904e8e7cc8c3608f70e948660b38098337deedeb6a656670d3,a2e03fdaf3753a21782b84fc2649865f3948247ee98486297d539427ad43514b,5bc7c8e84f999c7e695aee1df54a13bd1b5a5ded5697ca8c5d39e4e75fb79249,724c23f95ec89df3f383cd6295f2636df9cc2e089964e1faf186b2ffd47507b1,11.768422115619032,359,251,2000041,1.0066980424223748,0.1277873109030697,0.9997714800998235,1.005404154220112,0.0,0.9998214008513766,1.005404154220112,0.0,False,400,100,1,0.0005000000000000004,0.7159318740849122,0.40843841056615043
SpiralScanPath_1,Spiral,heldout,3,0.1,293.5620598731056,0.10035985605757697,C,11c33247b178be904e8e7cc8c3608f70e948660b38098337deedeb6a656670d3,a2e03fdaf3753a21782b84fc2649865f3948247ee98486297d539427ad43514b,5bc7c8e84f999c7e695aee1df54a13bd1b5a5ded5697ca8c5d39e4e75fb79249,2e400b5e161636ca014ca1f1fe4f5d30b70ae2c461453d50c1d60902d3c95e9c,0.9209968588968851,359,251,2000041,1.0066980424223748,0.039449623196560535,0.9997800959896683,1.0062029767173915,0.0,0.999878696067792,1.0062029767173915,0.0,False,400,100,1,0.0005000000000000004,0.7159318740849122,0.40843841056615043
SpiralScanPath_1,Spiral,heldout,4,0.15,293.46890644977,0.15033986405437824,A,de1f089c894e0937bf175d2adb3acfa2dbc16afa030657084f1a66457d744195,unused,80e33432c15b366d5bd5466b8ee0071006894a89c385b5cdb0e8f4dff8bcf741,e2f59c934c6f263876f075e8fc0a8fd5c7461fcaa101f74db3f605c80cbcdafb,11.768422115619032,482,376,2000041,,0.12011264779897028,0.999785520918708,1.0074836659841664,0.0,0.9998922014413669,1.0074836659841664,0.0,False,400,100,1,0.0005000000000000004,0.7159318740849122,0.6013882847109405
SpiralScanPath_1,Spiral,heldout,4,0.15,293.46890644977,0.15033986405437824,B,de1f089c894e0937bf175d2adb3acfa2dbc16afa030657084f1a66457d744195,e382a6e88301e62a96c51e5ce4161af85e956059d89e28408a0b2699703ef351,4bf5316e8b10f4019bc9ef4c5301244094eb1d47234e92ea15087532ef7ef93f,e2f59c934c6f263876f075e8fc0a8fd5c7461fcaa101f74db3f605c80cbcdafb,11.768422115619032,482,376,2000041,1.0057399061689765,0.1219515064543033,0.9997983989347632,1.0084948872457562,0.0,0.9999887021700313,1.0084948872457562,0.0,False,400,100,1,0.0005000000000000004,0.7159318740849122,0.6013882847109405
SpiralScanPath_1,Spiral,heldout,4,0.15,293.46890644977,0.15033986405437824,C,de1f089c894e0937bf175d2adb3acfa2dbc16afa030657084f1a66457d744195,e382a6e88301e62a96c51e5ce4161af85e956059d89e28408a0b2699703ef351,4bf5316e8b10f4019bc9ef4c5301244094eb1d47234e92ea15087532ef7ef93f,d3dadd47493b1cceeb6a53344b2fb5216f6ac166cf9f887ae59333f0ac163ddd,1.113946733041675,482,376,2000041,1.0057399061689765,0.04309095966006387,0.999785382737544,1.0059835095194156,0.0,0.9998616776897596,1.0059835095194156,0.0,False,400,100,1,0.0005000000000000004,0.7159318740849122,0.6013882847109405
SpiralScanPath_1,Spiral,heldout,5,0.2,293.4040758119578,0.20031987205117952,A,b9b05e329d75b83d7ef34a0288ff8897353dc4051a79b46404aedb294668a842,unused,80e33432c15b366d5bd5466b8ee0071006894a89c385b5cdb0e8f4dff8bcf741,c73c74e43b38db0b0af6655739f3a76625d5705c52142998af826539cb25133a,11.768422115619032,602,501,2000041,,0.1137592203411581,0.99974657256482,1.0078789151670824,0.0,0.9998306288070019,1.0078789151670824,0.0,False,400,100,1,0.0005000000000000004,0.7159318740849122,0.8417006925158286
SpiralScanPath_1,Spiral,heldout,5,0.2,293.4040758119578,0.20031987205117952,B,b9b05e329d75b83d7ef34a0288ff8897353dc4051a79b46404aedb294668a842,5efef59f678b39c0e254ca3ee0550351c0e69363c04d936d07eb5496aa36ad5a,11c6f8fc84773610b9400623cacba34e9c651e2089eb82f34a470955428c9504,c73c74e43b38db0b0af6655739f3a76625d5705c52142998af826539cb25133a,11.768422115619032,602,501,2000041,1.0054449766818445,0.11649563949036984,0.9997746219557395,1.0063622833567263,0.0,0.999873395950571,1.0051457406344348,0.0,False,400,100,1,0.0005000000000000004,0.7159318740849122,0.8417006925158286
SpiralScanPath_1,Spiral,heldout,5,0.2,293.4040758119578,0.20031987205117952,C,b9b05e329d75b83d7ef34a0288ff8897353dc4051a79b46404aedb294668a842,5efef59f678b39c0e254ca3ee0550351c0e69363c04d936d07eb5496aa36ad5a,11c6f8fc84773610b9400623cacba34e9c651e2089eb82f34a470955428c9504,4f37fcd96e0980dc76a0a40e68a36f499aeea0645e029ecf45b3d5ee6c39b241,1.3542591408465634,602,501,2000041,1.0054449766818445,0.04776373027096801,0.9997711653650876,1.0068987259390492,0.0,0.9997575004254889,1.0068987259390492,0.0,False,400,100,1,0.0005000000000000004,0.7159318740849122,0.8417006925158286
SpiralScanPath_10,Spiral,heldout,0,0.03,296.24464913741537,0.03198720511795282,A,c902d6eac9e588f840d5222306cd82a02d05e3d97212fb647e52d2cc016dc703,unused,7225d74a804414a3da6d0340778fe9e9433f1e65891837483dda409d2d2b86ec,a8e1b9a588e9b7ed0c0ab1972ff14678602c438f95936c93a4672d9eed39ad8f,11.768422115619032,194,80,2900041,,0.13146935199561827,0.9997531142150051,1.0069222053655131,0.0,0.9996559989375956,1.00337145196208,0.0,False,400,100,1,0.0005000000000000004,0.7159318740849122,0.11816667558020362
SpiralScanPath_10,Spiral,heldout,0,0.03,296.24464913741537,0.03198720511795282,B,c902d6eac9e588f840d5222306cd82a02d05e3d97212fb647e52d2cc016dc703,179f4842d0d38aa6b6f366e6eddd518faf4af59a7140655ca2062375c481cac3,5f46ea75b9a438e2587fd2ae40384fce78fa02879c1c89c90a8d4ec2be7d5668,a8e1b9a588e9b7ed0c0ab1972ff14678602c438f95936c93a4672d9eed39ad8f,11.768422115619032,194,80,2900041,1.0054595348144673,0.132224706922658,0.9997487533131777,1.006922205366425,0.0,0.9997535271299969,1.0025161165874166,0.0,False,400,100,1,0.0005000000000000004,0.7159318740849122,0.11816667558020362
SpiralScanPath_10,Spiral,heldout,0,0.03,296.24464913741537,0.03198720511795282,C,c902d6eac9e588f840d5222306cd82a02d05e3d97212fb647e52d2cc016dc703,179f4842d0d38aa6b6f366e6eddd518faf4af59a7140655ca2062375c481cac3,5f46ea75b9a438e2587fd2ae40384fce78fa02879c1c89c90a8d4ec2be7d5668,a9b6f01938feadbea7b075c737dbcf8105cbdb247a18227c90e3272e4a3fcefd,0.6307251239109383,194,80,2900041,1.0054595348144673,0.03191624514470324,0.9997517680520863,1.0069222043687591,0.0,0.9996462165451467,1.0030213630630072,0.0,False,400,100,1,0.0005000000000000004,0.7159318740849122,0.11816667558020362
SpiralScanPath_10,Spiral,heldout,1,0.05,295.8578970294162,0.05037984806077569,A,8043a88ce18e19f1f851daa002766d4e7eae1df125289b3566ba5513eb9a4a1a,unused,7225d74a804414a3da6d0340778fe9e9433f1e65891837483dda409d2d2b86ec,56a50733a49376b8664cfbd2079ea286e4d14785b32c0b69ae5c4ca864d1ab4b,11.768422115619032,240,126,2900041,,0.12990121181055667,0.9997503870953389,1.0069222053658713,0.0,0.9997381898574514,1.0032116494865448,0.0,False,400,100,1,0.0005000000000000004,0.7159318740849122,0.18337254253953847
SpiralScanPath_10,Spiral,heldout,1,0.05,295.8578970294162,0.05037984806077569,B,8043a88ce18e19f1f851daa002766d4e7eae1df125289b3566ba5513eb9a4a1a,0d39b6deb05ed817e7f2ff2a1b2d76c2b141f0bd5badfffb3b83de673f98eb1d,841c18f5926002bfa1eeadb1b054ba4031f81dc9ead7d5b6b66a1cbbe8da452d,56a50733a49376b8664cfbd2079ea286e4d14785b32c0b69ae5c4ca864d1ab4b,11.768422115619032,240,126,2900041,1.0039521610971502,0.13132088604161127,0.9997634690319613,1.0069222053655604,0.0,0.9998943511104232,1.0063356955608156,0.0,False,400,100,1,0.0005000000000000004,0.7159318740849122,0.18337254253953847
SpiralScanPath_10,Spiral,heldout,1,0.05,295.8578970294162,0.05037984806077569,C,8043a88ce18e19f1f851daa002766d4e7eae1df125289b3566ba5513eb9a4a1a,0d39b6deb05ed817e7f2ff2a1b2d76c2b141f0bd5badfffb3b83de673f98eb1d,841c18f5926002bfa1eeadb1b054ba4031f81dc9ead7d5b6b66a1cbbe8da452d,56e02fc935b29877c2a3f0b18c27ebaaf5d798ca9eed2e331ee8b6054cd07379,0.6959309908702731,240,126,2900041,1.0039521610971502,0.03208356171817991,0.9997323813022565,1.0069222026653002,0.0,0.9995204124920718,1.0027035461468294,0.0,False,400,100,1,0.0005000000000000004,0.7159318740849122,0.18337254253953847
SpiralScanPath_10,Spiral,heldout,2,0.075,295.49248252229785,0.07516993202718912,A,4e3c687ec8d8a692c6cc2fbb7137861cff310cb21b1284dea106d6a893ac9922,unused,7225d74a804414a3da6d0340778fe9e9433f1e65891837483dda409d2d2b86ec,e9c88a4e2864af0cb4ffecfa8b9a47a9e74269696db2de6994a1778a98d81bcf,11.768422115619032,296,188,2900041,,0.1281952442894655,0.9997281778710542,1.006922205366273,0.0,0.9995029767807935,1.005838422356892,0.0,False,400,100,1,0.0005000000000000004,0.7159318740849122,0.3191761855527892
SpiralScanPath_10,Spiral,heldout,2,0.075,295.49248252229785,0.07516993202718912,B,4e3c687ec8d8a692c6cc2fbb7137861cff310cb21b1284dea106d6a893ac9922,1940c051468a1f0692dae29bc73820afa34537ede0e1eca63cb532b48ab3c0e9,218cdea6c4051358b3aa458138452e28e2086f5cb09545c84acd638b7c65649f,e9c88a4e2864af0cb4ffecfa8b9a47a9e74269696db2de6994a1778a98d81bcf,11.768422115619032,296,188,2900041,1.0052846303619756,0.13000806246037908,0.9997296682261609,1.0069222053653282,0.0,0.9996064754439589,1.0062433372216075,0.0,False,400,100,1,0.0005000000000000004,0.7159318740849122,0.3191761855527892
SpiralScanPath_10,Spiral,heldout,2,0.075,295.49248252229785,0.07516993202718912,C,4e3c687ec8d8a692c6cc2fbb7137861cff310cb21b1284dea106d6a893ac9922,1940c051468a1f0692dae29bc73820afa34537ede0e1eca63cb532b48ab3c0e9,218cdea6c4051358b3aa458138452e28e2086f5cb09545c84acd638b7c65649f,1a9ebf8add803dd00dbaea5cd12683715ae92f384bd65a80a6db448ef02063d0,0.8317346338835238,296,188,2900041,1.0052846303619756,0.03663258859696012,0.9997349766284428,1.0069222059324978,0.0,0.9996351425741332,1.004146573541625,0.0,False,400,100,1,0.0005000000000000004,0.7159318740849122,0.3191761855527892
SpiralScanPath_10,Spiral,heldout,3,0.1,295.10487498826063,0.10035985605757697,A,caa70c3a26048b293fdb1881377e849fbbca426839c8e28bb08d6a70c98245b3,unused,7225d74a804414a3da6d0340778fe9e9433f1e65891837483dda409d2d2b86ec,bd8f482ac836bea808a54eda1b6c4aafe76f2ea52fc2d4ff7d3d8e9670052bbd,11.768422115619032,359,251,2900041,,0.12809602799652942,0.9997426264502879,1.0069222053519455,0.0,0.9996149810433345,1.002774815768528,0.0,False,400,100,1,0.0005000000000000004,0.7159318740849122,0.4275590947200977
SpiralScanPath_10,Spiral,heldout,3,0.1,295.10487498826063,0.10035985605757697,B,caa70c3a26048b293fdb1881377e849fbbca426839c8e28bb08d6a70c98245b3,32521dd98287fb08b3c10668bc06dae8a75f82b96b904a2147f437fbad3d32de,dad81b5b216df31d120a0e7b76ee32bb1cfbb6fea0171e8c8e7ffe67ce50c975,bd8f482ac836bea808a54eda1b6c4aafe76f2ea52fc2d4ff7d3d8e9670052bbd,11.768422115619032,359,251,2900041,1.003352004800947,0.12940038112228072,0.9997426942399938,1.0069222053444167,0.0,0.9997176213619425,1.003060304625842,0.0,False,400,100,1,0.0005000000000000004,0.7159318740849122,0.4275590947200977
SpiralScanPath_10,Spiral,heldout,3,0.1,295.10487498826063,0.10035985605757697,C,caa70c3a26048b293fdb1881377e849fbbca426839c8e28bb08d6a70c98245b3,32521dd98287fb08b3c10668bc06dae8a75f82b96b904a2147f437fbad3d32de,dad81b5b216df31d120a0e7b76ee32bb1cfbb6fea0171e8c8e7ffe67ce50c975,287aba02047ee1889e85aff8cf24ecf6dd35afb11cfe7f021f74188e44e47e45,0.9401175430508323,359,251,2900041,1.003352004800947,0.03714493683482259,0.9997426264605217,1.006922206953206,0.0,0.999737907761044,1.0033123568952824,0.0,False,400,100,1,0.0005000000000000004,0.7159318740849122,0.4275590947200977
SpiralScanPath_10,Spiral,heldout,4,0.15,293.8718879236406,0.15033986405437824,A,64807d205c72db207cbca4ee5e3af2ec025a059d54302e0c774b1f8c01b83f06,unused,7225d74a804414a3da6d0340778fe9e9433f1e65891837483dda409d2d2b86ec,1311222ae27eb707dc251a4ef13e360769b64f4a03bd98d0871a70a191420500,11.768422115619032,481,376,2900041,,0.12645938998057096,0.999729668249558,1.006922205383296,0.0,0.9997254010474521,1.004276172753697,0.0,False,400,100,1,0.0005000000000000004,0.7159318740849122,0.701631493547741
SpiralScanPath_10,Spiral,heldout,4,0.15,293.8718879236406,0.15033986405437824,B,64807d205c72db207cbca4ee5e3af2ec025a059d54302e0c774b1f8c01b83f06,d91f38e83df1aaf4b20c8c82c36bb80c601af205fdf70682eb63690fb03860dd,64a139cc6623ffb580d9e9d79a117baecc3186094f808b9985fb05b13d35e013,1311222ae27eb707dc251a4ef13e360769b64f4a03bd98d0871a70a191420500,11.768422115619032,481,376,2900041,1.0072670375953001,0.12843020224874943,0.9997271873432254,1.0069222052407802,0.0,0.9996656589851485,1.0041842105369612,0.0,False,400,100,1,0.0005000000000000004,0.7159318740849122,0.701631493547741
SpiralScanPath_10,Spiral,heldout,4,0.15,293.8718879236406,0.15033986405437824,C,64807d205c72db207cbca4ee5e3af2ec025a059d54302e0c774b1f8c01b83f06,d91f38e83df1aaf4b20c8c82c36bb80c601af205fdf70682eb63690fb03860dd,64a139cc6623ffb580d9e9d79a117baecc3186094f808b9985fb05b13d35e013,20265aac9b99af93eb7066d6e37337551f1c3f4aed33f1d2a0df61c0a20345a5,1.2141899418784756,481,376,2900041,1.0072670375953001,0.04207181508175884,0.9997269069914829,1.0069222114187184,0.0,0.999598290600459,1.0046781385171786,0.0,False,400,100,1,0.0005000000000000004,0.7159318740849122,0.701631493547741
SpiralScanPath_10,Spiral,heldout,5,0.2,293.6064974707694,0.20031987205117952,A,ec142b1a440b35901d731d4f1dbba0af58490c858aef35633be213dc00af3a26,unused,7225d74a804414a3da6d0340778fe9e9433f1e65891837483dda409d2d2b86ec,909edac107cdbc632a4d4a96eaf6c77794d21621469b00bab21ba8170ba19d42,11.768422115619032,595,501,2900041,,0.12292473948988265,0.9997451920660197,1.0066803753795952,0.0,0.999719382281911,1.0064841512921374,0.0,False,400,100,1,0.0005000000000000004,0.7159318740849122,0.935567358108543
SpiralScanPath_10,Spiral,heldout,5,0.2,293.6064974707694,0.20031987205117952,B,ec142b1a440b35901d731d4f1dbba0af58490c858aef35633be213dc00af3a26,426c5a17604be1f3d7dffd8562fcf9d013a0d249c11210050915e7e85c4d09b0,f19e7ae3f91b525773ce46a67a79fac2bdc056cb5d2f739ad8489494dcfc114d,909edac107cdbc632a4d4a96eaf6c77794d21621469b00bab21ba8170ba19d42,11.768422115619032,595,501,2900041,1.0080449271555416,0.12489051658839682,0.9997376824940715,1.0066932565179676,0.0,0.9996588709735607,1.0037770685041776,0.0,False,400,100,1,0.0005000000000000004,0.7159318740849122,0.935567358108543
SpiralScanPath_10,Spiral,heldout,5,0.2,293.6064974707694,0.20031987205117952,C,ec142b1a440b35901d731d4f1dbba0af58490c858aef35633be213dc00af3a26,426c5a17604be1f3d7dffd8562fcf9d013a0d249c11210050915e7e85c4d09b0,f19e7ae3f91b525773ce46a67a79fac2bdc056cb5d2f739ad8489494dcfc114d,b961903e6d4c54bcbdf18b755629ac0707322feff1bcd1f71032d322b5415f6a,1.4481258064392775,595,501,2900041,1.0080449271555416,0.046739257714790004,0.9997389333275833,1.0073948134455315,0.0,0.9997092212567321,1.005525858655056,0.0,False,400,100,1,0.0005000000000000004,0.7159318740849122,0.935567358108543
SpiralScanPath_11,Spiral,heldout,0,0.03,296.3525026623504,0.03278688524590164,A,810293040b2639617e0382f7e9923db2a2118e0d7e795354c49412fa91a357fe,unused,51843fe9a946c17d27ac5ed095bde206cdf62fb535e53ae549d04f1de8a247de,08510263805bc53a22d5bdca775235721bc45cf2b6efd60c9b48219983b39d93,11.768422115619032,197,82,3000041,,0.13122051188872078,0.9997448588575436,1.0072981178021974,0.0,1.0000574368026662,1.0070393993678373,0.0,False,400,100,1,0.0005000000000000004,0.7159318740849122,0.11342764970749505
SpiralScanPath_11,Spiral,heldout,0,0.03,296.3525026623504,0.03278688524590164,B,810293040b2639617e0382f7e9923db2a2118e0d7e795354c49412fa91a357fe,25e75b5b4aefe825ccdf4d1a948c7b0309e7bfdcf40e880d53f343e62ca6524f,8247b78e7b472648cae98c005bb8e68342275b598fb39abed5b1ac4304cad4cf,08510263805bc53a22d5bdca775235721bc45cf2b6efd60c9b48219983b39d93,11.768422115619032,197,82,3000041,1.0039764350905886,0.1317876254838739,0.9997311465301175,1.0072981178014793,0.0,0.9999529349839489,1.0045774323947978,0.0,False,400,100,1,0.0005000000000000004,0.7159318740849122,0.11342764970749505
SpiralScanPath_11,Spiral,heldout,0,0.03,296.3525026623504,0.03278688524590164,C,810293040b2639617e0382f7e9923db2a2118e0d7e795354c49412fa91a357fe,25e75b5b4aefe825ccdf4d1a948c7b0309e7bfdcf40e880d53f343e62ca6524f,8247b78e7b472648cae98c005bb8e68342275b598fb39abed5b1ac4304cad4cf,45d89938ff07fc636302a3987abd869655de3a0261ac8ee1268e6595ccb6ba37,0.6259860980382297,197,82,3000041,1.0039764350905886,0.03111092449684163,0.9997374649954006,1.0072981191002235,0.0,0.999757122886867,1.0032392489533422,0.0,False,400,100,1,0.0005000000000000004,0.7159318740849122,0.11342764970749505
SpiralScanPath_11,Spiral,heldout,1,0.05,295.9246814710634,0.05037984806077569,A,696cbdeebb591afb3c26516757e9ee0cd0a27b119c5c6f9c8cde0bcbe81af3cb,unused,51843fe9a946c17d27ac5ed095bde206cdf62fb535e53ae549d04f1de8a247de,17df69423101ab09bc281765a12383b120abdd7e5ab5b7657aac88aa96b42a41,11.768422115619032,238,126,3000041,,0.12909437264215337,0.9997441159970959,1.0080135873484914,0.0,0.9998857988254559,1.0080135873484914,0.0,False,400,100,1,0.0005000000000000004,0.7159318740849122,0.18433698854194314
SpiralScanPath_11,Spiral,heldout,1,0.05,295.9246814710634,0.05037984806077569,B,696cbdeebb591afb3c26516757e9ee0cd0a27b119c5c6f9c8cde0bcbe81af3cb,6bff7e2804a6736897ba92bf9bd60256eeed59e648bbeef076fc9fd87c2b03f2,f38d9a96c7df39f4d38db306620232b7855c456c69ae45020e8efabf8b0b9ea5,17df69423101ab09bc281765a12383b120abdd7e5ab5b7657aac88aa96b42a41,11.768422115619032,238,126,3000041,1.0049473541269114,0.13021532896961022,0.9997315040090187,1.007298117802454,0.0,0.99973266586767,1.003199657202846,0.0,False,400,100,1,0.0005000000000000004,0.7159318740849122,0.18433698854194314
SpiralScanPath_11,Spiral,heldout,1,0.05,295.9246814710634,0.05037984806077569,C,696cbdeebb591afb3c26516757e9ee0cd0a27b119c5c6f9c8cde0bcbe81af3cb,6bff7e2804a6736897ba92bf9bd60256eeed59e648bbeef076fc9fd87c2b03f2,f38d9a96c7df39f4d38db306620232b7855c456c69ae45020e8efabf8b0b9ea5,0941e853509b131e8fd2b573aeaef0ea6a8d1e7acc4d91aefeb3d153e8681a6a,0.6968954368726777,238,126,3000041,1.0049473541269114,0.03328371719562683,0.9997257071076334,1.007298118151482,0.0,0.9997416772138106,1.0033752334793862,0.0,False,400,100,1,0.0005000000000000004,0.7159318740849122,0.18433698854194314
SpiralScanPath_11,Spiral,heldout,2,0.075,295.58043247639444,0.07516993202718912,A,3b03b424a35e4ca15565b35919d7581dbf25bd38a8eeef00eefb153e975bc1d2,unused,51843fe9a946c17d27ac5ed095bde206cdf62fb535e53ae549d04f1de8a247de,1092335839f2ccd6186040c39bca7b65a3f4a7624c8a8d96044c29a2a9e185f3,11.768422115619032,300,188,3000041,,0.12847629200556906,0.9997172819360995,1.0072981177994658,0.0,0.999609363979717,1.0050353679369117,0.0,False,400,100,1,0.0005000000000000004,0.7159318740849122,0.2993210086696836
SpiralScanPath_11,Spiral,heldout,2,0.075,295.58043247639444,0.07516993202718912,B,3b03b424a35e4ca15565b35919d7581dbf25bd38a8eeef00eefb153e975bc1d2,3efefbc8f7ecd23516a2ab9c6aba567925350a43ef05c148f191e9d84b566939,d68b3bfb672d6d91c0934e754f68ee9ad677c177c3e29387d5671e32b4f919fb,1092335839f2ccd6186040c39bca7b65a3f4a7624c8a8d96044c29a2a9e185f3,11.768422115619032,300,188,3000041,1.0040583417048652,0.1298054319541978,0.9997176006483517,1.0072981178008868,0.0,0.9996020534470953,1.005854004549937,0.0,False,400,100,1,0.0005000000000000004,0.7159318740849122,0.2993210086696836
SpiralScanPath_11,Spiral,heldout,2,0.075,295.58043247639444,0.07516993202718912,C,3b03b424a35e4ca15565b35919d7581dbf25bd38a8eeef00eefb153e975bc1d2,3efefbc8f7ecd23516a2ab9c6aba567925350a43ef05c148f191e9d84b566939,d68b3bfb672d6d91c0934e754f68ee9ad677c177c3e29387d5671e32b4f919fb,eb186174a46b7d5261ea72072759aa68d733fd6750279fb79e6ab1f23cf21a68,0.8118794570004182,300,188,3000041,1.0040583417048652,0.0353599864449928,0.999725707123782,1.0072981168232034,0.0,0.9996908363051763,1.0030007404618797,0.0,False,400,100,1,0.0005000000000000004,0.7159318740849122,0.2993210086696836
SpiralScanPath_11,Spiral,heldout,3,0.1,295.1876502234943,0.10035985605757697,A,2c4836b483ebc58af76e348e050d640a6d683548dfea2e3813d1a29bc795680d,unused,51843fe9a946c17d27ac5ed095bde206cdf62fb535e53ae549d04f1de8a247de,057ef377b3c7ea8e1452dcf283fa6bd68360aa3978e93f070b60fc5fe8d24405,11.768422115619032,361,251,3000041,,0.12724902864702745,0.9997129258857141,1.007298117810097,0.0,0.9996281379956152,1.003815373365738,0.0,False,400,100,1,0.0005000000000000004,0.7159318740849122,0.43922495910566334
SpiralScanPath_11,Spiral,heldout,3,0.1,295.1876502234943,0.10035985605757697,B,2c4836b483ebc58af76e348e050d640a6d683548dfea2e3813d1a29bc795680d,4a523a723e30ec5b0e58afed24567edce3d20666ed4267e4dc061ee26edb436a,9b58829c338cd2a06aeb7615789ab3afcdd4d8116769a22cba2eef573798042d,057ef377b3c7ea8e1452dcf283fa6bd68360aa3978e93f070b60fc5fe8d24405,11.768422115619032,361,251,3000041,1.0075057800554053,0.129207184042104,0.9997052726458634,1.0072981178058622,0.0,0.9995605669104576,1.005183963827837,0.0,False,400,100,1,0.0005000000000000004,0.7159318740849122,0.43922495910566334
SpiralScanPath_11,Spiral,heldout,3,0.1,295.1876502234943,0.10035985605757697,C,2c4836b483ebc58af76e348e050d640a6d683548dfea2e3813d1a29bc795680d,4a523a723e30ec5b0e58afed24567edce3d20666ed4267e4dc061ee26edb436a,9b58829c338cd2a06aeb7615789ab3afcdd4d8116769a22cba2eef573798042d,caff2dfe533f72224cf9e75f761b886f42876aff6c4f7fd755346299995429e5,0.951783407436398,361,251,3000041,1.0075057800554053,0.03799292836643605,0.9997161889658999,1.0072981168133541,0.0,0.999640471877282,1.0044296995375692,0.0,False,400,100,1,0.0005000000000000004,0.7159318740849122,0.43922495910566334
SpiralScanPath_11,Spiral,heldout,4,0.15,293.9572135185845,0.15033986405437824,A,5f3428ac947078591fec1e60a331abe8e6235cf45e80baddb254e2cfe3c5740d,unused,51843fe9a946c17d27ac5ed095bde206cdf62fb535e53ae549d04f1de8a247de,045793dbe5a26f753ce0a89cbef034e82a40f1562d393bf2b9e23060e1153699,11.768422115619032,480,376,3000041,,0.1273517531306006,0.9997387057802907,1.007773172304971,0.0,0.9997130578353957,1.0048587323089677,0.0,False,400,100,1,0.0005000000000000004,0.7159318740849122,0.6980686328282522
SpiralScanPath_11,Spiral,heldout,4,0.15,293.9572135185845,0.15033986405437824,B,5f3428ac947078591fec1e60a331abe8e6235cf45e80baddb254e2cfe3c5740d,a83be5182c160ae62a7fa4d634a23852fb619762ab9f52be074df0f7a5f1044f,eb934f398b0dd60d3de5d2e1a0797273992172f32a84d20bdb7aa23f3e918ec6,045793dbe5a26f753ce0a89cbef034e82a40f1562d393bf2b9e23060e1153699,11.768422115619032,480,376,3000041,1.0050532385168927,0.1291023248822348,0.9997460863541586,1.0072981164464274,0.0,0.9997798320773312,1.004902723384297,0.0,False,400,100,1,0.0005000000000000004,0.7159318740849122,0.6980686328282522
SpiralScanPath_11,Spiral,heldout,4,0.15,293.9572135185845,0.15033986405437824,C,5f3428ac947078591fec1e60a331abe8e6235cf45e80baddb254e2cfe3c5740d,a83be5182c160ae62a7fa4d634a23852fb619762ab9f52be074df0f7a5f1044f,eb934f398b0dd60d3de5d2e1a0797273992172f32a84d20bdb7aa23f3e918ec6,27abf2043501b7990ea3f1e2853aff238a53e9c59ac60b5427314c22f58cdc69,1.2106270811589865,480,376,3000041,1.0050532385168927,0.04305482121530246,0.9997385142134838,1.0072981161891779,0.0,0.9997769773422875,1.0055719949389241,0.0,False,400,100,1,0.0005000000000000004,0.7159318740849122,0.6980686328282522
SpiralScanPath_11,Spiral,heldout,5,0.2,293.6317176082199,0.20031987205117952,A,1f3df054a25607d74303166545497a44a6656627d8b1af358454ac2814855905,unused,51843fe9a946c17d27ac5ed095bde206cdf62fb535e53ae549d04f1de8a247de,ece6d13efaa9adc4f1f4a3e89e581e6e411c17898ebae16fec6e77388e1262cb,11.768422115619032,597,501,3000041,,0.12149949371215657,0.9997137220831884,1.0056135237825092,0.0,0.9996863790762752,1.0041171040482302,0.0,False,400,100,1,0.0005000000000000004,0.7159318740849122,0.9833092082021756
SpiralScanPath_11,Spiral,heldout,5,0.2,293.6317176082199,0.20031987205117952,B,1f3df054a25607d74303166545497a44a6656627d8b1af358454ac2814855905,8970195756dc736437ec6dca105bcee3700453fd1d902958b38cf866764cf52b,261d23d256708bb1872301392948ac197a17738d2eb290290826f412cb83b89b,ece6d13efaa9adc4f1f4a3e89e581e6e411c17898ebae16fec6e77388e1262cb,11.768422115619032,597,501,3000041,1.005169801987143,0.12373187074928349,0.9997167618722673,1.0054910200374265,0.0,0.9997066707219741,1.0046298834022396,0.0,False,400,100,1,0.0005000000000000004,0.7159318740849122,0.9833092082021756
SpiralScanPath_11,Spiral,heldout,5,0.2,293.6317176082199,0.20031987205117952,C,1f3df054a25607d74303166545497a44a6656627d8b1af358454ac2814855905,8970195756dc736437ec6dca105bcee3700453fd1d902958b38cf866764cf52b,261d23d256708bb1872301392948ac197a17738d2eb290290826f412cb83b89b,e298401ad38d2f67c0b125a7b30e0663726546dc6948dd41d7226288d924e2fe,1.4958676565329103,597,501,3000041,1.005169801987143,0.04742295392757082,0.999746340980201,1.0069779213267873,0.0,0.9997270641247379,1.0053124688212114,0.0,False,400,100,1,0.0005000000000000004,0.7159318740849122,0.9833092082021756
SpiralScanPath_12,Spiral,heldout,0,0.03,296.4285472031083,0.03078768492602959,A,f1976f1667bff5f8a36b478876436d24cb93960343b949de058cbc5cd2640801,unused,6330ac70169986c4978bc97b6ef08bc6539ee03e580ee88b9871d2da6245fca3,9243fd3d5a6f305622b3f4cfee0ddfb4d9a93119099341bcfa6451d5f77ba39e,11.768422115619032,191,77,3100041,,0.1329306830753413,0.9997475787378686,1.0083636285874602,0.0,1.000069069150148,1.0042818614744473,0.0,False,400,100,1,0.0005000000000000004,0.7159318740849122,0.11625377119787708
SpiralScanPath_12,Spiral,heldout,0,0.03,296.4285472031083,0.03078768492602959,B,f1976f1667bff5f8a36b478876436d24cb93960343b949de058cbc5cd2640801,ec5390b3477cfd2359681aab7a44aa204bff84ec39407c2487a0cecd50424503,7a8c4f586b86c7ff4e39ea55f13a629b7d7bcf994516a26b1aa1de20d693c7af,9243fd3d5a6f305622b3f4cfee0ddfb4d9a93119099341bcfa6451d5f77ba39e,11.768422115619032,191,77,3100041,1.0056083565408975,0.1331469114919767,0.9997372911044322,1.0061243447120214,0.0,0.9995352278034877,1.0021601451893003,0.0,False,400,100,1,0.0005000000000000004,0.7159318740849122,0.11625377119787708
SpiralScanPath_12,Spiral,heldout,0,0.03,296.4285472031083,0.03078768492602959,C,f1976f1667bff5f8a36b478876436d24cb93960343b949de058cbc5cd2640801,ec5390b3477cfd2359681aab7a44aa204bff84ec39407c2487a0cecd50424503,7a8c4f586b86c7ff4e39ea55f13a629b7d7bcf994516a26b1aa1de20d693c7af,0b0d848f5321f6aef3ffa546d588bb40e8c8af09c5033b33b526071adeb50cf3,0.6288122195286117,191,77,3100041,1.0056083565408975,0.030981474536631703,0.9997416788602361,1.006124346417252,0.0,0.9996084736991059,1.0027707004900503,0.0,False,400,100,1,0.0005000000000000004,0.7159318740849122,0.11625377119787708
SpiralScanPath_12,Spiral,heldout,1,0.05,296.0291877165216,0.05037984806077569,A,f5cbde4daf7533e150b33edb2996df1e769c2b52b52dc579c1708b0757ec8fa2,unused,6330ac70169986c4978bc97b6ef08bc6539ee03e580ee88b9871d2da6245fca3,567ae54ab84950c20b8b9ec068b49cfb61cad0d168766d776e35badae609c675,11.768422115619032,238,126,3100041,,0.13001733310506883,0.9997435311306625,1.0061243446882462,0.0,0.9999872927596919,1.0057456306075347,0.0,False,400,100,1,0.0005000000000000004,0.7159318740849122,0.18773702285393795
SpiralScanPath_12,Spiral,heldout,1,0.05,296.0291877165216,0.05037984806077569,B,f5cbde4daf7533e150b33edb2996df1e769c2b52b52dc579c1708b0757ec8fa2,69382202134a7405d7fb8505a687459f1ed6e2c7efbaa2914ff9f2554040f0af,65fdaea9a4ab6cda4863c283acd7337b752cba8455a73b701c3b3809d3f96d6a,567ae54ab84950c20b8b9ec068b49cfb61cad0d168766d776e35badae609c675,11.768422115619032,238,126,3100041,1.0031899992473197,0.13251101950103084,0.9997400247717988,1.0061243446846462,0.0,0.9998483856972021,1.003310700512969,0.0,False,400,100,1,0.0005000000000000004,0.7159318740849122,0.18773702285393795
SpiralScanPath_12,Spiral,heldout,1,0.05,296.0291877165216,0.05037984806077569,C,f5cbde4daf7533e150b33edb2996df1e769c2b52b52dc579c1708b0757ec8fa2,69382202134a7405d7fb8505a687459f1ed6e2c7efbaa2914ff9f2554040f0af,65fdaea9a4ab6cda4863c283acd7337b752cba8455a73b701c3b3809d3f96d6a,3901a1e9508ba39fd42cddf996cf2bed625d3aaa45d9757d1e0eebf6b1f710b7,0.7002954711846726,238,126,3100041,1.0031899992473197,0.034509770737521976,0.9997410637942088,1.0061243417680952,0.0,0.9997949409858355,1.002646603481709,0.0,False,400,100,1,0.0005000000000000004,0.7159318740849122,0.18773702285393795
SpiralScanPath_12,Spiral,heldout,2,0.075,295.6971924070116,0.07516993202718912,A,2c4d8f1acc40b6a747230ade3f03e8028a30208344384ec917237b643a29fff8,unused,6330ac70169986c4978bc97b6ef08bc6539ee03e580ee88b9871d2da6245fca3,7de31cac873e7a8b7de58a4502511f58495ca20e09b24d8d52c517bdfea40f17,11.768422115619032,297,188,3100041,,0.1299840341762385,0.9997416788600314,1.0068676496380369,0.0,0.9997770177965222,1.0068676496380369,0.0,False,400,100,1,0.0005000000000000004,0.7159318740849122,0.29375168192139767
SpiralScanPath_12,Spiral,heldout,2,0.075,295.6971924070116,0.07516993202718912,B,2c4d8f1acc40b6a747230ade3f03e8028a30208344384ec917237b643a29fff8,3d5482e53bffa5ac4c7933c4b567660cf41a66abc1cb6ab54ce5b95945a66f27,e095da69f705b5797b8599c75eb406fdcc2c272c410cbd55696c4794ad1d328f,7de31cac873e7a8b7de58a4502511f58495ca20e09b24d8d52c517bdfea40f17,11.768422115619032,297,188,3100041,1.0046229799053774,0.13038306475400854,0.9997372911042329,1.0065254148240261,0.0,0.9996987461450392,1.003222022078107,0.0,False,400,100,1,0.0005000000000000004,0.7159318740849122,0.29375168192139767
SpiralScanPath_12,Spiral,heldout,2,0.075,295.6971924070116,0.07516993202718912,C,2c4d8f1acc40b6a747230ade3f03e8028a30208344384ec917237b643a29fff8,3d5482e53bffa5ac4c7933c4b567660cf41a66abc1cb6ab54ce5b95945a66f27,e095da69f705b5797b8599c75eb406fdcc2c272c410cbd55696c4794ad1d328f,8f770ab5fd6a1e7eb71056a7e321a9cac2f360957ed6275a2d92aeca22fb237f,0.8063101302521323,297,188,3100041,1.0046229799053774,0.03494480283597927,0.9997354965498284,1.0061243438087784,0.0,0.9996786082816103,1.0037825704900234,0.0,False,400,100,1,0.0005000000000000004,0.7159318740849122,0.29375168192139767
SpiralScanPath_12,Spiral,heldout,3,0.1,295.2895117716579,0.10035985605757697,A,c0ffe93142e5d78f000d076a34efbb70ed252aab6a2ce1798c331320eaa3f0b4,unused,6330ac70169986c4978bc97b6ef08bc6539ee03e580ee88b9871d2da6245fca3,795bddf86b7fad1ee6d884ba242c5866f208db90868862703f0755c6f2fd28af,11.768422115619032,359,251,3100041,,0.12957875003355251,0.9997551274639966,1.0061243446944645,0.0,0.999794849892857,1.003829392532086,0.0,False,400,100,1,0.0005000000000000004,0.7159318740849122,0.4380038058970688
SpiralScanPath_12,Spiral,heldout,3,0.1,295.2895117716579,0.10035985605757697,B,c0ffe93142e5d78f000d076a34efbb70ed252aab6a2ce1798c331320eaa3f0b4,e123ccf14466ef9b20dcdb1d7bd883e4dde9e18786e0b20040c2b349e6b4a17d,4efdd26eee2fc1c7c2ccc4290fee2d1e58e878987e5bc111846c4189e9df1a3c,795bddf86b7fad1ee6d884ba242c5866f208db90868862703f0755c6f2fd28af,11.768422115619032,359,251,3100041,1.004305858854138,0.13128351489398551,0.9997451207681969,1.006124344697186,0.0,0.9997052428676826,1.0026186462095448,0.0,False,400,100,1,0.0005000000000000004,0.7159318740849122,0.4380038058970688
SpiralScanPath_12,Spiral,heldout,3,0.1,295.2895117716579,0.10035985605757697,C,c0ffe93142e5d78f000d076a34efbb70ed252aab6a2ce1798c331320eaa3f0b4,e123ccf14466ef9b20dcdb1d7bd883e4dde9e18786e0b20040c2b349e6b4a17d,4efdd26eee2fc1c7c2ccc4290fee2d1e58e878987e5bc111846c4189e9df1a3c,ab0fd6d5cebe97138078143e50673aa041feba06d831562536107ef3705dcfa0,0.9505622542278032,359,251,3100041,1.004305858854138,0.03887428803076534,0.999733153704777,1.006124345718481,0.0,0.9997056806438503,1.0039027373324776,0.0,False,400,100,1,0.0005000000000000004,0.7159318740849122,0.4380038058970688
SpiralScanPath_12,Spiral,heldout,4,0.15,293.99747057118356,0.15033986405437824,A,a4a6f3ec27cf4706aecad94ea950f450d296998a450ca06fa5307af15dabe53f,unused,6330ac70169986c4978bc97b6ef08bc6539ee03e580ee88b9871d2da6245fca3,abe02aff5e83107f4588b72410a1e938f45926a6bc55ca57c544c3ee42f4e6ad,11.768422115619032,477,376,3100041,,0.1272990560448591,0.999735683317153,1.0061243451134518,0.0,0.9997199328218435,1.0037142564131198,0.0,False,400,100,1,0.0005000000000000004,0.7159318740849122,0.7075382070153393
SpiralScanPath_12,Spiral,heldout,4,0.15,293.99747057118356,0.15033986405437824,B,a4a6f3ec27cf4706aecad94ea950f450d296998a450ca06fa5307af15dabe53f,2f8582a5472dcfbba932b6fd151cda98fd7639315196216c07215382afb7af62,5b04f7cd4d555ba45dc24da314b1c19a2e2ede39162954d0901ee88cd7f74acd,abe02aff5e83107f4588b72410a1e938f45926a6bc55ca57c544c3ee42f4e6ad,11.768422115619032,477,376,3100041,1.0069829570129767,0.12936485366871914,0.9997241536689956,1.0066247355290892,0.0,0.9996622541294711,1.0032620164175474,0.0,False,400,100,1,0.0005000000000000004,0.7159318740849122,0.7075382070153393
SpiralScanPath_12,Spiral,heldout,4,0.15,293.99747057118356,0.15033986405437824,C,a4a6f3ec27cf4706aecad94ea950f450d296998a450ca06fa5307af15dabe53f,2f8582a5472dcfbba932b6fd151cda98fd7639315196216c07215382afb7af62,5b04f7cd4d555ba45dc24da314b1c19a2e2ede39162954d0901ee88cd7f74acd,5ea59d8fe2da03204d87875d3d0de386a72e292c95e2e6e962e3f9c50853ca85,1.220096655346074,477,376,3100041,1.0069829570129767,0.04253384239040472,0.999741222708071,1.0061564614625829,0.0,0.999731652081031,1.0051870375933387,0.0,False,400,100,1,0.0005000000000000004,0.7159318740849122,0.7075382070153393
SpiralScanPath_12,Spiral,heldout,5,0.2,293.6695071355875,0.20031987205117952,A,91c3a8aa3315e58940fa19b94a1d36fe0d1628f8e485ccc466bddde92de27621,unused,6330ac70169986c4978bc97b6ef08bc6539ee03e580ee88b9871d2da6245fca3,bd8c7f4a1f9cc05a7488069c5b6185df538feee0eedc7e40e6ba1780317e1b46,11.768422115619032,596,501,3100041,,0.12362525880231467,0.9997298501071958,1.0062389987696538,0.0,0.9996433674199285,1.0054374592014577,0.0,False,400,100,1,0.0005000000000000004,0.7159318740849122,0.9288299503769031
SpiralScanPath_12,Spiral,heldout,5,0.2,293.6695071355875,0.20031987205117952,B,91c3a8aa3315e58940fa19b94a1d36fe0d1628f8e485ccc466bddde92de27621,bb748687aed3d316134d09c8fcff3eee52c08e4273f3e6e51f6b86f924c61d20,d1c2e119e5132b927e8e2b0d9835546abcc25fc0a66513590ef5a811619fd42e,bd8c7f4a1f9cc05a7488069c5b6185df538feee0eedc7e40e6ba1780317e1b46,11.768422115619032,596,501,3100041,1.0069231067110755,0.12746339112929636,0.9997436454089238,1.0062437930667747,0.0,0.9996704476605642,1.00590722313931,0.0,False,400,100,1,0.0005000000000000004,0.7159318740849122,0.9288299503769031
SpiralScanPath_12,Spiral,heldout,5,0.2,293.6695071355875,0.20031987205117952,C,91c3a8aa3315e58940fa19b94a1d36fe0d1628f8e485ccc466bddde92de27621,bb748687aed3d316134d09c8fcff3eee52c08e4273f3e6e51f6b86f924c61d20,d1c2e119e5132b927e8e2b0d9835546abcc25fc0a66513590ef5a811619fd42e,5cae2b923ad2788dd6f04a3470741be6a8b4c0ed622451bbb69977d2aee29e16,1.441388398707638,596,501,3100041,1.0069231067110755,0.04605492556402712,0.9997533599854428,1.0062170606251812,0.0,0.9996824846195133,1.005356768072105,0.0,False,400,100,1,0.0005000000000000004,0.7159318740849122,0.9288299503769031
SpiralScanPath_13,Spiral,development,0,0.03,296.4901280292387,0.027588964414234307,A,6ed5db051c48d0ee3f499512f3653f5d8ef122bba4b6b50dba88eb9d3d12255e,unused,0cd65491251275da04f0a365adc1a64922b2869d61ff144941568efabda3a0f8,489f4ee87d5882691c498d4125946fcfa1059e8f9f41eb2e7b2b34e7057dbea7,11.768422115619032,184,69,3200041,,0.13370146519502907,0.9997470634066749,1.0061904282378802,0.0,1.0000592626742917,1.00584939233361,0.0,False,400,100,1,0.0005000000000000004,0.7159318740849122,0.1114965654469804
SpiralScanPath_13,Spiral,development,0,0.03,296.4901280292387,0.027588964414234307,B,6ed5db051c48d0ee3f499512f3653f5d8ef122bba4b6b50dba88eb9d3d12255e,5828580e177bec00b121a6a86ea30e3051972b0a605dab516be7330b0249f730,83a871b06b7cbcdf51777d2183b88f90de1c5b941d37382af4c850789fc7f891,489f4ee87d5882691c498d4125946fcfa1059e8f9f41eb2e7b2b34e7057dbea7,11.768422115619032,184,69,3200041,1.0063200089037325,0.13505053781771334,0.9997390913240967,1.0057033414288938,0.0,1.0000266876690593,1.002850056149846,0.0,False,400,100,1,0.0005000000000000004,0.7159318740849122,0.1114965654469804
SpiralScanPath_13,Spiral,development,0,0.03,296.4901280292387,0.027588964414234307,C,6ed5db051c48d0ee3f499512f3653f5d8ef122bba4b6b50dba88eb9d3d12255e,5828580e177bec00b121a6a86ea30e3051972b0a605dab516be7330b0249f730,83a871b06b7cbcdf51777d2183b88f90de1c5b941d37382af4c850789fc7f891,4903b8a671344c48d7828c46fab3818c02104d0614fd8ef2a48f3db8caf1a7e8,0.624055013777715,184,69,3200041,1.0063200089037325,0.03253148731443981,0.9997382836789411,1.005481051277401,0.0,0.9999516941167108,1.0042492815261361,0.0,False,400,100,1,0.0005000000000000004,0.7159318740849122,0.1114965654469804
SpiralScanPath_13,Spiral,development,1,0.05,296.07893827293725,0.05037984806077569,A,756c92088fe168281d58950ceeefa862cbad282393e268961eb2beacdeb8a400,unused,0cd65491251275da04f0a365adc1a64922b2869d61ff144941568efabda3a0f8,0abc9364b011b80f76795f4cb09902718ceb599e07449e9afe33599405989ac7,11.768422115619032,239,126,3200041,,0.132216505719779,0.9997691887377776,1.005384719114472,0.0,1.000027416769971,1.0040032658698574,0.0,False,400,100,1,0.0005000000000000004,0.7159318740849122,0.19411768043685074
SpiralScanPath_13,Spiral,development,1,0.05,296.07893827293725,0.05037984806077569,B,756c92088fe168281d58950ceeefa862cbad282393e268961eb2beacdeb8a400,80e1333ca3519808c6c9938247d9c529022bfc605786af0ca665b27e996f319f,a2326d3a2b93f39b44ad27499c50c9aa4fbd9748de894df9c10ca59e3546f008,0abc9364b011b80f76795f4cb09902718ceb599e07449e9afe33599405989ac7,11.768422115619032,239,126,3200041,1.0055099492852841,0.1323065196930445,0.9997447206258597,1.0058988675234555,0.0,0.9996881512089034,1.0058988675234555,0.0,False,400,100,1,0.0005000000000000004,0.7159318740849122,0.19411768043685074
SpiralScanPath_13,Spiral,development,1,0.05,296.07893827293725,0.05037984806077569,C,756c92088fe168281d58950ceeefa862cbad282393e268961eb2beacdeb8a400,80e1333ca3519808c6c9938247d9c529022bfc605786af0ca665b27e996f319f,a2326d3a2b93f39b44ad27499c50c9aa4fbd9748de894df9c10ca59e3546f008,3b624b4a03a61492d637bef3ca1a972d233967a5a82c2499f272875a05f639ed,0.7066761287675853,239,126,3200041,1.0055099492852841,0.03302607405271954,0.9997443060666031,1.0057092660108211,0.0,0.9997448720521167,1.0029063333977275,0.0,False,400,100,1,0.0005000000000000004,0.7159318740849122,0.19411768043685074
SpiralScanPath_13,Spiral,development,2,0.075,295.7283075235065,0.07516993202718912,A,dac19ea84f335779f3f345c454f9a13bbb31bd9091609277533b422d2a895ff5,unused,0cd65491251275da04f0a365adc1a64922b2869d61ff144941568efabda3a0f8,8d973996cfe7cf765da28c6f894de0bb821e30e0053921e792384b261cc27b55,11.768422115619032,298,188,3200041,,0.1292310407134224,0.9997419708373433,1.005384719114472,0.0,0.9998147180296786,1.0036388006640031,0.0,False,400,100,1,0.0005000000000000004,0.7159318740849122,0.2845778808076529
SpiralScanPath_13,Spiral,development,2,0.075,295.7283075235065,0.07516993202718912,B,dac19ea84f335779f3f345c454f9a13bbb31bd9091609277533b422d2a895ff5,e54bb101bd05e02e835db330af54a0a4d7a39c5a29cef2b9fed70255a99cb4fa,14c9231ace369446e43874ea5bb22da0e19a36f0aec93cf5d5d63627f3110bc4,8d973996cfe7cf765da28c6f894de0bb821e30e0053921e792384b261cc27b55,11.768422115619032,298,188,3200041,1.0061579209981673,0.13068599296233588,0.9997326187469858,1.0053847191144738,0.0,0.9996776465448427,1.0042598243365224,0.0,False,400,100,1,0.0005000000000000004,0.7159318740849122,0.2845778808076529
SpiralScanPath_13,Spiral,development,2,0.075,295.7283075235065,0.07516993202718912,C,dac19ea84f335779f3f345c454f9a13bbb31bd9091609277533b422d2a895ff5,e54bb101bd05e02e835db330af54a0a4d7a39c5a29cef2b9fed70255a99cb4fa,14c9231ace369446e43874ea5bb22da0e19a36f0aec93cf5d5d63627f3110bc4,f7562b37e78ae17629fa56a1ab1286f785c16a878eec40dd7d5c21fa00482f1c,0.7971363291383875,298,188,3200041,1.0061579209981673,0.03478503264507423,0.9997250373292138,1.0053847188607905,0.0,0.9995814896125518,1.0037914642057237,0.0,False,400,100,1,0.0005000000000000004,0.7159318740849122,0.2845778808076529
SpiralScanPath_13,Spiral,development,3,0.1,295.3207723820381,0.10035985605757697,A,29a51da9456bddea1c55d3070239798da14218ac3b96b9138d04288364b2edf0,unused,0cd65491251275da04f0a365adc1a64922b2869d61ff144941568efabda3a0f8,e0d686a2a9c45cee7f4cc17fea2f14767b0440cf171e3f6e6a8ac36db1ddc9ee,11.768422115619032,360,251,3200041,,0.1304122025543138,0.9997563658202286,1.0058649476239077,0.0,0.9998403354115237,1.0058649476239077,0.0,False,400,100,1,0.0005000000000000004,0.7159318740849122,0.4273495734215868
SpiralScanPath_13,Spiral,development,3,0.1,295.3207723820381,0.10035985605757697,B,29a51da9456bddea1c55d3070239798da14218ac3b96b9138d04288364b2edf0,07a8c9da26b4da37a60b0943e92a56526c4d4281f7b7091a4f890c447cc016ef,b74d96e36b0f0a250947f78612343089c8f59deb13a4b84852c32380e07ae891,e0d686a2a9c45cee7f4cc17fea2f14767b0440cf171e3f6e6a8ac36db1ddc9ee,11.768422115619032,360,251,3200041,1.0037938396803783,0.13168800990144017,0.9997470634066763,1.0068718477295406,0.0,0.9996633999752161,1.0068718477295406,0.0,False,400,100,1,0.0005000000000000004,0.7159318740849122,0.4273495734215868
SpiralScanPath_13,Spiral,development,3,0.1,295.3207723820381,0.10035985605757697,C,29a51da9456bddea1c55d3070239798da14218ac3b96b9138d04288364b2edf0,07a8c9da26b4da37a60b0943e92a56526c4d4281f7b7091a4f890c447cc016ef,b74d96e36b0f0a250947f78612343089c8f59deb13a4b84852c32380e07ae891,4eb16c917b8498a759c261eb1c0d091716f6c6c69c4607c28befe771aeb91747,0.9399080217523215,360,251,3200041,1.0037938396803783,0.03873693198778515,0.9997247831823443,1.0053847206801825,0.0,0.9996565972774855,1.0046220003046427,0.0,False,400,100,1,0.0005000000000000004,0.7159318740849122,0.4273495734215868
SpiralScanPath_13,Spiral,development,4,0.15,294.05552981507384,0.15033986405437824,A,5000176f932223fd747da3d5541ef325299a1df7b916bdf752ed87f3f7f6cbbc,unused,0cd65491251275da04f0a365adc1a64922b2869d61ff144941568efabda3a0f8,4981e8e5b6039e0d27d4d918f08505af1543a49d15d2d4802cbb1b7ffd2cb4f3,11.768422115619032,479,376,3200041,,0.12894442636775366,0.9997455921989971,1.0053847191069871,0.0,0.9997957917392457,1.0053522813229472,0.0,False,400,100,1,0.0005000000000000004,0.7159318740849122,0.7129917936182375
SpiralScanPath_13,Spiral,development,4,0.15,294.05552981507384,0.15033986405437824,B,5000176f932223fd747da3d5541ef325299a1df7b916bdf752ed87f3f7f6cbbc,848f817b60f875d135ee4f8ee46ca0aee901108bac557029bf09d9e8b0026521,a79675ac536af0c6f65ab48ec6c9d65c86ba0e0aa6e61b4d1a7448736e314404,4981e8e5b6039e0d27d4d918f08505af1543a49d15d2d4802cbb1b7ffd2cb4f3,11.768422115619032,479,376,3200041,1.0042827626722208,0.13156957776169165,0.9997118794818481,1.0064709555826643,0.0,0.999639070996413,1.0064709555826643,0.0,False,400,100,1,0.0005000000000000004,0.7159318740849122,0.7129917936182375
SpiralScanPath_13,Spiral,development,4,0.15,294.05552981507384,0.15033986405437824,C,5000176f932223fd747da3d5541ef325299a1df7b916bdf752ed87f3f7f6cbbc,848f817b60f875d135ee4f8ee46ca0aee901108bac557029bf09d9e8b0026521,a79675ac536af0c6f65ab48ec6c9d65c86ba0e0aa6e61b4d1a7448736e314404,e416f12010176954e9aff5539551db28ee60e07b99918b4f6e36a99814a6ace3,1.225550241948972,479,376,3200041,1.0042827626722208,0.04217600394791362,0.999712556533559,1.0058777840471238,0.0,0.9995756884302596,1.0058753728206926,0.0,False,400,100,1,0.0005000000000000004,0.7159318740849122,0.7129917936182375
SpiralScanPath_13,Spiral,development,5,0.2,293.67704052112003,0.20031987205117952,A,ef9207bd1c09bf32e834a2bc0244842d5848bad339b920a0c2962d1664f919e5,unused,0cd65491251275da04f0a365adc1a64922b2869d61ff144941568efabda3a0f8,c0b30c25405533de062da3ea45506ed5cbbbe5de49f3cdf4414fe8c491081657,11.768422115619032,596,501,3200041,,0.1252925457291787,0.9997266987276572,1.005412387680551,0.0,0.9996437117234291,1.0048150843517554,0.0,False,400,100,1,0.0005000000000000004,0.7159318740849122,1.0152223183911295
SpiralScanPath_13,Spiral,development,5,0.2,293.67704052112003,0.20031987205117952,B,ef9207bd1c09bf32e834a2bc0244842d5848bad339b920a0c2962d1664f919e5,e19caacca11086b245f571a2398939e2d1dcc86d1386db0f2cff2f8f60386ef2,3d2e9c566d88cec3c0aa2781396c4972d39690b6b4cc1c7e1adf22cc243a9fb2,c0b30c25405533de062da3ea45506ed5cbbbe5de49f3cdf4414fe8c491081657,11.768422115619032,596,501,3200041,1.0070133903576963,0.12906448044212945,0.9997361552129471,1.0080459779886963,0.0,0.9996045197563252,1.0080459779886963,0.0,False,400,100,1,0.0005000000000000004,0.7159318740849122,1.0152223183911295
SpiralScanPath_13,Spiral,development,5,0.2,293.67704052112003,0.20031987205117952,C,ef9207bd1c09bf32e834a2bc0244842d5848bad339b920a0c2962d1664f919e5,e19caacca11086b245f571a2398939e2d1dcc86d1386db0f2cff2f8f60386ef2,3d2e9c566d88cec3c0aa2781396c4972d39690b6b4cc1c7e1adf22cc243a9fb2,875ae09663e6d0079287f4e79070cbc0f33199a41c04bfb325fdacb3d9258f67,1.527780766721864,596,501,3200041,1.0070133903576963,0.05061882769221136,0.9997562932093549,1.0054192977528018,0.0,0.9997478222981359,1.0047539656902835,0.0,False,400,100,1,0.0005000000000000004,0.7159318740849122,1.0152223183911295
SpiralScanPath_2,Spiral,heldout,0,0.03,294.77953556616137,0.03078768492602959,A,7a897eec2c38560c30e0729dc46d20802327cd6144e047dbf7be1efdeffba0d8,unused,091a728b183cfc41d036be46d8e32a8240df73a34ee9b2ed2f284d8ed5091a85,543d7802ee4efba8a7b54b0443d5fd30d49914c89f201132f9541e99f6e9c591,11.768422115619032,190,77,2100041,,0.13230159779094644,0.999725837103126,1.0060062267228793,0.0,0.999674196628092,1.0055017391437553,0.0,False,400,100,1,0.0005000000000000004,0.7159318740849122,0.14695205813597162
SpiralScanPath_2,Spiral,heldout,0,0.03,294.77953556616137,0.03078768492602959,B,7a897eec2c38560c30e0729dc46d20802327cd6144e047dbf7be1efdeffba0d8,71bcfc33b61b75728d7dc03262aef1c6c69f1aaee099ec2dc9739ffd7a4506cc,fdd48b9cf7ada2edf1acd120873cfc3bb5d0cd8ec9f911b7bbf9eae5399f2148,543d7802ee4efba8a7b54b0443d5fd30d49914c89f201132f9541e99f6e9c591,11.768422115619032,190,77,2100041,1.0035447331925602,0.13242338128831735,0.9997148501020213,1.0060062267228789,0.0,0.9995191751082251,1.004884502220896,0.0,False,400,100,1,0.0005000000000000004,0.7159318740849122,0.14695205813597162
SpiralScanPath_2,Spiral,heldout,0,0.03,294.77953556616137,0.03078768492602959,C,7a897eec2c38560c30e0729dc46d20802327cd6144e047dbf7be1efdeffba0d8,71bcfc33b61b75728d7dc03262aef1c6c69f1aaee099ec2dc9739ffd7a4506cc,fdd48b9cf7ada2edf1acd120873cfc3bb5d0cd8ec9f911b7bbf9eae5399f2148,42210ee61aa57460ff53341b8c6549edbe6d566d193964c1b7c1679f457592f5,0.6595105064667063,190,77,2100041,1.0035447331925602,0.03277918562387329,0.9997210387764882,1.0060062267223822,0.0,0.9996624083200868,1.0028777687166173,0.0,False,400,100,1,0.0005000000000000004,0.7159318740849122,0.14695205813597162
SpiralScanPath_2,Spiral,heldout,1,0.05,294.3823330803093,0.05037984806077569,A,bd95f6f53425aa96919ea9e46bf0d5eb4dce8b7ca03ff3aa18b51b3fc8220708,unused,091a728b183cfc41d036be46d8e32a8240df73a34ee9b2ed2f284d8ed5091a85,4a4664a7576e63363eda082e8901c200e6c4ec08e895da6062f6a3b478bd28e5,11.768422115619032,238,126,2100041,,0.13012864642285518,0.99971071725501,1.0060062267228793,0.0,0.9997061820435091,1.002824118869494,0.0,False,400,100,1,0.0005000000000000004,0.7159318740849122,0.25088121912372474
SpiralScanPath_2,Spiral,heldout,1,0.05,294.3823330803093,0.05037984806077569,B,bd95f6f53425aa96919ea9e46bf0d5eb4dce8b7ca03ff3aa18b51b3fc8220708,e6f7333cc77a36aef24124093496b5f29f6221581da3a9898b92c6583a944888,72c3385ecae09f63c655237fb93b057af81dc3d33bef41914d0b4bff4d171524,4a4664a7576e63363eda082e8901c200e6c4ec08e895da6062f6a3b478bd28e5,11.768422115619032,238,126,2100041,1.004945977898813,0.13293410153953794,0.9997015136097505,1.0060062267228789,0.0,0.999683198467118,1.0057748463204812,0.0,False,400,100,1,0.0005000000000000004,0.7159318740849122,0.25088121912372474
SpiralScanPath_2,Spiral,heldout,1,0.05,294.3823330803093,0.05037984806077569,C,bd95f6f53425aa96919ea9e46bf0d5eb4dce8b7ca03ff3aa18b51b3fc8220708,e6f7333cc77a36aef24124093496b5f29f6221581da3a9898b92c6583a944888,72c3385ecae09f63c655237fb93b057af81dc3d33bef41914d0b4bff4d171524,e46e04e3f9ac142e344610e785cb5a13e82e13d313982ed14a0179007e22606d,0.7634396674544593,238,126,2100041,1.004945977898813,0.036977995706747,0.999707097697949,1.0060062267207261,0.0,0.9996173785933469,1.0043044662610525,0.0,False,400,100,1,0.0005000000000000004,0.7159318740849122,0.25088121912372474
SpiralScanPath_2,Spiral,heldout,2,0.075,294.01754742628884,0.07516993202718912,A,ce5b31c94149c5e5654cbc3db4889dea4b947f66c39db5f0437efcf5a5ccbfa6,unused,091a728b183cfc41d036be46d8e32a8240df73a34ee9b2ed2f284d8ed5091a85,5661bb9393be71093f8acc4043931d36de63856ab9b3dbaca6e76ae18bee6185,11.768422115619032,298,188,2100041,,0.12938802594712576,0.9997064253120177,1.0060062252908033,0.0,0.9996367798574235,1.0021773006332195,0.0,False,400,100,1,0.0005000000000000004,0.7159318740849122,0.3441914906601529
SpiralScanPath_2,Spiral,heldout,2,0.075,294.01754742628884,0.07516993202718912,B,ce5b31c94149c5e5654cbc3db4889dea4b947f66c39db5f0437efcf5a5ccbfa6,eddbfa77b421bb06a7ba3e133ca88c2c556004c3ca1b36bbb2c0853ce2f5f029,cf1ec182b0da4c10cf5d8f2ed0c81589e8affa5895aeda23701d390e8e033104,5661bb9393be71093f8acc4043931d36de63856ab9b3dbaca6e76ae18bee6185,11.768422115619032,298,188,2100041,1.0021256210615568,0.13145754365341808,0.999722860040199,1.0060062255894058,0.0,0.9998736383344053,1.0039631268626847,0.0,False,400,100,1,0.0005000000000000004,0.7159318740849122,0.3441914906601529
SpiralScanPath_2,Spiral,heldout,2,0.075,294.01754742628884,0.07516993202718912,C,ce5b31c94149c5e5654cbc3db4889dea4b947f66c39db5f0437efcf5a5ccbfa6,eddbfa77b421bb06a7ba3e133ca88c2c556004c3ca1b36bbb2c0853ce2f5f029,cf1ec182b0da4c10cf5d8f2ed0c81589e8affa5895aeda23701d390e8e033104,f3991921f311bdd3a8c339429b295286250355de76abdb417ef1399ae46dea0a,0.8567499389908876,298,188,2100041,1.0021256210615568,0.03699903697963683,0.9997107979780774,1.0060062328882649,0.0,0.999654537854751,1.0037112129823742,0.0,False,400,100,1,0.0005000000000000004,0.7159318740849122,0.3441914906601529
SpiralScanPath_2,Spiral,heldout,3,0.1,293.71529417871386,0.10035985605757697,A,ba7bff1de16c981414760243cfc076a38826067862fde3b019022135a099fb06,unused,091a728b183cfc41d036be46d8e32a8240df73a34ee9b2ed2f284d8ed5091a85,ad98a546605d45f5714d9b098f4576ea70dc2d9897578cd712a3093ff66c6c16,11.768422115619032,359,251,2100041,,0.12774099398580477,0.9997139269823248,1.0072150185625641,0.0,0.9995603660511132,1.0063729709423197,0.0,False,400,100,1,0.0005000000000000004,0.7159318740849122,0.45613465249461543
SpiralScanPath_2,Spiral,heldout,3,0.1,293.71529417871386,0.10035985605757697,B,ba7bff1de16c981414760243cfc076a38826067862fde3b019022135a099fb06,bbefd47852e67cae7fcecbf567eb87c6b0eed819575b4cd2ce1979d3306f7026,5028724914cdc66ffe21b61c20697e03b24c65a6c34cc490413fac5943a43993,ad98a546605d45f5714d9b098f4576ea70dc2d9897578cd712a3093ff66c6c16,11.768422115619032,359,251,2100041,1.0047701385065158,0.12961880470352913,0.9997241697554408,1.0071671324958482,0.0,0.9997564443183344,1.0048282605604482,0.0,False,400,100,1,0.0005000000000000004,0.7159318740849122,0.45613465249461543
SpiralScanPath_2,Spiral,heldout,3,0.1,293.71529417871386,0.10035985605757697,C,ba7bff1de16c981414760243cfc076a38826067862fde3b019022135a099fb06,bbefd47852e67cae7fcecbf567eb87c6b0eed819575b4cd2ce1979d3306f7026,5028724914cdc66ffe21b61c20697e03b24c65a6c34cc490413fac5943a43993,271e60c584a67ab9556c3d25a9ff37d89ffacb8fdc40980b60626d126e62198f,0.9686931008253502,359,251,2100041,1.0047701385065158,0.03955041032431438,0.9997464945482971,1.0089107116929679,0.0,0.9998242835663342,1.0089107116929679,0.0,False,400,100,1,0.0005000000000000004,0.7159318740849122,0.45613465249461543
SpiralScanPath_2,Spiral,heldout,4,0.15,293.54137779612887,0.15033986405437824,A,32a29762c20cfc96ff42e1d6d799a7feba4f52d05c30ec6c6c499164be76ec58,unused,091a728b183cfc41d036be46d8e32a8240df73a34ee9b2ed2f284d8ed5091a85,05c4bab90748c205eef51f5c07e83db986e58e525a292d586f0fa8ba06d5c2f4,11.768422115619032,481,376,2100041,,0.12094428232930433,0.9997302623854317,1.006412740639302,0.0,0.9996869795472172,1.0054705386952523,0.0,False,400,100,1,0.0005000000000000004,0.7159318740849122,0.6788166380226526
SpiralScanPath_2,Spiral,heldout,4,0.15,293.54137779612887,0.15033986405437824,B,32a29762c20cfc96ff42e1d6d799a7feba4f52d05c30ec6c6c499164be76ec58,6d2f4529345b7c0d250d34259f4d245d9b2f84e6b9292f4ab49622439af0fa08,c9533ada9422aa6349aa573c17cb2f854934821eb1cf290eb745734b7207f9ed,05c4bab90748c205eef51f5c07e83db986e58e525a292d586f0fa8ba06d5c2f4,11.768422115619032,481,376,2100041,1.0073278571343625,0.12135765415758847,0.9997442938983472,1.006201025892973,0.0,0.9997218854884005,1.0039917851416817,0.0,False,400,100,1,0.0005000000000000004,0.7159318740849122,0.6788166380226526
SpiralScanPath_2,Spiral,heldout,4,0.15,293.54137779612887,0.15033986405437824,C,32a29762c20cfc96ff42e1d6d799a7feba4f52d05c30ec6c6c499164be76ec58,6d2f4529345b7c0d250d34259f4d245d9b2f84e6b9292f4ab49622439af0fa08,c9533ada9422aa6349aa573c17cb2f854934821eb1cf290eb745734b7207f9ed,4addf0354f0bef6737fc92313ab566d39421fa2b22174638b6752c33d569cae2,1.191375086353387,481,376,2100041,1.0073278571343625,0.04202324875953491,0.9997534077752356,1.0062389359952615,0.0,0.9997019566379524,1.003965129006109,0.0,False,400,100,1,0.0005000000000000004,0.7159318740849122,0.6788166380226526
SpiralScanPath_2,Spiral,heldout,5,0.2,293.45303391426967,0.20031987205117952,A,ca14c3773ec004b844c4bce63a44ef1873b5c6d32ea7b328ec1255350d54a18d,unused,091a728b183cfc41d036be46d8e32a8240df73a34ee9b2ed2f284d8ed5091a85,559fea8bbd32ba1fa908a153a617dd1816291f9e9364122c410b004121420b6a,11.768422115619032,596,501,2100041,,0.12001753128227749,0.9998119870750598,1.0068594078504323,0.0,0.9998413282716844,1.0056996024062068,0.0,False,400,100,1,0.0005000000000000004,0.7159318740849122,0.8735578016255677
SpiralScanPath_2,Spiral,heldout,5,0.2,293.45303391426967,0.20031987205117952,B,ca14c3773ec004b844c4bce63a44ef1873b5c6d32ea7b328ec1255350d54a18d,857e91e0735d09762b400035b15d33e773e841310e5d402f97e4361c2c314211,4e266ddb655fef4db48868f3a5ca8c78bd13d8ff088c1949a35a6ddf8ef92d4f,559fea8bbd32ba1fa908a153a617dd1816291f9e9364122c410b004121420b6a,11.768422115619032,596,501,2100041,1.0051967573074636,0.12116858331638916,0.9998118420199814,1.0088953731202444,0.0,0.9998674082576439,1.0088953731202444,0.0,False,400,100,1,0.0005000000000000004,0.7159318740849122,0.8735578016255677
SpiralScanPath_2,Spiral,heldout,5,0.2,293.45303391426967,0.20031987205117952,C,ca14c3773ec004b844c4bce63a44ef1873b5c6d32ea7b328ec1255350d54a18d,857e91e0735d09762b400035b15d33e773e841310e5d402f97e4361c2c314211,4e266ddb655fef4db48868f3a5ca8c78bd13d8ff088c1949a35a6ddf8ef92d4f,61285d1bea30242b5c1d1f811f7d0ff09c2d0adc31e0f6f096627ac7fa219382,1.3861162499563024,596,501,2100041,1.0051967573074636,0.04528212925566691,0.9997491539381588,1.0067072832783888,0.0,0.9996938797415107,1.0067072832783888,0.0,False,400,100,1,0.0005000000000000004,0.7159318740849122,0.8735578016255677
SpiralScanPath_3,Spiral,heldout,0,0.03,295.09034972544174,0.03358656537385046,A,23b24934a383ac42c97147dba3d83fc7cfd8ffbcfa18a1ca6c4903010f07e91b,unused,58c6fbbebfb80a4511a462abc51ebf24537a0c913aa4b797553781ab3ab649c9,6b3decedc037e2ba4307d7de2361a95cdc692b965989838608880dd40e913dc5,11.768422115619032,198,84,2200041,,0.13296695141205955,0.9997795028494171,1.0064204725088743,0.0,0.99951066835709,1.0048722479394852,0.0,False,400,100,1,0.0005000000000000004,0.7159318740849122,0.13601636475813525
SpiralScanPath_3,Spiral,heldout,0,0.03,295.09034972544174,0.03358656537385046,B,23b24934a383ac42c97147dba3d83fc7cfd8ffbcfa18a1ca6c4903010f07e91b,74f4376a23f3cb09c93bbc045a27fa096b882de4452eb9dea97f40fb4cfa1770,4849cdc1146541c6db9fc95fa1d38e6f23f70e6c246ca5cb340e2f746a172966,6b3decedc037e2ba4307d7de2361a95cdc692b965989838608880dd40e913dc5,11.768422115619032,198,84,2200041,1.0070863020992922,0.13421092586087519,0.9997729495098022,1.0064194568110354,0.0,0.9995452247926493,1.0034637082757396,0.0,False,400,100,1,0.0005000000000000004,0.7159318740849122,0.13601636475813525
SpiralScanPath_3,Spiral,heldout,0,0.03,295.09034972544174,0.03358656537385046,C,23b24934a383ac42c97147dba3d83fc7cfd8ffbcfa18a1ca6c4903010f07e91b,74f4376a23f3cb09c93bbc045a27fa096b882de4452eb9dea97f40fb4cfa1770,4849cdc1146541c6db9fc95fa1d38e6f23f70e6c246ca5cb340e2f746a172966,80e4e120ba89186803d1c257259423a8fbe85536f86ab6b4e0579aebb30b4754,0.6485748130888699,198,84,2200041,1.0070863020992922,0.03278142845346663,0.9997746968326092,1.006418721092063,0.0,0.9995570194900891,1.0044241822776399,0.0,False,400,100,1,0.0005000000000000004,0.7159318740849122,0.13601636475813525
SpiralScanPath_3,Spiral,heldout,1,0.05,294.80104010070636,0.05037984806077569,A,d4d3e3a81e06c07f296efcced66030191a9d0eb85f14944fcffc68537c5769a3,unused,58c6fbbebfb80a4511a462abc51ebf24537a0c913aa4b797553781ab3ab649c9,51e321c27446073852242f31a6c2818e6a9f74266651853e913a91b14d4b7d2a,11.768422115619032,236,126,2200041,,0.13253615174254416,0.9997620650530613,1.006417458235987,0.0,0.9995899663701552,1.0050688413471798,0.0,False,400,100,1,0.0005000000000000004,0.7159318740849122,0.21404520736173568
SpiralScanPath_3,Spiral,heldout,1,0.05,294.80104010070636,0.05037984806077569,B,d4d3e3a81e06c07f296efcced66030191a9d0eb85f14944fcffc68537c5769a3,20dc6cbc90089cebf942fbec98a81e62fadbbaa4bffd6ac9762150762f1db543,7b37ba60b65f7a9baab5f96d6d9e47062fefc8beb0fd39b161d17aee8bbf3a8b,51e321c27446073852242f31a6c2818e6a9f74266651853e913a91b14d4b7d2a,11.768422115619032,236,126,2200041,1.0016417326463802,0.13411268963390185,0.9997566018730201,1.0064141085634832,0.0,0.9995432116216942,1.0031353746897582,0.0,False,400,100,1,0.0005000000000000004,0.7159318740849122,0.21404520736173568
SpiralScanPath_3,Spiral,heldout,1,0.05,294.80104010070636,0.05037984806077569,C,d4d3e3a81e06c07f296efcced66030191a9d0eb85f14944fcffc68537c5769a3,20dc6cbc90089cebf942fbec98a81e62fadbbaa4bffd6ac9762150762f1db543,7b37ba60b65f7a9baab5f96d6d9e47062fefc8beb0fd39b161d17aee8bbf3a8b,b6cabfdf83849065fa5442df0a487868e1d79f9d3384a2c40914d5b9863be5c5,0.7266036556924703,236,126,2200041,1.0016417326463802,0.034416452981793445,0.9997636482497585,1.0064164442853212,0.0,0.9994477886562361,1.0045747241313896,0.0,False,400,100,1,0.0005000000000000004,0.7159318740849122,0.21404520736173568
SpiralScanPath_3,Spiral,heldout,2,0.075,294.4608192919309,0.07516993202718912,A,6ebac85d6fe481a35b3dee5ab801d6ee6f5a1b81f0d5e979701a673b478d58c7,unused,58c6fbbebfb80a4511a462abc51ebf24537a0c913aa4b797553781ab3ab649c9,05a84ddf1e57e653438cb2fb77379a45eb8d1e4ccb10391a5698d4188f7ca731,11.768422115619032,298,188,2200041,,0.13279815466626907,0.9997589043886959,1.006428524858473,0.0,0.9995883969943947,1.0037447986503643,0.0,False,400,100,1,0.0005000000000000004,0.7159318740849122,0.3238662522939624
SpiralScanPath_3,Spiral,heldout,2,0.075,294.4608192919309,0.07516993202718912,B,6ebac85d6fe481a35b3dee5ab801d6ee6f5a1b81f0d5e979701a673b478d58c7,29b2c0fb3979eece72b6daacf1194802bd9495ba83783e5b0d419cfa7d3d7cb0,6fb966b30e2720513a01d56046b39312701f307b8d894042543843c9ab8fbff8,05a84ddf1e57e653438cb2fb77379a45eb8d1e4ccb10391a5698d4188f7ca731,11.768422115619032,298,188,2200041,1.0041020443098012,0.13465630393892727,0.9997743461498194,1.0064341860504682,0.0,0.9997517330170752,1.0042704211463824,0.0,False,400,100,1,0.0005000000000000004,0.7159318740849122,0.3238662522939624
SpiralScanPath_3,Spiral,heldout,2,0.075,294.4608192919309,0.07516993202718912,C,6ebac85d6fe481a35b3dee5ab801d6ee6f5a1b81f0d5e979701a673b478d58c7,29b2c0fb3979eece72b6daacf1194802bd9495ba83783e5b0d419cfa7d3d7cb0,6fb966b30e2720513a01d56046b39312701f307b8d894042543843c9ab8fbff8,5c037d298a0df07aa5af339f375b367c48076600ecac7f1d4a79c73132887626,0.836424700624697,298,188,2200041,1.0041020443098012,0.035150368224993976,0.9997541869121709,1.0064223526509586,0.0,0.9995535336381878,1.0039918506691383,0.0,False,400,100,1,0.0005000000000000004,0.7159318740849122,0.3238662522939624
SpiralScanPath_3,Spiral,heldout,3,0.1,293.8391900019463,0.10035985605757697,A,8195bafe29e27b2ca1f00f8c1cbc57adadbb9961b5dd81ef72793cbe3989079c,unused,58c6fbbebfb80a4511a462abc51ebf24537a0c913aa4b797553781ab3ab649c9,ad9996a10633c60ed814d954136fd9b648adaee562a454f6770863a3e467a83d,11.768422115619032,360,251,2200041,,0.13203893506959163,0.9997540427002071,1.0065171056041773,0.0,0.9996138754359165,1.0035226256602665,0.0,False,400,100,1,0.0005000000000000004,0.7159318740849122,0.4930382088062068
SpiralScanPath_3,Spiral,heldout,3,0.1,293.8391900019463,0.10035985605757697,B,8195bafe29e27b2ca1f00f8c1cbc57adadbb9961b5dd81ef72793cbe3989079c,c778b29379f1fbcb8da5b25d33663e21b309cfe8f8e47d9f8b0777e1eacbbec4,c047e198b3ebe7b6d5ee2e1403d3aeb329ae5d5c7a6adff69afbfc18a994cefa,ad9996a10633c60ed814d954136fd9b648adaee562a454f6770863a3e467a83d,11.768422115619032,360,251,2200041,1.0034387713085802,0.1336353587249255,0.9997649387801554,1.0065129852812913,0.0,0.9997138515283849,1.0045368402567973,0.0,False,400,100,1,0.0005000000000000004,0.7159318740849122,0.4930382088062068
SpiralScanPath_3,Spiral,heldout,3,0.1,293.8391900019463,0.10035985605757697,C,8195bafe29e27b2ca1f00f8c1cbc57adadbb9961b5dd81ef72793cbe3989079c,c778b29379f1fbcb8da5b25d33663e21b309cfe8f8e47d9f8b0777e1eacbbec4,c047e198b3ebe7b6d5ee2e1403d3aeb329ae5d5c7a6adff69afbfc18a994cefa,7fd2903523d3be661a27445581eccb1c41a15deafa97e33fe77ea658abf0149d,1.0055966571369412,360,251,2200041,1.0034387713085802,0.0397306877475464,0.9997620649598903,1.006504155410133,0.0,0.9996520441520983,1.005826056638795,0.0,False,400,100,1,0.0005000000000000004,0.7159318740849122,0.4930382088062068
SpiralScanPath_3,Spiral,heldout,4,0.15,293.5693748304214,0.15033986405437824,A,de89e266cc362b73064046749eee3637fd3c80e78d982eb10b931c1537f51f20,unused,58c6fbbebfb80a4511a462abc51ebf24537a0c913aa4b797553781ab3ab649c9,d1b6e65b47d8cfcf5d325e0e3b6d3be7cdf5973f334ab92042f13dba6465ea80,11.768422115619032,479,376,2200041,,0.12628420007953942,0.9997780427704158,1.0077148910161389,0.0,0.999765605941708,1.0077148910161389,0.0,False,400,100,1,0.0005000000000000004,0.7159318740849122,0.7254975136981683
SpiralScanPath_3,Spiral,heldout,4,0.15,293.5693748304214,0.15033986405437824,B,de89e266cc362b73064046749eee3637fd3c80e78d982eb10b931c1537f51f20,f5836a8929d76342948f81dda75af337613dd6cf60c224c13e177ebbd173d181,f809ab86b86df920b438929c0f2d43adf8a49d7be4c9f6bd4e86bd99cc60c116,d1b6e65b47d8cfcf5d325e0e3b6d3be7cdf5973f334ab92042f13dba6465ea80,11.768422115619032,479,376,2200041,1.0058667894713804,0.1286199295505848,0.999776075855627,1.007694673090452,0.0,0.9998717404191239,1.007694673090452,0.0,False,400,100,1,0.0005000000000000004,0.7159318740849122,0.7254975136981683
SpiralScanPath_3,Spiral,heldout,4,0.15,293.5693748304214,0.15033986405437824,C,de89e266cc362b73064046749eee3637fd3c80e78d982eb10b931c1537f51f20,f5836a8929d76342948f81dda75af337613dd6cf60c224c13e177ebbd173d181,f809ab86b86df920b438929c0f2d43adf8a49d7be4c9f6bd4e86bd99cc60c116,df4beaff9f6020b754387f1303baa6a79bb5e932b99d740c2f70b529612724e4,1.238055962028903,479,376,2200041,1.0058667894713804,0.04655342442925552,0.9997755801744542,1.0072368355717403,0.0,0.9997860650667101,1.0063057094696652,0.0,False,400,100,1,0.0005000000000000004,0.7159318740849122,0.7254975136981683
SpiralScanPath_3,Spiral,heldout,5,0.2,293.4810768600913,0.20031987205117952,A,41a103f0b89c13fb15fb9e2474576a731a7147431bdbc07337b55a0e3d878a6e,unused,58c6fbbebfb80a4511a462abc51ebf24537a0c913aa4b797553781ab3ab649c9,8b8f3347d9356c52006ded71369c6827cb62b40555e6b48a51411ed27b470799,11.768422115619032,598,501,2200041,,0.12048878115456901,0.9997806760139799,1.007432739787312,0.0,0.9997364141824538,1.007432739787312,0.0,False,400,100,1,0.0005000000000000004,0.7159318740849122,0.916034561711526
SpiralScanPath_3,Spiral,heldout,5,0.2,293.4810768600913,0.20031987205117952,B,41a103f0b89c13fb15fb9e2474576a731a7147431bdbc07337b55a0e3d878a6e,4da6b9632373614d07d1b0d889aa0fee90c2179ea34f9d2679e842131a755b48,9f93c7a63b98483cdb053ff4256e6d03df183cddb0cbef573922c94e7e6dd090,8b8f3347d9356c52006ded71369c6827cb62b40555e6b48a51411ed27b470799,11.768422115619032,598,501,2200041,1.0077719377150272,0.12222619926250596,0.9997901223498104,1.0059747979343607,0.0,0.9997085616338359,1.005201462599354,0.0,False,400,100,1,0.0005000000000000004,0.7159318740849122,0.916034561711526
SpiralScanPath_3,Spiral,heldout,5,0.2,293.4810768600913,0.20031987205117952,C,41a103f0b89c13fb15fb9e2474576a731a7147431bdbc07337b55a0e3d878a6e,4da6b9632373614d07d1b0d889aa0fee90c2179ea34f9d2679e842131a755b48,9f93c7a63b98483cdb053ff4256e6d03df183cddb0cbef573922c94e7e6dd090,dda3a3ceaab5af75b72eb0160c6ac534297ec52d4ca79360cf1fc5d5e1cf385f,1.4285930100422608,598,501,2200041,1.0077719377150272,0.04625034936759561,0.9997795221966534,1.0074610623797111,0.0,0.9997163692873455,1.0074610623797111,0.0,False,400,100,1,0.0005000000000000004,0.7159318740849122,0.916034561711526
SpiralScanPath_4,Spiral,heldout,0,0.03,295.3171456785458,0.03158736505397841,A,1e5ff1b0fc83ebe141d4bacaf13a95b279b95d61e1a8b715a994283b8ab896a1,unused,e2e991d230cfae59567f667671ed8121b138b4c0d3de16dfd5140e43c294fbee,48fb237549055b992166d38abb62a7414e2cde27ff4dba60d9fc54281b302a64,11.768422115619032,194,79,2300041,,0.13424720890877062,0.9997858485055248,1.0065049630270386,0.0,0.9996728636640998,1.00226063010564,0.0,False,400,100,1,0.0005000000000000004,0.7159318740849122,0.12902454496485777
SpiralScanPath_4,Spiral,heldout,0,0.03,295.3171456785458,0.03158736505397841,B,1e5ff1b0fc83ebe141d4bacaf13a95b279b95d61e1a8b715a994283b8ab896a1,45044b6ae3a1a93f38accdaa9bc8a230054284719ad2f69846368d05fa07865b,b8f4b5fa2d103d3e8565b822dccf73266e2ecb8a6fb7849eb8e57232f6fa600a,48fb237549055b992166d38abb62a7414e2cde27ff4dba60d9fc54281b302a64,11.768422115619032,194,79,2300041,1.0027625669215263,0.13448988158305714,0.9997858485055264,1.0065049630270453,0.0,0.99991740765951,1.0033142008336091,0.0,False,400,100,1,0.0005000000000000004,0.7159318740849122,0.12902454496485777
SpiralScanPath_4,Spiral,heldout,0,0.03,295.3171456785458,0.03158736505397841,C,1e5ff1b0fc83ebe141d4bacaf13a95b279b95d61e1a8b715a994283b8ab896a1,45044b6ae3a1a93f38accdaa9bc8a230054284719ad2f69846368d05fa07865b,b8f4b5fa2d103d3e8565b822dccf73266e2ecb8a6fb7849eb8e57232f6fa600a,6a6cb3184abee138f2dae401b5213af80dbbc9570149116b9e56e902e189b5bd,0.6415829932955923,194,79,2300041,1.0027625669215263,0.03263873495929273,0.9998040609684744,1.0065049630255902,0.0,0.9996911746000453,1.002686147520977,0.0,False,400,100,1,0.0005000000000000004,0.7159318740849122,0.12902454496485777
SpiralScanPath_4,Spiral,heldout,1,0.05,294.9692967151779,0.05037984806077569,A,c767aa104e0be4e2ab54a14b835d9288c0a607bb206112087603aa10d570a018,unused,e2e991d230cfae59567f667671ed8121b138b4c0d3de16dfd5140e43c294fbee,abe66c1be31f1f7112c09066c06ec355153a5aa31c237447e404d31c3006a348,11.768422115619032,240,126,2300041,,0.13361613381806656,0.9997853915040374,1.0080916210356012,0.0,0.9996468962911377,1.0080916210356012,0.0,False,400,100,1,0.0005000000000000004,0.7159318740849122,0.21654440626580423
SpiralScanPath_4,Spiral,heldout,1,0.05,294.9692967151779,0.05037984806077569,B,c767aa104e0be4e2ab54a14b835d9288c0a607bb206112087603aa10d570a018,286e4bd24b165a14e50bdbec56fa158ccaf6f56329370b84d5f0b157dda3763d,c96e5408aee94cdbbd96d9d81d4d226f5f78f5e4741385a342b7b5a3e0617be4,abe66c1be31f1f7112c09066c06ec355153a5aa31c237447e404d31c3006a348,11.768422115619032,240,126,2300041,1.007098699482632,0.13414212832545006,0.999796026434953,1.0065049630270453,0.0,0.9997821206687318,1.0035798971745737,0.0,False,400,100,1,0.0005000000000000004,0.7159318740849122,0.21654440626580423
SpiralScanPath_4,Spiral,heldout,1,0.05,294.9692967151779,0.05037984806077569,C,c767aa104e0be4e2ab54a14b835d9288c0a607bb206112087603aa10d570a018,286e4bd24b165a14e50bdbec56fa158ccaf6f56329370b84d5f0b157dda3763d,c96e5408aee94cdbbd96d9d81d4d226f5f78f5e4741385a342b7b5a3e0617be4,7a72f8a71968be85538f62ca65418e36d94efa04966921aedc9de57485f8058b,0.7291028545965388,240,126,2300041,1.007098699482632,0.03410252759262083,0.9997960264345578,1.0065049630335152,0.0,0.9995666009440622,1.0048811183078799,0.0,False,400,100,1,0.0005000000000000004,0.7159318740849122,0.21654440626580423
SpiralScanPath_4,Spiral,heldout,2,0.075,294.6082531826162,0.07516993202718912,A,5a5d6ca3fb677aa790e91f5d24da1d37f052edad1d33ef591978697332869e2b,unused,e2e991d230cfae59567f667671ed8121b138b4c0d3de16dfd5140e43c294fbee,bda0ebe305c63a9cd06c048ee5cbcb63547f401da7ddf67c5bb3d23c4e198a2f,11.768422115619032,297,188,2300041,,0.13195464225784828,0.9997793738720506,1.0065049630270386,0.0,0.9995508171953056,1.003808153041033,0.0,False,400,100,1,0.0005000000000000004,0.7159318740849122,0.3487276930921662
SpiralScanPath_4,Spiral,heldout,2,0.075,294.6082531826162,0.07516993202718912,B,5a5d6ca3fb677aa790e91f5d24da1d37f052edad1d33ef591978697332869e2b,f332b61fcb097c3d48579b59b4eadb559e39de8d38e911ad9d7e7196b5e4463d,2d5feec58cba92eb44111a388ea744d7925236f46bab4fc20e1c876cd345fe2b,bda0ebe305c63a9cd06c048ee5cbcb63547f401da7ddf67c5bb3d23c4e198a2f,11.768422115619032,297,188,2300041,1.007307664950044,0.13283052350655367,0.9997533698246945,1.0065049630270453,0.0,0.9994445304912253,1.0020708782503325,0.0,False,400,100,1,0.0005000000000000004,0.7159318740849122,0.3487276930921662
SpiralScanPath_4,Spiral,heldout,2,0.075,294.6082531826162,0.07516993202718912,C,5a5d6ca3fb677aa790e91f5d24da1d37f052edad1d33ef591978697332869e2b,f332b61fcb097c3d48579b59b4eadb559e39de8d38e911ad9d7e7196b5e4463d,2d5feec58cba92eb44111a388ea744d7925236f46bab4fc20e1c876cd345fe2b,75f4c2a9d75c84e5b26df85da6d4b819f014ac94906fea849c3c2635143fcf92,0.8612861414229008,297,188,2300041,1.007307664950044,0.03598748193840773,0.9997550281074058,1.006504962981664,0.0,0.9994248741950613,1.0049254485441084,0.0,False,400,100,1,0.0005000000000000004,0.7159318740849122,0.3487276930921662
SpiralScanPath_4,Spiral,heldout,3,0.1,294.0975421718707,0.10035985605757697,A,ec5d25c2068db0892276d0c8eed1b28a877b7e14124c3a6e4421644dd9d270d6,unused,e2e991d230cfae59567f667671ed8121b138b4c0d3de16dfd5140e43c294fbee,c7df3bbadb74c6a3b055774874879abc266b300155417e102a4522eb1f89d10e,11.768422115619032,359,251,2300041,,0.1316856196358694,0.9997680743135349,1.0065049630270386,0.0,0.9995133223869687,1.003732585210079,0.0,False,400,100,1,0.0005000000000000004,0.7159318740849122,0.47725248535182807
SpiralScanPath_4,Spiral,heldout,3,0.1,294.0975421718707,0.10035985605757697,B,ec5d25c2068db0892276d0c8eed1b28a877b7e14124c3a6e4421644dd9d270d6,9915a560f843590b3761eff76f82accf1e55760c9ce69c3dce87dce66ce51f90,c68cbf153949b6dbfd2c41f59f77c00c3d4d99694bfa961a02015f412eae33de,c7df3bbadb74c6a3b055774874879abc266b300155417e102a4522eb1f89d10e,11.768422115619032,359,251,2300041,1.0049313520335783,0.13432087644295826,0.9997942854793017,1.0065049630270453,0.0,0.9997452107059372,1.00431145826938,0.0,False,400,100,1,0.0005000000000000004,0.7159318740849122,0.47725248535182807
SpiralScanPath_4,Spiral,heldout,3,0.1,294.0975421718707,0.10035985605757697,C,ec5d25c2068db0892276d0c8eed1b28a877b7e14124c3a6e4421644dd9d270d6,9915a560f843590b3761eff76f82accf1e55760c9ce69c3dce87dce66ce51f90,c68cbf153949b6dbfd2c41f59f77c00c3d4d99694bfa961a02015f412eae33de,fb828e97bac5a5fe7e5c117eb113e76f792117e42ce8b9b5d7ea57890cc677d0,0.9898109336825627,359,251,2300041,1.0049313520335783,0.03991893631832535,0.9997736814904277,1.0065049630705798,0.0,0.9996519381569984,1.0043366126767517,0.0,False,400,100,1,0.0005000000000000004,0.7159318740849122,0.47725248535182807
SpiralScanPath_4,Spiral,heldout,4,0.15,293.6170569605893,0.15033986405437824,A,a23c5e59b5cdc96d1b701f3621a45a043803539743b33adee10a3c63c388462c,unused,e2e991d230cfae59567f667671ed8121b138b4c0d3de16dfd5140e43c294fbee,9bc537af891f5cd7bedf7f631d6b2b2231ee9bbc6b9d4e7139b2353eddf1b4af,11.768422115619032,484,376,2300041,,0.12726024875641914,0.9998313157091182,1.0085031323502658,0.0,0.9998592303398044,1.0085031323502658,0.0,False,400,100,1,0.0005000000000000004,0.7159318740849122,0.7015915511692384
SpiralScanPath_4,Spiral,heldout,4,0.15,293.6170569605893,0.15033986405437824,B,a23c5e59b5cdc96d1b701f3621a45a043803539743b33adee10a3c63c388462c,58e56bfcc372284bcd89773e29c752b4ee2ea17e92f43e1c8e832f2f14efbd18,a82d7906c7c12bcfd2e0db81f64a033c374a5f5ce58046b81432a75c6ff587ee,9bc537af891f5cd7bedf7f631d6b2b2231ee9bbc6b9d4e7139b2353eddf1b4af,11.768422115619032,484,376,2300041,1.006006476456921,0.12896024636945613,0.9998126654278919,1.0080425955782557,0.0,0.9997141917508464,1.0080425955782557,0.0,False,400,100,1,0.0005000000000000004,0.7159318740849122,0.7015915511692384
SpiralScanPath_4,Spiral,heldout,4,0.15,293.6170569605893,0.15033986405437824,C,a23c5e59b5cdc96d1b701f3621a45a043803539743b33adee10a3c63c388462c,58e56bfcc372284bcd89773e29c752b4ee2ea17e92f43e1c8e832f2f14efbd18,a82d7906c7c12bcfd2e0db81f64a033c374a5f5ce58046b81432a75c6ff587ee,0b0fc3e88ef355149546e4eb6370c86916a6bb540c65fe91aa62b3ff0159dbf4,1.2141499994999732,484,376,2300041,1.006006476456921,0.042615992432555254,0.9998028569728077,1.0064452807365414,0.0,0.9996827141862337,1.004798055778893,0.0,False,400,100,1,0.0005000000000000004,0.7159318740849122,0.7015915511692384
SpiralScanPath_4,Spiral,heldout,5,0.2,293.49912122276544,0.20031987205117952,A,779572855daa77667eb60d6c5f47646338e202b636db36a63562515390c1e6aa,unused,e2e991d230cfae59567f667671ed8121b138b4c0d3de16dfd5140e43c294fbee,fb5c6af240c8f97f1bcac0783c86ec9fc1dedcaf39bf558f9c5076d715b85422,11.768422115619032,603,501,2300041,,0.11984852540176694,0.9997965171055989,1.009312709747187,0.0,0.9998090005749973,1.009312709747187,0.0,False,400,100,1,0.0005000000000000004,0.7159318740849122,0.8843284582430812
SpiralScanPath_4,Spiral,heldout,5,0.2,293.49912122276544,0.20031987205117952,B,779572855daa77667eb60d6c5f47646338e202b636db36a63562515390c1e6aa,a743b2050ce5b23a3168d1802cdd8f47318bc8ce7fcd423d4bb3cd6ef770f3d3,5e763172db9bf802177ff24784b2d91233759335e6737af65bdd0c8c4c3661e0,fb5c6af240c8f97f1bcac0783c86ec9fc1dedcaf39bf558f9c5076d715b85422,11.768422115619032,603,501,2300041,1.005609823568086,0.1247274109035789,0.9997943559853942,1.0093199690120531,0.0,0.9997400489697628,1.0093199690120531,0.0,False,400,100,1,0.0005000000000000004,0.7159318740849122,0.8843284582430812
SpiralScanPath_4,Spiral,heldout,5,0.2,293.49912122276544,0.20031987205117952,C,779572855daa77667eb60d6c5f47646338e202b636db36a63562515390c1e6aa,a743b2050ce5b23a3168d1802cdd8f47318bc8ce7fcd423d4bb3cd6ef770f3d3,5e763172db9bf802177ff24784b2d91233759335e6737af65bdd0c8c4c3661e0,837f4353280548bf5ce8cdcd0863bebf66e5215c028394e4128194c5839af031,1.3968869065738159,603,501,2300041,1.005609823568086,0.04604790825211572,0.9997790122124468,1.008983751885511,0.0,0.9997108458309766,1.008983751885511,0.0,False,400,100,1,0.0005000000000000004,0.7159318740849122,0.8843284582430812
SpiralScanPath_5,Spiral,heldout,0,0.03,295.5160834229293,0.032387045181927226,A,5233336a30d664aecfba749e2401b2c9f3f4043864ad3b5ce4436756ab599adb,unused,bca0ad08279b9cf1169d2951b9a1bb37e64dd5e7480935d626b3dadad1674f98,d96850fae0fc61e3b3b81e2cf1851e0d5a455b90a3fb46aa84679f9cde977c69,11.768422115619032,194,81,2400041,,0.1340092122223886,0.99975692568992,1.0067063480918679,0.0,0.9998577593780227,1.0028327385056701,0.0,False,400,100,1,0.0004999999999999866,0.7159318740849036,0.13283610814129385
SpiralScanPath_5,Spiral,heldout,0,0.03,295.5160834229293,0.032387045181927226,B,5233336a30d664aecfba749e2401b2c9f3f4043864ad3b5ce4436756ab599adb,389ab2ea5d6e9c9eb948d12718b678157e2167eda67fb1c68f8cf41ad5d412c1,04721051575ebec41fdc3bed36d1b2ed850e56051ed39daf5b333c80d1e1f2e2,d96850fae0fc61e3b3b81e2cf1851e0d5a455b90a3fb46aa84679f9cde977c69,11.768422115619032,194,81,2400041,1.003263747063651,0.13492329821822438,0.9997490048638918,1.0067063480918697,0.0,0.9997294272981734,1.002148801623419,0.0,False,400,100,1,0.0004999999999999866,0.7159318740849036,0.13283610814129385
SpiralScanPath_5,Spiral,heldout,0,0.03,295.5160834229293,0.032387045181927226,C,5233336a30d664aecfba749e2401b2c9f3f4043864ad3b5ce4436756ab599adb,389ab2ea5d6e9c9eb948d12718b678157e2167eda67fb1c68f8cf41ad5d412c1,04721051575ebec41fdc3bed36d1b2ed850e56051ed39daf5b333c80d1e1f2e2,32c7ccef021a060a91b73ca56856ed334b7279fa0967867993eaf759ae789e36,0.645394556472016,194,81,2400041,1.003263747063651,0.03298547444482521,0.9997653272697312,1.006706348091339,0.0,0.9998502736121867,1.0035233574259548,0.0,False,400,100,1,0.0004999999999999866,0.7159318740849036,0.13283610814129385
SpiralScanPath_5,Spiral,heldout,1,0.05,295.2163230791929,0.05037984806077569,A,8f09d57e2d4a177637d661ee442b7d419a12094d27f0ef4ca25300537947ae9d,unused,bca0ad08279b9cf1169d2951b9a1bb37e64dd5e7480935d626b3dadad1674f98,8993e0ee9c1dc9f61b891069457f7e59be872e2deaf10dc5776a58aa22f38cb6,11.768422115619032,238,126,2400041,,0.13252836839644944,0.9997734960031776,1.0072765289821937,0.0,0.999762412060412,1.0072765289821937,0.0,False,400,100,1,0.0004999999999999866,0.7159318740849036,0.196423888742914
SpiralScanPath_5,Spiral,heldout,1,0.05,295.2163230791929,0.05037984806077569,B,8f09d57e2d4a177637d661ee442b7d419a12094d27f0ef4ca25300537947ae9d,9692d2b340e64422e89d5b9b1af3cbee8da01872ef53a5eff2172c070c903c2e,833ed8ac51c6739803e003bc73767bab972cbc592e1b1b7b44ef1e6b00620c06,8993e0ee9c1dc9f61b891069457f7e59be872e2deaf10dc5776a58aa22f38cb6,11.768422115619032,238,126,2400041,1.0028951094154566,0.13355647036917842,0.9997630328379166,1.0067063480918697,0.0,0.9997766602522768,1.004630236003364,0.0,False,400,100,1,0.0004999999999999866,0.7159318740849036,0.196423888742914
SpiralScanPath_5,Spiral,heldout,1,0.05,295.2163230791929,0.05037984806077569,C,8f09d57e2d4a177637d661ee442b7d419a12094d27f0ef4ca25300537947ae9d,9692d2b340e64422e89d5b9b1af3cbee8da01872ef53a5eff2172c070c903c2e,833ed8ac51c6739803e003bc73767bab972cbc592e1b1b7b44ef1e6b00620c06,320ec6360121066aef320b2a0105912a31fffceeeedcd7db5afdd6ba072022fc,0.7089823370736361,238,126,2400041,1.0028951094154566,0.034948414899599954,0.9997710214938732,1.0067063480912684,0.0,0.9997780030692712,1.003370597137827,0.0,False,400,100,1,0.0004999999999999866,0.7159318740849036,0.196423888742914
SpiralScanPath_5,Spiral,heldout,2,0.075,294.9057944632607,0.07516993202718912,A,e910b3cf3dc157605c035d45cdef6dc5fadc1f2f9dd45bcc1715622dc2e5fd8d,unused,bca0ad08279b9cf1169d2951b9a1bb37e64dd5e7480935d626b3dadad1674f98,5ab6b836d9efc1bb8c9ce7a87fbc424a4f8cf5c4709b6c81fe29720a5b4c55bd,11.768422115619032,298,188,2400041,,0.13226982339713905,0.9997542404207492,1.0067063480918679,0.0,0.9997123661335323,1.0029129524574325,0.0,False,400,100,1,0.0004999999999999866,0.7159318740849036,0.33432739129991246
SpiralScanPath_5,Spiral,heldout,2,0.075,294.9057944632607,0.07516993202718912,B,e910b3cf3dc157605c035d45cdef6dc5fadc1f2f9dd45bcc1715622dc2e5fd8d,dd7fa9d7327b4fffb9c09c019bc4f3e1d66eec9e2398bb1799e56fde4da72fb1,8bf69f380d282239fd1974d9c1fd1f416ec3f98bcdf3c06d81b7b81d4cb0da5a,5ab6b836d9efc1bb8c9ce7a87fbc424a4f8cf5c4709b6c81fe29720a5b4c55bd,11.768422115619032,298,188,2400041,1.003633948644008,0.13500849809719428,0.9997421607700326,1.0067063480918697,0.0,0.9996550295997635,1.0037512832902757,0.0,False,400,100,1,0.0004999999999999866,0.7159318740849036,0.33432739129991246
SpiralScanPath_5,Spiral,heldout,2,0.075,294.9057944632607,0.07516993202718912,C,e910b3cf3dc157605c035d45cdef6dc5fadc1f2f9dd45bcc1715622dc2e5fd8d,dd7fa9d7327b4fffb9c09c019bc4f3e1d66eec9e2398bb1799e56fde4da72fb1,8bf69f380d282239fd1974d9c1fd1f416ec3f98bcdf3c06d81b7b81d4cb0da5a,a7af29e3db76e9f717b93aab4e70dda8102a8f62cf6747d4f02f9ae16052c563,0.8468858396306346,298,188,2400041,1.003633948644008,0.03605932755044937,0.9997361507347594,1.0067063480920362,0.0,0.999508886817741,1.0039048361086784,0.0,False,400,100,1,0.0004999999999999866,0.7159318740849036,0.33432739129991246
SpiralScanPath_5,Spiral,heldout,3,0.1,294.3423585387524,0.10035985605757697,A,0cbeb4ad5a16bdab0db836764aa53071262752f587aab9c9a42e259ec8c1bd00,unused,bca0ad08279b9cf1169d2951b9a1bb37e64dd5e7480935d626b3dadad1674f98,63f5d6fcd0ee98ab7ae18b2141154f93ff96179be5789980c214554f73231ba5,11.768422115619032,359,251,2400041,,0.131215203037763,0.9997581510556066,1.0067063480918679,0.0,0.9997759561592167,1.0029530528791877,0.0,False,400,100,1,0.0004999999999999866,0.7159318740849036,0.46831037434887013
SpiralScanPath_5,Spiral,heldout,3,0.1,294.3423585387524,0.10035985605757697,B,0cbeb4ad5a16bdab0db836764aa53071262752f587aab9c9a42e259ec8c1bd00,98c7fa270e248cd5e512ab62f53bc9cf6acc4802744e1dd48b137f1ca000ebe0,e47bae39340da224eb56e71f0125f75fe84fb1e89c3ca2704def45db82668895,63f5d6fcd0ee98ab7ae18b2141154f93ff96179be5789980c214554f73231ba5,11.768422115619032,359,251,2400041,1.0057144397707283,0.13359692120291122,0.9997453213240844,1.0067063480918697,0.0,0.999727346419415,1.003222631776543,0.0,False,400,100,1,0.0004999999999999866,0.7159318740849036,0.46831037434887013
SpiralScanPath_5,Spiral,heldout,3,0.1,294.3423585387524,0.10035985605757697,C,0cbeb4ad5a16bdab0db836764aa53071262752f587aab9c9a42e259ec8c1bd00,98c7fa270e248cd5e512ab62f53bc9cf6acc4802744e1dd48b137f1ca000ebe0,e47bae39340da224eb56e71f0125f75fe84fb1e89c3ca2704def45db82668895,806b0a838a993eff79c590095d3926139bba82b35015ddcb5e1405dc1a3cf715,0.9808688226795922,359,251,2400041,1.0057144397707283,0.03950584257449813,0.9997328507812198,1.0067553253289798,0.0,0.999590315572072,1.0067553253289798,0.0,False,400,100,1,0.0004999999999999866,0.7159318740849036,0.46831037434887013
SpiralScanPath_5,Spiral,heldout,4,0.15,293.65429490749705,0.15033986405437824,A,94fa91891be9d309bd5812c4ade8cefba425a7b6446e9531dc36fee8bc9d583c,unused,bca0ad08279b9cf1169d2951b9a1bb37e64dd5e7480935d626b3dadad1674f98,901a90f0fdd3015052b85307edfc1cbb7d736f972ec23699305f8f5ad2783b83,11.768422115619032,481,376,2400041,,0.12754261804601916,0.9997828976815409,1.005949800219668,0.0,0.999836762717242,1.0043069739408206,0.0,False,400,100,1,0.0004999999999999866,0.7159318740849036,0.69090397429694
SpiralScanPath_5,Spiral,heldout,4,0.15,293.65429490749705,0.15033986405437824,B,94fa91891be9d309bd5812c4ade8cefba425a7b6446e9531dc36fee8bc9d583c,0e8592b19e2aa65aa15058189c407793a19861f66a0b93362273ba7acd9ba471,020fc0049d0148d13b31acd933e9d1513d6e32749b517e44ced5242e07419084,901a90f0fdd3015052b85307edfc1cbb7d736f972ec23699305f8f5ad2783b83,11.768422115619032,481,376,2400041,1.0056177074104966,0.1302359496568162,0.9997482725187328,1.0079416449994187,0.0,0.999640169852332,1.0067867913756403,0.0,False,400,100,1,0.0004999999999999866,0.7159318740849036,0.69090397429694
SpiralScanPath_5,Spiral,heldout,4,0.15,293.65429490749705,0.15033986405437824,C,94fa91891be9d309bd5812c4ade8cefba425a7b6446e9531dc36fee8bc9d583c,0e8592b19e2aa65aa15058189c407793a19861f66a0b93362273ba7acd9ba471,020fc0049d0148d13b31acd933e9d1513d6e32749b517e44ced5242e07419084,d651cde9528f50c7e9d27e1d07cec087f922ef05563dba5a28e021714c70fd22,1.2034624226276622,481,376,2400041,1.0056177074104966,0.04257031996298128,0.9997640010275597,1.005942361585219,0.0,0.9996227136792687,1.0049558673002352,0.0,False,400,100,1,0.0004999999999999866,0.7159318740849036,0.69090397429694
SpiralScanPath_5,Spiral,heldout,5,0.2,293.5169731858883,0.20031987205117952,A,4bf6b25aeed7caee9cd755a1046050a38281649b9918aa088c7269fdc5346019,unused,bca0ad08279b9cf1169d2951b9a1bb37e64dd5e7480935d626b3dadad1674f98,c374a5f5be9e23f9c201cb1cd99668a8bb3a7540e697c2a22f84ede2ae0d1adc,11.768422115619032,599,501,2400041,,0.12155802156882677,0.9997783403362756,1.006935056393443,0.0,0.9997010187217935,1.006935056393443,0.0,False,400,100,1,0.0004999999999999866,0.7159318740849036,0.8911468156194318
SpiralScanPath_5,Spiral,heldout,5,0.2,293.5169731858883,0.20031987205117952,B,4bf6b25aeed7caee9cd755a1046050a38281649b9918aa088c7269fdc5346019,a9cef060562ce0b1237d10563a95af8108961e879581df078052d322acc187f5,c5365c1db71333f1d487bd0c5785501bb0ec345d57545712d133031870727875,c374a5f5be9e23f9c201cb1cd99668a8bb3a7540e697c2a22f84ede2ae0d1adc,11.768422115619032,599,501,2400041,1.0084055338172082,0.12363220583177519,0.9997521633813173,1.0068367210715532,0.0,0.9995937600283413,1.0068367210715532,0.0,False,400,100,1,0.0004999999999999866,0.7159318740849036,0.8911468156194318
SpiralScanPath_5,Spiral,heldout,5,0.2,293.5169731858883,0.20031987205117952,C,4bf6b25aeed7caee9cd755a1046050a38281649b9918aa088c7269fdc5346019,a9cef060562ce0b1237d10563a95af8108961e879581df078052d322acc187f5,c5365c1db71333f1d487bd0c5785501bb0ec345d57545712d133031870727875,3fa52741e3c2346b769b1c3d030ed499bb1683a441b698015f13f940e43d4613,1.403705263950154,599,501,2400041,1.0084055338172082,0.046803450989826426,0.9997728455161732,1.0070112557804138,0.0,0.9996725586467841,1.0070112557804138,0.0,False,400,100,1,0.0004999999999999866,0.7159318740849036,0.8911468156194318
SpiralScanPath_6,Spiral,heldout,0,0.03,295.69040467376334,0.032387045181927226,A,e724340c67d74b94b36f67d0153d00cf445e1814a9084b39cbae545eca09d4a2,unused,196f0b9480f63c2d6d7c9f66431f0ab49679f6529cb1c67b4aba491786494d24,83e2aaf694b2eb5306b4c82c12c8701833ffea54a38d24b1570fe28458a81590,11.768422115619032,196,81,2500041,,0.13435783197355783,0.9997790184233447,1.0079980401812338,0.0,0.9998713327961177,1.0079980401812338,0.0,False,400,100,1,0.0005000000000000004,0.7159318740849122,0.1295814602137599
SpiralScanPath_6,Spiral,heldout,0,0.03,295.69040467376334,0.032387045181927226,B,e724340c67d74b94b36f67d0153d00cf445e1814a9084b39cbae545eca09d4a2,e300b4ddf5fdb4d047260bc7037e9a2592921590d86d2385a820199327d50773,adedc7b8456208671cc3aeb84c932d748e8c1b1cd1d68de5b35ecdf294458f46,83e2aaf694b2eb5306b4c82c12c8701833ffea54a38d24b1570fe28458a81590,11.768422115619032,196,81,2500041,1.0039703953398584,0.1362357805763596,0.999778574523462,1.0112319727001766,0.0,1.0001289827889281,1.0112319727001766,0.0,False,400,100,1,0.0005000000000000004,0.7159318740849122,0.1295814602137599
SpiralScanPath_6,Spiral,heldout,0,0.03,295.69040467376334,0.032387045181927226,C,e724340c67d74b94b36f67d0153d00cf445e1814a9084b39cbae545eca09d4a2,e300b4ddf5fdb4d047260bc7037e9a2592921590d86d2385a820199327d50773,adedc7b8456208671cc3aeb84c932d748e8c1b1cd1d68de5b35ecdf294458f46,6aadaf515ce56f508d6a3f75e6f3e3cac308afe77fc0398bd4d27a6d44cfc237,0.6421399085444945,196,81,2500041,1.0039703953398584,0.03421310197769819,0.9997790184244647,1.005661947171499,0.0,1.0000372355023168,1.0038460166988852,0.0,False,400,100,1,0.0005000000000000004,0.7159318740849122,0.1295814602137599
SpiralScanPath_6,Spiral,heldout,1,0.05,295.3705958720671,0.05037984806077569,A,0c67c21bb1dd8531b82fadf865b1aeb265f7e73c7f112facc0244fe8247396ce,unused,196f0b9480f63c2d6d7c9f66431f0ab49679f6529cb1c67b4aba491786494d24,a3d829d92913d45c19a9e82c04d21fb868f721c63321fa0f0391278e9c4f29cf,11.768422115619032,237,126,2500041,,0.1326959621437027,0.9997879367158957,1.0056619515663898,0.0,1.00001687191136,1.004790384501051,0.0,False,400,100,1,0.0005000000000000004,0.7159318740849122,0.19356002704660433
SpiralScanPath_6,Spiral,heldout,1,0.05,295.3705958720671,0.05037984806077569,B,0c67c21bb1dd8531b82fadf865b1aeb265f7e73c7f112facc0244fe8247396ce,c3a2258a0392fc0c03f098db598793825a045ad440164c1242f42a81ee3f4f46,79e02ff6f8429a7bf85e51880379acc4932539ea5bcd57e37cb196327f808f52,a3d829d92913d45c19a9e82c04d21fb868f721c63321fa0f0391278e9c4f29cf,11.768422115619032,237,126,2500041,1.0056150858625765,0.13402449017417578,0.9997720642210522,1.005661951583468,0.0,0.9998074798405772,1.0027246224291972,0.0,False,400,100,1,0.0005000000000000004,0.7159318740849122,0.19356002704660433
SpiralScanPath_6,Spiral,heldout,1,0.05,295.3705958720671,0.05037984806077569,C,0c67c21bb1dd8531b82fadf865b1aeb265f7e73c7f112facc0244fe8247396ce,c3a2258a0392fc0c03f098db598793825a045ad440164c1242f42a81ee3f4f46,79e02ff6f8429a7bf85e51880379acc4932539ea5bcd57e37cb196327f808f52,52195f1f4edc3c882ce3193ebb4442c001b8ec9d6ee47dcf9bfe261f0fdb20eb,0.7061184753773389,237,126,2500041,1.0056150858625765,0.03361190903765443,0.9997795948929318,1.0056619555971786,0.0,0.9998790270285632,1.0035107798429255,0.0,False,400,100,1,0.0005000000000000004,0.7159318740849122,0.19356002704660433
SpiralScanPath_6,Spiral,heldout,2,0.075,295.07212329937147,0.07516993202718912,A,6b08da36b402a9aa25207a739ff1ad885128464e5a38f1931eac0f6364ec8a57,unused,196f0b9480f63c2d6d7c9f66431f0ab49679f6529cb1c67b4aba491786494d24,af5a816131eabbbb4daa99ed63009a01bd2fc5499945c5cf4f82b3cae9b9c07a,11.768422115619032,298,188,2500041,,0.13201417720736194,0.9997981039815766,1.0056619515684067,0.0,0.9999656509011133,1.0045092987531052,0.0,False,400,100,1,0.0005000000000000004,0.7159318740849122,0.3103830179463089
SpiralScanPath_6,Spiral,heldout,2,0.075,295.07212329937147,0.07516993202718912,B,6b08da36b402a9aa25207a739ff1ad885128464e5a38f1931eac0f6364ec8a57,e1ee65e3ac750d63a82cc86e1fe7075b1e7093eb925a5eeeffe4bb2fd5efb0d4,9b40ef0b8377754604de3f7337b59504a606c60d0051285f9208aa0ad640a0c6,af5a816131eabbbb4daa99ed63009a01bd2fc5499945c5cf4f82b3cae9b9c07a,11.768422115619032,298,188,2500041,1.0039822119305732,0.13224485561815824,0.9997795948928612,1.0056619515610012,0.0,0.999760140548047,1.0044214871114594,0.0,False,400,100,1,0.0005000000000000004,0.7159318740849122,0.3103830179463089
SpiralScanPath_6,Spiral,heldout,2,0.075,295.07212329937147,0.07516993202718912,C,6b08da36b402a9aa25207a739ff1ad885128464e5a38f1931eac0f6364ec8a57,e1ee65e3ac750d63a82cc86e1fe7075b1e7093eb925a5eeeffe4bb2fd5efb0d4,9b40ef0b8377754604de3f7337b59504a606c60d0051285f9208aa0ad640a0c6,a6a4284a1edcbbafd6b949b9f35ec1d02bdba0fd027a9d159ab3409c8c22e174,0.8229414662770436,298,188,2500041,1.0039822119305732,0.03677843168957399,0.9997724496846961,1.0056619508462334,0.0,0.9997628916323626,1.0040033511074389,0.0,False,400,100,1,0.0005000000000000004,0.7159318740849122,0.3103830179463089
SpiralScanPath_6,Spiral,heldout,3,0.1,294.48598287469855,0.10035985605757697,A,00c8760f07d9b0b064437b060820b9ac72d8923362ca264ca022cbadf9487bc7,unused,196f0b9480f63c2d6d7c9f66431f0ab49679f6529cb1c67b4aba491786494d24,0cae5c98e1e35d5091b3396388850463e26e8196f003f83e08d8b005f8293bf8,11.768422115619032,359,251,2500041,,0.13099044255725945,0.9997796417232083,1.0056619515494716,0.0,0.9998237906983849,1.003806923209511,0.0,False,400,100,1,0.0005000000000000004,0.7159318740849122,0.4763526427107687
SpiralScanPath_6,Spiral,heldout,3,0.1,294.48598287469855,0.10035985605757697,B,00c8760f07d9b0b064437b060820b9ac72d8923362ca264ca022cbadf9487bc7,502f8b6d8f44104facfb58d14874105f853fad9bb2cc3ac30e9eeede2954507d,d59b78c0c839e80438230d39aae49d74033c478cacd5465d3ac46ca5b619042b,0cae5c98e1e35d5091b3396388850463e26e8196f003f83e08d8b005f8293bf8,11.768422115619032,359,251,2500041,1.003473440937058,0.13133719527130663,0.9997279774711932,1.0056619515067549,0.0,0.9994512428142719,1.0035122327928254,0.0,False,400,100,1,0.0005000000000000004,0.7159318740849122,0.4763526427107687
SpiralScanPath_6,Spiral,heldout,3,0.1,294.48598287469855,0.10035985605757697,C,00c8760f07d9b0b064437b060820b9ac72d8923362ca264ca022cbadf9487bc7,502f8b6d8f44104facfb58d14874105f853fad9bb2cc3ac30e9eeede2954507d,d59b78c0c839e80438230d39aae49d74033c478cacd5465d3ac46ca5b619042b,fb606190f273cf50fc65dedec4f5c378680902eaccec108105afae89ee52fe47,0.9889110910415032,359,251,2500041,1.003473440937058,0.03724506445305393,0.9997377868508194,1.0056619514320442,0.0,0.9994900227575012,1.0034206015084919,0.0,False,400,100,1,0.0005000000000000004,0.7159318740849122,0.4763526427107687
SpiralScanPath_6,Spiral,heldout,4,0.15,293.69271871887213,0.15033986405437824,A,be95bc9e757a4115bbc3baae77bd245e6e9335ab40a95b8941af7a09c30fba81,unused,196f0b9480f63c2d6d7c9f66431f0ab49679f6529cb1c67b4aba491786494d24,7f9531c9ccef81f76aa14920641f9500d89d5810e7f89c9ea7348a4cea1c8120,11.768422115619032,477,376,2500041,,0.12744681101129596,0.9997718247477755,1.0058486265528566,0.0,0.9996851693739635,1.004759282547302,0.0,False,400,100,1,0.0005000000000000004,0.7159318740849122,0.6982394784892572
SpiralScanPath_6,Spiral,heldout,4,0.15,293.69271871887213,0.15033986405437824,B,be95bc9e757a4115bbc3baae77bd245e6e9335ab40a95b8941af7a09c30fba81,1cca0dbcc15c3a0637efb461293400205e5b3fe16cebc9bddc3b4aa45487ab49,454c80e3f4419bf57db3f5e3efc1686d9f3deb52eaf66ad23b952643d69351b5,7f9531c9ccef81f76aa14920641f9500d89d5810e7f89c9ea7348a4cea1c8120,11.768422115619032,477,376,2500041,1.0044205890431186,0.12987181148547483,0.9997795948928612,1.0059669672674716,0.0,0.9996682654287444,1.0059669672674716,0.0,False,400,100,1,0.0005000000000000004,0.7159318740849122,0.6982394784892572
SpiralScanPath_6,Spiral,heldout,4,0.15,293.69271871887213,0.15033986405437824,C,be95bc9e757a4115bbc3baae77bd245e6e9335ab40a95b8941af7a09c30fba81,1cca0dbcc15c3a0637efb461293400205e5b3fe16cebc9bddc3b4aa45487ab49,454c80e3f4419bf57db3f5e3efc1686d9f3deb52eaf66ad23b952643d69351b5,28b8501e24ede52a614834cf7352390b8b0e2cb13bd1bfbc891b468e4438b816,1.2107979268199918,477,376,2500041,1.0044205890431186,0.041500918332407176,0.9997578499988252,1.0077493447408739,0.0,0.9996666326804787,1.0077493447408739,0.0,False,400,100,1,0.0005000000000000004,0.7159318740849122,0.6982394784892572
SpiralScanPath_6,Spiral,heldout,5,0.2,293.5462216854871,0.20031987205117952,A,2aec968e05466833574992a147cc09c24e0d4372775bc95354dbedf4354691cf,unused,196f0b9480f63c2d6d7c9f66431f0ab49679f6529cb1c67b4aba491786494d24,dec1dca9523b686efc5a2237f39e5f4d528e3a4635c2ff78261b2d50725c1176,11.768422115619032,599,501,2500041,,0.12367733068339974,0.9998115900653735,1.0072210022848471,0.0,0.9997709490513683,1.0072210022848471,0.0,False,400,100,1,0.0005000000000000004,0.7159318740849122,0.8942116839037305
SpiralScanPath_6,Spiral,heldout,5,0.2,293.5462216854871,0.20031987205117952,B,2aec968e05466833574992a147cc09c24e0d4372775bc95354dbedf4354691cf,1f1fbb8b63920c8209b075cd3f45ba1c2ea619599dae3cbdb5bf2d271b084c12,17d4285da1420cb7a486d2ded6e1d040ad436159698455c85e7af8b6ecd6d04b,dec1dca9523b686efc5a2237f39e5f4d528e3a4635c2ff78261b2d50725c1176,11.768422115619032,599,501,2500041,1.0057637481518031,0.12694170382358252,0.9998115427251791,1.0066904352153445,0.0,0.9998174626258739,1.0066904352153445,0.0,False,400,100,1,0.0005000000000000004,0.7159318740849122,0.8942116839037305
SpiralScanPath_6,Spiral,heldout,5,0.2,293.5462216854871,0.20031987205117952,C,2aec968e05466833574992a147cc09c24e0d4372775bc95354dbedf4354691cf,1f1fbb8b63920c8209b075cd3f45ba1c2ea619599dae3cbdb5bf2d271b084c12,17d4285da1420cb7a486d2ded6e1d040ad436159698455c85e7af8b6ecd6d04b,90e0c243ece09c381e8a87eaa5149cdbe6e984c29a9105a33fe4beaf54f77e0a,1.4067701322344652,599,501,2500041,1.0057637481518031,0.04828933572071222,0.9997854455060894,1.005727968181562,0.0,0.9997692388343722,1.00508546652644,0.0,False,400,100,1,0.0005000000000000004,0.7159318740849122,0.8942116839037305
SpiralScanPath_7,Spiral,heldout,0,0.03,295.8140795498944,0.03318672530987605,A,1cf6f56c7e67d5914597c0f8a3b669a8c40bf3d1811a4e5c92e541decc8e195a,unused,237cd44dbfeea0cf281c00542ac3e4fa46fbf743a32695232b329ce5170d4dfa,d88aa626b0209b31ce7caeca379cc8bb8abe54120c6d8f6a17ed5f28efd54199,11.768422115619032,197,83,2600041,,0.1338120815434821,0.9997616632421239,1.0062632308600206,0.0,0.9998447963370927,1.0030854603592532,0.0,False,400,100,1,0.0005000000000000004,0.7159318740849122,0.12109105478211024
SpiralScanPath_7,Spiral,heldout,0,0.03,295.8140795498944,0.03318672530987605,B,1cf6f56c7e67d5914597c0f8a3b669a8c40bf3d1811a4e5c92e541decc8e195a,13e3d8e94ad9b61a91666685c6589f78504dbf7283007f47842c06e2b7e6aacd,bb30adb25a8b3b5341c32a6c025a27ead77e792753807359c7019c2043af8667,d88aa626b0209b31ce7caeca379cc8bb8abe54120c6d8f6a17ed5f28efd54199,11.768422115619032,197,83,2600041,1.0065977936209365,0.13435023587034609,0.9997522447052327,1.0062790934014005,0.0,0.9996541858519148,1.0034574306850867,0.0,False,400,100,1,0.0005000000000000004,0.7159318740849122,0.12109105478211024
SpiralScanPath_7,Spiral,heldout,0,0.03,295.8140795498944,0.03318672530987605,C,1cf6f56c7e67d5914597c0f8a3b669a8c40bf3d1811a4e5c92e541decc8e195a,13e3d8e94ad9b61a91666685c6589f78504dbf7283007f47842c06e2b7e6aacd,bb30adb25a8b3b5341c32a6c025a27ead77e792753807359c7019c2043af8667,fba3585693066be582158b30831b975d158a24bcb9eb8b66f50722ce8915a86e,0.6336495031128448,197,83,2600041,1.0065977936209365,0.033069926402283824,0.9997639302524903,1.006359037931566,0.0,0.9998278028439883,1.0032146306597518,0.0,False,400,100,1,0.0005000000000000004,0.7159318740849122,0.12109105478211024
SpiralScanPath_7,Spiral,heldout,1,0.05,295.50488495420535,0.05037984806077569,A,50a1c9c4195bff3802df18e79fdb2978eb22f6509b00d0ef98e3f255bf3d513a,unused,237cd44dbfeea0cf281c00542ac3e4fa46fbf743a32695232b329ce5170d4dfa,fcdb66e56ba6562dc66e731b1adc9dcaa9ed7654d6c5a151d6d5558080ac9661,11.768422115619032,238,126,2600041,,0.13200072768330814,0.9997562965927429,1.010319576427255,0.0,0.9996597249313146,1.010319576427255,0.0,False,400,100,1,0.0005000000000000004,0.7159318740849122,0.2071074073757858
SpiralScanPath_7,Spiral,heldout,1,0.05,295.50488495420535,0.05037984806077569,B,50a1c9c4195bff3802df18e79fdb2978eb22f6509b00d0ef98e3f255bf3d513a,db53eaebf3c4932be29ad2b470e2001d80c00224c64eddd27cdf0229017ce534,6d9b74f76e847b96f67654b7c6bc06f4e4ddb54b63b7a924bab7f3fb133895b1,fcdb66e56ba6562dc66e731b1adc9dcaa9ed7654d6c5a151d6d5558080ac9661,11.768422115619032,238,126,2600041,1.005687686765454,0.1332720725882331,0.9997573691644442,1.0070345493132886,0.0,0.9998070866996787,1.0068587942331744,0.0,False,400,100,1,0.0005000000000000004,0.7159318740849122,0.2071074073757858
SpiralScanPath_7,Spiral,heldout,1,0.05,295.50488495420535,0.05037984806077569,C,50a1c9c4195bff3802df18e79fdb2978eb22f6509b00d0ef98e3f255bf3d513a,db53eaebf3c4932be29ad2b470e2001d80c00224c64eddd27cdf0229017ce534,6d9b74f76e847b96f67654b7c6bc06f4e4ddb54b63b7a924bab7f3fb133895b1,4c2a7c33274986860426664022ecd19daefdb50d61c6e6bc244de59326f10827,0.7196658557065203,238,126,2600041,1.005687686765454,0.034208737399558264,0.9997582271356344,1.0065715850101902,0.0,0.9996960805459907,1.0034592276688736,0.0,False,400,100,1,0.0005000000000000004,0.7159318740849122,0.2071074073757858
SpiralScanPath_7,Spiral,heldout,2,0.075,295.1355468103287,0.07516993202718912,A,03ba4a7967027aa505f4730ec5110110f886fc26ed619feaaf8dba6f0147d4cd,unused,237cd44dbfeea0cf281c00542ac3e4fa46fbf743a32695232b329ce5170d4dfa,7289221fb08dee01f3f47dfb2be97e355b1d1046a330cd028be3860c7879eae2,11.768422115619032,296,188,2600041,,0.1324694110815633,0.9997354554554893,1.0060733663966943,0.0,0.9996297577191776,1.0045619377867234,0.0,False,400,100,1,0.0005000000000000004,0.7159318740849122,0.33937455333684186
SpiralScanPath_7,Spiral,heldout,2,0.075,295.1355468103287,0.07516993202718912,B,03ba4a7967027aa505f4730ec5110110f886fc26ed619feaaf8dba6f0147d4cd,b7090eeee6474d6ba506e53ab4d006642bd988cfbb8a771892ca69d8dc937647,f6b8e4a359243df07329ac752e506bc680e3537c2f754df23c8c069c17194ca6,7289221fb08dee01f3f47dfb2be97e355b1d1046a330cd028be3860c7879eae2,11.768422115619032,296,188,2600041,1.003210056819679,0.1336512663236353,0.999746211766778,1.0060733663966872,0.0,0.9996041423954874,1.0033085260177002,0.0,False,400,100,1,0.0005000000000000004,0.7159318740849122,0.33937455333684186
SpiralScanPath_7,Spiral,heldout,2,0.075,295.1355468103287,0.07516993202718912,C,03ba4a7967027aa505f4730ec5110110f886fc26ed619feaaf8dba6f0147d4cd,b7090eeee6474d6ba506e53ab4d006642bd988cfbb8a771892ca69d8dc937647,f6b8e4a359243df07329ac752e506bc680e3537c2f754df23c8c069c17194ca6,591631b6ed968ffca6693f8d7e9b187ad7046205a406e0d0fdfc6b85a5e71a72,0.8519330016675765,296,188,2600041,1.003210056819679,0.03708444185816203,0.9997639302473901,1.0060733663963126,0.0,0.9998469421734482,1.0059919180262598,0.0,False,400,100,1,0.0005000000000000004,0.7159318740849122,0.33937455333684186
SpiralScanPath_7,Spiral,heldout,3,0.1,294.70835430749145,0.10035985605757697,A,7af04673fc6b10aabc19850c26669630581d8fd339679a856488f82a18a61768,unused,237cd44dbfeea0cf281c00542ac3e4fa46fbf743a32695232b329ce5170d4dfa,7bf36761cd7dc66a28e522a5ae24dec2649e22c14c860ff7b61cb399d3db58ef,11.768422115619032,359,251,2600041,,0.13070947767746666,0.9997272714827641,1.0060733663966943,0.0,0.999553838355393,1.0044760753660407,0.0,False,400,100,1,0.0005000000000000004,0.7159318740849122,0.4555152328936614
SpiralScanPath_7,Spiral,heldout,3,0.1,294.70835430749145,0.10035985605757697,B,7af04673fc6b10aabc19850c26669630581d8fd339679a856488f82a18a61768,dedc5095a259a792e58256a893b44b5988783d58afdf78c9a0d82327007dc9bb,1dde6904ba39316c11975fa73086d4e8414fd8a87955f3211df04b95feffe8d7,7bf36761cd7dc66a28e522a5ae24dec2649e22c14c860ff7b61cb399d3db58ef,11.768422115619032,359,251,2600041,1.0048871502663224,0.13339865831337291,0.9997471650219238,1.0060733663966872,0.0,0.9996795023311913,1.004031452596422,0.0,False,400,100,1,0.0005000000000000004,0.7159318740849122,0.4555152328936614
SpiralScanPath_7,Spiral,heldout,3,0.1,294.70835430749145,0.10035985605757697,C,7af04673fc6b10aabc19850c26669630581d8fd339679a856488f82a18a61768,dedc5095a259a792e58256a893b44b5988783d58afdf78c9a0d82327007dc9bb,1dde6904ba39316c11975fa73086d4e8414fd8a87955f3211df04b95feffe8d7,c6fd3374c572dadfba64491b280e2d7183dc4018c9b4244e8a3325f908356b31,0.968073681224396,359,251,2600041,1.0048871502663224,0.038939696066491704,0.9997477405566176,1.00607336639795,0.0,0.999681621123087,1.0034806697404464,0.0,False,400,100,1,0.0005000000000000004,0.7159318740849122,0.4555152328936614
SpiralScanPath_7,Spiral,heldout,4,0.15,293.7162576554685,0.15033986405437824,A,4783fb7f9ccc54f017154ca1a6ff7ae549b43cb99a85ac7f8d992786edcd7c67,unused,237cd44dbfeea0cf281c00542ac3e4fa46fbf743a32695232b329ce5170d4dfa,42139f0603c926d33a10b4d0a78bccc82915386c4c0076fe8b8bbb7963bd43d3,11.768422115619032,477,376,2600041,,0.1274635699391127,0.9997523096405558,1.006056255413408,0.0,0.9997148777590069,1.005314915164688,0.0,False,400,100,1,0.0005000000000000004,0.7159318740849122,0.7060751469694296
SpiralScanPath_7,Spiral,heldout,4,0.15,293.7162576554685,0.15033986405437824,B,4783fb7f9ccc54f017154ca1a6ff7ae549b43cb99a85ac7f8d992786edcd7c67,89b03eba9ac5aed54bd9d34fb0e3db21c1654fafb3c07c07e64a485bccc25e83,a8e5142aa38091b4fb4a7de6bd3928cbd9c68a873de7119696575838aef37dd6,42139f0603c926d33a10b4d0a78bccc82915386c4c0076fe8b8bbb7963bd43d3,11.768422115619032,477,376,2600041,1.0039058440044746,0.129631235203753,0.9997382492243395,1.006056269312299,0.0,0.9995682349164401,1.0039727228852982,0.0,False,400,100,1,0.0005000000000000004,0.7159318740849122,0.7060751469694296
SpiralScanPath_7,Spiral,heldout,4,0.15,293.7162576554685,0.15033986405437824,C,4783fb7f9ccc54f017154ca1a6ff7ae549b43cb99a85ac7f8d992786edcd7c67,89b03eba9ac5aed54bd9d34fb0e3db21c1654fafb3c07c07e64a485bccc25e83,a8e5142aa38091b4fb4a7de6bd3928cbd9c68a873de7119696575838aef37dd6,63c362286af82ba15fa96d55cffa7eccd4f41d7412fe4ed19649b1fdac1b00a3,1.2186335953001641,477,376,2600041,1.0039058440044746,0.04173727433440949,0.999782370575543,1.0070255019631489,0.0,0.9997450021741607,1.0045826874666206,0.0,False,400,100,1,0.0005000000000000004,0.7159318740849122,0.7060751469694296
SpiralScanPath_7,Spiral,heldout,5,0.2,293.5401773875542,0.20031987205117952,A,43150fb7a4a841a17738ae4de361972a2be0950e6c9e88e4b83cd94fd61ccc11,unused,237cd44dbfeea0cf281c00542ac3e4fa46fbf743a32695232b329ce5170d4dfa,2d8957c36186c4bc0c82d19ab607de03595564cd3d48efee07ed65c9c66e83db,11.768422115619032,596,501,2600041,,0.12470613495396715,0.9997918859264933,1.0093714539020768,0.0,0.9997918859264933,1.0081483115993723,0.0,False,400,100,1,0.0005000000000000004,0.7159318740849122,0.963955792641907
SpiralScanPath_7,Spiral,heldout,5,0.2,293.5401773875542,0.20031987205117952,B,43150fb7a4a841a17738ae4de361972a2be0950e6c9e88e4b83cd94fd61ccc11,8e466ef63378e70a6b97dcce18789ebd80d5789277bc147bbdce37be01ac6aaa,5e2896e613d59ded5aa66415cdad9ef1f5a90aba1b5103b9e48162b0e1063f58,2d8957c36186c4bc0c82d19ab607de03595564cd3d48efee07ed65c9c66e83db,11.768422115619032,596,501,2600041,1.0059615030959042,0.12970681863824887,0.9998258351157862,1.0090352289864346,0.0,0.9998845557750581,1.0081902206188718,0.0,False,400,100,1,0.0005000000000000004,0.7159318740849122,0.963955792641907
SpiralScanPath_7,Spiral,heldout,5,0.2,293.5401773875542,0.20031987205117952,C,43150fb7a4a841a17738ae4de361972a2be0950e6c9e88e4b83cd94fd61ccc11,8e466ef63378e70a6b97dcce18789ebd80d5789277bc147bbdce37be01ac6aaa,5e2896e613d59ded5aa66415cdad9ef1f5a90aba1b5103b9e48162b0e1063f58,e9995a47549e42d9895391f2b6797b7456702c44d519cea8827099f6739c812a,1.4765142409726417,596,501,2600041,1.0059615030959042,0.04861334120812633,0.9997900570762234,1.0077759929535866,0.0,0.9997616259438366,1.0065918156872466,0.0,False,400,100,1,0.0005000000000000004,0.7159318740849122,0.963955792641907
SpiralScanPath_8,Spiral,heldout,0,0.03,295.9806504909343,0.03438624550179928,A,c8493122eed5fa141b30cf2d083164d414bd8aab53be26aa34c43f621da8a9ca,unused,0df8045c986db36ddcdb654d1937ab050f13736a363caf8d193bfb4c5fb521e3,f1beec96bb5bb5ca14d9f8b72e088c64996f6fd5fd3b2afa295b47f15af4b324,11.768422115619032,200,86,2700041,,0.13449393841533694,0.9997513086092109,1.0056365546363808,0.0,0.9998520459229632,1.003081295111956,0.0,False,400,100,1,0.0005000000000000004,0.7159318740849122,0.12822866566227173
SpiralScanPath_8,Spiral,heldout,0,0.03,295.9806504909343,0.03438624550179928,B,c8493122eed5fa141b30cf2d083164d414bd8aab53be26aa34c43f621da8a9ca,4c5ec596d5a74c2df40b1cfc1b4dcf60c79c08ac42f1e155e7de6b29dd8e35e7,4c80bd7cb50b4baddad64dfb2a06878a6a1757a501bcc0668dd8bdcd2d3af58b,f1beec96bb5bb5ca14d9f8b72e088c64996f6fd5fd3b2afa295b47f15af4b324,11.768422115619032,200,86,2700041,1.0025799771856518,0.13487625073014553,0.9997388983196409,1.005636554636378,0.0,0.9995979197764142,1.0026634662054612,0.0,False,400,100,1,0.0005000000000000004,0.7159318740849122,0.12822866566227173
SpiralScanPath_8,Spiral,heldout,0,0.03,295.9806504909343,0.03438624550179928,C,c8493122eed5fa141b30cf2d083164d414bd8aab53be26aa34c43f621da8a9ca,4c5ec596d5a74c2df40b1cfc1b4dcf60c79c08ac42f1e155e7de6b29dd8e35e7,4c80bd7cb50b4baddad64dfb2a06878a6a1757a501bcc0668dd8bdcd2d3af58b,84030a33401de6b0f74ca3699ff32cacb90095251097e865ffd6ffc8add594d0,0.6407871139930064,200,86,2700041,1.0025799771856518,0.031749081388617484,0.9997473007781676,1.005636554638762,0.0,0.9994937272164747,1.0028513222696562,0.0,False,400,100,1,0.0005000000000000004,0.7159318740849122,0.12822866566227173
SpiralScanPath_8,Spiral,heldout,1,0.05,295.5992006256562,0.05037984806077569,A,0957e8a1b85937548cd3fc7ae1bfc3970873aa40bbc8bb5f80d41f27ca0cd1d1,unused,0df8045c986db36ddcdb654d1937ab050f13736a363caf8d193bfb4c5fb521e3,b452c01ac0402d7b15c9e489e525bafe6b2ee9939985cc87bb09ed892008beda,11.768422115619032,238,126,2700041,,0.1334450731099321,0.9997622862510491,1.0056365546363808,0.0,0.9998887255210256,1.0046952668244955,0.0,False,400,100,1,0.0005000000000000004,0.7159318740849122,0.21059066937569865
SpiralScanPath_8,Spiral,heldout,1,0.05,295.5992006256562,0.05037984806077569,B,0957e8a1b85937548cd3fc7ae1bfc3970873aa40bbc8bb5f80d41f27ca0cd1d1,6cd30fef200815c5ec5b826ce24d446846b3e0ad279f4901f9057b373197396f,6d325570e1436d5541d3ac6d574b89ef1e01f469b5e962d5ba8995d85767b7a9,b452c01ac0402d7b15c9e489e525bafe6b2ee9939985cc87bb09ed892008beda,11.768422115619032,238,126,2700041,1.0073113179195323,0.13488403757698766,0.9997429384391319,1.005636554636378,0.0,0.9996809807277527,1.0038898041293884,0.0,False,400,100,1,0.0005000000000000004,0.7159318740849122,0.21059066937569865
SpiralScanPath_8,Spiral,heldout,1,0.05,295.5992006256562,0.05037984806077569,C,0957e8a1b85937548cd3fc7ae1bfc3970873aa40bbc8bb5f80d41f27ca0cd1d1,6cd30fef200815c5ec5b826ce24d446846b3e0ad279f4901f9057b373197396f,6d325570e1436d5541d3ac6d574b89ef1e01f469b5e962d5ba8995d85767b7a9,20c67263c3f7b2dcf72283191faa1506fdb8e425315d695c18d4bdf31e25dc02,0.7231491177064333,238,126,2700041,1.0073113179195323,0.0335864061309918,0.9997491953015817,1.0056365546318173,0.0,0.9996586145645445,1.0026907596642216,0.0,False,400,100,1,0.0005000000000000004,0.7159318740849122,0.21059066937569865
SpiralScanPath_8,Spiral,heldout,2,0.075,295.245009257165,0.07516993202718912,A,37df31186c04f020693f4e77f8f022114a5f772fb48f5e4f145e7b350cd87a8d,unused,0df8045c986db36ddcdb654d1937ab050f13736a363caf8d193bfb4c5fb521e3,43e69da338f06a9e6f66ac421991457595d949a3f9bf6c36f6f82d8dd937c50e,11.768422115619032,298,188,2700041,,0.13310797620874484,0.9997340445955747,1.0067250702915285,0.0,0.9996791968237722,1.0034393205028418,0.0,False,400,100,1,0.0005000000000000004,0.7159318740849122,0.3323648454754486
SpiralScanPath_8,Spiral,heldout,2,0.075,295.245009257165,0.07516993202718912,B,37df31186c04f020693f4e77f8f022114a5f772fb48f5e4f145e7b350cd87a8d,aceb02228b11700b050ab0e70a6efd4c79fc2bb0377c3c1ca4f75fd3fc916e63,f8f1d5fa64faf4c964bdb68006ee0eb203b63b01e869714c2860fb03d7826a8d,43e69da338f06a9e6f66ac421991457595d949a3f9bf6c36f6f82d8dd937c50e,11.768422115619032,298,188,2700041,1.0034315856240679,0.13460190003773712,0.9997411913283851,1.0071504129027182,0.0,0.9997230041073657,1.0040841062479162,0.0,False,400,100,1,0.0005000000000000004,0.7159318740849122,0.3323648454754486
SpiralScanPath_8,Spiral,heldout,2,0.075,295.245009257165,0.07516993202718912,C,37df31186c04f020693f4e77f8f022114a5f772fb48f5e4f145e7b350cd87a8d,aceb02228b11700b050ab0e70a6efd4c79fc2bb0377c3c1ca4f75fd3fc916e63,f8f1d5fa64faf4c964bdb68006ee0eb203b63b01e869714c2860fb03d7826a8d,7eea383df080a788c621b326e6154a6a1658e012d88206d3e931c1f0c4f01ca3,0.8449232938061831,298,188,2700041,1.0034315856240679,0.03688186821426562,0.9997299057334673,1.005636554628649,0.0,0.9996058987021292,1.004066437137467,0.0,False,400,100,1,0.0005000000000000004,0.7159318740849122,0.3323648454754486
SpiralScanPath_8,Spiral,heldout,3,0.1,294.88315437906476,0.10035985605757697,A,b5717e1619e8506a83d6bae1a1d97ae06b42acd1c25bd6ae6779555d167aa8da,unused,0df8045c986db36ddcdb654d1937ab050f13736a363caf8d193bfb4c5fb521e3,84a3b8e2575c5d3ba9faba699075f693551a663d6c2a9594f8ff83c1ee367423,11.768422115619032,359,251,2700041,,0.13179248039057556,0.9997271860321479,1.00563655463638,0.0,0.9997271860321479,1.0038984178040833,0.0,False,400,100,1,0.0005000000000000004,0.7159318740849122,0.4514256565182577
SpiralScanPath_8,Spiral,heldout,3,0.1,294.88315437906476,0.10035985605757697,B,b5717e1619e8506a83d6bae1a1d97ae06b42acd1c25bd6ae6779555d167aa8da,8e44420183a260229e7bc45ef660e5f16537d551f05971927052040ef756487a,6f6dfe758a0c7cfed5c246fa13a91877b41eec4cb727b8c5b7719413ef4d206c,84a3b8e2575c5d3ba9faba699075f693551a663d6c2a9594f8ff83c1ee367423,11.768422115619032,359,251,2700041,1.0036335596594657,0.13301790344072834,0.9997170439655535,1.005636554636379,0.0,0.999562878774626,1.002951299143081,0.0,False,400,100,1,0.0005000000000000004,0.7159318740849122,0.4514256565182577
SpiralScanPath_8,Spiral,heldout,3,0.1,294.88315437906476,0.10035985605757697,C,b5717e1619e8506a83d6bae1a1d97ae06b42acd1c25bd6ae6779555d167aa8da,8e44420183a260229e7bc45ef660e5f16537d551f05971927052040ef756487a,6f6dfe758a0c7cfed5c246fa13a91877b41eec4cb727b8c5b7719413ef4d206c,b4802faa6605ce0039c286a9a4c0aed0a61b943ce88148375ad8677c300b064c,0.9639841048489924,359,251,2700041,1.0036335596594657,0.0385690395296593,0.9997407764013955,1.006625191700017,0.0,0.9997833540335227,1.006625191700017,0.0,False,400,100,1,0.0005000000000000004,0.7159318740849122,0.4514256565182577
SpiralScanPath_8,Spiral,heldout,4,0.15,293.7897867473018,0.15033986405437824,A,f461fc6eb1d165253dad941155d9eaf7800cebb94a9d7121b610d37623ee8414,unused,0df8045c986db36ddcdb654d1937ab050f13736a363caf8d193bfb4c5fb521e3,8a100a2f8fc5558ed78d6f93bc0e744c5175aa15bc1395278525446d34ba830d,11.768422115619032,477,376,2700041,,0.1285629172450204,0.9997219263943662,1.0062289518282743,0.0,0.9996197263083823,1.0054265466571088,0.0,False,400,100,1,0.0005000000000000004,0.7159318740849122,0.7133943253103203
SpiralScanPath_8,Spiral,heldout,4,0.15,293.7897867473018,0.15033986405437824,B,f461fc6eb1d165253dad941155d9eaf7800cebb94a9d7121b610d37623ee8414,96996c591b11e28126b458585dbcc43c3f0d41b8fbc4654273359f3cb52b10a0,08bcc40d047c97f2f1a06d64a7e62a924044018bd349c9d2aa9d534a78987b95,8a100a2f8fc5558ed78d6f93bc0e744c5175aa15bc1395278525446d34ba830d,11.768422115619032,477,376,2700041,1.0039367950778109,0.13112431033264466,0.9997101226819076,1.006503399758167,0.0,0.9995450911807919,1.00562244230872,0.0,False,400,100,1,0.0005000000000000004,0.7159318740849122,0.7133943253103203
SpiralScanPath_8,Spiral,heldout,4,0.15,293.7897867473018,0.15033986405437824,C,f461fc6eb1d165253dad941155d9eaf7800cebb94a9d7121b610d37623ee8414,96996c591b11e28126b458585dbcc43c3f0d41b8fbc4654273359f3cb52b10a0,08bcc40d047c97f2f1a06d64a7e62a924044018bd349c9d2aa9d534a78987b95,9a3bfc5ffdecb77227e64496a169af9fc712b1a32245c9e05e4b1ee17df7c176,1.225952773641055,477,376,2700041,1.0039367950778109,0.043472157395811256,0.9997132558269927,1.0056365193598746,0.0,0.9995351799822277,1.0045146008587758,0.0,False,400,100,1,0.0005000000000000004,0.7159318740849122,0.7133943253103203
SpiralScanPath_8,Spiral,heldout,5,0.2,293.5764784272881,0.20031987205117952,A,420fa06e43d4d6055022bcb86f6cb6cd21075716a46115fdf036325b96f2af60,unused,0df8045c986db36ddcdb654d1937ab050f13736a363caf8d193bfb4c5fb521e3,1b4aba0285e5c0ec3233eea0f840e7d2532c558c9a192198eb43f601159a3672,11.768422115619032,593,501,2700041,,0.1281952088952747,0.999798335663276,1.0082144229255041,0.0,0.9998077648716661,1.0082144229255041,0.0,False,400,100,1,0.0005000000000000004,0.7159318740849122,0.9226223093285235
SpiralScanPath_8,Spiral,heldout,5,0.2,293.5764784272881,0.20031987205117952,B,420fa06e43d4d6055022bcb86f6cb6cd21075716a46115fdf036325b96f2af60,a8546d5763b892415f7766080ddc743f9dc36113133d9010eb8e13e905e11d3f,9100960047b618d1fde77fa01b417e8308d38d3a39f643255a321cc10aeab1ea,1b4aba0285e5c0ec3233eea0f840e7d2532c558c9a192198eb43f601159a3672,11.768422115619032,593,501,2700041,1.007223711349984,0.13158587939733607,0.9998094543165492,1.007187095187251,0.0,0.9998249868149276,1.0071284253648412,0.0,False,400,100,1,0.0005000000000000004,0.7159318740849122,0.9226223093285235
SpiralScanPath_8,Spiral,heldout,5,0.2,293.5764784272881,0.20031987205117952,C,420fa06e43d4d6055022bcb86f6cb6cd21075716a46115fdf036325b96f2af60,a8546d5763b892415f7766080ddc743f9dc36113133d9010eb8e13e905e11d3f,9100960047b618d1fde77fa01b417e8308d38d3a39f643255a321cc10aeab1ea,3484f7a06f33b2dafdff215bf16765436215d4768e8e162dbe6eb36b6ee34779,1.4351807576592581,593,501,2700041,1.007223711349984,0.051001835413911394,0.9998278640804109,1.0067386721348541,0.0,0.9998931736152847,1.0053755506353772,0.0,False,400,100,1,0.0005000000000000004,0.7159318740849122,0.9226223093285235
SpiralScanPath_9,Spiral,heldout,0,0.03,296.12811830237854,0.03198720511795282,A,3ffc2eb80d3980162a5876c85bc3ef7833f5609c3d81cb2405358f8e15f1546e,unused,313ce9b1d01f383f61427435358412db634209859b478a8b7920b79ff6c6bc9b,285e891e479868c3545a91634506bcc5c41722a84b5140c09c3469e7f8466908,11.768422115619032,195,80,2800041,,0.13294912557275948,0.999775117523327,1.0061463535263666,0.0,1.000162738663378,1.005536446145745,0.0,False,400,100,1,0.0005000000000000004,0.7159318740849122,0.1206763556412302
SpiralScanPath_9,Spiral,heldout,0,0.03,296.12811830237854,0.03198720511795282,B,3ffc2eb80d3980162a5876c85bc3ef7833f5609c3d81cb2405358f8e15f1546e,8203f4e7724f1591aa94f518aa332cd209992bf6df1942bec6f50ad438dc6fd5,fd31121fad2cabd60c4c93c99ae9d0d1c407582999a8ee337374fa9750dea5ef,285e891e479868c3545a91634506bcc5c41722a84b5140c09c3469e7f8466908,11.768422115619032,195,80,2800041,1.006132463757438,0.1328411520776555,0.9997425562637695,1.0061463535263577,0.0,0.9996561869114909,1.0033509280138495,0.0,False,400,100,1,0.0005000000000000004,0.7159318740849122,0.1206763556412302
SpiralScanPath_9,Spiral,heldout,0,0.03,296.12811830237854,0.03198720511795282,C,3ffc2eb80d3980162a5876c85bc3ef7833f5609c3d81cb2405358f8e15f1546e,8203f4e7724f1591aa94f518aa332cd209992bf6df1942bec6f50ad438dc6fd5,fd31121fad2cabd60c4c93c99ae9d0d1c407582999a8ee337374fa9750dea5ef,1fce8d438cf8b8abe1d3a4eb37c5051e74bc3ccab481259e391d4e9410821fd8,0.6332348039719647,195,80,2800041,1.006132463757438,0.03167693680519274,0.9997637380653449,1.0061463535270685,0.0,0.9998112041676686,1.004825514669285,0.0,False,400,100,1,0.0005000000000000004,0.7159318740849122,0.1206763556412302
SpiralScanPath_9,Spiral,heldout,1,0.05,295.7760414906734,0.05037984806077569,A,2957dc4e55c766450603dcc99ce3149a5c537233513d1da263fe2a2697515fec,unused,313ce9b1d01f383f61427435358412db634209859b478a8b7920b79ff6c6bc9b,c5815e067ddd8ba2e11b0acd27fda6dcfebefb5830802a9d39807ebea05b069a,11.768422115619032,239,126,2800041,,0.13191939132936115,0.9997753925442241,1.0061463535263666,0.0,0.9997370875815772,1.0050603823356827,0.0,False,400,100,1,0.0005000000000000004,0.7159318740849122,0.1887541645881785
SpiralScanPath_9,Spiral,heldout,1,0.05,295.7760414906734,0.05037984806077569,B,2957dc4e55c766450603dcc99ce3149a5c537233513d1da263fe2a2697515fec,f46ef8f9ee4b5ac9979083d96523b78bc96dcb96898738ad6dbd7469b96d0603,2af7c54b396fc3ff2a6b153360a8e3cc90985df49d0e3ab96ec9c01508052cd8,c5815e067ddd8ba2e11b0acd27fda6dcfebefb5830802a9d39807ebea05b069a,11.768422115619032,239,126,2800041,1.0035079230690707,0.1326098696662186,0.9997750963608137,1.0061463535263577,0.0,0.9997316171213575,1.0039188735026905,0.0,False,400,100,1,0.0005000000000000004,0.7159318740849122,0.1887541645881785
SpiralScanPath_9,Spiral,heldout,1,0.05,295.7760414906734,0.05037984806077569,C,2957dc4e55c766450603dcc99ce3149a5c537233513d1da263fe2a2697515fec,f46ef8f9ee4b5ac9979083d96523b78bc96dcb96898738ad6dbd7469b96d0603,2af7c54b396fc3ff2a6b153360a8e3cc90985df49d0e3ab96ec9c01508052cd8,515fa29439bb06990bd89f7ceea0a9981a0f9f81a7aa897f20bd6489b6c4021e,0.7013126129189131,239,126,2800041,1.0035079230690707,0.03235247461465949,0.999750613354324,1.0061463535273685,0.0,0.9995069386138268,1.004247895855904,0.0,False,400,100,1,0.0005000000000000004,0.7159318740849122,0.1887541645881785
SpiralScanPath_9,Spiral,heldout,2,0.075,295.38426676489865,0.07516993202718912,A,dc1cc633ce676087a1b791c978ab34849001c131f8195b1df8e3a8f667d12d8a,unused,313ce9b1d01f383f61427435358412db634209859b478a8b7920b79ff6c6bc9b,008c431afc631980166a70770f22f782ec287c9e1d8e250808a26e65fc104b08,11.768422115619032,297,188,2800041,,0.1310077388477291,0.9997555110012709,1.0061463535263666,0.0,0.9996810433326246,1.0032048656404566,0.0,False,400,100,1,0.0005000000000000004,0.7159318740849122,0.30928379711822007
SpiralScanPath_9,Spiral,heldout,2,0.075,295.38426676489865,0.07516993202718912,B,dc1cc633ce676087a1b791c978ab34849001c131f8195b1df8e3a8f667d12d8a,8a729c3e876e482dcfb4c74ce3f5d856dbfbd8678b12f152a9ef5a1880bd1370,e96113a063fca62d332c7458db5a7da4b62195e8e03968d48f2b18fb8c5cc0c2,008c431afc631980166a70770f22f782ec287c9e1d8e250808a26e65fc104b08,11.768422115619032,297,188,2800041,1.00455704148003,0.13308960029990166,0.9997498414754674,1.0061463535263577,0.0,0.999480029128882,1.0038305701126145,0.0,False,400,100,1,0.0005000000000000004,0.7159318740849122,0.30928379711822007
SpiralScanPath_9,Spiral,heldout,2,0.075,295.38426676489865,0.07516993202718912,C,dc1cc633ce676087a1b791c978ab34849001c131f8195b1df8e3a8f667d12d8a,8a729c3e876e482dcfb4c74ce3f5d856dbfbd8678b12f152a9ef5a1880bd1370,e96113a063fca62d332c7458db5a7da4b62195e8e03968d48f2b18fb8c5cc0c2,b0c87b60d51f123f641bc2ce55ebbd6d70c885146c8f1f40b3a61c800f2b102f,0.8218422454489546,297,188,2800041,1.00455704148003,0.03565000302192881,0.9997526477295291,1.0061463535263984,0.0,0.9994883675747555,1.0061044857505153,0.0,False,400,100,1,0.0005000000000000004,0.7159318740849122,0.30928379711822007
SpiralScanPath_9,Spiral,heldout,3,0.1,294.9675304020563,0.10035985605757697,A,808478879c827b42c0e2642fdb3de1a900438a9d5a9a257f7078bf030339fb6f,unused,313ce9b1d01f383f61427435358412db634209859b478a8b7920b79ff6c6bc9b,2839712f630725a00baeaa76f06d57c5cab4204c3d43faac3833c65cb572b30c,11.768422115619032,359,251,2800041,,0.13091990580412127,0.9997772741672516,1.0061463535263666,0.0,0.9998189061707764,1.0042021229825087,0.0,False,400,100,1,0.0005000000000000004,0.7159318740849122,0.45086055203639896
SpiralScanPath_9,Spiral,heldout,3,0.1,294.9675304020563,0.10035985605757697,B,808478879c827b42c0e2642fdb3de1a900438a9d5a9a257f7078bf030339fb6f,867dedd7ea4106f5e6338340aabe0426cc7f03c9dad3113a26cbe64289a8db5b,ca9b9c1c45145f5bc4f77d6d749d0c3fcc9d23fa96a9c6602690963f2401e035,2839712f630725a00baeaa76f06d57c5cab4204c3d43faac3833c65cb572b30c,11.768422115619032,359,251,2800041,1.003424450200829,0.13144850400766245,0.9997667642838832,1.0061463535263568,0.0,0.9998449179166462,1.0032158396145616,0.0,False,400,100,1,0.0005000000000000004,0.7159318740849122,0.45086055203639896
SpiralScanPath_9,Spiral,heldout,3,0.1,294.9675304020563,0.10035985605757697,C,808478879c827b42c0e2642fdb3de1a900438a9d5a9a257f7078bf030339fb6f,867dedd7ea4106f5e6338340aabe0426cc7f03c9dad3113a26cbe64289a8db5b,ca9b9c1c45145f5bc4f77d6d749d0c3fcc9d23fa96a9c6602690963f2401e035,be4451467768c11efb39b285bc8fd86bd5f756b718e12c81f566b6a22504bcff,0.9634190003671335,359,251,2800041,1.003424450200829,0.03808957218218873,0.9997545697042961,1.0061463535264872,0.0,0.9996463907402215,1.004427669481609,0.0,False,400,100,1,0.0005000000000000004,0.7159318740849122,0.45086055203639896
SpiralScanPath_9,Spiral,heldout,4,0.15,293.8488013243716,0.15033986405437824,A,0b591ab7d4c62743d209b7413dfbbe537760d8164d8effb1a2527bdd6eaaad95,unused,313ce9b1d01f383f61427435358412db634209859b478a8b7920b79ff6c6bc9b,550bdefee231dc1992bd19b4e2f0a34e6e983ae39531f30902fda0ed7fb57510,11.768422115619032,477,376,2800041,,0.12841368320557367,0.9997533006469018,1.0063411882163957,0.0,0.9997966721348359,1.0063411882163957,0.0,False,400,100,1,0.0005000000000000004,0.7159318740849122,0.6930674860352944
SpiralScanPath_9,Spiral,heldout,4,0.15,293.8488013243716,0.15033986405437824,B,0b591ab7d4c62743d209b7413dfbbe537760d8164d8effb1a2527bdd6eaaad95,e3fbf45b34f4323f5548d26545f7c6fd7bce8399632b48ff72b775ed5aaaae3c,ff590727f2a1dd9f4135b2429a79da01eda3d9503c540a675eb6e910891f68a2,550bdefee231dc1992bd19b4e2f0a34e6e983ae39531f30902fda0ed7fb57510,11.768422115619032,477,376,2800041,1.0035829483333245,0.1283873362757534,0.9997351977152663,1.0061456581907826,0.0,0.9995880529934894,1.0043722717710337,0.0,False,400,100,1,0.0005000000000000004,0.7159318740849122,0.6930674860352944
SpiralScanPath_9,Spiral,heldout,4,0.15,293.8488013243716,0.15033986405437824,C,0b591ab7d4c62743d209b7413dfbbe537760d8164d8effb1a2527bdd6eaaad95,e3fbf45b34f4323f5548d26545f7c6fd7bce8399632b48ff72b775ed5aaaae3c,ff590727f2a1dd9f4135b2429a79da01eda3d9503c540a675eb6e910891f68a2,8236b5689dfd0c39fd6ad0be76955f6460cad75fd8731074789a9ece6ceddb22,1.2056259343660292,477,376,2800041,1.0035829483333245,0.04149187181000542,0.9997506136580333,1.0061457680075399,0.0,0.9996937392647633,1.0033373465796886,0.0,False,400,100,1,0.0005000000000000004,0.7159318740849122,0.6930674860352944
SpiralScanPath_9,Spiral,heldout,5,0.2,293.6047920369698,0.20031987205117952,A,323f504b5486852bf3625fd0164ec235ea7419810db1ec82b611b0cc97b01804,unused,313ce9b1d01f383f61427435358412db634209859b478a8b7920b79ff6c6bc9b,d0f8272bb83b527034e6f8a531388d9c5cc4e3649b49687369b63d199ccb4ff4,11.768422115619032,593,501,2800041,,0.12274066852250248,0.9997716488028252,1.0061806430430653,0.0,0.9997064397411947,1.0056343166283532,0.0,False,400,100,1,0.0005000000000000004,0.7159318740849122,0.8894033963948647
SpiralScanPath_9,Spiral,heldout,5,0.2,293.6047920369698,0.20031987205117952,B,323f504b5486852bf3625fd0164ec235ea7419810db1ec82b611b0cc97b01804,f2554aec3335afc4c83b94ee08abfd61eda625b8d496b32462c197883a5bcbfa,bce26efa39876b29f793a6dd3ae890270d6b2139a78138a35fab58516aa8b44a,d0f8272bb83b527034e6f8a531388d9c5cc4e3649b49687369b63d199ccb4ff4,11.768422115619032,593,501,2800041,1.0045264601327522,0.12735118777289633,0.9997781770037651,1.0078780099226143,0.0,0.9997133313777519,1.0078780099226143,0.0,False,400,100,1,0.0005000000000000004,0.7159318740849122,0.8894033963948647
SpiralScanPath_9,Spiral,heldout,5,0.2,293.6047920369698,0.20031987205117952,C,323f504b5486852bf3625fd0164ec235ea7419810db1ec82b611b0cc97b01804,f2554aec3335afc4c83b94ee08abfd61eda625b8d496b32462c197883a5bcbfa,bce26efa39876b29f793a6dd3ae890270d6b2139a78138a35fab58516aa8b44a,f4f81db124bfebfa00b618e3bb3081e4e4d92ddac7c421792c48f195b416441e,1.4019618447255993,593,501,2800041,1.0045264601327522,0.04743034609320739,0.9997662270533143,1.0059806027618778,0.0,0.9996991185033736,1.005843435299137,0.0,False,400,100,1,0.0005000000000000004,0.7159318740849122,0.8894033963948647
