method,field_rel_l2,hot_region_rel_l2,peak_true,peak_pred,peak_abs_error,peak_rel_error,target_frac_saturated,actual_frac_saturated,threshold,noise_sd,lengthscale,signal_sd
exact clipped,0.2237229586269433,0.2897808484318933,1323.1498397771425,849.4616730583451,473.68816671879733,0.35800039608407497,0.25,0.23636363636363636,840.05531621472,20.0,0.55,500.0
discard saturated,0.1613141868187196,0.20834822156840793,1323.1498397771425,978.6094916603155,344.540348116827,0.2603940519501992,0.25,0.23636363636363636,840.05531621472,20.0,0.55,500.0
censored likelihood,0.15598092988167206,0.20136720108366257,1323.1498397771425,988.152814524022,334.99702525312046,0.25318147286292525,0.25,0.23636363636363636,840.05531621472,20.0,0.55,500.0
oracle true,9.041990572895926e-05,0.00011739130075366428,1323.1498397771425,1322.9435021724382,0.20633760470423113,0.00015594424644980835,0.25,0.23636363636363636,840.05531621472,20.0,0.55,500.0
