method,objective,success,field_rel_l2,peak_abs_error,peak_rel_error,sat_region_rel_l2,unsat_region_rel_l2,T0_hat,T0_true,T0_rel_error,A_hat,A_true,A_rel_error,xc_hat,xc_true,xc_rel_error,yc_hat,yc_true,yc_rel_error,sx_hat,sx_true,sx_rel_error,sy_hat,sy_true,sy_rel_error
exact,0.0003174955959166292,True,0.22552760928002558,836.1600170928052,0.5318705102165869,0.3901292964787259,0.026151917654948325,467.92405950523073,473.15,0.011044997347076504,268.1388185403777,1100.0,0.7562374376905656,0.40006132868768,0.4,0.00015332171919998916,-0.20035632688226804,-0.2,0.0017816344113401328,1.9076006405822707,1.25,0.5260805124658166,0.6876753937133505,0.45,0.5281675415852233
discard,8.596721932309498e-06,True,0.0887425212644517,351.43735008033536,0.22354472693669483,0.15396846437738335,0.00602526022019029,472.16205140331454,473.15,0.002088024086833862,749.0617764771278,1100.0,0.3190347486571566,0.39878200014251997,0.4,0.0030449996437001414,-0.19931331811541592,-0.2,0.003433409422920475,1.365078762223912,1.25,0.0920630097791296,0.49197262681287773,0.45,0.09327250402861716
hinge,1.1127772130071883e-05,True,0.08065681247410628,325.7350502932834,0.20719582837418232,0.139897295436768,0.005989257180059005,472.0004465818377,473.15,0.0024295750146090464,775.1012342637491,1100.0,0.2953625143056826,0.4023734785927541,0.4,0.005933696481885131,-0.2018706326857986,-0.2,0.009353163428992978,1.3670358992110827,1.25,0.09362871936886616,0.49201906919555277,0.45,0.09337570932345057
censored,0.06865295449902646,True,0.07817173056799344,326.44087082014084,0.20764479163009864,0.13510289700572806,0.009928702430581497,471.29430533150764,473.15,0.00392200077880658,775.1012342637491,1100.0,0.2953625143056826,0.4021045170766395,0.4,0.005261292691598751,-0.20279108254353453,-0.2,0.013955412717672616,1.397533194098986,1.25,0.11802655527918873,0.5019668903371612,0.45,0.11548197852702495
