region,n_pixels,rmse_K,mae_K,signed_error_K,posterior_sd_K,coverage_95,interval_width_95_K,positive_sd_fraction,zero_sd_nonzero_error_fraction,mean_z,rms_z,mean_abs_error_over_sd,median_abs_error_over_sd,fraction_abs_z_gt_1_96,crps_K,trajectory,family,run_index,role,model,state_representation,propagation,gamma_mode,region_basis,stage
overall,2501,0.48981967343957855,0.1580427723274737,0.06852362359689614,0.7159318740849088,0.9900039984006398,2.736460163123701,1.0,0.0,-0.09571249175695917,0.6841707865928688,0.22075113296147233,0.06602685015597999,0.009596161535385846,0.22091280634473082,DiagonalScanPath_1,Diagonal,1,evaluation,hybrid previous state | mean-only | fixed gamma,hybrid previous state,mean-only,fixed gamma,current-frame truth,current forecast before Y_n
above_camera_ceiling,76,2.563016027890591,1.4595529767372268,-0.5452285202532413,0.7159318740849087,0.7105263157894737,2.749062118874823,1.0,0.0,0.7615648080344833,3.579971950776172,2.038675786858633,1.172435140603977,0.27631578947368424,1.2095304548644723,DiagonalScanPath_1,Diagonal,1,evaluation,hybrid previous state | mean-only | fixed gamma,hybrid previous state,mean-only,fixed gamma,current-frame truth,current forecast before Y_n
current_top_1pct,26,4.2344525798938095,2.9689319121703956,-2.18462237505782,0.7159318740849085,0.38461538461538464,2.7617013499674123,1.0,0.0,3.0514389066001084,5.914602678231378,4.146947523415173,2.6017949739231137,0.6153846153846154,2.6280218584035526,DiagonalScanPath_1,Diagonal,1,evaluation,hybrid previous state | mean-only | fixed gamma,hybrid previous state,mean-only,fixed gamma,current-frame truth,current forecast before Y_n
overall,2501,0.4931857567205522,0.17936134913331891,0.04515747356466033,0.6583953771263871,0.9896041583366654,2.5176864895930122,1.0,0.0,-0.06770430379920349,0.7128411583000013,0.2740940872436418,0.1392770986824819,0.010795681727309077,0.21075509769012757,DiagonalScanPath_1,Diagonal,1,evaluation,hybrid previous state | mean-only | fixed gamma,hybrid previous state,mean-only,fixed gamma,current-frame truth,current posterior after Y_n
above_camera_ceiling,76,2.5593038088767845,1.447888813105101,-0.5243112372243462,0.6874218052197512,0.7105263157894737,2.6281475712538143,1.0,0.0,0.7692979484866165,3.638412225498189,2.081100148127694,1.194119067953379,0.3026315789473684,1.2101746045731923,DiagonalScanPath_1,Diagonal,1,evaluation,hybrid previous state | mean-only | fixed gamma,hybrid previous state,mean-only,fixed gamma,current-frame truth,current posterior after Y_n
current_top_1pct,26,4.228619790980211,2.9557359825917198,-2.173661897843407,0.696290274310901,0.38461538461538464,2.649461304270867,1.0,0.0,3.1323691424718945,6.00502957857251,4.227620173828079,2.749828844600727,0.6538461538461539,2.625478862087595,DiagonalScanPath_1,Diagonal,1,evaluation,hybrid previous state | mean-only | fixed gamma,hybrid previous state,mean-only,fixed gamma,current-frame truth,current posterior after Y_n
overall,2501,0.48981967343957855,0.1580427723274737,0.06852362359689614,0.7211434975124938,0.9920031987205118,2.756665326806491,1.0,0.0,-0.0976138890036202,0.6036565110643641,0.21121458228981638,0.06602685015597999,0.007996801279488205,0.220519876091716,DiagonalScanPath_1,Diagonal,1,evaluation,hybrid previous state | moment-matched | fixed gamma,hybrid previous state,moment-matched,fixed gamma,current-frame truth,current forecast before Y_n
above_camera_ceiling,76,2.563016027890591,1.4595529767372268,-0.5452285202532413,0.8609363898292166,0.7631578947368421,3.3105636759337425,1.0,0.0,0.6725002214345037,3.0831562488690185,1.758382779342745,0.9301484505960889,0.23684210526315788,1.1989298754028457,DiagonalScanPath_1,Diagonal,1,evaluation,hybrid previous state | moment-matched | fixed gamma,hybrid previous state,moment-matched,fixed gamma,current-frame truth,current forecast before Y_n
current_top_1pct,26,4.2344525798938095,2.9689319121703956,-2.18462237505782,0.8501826137247005,0.4230769230769231,3.292617452954298,1.0,0.0,2.6387032774480534,5.090930218138683,3.587044604514309,2.3187568409351798,0.6153846153846154,2.5946851991474036,DiagonalScanPath_1,Diagonal,1,evaluation,hybrid previous state | moment-matched | fixed gamma,hybrid previous state,moment-matched,fixed gamma,current-frame truth,current forecast before Y_n
overall,2501,0.4927898637894743,0.1797150422379106,0.04618296196449793,0.6629033345875804,0.989204318272691,2.5337929854912145,1.0,0.0,-0.07078571110999853,0.6374270789774625,0.2652140219084877,0.13974503911107727,0.009196321471411436,0.21067175063430618,DiagonalScanPath_1,Diagonal,1,evaluation,hybrid previous state | moment-matched | fixed gamma,hybrid previous state,moment-matched,fixed gamma,current-frame truth,current posterior after Y_n
above_camera_ceiling,76,2.5552963758274725,1.4546069631998535,-0.4926563904242009,0.8134804704584999,0.6973684210526315,3.1040594977257987,1.0,0.0,0.6421274030758233,3.160734938929396,1.8159939473819762,0.9709539879247223,0.27631578947368424,1.1988136579130104,DiagonalScanPath_1,Diagonal,1,evaluation,hybrid previous state | moment-matched | fixed gamma,hybrid previous state,moment-matched,fixed gamma,current-frame truth,current posterior after Y_n
current_top_1pct,26,4.212227552233456,2.93836909283615,-2.142042254361826,0.8181486754000471,0.34615384615384615,3.0693884941367875,1.0,0.0,2.689026251794504,5.2049366305895255,3.6649415227457585,2.467623512695754,0.6153846153846154,2.5730505039512894,DiagonalScanPath_1,Diagonal,1,evaluation,hybrid previous state | moment-matched | fixed gamma,hybrid previous state,moment-matched,fixed gamma,current-frame truth,current posterior after Y_n
overall,2501,0.4880072343431168,0.15778978655441084,0.06800738955718691,0.7159318740849088,0.9900039984006398,2.736460163123701,1.0,0.0,-0.09499142588687332,0.6816392061980465,0.22039776725417476,0.06602685015597999,0.009596161535385846,0.22068849782889363,DiagonalScanPath_1,Diagonal,1,evaluation,hybrid previous state | mean-only | development-recalibrated gamma,hybrid previous state,mean-only,development-recalibrated gamma,current-frame truth,current forecast before Y_n
above_camera_ceiling,76,2.5516132321074876,1.451227747547355,-0.5622166956915674,0.7159318740849087,0.7105263157894737,2.749062118874823,1.0,0.0,0.785293567785598,3.564044742900873,2.027047265359275,1.172435140603977,0.27631578947368424,1.2021489338367264,DiagonalScanPath_1,Diagonal,1,evaluation,hybrid previous state | mean-only | development-recalibrated gamma,hybrid previous state,mean-only,development-recalibrated gamma,current-frame truth,current forecast before Y_n
current_top_1pct,26,4.214478938369124,2.947811346424529,-2.231065399068399,0.7159318740849085,0.38461538461538464,2.7617013499674123,1.0,0.0,3.11630963758962,5.886703876337391,4.117446719623104,2.6017949739231137,0.6153846153846154,2.607464368835441,DiagonalScanPath_1,Diagonal,1,evaluation,hybrid previous state | mean-only | development-recalibrated gamma,hybrid previous state,mean-only,development-recalibrated gamma,current-frame truth,current forecast before Y_n
overall,2501,0.49140556083346804,0.17910836336025598,0.0446412395249511,0.6583953771263871,0.9896041583366654,2.5176864895930122,1.0,0.0,-0.06697991453581731,0.7104491816591587,0.273739910670338,0.1391153243113759,0.010795681727309077,0.21053194714622328,DiagonalScanPath_1,Diagonal,1,evaluation,hybrid previous state | mean-only | development-recalibrated gamma,hybrid previous state,mean-only,development-recalibrated gamma,current-frame truth,current posterior after Y_n
above_camera_ceiling,76,2.548010236712162,1.4395635839152277,-0.5412994126626723,0.6874218052197512,0.7105263157894737,2.6281475712538143,1.0,0.0,0.793136074114628,3.622983486547909,2.0694449427351556,1.194119067953379,0.3026315789473684,1.202831189963922,DiagonalScanPath_1,Diagonal,1,evaluation,hybrid previous state | mean-only | development-recalibrated gamma,hybrid previous state,mean-only,development-recalibrated gamma,current-frame truth,current posterior after Y_n
current_top_1pct,26,4.208799795724072,2.9346154168458507,-2.2201049218539834,0.696290274310901,0.38461538461538464,2.649461304270867,1.0,0.0,3.1974842330011586,5.977931492453081,4.198116696294813,2.749828844600727,0.6538461538461539,2.60486473616081,DiagonalScanPath_1,Diagonal,1,evaluation,hybrid previous state | mean-only | development-recalibrated gamma,hybrid previous state,mean-only,development-recalibrated gamma,current-frame truth,current posterior after Y_n
overall,2501,0.4880072343431168,0.15778978655441084,0.06800738955718691,0.7211434975124938,0.9920031987205118,2.756665326806491,1.0,0.0,-0.09698856185244971,0.6017220186112531,0.21091313274697002,0.06602685015597999,0.007996801279488205,0.2202959954442933,DiagonalScanPath_1,Diagonal,1,evaluation,hybrid previous state | moment-matched | development-recalibrated gamma,hybrid previous state,moment-matched,development-recalibrated gamma,current-frame truth,current forecast before Y_n
above_camera_ceiling,76,2.5516132321074876,1.451227747547355,-0.5622166956915674,0.8609363898292166,0.7631578947368421,3.3105636759337425,1.0,0.0,0.6930784215013117,3.0706868887145418,1.7484627095182874,0.9301484505960889,0.23684210526315788,1.1915624346238436,DiagonalScanPath_1,Diagonal,1,evaluation,hybrid previous state | moment-matched | development-recalibrated gamma,hybrid previous state,moment-matched,development-recalibrated gamma,current-frame truth,current forecast before Y_n
current_top_1pct,26,4.214478938369124,2.947811346424529,-2.231065399068399,0.8501826137247005,0.4230769230769231,3.292617452954298,1.0,0.0,2.6947018284012922,5.069147533483082,3.5622005881156324,2.3187568409351798,0.6153846153846154,2.5741520343868385,DiagonalScanPath_1,Diagonal,1,evaluation,hybrid previous state | moment-matched | development-recalibrated gamma,hybrid previous state,moment-matched,development-recalibrated gamma,current-frame truth,current forecast before Y_n
overall,2501,0.49098044390215145,0.17946205646484775,0.045666727924788694,0.6629033345875804,0.989204318272691,2.5337929854912145,1.0,0.0,-0.07014921186592882,0.6355258001049469,0.2649073012272247,0.1394700795777658,0.009196321471411436,0.2104543992491926,DiagonalScanPath_1,Diagonal,1,evaluation,hybrid previous state | moment-matched | development-recalibrated gamma,hybrid previous state,moment-matched,development-recalibrated gamma,current-frame truth,current posterior after Y_n
above_camera_ceiling,76,2.5438085134620088,1.4462817340099832,-0.5096445658625269,0.8134804704584999,0.6973684210526315,3.1040594977257987,1.0,0.0,0.663073253199749,3.1481106084729236,1.8059004154893608,0.9863337634772024,0.27631578947368424,1.1916610814107853,DiagonalScanPath_1,Diagonal,1,evaluation,hybrid previous state | moment-matched | development-recalibrated gamma,hybrid previous state,moment-matched,development-recalibrated gamma,current-frame truth,current posterior after Y_n
current_top_1pct,26,4.192020602863528,2.9172485270902873,-2.1884852783724047,0.8181486754000471,0.34615384615384615,3.0693884941367875,1.0,0.0,2.7460092318825917,5.182768683741243,3.6396807036415,2.467623512695754,0.6153846153846154,2.5528305370346507,DiagonalScanPath_1,Diagonal,1,evaluation,hybrid previous state | moment-matched | development-recalibrated gamma,hybrid previous state,moment-matched,development-recalibrated gamma,current-frame truth,current posterior after Y_n
overall,2501,0.5105418550346154,0.13909357635138125,0.04712187697396262,0.7159318740849088,0.9856057576969213,2.736460163123701,1.0,0.0,-0.06581893987356405,0.7131151349940676,0.19428325708946564,0.0293670097665204,0.013594562175129948,0.22583947859744416,DiagonalScanPath_1,Diagonal,1,evaluation,coherent latent previous state | mean-only | fixed gamma,coherent latent previous state,mean-only,fixed gamma,current-frame truth,current forecast before Y_n
above_camera_ceiling,76,2.6038494823227785,1.5245940460164447,-0.47319207025968074,0.7159318740849087,0.6842105263157895,2.749062118874823,1.0,0.0,0.6609456673018037,3.6370073418661133,2.12952391310298,1.20888373763891,0.2894736842105263,1.2617348855969992,DiagonalScanPath_1,Diagonal,1,evaluation,coherent latent previous state | mean-only | fixed gamma,coherent latent previous state,mean-only,fixed gamma,current-frame truth,current forecast before Y_n
current_top_1pct,26,4.2770263652698235,3.0231552024104555,-2.130273914993023,0.7159318740849085,0.38461538461538464,2.7617013499674123,1.0,0.0,2.9755260131641728,5.974068930422525,4.2226855820249645,2.613591514901709,0.6153846153846154,2.6821971890589333,DiagonalScanPath_1,Diagonal,1,evaluation,coherent latent previous state | mean-only | fixed gamma,coherent latent previous state,mean-only,fixed gamma,current-frame truth,current forecast before Y_n
overall,2501,0.5098734578865846,0.14751709337836288,0.023725163304036716,0.6583953771263871,0.984406237504998,2.5176864895930136,1.0,0.0,-0.03670667068243662,0.7336627955946808,0.22523985118288703,0.062019184465390134,0.01479408236705318,0.2145921955722595,DiagonalScanPath_1,Diagonal,1,evaluation,coherent latent previous state | mean-only | fixed gamma,coherent latent previous state,mean-only,fixed gamma,current-frame truth,current posterior after Y_n
above_camera_ceiling,76,2.601152328217839,1.5191711895932185,-0.454335283249328,0.687421805219751,0.6973684210526315,2.6281475712538174,1.0,0.0,0.6695435890548688,3.6971562846005472,2.182099935426665,1.322142915309859,0.3026315789473684,1.264652166970582,DiagonalScanPath_1,Diagonal,1,evaluation,coherent latent previous state | mean-only | fixed gamma,coherent latent previous state,mean-only,fixed gamma,current-frame truth,current posterior after Y_n
current_top_1pct,26,4.272776804247414,3.0122852540284666,-2.121692021245036,0.696290274310901,0.38461538461538464,2.6494613042708712,1.0,0.0,3.0600403027821184,6.0665601923858885,4.30726484165602,2.745385491015097,0.6538461538461539,2.682050513695813,DiagonalScanPath_1,Diagonal,1,evaluation,coherent latent previous state | mean-only | fixed gamma,coherent latent previous state,mean-only,fixed gamma,current-frame truth,current posterior after Y_n
overall,2501,0.5105418550346154,0.13909357635138125,0.04712187697396262,2.642889043922909,0.9936025589764095,10.100190898620891,1.0,0.0,-0.018911042380438968,0.5552396812836247,0.10366511349287025,0.007405701646428392,0.007197121151539384,0.6612088760820649,DiagonalScanPath_1,Diagonal,1,evaluation,coherent latent previous state | moment-matched | fixed gamma,coherent latent previous state,moment-matched,fixed gamma,current-frame truth,current forecast before Y_n
above_camera_ceiling,76,2.6038494823227785,1.5245940460164447,-0.47319207025968074,0.9431545151550867,0.7894736842105263,3.6179029988568705,1.0,0.0,0.6717624558934079,3.0537316386941322,1.7301390686091507,0.9166527211856019,0.23684210526315788,1.2394288461857712,DiagonalScanPath_1,Diagonal,1,evaluation,coherent latent previous state | moment-matched | fixed gamma,coherent latent previous state,moment-matched,fixed gamma,current-frame truth,current forecast before Y_n
current_top_1pct,26,4.2770263652698235,3.0231552024104555,-2.130273914993023,0.8680072562704754,0.4230769230769231,3.3569329552247646,1.0,0.0,2.6031360059708466,5.062459625838477,3.5730473581516473,2.319429816627685,0.6153846153846154,2.6422465272130284,DiagonalScanPath_1,Diagonal,1,evaluation,coherent latent previous state | moment-matched | fixed gamma,coherent latent previous state,moment-matched,fixed gamma,current-frame truth,current forecast before Y_n
overall,2501,0.5931964984104303,0.3205261214550883,0.02360381421154049,2.0794951132229027,0.9932027189124351,7.95506643623847,1.0,0.0,-0.013097939538074846,0.6189498506347473,0.20750068213265002,0.1069512058421917,0.007197121151539384,0.5491318374993743,DiagonalScanPath_1,Diagonal,1,evaluation,coherent latent previous state | moment-matched | fixed gamma,coherent latent previous state,moment-matched,fixed gamma,current-frame truth,current posterior after Y_n
above_camera_ceiling,76,2.6027964529544487,1.539478351079876,-0.4078317082550972,0.8497133197329282,0.7894736842105263,3.2683507516419086,1.0,0.0,0.6348893824950594,3.2548933604208106,1.8780276476602664,1.0535890194736652,0.23684210526315788,1.2447932262587513,DiagonalScanPath_1,Diagonal,1,evaluation,coherent latent previous state | moment-matched | fixed gamma,coherent latent previous state,moment-matched,fixed gamma,current-frame truth,current posterior after Y_n
current_top_1pct,26,4.260570002891709,2.992890181549554,-2.0765628239182288,0.8047339830924382,0.4230769230769231,3.1182186134639815,1.0,0.0,2.7129030821877245,5.376393077629194,3.779539073767767,2.5512176741418235,0.6153846153846154,2.63477417815191,DiagonalScanPath_1,Diagonal,1,evaluation,coherent latent previous state | moment-matched | fixed gamma,coherent latent previous state,moment-matched,fixed gamma,current-frame truth,current posterior after Y_n
overall,2501,0.5080254114200488,0.1387419626013607,0.04640438608744814,0.7159318740849088,0.9856057576969213,2.736460163123701,1.0,0.0,-0.0648167622747086,0.7096002145028085,0.19379212970326012,0.0293670097665204,0.013594562175129948,0.2254968300586909,DiagonalScanPath_1,Diagonal,1,evaluation,coherent latent previous state | mean-only | development-recalibrated gamma,coherent latent previous state,mean-only,development-recalibrated gamma,current-frame truth,current forecast before Y_n
above_camera_ceiling,76,2.587601919476982,1.5130231777427428,-0.49680318482774277,0.7159318740849087,0.6842105263157895,2.749062118874823,1.0,0.0,0.6939252222325593,3.614313055672244,2.1133619447753493,1.20888373763891,0.2894736842105263,1.2504590435519745,DiagonalScanPath_1,Diagonal,1,evaluation,coherent latent previous state | mean-only | development-recalibrated gamma,coherent latent previous state,mean-only,development-recalibrated gamma,current-frame truth,current forecast before Y_n
current_top_1pct,26,4.249794834681723,2.9938006611074,-2.194823022387285,0.7159318740849085,0.38461538461538464,2.7617013499674123,1.0,0.0,3.0656869764217,5.936032447380187,4.181683718068878,2.613591514901709,0.6153846153846154,2.653572044683346,DiagonalScanPath_1,Diagonal,1,evaluation,coherent latent previous state | mean-only | development-recalibrated gamma,coherent latent previous state,mean-only,development-recalibrated gamma,current-frame truth,current forecast before Y_n
overall,2501,0.5073813409073032,0.14716547962834234,0.023007672417522235,0.6583953771263871,0.984406237504998,2.5176864895930136,1.0,0.0,-0.03569987404604804,0.7302932450777637,0.22474759680984044,0.062019184465390134,0.01479408236705318,0.21425049193417386,DiagonalScanPath_1,Diagonal,1,evaluation,coherent latent previous state | mean-only | development-recalibrated gamma,coherent latent previous state,mean-only,development-recalibrated gamma,current-frame truth,current posterior after Y_n
above_camera_ceiling,76,2.5850663511292526,1.5076003213195166,-0.47794639781739007,0.687421805219751,0.6973684210526315,2.6281475712538174,1.0,0.0,0.7026751467865506,3.6751372899383443,2.165900880334699,1.322142915309859,0.3026315789473684,1.2534074196172635,DiagonalScanPath_1,Diagonal,1,evaluation,coherent latent previous state | mean-only | development-recalibrated gamma,coherent latent previous state,mean-only,development-recalibrated gamma,current-frame truth,current posterior after Y_n
current_top_1pct,26,4.245778354481529,2.9829307127254108,-2.1862411286392978,0.696290274310901,0.38461538461538464,2.6494613042708712,1.0,0.0,3.150540890569067,6.029645597106859,4.266259261585164,2.745385491015097,0.6538461538461539,2.653352464398559,DiagonalScanPath_1,Diagonal,1,evaluation,coherent latent previous state | mean-only | development-recalibrated gamma,coherent latent previous state,mean-only,development-recalibrated gamma,current-frame truth,current posterior after Y_n
overall,2501,0.5080254114200488,0.1387419626013607,0.04640438608744814,2.642889043922909,0.9936025589764095,10.100190898620891,1.0,0.0,-0.018079583640147695,0.5525492546295337,0.10328246281100777,0.007405701646428392,0.007197121151539384,0.6608710630551842,DiagonalScanPath_1,Diagonal,1,evaluation,coherent latent previous state | moment-matched | development-recalibrated gamma,coherent latent previous state,moment-matched,development-recalibrated gamma,current-frame truth,current forecast before Y_n
above_camera_ceiling,76,2.587601919476982,1.5130231777427428,-0.49680318482774277,0.9431545151550867,0.7894736842105263,3.6179029988568705,1.0,0.0,0.6991240125969403,3.0376302297893303,1.7175468402494387,0.9166527211856019,0.23684210526315788,1.228312130656449,DiagonalScanPath_1,Diagonal,1,evaluation,coherent latent previous state | moment-matched | development-recalibrated gamma,coherent latent previous state,moment-matched,development-recalibrated gamma,current-frame truth,current forecast before Y_n
current_top_1pct,26,4.249794834681723,2.9938006611074,-2.194823022387285,0.8680072562704754,0.4230769230769231,3.3569329552247646,1.0,0.0,2.6790058603255775,5.035232488163403,3.5403493866480855,2.319429816627685,0.6153846153846154,2.6136700023541457,DiagonalScanPath_1,Diagonal,1,evaluation,coherent latent previous state | moment-matched | development-recalibrated gamma,coherent latent previous state,moment-matched,development-recalibrated gamma,current-frame truth,current forecast before Y_n
overall,2501,0.591004580766567,0.3201745077050677,0.022886323325026013,2.0794951132229027,0.9932027189124351,7.95506643623847,1.0,0.0,-0.012211790029140012,0.6161147309174433,0.20708729502820472,0.1069512058421917,0.007197121151539384,0.5487976639173914,DiagonalScanPath_1,Diagonal,1,evaluation,coherent latent previous state | moment-matched | development-recalibrated gamma,coherent latent previous state,moment-matched,development-recalibrated gamma,current-frame truth,current posterior after Y_n
above_camera_ceiling,76,2.586335496333942,1.5279074828061725,-0.4314428228231592,0.8497133197329282,0.7894736842105263,3.2683507516419086,1.0,0.0,0.664050697256191,3.2371441044819877,1.864423948341613,1.0602130766984539,0.23684210526315788,1.233796277199024,DiagonalScanPath_1,Diagonal,1,evaluation,coherent latent previous state | moment-matched | development-recalibrated gamma,coherent latent previous state,moment-matched,development-recalibrated gamma,current-frame truth,current posterior after Y_n
current_top_1pct,26,4.232817398097215,2.9635356402464916,-2.1411119313124933,0.8047339830924382,0.4230769230769231,3.1182186134639815,1.0,0.0,2.7933696654731053,5.346404883814187,3.7445485971604007,2.5512176741418235,0.6153846153846154,2.6065219412366765,DiagonalScanPath_1,Diagonal,1,evaluation,coherent latent previous state | moment-matched | development-recalibrated gamma,coherent latent previous state,moment-matched,development-recalibrated gamma,current-frame truth,current posterior after Y_n
overall,2501,0.6976518247738861,0.030216813230094994,0.02818349946101419,0.7159318740849088,0.9976009596161536,2.736460163123701,1.0,0.0,-0.03936617502473659,0.9744667754395097,0.04220626895361739,4.470819301464161e-06,0.0023990403838464614,0.19201563052850634,DiagonalScanPath_1,Diagonal,1,evaluation,strict oracle | exact previous state | fixed gamma,true previous state,exact state; innovation only,fixed gamma,current-frame truth,current forecast before Y_n
above_camera_ceiling,76,4.001885072314446,0.9471352934088995,0.9464781479539861,0.7159318740849087,0.9210526315789473,2.749062118874823,1.0,0.0,-1.3220226423970265,5.589756815101414,1.3229405306468733,0.10974280447201916,0.07894736842105263,0.9749354461183775,DiagonalScanPath_1,Diagonal,1,evaluation,strict oracle | exact previous state | fixed gamma,true previous state,exact state; innovation only,fixed gamma,current-frame truth,current forecast before Y_n
current_top_1pct,26,6.8405955043632165,2.6432379891357263,2.6432379891357263,0.7159318740849085,0.7692307692307693,2.7617013499674123,1.0,0.0,-3.692024457654251,9.554813456387514,3.692024457654251,0.3188657109457216,0.23076923076923078,2.518670847637047,DiagonalScanPath_1,Diagonal,1,evaluation,strict oracle | exact previous state | fixed gamma,true previous state,exact state; innovation only,fixed gamma,current-frame truth,current forecast before Y_n
overall,2501,0.701209552181772,0.07837707633808139,0.028401004100866097,0.6580407905687441,0.9976009596161536,2.5157662031057955,1.0,0.0,-0.039594143375526684,0.987137261142054,0.12385505318621998,0.04782746527237956,0.0023990403838464614,0.1823349265988433,DiagonalScanPath_1,Diagonal,1,evaluation,strict oracle | exact previous state | fixed gamma,true previous state,exact state; innovation only,fixed gamma,current-frame truth,current posterior after Y_n
above_camera_ceiling,76,3.9988069443707532,0.9663492399568382,0.9594193097937375,0.6836856051202025,0.9210526315789473,2.601315984848466,1.0,0.0,-1.3519783667855156,5.6060455782417735,1.3650841401783083,0.17070897379221056,0.07894736842105263,0.9650715565389357,DiagonalScanPath_1,Diagonal,1,evaluation,strict oracle | exact previous state | fixed gamma,true previous state,exact state; innovation only,fixed gamma,current-frame truth,current posterior after Y_n
current_top_1pct,26,6.834584005312577,2.6379725019386626,2.636307763460967,0.6961793676829243,0.7692307692307693,2.694097311222464,1.0,0.0,-3.70726779704515,9.581169390723945,3.7098673394192265,0.3062776313017441,0.23076923076923078,2.5001636053809566,DiagonalScanPath_1,Diagonal,1,evaluation,strict oracle | exact previous state | fixed gamma,true previous state,exact state; innovation only,fixed gamma,current-frame truth,current posterior after Y_n
overall,2501,0.4812890895750968,0.02287692762169221,0.006494659106209417,0.7159318740849088,0.998000799680128,2.736460163123701,1.0,0.0,-0.009071616087090376,0.6722554295969458,0.03195405659362924,4.470819301464161e-06,0.001999200319872051,0.1845512195855109,DiagonalScanPath_1,Diagonal,1,evaluation,recalibrated oracle | exact previous state | development-recalibrated gamma,true previous state,exact state; innovation only,development-recalibrated gamma,current-frame truth,current forecast before Y_n
above_camera_ceiling,76,2.760611376284837,0.7055951104271184,0.23274407259389748,0.7159318740849087,0.9342105263157895,2.749062118874823,1.0,0.0,-0.32509248577790567,3.855969368333267,0.9855618054846311,0.10974280447201916,0.06578947368421052,0.7292973965337509,DiagonalScanPath_1,Diagonal,1,evaluation,recalibrated oracle | exact previous state | development-recalibrated gamma,true previous state,exact state; innovation only,development-recalibrated gamma,current-frame truth,current forecast before Y_n
current_top_1pct,26,4.703619488367048,1.8609889444051821,0.6920002638450762,0.7159318740849085,0.8461538461538461,2.7617013499674123,1.0,0.0,-0.9665727828217995,6.569926076247311,2.599393897336761,0.3188657109457216,0.15384615384615385,1.748200724164886,DiagonalScanPath_1,Diagonal,1,evaluation,recalibrated oracle | exact previous state | development-recalibrated gamma,true previous state,exact state; innovation only,development-recalibrated gamma,current-frame truth,current forecast before Y_n
overall,2501,0.4873785609709859,0.07115097679476368,0.006712163746061349,0.6580407905687441,0.9976009596161536,2.5157662031057955,1.0,0.0,-0.009159956786101433,0.6894179409577367,0.11372017917545238,0.04782746527237956,0.001999200319872051,0.17521774491917055,DiagonalScanPath_1,Diagonal,1,evaluation,recalibrated oracle | exact previous state | development-recalibrated gamma,true previous state,exact state; innovation only,development-recalibrated gamma,current-frame truth,current posterior after Y_n
above_camera_ceiling,76,2.7616455273842364,0.7285535168273963,0.2456852344336496,0.6836856051202025,0.9210526315789473,2.601315984848466,1.0,0.0,-0.35045335809929745,3.8732422898006917,1.0315667730608122,0.17070897379221056,0.06578947368421052,0.7308600910012848,DiagonalScanPath_1,Diagonal,1,evaluation,recalibrated oracle | exact previous state | development-recalibrated gamma,true previous state,exact state; innovation only,development-recalibrated gamma,current-frame truth,current posterior after Y_n
current_top_1pct,26,4.702746182195189,1.8583075356913066,0.6850700381703169,0.6961793676829243,0.8461538461538461,2.694097311222464,1.0,0.0,-0.9715497030311065,6.594470967231127,2.6148633821372442,0.3062776313017441,0.15384615384615385,1.7494819866385036,DiagonalScanPath_1,Diagonal,1,evaluation,recalibrated oracle | exact previous state | development-recalibrated gamma,true previous state,exact state; innovation only,development-recalibrated gamma,current-frame truth,current posterior after Y_n
overall,2501,0.5185463672486894,0.16142081027366845,0.051469538659019494,0.7159318740849122,0.991203518592563,2.7390272087506586,1.0,0.0,-0.07189167087274427,0.7242956851327279,0.2254695119979018,0.08910929167382746,0.008796481407437025,0.22024584811838194,DiagonalScanPath_2,Diagonal,2,evaluation,hybrid previous state | mean-only | fixed gamma,hybrid previous state,mean-only,fixed gamma,current-frame truth,current forecast before Y_n
above_camera_ceiling,76,2.774367792941441,1.4975616801809253,-0.9269554388153357,0.715931874084912,0.7105263157894737,2.7730012386230385,1.0,0.0,1.2947536942675573,3.875184068997591,2.091765619592052,0.7676306199769594,0.2894736842105263,1.3030277380635642,DiagonalScanPath_2,Diagonal,2,evaluation,hybrid previous state | mean-only | fixed gamma,hybrid previous state,mean-only,fixed gamma,current-frame truth,current forecast before Y_n
current_top_1pct,26,4.687425872139243,3.6350595383703923,-2.8169487825029718,0.7159318740849122,0.19230769230769232,2.754073225081024,1.0,0.0,3.9346603838577954,6.547307141661494,5.077381898964399,3.093690283395111,0.8076923076923077,3.2450413510826768,DiagonalScanPath_2,Diagonal,2,evaluation,hybrid previous state | mean-only | fixed gamma,hybrid previous state,mean-only,fixed gamma,current-frame truth,current forecast before Y_n
overall,2501,0.5219822476763841,0.18760012542977514,0.04383276035427724,0.6576942420071075,0.9908036785285885,2.519637276919928,1.0,0.0,-0.06914551147649664,0.7552094220457639,0.2881298157469996,0.16012687675081771,0.009196321471411436,0.2127820150350416,DiagonalScanPath_2,Diagonal,2,evaluation,hybrid previous state | mean-only | fixed gamma,hybrid previous state,mean-only,fixed gamma,current-frame truth,current posterior after Y_n
above_camera_ceiling,76,2.766254362673239,1.5136454217489204,-0.9169126529755545,0.6775297698059205,0.6973684210526315,2.6090934548824207,1.0,0.0,1.3311787065449792,3.9396130840877204,2.1860827879850278,0.8197491589815311,0.3026315789473684,1.3074018304689548,DiagonalScanPath_2,Diagonal,2,evaluation,hybrid previous state | mean-only | fixed gamma,hybrid previous state,mean-only,fixed gamma,current-frame truth,current posterior after Y_n
current_top_1pct,26,4.669622559268472,3.6178180668348388,-2.7939759674422757,0.6902228720051785,0.15384615384615385,2.685615011131102,1.0,0.0,4.027813456674482,6.643731129479474,5.182278704534371,3.256783569115345,0.8461538461538461,3.243684964691821,DiagonalScanPath_2,Diagonal,2,evaluation,hybrid previous state | mean-only | fixed gamma,hybrid previous state,mean-only,fixed gamma,current-frame truth,current posterior after Y_n
overall,2501,0.5185463672486894,0.16142081027366845,0.051469538659019494,0.7184373254567812,0.9916033586565374,2.748733289879632,1.0,0.0,-0.07446967391844876,0.6817919261757586,0.2202030507400542,0.08910929167382746,0.008396641343462616,0.2200812402436452,DiagonalScanPath_2,Diagonal,2,evaluation,hybrid previous state | moment-matched | fixed gamma,hybrid previous state,moment-matched,fixed gamma,current-frame truth,current forecast before Y_n
above_camera_ceiling,76,2.774367792941441,1.4975616801809253,-0.9269554388153357,0.7853547552100233,0.7236842105263158,3.0413844898124665,1.0,0.0,1.2064689050645572,3.6138915841890222,1.9257405412558384,0.6763568560406678,0.27631578947368424,1.2957795897465854,DiagonalScanPath_2,Diagonal,2,evaluation,hybrid previous state | moment-matched | fixed gamma,hybrid previous state,moment-matched,fixed gamma,current-frame truth,current forecast before Y_n
current_top_1pct,26,4.687425872139243,3.6350595383703923,-2.8169487825029718,0.7855172940424312,0.23076923076923078,3.025763073253739,1.0,0.0,3.6595223577252796,6.109546893513928,4.694366025000178,2.8478101503239195,0.7692307692307693,3.2133464751180663,DiagonalScanPath_2,Diagonal,2,evaluation,hybrid previous state | moment-matched | fixed gamma,hybrid previous state,moment-matched,fixed gamma,current-frame truth,current forecast before Y_n
overall,2501,0.5220039457691088,0.18761155763572449,0.043674896053376905,0.6600748546608661,0.9920031987205118,2.52882527612103,1.0,0.0,-0.07177032369098879,0.7122015902819864,0.28259680120729075,0.16008339522282394,0.008396641343462616,0.21257639988626753,DiagonalScanPath_2,Diagonal,2,evaluation,hybrid previous state | moment-matched | fixed gamma,hybrid previous state,moment-matched,fixed gamma,current-frame truth,current posterior after Y_n
above_camera_ceiling,76,2.766454241072885,1.51384081371294,-0.9220292933640734,0.7430185440850989,0.7368421052631579,2.8621541110060096,1.0,0.0,1.2417215080834694,3.6683198291442976,2.0124396929218054,0.738250548369965,0.27631578947368424,1.2988519815352677,DiagonalScanPath_2,Diagonal,2,evaluation,hybrid previous state | moment-matched | fixed gamma,hybrid previous state,moment-matched,fixed gamma,current-frame truth,current posterior after Y_n
current_top_1pct,26,4.670146771738281,3.619091211954784,-2.7952982882937887,0.7592553292760859,0.2692307692307692,2.9539354607532924,1.0,0.0,3.7375872389350095,6.18905289347337,4.782795349763682,3.0653425843046556,0.7692307692307693,3.212032964617398,DiagonalScanPath_2,Diagonal,2,evaluation,hybrid previous state | moment-matched | fixed gamma,hybrid previous state,moment-matched,fixed gamma,current-frame truth,current posterior after Y_n
overall,2501,0.5180755113663171,0.1614193432141045,0.050963085044733035,0.7159318740849122,0.991203518592563,2.7390272087506586,1.0,0.0,-0.07118426611452786,0.7236380026081524,0.225467462837057,0.08910929167382746,0.008796481407437025,0.2202604262890089,DiagonalScanPath_2,Diagonal,2,evaluation,hybrid previous state | mean-only | development-recalibrated gamma,hybrid previous state,mean-only,development-recalibrated gamma,current-frame truth,current forecast before Y_n
above_camera_ceiling,76,2.771517246085331,1.4978672960681463,-0.9432678673144436,0.715931874084912,0.7105263157894737,2.7730012386230385,1.0,0.0,1.3175385835699898,3.871202479464713,2.092192498039965,0.7676306199769594,0.2894736842105263,1.3036333038494075,DiagonalScanPath_2,Diagonal,2,evaluation,hybrid previous state | mean-only | development-recalibrated gamma,hybrid previous state,mean-only,development-recalibrated gamma,current-frame truth,current forecast before Y_n
current_top_1pct,26,4.683324791657966,3.6380286386973397,-2.86255550422837,0.7159318740849122,0.19230769230769232,2.754073225081024,1.0,0.0,3.998362983750686,6.541578830589272,5.081529081726365,3.0470090113629817,0.8076923076923077,3.248864164018815,DiagonalScanPath_2,Diagonal,2,evaluation,hybrid previous state | mean-only | development-recalibrated gamma,hybrid previous state,mean-only,development-recalibrated gamma,current-frame truth,current forecast before Y_n
overall,2501,0.5214932081703618,0.18759865837021114,0.04332630673999083,0.6576942420071075,0.9908036785285885,2.519637276919928,1.0,0.0,-0.06843471386403505,0.7545899308161939,0.28812827849325984,0.16012687675081771,0.009196321471411436,0.2127957158758813,DiagonalScanPath_2,Diagonal,2,evaluation,hybrid previous state | mean-only | development-recalibrated gamma,hybrid previous state,mean-only,development-recalibrated gamma,current-frame truth,current posterior after Y_n
above_camera_ceiling,76,2.76326799981204,1.5139510376361405,-0.9332250814746601,0.6775297698059205,0.6973684210526315,2.6090934548824207,1.0,0.0,1.3540669553176599,3.935776484275625,2.1865348044381796,0.8197491589815311,0.3026315789473684,1.3079722769929434,DiagonalScanPath_2,Diagonal,2,evaluation,hybrid previous state | mean-only | development-recalibrated gamma,hybrid previous state,mean-only,development-recalibrated gamma,current-frame truth,current posterior after Y_n
current_top_1pct,26,4.6652906886547845,3.620787167161784,-2.8395826891676674,0.6902228720051785,0.15384615384615385,2.685615011131102,1.0,0.0,4.091810594626358,6.638237936653966,5.186506957242622,3.256783569115345,0.8461538461538461,3.2474281853416267,DiagonalScanPath_2,Diagonal,2,evaluation,hybrid previous state | mean-only | development-recalibrated gamma,hybrid previous state,mean-only,development-recalibrated gamma,current-frame truth,current posterior after Y_n
overall,2501,0.5180755113663171,0.1614193432141045,0.050963085044733035,0.7184373254567812,0.9916033586565374,2.748733289879632,1.0,0.0,-0.07381528060401839,0.6813795055074269,0.22020852096917717,0.08910929167382746,0.008396641343462616,0.2200962514448179,DiagonalScanPath_2,Diagonal,2,evaluation,hybrid previous state | moment-matched | development-recalibrated gamma,hybrid previous state,moment-matched,development-recalibrated gamma,current-frame truth,current forecast before Y_n
above_camera_ceiling,76,2.771517246085331,1.4978672960681463,-0.9432678673144436,0.7853547552100233,0.7236842105263158,3.0413844898124656,1.0,0.0,1.227532248771644,3.6113932658961594,1.926391917580682,0.6763568560406678,0.27631578947368424,1.296397340176063,DiagonalScanPath_2,Diagonal,2,evaluation,hybrid previous state | moment-matched | development-recalibrated gamma,hybrid previous state,moment-matched,development-recalibrated gamma,current-frame truth,current forecast before Y_n
current_top_1pct,26,4.683324791657966,3.6380286386973397,-2.86255550422837,0.7855172940424312,0.23076923076923078,3.025763073253737,1.0,0.0,3.718378948432919,6.1063156349459184,4.698983231308951,2.8478101503239195,0.7692307692307693,3.217178257577966,DiagonalScanPath_2,Diagonal,2,evaluation,hybrid previous state | moment-matched | development-recalibrated gamma,hybrid previous state,moment-matched,development-recalibrated gamma,current-frame truth,current forecast before Y_n
overall,2501,0.5215130239070228,0.18761009057616054,0.043168442439090376,0.6600748546608661,0.9920031987205118,2.52882527612103,1.0,0.0,-0.0711130998387871,0.7118102758410113,0.2826026730132081,0.16008339522282394,0.008396641343462616,0.2125904881322211,DiagonalScanPath_2,Diagonal,2,evaluation,hybrid previous state | moment-matched | development-recalibrated gamma,hybrid previous state,moment-matched,development-recalibrated gamma,current-frame truth,current posterior after Y_n
above_camera_ceiling,76,2.7634559950118396,1.5141464296001617,-0.9383417218631834,0.7430185440850989,0.7368421052631579,2.8621541110060096,1.0,0.0,1.2628704178513328,3.665889037062536,2.0131118652717856,0.738250548369965,0.27631578947368424,1.2994274316346703,DiagonalScanPath_2,Diagonal,2,evaluation,hybrid previous state | moment-matched | development-recalibrated gamma,hybrid previous state,moment-matched,development-recalibrated gamma,current-frame truth,current posterior after Y_n
current_top_1pct,26,4.665795113872641,3.6220603122817354,-2.8409050100191915,0.7592553292760859,0.2692307692307692,2.9539354607532924,1.0,0.0,3.7966879453077,6.185928648587178,4.787479344966227,3.0653425843046556,0.7692307692307693,3.2157908111030316,DiagonalScanPath_2,Diagonal,2,evaluation,hybrid previous state | moment-matched | development-recalibrated gamma,hybrid previous state,moment-matched,development-recalibrated gamma,current-frame truth,current posterior after Y_n
overall,2501,0.5364650437729902,0.14485548534724435,-0.014274708494286,0.7159318740849122,0.9900039984006398,2.7390272087506586,1.0,0.0,0.019938640827427336,0.7493241510705019,0.2023313817846081,0.03228695447887825,0.009996001599360257,0.22680617159088767,DiagonalScanPath_2,Diagonal,2,evaluation,coherent latent previous state | mean-only | fixed gamma,coherent latent previous state,mean-only,fixed gamma,current-frame truth,current forecast before Y_n
above_camera_ceiling,76,2.8028480379843677,1.5293399391352305,-0.8422269983318649,0.715931874084912,0.7105263157894737,2.7730012386230385,1.0,0.0,1.1764066230580672,3.9149647325968053,2.1361528861806827,0.760453072794633,0.27631578947368424,1.3283216564714482,DiagonalScanPath_2,Diagonal,2,evaluation,coherent latent previous state | mean-only | fixed gamma,coherent latent previous state,mean-only,fixed gamma,current-frame truth,current forecast before Y_n
current_top_1pct,26,4.689717053037025,3.6346296028448117,-2.8164051175908447,0.7159318740849122,0.19230769230769232,2.754073225081024,1.0,0.0,3.933901003067798,6.550507419482216,5.076781373214473,3.0807854029681723,0.7692307692307693,3.2449438398240926,DiagonalScanPath_2,Diagonal,2,evaluation,coherent latent previous state | mean-only | fixed gamma,coherent latent previous state,mean-only,fixed gamma,current-frame truth,current forecast before Y_n
overall,2501,0.5352943571156226,0.161738190354645,-0.02206133537662061,0.6577007362896288,0.9884046381447421,2.5194751914291635,1.0,0.0,0.02668455822845106,0.7721794285647371,0.24850511699919473,0.07983362296299498,0.011995201919232307,0.21583133302752294,DiagonalScanPath_2,Diagonal,2,evaluation,coherent latent previous state | mean-only | fixed gamma,coherent latent previous state,mean-only,fixed gamma,current-frame truth,current posterior after Y_n
above_camera_ceiling,76,2.7955309803230204,1.5413705247235596,-0.8366613970589963,0.6776333304795482,0.7105263157894737,2.5814699450197205,1.0,0.0,1.2100407943799276,3.979698819286171,2.2232906297087256,0.7982391284491779,0.3026315789473684,1.3430233787310026,DiagonalScanPath_2,Diagonal,2,evaluation,coherent latent previous state | mean-only | fixed gamma,coherent latent previous state,mean-only,fixed gamma,current-frame truth,current posterior after Y_n
current_top_1pct,26,4.674028517284243,3.620469396951213,-2.7968569077227765,0.6902228720051796,0.19230769230769232,2.6317799828414215,1.0,0.0,4.032151337242085,6.650112145377565,5.1862796483307445,3.275135937043693,0.8461538461538461,3.2497545485698307,DiagonalScanPath_2,Diagonal,2,evaluation,coherent latent previous state | mean-only | fixed gamma,coherent latent previous state,mean-only,fixed gamma,current-frame truth,current posterior after Y_n
overall,2501,0.5364650437729902,0.14485548534724435,-0.014274708494286,2.678998574927976,0.9916033586565374,10.24370065012293,1.0,0.0,0.0210623213060299,0.6379569920731432,0.10226699809591881,0.008029365160769667,0.008396641343462616,0.6692542364449139,DiagonalScanPath_2,Diagonal,2,evaluation,coherent latent previous state | moment-matched | fixed gamma,coherent latent previous state,moment-matched,fixed gamma,current-frame truth,current forecast before Y_n
above_camera_ceiling,76,2.8028480379843677,1.5293399391352305,-0.8422269983318649,0.8909708357999431,0.7236842105263158,3.453080079948302,1.0,0.0,1.1385572067722294,3.5965235209992374,1.9015146648057502,0.6139300703485673,0.27631578947368424,1.334389362325995,DiagonalScanPath_2,Diagonal,2,evaluation,coherent latent previous state | moment-matched | fixed gamma,coherent latent previous state,moment-matched,fixed gamma,current-frame truth,current forecast before Y_n
current_top_1pct,26,4.689717053037025,3.6346296028448117,-2.8164051175908447,0.7890310754945317,0.23076923076923078,3.0393067089019827,1.0,0.0,3.636424279263483,6.061840488158785,4.664731265282136,2.855777706263948,0.7692307692307693,3.2118389662734876,DiagonalScanPath_2,Diagonal,2,evaluation,coherent latent previous state | moment-matched | fixed gamma,coherent latent previous state,moment-matched,fixed gamma,current-frame truth,current forecast before Y_n
overall,2501,0.6268007000150985,0.3416548641044232,-0.00047846293410720654,2.079431076542415,0.9916033586565374,7.964033004399679,1.0,0.0,0.011115921410130472,0.6890292408404324,0.217853495225336,0.12169469554527919,0.008796481407437025,0.5510603940306728,DiagonalScanPath_2,Diagonal,2,evaluation,coherent latent previous state | moment-matched | fixed gamma,coherent latent previous state,moment-matched,fixed gamma,current-frame truth,current posterior after Y_n
above_camera_ceiling,76,2.801195313009084,1.5525056184948085,-0.803886011086648,0.8012243223886832,0.7236842105263158,3.1010128280907843,1.0,0.0,1.1326748562005942,3.7284846813858765,2.0345777739112765,0.7172182808163456,0.27631578947368424,1.340059246891256,DiagonalScanPath_2,Diagonal,2,evaluation,coherent latent previous state | moment-matched | fixed gamma,coherent latent previous state,moment-matched,fixed gamma,current-frame truth,current posterior after Y_n
current_top_1pct,26,4.676027747167037,3.6196454213394023,-2.7929890647396336,0.7510060666648494,0.23076923076923078,2.874728901644132,1.0,0.0,3.7635952086068176,6.257941763019923,4.8348814985970385,3.079395362987725,0.7692307692307693,3.2159678963617493,DiagonalScanPath_2,Diagonal,2,evaluation,coherent latent previous state | moment-matched | fixed gamma,coherent latent previous state,moment-matched,fixed gamma,current-frame truth,current posterior after Y_n
overall,2501,0.5357791314968493,0.14485344634596561,-0.014978605999567698,0.7159318740849122,0.9900039984006398,2.7390272087506586,1.0,0.0,0.020921831450391854,0.7483660818729017,0.2023285337464741,0.03228695447887825,0.009996001599360257,0.22681717480484295,DiagonalScanPath_2,Diagonal,2,evaluation,coherent latent previous state | mean-only | development-recalibrated gamma,coherent latent previous state,mean-only,development-recalibrated gamma,current-frame truth,current forecast before Y_n
above_camera_ceiling,76,2.7988275014188533,1.5297647011559188,-0.8648989220810632,0.715931874084912,0.7105263157894737,2.7730012386230385,1.0,0.0,1.2080743341488425,3.9093489237313968,2.1367461856775534,0.760453072794633,0.27631578947368424,1.3291592149628564,DiagonalScanPath_2,Diagonal,2,evaluation,coherent latent previous state | mean-only | development-recalibrated gamma,coherent latent previous state,mean-only,development-recalibrated gamma,current-frame truth,current forecast before Y_n
current_top_1pct,26,4.685049855403271,3.6387562242255544,-2.8797918853836175,0.7159318740849122,0.19230769230769232,2.754073225081024,1.0,0.0,4.022438432517761,6.543988366758493,5.082545359328399,3.036893756335333,0.7692307692307693,3.250277097042323,DiagonalScanPath_2,Diagonal,2,evaluation,coherent latent previous state | mean-only | development-recalibrated gamma,coherent latent previous state,mean-only,development-recalibrated gamma,current-frame truth,current forecast before Y_n
overall,2501,0.5345795249662297,0.16173615135336616,-0.022765232881902308,0.6577007362896288,0.9884046381447421,2.5194751914291635,1.0,0.0,0.027672464429647513,0.7712653702449719,0.24850298043813193,0.07983362296299498,0.011995201919232307,0.21584146771202922,DiagonalScanPath_2,Diagonal,2,evaluation,coherent latent previous state | mean-only | development-recalibrated gamma,coherent latent previous state,mean-only,development-recalibrated gamma,current-frame truth,current posterior after Y_n
above_camera_ceiling,76,2.7913335519755234,1.541795286744245,-0.8593333208081946,0.6776333304795482,0.7105263157894737,2.5814699450197205,1.0,0.0,1.2418521602323724,3.974297316751469,2.2239188674085737,0.7982391284491779,0.3026315789473684,1.3438432859969522,DiagonalScanPath_2,Diagonal,2,evaluation,coherent latent previous state | mean-only | development-recalibrated gamma,coherent latent previous state,mean-only,development-recalibrated gamma,current-frame truth,current posterior after Y_n
current_top_1pct,26,4.669062347583435,3.624596018331947,-2.860243675515549,0.6902228720051796,0.19230769230769232,2.6317799828414215,1.0,0.0,4.121098132128662,6.64393281915347,5.192156309981639,3.275135937043693,0.8461538461538461,3.2550362098982593,DiagonalScanPath_2,Diagonal,2,evaluation,coherent latent previous state | mean-only | development-recalibrated gamma,coherent latent previous state,mean-only,development-recalibrated gamma,current-frame truth,current posterior after Y_n
overall,2501,0.5357791314968493,0.14485344634596561,-0.014978605999567698,2.678998574927976,0.9916033586565374,10.24370065012293,1.0,0.0,0.02195017592966609,0.6373648980332273,0.1022829867059313,0.008029365160769667,0.008396641343462616,0.6692663562459957,DiagonalScanPath_2,Diagonal,2,evaluation,coherent latent previous state | moment-matched | development-recalibrated gamma,coherent latent previous state,moment-matched,development-recalibrated gamma,current-frame truth,current forecast before Y_n
above_camera_ceiling,76,2.7988275014188533,1.5297647011559188,-0.8648989220810632,0.8909708357999431,0.7236842105263158,3.453080079948302,1.0,0.0,1.167245587304271,3.593337859727192,1.9025698622652265,0.6139300703485673,0.27631578947368424,1.3352418048485777,DiagonalScanPath_2,Diagonal,2,evaluation,coherent latent previous state | moment-matched | development-recalibrated gamma,coherent latent previous state,moment-matched,development-recalibrated gamma,current-frame truth,current forecast before Y_n
current_top_1pct,26,4.685049855403271,3.6387562242255544,-2.8797918853836175,0.7890310754945317,0.23076923076923078,3.0393067089019827,1.0,0.0,3.71731056063099,6.058249748113679,4.6707877503513755,2.855777706263948,0.7692307692307693,3.217215730659767,DiagonalScanPath_2,Diagonal,2,evaluation,coherent latent previous state | moment-matched | development-recalibrated gamma,coherent latent previous state,moment-matched,development-recalibrated gamma,current-frame truth,current forecast before Y_n
overall,2501,0.6261638871753815,0.3416528251031445,-0.0011823604393889288,2.079431076542415,0.9916033586565374,7.964033004399679,1.0,0.0,0.012033057180546198,0.6883361091065269,0.21786471287974815,0.12169469554527919,0.008796481407437025,0.5510691090593323,DiagonalScanPath_2,Diagonal,2,evaluation,coherent latent previous state | moment-matched | development-recalibrated gamma,coherent latent previous state,moment-matched,development-recalibrated gamma,current-frame truth,current posterior after Y_n
above_camera_ceiling,76,2.7968008553572004,1.5529303805154977,-0.8265579348358472,0.8012243223886832,0.7236842105263158,3.1010128280907834,1.0,0.0,1.162256718519753,3.7245992994184545,2.035546068374941,0.7172182808163456,0.27631578947368424,1.3408012707858117,DiagonalScanPath_2,Diagonal,2,evaluation,coherent latent previous state | moment-matched | development-recalibrated gamma,coherent latent previous state,moment-matched,development-recalibrated gamma,current-frame truth,current posterior after Y_n
current_top_1pct,26,4.670770756375374,3.623772042720147,-2.8563758325324082,0.7510060666648494,0.23076923076923078,2.8747289016441298,1.0,0.0,3.846765702850083,6.253556996974173,4.841011462642026,3.079395362987725,0.7692307692307693,3.2210218986045684,DiagonalScanPath_2,Diagonal,2,evaluation,coherent latent previous state | moment-matched | development-recalibrated gamma,coherent latent previous state,moment-matched,development-recalibrated gamma,current-frame truth,current posterior after Y_n
overall,2501,0.7633877078027531,0.031249256153337384,0.029472671668582924,0.7159318740849122,0.9968012794882047,2.7390272087506586,1.0,0.0,-0.041166866199740325,1.0662854042900354,0.043648365556121484,4.820557260649815e-06,0.0027988804478208716,0.19318805140502293,DiagonalScanPath_2,Diagonal,2,evaluation,strict oracle | exact previous state | fixed gamma,true previous state,exact state; innovation only,fixed gamma,current-frame truth,current forecast before Y_n
above_camera_ceiling,76,4.378998953783821,0.9839776998806736,0.9825351313394411,0.715931874084912,0.8947368421052632,2.7730012386230385,1.0,0.0,-1.3723863497421387,6.1165022990224545,1.374401301993114,0.08180577127438358,0.09210526315789473,1.0144716234068565,DiagonalScanPath_2,Diagonal,2,evaluation,strict oracle | exact previous state | fixed gamma,true previous state,exact state; innovation only,fixed gamma,current-frame truth,current forecast before Y_n
current_top_1pct,26,7.4807500050711,2.7384850152516877,2.7384850152516877,0.7159318740849122,0.7307692307692307,2.754073225081024,1.0,0.0,-3.8250636888488265,10.448969065154172,3.8250636888488265,0.33340077299103377,0.23076923076923078,2.6066683889780373,DiagonalScanPath_2,Diagonal,2,evaluation,strict oracle | exact previous state | fixed gamma,true previous state,exact state; innovation only,fixed gamma,current-frame truth,current forecast before Y_n
overall,2501,0.7685256232810074,0.08631120512617037,0.04546424980154446,0.6577163490131889,0.9976009596161536,2.5197250613394377,1.0,0.0,-0.06760281561985791,1.0832149963451736,0.13688782389092516,0.055320110756548004,0.0027988804478208716,0.18435542248663603,DiagonalScanPath_2,Diagonal,2,evaluation,strict oracle | exact previous state | fixed gamma,true previous state,exact state; innovation only,fixed gamma,current-frame truth,current posterior after Y_n
above_camera_ceiling,76,4.383107535954289,1.0102245006192896,0.9998246121705997,0.6778818131495783,0.9210526315789473,2.5986867027879375,1.0,0.0,-1.4144300866394004,6.152642645374501,1.4316982513255503,0.12355174023552397,0.09210526315789473,1.0118072112598466,DiagonalScanPath_2,Diagonal,2,evaluation,strict oracle | exact previous state | fixed gamma,true previous state,exact state; innovation only,fixed gamma,current-frame truth,current posterior after Y_n
current_top_1pct,26,7.486503097721287,2.7537584474950645,2.7537584474950645,0.690222872005182,0.7692307692307693,2.6399472944711726,1.0,0.0,-3.8837093304074974,10.508166354091072,3.8837093304074974,0.3319583294932828,0.23076923076923078,2.6131376717403176,DiagonalScanPath_2,Diagonal,2,evaluation,strict oracle | exact previous state | fixed gamma,true previous state,exact state; innovation only,fixed gamma,current-frame truth,current posterior after Y_n
overall,2501,0.39127930902658886,0.02016265529489703,0.008194742004045949,0.7159318740849122,0.998000799680128,2.7390272087506586,1.0,0.0,-0.011446259484563778,0.5465314832178875,0.028162812726655703,4.820557260649815e-06,0.001999200319872051,0.18232066786178447,DiagonalScanPath_2,Diagonal,2,evaluation,recalibrated oracle | exact previous state | development-recalibrated gamma,true previous state,exact state; innovation only,development-recalibrated gamma,current-frame truth,current forecast before Y_n
above_camera_ceiling,76,2.2417779005161607,0.6095701396182323,0.2971916043694008,0.715931874084912,0.9342105263157895,2.7730012386230385,1.0,0.0,-0.41511157014662087,3.1312726554905104,0.8514359559663006,0.08180577127438358,0.06578947368421052,0.6510206777527895,DiagonalScanPath_2,Diagonal,2,evaluation,recalibrated oracle | exact previous state | development-recalibrated gamma,true previous state,exact state; innovation only,development-recalibrated gamma,current-frame truth,current forecast before Y_n
current_top_1pct,26,3.8290639884865,1.671333462625995,0.8223833432942933,0.7159318740849122,0.8076923076923077,2.754073225081024,1.0,0.0,-1.1486893838124541,5.348363618229349,2.3344867341774043,0.31959697894961303,0.19230769230769232,1.564928096311473,DiagonalScanPath_2,Diagonal,2,evaluation,recalibrated oracle | exact previous state | development-recalibrated gamma,true previous state,exact state; innovation only,development-recalibrated gamma,current-frame truth,current forecast before Y_n
overall,2501,0.4003001377670502,0.0751238741849905,0.024186320137007555,0.6577163490131889,0.998000799680128,2.5197250613394377,1.0,0.0,-0.03773966294991719,0.5718600270200885,0.12117309701414315,0.055320110756548004,0.001999200319872051,0.17337434170005322,DiagonalScanPath_2,Diagonal,2,evaluation,recalibrated oracle | exact previous state | development-recalibrated gamma,true previous state,exact state; innovation only,development-recalibrated gamma,current-frame truth,current posterior after Y_n
above_camera_ceiling,76,2.244809799502746,0.6339449384049815,0.31448108520056156,0.6778818131495783,0.9342105263157895,2.5986867027879375,1.0,0.0,-0.4528128056259313,3.1599873303673602,0.9030161120485597,0.12355174023552397,0.06578947368421052,0.6460809750130948,DiagonalScanPath_2,Diagonal,2,evaluation,recalibrated oracle | exact previous state | development-recalibrated gamma,true previous state,exact state; innovation only,development-recalibrated gamma,current-frame truth,current posterior after Y_n
current_top_1pct,26,3.831999914205753,1.6819518102054714,0.8376567755376746,0.690222872005182,0.8076923076923077,2.6399472944711726,1.0,0.0,-1.1949604269359897,5.392754171827108,2.3776655054846487,0.29660779218852895,0.19230769230769232,1.566069184513014,DiagonalScanPath_2,Diagonal,2,evaluation,recalibrated oracle | exact previous state | development-recalibrated gamma,true previous state,exact state; innovation only,development-recalibrated gamma,current-frame truth,current posterior after Y_n
overall,2501,0.5299407935680491,0.15960957185187966,0.05560961592815266,0.7159318740849122,0.9924030387844862,2.7372920107687055,1.0,0.0,-0.07767445191517923,0.7402112027005465,0.22293960868258442,0.08441413595895815,0.007996801279488205,0.2204433619234934,DiagonalScanPath_3,Diagonal,3,evaluation,hybrid previous state | mean-only | fixed gamma,hybrid previous state,mean-only,fixed gamma,current-frame truth,current forecast before Y_n
above_camera_ceiling,76,2.810155689652409,1.378657196050575,-0.7167699618634262,0.715931874084912,0.7763157894736842,2.7583165537470067,1.0,0.0,1.001170625039687,3.9251719212030975,1.9256821018239243,0.5743501264516297,0.23684210526315788,1.2221295392215195,DiagonalScanPath_3,Diagonal,3,evaluation,hybrid previous state | mean-only | fixed gamma,hybrid previous state,mean-only,fixed gamma,current-frame truth,current forecast before Y_n
current_top_1pct,26,4.751514223969567,3.34583786738797,-2.413934703287514,0.7159318740849122,0.38461538461538464,2.773095072332983,1.0,0.0,3.37173799724024,6.636824530326777,4.673402579909636,2.346536904628884,0.6538461538461539,3.0252222507462796,DiagonalScanPath_3,Diagonal,3,evaluation,hybrid previous state | mean-only | fixed gamma,hybrid previous state,mean-only,fixed gamma,current-frame truth,current forecast before Y_n
overall,2501,0.5317022646414167,0.1835772106678072,0.03255495928023672,0.658173803381235,0.9916033586565374,2.517466804212994,1.0,0.0,-0.04996624009441569,0.7702776402424409,0.28233914564128404,0.1527322064082454,0.008796481407437025,0.21296746580776993,DiagonalScanPath_3,Diagonal,3,evaluation,hybrid previous state | mean-only | fixed gamma,hybrid previous state,mean-only,fixed gamma,current-frame truth,current posterior after Y_n
above_camera_ceiling,76,2.789900576397586,1.3882110876337934,-0.6756035687875248,0.6910610185965096,0.7763157894736842,2.6322118090770563,1.0,0.0,0.9800537507688665,3.966512999946338,1.993871523805015,0.6488909006783292,0.23684210526315788,1.2265604690760323,DiagonalScanPath_3,Diagonal,3,evaluation,hybrid previous state | mean-only | fixed gamma,hybrid previous state,mean-only,fixed gamma,current-frame truth,current posterior after Y_n
current_top_1pct,26,4.708936689495937,3.281520629068194,-2.34470284244479,0.6858632812994873,0.38461538461538464,2.6150254911736748,1.0,0.0,3.401832575446765,6.694782902317457,4.715222022651016,2.5970017308921056,0.6538461538461539,2.9946486809341333,DiagonalScanPath_3,Diagonal,3,evaluation,hybrid previous state | mean-only | fixed gamma,hybrid previous state,mean-only,fixed gamma,current-frame truth,current posterior after Y_n
overall,2501,0.5299407935680491,0.15960957185187966,0.05560961592815266,0.7224018943699707,0.9940023990403839,2.7623344312499682,1.0,0.0,-0.08353076519480149,0.568943533212003,0.2073419167357482,0.08441413595895815,0.0059976009596161535,0.2200018134260477,DiagonalScanPath_3,Diagonal,3,evaluation,hybrid previous state | moment-matched | fixed gamma,hybrid previous state,moment-matched,fixed gamma,current-frame truth,current forecast before Y_n
above_camera_ceiling,76,2.810155689652409,1.378657196050575,-0.7167699618634262,0.8896620349895157,0.8289473684210527,3.4309817296170366,1.0,0.0,0.7858075287409042,2.8499126109823636,1.4493437658093438,0.4950571484789346,0.17105263157894737,1.207023830004426,DiagonalScanPath_3,Diagonal,3,evaluation,hybrid previous state | moment-matched | fixed gamma,hybrid previous state,moment-matched,fixed gamma,current-frame truth,current forecast before Y_n
current_top_1pct,26,4.751514223969567,3.34583786738797,-2.413934703287514,0.9608084497950085,0.5384615384615384,3.7299653815402043,1.0,0.0,2.658990541822104,4.805637674611208,3.4415876218049664,1.8168635354825409,0.46153846153846156,2.952123635147504,DiagonalScanPath_3,Diagonal,3,evaluation,hybrid previous state | moment-matched | fixed gamma,hybrid previous state,moment-matched,fixed gamma,current-frame truth,current forecast before Y_n
overall,2501,0.5418747311580223,0.18446721944089187,0.027298188646991038,0.6635976345941629,0.9924030387844862,2.537007334882019,1.0,0.0,-0.050140270413707826,0.632982828030402,0.2686516987065985,0.15283910077786336,0.006797281087564974,0.21273780380177743,DiagonalScanPath_3,Diagonal,3,evaluation,hybrid previous state | moment-matched | fixed gamma,hybrid previous state,moment-matched,fixed gamma,current-frame truth,current posterior after Y_n
above_camera_ceiling,76,2.8583032597311107,1.4395219011185987,-0.8459219748369092,0.8370994193122095,0.8157894736842105,3.1491900688528602,1.0,0.0,0.976503813740259,3.089496637335674,1.6139103837660285,0.6751286498006523,0.18421052631578946,1.2420375592994382,DiagonalScanPath_3,Diagonal,3,evaluation,hybrid previous state | moment-matched | fixed gamma,hybrid previous state,moment-matched,fixed gamma,current-frame truth,current posterior after Y_n
current_top_1pct,26,4.83273390107545,3.433393227757086,-2.60246268485619,0.894017488823746,0.46153846153846156,3.3698685349905917,1.0,0.0,3.032241907819984,5.209625417505055,3.7676819064310885,2.1323927412569144,0.5384615384615384,3.0446672957707763,DiagonalScanPath_3,Diagonal,3,evaluation,hybrid previous state | moment-matched | fixed gamma,hybrid previous state,moment-matched,fixed gamma,current-frame truth,current posterior after Y_n
overall,2501,0.527876543818346,0.15948247623530873,0.05509826650442197,0.7159318740849122,0.9924030387844862,2.7372920107687055,1.0,0.0,-0.0769602087836183,0.737327897983402,0.22276208394710123,0.08441413595895815,0.0075969612155137945,0.22033066568487383,DiagonalScanPath_3,Diagonal,3,evaluation,hybrid previous state | mean-only | development-recalibrated gamma,hybrid previous state,mean-only,development-recalibrated gamma,current-frame truth,current forecast before Y_n
above_camera_ceiling,76,2.7973411211939485,1.3744747468789449,-0.7335973948733007,0.715931874084912,0.7763157894736842,2.7583165537470067,1.0,0.0,1.0246748628296067,3.9072727761554766,1.9198401365154567,0.5743501264516297,0.2236842105263158,1.2184209432637878,DiagonalScanPath_3,Diagonal,3,evaluation,hybrid previous state | mean-only | development-recalibrated gamma,hybrid previous state,mean-only,development-recalibrated gamma,current-frame truth,current forecast before Y_n
current_top_1pct,26,4.730674022541279,3.337789599346551,-2.4589452317791847,0.7159318740849122,0.38461538461538464,2.773095072332983,1.0,0.0,3.4346078457844222,6.607715334071301,4.662160912465082,2.346536904628884,0.6153846153846154,3.0175672702700216,DiagonalScanPath_3,Diagonal,3,evaluation,hybrid previous state | mean-only | development-recalibrated gamma,hybrid previous state,mean-only,development-recalibrated gamma,current-frame truth,current forecast before Y_n
overall,2501,0.5296364972314452,0.1834501150512362,0.032043609856505936,0.658173803381235,0.9916033586565374,2.517466804212994,1.0,0.0,-0.049248841846040524,0.7675113189048517,0.28216144124600495,0.1527322064082454,0.008396641343462616,0.21285219932389743,DiagonalScanPath_3,Diagonal,3,evaluation,hybrid previous state | mean-only | development-recalibrated gamma,hybrid previous state,mean-only,development-recalibrated gamma,current-frame truth,current posterior after Y_n
above_camera_ceiling,76,2.7769399268275556,1.3840286384621616,-0.6924310017974022,0.6910610185965096,0.7763157894736842,2.6322118090770563,1.0,0.0,1.0036618168107911,3.948826988953216,1.988023646270895,0.6488909006783292,0.2236842105263158,1.22276729175807,DiagonalScanPath_3,Diagonal,3,evaluation,hybrid previous state | mean-only | development-recalibrated gamma,hybrid previous state,mean-only,development-recalibrated gamma,current-frame truth,current posterior after Y_n
current_top_1pct,26,4.6877992149718395,3.2734723610267733,-2.3897133709364677,0.6858632812994873,0.38461538461538464,2.6150254911736748,1.0,0.0,3.464962966003838,6.6659608951501905,4.7040060292706025,2.5970017308921056,0.6153846153846154,2.9869315879770473,DiagonalScanPath_3,Diagonal,3,evaluation,hybrid previous state | mean-only | development-recalibrated gamma,hybrid previous state,mean-only,development-recalibrated gamma,current-frame truth,current posterior after Y_n
overall,2501,0.527876543818346,0.15948247623530873,0.05509826650442197,0.7224018943699707,0.9940023990403839,2.7623344312499682,1.0,0.0,-0.08307231936245658,0.5684386038159808,0.20725446806238965,0.08441413595895815,0.0059976009596161535,0.21989492038637148,DiagonalScanPath_3,Diagonal,3,evaluation,hybrid previous state | moment-matched | development-recalibrated gamma,hybrid previous state,moment-matched,development-recalibrated gamma,current-frame truth,current forecast before Y_n
above_camera_ceiling,76,2.7973411211939485,1.3744747468789449,-0.7335973948733007,0.8896620349895157,0.8289473684210527,3.4309817296170366,1.0,0.0,0.8008940159342545,2.8465949769476304,1.4464660140715828,0.4950571484789346,0.17105263157894737,1.203506205106659,DiagonalScanPath_3,Diagonal,3,evaluation,hybrid previous state | moment-matched | development-recalibrated gamma,hybrid previous state,moment-matched,development-recalibrated gamma,current-frame truth,current forecast before Y_n
current_top_1pct,26,4.730674022541279,3.337789599346551,-2.4589452317791847,0.9608084497950085,0.5384615384615384,3.7299653815402043,1.0,0.0,2.6986477426855893,4.801230839554243,3.437617493811665,1.8168635354825409,0.46153846153846156,2.9448557290564783,DiagonalScanPath_3,Diagonal,3,evaluation,hybrid previous state | moment-matched | development-recalibrated gamma,hybrid previous state,moment-matched,development-recalibrated gamma,current-frame truth,current forecast before Y_n
overall,2501,0.5403487003106573,0.18434012382432097,0.026786839223260327,0.6635976345941629,0.9924030387844862,2.537007334882019,1.0,0.0,-0.049656941502649606,0.6327162386151427,0.268555731508566,0.15283910077786336,0.006797281087564974,0.21263840168425951,DiagonalScanPath_3,Diagonal,3,evaluation,hybrid previous state | moment-matched | development-recalibrated gamma,hybrid previous state,moment-matched,development-recalibrated gamma,current-frame truth,current posterior after Y_n
above_camera_ceiling,76,2.848780428146437,1.4353394519469693,-0.8627494078467844,0.8370994193122095,0.8157894736842105,3.1491900688528602,1.0,0.0,0.9924091506686354,3.0876990826995754,1.6107523053149837,0.6751286498006523,0.18421052631578946,1.2387664448795395,DiagonalScanPath_3,Diagonal,3,evaluation,hybrid previous state | moment-matched | development-recalibrated gamma,hybrid previous state,moment-matched,development-recalibrated gamma,current-frame truth,current posterior after Y_n
current_top_1pct,26,4.817239593943593,3.42534495971567,-2.647473213347863,0.894017488823746,0.46153846153846156,3.3698685349905917,1.0,0.0,3.0741116881314294,5.207517816766906,3.7630733432072287,2.1323927412569144,0.5384615384615384,3.0376866813751713,DiagonalScanPath_3,Diagonal,3,evaluation,hybrid previous state | moment-matched | development-recalibrated gamma,hybrid previous state,moment-matched,development-recalibrated gamma,current-frame truth,current posterior after Y_n
overall,2501,0.5675694620236003,0.15834212595698705,-0.014368393717434707,0.7159318740849122,0.9872051179528188,2.7372920107687055,1.0,0.0,0.020069498561996645,0.7927702098039071,0.22116926440714257,0.031222803103738105,0.013994402239104359,0.23541751786359238,DiagonalScanPath_3,Diagonal,3,evaluation,coherent latent previous state | mean-only | fixed gamma,coherent latent previous state,mean-only,fixed gamma,current-frame truth,current forecast before Y_n
above_camera_ceiling,76,2.873780848490329,1.5048550214322982,-0.5554925554299277,0.715931874084912,0.7631578947368421,2.758316553747007,1.0,0.0,0.7759014167932466,4.014042330722502,2.10195281968102,0.85636187498692,0.23684210526315788,1.3145758607078548,DiagonalScanPath_3,Diagonal,3,evaluation,coherent latent previous state | mean-only | fixed gamma,coherent latent previous state,mean-only,fixed gamma,current-frame truth,current forecast before Y_n
current_top_1pct,26,4.749454622036784,3.3464961844849266,-2.418139001028047,0.7159318740849122,0.38461538461538464,2.773095072332983,1.0,0.0,3.377610480213438,6.633947717591744,4.674322104686765,2.351306295025594,0.6153846153846154,3.02566755253082,DiagonalScanPath_3,Diagonal,3,evaluation,coherent latent previous state | mean-only | fixed gamma,coherent latent previous state,mean-only,fixed gamma,current-frame truth,current forecast before Y_n
overall,2501,0.5584322382159501,0.1717886415663987,-0.03718746033786515,0.6582702992005823,0.9856057576969213,2.517739904675786,1.0,0.0,0.05115821507471019,0.8035577182125694,0.26217307467984985,0.07992538834555916,0.013194722111155539,0.22209507725547994,DiagonalScanPath_3,Diagonal,3,evaluation,coherent latent previous state | mean-only | fixed gamma,coherent latent previous state,mean-only,fixed gamma,current-frame truth,current posterior after Y_n
above_camera_ceiling,76,2.8538447720724727,1.4994918360673166,-0.5155255213295407,0.6940117053683182,0.75,2.6370070714684295,1.0,0.0,0.7512853064199807,4.053040930488607,2.1464417863168563,0.7938420172633711,0.23684210526315788,1.3033714090656356,DiagonalScanPath_3,Diagonal,3,evaluation,coherent latent previous state | mean-only | fixed gamma,coherent latent previous state,mean-only,fixed gamma,current-frame truth,current posterior after Y_n
current_top_1pct,26,4.711208670764445,3.290533966078912,-2.3576452783054287,0.6883689759170838,0.38461538461538464,2.6110954848878034,1.0,0.0,3.4104697340810124,6.693342235074292,4.718339037927494,2.5937772961800363,0.6153846153846154,2.9889350180476604,DiagonalScanPath_3,Diagonal,3,evaluation,coherent latent previous state | mean-only | fixed gamma,coherent latent previous state,mean-only,fixed gamma,current-frame truth,current posterior after Y_n
overall,2501,0.5675694620236003,0.15834212595698705,-0.014368393717434707,2.6806061958128122,0.9940023990403839,10.246350538468768,1.0,0.0,0.006859163195519307,0.5240063839722544,0.09794759484002692,0.007845341525377412,0.005597760895641743,0.6725270967688689,DiagonalScanPath_3,Diagonal,3,evaluation,coherent latent previous state | moment-matched | fixed gamma,coherent latent previous state,moment-matched,fixed gamma,current-frame truth,current forecast before Y_n
above_camera_ceiling,76,2.873780848490329,1.5048550214322982,-0.5554925554299277,1.057713219658089,0.8026315789473685,4.069526155092284,1.0,0.0,0.6758629041711168,2.882164246732809,1.4982333452563652,0.5225570144084211,0.18421052631578946,1.3097580186854376,DiagonalScanPath_3,Diagonal,3,evaluation,coherent latent previous state | moment-matched | fixed gamma,coherent latent previous state,moment-matched,fixed gamma,current-frame truth,current forecast before Y_n
current_top_1pct,26,4.749454622036784,3.3464961844849266,-2.418139001028047,1.001809093038704,0.5,3.879336680924806,1.0,0.0,2.6452840710107015,4.813395086193311,3.4324437676593225,1.817149170057919,0.46153846153846156,2.959670898515855,DiagonalScanPath_3,Diagonal,3,evaluation,coherent latent previous state | moment-matched | fixed gamma,coherent latent previous state,moment-matched,fixed gamma,current-frame truth,current forecast before Y_n
overall,2501,0.6772539660350031,0.37834270269044923,-0.04334547276521732,2.0715786675128567,0.9940023990403839,7.924099295835347,1.0,0.0,0.024651404524361705,0.6203047694670858,0.2243699590245304,0.13352352473987675,0.006397441023590564,0.5561747862661583,DiagonalScanPath_3,Diagonal,3,evaluation,coherent latent previous state | moment-matched | fixed gamma,coherent latent previous state,moment-matched,fixed gamma,current-frame truth,current posterior after Y_n
above_camera_ceiling,76,2.8940977078727497,1.5231109633268283,-0.6033193234606259,0.9211800642257594,0.8026315789473685,3.509022452776672,1.0,0.0,0.799093509646735,3.259052439264319,1.7148009011841108,0.6378285596218505,0.21052631578947367,1.3141110730207621,DiagonalScanPath_3,Diagonal,3,evaluation,coherent latent previous state | moment-matched | fixed gamma,coherent latent previous state,moment-matched,fixed gamma,current-frame truth,current posterior after Y_n
current_top_1pct,26,4.793516048798871,3.3782080943653603,-2.4763070154546347,0.8715226310553497,0.5,3.348404242917691,1.0,0.0,3.0236089495255465,5.444034929575257,3.90184609945864,2.1791066517139575,0.5384615384615384,3.0050042578279177,DiagonalScanPath_3,Diagonal,3,evaluation,coherent latent previous state | moment-matched | fixed gamma,coherent latent previous state,moment-matched,fixed gamma,current-frame truth,current posterior after Y_n
overall,2501,0.5647460138707203,0.15816548137412118,-0.01507909569198455,0.7159318740849122,0.9872051179528188,2.7372920107687055,1.0,0.0,0.021062193537979168,0.788826471223349,0.2209225306196692,0.031222803103738105,0.013994402239104359,0.2352466375893107,DiagonalScanPath_3,Diagonal,3,evaluation,coherent latent previous state | mean-only | development-recalibrated gamma,coherent latent previous state,mean-only,development-recalibrated gamma,current-frame truth,current forecast before Y_n
above_camera_ceiling,76,2.855417431047143,1.4990420200935142,-0.5788802611976798,0.715931874084912,0.7631578947368421,2.758316553747007,1.0,0.0,0.8085689185686716,3.9883926591435426,2.093833330174823,0.85636187498692,0.23684210526315788,1.3089525506291906,DiagonalScanPath_3,Diagonal,3,evaluation,coherent latent previous state | mean-only | development-recalibrated gamma,coherent latent previous state,mean-only,development-recalibrated gamma,current-frame truth,current forecast before Y_n
current_top_1pct,26,4.72170807513115,3.3353102522763547,-2.480697146182833,0.7159318740849122,0.38461538461538464,2.773095072332983,1.0,0.0,3.4649905053516488,6.595191869570453,4.658697807720144,2.351306295025594,0.6153846153846154,3.0150361024672145,DiagonalScanPath_3,Diagonal,3,evaluation,coherent latent previous state | mean-only | development-recalibrated gamma,coherent latent previous state,mean-only,development-recalibrated gamma,current-frame truth,current forecast before Y_n
overall,2501,0.5555523902750377,0.1716119969835328,-0.03789816231241495,0.6582702992005823,0.9856057576969213,2.517739904675786,1.0,0.0,0.05215527948693295,0.7996694364884085,0.2619260926782721,0.07992538834555916,0.013194722111155539,0.22192408511273234,DiagonalScanPath_3,Diagonal,3,evaluation,coherent latent previous state | mean-only | development-recalibrated gamma,coherent latent previous state,mean-only,development-recalibrated gamma,current-frame truth,current posterior after Y_n
above_camera_ceiling,76,2.835287984912854,1.4936788347285326,-0.5389132270972913,0.6940117053683182,0.75,2.6370070714684295,1.0,0.0,0.7840965971432589,4.027654353094875,2.1383141286070413,0.7938420172633711,0.23684210526315788,1.297744417631271,DiagonalScanPath_3,Diagonal,3,evaluation,coherent latent previous state | mean-only | development-recalibrated gamma,coherent latent previous state,mean-only,development-recalibrated gamma,current-frame truth,current posterior after Y_n
current_top_1pct,26,4.683097484826589,3.279348033870338,-2.4202034234602126,0.6883689759170838,0.38461538461538464,2.6110954848878034,1.0,0.0,3.4982104086442427,6.655003929880683,4.70275052140362,2.5937772961800363,0.6153846153846154,2.9782928070981622,DiagonalScanPath_3,Diagonal,3,evaluation,coherent latent previous state | mean-only | development-recalibrated gamma,coherent latent previous state,mean-only,development-recalibrated gamma,current-frame truth,current posterior after Y_n
overall,2501,0.5647460138707203,0.15816548137412118,-0.01507909569198455,2.6806061958128122,0.9940023990403839,10.246350538468768,1.0,0.0,0.007485518535775141,0.5232108170258323,0.09784191092370316,0.007845341525377412,0.005597760895641743,0.6723618671738684,DiagonalScanPath_3,Diagonal,3,evaluation,coherent latent previous state | moment-matched | development-recalibrated gamma,coherent latent previous state,moment-matched,development-recalibrated gamma,current-frame truth,current forecast before Y_n
above_camera_ceiling,76,2.855417431047143,1.4990420200935142,-0.5788802611976798,1.057713219658089,0.8026315789473685,4.069526155092284,1.0,0.0,0.6964749397761147,2.877404063567232,1.4947555100626053,0.5225570144084211,0.18421052631578946,1.3043206605657496,DiagonalScanPath_3,Diagonal,3,evaluation,coherent latent previous state | moment-matched | development-recalibrated gamma,coherent latent previous state,moment-matched,development-recalibrated gamma,current-frame truth,current forecast before Y_n
current_top_1pct,26,4.72170807513115,3.3353102522763547,-2.480697146182833,1.001809093038704,0.5,3.879336680924806,1.0,0.0,2.7009559416246818,4.807868485191648,3.426856482862808,1.817149170057919,0.46153846153846156,2.9495830003323342,DiagonalScanPath_3,Diagonal,3,evaluation,coherent latent previous state | moment-matched | development-recalibrated gamma,coherent latent previous state,moment-matched,development-recalibrated gamma,current-frame truth,current forecast before Y_n
overall,2501,0.6750273899967465,0.37816605810758336,-0.04405617473976719,2.0715786675128567,0.9940023990403839,7.924099295835347,1.0,0.0,0.025368859960030066,0.6192234898629742,0.22423822044628505,0.13352352473987675,0.006397441023590564,0.5560073850709051,DiagonalScanPath_3,Diagonal,3,evaluation,coherent latent previous state | moment-matched | development-recalibrated gamma,coherent latent previous state,moment-matched,development-recalibrated gamma,current-frame truth,current posterior after Y_n
above_camera_ceiling,76,2.8769284450613095,1.5172979619880433,-0.6267070292283787,0.9211800642257594,0.8026315789473685,3.509022452776672,1.0,0.0,0.8227034576020845,3.252278758003901,1.710465661918429,0.6378285596218505,0.21052631578947367,1.308602252108542,DiagonalScanPath_3,Diagonal,3,evaluation,coherent latent previous state | moment-matched | development-recalibrated gamma,coherent latent previous state,moment-matched,development-recalibrated gamma,current-frame truth,current posterior after Y_n
current_top_1pct,26,4.7676348583685755,3.367022162156786,-2.538865160609423,0.8715226310553497,0.5,3.348404242917691,1.0,0.0,3.087194994085429,5.4354526843260125,3.894601511068556,2.1791066517139575,0.5384615384615384,2.9946421534007763,DiagonalScanPath_3,Diagonal,3,evaluation,coherent latent previous state | moment-matched | development-recalibrated gamma,coherent latent previous state,moment-matched,development-recalibrated gamma,current-frame truth,current posterior after Y_n
overall,2501,0.7566274570572892,0.03094732414798018,0.028996136827775954,0.7159318740849122,0.9968012794882047,2.737292010768705,1.0,0.0,-0.04050125141423289,1.0568428148619493,0.043226632684201065,8.60593889013051e-06,0.0027988804478208716,0.19294862333028068,DiagonalScanPath_3,Diagonal,3,evaluation,strict oracle | exact previous state | fixed gamma,true previous state,exact state; innovation only,fixed gamma,current-frame truth,current forecast before Y_n
above_camera_ceiling,76,4.339924112860806,0.9774353729380136,0.9754563629511622,0.715931874084912,0.8947368421052632,2.758316553747007,1.0,0.0,-1.3624988609397621,6.061923305772629,1.365263104380356,0.06340278226933668,0.09210526315789473,1.0090509660550093,DiagonalScanPath_3,Diagonal,3,evaluation,strict oracle | exact previous state | fixed gamma,true previous state,exact state; innovation only,fixed gamma,current-frame truth,current forecast before Y_n
current_top_1pct,26,7.409782204162456,2.702882061950314,2.702882061950314,0.7159318740849122,0.7307692307692307,2.773095072332983,1.0,0.0,-3.775334162073837,10.349842593100732,3.775334162073837,0.30383264228462903,0.23076923076923078,2.5742001325012174,DiagonalScanPath_3,Diagonal,3,evaluation,strict oracle | exact previous state | fixed gamma,true previous state,exact state; innovation only,fixed gamma,current-frame truth,current forecast before Y_n
overall,2501,0.7614304400121651,0.08277631297998259,0.030994435733754065,0.6584181089038177,0.9968012794882047,2.518495248670275,1.0,0.0,-0.04399055802122094,1.0719597872573674,0.130885886991056,0.051279340303236484,0.003198720511795282,0.18432568799820795,DiagonalScanPath_3,Diagonal,3,evaluation,strict oracle | exact previous state | fixed gamma,true previous state,exact state; innovation only,fixed gamma,current-frame truth,current posterior after Y_n
above_camera_ceiling,76,4.343951785977076,1.0078896128981623,0.9986693729252067,0.6988078185546522,0.8947368421052632,2.6854481471775298,1.0,0.0,-1.407554795239748,6.091836828434672,1.4219275759515293,0.1426319640433286,0.10526315789473684,1.0167502805561714,DiagonalScanPath_3,Diagonal,3,evaluation,strict oracle | exact previous state | fixed gamma,true previous state,exact state; innovation only,fixed gamma,current-frame truth,current posterior after Y_n
current_top_1pct,26,7.415758184828803,2.721268680138693,2.721268680138693,0.7017583872258171,0.7307692307692307,2.7286588727067103,1.0,0.0,-3.8304876507322403,10.399372730145721,3.8304876507322403,0.30342719656287553,0.2692307692307692,2.5957020773937325,DiagonalScanPath_3,Diagonal,3,evaluation,strict oracle | exact previous state | fixed gamma,true previous state,exact state; innovation only,fixed gamma,current-frame truth,current posterior after Y_n
overall,2501,0.4846679514162913,0.022780479717714203,0.0075125166793182565,0.7159318740849122,0.998000799680128,2.737292010768705,1.0,0.0,-0.010493340150444602,0.67697495943421,0.03181933999911891,8.60593889013051e-06,0.001999200319872051,0.1850864418230371,DiagonalScanPath_3,Diagonal,3,evaluation,recalibrated oracle | exact previous state | development-recalibrated gamma,true previous state,exact state; innovation only,development-recalibrated gamma,current-frame truth,current forecast before Y_n
above_camera_ceiling,76,2.7795369337373392,0.7086817160946557,0.2684756525394161,0.715931874084912,0.9342105263157895,2.758316553747007,1.0,0.0,-0.3750016757985187,3.882404226365923,0.989873117467324,0.06340278226933668,0.06578947368421052,0.7503231246126914,DiagonalScanPath_3,Diagonal,3,evaluation,recalibrated oracle | exact previous state | development-recalibrated gamma,true previous state,exact state; innovation only,development-recalibrated gamma,current-frame truth,current forecast before Y_n
current_top_1pct,26,4.740535600561168,1.9122672240731835,0.8118286023778121,0.7159318740849122,0.8076923076923077,2.773095072332983,1.0,0.0,-1.133946722815593,6.621489798342073,2.671018421295182,0.2864065720794177,0.19230769230769232,1.8191241947967358,DiagonalScanPath_3,Diagonal,3,evaluation,recalibrated oracle | exact previous state | development-recalibrated gamma,true previous state,exact state; innovation only,development-recalibrated gamma,current-frame truth,current forecast before Y_n
overall,2501,0.4920659713497575,0.0746451249315938,0.009510815585296435,0.6584181089038177,0.998000799680128,2.518495248670275,1.0,0.0,-0.013853348671034582,0.6969553787422293,0.11946792466500444,0.051279340303236484,0.001999200319872051,0.17622364336870644,DiagonalScanPath_3,Diagonal,3,evaluation,recalibrated oracle | exact previous state | development-recalibrated gamma,true previous state,exact state; innovation only,development-recalibrated gamma,current-frame truth,current posterior after Y_n
above_camera_ceiling,76,2.7854357275110857,0.7403093325163154,0.2916886625134629,0.6988078185546522,0.9342105263157895,2.6854481471775298,1.0,0.0,-0.4158026822816412,3.9090908838975147,1.0461864736165964,0.1426319640433286,0.06578947368421052,0.7501290487353389,DiagonalScanPath_3,Diagonal,3,evaluation,recalibrated oracle | exact previous state | development-recalibrated gamma,true previous state,exact state; innovation only,development-recalibrated gamma,current-frame truth,current posterior after Y_n
current_top_1pct,26,4.74861869490886,1.931453246665193,0.830215220566196,0.7017583872258171,0.8076923076923077,2.7286588727067103,1.0,0.0,-1.1784579457983129,6.663550865719133,2.720663325869459,0.2851662185646528,0.19230769230769232,1.820787455177999,DiagonalScanPath_3,Diagonal,3,evaluation,recalibrated oracle | exact previous state | development-recalibrated gamma,true previous state,exact state; innovation only,development-recalibrated gamma,current-frame truth,current posterior after Y_n
overall,2501,0.5163091737669931,0.1649361229947047,0.06838008727952467,0.7159318740849122,0.9916033586565374,2.74414716987161,1.0,0.0,-0.09551200296386655,0.7211708159060912,0.2303796338241293,0.09393998905014546,0.008396641343462616,0.22192559441144669,DiagonalScanPath_4,Diagonal,4,evaluation,hybrid previous state | mean-only | fixed gamma,hybrid previous state,mean-only,fixed gamma,current-frame truth,current forecast before Y_n
above_camera_ceiling,76,2.74984465852287,1.5580524205792563,-0.3090847673557689,0.715931874084912,0.75,2.7445390924825643,1.0,0.0,0.43172371358774053,3.8409306221177237,2.1762579331598046,1.199307615719709,0.25,1.3084846527077152,DiagonalScanPath_4,Diagonal,4,evaluation,hybrid previous state | mean-only | fixed gamma,hybrid previous state,mean-only,fixed gamma,current-frame truth,current forecast before Y_n
current_top_1pct,26,4.5231102255500275,3.138947369793849,-2.0726462346049197,0.7159318740849122,0.46153846153846156,2.7608296408302695,1.0,0.0,2.895032767264524,6.317794177457685,4.38442187506455,2.164633730662704,0.5384615384615384,2.8032086860588543,DiagonalScanPath_4,Diagonal,4,evaluation,hybrid previous state | mean-only | fixed gamma,hybrid previous state,mean-only,fixed gamma,current-frame truth,current forecast before Y_n
overall,2501,0.5204399531079155,0.1873602291760138,0.05479643870417189,0.6579468150401352,0.9900039984006398,2.516921134903803,1.0,0.0,-0.08406338318659719,0.7540515443243764,0.2869139092311478,0.1506961121182771,0.009196321471411436,0.213392369043102,DiagonalScanPath_4,Diagonal,4,evaluation,hybrid previous state | mean-only | fixed gamma,hybrid previous state,mean-only,fixed gamma,current-frame truth,current posterior after Y_n
above_camera_ceiling,76,2.7454978004459014,1.5864177831958528,-0.20853200252080223,0.6818047446082892,0.7105263157894737,2.591715225365768,1.0,0.0,0.29285231775002224,3.910864914212273,2.2874710899317163,1.3281478356091245,0.27631578947368424,1.3188918254401216,DiagonalScanPath_4,Diagonal,4,evaluation,hybrid previous state | mean-only | fixed gamma,hybrid previous state,mean-only,fixed gamma,current-frame truth,current posterior after Y_n
current_top_1pct,26,4.487366681356582,3.085505000958497,-2.0222944308229236,0.6931610382153004,0.4230769230769231,2.6471433288148534,1.0,0.0,2.919517094941126,6.378649381562275,4.410157586979546,2.099748268199205,0.5,2.7475438983716143,DiagonalScanPath_4,Diagonal,4,evaluation,hybrid previous state | mean-only | fixed gamma,hybrid previous state,mean-only,fixed gamma,current-frame truth,current posterior after Y_n
overall,2501,0.5163091737669931,0.1649361229947047,0.06838008727952467,0.7249147979130349,0.9932027189124351,2.778473132323978,1.0,0.0,-0.100991735863084,0.47156131015487374,0.2074456552487494,0.09387414681356568,0.006797281087564974,0.22049375724720838,DiagonalScanPath_4,Diagonal,4,evaluation,hybrid previous state | moment-matched | fixed gamma,hybrid previous state,moment-matched,fixed gamma,current-frame truth,current forecast before Y_n
above_camera_ceiling,76,2.74984465852287,1.5580524205792563,-0.3090847673557689,0.9838967241562763,0.8026315789473685,3.7706585395658663,1.0,0.0,0.24179780617697405,2.2304761285491113,1.43175377254682,0.8796226451571141,0.21052631578947367,1.2566563948493497,DiagonalScanPath_4,Diagonal,4,evaluation,hybrid previous state | moment-matched | fixed gamma,hybrid previous state,moment-matched,fixed gamma,current-frame truth,current forecast before Y_n
current_top_1pct,26,4.5231102255500275,3.138947369793849,-2.0726462346049197,1.1458424860780017,0.5384615384615384,4.40480702363253,1.0,0.0,1.9486809603153101,3.565286914197472,2.642242958937607,1.495294709551485,0.46153846153846156,2.684657901052164,DiagonalScanPath_4,Diagonal,4,evaluation,hybrid previous state | moment-matched | fixed gamma,hybrid previous state,moment-matched,fixed gamma,current-frame truth,current forecast before Y_n
overall,2501,0.5169643759928554,0.1884640572082463,0.06020004658092466,0.6656761481098267,0.991203518592563,2.5459927814390486,1.0,0.0,-0.09369230199916381,0.5272208110954723,0.26642152968088684,0.1507802946912023,0.007197121151539384,0.21290663378858954,DiagonalScanPath_4,Diagonal,4,evaluation,hybrid previous state | moment-matched | fixed gamma,hybrid previous state,moment-matched,fixed gamma,current-frame truth,current posterior after Y_n
above_camera_ceiling,76,2.720646781835601,1.603460621132577,-0.050116854706103414,0.9099049089708472,0.7368421052631579,3.462846213931556,1.0,0.0,-0.013699156245035555,2.3934893871057996,1.603056167048632,1.147663125427337,0.21052631578947367,1.2869122536992847,DiagonalScanPath_4,Diagonal,4,evaluation,hybrid previous state | moment-matched | fixed gamma,hybrid previous state,moment-matched,fixed gamma,current-frame truth,current posterior after Y_n
current_top_1pct,26,4.388970916656092,2.9490504109060067,-1.7719151225743592,1.0638720214116801,0.5,4.0177335103828336,1.0,0.0,1.8276438427593527,3.7145243880435084,2.6681388052445936,1.641536366608865,0.46153846153846156,2.5595022288914344,DiagonalScanPath_4,Diagonal,4,evaluation,hybrid previous state | moment-matched | fixed gamma,hybrid previous state,moment-matched,fixed gamma,current-frame truth,current posterior after Y_n
overall,2501,0.512839721161447,0.16470166568255187,0.0678591684148069,0.7159318740849122,0.9916033586565374,2.74414716987161,1.0,0.0,-0.09478439341947575,0.7163247506153391,0.23005214831798035,0.09393998905014546,0.008396641343462616,0.22171563282725218,DiagonalScanPath_4,Diagonal,4,evaluation,hybrid previous state | mean-only | development-recalibrated gamma,hybrid previous state,mean-only,development-recalibrated gamma,current-frame truth,current forecast before Y_n
above_camera_ceiling,76,2.7284138902592265,1.55067133481042,-0.3258926997425645,0.715931874084912,0.75,2.7445390924825634,1.0,0.0,0.4552007132789179,3.810996533359578,2.1659481732007713,1.199307615719709,0.25,1.3016429622613974,DiagonalScanPath_4,Diagonal,4,evaluation,hybrid previous state | mean-only | development-recalibrated gamma,hybrid previous state,mean-only,development-recalibrated gamma,current-frame truth,current forecast before Y_n
current_top_1pct,26,4.4853643232621225,3.119080430444134,-2.120068571760977,0.7159318740849122,0.46153846153846156,2.7608296408302673,1.0,0.0,2.96127138419532,6.265071420371125,4.356672112735407,2.164633730662704,0.5384615384615384,2.7844665502398653,DiagonalScanPath_4,Diagonal,4,evaluation,hybrid previous state | mean-only | development-recalibrated gamma,hybrid previous state,mean-only,development-recalibrated gamma,current-frame truth,current forecast before Y_n
overall,2501,0.5170237667987013,0.18712577186386095,0.05427551983945409,0.6579468150401352,0.9900039984006398,2.516921134903803,1.0,0.0,-0.08333246389277037,0.7494536593271949,0.2865855145410568,0.1506961121182771,0.009196321471411436,0.21318236518396505,DiagonalScanPath_4,Diagonal,4,evaluation,hybrid previous state | mean-only | development-recalibrated gamma,hybrid previous state,mean-only,development-recalibrated gamma,current-frame truth,current posterior after Y_n
above_camera_ceiling,76,2.7241795942615585,1.5790366974270158,-0.2253399349075986,0.6818047446082892,0.7105263157894737,2.591715225365768,1.0,0.0,0.31643039865066136,3.8816786694658663,2.2771392463198046,1.3281478356091245,0.27631578947368424,1.3119611490652796,DiagonalScanPath_4,Diagonal,4,evaluation,hybrid previous state | mean-only | development-recalibrated gamma,hybrid previous state,mean-only,development-recalibrated gamma,current-frame truth,current posterior after Y_n
current_top_1pct,26,4.449543702388459,3.06563806160878,-2.069716767978983,0.6931610382153004,0.4230769230769231,2.6471433288148534,1.0,0.0,2.986011146672924,6.32677229997467,4.382383305784031,2.099748268199205,0.5,2.7285301559946196,DiagonalScanPath_4,Diagonal,4,evaluation,hybrid previous state | mean-only | development-recalibrated gamma,hybrid previous state,mean-only,development-recalibrated gamma,current-frame truth,current posterior after Y_n
overall,2501,0.512839721161447,0.16470166568255187,0.0678591684148069,0.7249147979130349,0.9932027189124351,2.778473132323978,1.0,0.0,-0.10064719077232928,0.47050591281094006,0.20729587967244156,0.09387414681356568,0.006797281087564974,0.2202933340531147,DiagonalScanPath_4,Diagonal,4,evaluation,hybrid previous state | moment-matched | development-recalibrated gamma,hybrid previous state,moment-matched,development-recalibrated gamma,current-frame truth,current forecast before Y_n
above_camera_ceiling,76,2.7284138902592265,1.55067133481042,-0.3258926997425645,0.9838967241562763,0.8026315789473685,3.7706585395658663,1.0,0.0,0.2528487472590532,2.2231456499804554,1.4271122861441043,0.8796226451571141,0.21052631578947367,1.2501054775792628,DiagonalScanPath_4,Diagonal,4,evaluation,hybrid previous state | moment-matched | development-recalibrated gamma,hybrid previous state,moment-matched,development-recalibrated gamma,current-frame truth,current forecast before Y_n
current_top_1pct,26,4.4853643232621225,3.119080430444134,-2.120068571760977,1.1458424860780017,0.5384615384615384,4.40480702363253,1.0,0.0,1.9789262910836494,3.55252055880433,2.6307329572320226,1.4611257111357783,0.46153846153846156,2.666617487266907,DiagonalScanPath_4,Diagonal,4,evaluation,hybrid previous state | moment-matched | development-recalibrated gamma,hybrid previous state,moment-matched,development-recalibrated gamma,current-frame truth,current forecast before Y_n
overall,2501,0.5130421317172729,0.18822959989609345,0.059679127716206905,0.6656761481098267,0.9916033586565374,2.5459927814390486,1.0,0.0,-0.09331789442910304,0.525876369723773,0.266259828358959,0.1507802946912023,0.006797281087564974,0.21269941263345118,DiagonalScanPath_4,Diagonal,4,evaluation,hybrid previous state | moment-matched | development-recalibrated gamma,hybrid previous state,moment-matched,development-recalibrated gamma,current-frame truth,current posterior after Y_n
above_camera_ceiling,76,2.696145850477101,1.5960795353637394,-0.06692478709289904,0.9099049089708472,0.75,3.462846213931556,1.0,0.0,-0.0016859362194292136,2.3837772101668206,1.5980426618464534,1.137460098617147,0.19736842105263158,1.2801747865960222,DiagonalScanPath_4,Diagonal,4,evaluation,hybrid previous state | moment-matched | development-recalibrated gamma,hybrid previous state,moment-matched,development-recalibrated gamma,current-frame truth,current posterior after Y_n
current_top_1pct,26,4.344922671044344,2.929183471556288,-1.8193374597304166,1.0638720214116801,0.5384615384615384,4.0177335103828336,1.0,0.0,1.8606504359465537,3.6968886268853742,2.6555929169258734,1.6284948937883765,0.4230769230769231,2.541023057573219,DiagonalScanPath_4,Diagonal,4,evaluation,hybrid previous state | moment-matched | development-recalibrated gamma,hybrid previous state,moment-matched,development-recalibrated gamma,current-frame truth,current posterior after Y_n
overall,2501,0.5761171641912864,0.18043737816396255,-0.019191500678018197,0.7159318740849122,0.9848060775689724,2.74414716987161,1.0,0.0,0.02680632246266216,0.8047094773195651,0.2520314916759272,0.044209913971976385,0.012794882047181128,0.24544557803227393,DiagonalScanPath_4,Diagonal,4,evaluation,coherent latent previous state | mean-only | fixed gamma,coherent latent previous state,mean-only,fixed gamma,current-frame truth,current forecast before Y_n
above_camera_ceiling,76,2.837834263935149,1.6460958485168646,-0.18721553805658991,0.715931874084912,0.7368421052631579,2.7445390924825652,1.0,0.0,0.2614990962595213,3.963832826359916,2.299235315679815,1.2804257902451104,0.2631578947368421,1.389115736963562,DiagonalScanPath_4,Diagonal,4,evaluation,coherent latent previous state | mean-only | fixed gamma,coherent latent previous state,mean-only,fixed gamma,current-frame truth,current forecast before Y_n
current_top_1pct,26,4.642972918293281,3.2801257390513503,-1.9336211845277573,0.7159318740849122,0.46153846153846156,2.7608296408302695,1.0,0.0,2.700845226369154,6.485216102758134,4.581617131160605,2.1742241950004413,0.5384615384615384,2.944194549018548,DiagonalScanPath_4,Diagonal,4,evaluation,coherent latent previous state | mean-only | fixed gamma,coherent latent previous state,mean-only,fixed gamma,current-frame truth,current forecast before Y_n
overall,2501,0.5747585188463826,0.1879383166207338,-0.03273739745831347,0.6579345787425942,0.9820071971211516,2.516802432259872,1.0,0.0,0.04367042816460541,0.8301893065530016,0.28538847056567485,0.07159369655839777,0.01679328268692523,0.2341457597480678,DiagonalScanPath_4,Diagonal,4,evaluation,coherent latent previous state | mean-only | fixed gamma,coherent latent previous state,mean-only,fixed gamma,current-frame truth,current posterior after Y_n
above_camera_ceiling,76,2.8338248192434383,1.6834464372331432,-0.08684229742189586,0.6813900362419899,0.6973684210526315,2.609211536921909,1.0,0.0,0.12113838160339609,4.034548131427548,2.4257042877342854,1.3939022514310961,0.2894736842105263,1.4120951675049,DiagonalScanPath_4,Diagonal,4,evaluation,coherent latent previous state | mean-only | fixed gamma,coherent latent previous state,mean-only,fixed gamma,current-frame truth,current posterior after Y_n
current_top_1pct,26,4.606679311509785,3.2249485626766203,-1.8818573600690998,0.692716040370979,0.4230769230769231,2.6748570929482716,1.0,0.0,2.725246796597666,6.5448481239909295,4.607818694777818,2.106204272558034,0.5,2.8827408636966116,DiagonalScanPath_4,Diagonal,4,evaluation,coherent latent previous state | mean-only | fixed gamma,coherent latent previous state,mean-only,fixed gamma,current-frame truth,current posterior after Y_n
overall,2501,0.5761171641912864,0.18043737816396255,-0.019191500678018197,2.6904741918476778,0.9928028788484606,10.314973105435133,1.0,0.0,-0.0002499180388095049,0.4170978832567616,0.10057797554784999,0.011262845954963427,0.0075969612155137945,0.6769948493304928,DiagonalScanPath_4,Diagonal,4,evaluation,coherent latent previous state | moment-matched | fixed gamma,coherent latent previous state,moment-matched,fixed gamma,current-frame truth,current forecast before Y_n
above_camera_ceiling,76,2.837834263935149,1.6460958485168646,-0.18721553805658991,1.0791455401921488,0.7763157894736842,4.12628210178215,1.0,0.0,0.20501160502292323,2.2354751183878308,1.4185318746585422,0.7678876676704739,0.23684210526315788,1.3256203492485283,DiagonalScanPath_4,Diagonal,4,evaluation,coherent latent previous state | moment-matched | fixed gamma,coherent latent previous state,moment-matched,fixed gamma,current-frame truth,current forecast before Y_n
current_top_1pct,26,4.642972918293281,3.2801257390513503,-1.9336211845277573,1.171855375866699,0.5,4.498254081101589,1.0,0.0,1.8951810717154318,3.5839452417864934,2.688605521155857,1.6881925821560064,0.5,2.809494090427116,DiagonalScanPath_4,Diagonal,4,evaluation,coherent latent previous state | moment-matched | fixed gamma,coherent latent previous state,moment-matched,fixed gamma,current-frame truth,current forecast before Y_n
overall,2501,0.6531038165856469,0.3532600714995452,-0.031853959595918246,2.0860226655621075,0.9904038384646141,7.980269959438354,1.0,0.0,0.0008097821685440186,0.5374565661879529,0.21263589478204042,0.11682632422696286,0.007996801279488205,0.5591538686174482,DiagonalScanPath_4,Diagonal,4,evaluation,coherent latent previous state | moment-matched | fixed gamma,coherent latent previous state,moment-matched,fixed gamma,current-frame truth,current posterior after Y_n
above_camera_ceiling,76,2.81773484379926,1.6926413708516381,0.050443057981613186,0.9059407369886152,0.7368421052631579,3.4580467434367526,1.0,0.0,-0.010711475629037298,2.7098844489016063,1.7631749658371476,1.1490655263903338,0.23684210526315788,1.3697107322845545,DiagonalScanPath_4,Diagonal,4,evaluation,coherent latent previous state | moment-matched | fixed gamma,coherent latent previous state,moment-matched,fixed gamma,current-frame truth,current posterior after Y_n
current_top_1pct,26,4.534982796743533,3.099979429054247,-1.638621460834265,0.9675285004338507,0.5,3.643889287328783,1.0,0.0,1.969861207194904,4.263669879332681,3.0664296896631296,1.7077020983607942,0.46153846153846156,2.7266140591365553,DiagonalScanPath_4,Diagonal,4,evaluation,coherent latent previous state | moment-matched | fixed gamma,coherent latent previous state,moment-matched,fixed gamma,current-frame truth,current posterior after Y_n
overall,2501,0.5714662629198706,0.1801115163032432,-0.019915502795854086,0.7159318740849122,0.9848060775689724,2.74414716987161,1.0,0.0,0.02781759482535909,0.798213187044236,0.25157633403800833,0.044209913971976385,0.012794882047181128,0.24513554853011016,DiagonalScanPath_4,Diagonal,4,evaluation,coherent latent previous state | mean-only | development-recalibrated gamma,coherent latent previous state,mean-only,development-recalibrated gamma,current-frame truth,current forecast before Y_n
above_camera_ceiling,76,2.8072486701730828,1.635837203475356,-0.21057614076978912,0.715931874084912,0.7368421052631579,2.7445390924825652,1.0,0.0,0.2941287410047817,3.9211114517861683,2.284906235759158,1.2804257902451104,0.2631578947368421,1.3793781015108366,DiagonalScanPath_4,Diagonal,4,evaluation,coherent latent previous state | mean-only | development-recalibrated gamma,coherent latent previous state,mean-only,development-recalibrated gamma,current-frame truth,current forecast before Y_n
current_top_1pct,26,4.589717280778584,3.252513557695811,-1.9995313960005467,0.7159318740849122,0.46153846153846156,2.7608296408302695,1.0,0.0,2.792907353868414,6.410829643036994,4.543048962379416,2.1742241950004413,0.5384615384615384,2.9181053187686823,DiagonalScanPath_4,Diagonal,4,evaluation,coherent latent previous state | mean-only | development-recalibrated gamma,coherent latent previous state,mean-only,development-recalibrated gamma,current-frame truth,current forecast before Y_n
overall,2501,0.5701299775455622,0.18761245476001442,-0.03346139957614939,0.6579345787425942,0.9824070371851259,2.516802432259872,1.0,0.0,0.0446863044922411,0.8239324728696515,0.28493204892554225,0.07159369655839777,0.01679328268692523,0.2338337694118524,DiagonalScanPath_4,Diagonal,4,evaluation,coherent latent previous state | mean-only | development-recalibrated gamma,coherent latent previous state,mean-only,development-recalibrated gamma,current-frame truth,current posterior after Y_n
above_camera_ceiling,76,2.8034019923305062,1.6731877921916347,-0.11020290013509507,0.6813900362419899,0.7105263157894737,2.609211536921909,1.0,0.0,0.15390864267889012,3.992845246129085,2.4113445026251754,1.3939022514310961,0.2894736842105263,1.4022930051316067,DiagonalScanPath_4,Diagonal,4,evaluation,coherent latent previous state | mean-only | development-recalibrated gamma,coherent latent previous state,mean-only,development-recalibrated gamma,current-frame truth,current posterior after Y_n
current_top_1pct,26,4.5533206784754,3.1973363813210804,-1.9477675715418894,0.692716040370979,0.46153846153846156,2.6748570929482716,1.0,0.0,2.817664315849202,6.471614362925337,4.569216412966482,2.106204272558034,0.5,2.856463016294315,DiagonalScanPath_4,Diagonal,4,evaluation,coherent latent previous state | mean-only | development-recalibrated gamma,coherent latent previous state,mean-only,development-recalibrated gamma,current-frame truth,current posterior after Y_n
overall,2501,0.5714662629198706,0.1801115163032432,-0.019915502795854086,2.6904741918476778,0.9928028788484606,10.314973105435133,1.0,0.0,0.00020396176800293163,0.41539357525657494,0.10039440841308339,0.011262845954963427,0.0075969612155137945,0.6766910905217063,DiagonalScanPath_4,Diagonal,4,evaluation,coherent latent previous state | moment-matched | development-recalibrated gamma,coherent latent previous state,moment-matched,development-recalibrated gamma,current-frame truth,current forecast before Y_n
above_camera_ceiling,76,2.8072486701730828,1.635837203475356,-0.21057614076978912,1.0791455401921488,0.7763157894736842,4.12628210178215,1.0,0.0,0.21965838421422498,2.2252673321322973,1.4127805164249594,0.7678876676704739,0.23684210526315788,1.3160787406073968,DiagonalScanPath_4,Diagonal,4,evaluation,coherent latent previous state | moment-matched | development-recalibrated gamma,coherent latent previous state,moment-matched,development-recalibrated gamma,current-frame truth,current forecast before Y_n
current_top_1pct,26,4.589717280778584,3.252513557695811,-1.9995313960005467,1.171855375866699,0.5,4.498254081101589,1.0,0.0,1.9358361640504342,3.5668341100190757,2.673952428543418,1.6881925821560064,0.5,2.783925092132584,DiagonalScanPath_4,Diagonal,4,evaluation,coherent latent previous state | moment-matched | development-recalibrated gamma,coherent latent previous state,moment-matched,development-recalibrated gamma,current-frame truth,current forecast before Y_n
overall,2501,0.6485146757821575,0.3529342096388259,-0.03257796171375414,2.0860226655621075,0.9904038384646141,7.980269959438354,1.0,0.0,0.0013888169912702052,0.5349264416885622,0.21240377679714606,0.11682632422696286,0.007996801279488205,0.5588417516674145,DiagonalScanPath_4,Diagonal,4,evaluation,coherent latent previous state | moment-matched | development-recalibrated gamma,coherent latent previous state,moment-matched,development-recalibrated gamma,current-frame truth,current posterior after Y_n
above_camera_ceiling,76,2.7832266656089537,1.682382725810129,0.027082455268414737,0.9059407369886152,0.7368421052631579,3.4580467434367526,1.0,0.0,0.007988809159421328,2.6937149650558587,1.755890983830497,1.1490655263903338,0.23684210526315788,1.3598940748110615,DiagonalScanPath_4,Diagonal,4,evaluation,coherent latent previous state | moment-matched | development-recalibrated gamma,coherent latent previous state,moment-matched,development-recalibrated gamma,current-frame truth,current posterior after Y_n
current_top_1pct,26,4.473670834625188,3.0723672476987054,-1.7045316723070523,0.9675285004338507,0.5,3.643889287328783,1.0,0.0,2.0218323932127453,4.235528874816791,3.047829234853649,1.6878124751414243,0.46153846153846156,2.700293841441368,DiagonalScanPath_4,Diagonal,4,evaluation,coherent latent previous state | moment-matched | development-recalibrated gamma,coherent latent previous state,moment-matched,development-recalibrated gamma,current-frame truth,current posterior after Y_n
overall,2501,0.7173292243468433,0.030165570596098482,0.02845575364642614,0.7159318740849122,0.9976009596161536,2.74414716987161,1.0,0.0,-0.039746454483253216,1.001951792220059,0.04213469421885348,2.0346684757860218e-05,0.0023990403838464614,0.19234058440289079,DiagonalScanPath_4,Diagonal,4,evaluation,strict oracle | exact previous state | fixed gamma,true previous state,exact state; innovation only,fixed gamma,current-frame truth,current forecast before Y_n
above_camera_ceiling,76,4.114807552446944,0.9556482735938374,0.9506344692168623,0.715931874084912,0.9210526315789473,2.7445390924825643,1.0,0.0,-1.3278281127403941,5.7474847836693925,1.3348312991586317,0.04964697967722867,0.07894736842105263,0.9872408625495788,DiagonalScanPath_4,Diagonal,4,evaluation,strict oracle | exact previous state | fixed gamma,true previous state,exact state; innovation only,fixed gamma,current-frame truth,current forecast before Y_n
current_top_1pct,26,7.03438619299144,2.716612128051279,2.715644591368597,0.7159318740849122,0.7692307692307693,2.7608296408302695,1.0,0.0,-3.7931606199817156,9.82549659767926,3.794512056784161,0.36821333171660614,0.23076923076923078,2.561568270811096,DiagonalScanPath_4,Diagonal,4,evaluation,strict oracle | exact previous state | fixed gamma,true previous state,exact state; innovation only,fixed gamma,current-frame truth,current forecast before Y_n
overall,2501,0.7221120489450713,0.07933596561004365,0.03644406999439729,0.6580762437621138,0.9976009596161536,2.5180703120615657,1.0,0.0,-0.05310853940179295,1.0169267171268686,0.12517390198294967,0.04511829914806103,0.0023990403838464614,0.18357419721763615,DiagonalScanPath_4,Diagonal,4,evaluation,strict oracle | exact previous state | fixed gamma,true previous state,exact state; innovation only,fixed gamma,current-frame truth,current posterior after Y_n
above_camera_ceiling,76,4.1176657376828665,1.0014760386399628,0.9987928287609751,0.686138399036449,0.9210526315789473,2.6450353859469327,1.0,0.0,-1.4133479672403144,5.773931337893017,1.4173843932837116,0.16737360193013395,0.07894736842105263,0.9968749873069122,DiagonalScanPath_4,Diagonal,4,evaluation,strict oracle | exact previous state | fixed gamma,true previous state,exact state; innovation only,fixed gamma,current-frame truth,current posterior after Y_n
current_top_1pct,26,7.037286985078768,2.733648111291678,2.733648111291678,0.6976500728304041,0.7692307692307693,2.713182320541998,1.0,0.0,-3.8484888653107987,9.866875809787519,3.8484888653107987,0.4173836856672436,0.23076923076923078,2.5809236472516117,DiagonalScanPath_4,Diagonal,4,evaluation,strict oracle | exact previous state | fixed gamma,true previous state,exact state; innovation only,fixed gamma,current-frame truth,current posterior after Y_n
overall,2501,0.5046303008175174,0.023227232609687745,0.006570087019261885,0.7159318740849122,0.998000799680128,2.74414716987161,1.0,0.0,-0.009176972358801067,0.7048579887053139,0.032443355925975866,2.0346684757860218e-05,0.001999200319872051,0.18538149612416657,DiagonalScanPath_4,Diagonal,4,evaluation,recalibrated oracle | exact previous state | development-recalibrated gamma,true previous state,exact state; innovation only,development-recalibrated gamma,current-frame truth,current forecast before Y_n
above_camera_ceiling,76,2.8930277594413423,0.7189329249341325,0.2444730498015133,0.715931874084912,0.9342105263157895,2.7445390924825634,1.0,0.0,-0.34147529765173973,4.040926049198668,1.0041918106426762,0.04964697967722867,0.06578947368421052,0.7547228893268025,DiagonalScanPath_4,Diagonal,4,evaluation,recalibrated oracle | exact previous state | development-recalibrated gamma,true previous state,exact state; innovation only,development-recalibrated gamma,current-frame truth,current forecast before Y_n
current_top_1pct,26,4.937684269649832,1.9848180177336128,0.7232624144612819,0.7159318740849122,0.8461538461538461,2.7608296408302673,1.0,0.0,-1.010239159117953,6.896863302756381,2.772355987461184,0.33244957235544614,0.15384615384615385,1.8527232442499668,DiagonalScanPath_4,Diagonal,4,evaluation,recalibrated oracle | exact previous state | development-recalibrated gamma,true previous state,exact state; innovation only,development-recalibrated gamma,current-frame truth,current forecast before Y_n
overall,2501,0.5116143286019685,0.07245967420565945,0.014558403367233085,0.6580762437621138,0.998000799680128,2.5180703120615657,1.0,0.0,-0.02240121598654158,0.7238623010835215,0.11552365633744321,0.04511829914806103,0.001999200319872051,0.17657844951194226,DiagonalScanPath_4,Diagonal,4,evaluation,recalibrated oracle | exact previous state | development-recalibrated gamma,true previous state,exact state; innovation only,development-recalibrated gamma,current-frame truth,current posterior after Y_n
above_camera_ceiling,76,2.898126907467619,0.7658607533280806,0.29263140934562676,0.686138399036449,0.9342105263157895,2.6450353859469327,1.0,0.0,-0.4227882894793982,4.065683944355064,1.0865631090800267,0.16737360193013395,0.06578947368421052,0.7614624954035969,DiagonalScanPath_4,Diagonal,4,evaluation,recalibrated oracle | exact previous state | development-recalibrated gamma,true previous state,exact state; innovation only,development-recalibrated gamma,current-frame truth,current posterior after Y_n
current_top_1pct,26,4.943082389083277,2.0023798213628456,0.741265934384363,0.6976500728304041,0.8461538461538461,2.713182320541998,1.0,0.0,-1.054952361425784,6.932715596992967,2.8210474811370863,0.38014539893609756,0.15384615384615385,1.8615137952107168,DiagonalScanPath_4,Diagonal,4,evaluation,recalibrated oracle | exact previous state | development-recalibrated gamma,true previous state,exact state; innovation only,development-recalibrated gamma,current-frame truth,current posterior after Y_n
overall,2501,0.5314246454330299,0.1632784152773384,0.05657726036385699,0.7159318740849034,0.991203518592563,2.7459757273908485,1.0,0.0,-0.07902603922499392,0.7422838187115096,0.22806417927130165,0.09508578246351178,0.007996801279488205,0.21998269858432662,DiagonalScanPath_5,Diagonal,5,evaluation,hybrid previous state | mean-only | fixed gamma,hybrid previous state,mean-only,fixed gamma,current-frame truth,current forecast before Y_n
above_camera_ceiling,76,2.8251021319976912,1.408874860957022,-0.6894405879816481,0.7159318740849034,0.75,2.7287634070663613,1.0,0.0,0.9629974763491062,3.946048827074094,1.9678895603828657,0.8300262283485281,0.2236842105263158,1.1967776019585874,DiagonalScanPath_5,Diagonal,5,evaluation,hybrid previous state | mean-only | fixed gamma,hybrid previous state,mean-only,fixed gamma,current-frame truth,current forecast before Y_n
current_top_1pct,26,4.765679890401054,3.237328595256046,-2.5674114805915385,0.7159318740849037,0.2692307692307692,2.722364451102587,1.0,0.0,3.58611143535574,6.6566108632787095,4.52183889618543,2.626339215021863,0.6538461538461539,2.863730878159162,DiagonalScanPath_5,Diagonal,5,evaluation,hybrid previous state | mean-only | fixed gamma,hybrid previous state,mean-only,fixed gamma,current-frame truth,current forecast before Y_n
overall,2501,0.5359715751595145,0.18985275822447434,0.03528413743197084,0.6587276723720318,0.9908036785285885,2.521359566397075,1.0,0.0,-0.05403019937332265,0.7755408181719214,0.2910567150627972,0.16618010241277525,0.008396641343462616,0.2123331552598184,DiagonalScanPath_5,Diagonal,5,evaluation,hybrid previous state | mean-only | fixed gamma,hybrid previous state,mean-only,fixed gamma,current-frame truth,current posterior after Y_n
above_camera_ceiling,76,2.8166921198234443,1.4108394464763787,-0.6515457022213546,0.694530494577313,0.75,2.688170039016473,1.0,0.0,0.9290275301601753,4.007671370183146,2.0180139700689375,0.8961528281749753,0.23684210526315788,1.1921979514907013,DiagonalScanPath_5,Diagonal,5,evaluation,hybrid previous state | mean-only | fixed gamma,hybrid previous state,mean-only,fixed gamma,current-frame truth,current posterior after Y_n
current_top_1pct,26,4.746075611644233,3.2095564488833563,-2.5376044584179147,0.7008539506237678,0.34615384615384615,2.6994737058077103,1.0,0.0,3.618078690789057,6.745616465245834,4.562059285831602,2.620362750937778,0.6538461538461539,2.8425331931652305,DiagonalScanPath_5,Diagonal,5,evaluation,hybrid previous state | mean-only | fixed gamma,hybrid previous state,mean-only,fixed gamma,current-frame truth,current posterior after Y_n
overall,2501,0.5314246454330299,0.1632784152773384,0.05657726036385699,0.7232337463321288,0.995201919232307,2.7738172300525736,1.0,0.0,-0.084346252841497,0.6476876489821934,0.21566270845629743,0.09508578246351178,0.004398240703718513,0.21934561089322635,DiagonalScanPath_5,Diagonal,5,evaluation,hybrid previous state | moment-matched | fixed gamma,hybrid previous state,moment-matched,fixed gamma,current-frame truth,current forecast before Y_n
above_camera_ceiling,76,2.8251021319976912,1.408874860957022,-0.6894405879816481,0.9378964283162262,0.868421052631579,3.5749982865787704,1.0,0.0,0.7658529982421357,3.3627269184733284,1.5826331274294052,0.6543885205777018,0.13157894736842105,1.1772383416109231,DiagonalScanPath_5,Diagonal,5,evaluation,hybrid previous state | moment-matched | fixed gamma,hybrid previous state,moment-matched,fixed gamma,current-frame truth,current forecast before Y_n
current_top_1pct,26,4.765679890401054,3.237328595256046,-2.5674114805915385,0.9781180587006587,0.6153846153846154,3.7072043411340543,1.0,0.0,2.80912242988191,5.680114756470946,3.645503336630772,1.6360503759455782,0.38461538461538464,2.765487204902343,DiagonalScanPath_5,Diagonal,5,evaluation,hybrid previous state | moment-matched | fixed gamma,hybrid previous state,moment-matched,fixed gamma,current-frame truth,current forecast before Y_n
overall,2501,0.5345111158043881,0.19011780227619873,0.036901057435749514,0.6653069718259097,0.9940023990403839,2.5449195132112106,1.0,0.0,-0.060575169634966904,0.686062077549158,0.2794294391493992,0.1659975987464629,0.004798080767692923,0.21131615456198566,DiagonalScanPath_5,Diagonal,5,evaluation,hybrid previous state | moment-matched | fixed gamma,hybrid previous state,moment-matched,fixed gamma,current-frame truth,current posterior after Y_n
above_camera_ceiling,76,2.806703731261579,1.414938611420018,-0.5999034078609744,0.8952215134332182,0.8289473684210527,3.4079067888765198,1.0,0.0,0.6948560282327897,3.4362558118084605,1.6498003577024987,0.7191918620198408,0.13157894736842105,1.1848710823262396,DiagonalScanPath_5,Diagonal,5,evaluation,hybrid previous state | moment-matched | fixed gamma,hybrid previous state,moment-matched,fixed gamma,current-frame truth,current posterior after Y_n
current_top_1pct,26,4.719721222810216,3.1599992276906486,-2.481408693929443,0.9419555111689817,0.5769230769230769,3.559984005540641,1.0,0.0,2.821552258003021,5.783083750506583,3.679034699946455,1.5949558419691308,0.38461538461538464,2.74803094843823,DiagonalScanPath_5,Diagonal,5,evaluation,hybrid previous state | moment-matched | fixed gamma,hybrid previous state,moment-matched,fixed gamma,current-frame truth,current posterior after Y_n
overall,2501,0.5320164147537709,0.16341652186297026,0.0560529879389581,0.7159318740849034,0.991203518592563,2.7459757273908485,1.0,0.0,-0.07829374549164252,0.743110390822854,0.2282570839185607,0.09508578246351178,0.007996801279488205,0.2201251115517967,DiagonalScanPath_5,Diagonal,5,evaluation,hybrid previous state | mean-only | development-recalibrated gamma,hybrid previous state,mean-only,development-recalibrated gamma,current-frame truth,current forecast before Y_n
above_camera_ceiling,76,2.828787513560631,1.4137128430031232,-0.7064001046899866,0.7159318740849034,0.75,2.7287634070663613,1.0,0.0,0.9866862061322518,3.951196497818115,1.9746471615195451,0.8300262283485281,0.2236842105263158,1.2015098975158505,DiagonalScanPath_5,Diagonal,5,evaluation,hybrid previous state | mean-only | development-recalibrated gamma,hybrid previous state,mean-only,development-recalibrated gamma,current-frame truth,current forecast before Y_n
current_top_1pct,26,4.772465282702894,3.2532299632826844,-2.6152258781548006,0.7159318740849037,0.2692307692307692,2.722364451102587,1.0,0.0,3.6528976747928064,6.666088569953682,4.544049624052468,2.6460648622923384,0.6538461538461539,2.879186460666153,DiagonalScanPath_5,Diagonal,5,evaluation,hybrid previous state | mean-only | development-recalibrated gamma,hybrid previous state,mean-only,development-recalibrated gamma,current-frame truth,current forecast before Y_n
overall,2501,0.5365465473409418,0.1899908648101062,0.03475986500707197,0.6587276723720318,0.9908036785285885,2.521359566397075,1.0,0.0,-0.053293375848840294,0.7763793372241086,0.29125174005283183,0.16618010241277525,0.008396641343462616,0.21247346307733803,DiagonalScanPath_5,Diagonal,5,evaluation,hybrid previous state | mean-only | development-recalibrated gamma,hybrid previous state,mean-only,development-recalibrated gamma,current-frame truth,current posterior after Y_n
above_camera_ceiling,76,2.82031210346632,1.4156774285224796,-0.6685052189296932,0.694530494577313,0.75,2.688170039016473,1.0,0.0,0.9528584561416625,4.013038808675733,2.024848216913859,0.8961528281749753,0.23684210526315788,1.1968715616065606,DiagonalScanPath_5,Diagonal,5,evaluation,hybrid previous state | mean-only | development-recalibrated gamma,hybrid previous state,mean-only,development-recalibrated gamma,current-frame truth,current posterior after Y_n
current_top_1pct,26,4.752763121873361,3.2254578169099943,-2.585418855981177,0.7008539506237678,0.34615384615384615,2.6994737058077103,1.0,0.0,3.685274305711619,6.7555001295075545,4.584500329940082,2.6867218997069924,0.6538461538461539,2.8577194794819905,DiagonalScanPath_5,Diagonal,5,evaluation,hybrid previous state | mean-only | development-recalibrated gamma,hybrid previous state,mean-only,development-recalibrated gamma,current-frame truth,current posterior after Y_n
overall,2501,0.5320164147537709,0.16341652186297026,0.0560529879389581,0.7232337463321288,0.995201919232307,2.7738172300525736,1.0,0.0,-0.08372722655272043,0.6479214270657941,0.2157909536750702,0.09508578246351178,0.004798080767692923,0.21948274606694956,DiagonalScanPath_5,Diagonal,5,evaluation,hybrid previous state | moment-matched | development-recalibrated gamma,hybrid previous state,moment-matched,development-recalibrated gamma,current-frame truth,current forecast before Y_n
above_camera_ceiling,76,2.828787513560631,1.4137128430031232,-0.7064001046899866,0.9378964283162262,0.868421052631579,3.5749982865787704,1.0,0.0,0.7858469949069387,3.364239906965801,1.5872302628748785,0.6543885205777018,0.14473684210526316,1.1817955303657794,DiagonalScanPath_5,Diagonal,5,evaluation,hybrid previous state | moment-matched | development-recalibrated gamma,hybrid previous state,moment-matched,development-recalibrated gamma,current-frame truth,current forecast before Y_n
current_top_1pct,26,4.772465282702894,3.2532299632826844,-2.6152258781548006,0.9781180587006587,0.6153846153846154,3.7072043411340543,1.0,0.0,2.865256952543958,5.683310853814647,3.661250584752609,1.6360503759455782,0.4230769230769231,2.780382950279803,DiagonalScanPath_5,Diagonal,5,evaluation,hybrid previous state | moment-matched | development-recalibrated gamma,hybrid previous state,moment-matched,development-recalibrated gamma,current-frame truth,current forecast before Y_n
overall,2501,0.5350420781043203,0.19025590886183055,0.03637678501085066,0.6653069718259097,0.9940023990403839,2.5449195132112106,1.0,0.0,-0.0599453075677653,0.6862963190525192,0.2795632106520637,0.1659975987464629,0.005197920831667333,0.21145644163517982,DiagonalScanPath_5,Diagonal,5,evaluation,hybrid previous state | moment-matched | development-recalibrated gamma,hybrid previous state,moment-matched,development-recalibrated gamma,current-frame truth,current posterior after Y_n
above_camera_ceiling,76,2.810054662223717,1.4197765934661173,-0.6168629245693115,0.8952215134332182,0.8289473684210527,3.4079067888765198,1.0,0.0,0.7151985661714114,3.437828136347138,1.6545873928985475,0.7191918620198408,0.14473684210526316,1.1895395357521854,DiagonalScanPath_5,Diagonal,5,evaluation,hybrid previous state | moment-matched | development-recalibrated gamma,hybrid previous state,moment-matched,development-recalibrated gamma,current-frame truth,current posterior after Y_n
current_top_1pct,26,4.725961222951082,3.175900595717285,-2.5292230914926983,0.9419555111689817,0.5769230769230769,3.559984005540641,1.0,0.0,2.878695592515415,5.786403975032607,3.6953470407507902,1.5949558419691308,0.4230769230769231,2.763223688275464,DiagonalScanPath_5,Diagonal,5,evaluation,hybrid previous state | moment-matched | development-recalibrated gamma,hybrid previous state,moment-matched,development-recalibrated gamma,current-frame truth,current posterior after Y_n
overall,2501,0.5747113724020919,0.17650746059280717,-0.040736827322830925,0.7159318740849034,0.9872051179528188,2.745975727390848,1.0,0.0,0.05690042418477358,0.8027458941350836,0.24654225769514326,0.05266391006481562,0.011595361855257898,0.2393884015744931,DiagonalScanPath_5,Diagonal,5,evaluation,coherent latent previous state | mean-only | fixed gamma,coherent latent previous state,mean-only,fixed gamma,current-frame truth,current forecast before Y_n
above_camera_ceiling,76,2.855213614010936,1.4327951744330092,-0.6628810858910539,0.7159318740849034,0.7368421052631579,2.7287634070663613,1.0,0.0,0.9258996699069184,3.988107971391048,2.001300998456582,0.8528420922485875,0.23684210526315788,1.2175055066765867,DiagonalScanPath_5,Diagonal,5,evaluation,coherent latent previous state | mean-only | fixed gamma,coherent latent previous state,mean-only,fixed gamma,current-frame truth,current forecast before Y_n
current_top_1pct,26,4.8076315304018955,3.264902703034297,-2.5482865715134437,0.7159318740849037,0.2692307692307692,2.722364451102587,1.0,0.0,3.55939812677098,6.715208114664482,4.560353884519335,2.6196622464471444,0.6538461538461539,2.8916074174879864,DiagonalScanPath_5,Diagonal,5,evaluation,coherent latent previous state | mean-only | fixed gamma,coherent latent previous state,mean-only,fixed gamma,current-frame truth,current forecast before Y_n
overall,2501,0.5721290973475434,0.18413278001438724,-0.06183276582267378,0.6586986461478114,0.9840063974410236,2.5218174560801887,1.0,0.0,0.08735983563835834,0.8236814613810415,0.2791972652504058,0.08214829447940691,0.011995201919232307,0.22774771757018766,DiagonalScanPath_5,Diagonal,5,evaluation,coherent latent previous state | mean-only | fixed gamma,coherent latent previous state,mean-only,fixed gamma,current-frame truth,current posterior after Y_n
above_camera_ceiling,76,2.8460531409828382,1.435940682120211,-0.6241890093439314,0.694013343595727,0.75,2.7112452333060753,1.0,0.0,0.8908470172268209,4.049221948801331,2.054058635442289,0.9134969639235737,0.23684210526315788,1.2222022939725672,DiagonalScanPath_5,Diagonal,5,evaluation,coherent latent previous state | mean-only | fixed gamma,coherent latent previous state,mean-only,fixed gamma,current-frame truth,current posterior after Y_n
current_top_1pct,26,4.786723537761098,3.234625264120325,-2.5160502939357476,0.7003798441434561,0.3076923076923077,2.723873374357512,1.0,0.0,3.589662851760383,6.803393985799135,4.5989096536981,2.6384045673173366,0.6538461538461539,2.8797545143849326,DiagonalScanPath_5,Diagonal,5,evaluation,coherent latent previous state | mean-only | fixed gamma,coherent latent previous state,mean-only,fixed gamma,current-frame truth,current posterior after Y_n
overall,2501,0.5747113724020919,0.17650746059280717,-0.040736827322830925,2.6657058560038798,0.9956017592962815,10.225623926076995,1.0,0.0,0.018829073980790166,0.5876003784878288,0.10597631706331993,0.013587204054510152,0.004798080767692923,0.6680414666284457,DiagonalScanPath_5,Diagonal,5,evaluation,coherent latent previous state | moment-matched | fixed gamma,coherent latent previous state,moment-matched,fixed gamma,current-frame truth,current forecast before Y_n
above_camera_ceiling,76,2.855213614010936,1.4327951744330092,-0.6628810858910539,1.0400435703991897,0.8552631578947368,3.9603320662871697,1.0,0.0,0.7860542433039122,3.2647550178997355,1.5208529710354368,0.5982977569355139,0.14473684210526316,1.2083925507134645,DiagonalScanPath_5,Diagonal,5,evaluation,coherent latent previous state | moment-matched | fixed gamma,coherent latent previous state,moment-matched,fixed gamma,current-frame truth,current forecast before Y_n
current_top_1pct,26,4.8076315304018955,3.264902703034297,-2.5482865715134437,0.997540216469936,0.6153846153846154,3.7815805222017262,1.0,0.0,2.887704120504893,5.516888200781943,3.5315403072833624,1.653195119326007,0.38461538461538464,2.784097870974921,DiagonalScanPath_5,Diagonal,5,evaluation,coherent latent previous state | moment-matched | fixed gamma,coherent latent previous state,moment-matched,fixed gamma,current-frame truth,current forecast before Y_n
overall,2501,0.6915247773219522,0.3962022714097981,-0.0735270503762325,2.106023363535031,0.9940023990403839,8.05521151979132,1.0,0.0,0.035441690126489615,0.6596551912101649,0.22943246182226532,0.14082718049960813,0.004798080767692923,0.5660237928122497,DiagonalScanPath_5,Diagonal,5,evaluation,coherent latent previous state | moment-matched | fixed gamma,coherent latent previous state,moment-matched,fixed gamma,current-frame truth,current posterior after Y_n
above_camera_ceiling,76,2.842292905366037,1.449048885376708,-0.5667156687348348,0.932193395297715,0.8421052631578947,3.604618783050052,1.0,0.0,0.7204474499195861,3.4699065395246533,1.6736302360481272,0.7113973752091041,0.14473684210526316,1.2043962066754452,DiagonalScanPath_5,Diagonal,5,evaluation,coherent latent previous state | moment-matched | fixed gamma,coherent latent previous state,moment-matched,fixed gamma,current-frame truth,current posterior after Y_n
current_top_1pct,26,4.764839431066771,3.1946259996440594,-2.4566644625688263,0.9080212353759626,0.5769230769230769,3.505313920716396,1.0,0.0,2.9867282562647612,5.833419502458574,3.7351137843575537,1.766874226100194,0.38461538461538464,2.7505630096895124,DiagonalScanPath_5,Diagonal,5,evaluation,coherent latent previous state | moment-matched | fixed gamma,coherent latent previous state,moment-matched,fixed gamma,current-frame truth,current posterior after Y_n
overall,2501,0.5752644837384263,0.17669940883514765,-0.041465490405814945,0.7159318740849034,0.9872051179528188,2.745975727390848,1.0,0.0,0.057918206894777086,0.8035184695104172,0.2468103673425672,0.05266391006481562,0.011595361855257898,0.23957429918938797,DiagonalScanPath_5,Diagonal,5,evaluation,coherent latent previous state | mean-only | development-recalibrated gamma,coherent latent previous state,mean-only,development-recalibrated gamma,current-frame truth,current forecast before Y_n
above_camera_ceiling,76,2.859244948548064,1.439519271955044,-0.6864523689563422,0.7159318740849034,0.7368421052631579,2.7287634070663613,1.0,0.0,0.9588235889535696,3.993738862657456,2.0106930897510638,0.8528420922485875,0.23684210526315788,1.2240304907875508,DiagonalScanPath_5,Diagonal,5,evaluation,coherent latent previous state | mean-only | development-recalibrated gamma,coherent latent previous state,mean-only,development-recalibrated gamma,current-frame truth,current forecast before Y_n
current_top_1pct,26,4.815570157285692,3.2870033119919198,-2.614741690426458,0.7159318740849037,0.2692307692307692,2.722364451102587,1.0,0.0,3.6522213705998117,6.726296637429228,4.591223593995353,2.638440903648352,0.6538461538461539,2.913126002628633,DiagonalScanPath_5,Diagonal,5,evaluation,coherent latent previous state | mean-only | development-recalibrated gamma,coherent latent previous state,mean-only,development-recalibrated gamma,current-frame truth,current forecast before Y_n
overall,2501,0.5726693659003389,0.18432472825672766,-0.0625614289056578,0.6586986461478114,0.9840063974410236,2.5218174560801887,1.0,0.0,0.08838392752313004,0.824493306152808,0.27946833502443014,0.08214829447940691,0.011995201919232307,0.22793290912936656,DiagonalScanPath_5,Diagonal,5,evaluation,coherent latent previous state | mean-only | development-recalibrated gamma,coherent latent previous state,mean-only,development-recalibrated gamma,current-frame truth,current posterior after Y_n
above_camera_ceiling,76,2.849992385941672,1.4426647796422458,-0.6477602924092182,0.694013343595727,0.75,2.7112452333060753,1.0,0.0,0.9239690100497739,4.055173967129864,2.0635576861541893,0.9134969639235737,0.23684210526315788,1.22870404327635,DiagonalScanPath_5,Diagonal,5,evaluation,coherent latent previous state | mean-only | development-recalibrated gamma,coherent latent previous state,mean-only,development-recalibrated gamma,current-frame truth,current posterior after Y_n
current_top_1pct,26,4.794523105242413,3.25672587307795,-2.5825054128487555,0.7003798441434561,0.3076923076923077,2.723873374357512,1.0,0.0,3.683056350594483,6.815064011417527,4.630100743658188,2.6762930545671386,0.6538461538461539,2.9012051823968936,DiagonalScanPath_5,Diagonal,5,evaluation,coherent latent previous state | mean-only | development-recalibrated gamma,coherent latent previous state,mean-only,development-recalibrated gamma,current-frame truth,current posterior after Y_n
overall,2501,0.5752644837384263,0.17669940883514765,-0.041465490405814945,2.6657058560038798,0.9956017592962815,10.225623926076995,1.0,0.0,0.019591407627546,0.5900741089924598,0.10626375474928028,0.013587204054510152,0.004798080767692923,0.6682238702287732,DiagonalScanPath_5,Diagonal,5,evaluation,coherent latent previous state | moment-matched | development-recalibrated gamma,coherent latent previous state,moment-matched,development-recalibrated gamma,current-frame truth,current forecast before Y_n
above_camera_ceiling,76,2.859244948548064,1.439519271955044,-0.6864523689563422,1.0400435703991897,0.8552631578947368,3.960332066287169,1.0,0.0,0.8107868811680984,3.279647020534123,1.5306660976860285,0.5982977569355139,0.14473684210526316,1.214775388496291,DiagonalScanPath_5,Diagonal,5,evaluation,coherent latent previous state | moment-matched | development-recalibrated gamma,coherent latent previous state,moment-matched,development-recalibrated gamma,current-frame truth,current forecast before Y_n
current_top_1pct,26,4.815570157285692,3.2870033119919198,-2.614741690426458,0.997540216469936,0.6153846153846154,3.7815805222017262,1.0,0.0,2.957420374053536,5.543555645018098,3.562803980777917,1.653195119326007,0.4230769230769231,2.8051194329753404,DiagonalScanPath_5,Diagonal,5,evaluation,coherent latent previous state | moment-matched | development-recalibrated gamma,coherent latent previous state,moment-matched,development-recalibrated gamma,current-frame truth,current forecast before Y_n
overall,2501,0.6918231193198556,0.3963942196521386,-0.07425571345921646,2.106023363535031,0.9944022391043582,8.05521151979132,1.0,0.0,0.03627131947319763,0.6615814262799112,0.22972111748611926,0.14082718049960813,0.005197920831667333,0.5662056777066898,DiagonalScanPath_5,Diagonal,5,evaluation,coherent latent previous state | moment-matched | development-recalibrated gamma,coherent latent previous state,moment-matched,development-recalibrated gamma,current-frame truth,current posterior after Y_n
above_camera_ceiling,76,2.845068999255224,1.4557729828987445,-0.5902869518001217,0.932193395297715,0.8552631578947368,3.604618783050052,1.0,0.0,0.7473135142121626,3.482315480619197,1.6835645771689116,0.7113973752091041,0.15789473684210525,1.2107846129933186,DiagonalScanPath_5,Diagonal,5,evaluation,coherent latent previous state | moment-matched | development-recalibrated gamma,coherent latent previous state,moment-matched,development-recalibrated gamma,current-frame truth,current posterior after Y_n
current_top_1pct,26,4.770649446125553,3.216726608601684,-2.5231195814818386,0.9080212353759626,0.5769230769230769,3.505313920716396,1.0,0.0,3.062465729055788,5.8560251457197765,3.7669467273901955,1.766874226100194,0.4230769230769231,2.7715545719917296,DiagonalScanPath_5,Diagonal,5,evaluation,coherent latent previous state | moment-matched | development-recalibrated gamma,coherent latent previous state,moment-matched,development-recalibrated gamma,current-frame truth,current posterior after Y_n
overall,2501,0.7589735928248086,0.03195337937259447,0.030153580915295602,0.7159318740849034,0.9972011195521792,2.745975727390848,1.0,0.0,-0.04211794726116584,1.060119852597596,0.044631871452066506,3.738897255974394e-05,0.0023990403838464614,0.19426426896502033,DiagonalScanPath_5,Diagonal,5,evaluation,strict oracle | exact previous state | fixed gamma,true previous state,exact state; innovation only,fixed gamma,current-frame truth,current forecast before Y_n
above_camera_ceiling,76,4.353750127708204,1.0133732693171926,1.010026504332848,0.7159318740849034,0.9078947368421053,2.7287634070663613,1.0,0.0,-1.41078577570506,6.08123521986379,1.4154604732642688,0.06468842715975145,0.07894736842105263,1.0484678601487811,DiagonalScanPath_5,Diagonal,5,evaluation,strict oracle | exact previous state | fixed gamma,true previous state,exact state; innovation only,fixed gamma,current-frame truth,current forecast before Y_n
current_top_1pct,26,7.439393281348895,2.8577830232981727,2.8501940710812925,0.7159318740849037,0.7692307692307693,2.722364451102587,1.0,0.0,-3.981096769471788,10.391202781490694,3.9916968733246585,0.4795372272926336,0.23076923076923078,2.7115939436665837,DiagonalScanPath_5,Diagonal,5,evaluation,strict oracle | exact previous state | fixed gamma,true previous state,exact state; innovation only,fixed gamma,current-frame truth,current forecast before Y_n
overall,2501,0.7642701486440868,0.09020209085535849,0.03473232159054445,0.6583558727874522,0.9972011195521792,2.5203134946390193,1.0,0.0,-0.0494178407232035,1.07815261011045,0.14288334644891534,0.059895395019736744,0.0023990403838464614,0.18598415989240458,DiagonalScanPath_5,Diagonal,5,evaluation,strict oracle | exact previous state | fixed gamma,true previous state,exact state; innovation only,fixed gamma,current-frame truth,current posterior after Y_n
above_camera_ceiling,76,4.357895182507488,1.07814423239181,1.0762835591034228,0.6887374328367639,0.9078947368421053,2.6436262852962433,1.0,0.0,-1.5259071926158143,6.122043732832459,1.528547977244949,0.20053947570046904,0.07894736842105263,1.0525943585218882,DiagonalScanPath_5,Diagonal,5,evaluation,strict oracle | exact previous state | fixed gamma,true previous state,exact state; innovation only,fixed gamma,current-frame truth,current posterior after Y_n
current_top_1pct,26,7.443804694123724,2.873127626322044,2.8676887351713733,0.700442414849944,0.7692307692307693,2.6381282443385143,1.0,0.0,-4.046345058204569,10.456421967971488,4.05406427481281,0.5197273396874074,0.23076923076923078,2.72133619582226,DiagonalScanPath_5,Diagonal,5,evaluation,strict oracle | exact previous state | fixed gamma,true previous state,exact state; innovation only,fixed gamma,current-frame truth,current posterior after Y_n
overall,2501,0.3500569739813824,0.018546073200710923,0.008127019217689414,0.7159318740849034,0.998000799680128,2.745975727390848,1.0,0.0,-0.011351665587004742,0.48895291109761185,0.025904801660655653,3.738897255974394e-05,0.001999200319872051,0.18108143403840407,DiagonalScanPath_5,Diagonal,5,evaluation,recalibrated oracle | exact previous state | development-recalibrated gamma,true previous state,exact state; innovation only,development-recalibrated gamma,current-frame truth,current forecast before Y_n
above_camera_ceiling,76,2.005989684252299,0.5642821777644094,0.29749648483041674,0.7159318740849034,0.9342105263157895,2.7287634070663613,1.0,0.0,-0.4155374213652292,2.8019281678390606,0.7881785937882271,0.06468842715975145,0.06578947368421052,0.6105732774663277,DiagonalScanPath_5,Diagonal,5,evaluation,recalibrated oracle | exact previous state | development-recalibrated gamma,true previous state,exact state; innovation only,development-recalibrated gamma,current-frame truth,current forecast before Y_n
current_top_1pct,26,3.426682484776598,1.5671498020396895,0.8413400327172772,0.7159318740849037,0.8076923076923077,2.722364451102587,1.0,0.0,-1.1751677263883091,4.7863248010246044,2.1889649822377355,0.45477535524302154,0.19230769230769232,1.4523106385532312,DiagonalScanPath_5,Diagonal,5,evaluation,recalibrated oracle | exact previous state | development-recalibrated gamma,true previous state,exact state; innovation only,development-recalibrated gamma,current-frame truth,current forecast before Y_n
overall,2501,0.36092610118031687,0.07676978384307004,0.012705759892938312,0.6583558727874522,0.998000799680128,2.5203134946390193,1.0,0.0,-0.018460982741386654,0.518911750401121,0.12398173069674082,0.059895395019736744,0.001999200319872051,0.17279898002114044,DiagonalScanPath_5,Diagonal,5,evaluation,recalibrated oracle | exact previous state | development-recalibrated gamma,true previous state,exact state; innovation only,development-recalibrated gamma,current-frame truth,current posterior after Y_n
above_camera_ceiling,76,2.012192830859153,0.628240816307734,0.36375353960099305,0.6887374328367639,0.9342105263157895,2.643626285296244,1.0,0.0,-0.5246759935788561,2.841315484131516,0.8953521761839237,0.20053947570046904,0.06578947368421052,0.6141709046068565,DiagonalScanPath_5,Diagonal,5,evaluation,recalibrated oracle | exact previous state | development-recalibrated gamma,true previous state,exact state; innovation only,development-recalibrated gamma,current-frame truth,current posterior after Y_n
current_top_1pct,26,3.4317516272451583,1.5810588457924182,0.8588346968073604,0.700442414849944,0.8076923076923077,2.6381282443385166,1.0,0.0,-1.2231915064155663,4.84423021720653,2.2354392080821897,0.48825422599204166,0.19230769230769232,1.4600658964239868,DiagonalScanPath_5,Diagonal,5,evaluation,recalibrated oracle | exact previous state | development-recalibrated gamma,true previous state,exact state; innovation only,development-recalibrated gamma,current-frame truth,current posterior after Y_n
overall,2501,0.5584805910028181,0.17065264558879503,0.05897421064731447,0.7159318740849122,0.991203518592563,2.7409444502017015,1.0,0.0,-0.08237405370824419,0.7800750479459451,0.23836436365809158,0.09927754492869204,0.008396641343462616,0.2250682526857166,DiagonalScanPath_6,Diagonal,6,evaluation,hybrid previous state | mean-only | fixed gamma,hybrid previous state,mean-only,fixed gamma,current-frame truth,current forecast before Y_n
above_camera_ceiling,76,3.0032336801448727,1.653143423853112,-0.5115372670811943,0.715931874084912,0.7236842105263158,2.7267114109443678,1.0,0.0,0.7145055075736495,4.1948595793189645,2.309079234621482,1.0594743981937567,0.2631578947368421,1.4208919037777248,DiagonalScanPath_6,Diagonal,6,evaluation,hybrid previous state | mean-only | fixed gamma,hybrid previous state,mean-only,fixed gamma,current-frame truth,current forecast before Y_n
current_top_1pct,26,5.040005963606823,3.681838049749346,-2.5103313350684706,0.7159318740849122,0.23076923076923078,2.6866956558617163,1.0,0.0,3.5063829757225418,7.0397842951870855,5.142721232317513,4.859572414450032,0.7307692307692307,3.3613981826721147,DiagonalScanPath_6,Diagonal,6,evaluation,hybrid previous state | mean-only | fixed gamma,hybrid previous state,mean-only,fixed gamma,current-frame truth,current forecast before Y_n
overall,2501,0.5649401434618417,0.18826334530243038,0.03818655502562833,0.6585452681909225,0.9896041583366654,2.5237414370538285,1.0,0.0,-0.05990705376782863,0.8101751773626849,0.2867081653163769,0.145941169958191,0.009596161535385846,0.2167541224945189,DiagonalScanPath_6,Diagonal,6,evaluation,hybrid previous state | mean-only | fixed gamma,hybrid previous state,mean-only,fixed gamma,current-frame truth,current posterior after Y_n
above_camera_ceiling,76,3.0279215406152002,1.6773424180329604,-0.5096330626841876,0.6918575000008985,0.6710526315789473,2.6591055700904103,1.0,0.0,0.7095726127926408,4.281975713203211,2.389222967211341,1.2075943563290195,0.3026315789473684,1.4292111727548076,DiagonalScanPath_6,Diagonal,6,evaluation,hybrid previous state | mean-only | fixed gamma,hybrid previous state,mean-only,fixed gamma,current-frame truth,current posterior after Y_n
current_top_1pct,26,5.0765813010396155,3.711821198105226,-2.5502650800995683,0.7040853735795173,0.19230769230769232,2.652723792006994,1.0,0.0,3.6195889583259353,7.171190672421016,5.249874391056325,4.913981309765028,0.7692307692307693,3.362723284999587,DiagonalScanPath_6,Diagonal,6,evaluation,hybrid previous state | mean-only | fixed gamma,hybrid previous state,mean-only,fixed gamma,current-frame truth,current posterior after Y_n
overall,2501,0.5584805910028181,0.17065264558879503,0.05897421064731447,0.7292680610077218,0.9932027189124351,2.7918397118522726,1.0,0.0,-0.08478917470831261,0.6386582138634803,0.21932192192234687,0.09790724077713465,0.006797281087564974,0.22485205773293238,DiagonalScanPath_6,Diagonal,6,evaluation,hybrid previous state | moment-matched | fixed gamma,hybrid previous state,moment-matched,fixed gamma,current-frame truth,current forecast before Y_n
above_camera_ceiling,76,3.0032336801448727,1.653143423853112,-0.5115372670811943,1.1147790542225315,0.7763157894736842,4.2474983353531925,1.0,0.0,0.6297190115166383,3.3221707699840195,1.7054064005434493,0.7390274438415749,0.21052631578947367,1.4089518706257784,DiagonalScanPath_6,Diagonal,6,evaluation,hybrid previous state | moment-matched | fixed gamma,hybrid previous state,moment-matched,fixed gamma,current-frame truth,current forecast before Y_n
current_top_1pct,26,5.040005963606823,3.681838049749346,-2.5103313350684706,1.1072403263102568,0.34615384615384615,4.159994466312882,1.0,0.0,2.800146013913788,5.59595775848861,3.87759981414828,2.715229967369077,0.6153846153846154,3.274400424389059,DiagonalScanPath_6,Diagonal,6,evaluation,hybrid previous state | moment-matched | fixed gamma,hybrid previous state,moment-matched,fixed gamma,current-frame truth,current forecast before Y_n
overall,2501,0.5665864850072893,0.18902880013503648,0.039755162615048335,0.6677824825283009,0.9928028788484606,2.5581442684728963,1.0,0.0,-0.06342594696403116,0.6839890111985509,0.27073851511546787,0.1453696642737106,0.007197121151539384,0.2164936690685665,DiagonalScanPath_6,Diagonal,6,evaluation,hybrid previous state | moment-matched | fixed gamma,hybrid previous state,moment-matched,fixed gamma,current-frame truth,current posterior after Y_n
above_camera_ceiling,76,3.0377577110125302,1.704845210602442,-0.46175214473719967,0.9678585867866595,0.7763157894736842,3.6522119517522955,1.0,0.0,0.5918704790797056,3.4882522060825094,1.8860721699176177,0.9543258211789523,0.2236842105263158,1.418854679483941,DiagonalScanPath_6,Diagonal,6,evaluation,hybrid previous state | moment-matched | fixed gamma,hybrid previous state,moment-matched,fixed gamma,current-frame truth,current posterior after Y_n
current_top_1pct,26,5.078888673445378,3.7065722642257324,-2.5146780793337506,0.9738189262347066,0.34615384615384615,3.6581977107118746,1.0,0.0,2.957592119026862,5.847055842514367,4.148162948905933,3.361783697225982,0.6538461538461539,3.2779747631349467,DiagonalScanPath_6,Diagonal,6,evaluation,hybrid previous state | moment-matched | fixed gamma,hybrid previous state,moment-matched,fixed gamma,current-frame truth,current posterior after Y_n
overall,2501,0.557834016074048,0.17066758340849014,0.058452626851898,0.7159318740849122,0.991203518592563,2.7409444502017015,1.0,0.0,-0.08164551540132335,0.7791719244055989,0.23838522852000904,0.09927754492869204,0.008396641343462616,0.225072247426089,DiagonalScanPath_6,Diagonal,6,evaluation,hybrid previous state | mean-only | development-recalibrated gamma,hybrid previous state,mean-only,development-recalibrated gamma,current-frame truth,current forecast before Y_n
above_camera_ceiling,76,2.999261107656447,1.653211682654488,-0.5282781783204537,0.715931874084912,0.7236842105263158,2.7267114109443678,1.0,0.0,0.7378888934030027,4.189310765762501,2.3091745772146064,1.0594743981937567,0.2631578947368421,1.420973030073317,DiagonalScanPath_6,Diagonal,6,evaluation,hybrid previous state | mean-only | development-recalibrated gamma,hybrid previous state,mean-only,development-recalibrated gamma,current-frame truth,current forecast before Y_n
current_top_1pct,26,5.033086362619129,3.682037575476445,-2.5592663063832286,0.7159318740849122,0.23076923076923078,2.6866956558617163,1.0,0.0,3.574734411223728,7.030119128376993,5.142999926051261,4.814126493423235,0.7307692307692307,3.361635321074615,DiagonalScanPath_6,Diagonal,6,evaluation,hybrid previous state | mean-only | development-recalibrated gamma,hybrid previous state,mean-only,development-recalibrated gamma,current-frame truth,current forecast before Y_n
overall,2501,0.5643325163632132,0.18827828312212547,0.03766497123021187,0.6585452681909225,0.9896041583366654,2.5237414370538285,1.0,0.0,-0.05917533950188266,0.8093792892412481,0.2867298138212679,0.14615643299064995,0.009596161535385846,0.21675825994645187,DiagonalScanPath_6,Diagonal,6,evaluation,hybrid previous state | mean-only | development-recalibrated gamma,hybrid previous state,mean-only,development-recalibrated gamma,current-frame truth,current posterior after Y_n
above_camera_ceiling,76,3.0241762538876316,1.6774106768343362,-0.526373973923447,0.6918575000008985,0.6710526315789473,2.6591055700904103,1.0,0.0,0.7330505940091051,4.276999457993793,2.389334179106774,1.2075943563290195,0.3026315789473684,1.4293010143756026,DiagonalScanPath_6,Diagonal,6,evaluation,hybrid previous state | mean-only | development-recalibrated gamma,hybrid previous state,mean-only,development-recalibrated gamma,current-frame truth,current posterior after Y_n
current_top_1pct,26,5.070051359170797,3.7120207238323246,-2.5992000514143263,0.7040853735795173,0.19230769230769232,2.652723792006994,1.0,0.0,3.6882169034202166,7.162504939351684,5.250199471981438,4.868420470555904,0.7692307692307693,3.362985898968065,DiagonalScanPath_6,Diagonal,6,evaluation,hybrid previous state | mean-only | development-recalibrated gamma,hybrid previous state,mean-only,development-recalibrated gamma,current-frame truth,current posterior after Y_n
overall,2501,0.557834016074048,0.17066758340849014,0.058452626851898,0.7292680610077218,0.9932027189124351,2.7918397118522726,1.0,0.0,-0.08423583348935434,0.6393949617436624,0.21939470294245805,0.09790724077713465,0.006797281087564974,0.22485674680657464,DiagonalScanPath_6,Diagonal,6,evaluation,hybrid previous state | moment-matched | development-recalibrated gamma,hybrid previous state,moment-matched,development-recalibrated gamma,current-frame truth,current forecast before Y_n
above_camera_ceiling,76,2.999261107656447,1.653211682654488,-0.5282781783204537,1.1147790542225315,0.7763157894736842,4.2474983353531925,1.0,0.0,0.6474040524920086,3.3268095944213805,1.7072772170804444,0.7390274438415749,0.21052631578947367,1.409070273095459,DiagonalScanPath_6,Diagonal,6,evaluation,hybrid previous state | moment-matched | development-recalibrated gamma,hybrid previous state,moment-matched,development-recalibrated gamma,current-frame truth,current forecast before Y_n
current_top_1pct,26,5.033086362619129,3.682037575476445,-2.5592663063832286,1.1072403263102568,0.34615384615384615,4.159994466312882,1.0,0.0,2.851840749072563,5.604007585586042,3.8830683547948817,2.6910781588402743,0.6153846153846154,3.2747465239158164,DiagonalScanPath_6,Diagonal,6,evaluation,hybrid previous state | moment-matched | development-recalibrated gamma,hybrid previous state,moment-matched,development-recalibrated gamma,current-frame truth,current forecast before Y_n
overall,2501,0.5659332706109953,0.18904373795473164,0.03923357881963192,0.6677824825283009,0.9928028788484606,2.5581442684728963,1.0,0.0,-0.06284867871197955,0.684416880485146,0.27080027590639877,0.1453696642737106,0.007197121151539384,0.21650021003192277,DiagonalScanPath_6,Diagonal,6,evaluation,hybrid previous state | moment-matched | development-recalibrated gamma,hybrid previous state,moment-matched,development-recalibrated gamma,current-frame truth,current posterior after Y_n
above_camera_ceiling,76,3.033736315777055,1.7049134694038202,-0.4784930559764568,0.9678585867866595,0.7763157894736842,3.6522119517522946,1.0,0.0,0.6103241662009994,3.4909960779173326,1.887561591772295,0.9543258211789523,0.2236842105263158,1.418964217966842,DiagonalScanPath_6,Diagonal,6,evaluation,hybrid previous state | moment-matched | development-recalibrated gamma,hybrid previous state,moment-matched,development-recalibrated gamma,current-frame truth,current posterior after Y_n
current_top_1pct,26,5.071857713914437,3.706771789952838,-2.563613050648502,0.9738189262347066,0.34615384615384615,3.6581977107118724,1.0,0.0,3.0115336659967977,5.851840686862532,4.152516643558067,3.3325018664249075,0.6538461538461539,3.278294952546503,DiagonalScanPath_6,Diagonal,6,evaluation,hybrid previous state | moment-matched | development-recalibrated gamma,hybrid previous state,moment-matched,development-recalibrated gamma,current-frame truth,current posterior after Y_n
overall,2501,0.6128484765715141,0.19395284718372752,-0.04746955589701658,0.7159318740849122,0.9800079968012795,2.7409444502017015,1.0,0.0,0.06630457116843845,0.8560150745555826,0.27090964127226996,0.05803504302931979,0.01679328268692523,0.2525492505951111,DiagonalScanPath_6,Diagonal,6,evaluation,coherent latent previous state | mean-only | fixed gamma,coherent latent previous state,mean-only,fixed gamma,current-frame truth,current forecast before Y_n
above_camera_ceiling,76,3.006392179880239,1.6697910404030416,-0.4727473901883876,0.715931874084912,0.7236842105263158,2.7267114109443678,1.0,0.0,0.6603245466513729,4.1992713115657,2.332332308206462,1.110095275857772,0.27631578947368424,1.4321340168520635,DiagonalScanPath_6,Diagonal,6,evaluation,coherent latent previous state | mean-only | fixed gamma,coherent latent previous state,mean-only,fixed gamma,current-frame truth,current forecast before Y_n
current_top_1pct,26,5.038577246005062,3.684073156218801,-2.5094689472960656,0.7159318740849122,0.23076923076923078,2.6866956558617163,1.0,0.0,3.5051784089144116,7.037788689664441,5.145843186445218,4.855514719040343,0.7307692307692307,3.3623077351031267,DiagonalScanPath_6,Diagonal,6,evaluation,coherent latent previous state | mean-only | fixed gamma,coherent latent previous state,mean-only,fixed gamma,current-frame truth,current forecast before Y_n
overall,2501,0.6144447149956641,0.19712773788870552,-0.0680686614960531,0.6585642660428752,0.9788084766093562,2.523664063725142,1.0,0.0,0.09374679220465149,0.8790271854329841,0.29688263439645485,0.07728007902536296,0.018392642942822873,0.24043175306760473,DiagonalScanPath_6,Diagonal,6,evaluation,coherent latent previous state | mean-only | fixed gamma,coherent latent previous state,mean-only,fixed gamma,current-frame truth,current posterior after Y_n
above_camera_ceiling,76,3.0320814215763408,1.6952982852496692,-0.4728971656900449,0.6925438118818152,0.6973684210526315,2.656581009480826,1.0,0.0,0.6574412435000776,4.285804447068168,2.4123523010109347,1.2376454365418907,0.3026315789473684,1.4407124870688974,DiagonalScanPath_6,Diagonal,6,evaluation,coherent latent previous state | mean-only | fixed gamma,coherent latent previous state,mean-only,fixed gamma,current-frame truth,current posterior after Y_n
current_top_1pct,26,5.076830686968448,3.7163670969960356,-2.552644319485952,0.7056356817963005,0.23076923076923078,2.6542317581189208,1.0,0.0,3.6189730220568803,7.168636899910467,5.251890115570446,4.906650954128853,0.7692307692307693,3.3661688767273574,DiagonalScanPath_6,Diagonal,6,evaluation,coherent latent previous state | mean-only | fixed gamma,coherent latent previous state,mean-only,fixed gamma,current-frame truth,current posterior after Y_n
overall,2501,0.6128484765715141,0.19395284718372752,-0.04746955589701658,2.6981489356450923,0.9924030387844862,10.326755408516254,1.0,0.0,0.01937684913555003,0.5991276299518709,0.11257668065746178,0.014814931610061735,0.006797281087564974,0.6827056735549752,DiagonalScanPath_6,Diagonal,6,evaluation,coherent latent previous state | moment-matched | fixed gamma,coherent latent previous state,moment-matched,fixed gamma,current-frame truth,current forecast before Y_n
above_camera_ceiling,76,3.006392179880239,1.6697910404030416,-0.4727473901883876,1.1897171010291137,0.7763157894736842,4.531183799830022,1.0,0.0,0.6364964113213523,3.3151498131817174,1.6690204754921292,0.6577559520730694,0.21052631578947367,1.419967151434058,DiagonalScanPath_6,Diagonal,6,evaluation,coherent latent previous state | moment-matched | fixed gamma,coherent latent previous state,moment-matched,fixed gamma,current-frame truth,current forecast before Y_n
current_top_1pct,26,5.038577246005062,3.684073156218801,-2.5094689472960656,1.1103849663102656,0.34615384615384615,4.171545488479755,1.0,0.0,2.7994786265432485,5.603860765561573,3.8835251465989518,2.691050781188863,0.6153846153846154,3.2754175822470444,DiagonalScanPath_6,Diagonal,6,evaluation,coherent latent previous state | moment-matched | fixed gamma,coherent latent previous state,moment-matched,fixed gamma,current-frame truth,current forecast before Y_n
overall,2501,0.7011435037210995,0.38043863005138756,-0.08658870610514552,2.1032023883219253,0.9916033586565374,8.058755279183687,1.0,0.0,0.03844286533100547,0.6859847997514779,0.22671152698827018,0.12548072966378637,0.007996801279488205,0.5690680926082291,DiagonalScanPath_6,Diagonal,6,evaluation,coherent latent previous state | moment-matched | fixed gamma,coherent latent previous state,moment-matched,fixed gamma,current-frame truth,current posterior after Y_n
above_camera_ceiling,76,3.0235342679212933,1.6838443328982569,-0.49815825302175654,0.9407329733835927,0.75,3.6029548759447554,1.0,0.0,0.6880938144119986,3.6522839952265236,1.9439517213874593,0.8780452539840107,0.25,1.4219020454892923,DiagonalScanPath_6,Diagonal,6,evaluation,coherent latent previous state | moment-matched | fixed gamma,coherent latent previous state,moment-matched,fixed gamma,current-frame truth,current posterior after Y_n
current_top_1pct,26,5.069220734240558,3.724857038731902,-2.5605482802572905,0.8928230453934388,0.2692307692307692,3.4741989926533847,1.0,0.0,3.154764219680729,6.154394456318435,4.437442760130304,3.70263012754517,0.7307692307692307,3.342116036575109,DiagonalScanPath_6,Diagonal,6,evaluation,coherent latent previous state | moment-matched | fixed gamma,coherent latent previous state,moment-matched,fixed gamma,current-frame truth,current posterior after Y_n
overall,2501,0.6120222174974185,0.19393785155118773,-0.048194482172656476,0.7159318740849122,0.9800079968012795,2.7409444502017015,1.0,0.0,0.06731713437714665,0.854860971624837,0.2708886956584726,0.05803504302931979,0.01679328268692523,0.25253472037938496,DiagonalScanPath_6,Diagonal,6,evaluation,coherent latent previous state | mean-only | development-recalibrated gamma,coherent latent previous state,mean-only,development-recalibrated gamma,current-frame truth,current forecast before Y_n
above_camera_ceiling,76,3.0014590491347137,1.6698859102956574,-0.4960148431693685,0.715931874084912,0.7236842105263158,2.7267114109443678,1.0,0.0,0.6928240816255923,4.192380808538676,2.3324648206647693,1.110095275857772,0.27631578947368424,1.4322442026321918,DiagonalScanPath_6,Diagonal,6,evaluation,coherent latent previous state | mean-only | development-recalibrated gamma,coherent latent previous state,mean-only,development-recalibrated gamma,current-frame truth,current forecast before Y_n
current_top_1pct,26,5.029972954799661,3.6843504682126005,-2.577481502163548,0.7159318740849122,0.23076923076923078,2.6866956558617163,1.0,0.0,3.6001770496082837,7.025770379659178,5.146230530554116,4.792351441034994,0.7307692307692307,3.362629816614271,DiagonalScanPath_6,Diagonal,6,evaluation,coherent latent previous state | mean-only | development-recalibrated gamma,coherent latent previous state,mean-only,development-recalibrated gamma,current-frame truth,current forecast before Y_n
overall,2501,0.6136622177638122,0.19711274225616565,-0.06879358777169306,0.6585642660428752,0.9788084766093562,2.523664063725142,1.0,0.0,0.09476374598716043,0.8779951457308489,0.2968619173114066,0.07728007902536296,0.018392642942822873,0.24041762247422388,DiagonalScanPath_6,Diagonal,6,evaluation,coherent latent previous state | mean-only | development-recalibrated gamma,coherent latent previous state,mean-only,development-recalibrated gamma,current-frame truth,current posterior after Y_n
above_camera_ceiling,76,3.0274691812587604,1.6953931551422834,-0.4961646186710274,0.6925438118818152,0.6973684210526315,2.656581009480826,1.0,0.0,0.6900714774052045,4.279703488408792,2.412506119478823,1.2376454365418907,0.3026315789473684,1.4408358235790986,DiagonalScanPath_6,Diagonal,6,evaluation,coherent latent previous state | mean-only | development-recalibrated gamma,coherent latent previous state,mean-only,development-recalibrated gamma,current-frame truth,current posterior after Y_n
current_top_1pct,26,5.068778488696948,3.716644408989831,-2.620656874353439,0.7056356817963005,0.23076923076923078,2.6542317581189208,1.0,0.0,3.7143537057795584,7.157974671989916,5.252339738784271,4.843328280178321,0.7692307692307693,3.3665293988340994,DiagonalScanPath_6,Diagonal,6,evaluation,coherent latent previous state | mean-only | development-recalibrated gamma,coherent latent previous state,mean-only,development-recalibrated gamma,current-frame truth,current posterior after Y_n
overall,2501,0.6120222174974185,0.19393785155118773,-0.048194482172656476,2.6981489356450923,0.9924030387844862,10.326755408516254,1.0,0.0,0.020142969446297804,0.6001583617335791,0.1126355488051551,0.014814931610061735,0.006797281087564974,0.6826927957263842,DiagonalScanPath_6,Diagonal,6,evaluation,coherent latent previous state | moment-matched | development-recalibrated gamma,coherent latent previous state,moment-matched,development-recalibrated gamma,current-frame truth,current forecast before Y_n
above_camera_ceiling,76,3.0014590491347137,1.6698859102956574,-0.4960148431693685,1.1897171010291137,0.7763157894736842,4.531183799830022,1.0,0.0,0.6611152718583467,3.3218393925529432,1.6715502483046247,0.6577559520730694,0.21052631578947367,1.42013171379609,DiagonalScanPath_6,Diagonal,6,evaluation,coherent latent previous state | moment-matched | development-recalibrated gamma,coherent latent previous state,moment-matched,development-recalibrated gamma,current-frame truth,current forecast before Y_n
current_top_1pct,26,5.029972954799661,3.6843504682126005,-2.577481502163548,1.1103849663102656,0.34615384615384615,4.171545488479755,1.0,0.0,2.8714414496513854,5.61542840716784,3.890919867127785,2.6576307672642407,0.6153846153846154,3.275898610689907,DiagonalScanPath_6,Diagonal,6,evaluation,coherent latent previous state | moment-matched | development-recalibrated gamma,coherent latent previous state,moment-matched,development-recalibrated gamma,current-frame truth,current forecast before Y_n
overall,2501,0.7003743055812769,0.3804236344188478,-0.08731363238078539,2.1032023883219253,0.9916033586565374,8.058755279183687,1.0,0.0,0.03930228594228895,0.6860617955242599,0.22673991946645233,0.12548072966378637,0.007996801279488205,0.5690540369177405,DiagonalScanPath_6,Diagonal,6,evaluation,coherent latent previous state | moment-matched | development-recalibrated gamma,coherent latent previous state,moment-matched,development-recalibrated gamma,current-frame truth,current posterior after Y_n
above_camera_ceiling,76,3.0182736957682725,1.6839392027908733,-0.5214257060027367,0.9407329733835927,0.75,3.6029548759447554,1.0,0.0,0.715669792035361,3.65348716363245,1.9455918034582227,0.8780452539840107,0.25,1.422027846895988,DiagonalScanPath_6,Diagonal,6,evaluation,coherent latent previous state | moment-matched | development-recalibrated gamma,coherent latent previous state,moment-matched,development-recalibrated gamma,current-frame truth,current posterior after Y_n
current_top_1pct,26,5.060048777100375,3.7251343507257038,-2.628560835124771,0.8928230453934388,0.2692307692307692,3.4741989926533847,1.0,0.0,3.235370923502865,6.156481558781471,4.442236846183304,3.658079600317258,0.7307692307692307,3.3424837637639118,DiagonalScanPath_6,Diagonal,6,evaluation,coherent latent previous state | moment-matched | development-recalibrated gamma,coherent latent previous state,moment-matched,development-recalibrated gamma,current-frame truth,current posterior after Y_n
overall,2501,0.7781932534586763,0.031931819883432806,0.029734810452495236,0.7159318740849122,0.9968012794882047,2.7409444502017015,1.0,0.0,-0.04153301665818636,1.0869655083500025,0.044601757568410165,6.413766981106776e-05,0.0027988804478208716,0.19430639777509132,DiagonalScanPath_6,Diagonal,6,evaluation,strict oracle | exact previous state | fixed gamma,true previous state,exact state; innovation only,fixed gamma,current-frame truth,current forecast before Y_n
above_camera_ceiling,76,4.463814562917425,1.0070228281125926,1.002093834409843,0.715931874084912,0.8947368421052632,2.7267114109443678,1.0,0.0,-1.3997055735096255,6.234971125741497,1.40659029799413,0.0656771584169554,0.09210526315789473,1.0533159392776594,DiagonalScanPath_6,Diagonal,6,evaluation,strict oracle | exact previous state | fixed gamma,true previous state,exact state; innovation only,fixed gamma,current-frame truth,current forecast before Y_n
current_top_1pct,26,7.631537938605468,2.884578247259994,2.883252566888333,0.7159318740849122,0.6923076923076923,2.6866956558617163,1.0,0.0,-4.027272246502003,10.65958677752674,4.029123931584966,0.45489620433187866,0.2692307692307692,2.756716128889963,DiagonalScanPath_6,Diagonal,6,evaluation,strict oracle | exact previous state | fixed gamma,true previous state,exact state; innovation only,fixed gamma,current-frame truth,current forecast before Y_n
overall,2501,0.7812864503032116,0.07696586448952952,0.039998278713309084,0.6584962956153019,0.9972011195521792,2.52309138603887,1.0,0.0,-0.05854712180375614,1.0990610662516178,0.12079130497811284,0.043151746135721314,0.0027988804478208716,0.1845481021390356,DiagonalScanPath_6,Diagonal,6,evaluation,strict oracle | exact previous state | fixed gamma,true previous state,exact state; innovation only,fixed gamma,current-frame truth,current posterior after Y_n
above_camera_ceiling,76,4.464722570212177,1.0577308614581853,1.0497797557104491,0.6910084046330603,0.9078947368421053,2.624905023241051,1.0,0.0,-1.484445173836084,6.263507038151601,1.4971783659894693,0.14919854943148597,0.09210526315789473,1.056201553497897,DiagonalScanPath_6,Diagonal,6,evaluation,strict oracle | exact previous state | fixed gamma,true previous state,exact state; innovation only,fixed gamma,current-frame truth,current posterior after Y_n
current_top_1pct,26,7.630568492195664,2.872131985447862,2.8674054815349757,0.7097141019823353,0.7307692307692307,2.6797908378578064,1.0,0.0,-4.03021353905939,10.703595116864912,4.036916707520705,0.4281419488854161,0.2692307692307692,2.7530479272973496,DiagonalScanPath_6,Diagonal,6,evaluation,strict oracle | exact previous state | fixed gamma,true previous state,exact state; innovation only,fixed gamma,current-frame truth,current posterior after Y_n
overall,2501,0.456599803269979,0.022044438850514644,0.007821207705932243,0.7159318740849122,0.998000799680128,2.7409444502017015,1.0,0.0,-0.010924513894466751,0.6377699049278879,0.030791252140703114,6.413766981106776e-05,0.0023990403838464614,0.18428971886479126,DiagonalScanPath_6,Diagonal,6,evaluation,recalibrated oracle | exact previous state | development-recalibrated gamma,true previous state,exact state; innovation only,development-recalibrated gamma,current-frame truth,current forecast before Y_n
above_camera_ceiling,76,2.615705778908152,0.6698466139971821,0.2987482133679151,0.715931874084912,0.9342105263157895,2.7267114109443678,1.0,0.0,-0.417285811935344,3.653567991020777,0.9356289868409126,0.0656771584169554,0.07894736842105263,0.7167954349527602,DiagonalScanPath_6,Diagonal,6,evaluation,recalibrated oracle | exact previous state | development-recalibrated gamma,true previous state,exact state; innovation only,development-recalibrated gamma,current-frame truth,current forecast before Y_n
current_top_1pct,26,4.471648510831351,1.8989862367687942,0.8273192130734668,0.7159318740849122,0.8076923076923077,2.6866956558617163,1.0,0.0,-1.1555837126694875,6.245913434915731,2.6524677912909453,0.40723082927478155,0.23076923076923078,1.7730408085556428,DiagonalScanPath_6,Diagonal,6,evaluation,recalibrated oracle | exact previous state | development-recalibrated gamma,true previous state,exact state; innovation only,development-recalibrated gamma,current-frame truth,current forecast before Y_n
overall,2501,0.46163318205719395,0.06704238761215384,0.018084675966745976,0.6584962956153019,0.9976009596161536,2.52309138603887,1.0,0.0,-0.027807810838842366,0.6535929292627475,0.10686197430045043,0.043151746135721314,0.0023990403838464614,0.1747088835020497,DiagonalScanPath_6,Diagonal,6,evaluation,recalibrated oracle | exact previous state | development-recalibrated gamma,true previous state,exact state; innovation only,development-recalibrated gamma,current-frame truth,current posterior after Y_n
above_camera_ceiling,76,2.6162565468947374,0.7204178230824111,0.34643413466851686,0.6910084046330603,0.9210526315789473,2.624905023241051,1.0,0.0,-0.49813751072705326,3.6755024178184805,1.023522863408832,0.1463578328355774,0.07894736842105263,0.7253052986346189,DiagonalScanPath_6,Diagonal,6,evaluation,recalibrated oracle | exact previous state | development-recalibrated gamma,true previous state,exact state; innovation only,development-recalibrated gamma,current-frame truth,current posterior after Y_n
current_top_1pct,26,4.468284887886096,1.8861400271186755,0.8114721277200965,0.7097141019823353,0.7692307692307693,2.6797908378578064,1.0,0.0,-1.1471603699714543,6.275266703365816,2.652385238438842,0.38012429626945116,0.23076923076923078,1.785812720773921,DiagonalScanPath_6,Diagonal,6,evaluation,recalibrated oracle | exact previous state | development-recalibrated gamma,true previous state,exact state; innovation only,development-recalibrated gamma,current-frame truth,current posterior after Y_n
overall,2501,0.5868441617934335,0.1790246732507084,0.03842504764305349,0.7159318740849122,0.989204318272691,2.7367193008826534,1.0,0.0,-0.05367137437785894,0.8196927431726996,0.2500582523714755,0.10495539844466269,0.009996001599360257,0.23173454138127053,DiagonalScanPath_7,Diagonal,7,evaluation,hybrid previous state | mean-only | fixed gamma,hybrid previous state,mean-only,fixed gamma,current-frame truth,current forecast before Y_n
above_camera_ceiling,76,3.16398359582619,1.8313740486616918,-1.1789040302971046,0.715931874084912,0.6578947368421053,2.7316130435489008,1.0,0.0,1.646670686095591,4.419391998533829,2.5580283752591852,1.2252812818799743,0.32894736842105265,1.5771053803789574,DiagonalScanPath_7,Diagonal,7,evaluation,hybrid previous state | mean-only | fixed gamma,hybrid previous state,mean-only,fixed gamma,current-frame truth,current forecast before Y_n
current_top_1pct,26,5.324769925919793,4.262343756850426,-3.504009268116597,0.7159318740849122,0.038461538461538464,2.7543668066770626,1.0,0.0,4.89433337857089,7.437537171711752,5.953560542752,4.048487848585809,0.9230769230769231,3.846269990905753,DiagonalScanPath_7,Diagonal,7,evaluation,hybrid previous state | mean-only | fixed gamma,hybrid previous state,mean-only,fixed gamma,current-frame truth,current forecast before Y_n
overall,2501,0.5840812309197965,0.1921659464837025,0.014269704446166957,0.6581465760199664,0.9888044782087165,2.5088402878359926,1.0,0.0,-0.02408285179103181,0.838436360876914,0.29240380615846984,0.1476308372692913,0.010795681727309077,0.22036575450441934,DiagonalScanPath_7,Diagonal,7,evaluation,hybrid previous state | mean-only | fixed gamma,hybrid previous state,mean-only,fixed gamma,current-frame truth,current posterior after Y_n
above_camera_ceiling,76,3.144000210392292,1.8001350135634115,-1.1874930928208922,0.6838950253772275,0.6578947368421053,2.6157361358230125,1.0,0.0,1.7043726330913103,4.459755299682123,2.5831800767345805,1.2461003780500775,0.32894736842105265,1.5653396128528616,DiagonalScanPath_7,Diagonal,7,evaluation,hybrid previous state | mean-only | fixed gamma,hybrid previous state,mean-only,fixed gamma,current-frame truth,current posterior after Y_n
current_top_1pct,26,5.296373355476191,4.226090164041405,-3.470342148254426,0.6949163067760438,0.07692307692307693,2.6786962582223146,1.0,0.0,4.975137931304194,7.506437886196829,6.033506424734511,4.2714126530569025,0.9230769230769231,3.848748752056648,DiagonalScanPath_7,Diagonal,7,evaluation,hybrid previous state | mean-only | fixed gamma,hybrid previous state,mean-only,fixed gamma,current-frame truth,current posterior after Y_n
overall,2501,0.5868441617934335,0.1790246732507084,0.03842504764305349,0.7198491745590264,0.9908036785285885,2.7516219113211733,1.0,0.0,-0.05947138736579174,0.7184297764852382,0.23913913466271544,0.1037263315372312,0.009596161535385846,0.23125330178265363,DiagonalScanPath_7,Diagonal,7,evaluation,hybrid previous state | moment-matched | fixed gamma,hybrid previous state,moment-matched,fixed gamma,current-frame truth,current forecast before Y_n
above_camera_ceiling,76,3.16398359582619,1.8313740486616918,-1.1789040302971046,0.8304635967039825,0.6973684210526315,3.1672258930938306,1.0,0.0,1.4466851369274893,3.7987604159487054,2.208331220516349,1.0189538941103233,0.3157894736842105,1.5600645375279945,DiagonalScanPath_7,Diagonal,7,evaluation,hybrid previous state | moment-matched | fixed gamma,hybrid previous state,moment-matched,fixed gamma,current-frame truth,current forecast before Y_n
current_top_1pct,26,5.324769925919793,4.262343756850426,-3.504009268116597,0.8284762431984447,0.15384615384615385,3.183693434048805,1.0,0.0,4.272052990725475,6.390489822822631,5.129384118558582,3.46044039486541,0.9230769230769231,3.7890922822801536,DiagonalScanPath_7,Diagonal,7,evaluation,hybrid previous state | moment-matched | fixed gamma,hybrid previous state,moment-matched,fixed gamma,current-frame truth,current forecast before Y_n
overall,2501,0.5847382543303601,0.19245786790746813,0.013012504346017752,0.6611977710488672,0.989204318272691,2.5205999604620297,1.0,0.0,-0.028719038187644215,0.7449325181789652,0.28269018412117675,0.14794830632670847,0.009996001599360257,0.21939663827904324,DiagonalScanPath_7,Diagonal,7,evaluation,hybrid previous state | moment-matched | fixed gamma,hybrid previous state,moment-matched,fixed gamma,current-frame truth,current posterior after Y_n
above_camera_ceiling,76,3.1488134098966962,1.814047011013191,-1.236573729585591,0.7715945658488329,0.6710526315789473,2.9229004340206104,1.0,0.0,1.5574142164712337,3.8792618676414095,2.2791459531405107,1.081152811538261,0.3157894736842105,1.5408007219831694,DiagonalScanPath_7,Diagonal,7,evaluation,hybrid previous state | moment-matched | fixed gamma,hybrid previous state,moment-matched,fixed gamma,current-frame truth,current posterior after Y_n
current_top_1pct,26,5.302723070107645,4.235039856037227,-3.488201927126469,0.7951844582103563,0.07692307692307693,2.9872596536702796,1.0,0.0,4.398490784054989,6.519985287107533,5.26157622281169,3.6729875437893273,0.9230769230769231,3.7838353370804945,DiagonalScanPath_7,Diagonal,7,evaluation,hybrid previous state | moment-matched | fixed gamma,hybrid previous state,moment-matched,fixed gamma,current-frame truth,current posterior after Y_n
overall,2501,0.5864803043435233,0.17889083568916012,0.03789700801585869,0.7159318740849122,0.989204318272691,2.7367193008826534,1.0,0.0,-0.05293381868812278,0.8191845140197856,0.24987131061571227,0.10495539844466269,0.009996001599360257,0.23161317551472133,DiagonalScanPath_7,Diagonal,7,evaluation,hybrid previous state | mean-only | development-recalibrated gamma,hybrid previous state,mean-only,development-recalibrated gamma,current-frame truth,current forecast before Y_n
above_camera_ceiling,76,3.1617613372580076,1.8267404285248798,-1.1960513950161675,0.715931874084912,0.6578947368421053,2.7316130435489008,1.0,0.0,1.6706217984007667,4.4162879901098115,2.5515562229433875,1.2252812818799743,0.32894736842105265,1.5731037181813918,DiagonalScanPath_7,Diagonal,7,evaluation,hybrid previous state | mean-only | development-recalibrated gamma,hybrid previous state,mean-only,development-recalibrated gamma,current-frame truth,current forecast before Y_n
current_top_1pct,26,5.321129259773431,4.251489550841843,-3.551442112134837,0.7159318740849122,0.038461538461538464,2.7543668066770626,1.0,0.0,4.960586671286579,7.432451958609577,5.9383995946206465,4.048487848585809,0.9230769230769231,3.8357795856621584,DiagonalScanPath_7,Diagonal,7,evaluation,hybrid previous state | mean-only | development-recalibrated gamma,hybrid previous state,mean-only,development-recalibrated gamma,current-frame truth,current forecast before Y_n
overall,2501,0.5837247413823827,0.1920321089221541,0.0137416648189722,0.6581465760199664,0.9888044782087165,2.5088402878359926,1.0,0.0,-0.023342194271693754,0.837970878453061,0.2922164469227203,0.14768682170326683,0.010795681727309077,0.22024296354325937,DiagonalScanPath_7,Diagonal,7,evaluation,hybrid previous state | mean-only | development-recalibrated gamma,hybrid previous state,mean-only,development-recalibrated gamma,current-frame truth,current posterior after Y_n
above_camera_ceiling,76,3.141813194277484,1.7955013934265966,-1.2046404575399536,0.6838950253772275,0.6578947368421053,2.6157361358230125,1.0,0.0,1.7284204471052818,4.456864672189129,2.576688813058105,1.2461003780500775,0.32894736842105265,1.5612622973300843,DiagonalScanPath_7,Diagonal,7,evaluation,hybrid previous state | mean-only | development-recalibrated gamma,hybrid previous state,mean-only,development-recalibrated gamma,current-frame truth,current posterior after Y_n
current_top_1pct,26,5.292783609181516,4.215235958032815,-3.51777499227266,0.6949163067760438,0.07692307692307693,2.6786962582223146,1.0,0.0,5.041610856565315,7.501709723242902,6.018352646613764,4.2714126530569025,0.9230769230769231,3.838256489086768,DiagonalScanPath_7,Diagonal,7,evaluation,hybrid previous state | mean-only | development-recalibrated gamma,hybrid previous state,mean-only,development-recalibrated gamma,current-frame truth,current posterior after Y_n
overall,2501,0.5864803043435233,0.17889083568916012,0.03789700801585869,0.7198491745590264,0.9908036785285885,2.7516219113211733,1.0,0.0,-0.05885873662193293,0.7183733755389549,0.2389962236297847,0.1037263315372312,0.009596161535385846,0.2311368991644502,DiagonalScanPath_7,Diagonal,7,evaluation,hybrid previous state | moment-matched | development-recalibrated gamma,hybrid previous state,moment-matched,development-recalibrated gamma,current-frame truth,current forecast before Y_n
above_camera_ceiling,76,3.1617613372580076,1.8267404285248798,-1.1960513950161675,0.8304635967039825,0.6973684210526315,3.1672258930938306,1.0,0.0,1.4665480965814148,3.7984075476897967,2.203330232752503,1.0189538941103233,0.3157894736842105,1.55622632882941,DiagonalScanPath_7,Diagonal,7,evaluation,hybrid previous state | moment-matched | development-recalibrated gamma,hybrid previous state,moment-matched,development-recalibrated gamma,current-frame truth,current forecast before Y_n
current_top_1pct,26,5.321129259773431,4.251489550841843,-3.551442112134837,0.8284762431984447,0.15384615384615385,3.183693434048805,1.0,0.0,4.326747946776662,6.390173516079048,5.118131849570703,3.46044039486541,0.9230769230769231,3.7789957786586736,DiagonalScanPath_7,Diagonal,7,evaluation,hybrid previous state | moment-matched | development-recalibrated gamma,hybrid previous state,moment-matched,development-recalibrated gamma,current-frame truth,current forecast before Y_n
overall,2501,0.5844119532166943,0.19232403034591994,0.01248446471882304,0.6611977710488672,0.989204318272691,2.5205999604620297,1.0,0.0,-0.028095129332118232,0.7448581946151566,0.28254212219556785,0.14794830632670847,0.009996001599360257,0.21928134994686435,DiagonalScanPath_7,Diagonal,7,evaluation,hybrid previous state | moment-matched | development-recalibrated gamma,hybrid previous state,moment-matched,development-recalibrated gamma,current-frame truth,current posterior after Y_n
above_camera_ceiling,76,3.146809962325114,1.809413390876382,-1.253721094304651,0.7715945658488329,0.6710526315789473,2.9229004340206104,1.0,0.0,1.5776410266536998,3.8787788167916037,2.2739688301174725,1.081152811538261,0.3157894736842105,1.5369586219947948,DiagonalScanPath_7,Diagonal,7,evaluation,hybrid previous state | moment-matched | development-recalibrated gamma,hybrid previous state,moment-matched,development-recalibrated gamma,current-frame truth,current posterior after Y_n
current_top_1pct,26,5.29942960114069,4.224185650028648,-3.5356347711447054,0.7951844582103563,0.07692307692307693,2.9872596536702796,1.0,0.0,4.45417975709802,6.519397258538401,5.24987864300391,3.6729875437893273,0.9230769230769231,3.773582071420772,DiagonalScanPath_7,Diagonal,7,evaluation,hybrid previous state | moment-matched | development-recalibrated gamma,hybrid previous state,moment-matched,development-recalibrated gamma,current-frame truth,current posterior after Y_n
overall,2501,0.6336798444071208,0.2012491791820106,-0.07538593350725317,0.7159318740849122,0.9808076769292283,2.7367193008826534,1.0,0.0,0.1052976354818812,0.8851119322171205,0.28110101877953503,0.06012606924354143,0.01719312275089964,0.2557002310787633,DiagonalScanPath_7,Diagonal,7,evaluation,coherent latent previous state | mean-only | fixed gamma,coherent latent previous state,mean-only,fixed gamma,current-frame truth,current forecast before Y_n
above_camera_ceiling,76,3.1762576806203016,1.8657433259974814,-1.137977319431666,0.715931874084912,0.6447368421052632,2.7316130435489008,1.0,0.0,1.589505036196639,4.436536206297731,2.606034726952522,1.256904425265543,0.34210526315789475,1.6035854454090577,DiagonalScanPath_7,Diagonal,7,evaluation,coherent latent previous state | mean-only | fixed gamma,coherent latent previous state,mean-only,fixed gamma,current-frame truth,current forecast before Y_n
current_top_1pct,26,5.3237886597799955,4.261556207724729,-3.5033560138677116,0.7159318740849122,0.038461538461538464,2.7543668066770626,1.0,0.0,4.893420925483476,7.436166557865216,5.952460509139576,4.025977433728899,0.9230769230769231,3.8454312940976845,DiagonalScanPath_7,Diagonal,7,evaluation,coherent latent previous state | mean-only | fixed gamma,coherent latent previous state,mean-only,fixed gamma,current-frame truth,current forecast before Y_n
overall,2501,0.626357336405167,0.20340069599787539,-0.09922373746778818,0.6581631469801215,0.9776089564174331,2.509186549277166,1.0,0.0,0.14059945117360972,0.8977113537250684,0.30712026061892705,0.0862176451375691,0.019992003198720514,0.24138026971078116,DiagonalScanPath_7,Diagonal,7,evaluation,coherent latent previous state | mean-only | fixed gamma,coherent latent previous state,mean-only,fixed gamma,current-frame truth,current posterior after Y_n
above_camera_ceiling,76,3.1548447875401195,1.835570155542628,-1.1445947474676479,0.6844767200538772,0.6447368421052632,2.6071892731249195,1.0,0.0,1.6384418486177037,4.471253051675946,2.6297641987700118,1.2796612330809332,0.34210526315789475,1.5849331992354556,DiagonalScanPath_7,Diagonal,7,evaluation,coherent latent previous state | mean-only | fixed gamma,coherent latent previous state,mean-only,fixed gamma,current-frame truth,current posterior after Y_n
current_top_1pct,26,5.292923746116216,4.220352344885931,-3.4648335538403523,0.6966599051247577,0.07692307692307693,2.61400652304288,1.0,0.0,4.9562842690877735,7.494790586414783,6.014330797147896,4.184295745073765,0.9230769230769231,3.8257219973915677,DiagonalScanPath_7,Diagonal,7,evaluation,coherent latent previous state | mean-only | fixed gamma,coherent latent previous state,mean-only,fixed gamma,current-frame truth,current posterior after Y_n
overall,2501,0.6336798444071208,0.2012491791820106,-0.07538593350725317,2.6801834788071255,0.9900039984006398,10.239209125181665,1.0,0.0,0.044510217361625186,0.6839181300698133,0.13082058476724187,0.015548448399470642,0.010395841663334666,0.684388715137737,DiagonalScanPath_7,Diagonal,7,evaluation,coherent latent previous state | moment-matched | fixed gamma,coherent latent previous state,moment-matched,fixed gamma,current-frame truth,current forecast before Y_n
above_camera_ceiling,76,3.1762576806203016,1.8657433259974814,-1.137977319431666,0.8785473740948302,0.6842105263157895,3.3526319929275994,1.0,0.0,1.4223355545175458,3.8229798913216313,2.216000415944519,0.9541636107585014,0.32894736842105265,1.5866089446586948,DiagonalScanPath_7,Diagonal,7,evaluation,coherent latent previous state | moment-matched | fixed gamma,coherent latent previous state,moment-matched,fixed gamma,current-frame truth,current forecast before Y_n
current_top_1pct,26,5.3237886597799955,4.261556207724729,-3.5033560138677116,0.8290390677554592,0.15384615384615385,3.1848480933779095,1.0,0.0,4.289402336221278,6.424261401977993,5.143311576953172,3.4518219501362184,0.9230769230769231,3.7883310049249124,DiagonalScanPath_7,Diagonal,7,evaluation,coherent latent previous state | moment-matched | fixed gamma,coherent latent previous state,moment-matched,fixed gamma,current-frame truth,current forecast before Y_n
overall,2501,0.6914931759982931,0.3618625562290565,-0.09981218878863064,2.0934435536965963,0.989204318272691,7.9819468443761386,1.0,0.0,0.06543573938506261,0.749613501286774,0.23148498145759377,0.11830734844929568,0.010795681727309077,0.5647235689356878,DiagonalScanPath_7,Diagonal,7,evaluation,coherent latent previous state | moment-matched | fixed gamma,coherent latent previous state,moment-matched,fixed gamma,current-frame truth,current posterior after Y_n
above_camera_ceiling,76,3.1645195744907455,1.8644646080269764,-1.1984086858972915,0.7723847425958441,0.6578947368421053,2.932849955482182,1.0,0.0,1.6041804562395714,4.078372765742924,2.425942954607687,1.1466975847403553,0.34210526315789475,1.6047785056692725,DiagonalScanPath_7,Diagonal,7,evaluation,coherent latent previous state | moment-matched | fixed gamma,coherent latent previous state,moment-matched,fixed gamma,current-frame truth,current posterior after Y_n
current_top_1pct,26,5.303059007917813,4.248919082058935,-3.5007647297957214,0.7564296418373205,0.11538461538461539,2.857129149269829,1.0,0.0,4.641131873089027,6.835748730311995,5.546291946802011,3.9886544549355554,0.9230769230769231,3.839267132167083,DiagonalScanPath_7,Diagonal,7,evaluation,coherent latent previous state | moment-matched | fixed gamma,coherent latent previous state,moment-matched,fixed gamma,current-frame truth,current posterior after Y_n
overall,2501,0.633202708886861,0.20104379476901668,-0.07611983245828746,0.7159318740849122,0.9808076769292283,2.7367193008826534,1.0,0.0,0.1063227315526105,0.884445478413999,0.2808141417449618,0.06012606924354143,0.01719312275089964,0.2555125577275306,DiagonalScanPath_7,Diagonal,7,evaluation,coherent latent previous state | mean-only | development-recalibrated gamma,coherent latent previous state,mean-only,development-recalibrated gamma,current-frame truth,current forecast before Y_n
above_camera_ceiling,76,3.173374841849924,1.8593032620652281,-1.1618096841486423,0.715931874084912,0.6447368421052632,2.7316130435489008,1.0,0.0,1.6227936291195875,4.4325095120343105,2.5970393683641304,1.256904425265543,0.34210526315789475,1.5977282152329224,DiagonalScanPath_7,Diagonal,7,evaluation,coherent latent previous state | mean-only | development-recalibrated gamma,coherent latent previous state,mean-only,development-recalibrated gamma,current-frame truth,current forecast before Y_n
current_top_1pct,26,5.319811728692596,4.246470426291377,-3.5692808283641,0.7159318740849122,0.038461538461538464,2.7543668066770626,1.0,0.0,4.985503450207846,7.4306116563007585,5.931388977085451,4.025977433728899,0.9230769230769231,3.8308736983983516,DiagonalScanPath_7,Diagonal,7,evaluation,coherent latent previous state | mean-only | development-recalibrated gamma,coherent latent previous state,mean-only,development-recalibrated gamma,current-frame truth,current forecast before Y_n
overall,2501,0.6258870749161864,0.20319531158488147,-0.09995763641882252,0.6581631469801215,0.9776089564174331,2.509186549277166,1.0,0.0,0.14162883852069486,0.8970913189534527,0.3068323306558294,0.0862176451375691,0.019992003198720514,0.24119301057714387,DiagonalScanPath_7,Diagonal,7,evaluation,coherent latent previous state | mean-only | development-recalibrated gamma,coherent latent previous state,mean-only,development-recalibrated gamma,current-frame truth,current posterior after Y_n
above_camera_ceiling,76,3.1520150990136977,1.8291300916103748,-1.1684271121846255,0.6844767200538772,0.6447368421052632,2.6071892731249195,1.0,0.0,1.6718641907566316,4.467501935156437,2.620741658175195,1.2796612330809332,0.34210526315789475,1.5790896000883459,DiagonalScanPath_7,Diagonal,7,evaluation,coherent latent previous state | mean-only | development-recalibrated gamma,coherent latent previous state,mean-only,development-recalibrated gamma,current-frame truth,current posterior after Y_n
current_top_1pct,26,5.289027905488279,4.205266563452579,-3.530758368336745,0.6966599051247577,0.07692307692307693,2.61400652304288,1.0,0.0,5.048670145140168,7.489722436061582,5.993267417916753,4.184295745073765,0.9230769230769231,3.811268995759442,DiagonalScanPath_7,Diagonal,7,evaluation,coherent latent previous state | mean-only | development-recalibrated gamma,coherent latent previous state,mean-only,development-recalibrated gamma,current-frame truth,current posterior after Y_n
overall,2501,0.633202708886861,0.20104379476901668,-0.07611983245828746,2.6801834788071255,0.9900039984006398,10.239209125181665,1.0,0.0,0.04535166315967455,0.6839759175304194,0.13060990784442073,0.015548448399470642,0.010395841663334666,0.6842083286207347,DiagonalScanPath_7,Diagonal,7,evaluation,coherent latent previous state | moment-matched | development-recalibrated gamma,coherent latent previous state,moment-matched,development-recalibrated gamma,current-frame truth,current forecast before Y_n
above_camera_ceiling,76,3.173374841849924,1.8593032620652281,-1.1618096841486423,0.8785473740948302,0.6842105263157895,3.3526319929275994,1.0,0.0,1.4497443806207304,3.823481871353696,2.2093488655906217,0.9541636107585014,0.32894736842105265,1.5809773442025452,DiagonalScanPath_7,Diagonal,7,evaluation,coherent latent previous state | moment-matched | development-recalibrated gamma,coherent latent previous state,moment-matched,development-recalibrated gamma,current-frame truth,current forecast before Y_n
current_top_1pct,26,5.319811728692596,4.246470426291377,-3.5692808283641,0.8290390677554592,0.15384615384615385,3.1848480933779095,1.0,0.0,4.365390388037661,6.426118877142437,5.127998638865474,3.4518219501362184,0.9230769230769231,3.774322608617429,DiagonalScanPath_7,Diagonal,7,evaluation,coherent latent previous state | moment-matched | development-recalibrated gamma,coherent latent previous state,moment-matched,development-recalibrated gamma,current-frame truth,current forecast before Y_n
overall,2501,0.6910878850863487,0.36165717181606255,-0.10054608773966488,2.0934435536965963,0.989204318272691,7.9819468443761386,1.0,0.0,0.06633520366584907,0.7494930529701666,0.23124951022092827,0.11830734844929568,0.010795681727309077,0.564540533398314,DiagonalScanPath_7,Diagonal,7,evaluation,coherent latent previous state | moment-matched | development-recalibrated gamma,coherent latent previous state,moment-matched,development-recalibrated gamma,current-frame truth,current posterior after Y_n
above_camera_ceiling,76,3.161850223306236,1.8580245440947247,-1.2222410506142647,0.7723847425958441,0.6578947368421053,2.932849955482182,1.0,0.0,1.6334635794545735,4.077831792846591,2.4185104445946113,1.1466975847403553,0.34210526315789475,1.5990668138565025,DiagonalScanPath_7,Diagonal,7,evaluation,coherent latent previous state | moment-matched | development-recalibrated gamma,coherent latent previous state,moment-matched,development-recalibrated gamma,current-frame truth,current posterior after Y_n
current_top_1pct,26,5.299375029876277,4.233833300625583,-3.5666895442921054,0.7564296418373205,0.11538461538461539,2.857129149269829,1.0,0.0,4.722081292735945,6.835959340961182,5.529213550360727,3.9886544549355554,0.9230769230769231,3.8248914958411366,DiagonalScanPath_7,Diagonal,7,evaluation,coherent latent previous state | moment-matched | development-recalibrated gamma,coherent latent previous state,moment-matched,development-recalibrated gamma,current-frame truth,current posterior after Y_n
overall,2501,0.7577492156954262,0.031177989968089,0.029025283508468967,0.7159318740849122,0.9972011195521792,2.7367193008826534,1.0,0.0,-0.04054196294244955,1.0584096659531523,0.04354882230650786,9.365912378388845e-05,0.0023990403838464614,0.19379873296543865,DiagonalScanPath_7,Diagonal,7,evaluation,strict oracle | exact previous state | fixed gamma,true previous state,exact state; innovation only,fixed gamma,current-frame truth,current forecast before Y_n
above_camera_ceiling,76,4.3466896665484525,0.9822296323991357,0.9814497998893666,0.715931874084912,0.9078947368421053,2.7316130435489008,1.0,0.0,-1.3708703794531198,6.071373302249314,1.371959634643449,0.0388341903425438,0.07894736842105263,1.0332824947107433,DiagonalScanPath_7,Diagonal,7,evaluation,strict oracle | exact previous state | fixed gamma,true previous state,exact state; innovation only,fixed gamma,current-frame truth,current forecast before Y_n
current_top_1pct,26,7.426431239320233,2.766075235582141,2.7656928095284323,0.7159318740849122,0.7692307692307693,2.7543668066770626,1.0,0.0,-3.8630670174637465,10.373097648170125,3.8636011828886305,0.36949525438003183,0.23076923076923078,2.6594044330810416,DiagonalScanPath_7,Diagonal,7,evaluation,strict oracle | exact previous state | fixed gamma,true previous state,exact state; innovation only,fixed gamma,current-frame truth,current forecast before Y_n
overall,2501,0.7615860331909202,0.08065587954588317,0.03202152713390712,0.6582807272345734,0.9976009596161536,2.509625067877915,1.0,0.0,-0.0453521104679807,1.071428508824715,0.12747433080403764,0.049778666128405306,0.0023990403838464614,0.1838923602747193,DiagonalScanPath_7,Diagonal,7,evaluation,strict oracle | exact previous state | fixed gamma,true previous state,exact state; innovation only,fixed gamma,current-frame truth,current posterior after Y_n
above_camera_ceiling,76,4.348776330840318,1.0291795162815454,1.0038836209438216,0.6886788736960273,0.9210526315789473,2.6082583540681425,1.0,0.0,-1.411459623235316,6.097411708744232,1.4565257058967376,0.13613268639171167,0.07894736842105263,1.036779867173976,DiagonalScanPath_7,Diagonal,7,evaluation,strict oracle | exact previous state | fixed gamma,true previous state,exact state; innovation only,fixed gamma,current-frame truth,current posterior after Y_n
current_top_1pct,26,7.427877403761808,2.7651574222056294,2.7645246525889866,0.7096332398986162,0.7692307692307693,2.701958623314338,1.0,0.0,-3.8814197099438417,10.413231482939148,3.882306983614895,0.3777706734458323,0.23076923076923078,2.6728375157814046,DiagonalScanPath_7,Diagonal,7,evaluation,strict oracle | exact previous state | fixed gamma,true previous state,exact state; innovation only,fixed gamma,current-frame truth,current posterior after Y_n
overall,2501,0.5200559833562662,0.02357783256277752,0.006840448154159022,0.7159318740849122,0.9976009596161536,2.7367193008826534,1.0,0.0,-0.009554607640429933,0.7264042881468156,0.032933067259945874,9.365912378388845e-05,0.0023990403838464614,0.18614151785438537,DiagonalScanPath_7,Diagonal,7,evaluation,recalibrated oracle | exact previous state | development-recalibrated gamma,true previous state,exact state; innovation only,development-recalibrated gamma,current-frame truth,current forecast before Y_n
above_camera_ceiling,76,2.9823918298733725,0.7265543249150463,0.26102761287730397,0.715931874084912,0.9210526315789473,2.7316130435489008,1.0,0.0,-0.36459839591713034,4.165748079990708,1.014837236914073,0.0388341903425438,0.07894736842105263,0.7791226271572141,DiagonalScanPath_7,Diagonal,7,evaluation,recalibrated oracle | exact previous state | development-recalibrated gamma,true previous state,exact state; innovation only,development-recalibrated gamma,current-frame truth,current forecast before Y_n
current_top_1pct,26,5.091166526033666,2.0232283193720773,0.7728692017215884,0.7159318740849122,0.8076923076923077,2.7543668066770626,1.0,0.0,-1.0795289743307661,7.111244393946112,2.8260067649008107,0.36949525438003183,0.19230769230769232,1.9160320319461008,DiagonalScanPath_7,Diagonal,7,evaluation,recalibrated oracle | exact previous state | development-recalibrated gamma,true previous state,exact state; innovation only,development-recalibrated gamma,current-frame truth,current forecast before Y_n
overall,2501,0.5259833429147874,0.07314731091922295,0.00983669177959718,0.6582807272345734,0.9976009596161536,2.509625067877915,1.0,0.0,-0.014239676641828725,0.7430696224612333,0.1169479746621794,0.049778666128405306,0.0023990403838464614,0.17621608192435553,DiagonalScanPath_7,Diagonal,7,evaluation,recalibrated oracle | exact previous state | development-recalibrated gamma,true previous state,exact state; innovation only,development-recalibrated gamma,current-frame truth,current posterior after Y_n
above_camera_ceiling,76,2.9873100094364147,0.7751688369995062,0.283461433931758,0.6886788736960273,0.9210526315789473,2.6082583540681425,1.0,0.0,-0.40129730568134847,4.1906407950800055,1.1002983377627535,0.13613268639171167,0.07894736842105263,0.7819257876525516,DiagonalScanPath_7,Diagonal,7,evaluation,recalibrated oracle | exact previous state | development-recalibrated gamma,true previous state,exact state; innovation only,development-recalibrated gamma,current-frame truth,current posterior after Y_n
current_top_1pct,26,5.0959385899450265,2.0231658016043004,0.7717010447821381,0.7096332398986162,0.8076923076923077,2.701958623314338,1.0,0.0,-1.089158141839822,7.146622813722492,2.841738592943628,0.3777706734458323,0.19230769230769232,1.9287842650184746,DiagonalScanPath_7,Diagonal,7,evaluation,recalibrated oracle | exact previous state | development-recalibrated gamma,true previous state,exact state; innovation only,development-recalibrated gamma,current-frame truth,current posterior after Y_n
overall,2501,0.5929813547015407,0.18418642693931414,0.05872838918104572,0.7159318740849122,0.9876049580167933,2.7396642886797986,1.0,0.0,-0.08203069496816441,0.8282650572856194,0.25726809156909936,0.10809108125316916,0.011195521791283487,0.23285219352041797,DiagonalScanPath_8,Diagonal,8,development,hybrid previous state | mean-only | fixed gamma,hybrid previous state,mean-only,fixed gamma,current-frame truth,current forecast before Y_n
above_camera_ceiling,76,3.170024983423892,1.8472324110633622,-0.667470628054379,0.715931874084912,0.6447368421052632,2.7609573902525297,1.0,0.0,0.9323102549492225,4.427830493614697,2.5801790336887187,1.3048180952441124,0.32894736842105265,1.5683359877374572,DiagonalScanPath_8,Diagonal,8,development,hybrid previous state | mean-only | fixed gamma,hybrid previous state,mean-only,fixed gamma,current-frame truth,current forecast before Y_n
current_top_1pct,26,5.249646363268982,3.8011296635641587,-3.1071203980270377,0.7159318740849122,0.2692307692307692,2.7443242304384228,1.0,0.0,4.33996656734761,7.332606010842807,5.3093454854523365,3.5192800068308365,0.6923076923076923,3.484761402377067,DiagonalScanPath_8,Diagonal,8,development,hybrid previous state | mean-only | fixed gamma,hybrid previous state,mean-only,fixed gamma,current-frame truth,current forecast before Y_n
overall,2501,0.5975049320964853,0.20548932647461182,0.04078135068456312,0.6584466608144847,0.9884046381447421,2.5193642121928543,1.0,0.0,-0.06355799262898144,0.8533279898948453,0.3122119712455713,0.17299474088472022,0.011195521791283487,0.22458195770400108,DiagonalScanPath_8,Diagonal,8,development,hybrid previous state | mean-only | fixed gamma,hybrid previous state,mean-only,fixed gamma,current-frame truth,current posterior after Y_n
above_camera_ceiling,76,3.172804314799823,1.8298808204234203,-0.7210932006858929,0.6930723043778144,0.6578947368421053,2.689989777625059,1.0,0.0,0.9932833130263186,4.464136632851637,2.5923125977796353,1.308658913500177,0.32894736842105265,1.5508220677213471,DiagonalScanPath_8,Diagonal,8,development,hybrid previous state | mean-only | fixed gamma,hybrid previous state,mean-only,fixed gamma,current-frame truth,current posterior after Y_n
current_top_1pct,26,5.26303551500175,3.8166840212284203,-3.1226524469727703,0.715669437619995,0.3076923076923077,2.7891043564545637,1.0,0.0,4.383221674067544,7.390560503514106,5.355134993691492,3.5474431523221637,0.6923076923076923,3.481764281529574,DiagonalScanPath_8,Diagonal,8,development,hybrid previous state | mean-only | fixed gamma,hybrid previous state,mean-only,fixed gamma,current-frame truth,current posterior after Y_n
overall,2501,0.5929813547015407,0.18418642693931414,0.05872838918104572,0.7266320463930617,0.9920031987205118,2.780663268606296,1.0,0.0,-0.0882260811140205,0.6181849848161409,0.23261312600350278,0.10809108125316916,0.0075969612155137945,0.23134033797602555,DiagonalScanPath_8,Diagonal,8,development,hybrid previous state | moment-matched | fixed gamma,hybrid previous state,moment-matched,fixed gamma,current-frame truth,current forecast before Y_n
above_camera_ceiling,76,3.170024983423892,1.8472324110633622,-0.667470628054379,1.0290670209886013,0.7763157894736842,3.9590126305655,1.0,0.0,0.6982172873083927,3.1278997181734947,1.8066251470846681,1.032491350709324,0.21052631578947367,1.5158613491994424,DiagonalScanPath_8,Diagonal,8,development,hybrid previous state | moment-matched | fixed gamma,hybrid previous state,moment-matched,fixed gamma,current-frame truth,current forecast before Y_n
current_top_1pct,26,5.249646363268982,3.8011296635641587,-3.1071203980270377,1.172913368911219,0.4230769230769231,4.493461356379918,1.0,0.0,3.1731592498885326,5.167598415176762,3.6088980683745673,2.6891592443283576,0.5769230769230769,3.373652174204878,DiagonalScanPath_8,Diagonal,8,development,hybrid previous state | moment-matched | fixed gamma,hybrid previous state,moment-matched,fixed gamma,current-frame truth,current forecast before Y_n
overall,2501,0.596215422181028,0.2052094587142643,0.04206417319743539,0.666665760683039,0.9920031987205118,2.5503631766722576,1.0,0.0,-0.0696004469752916,0.6774596222361265,0.2910282841730271,0.1726581165877239,0.007996801279488205,0.22305992161811167,DiagonalScanPath_8,Diagonal,8,development,hybrid previous state | moment-matched | fixed gamma,hybrid previous state,moment-matched,fixed gamma,current-frame truth,current posterior after Y_n
above_camera_ceiling,76,3.164380214890259,1.8210950030691224,-0.683264766715733,0.9321507640930837,0.7763157894736842,3.593292113650998,1.0,0.0,0.7735529349532156,3.349878255349035,1.9293874375732276,1.0983359179103067,0.2236842105263158,1.5049374384511145,DiagonalScanPath_8,Diagonal,8,development,hybrid previous state | moment-matched | fixed gamma,hybrid previous state,moment-matched,fixed gamma,current-frame truth,current posterior after Y_n
current_top_1pct,26,5.2423818075678446,3.761662603513114,-3.0623180582131906,1.031406815867865,0.4230769230769231,3.9833944606465606,1.0,0.0,3.367538943193961,5.532259871551098,3.877946689346363,2.9326637576819214,0.5769230769230769,3.3502261954001846,DiagonalScanPath_8,Diagonal,8,development,hybrid previous state | moment-matched | fixed gamma,hybrid previous state,moment-matched,fixed gamma,current-frame truth,current posterior after Y_n
overall,2501,0.5918484456270217,0.1839379067732595,0.058208799703240346,0.7159318740849122,0.9876049580167933,2.7396642886797986,1.0,0.0,-0.08130494228608205,0.826682631477344,0.25692096333658104,0.10809108125316916,0.011195521791283487,0.23263597639044145,DiagonalScanPath_8,Diagonal,8,development,hybrid previous state | mean-only | development-recalibrated gamma,hybrid previous state,mean-only,development-recalibrated gamma,current-frame truth,current forecast before Y_n
above_camera_ceiling,76,3.163109079128432,1.8395611225775503,-0.6840622369176723,0.715931874084912,0.6447368421052632,2.7609573902525297,1.0,0.0,0.9554850980647079,4.4181704902738765,2.5694639241042805,1.3048180952441124,0.32894736842105265,1.561393505702542,DiagonalScanPath_8,Diagonal,8,development,hybrid previous state | mean-only | development-recalibrated gamma,hybrid previous state,mean-only,development-recalibrated gamma,current-frame truth,current forecast before Y_n
current_top_1pct,26,5.237918959195752,3.7814279276672185,-3.1528969165658465,0.7159318740849122,0.2692307692307692,2.7443242304384228,1.0,0.0,4.40390633619408,7.316225396293105,5.281826476158159,3.5192800068308365,0.6923076923076923,3.4663080008901335,DiagonalScanPath_8,Diagonal,8,development,hybrid previous state | mean-only | development-recalibrated gamma,hybrid previous state,mean-only,development-recalibrated gamma,current-frame truth,current forecast before Y_n
overall,2501,0.5963813538929214,0.2052408063085571,0.04026176120675772,0.6584466608144847,0.9884046381447421,2.5193642121928543,1.0,0.0,-0.06282924496126308,0.8517924809280123,0.31186331863428235,0.17299474088472022,0.011195521791283487,0.22436245303499056,DiagonalScanPath_8,Diagonal,8,development,hybrid previous state | mean-only | development-recalibrated gamma,hybrid previous state,mean-only,development-recalibrated gamma,current-frame truth,current posterior after Y_n
above_camera_ceiling,76,3.1659059638846276,1.8222095319376084,-0.7376848095491862,0.6930723043778144,0.6578947368421053,2.689989777625059,1.0,0.0,1.0165448355318254,4.454570262499421,2.581559203381101,1.308658913500177,0.32894736842105265,1.5438408582913485,DiagonalScanPath_8,Diagonal,8,development,hybrid previous state | mean-only | development-recalibrated gamma,hybrid previous state,mean-only,development-recalibrated gamma,current-frame truth,current posterior after Y_n
current_top_1pct,26,5.251351139468249,3.796982285331482,-3.1684289655115774,0.715669437619995,0.3076923076923077,2.7891043564545637,1.0,0.0,4.447351035701213,7.374347267339099,5.327567852678204,3.5474431523221637,0.6923076923076923,3.4631825887125394,DiagonalScanPath_8,Diagonal,8,development,hybrid previous state | mean-only | development-recalibrated gamma,hybrid previous state,mean-only,development-recalibrated gamma,current-frame truth,current posterior after Y_n
overall,2501,0.5918484456270217,0.1839379067732595,0.058208799703240346,0.7266320463930617,0.9920031987205118,2.780663268606296,1.0,0.0,-0.08784104738287575,0.6194342758115833,0.23249458940391743,0.10809108125316916,0.0075969612155137945,0.23114153406058904,DiagonalScanPath_8,Diagonal,8,development,hybrid previous state | moment-matched | development-recalibrated gamma,hybrid previous state,moment-matched,development-recalibrated gamma,current-frame truth,current forecast before Y_n
above_camera_ceiling,76,3.163109079128432,1.8395611225775503,-0.6840622369176723,1.0290670209886013,0.7763157894736842,3.9590126305655,1.0,0.0,0.7104759432709298,3.136061771804415,1.803136350675156,1.032491350709324,0.21052631578947367,1.5094356769788755,DiagonalScanPath_8,Diagonal,8,development,hybrid previous state | moment-matched | development-recalibrated gamma,hybrid previous state,moment-matched,development-recalibrated gamma,current-frame truth,current forecast before Y_n
current_top_1pct,26,5.237918959195752,3.7814279276672185,-3.1528969165658465,1.172913368911219,0.4230769230769231,4.493461356379918,1.0,0.0,3.2065282268519932,5.182420739237392,3.60116406548918,2.6891592443283576,0.5769230769230769,3.356335427428417,DiagonalScanPath_8,Diagonal,8,development,hybrid previous state | moment-matched | development-recalibrated gamma,hybrid previous state,moment-matched,development-recalibrated gamma,current-frame truth,current forecast before Y_n
overall,2501,0.5950969762192198,0.20496093854820968,0.04154458371963,0.666665760683039,0.9920031987205118,2.5503631766722576,1.0,0.0,-0.06916781689793987,0.6784918394386523,0.29088190661013924,0.1726581165877239,0.007996801279488205,0.22285339459804127,DiagonalScanPath_8,Diagonal,8,development,hybrid previous state | moment-matched | development-recalibrated gamma,hybrid previous state,moment-matched,development-recalibrated gamma,current-frame truth,current posterior after Y_n
above_camera_ceiling,76,3.157513051722627,1.8134237145833112,-0.699856375579027,0.9321507640930837,0.7763157894736842,3.593292113650998,1.0,0.0,0.7873194251312866,3.3568015716271944,1.9250409150092884,1.0983359179103067,0.2236842105263158,1.4982708510157565,DiagonalScanPath_8,Diagonal,8,development,hybrid previous state | moment-matched | development-recalibrated gamma,hybrid previous state,moment-matched,development-recalibrated gamma,current-frame truth,current posterior after Y_n
current_top_1pct,26,5.230720407256812,3.741960867616176,-3.1080945767520016,1.031406815867865,0.4230769230769231,3.9833944606465606,1.0,0.0,3.4051020627999002,5.544911100989452,3.8679188596894227,2.9326637576819214,0.5769230769230769,3.332594369572911,DiagonalScanPath_8,Diagonal,8,development,hybrid previous state | moment-matched | development-recalibrated gamma,hybrid previous state,moment-matched,development-recalibrated gamma,current-frame truth,current posterior after Y_n
overall,2501,0.673619742502507,0.21114451485977273,-0.0636597060965578,0.7159318740849122,0.973610555777689,2.7396642886797986,1.0,0.0,0.0889186644719879,0.9408992208420842,0.2949226351035883,0.0449777360680114,0.023190723710515795,0.2680876533835423,DiagonalScanPath_8,Diagonal,8,development,coherent latent previous state | mean-only | fixed gamma,coherent latent previous state,mean-only,fixed gamma,current-frame truth,current forecast before Y_n
above_camera_ceiling,76,3.2226940172087537,1.9243281027002783,-0.5443930283484976,0.715931874084912,0.6052631578947368,2.7609573902525297,1.0,0.0,0.7603978088618116,4.501397596423441,2.687864826747532,1.4045378921901277,0.3684210526315789,1.6468463380073268,DiagonalScanPath_8,Diagonal,8,development,coherent latent previous state | mean-only | fixed gamma,coherent latent previous state,mean-only,fixed gamma,current-frame truth,current forecast before Y_n
current_top_1pct,26,5.251834087084677,3.800985434573245,-3.1087885738526913,0.7159318740849122,0.2692307692307692,2.7443242304384228,1.0,0.0,4.342296643554632,7.335661781782591,5.309144029146039,3.5095000264163305,0.6923076923076923,3.4858590716309186,DiagonalScanPath_8,Diagonal,8,development,coherent latent previous state | mean-only | fixed gamma,coherent latent previous state,mean-only,fixed gamma,current-frame truth,current forecast before Y_n
overall,2501,0.6784864925779551,0.2254918235464289,-0.08143147007764709,0.6584466608144847,0.9740103958416634,2.5193642121928557,1.0,0.0,0.11391232275831806,0.9714539704166699,0.33932672415449033,0.08569406251630571,0.025589764094362255,0.25938165057293583,DiagonalScanPath_8,Diagonal,8,development,coherent latent previous state | mean-only | fixed gamma,coherent latent previous state,mean-only,fixed gamma,current-frame truth,current posterior after Y_n
above_camera_ceiling,76,3.222575187831606,1.8972368963843094,-0.5999255042639975,0.6930723043778144,0.618421052631579,2.689989777625066,1.0,0.0,0.8140266841061807,4.537946871946436,2.6913188517667743,1.422560904959429,0.3684210526315789,1.6214821482070623,DiagonalScanPath_8,Diagonal,8,development,coherent latent previous state | mean-only | fixed gamma,coherent latent previous state,mean-only,fixed gamma,current-frame truth,current posterior after Y_n
current_top_1pct,26,5.266264792590573,3.8182721996384497,-3.125672126651066,0.7156694376199952,0.3076923076923077,2.7891043564545726,1.0,0.0,4.387459273068026,7.395099243245411,5.357387232390522,3.529023464090132,0.6923076923076923,3.483962770093102,DiagonalScanPath_8,Diagonal,8,development,coherent latent previous state | mean-only | fixed gamma,coherent latent previous state,mean-only,fixed gamma,current-frame truth,current posterior after Y_n
overall,2501,0.673619742502507,0.21114451485977273,-0.0636597060965578,2.6816701454777334,0.9920031987205118,10.262020505937262,1.0,0.0,0.0262168817979985,0.569273391118735,0.11805108545393667,0.012257288972006798,0.0075969612155137945,0.6893669930640182,DiagonalScanPath_8,Diagonal,8,development,coherent latent previous state | moment-matched | fixed gamma,coherent latent previous state,moment-matched,fixed gamma,current-frame truth,current forecast before Y_n
above_camera_ceiling,76,3.2226940172087537,1.9243281027002783,-0.5443930283484976,1.1318685284825196,0.7894736842105263,4.368908429009456,1.0,0.0,0.6310225791410852,3.110783871381892,1.7894438438800977,1.0119383489480573,0.21052631578947367,1.5867866190179445,DiagonalScanPath_8,Diagonal,8,development,coherent latent previous state | moment-matched | fixed gamma,coherent latent previous state,moment-matched,fixed gamma,current-frame truth,current forecast before Y_n
current_top_1pct,26,5.251834087084677,3.800985434573245,-3.1087885738526913,1.1756433772825916,0.4230769230769231,4.504469644030416,1.0,0.0,3.1582935221427086,5.139155925974634,3.595485658264256,2.6583311706547517,0.5769230769230769,3.374339417136722,DiagonalScanPath_8,Diagonal,8,development,coherent latent previous state | moment-matched | fixed gamma,coherent latent previous state,moment-matched,fixed gamma,current-frame truth,current forecast before Y_n
overall,2501,0.7596683937962727,0.40673409837211844,-0.10338567764404193,2.11984047450281,0.9880047980807677,8.110949403736802,1.0,0.0,0.046464792363066075,0.6890584107831672,0.240754764909773,0.13075037016204458,0.010795681727309077,0.5873171800693465,DiagonalScanPath_8,Diagonal,8,development,coherent latent previous state | moment-matched | fixed gamma,coherent latent previous state,moment-matched,fixed gamma,current-frame truth,current posterior after Y_n
above_camera_ceiling,76,3.2152187709147504,1.9372057465417953,-0.49733606829589777,0.92804302776357,0.7236842105263158,3.5799241801004476,1.0,0.0,0.6588201105524317,3.591400004961369,2.12276477455513,1.2065239090528155,0.2631578947368421,1.599824830393932,DiagonalScanPath_8,Diagonal,8,development,coherent latent previous state | moment-matched | fixed gamma,coherent latent previous state,moment-matched,fixed gamma,current-frame truth,current posterior after Y_n
current_top_1pct,26,5.221458834153135,3.750908375793059,-3.055770645581515,0.9273294807876076,0.38461538461538464,3.596667794026963,1.0,0.0,3.5823517669904104,5.89484269373241,4.178926037030071,3.1370442195027914,0.6153846153846154,3.351972171242562,DiagonalScanPath_8,Diagonal,8,development,coherent latent previous state | moment-matched | fixed gamma,coherent latent previous state,moment-matched,fixed gamma,current-frame truth,current posterior after Y_n
overall,2501,0.6720467785464932,0.21079910765965912,-0.06438186055825149,0.7159318740849122,0.973610555777689,2.7396642886797986,1.0,0.0,0.08992735606379157,0.9387021347603611,0.2944401769080301,0.0449777360680114,0.023190723710515795,0.26776142995226887,DiagonalScanPath_8,Diagonal,8,development,coherent latent previous state | mean-only | development-recalibrated gamma,coherent latent previous state,mean-only,development-recalibrated gamma,current-frame truth,current forecast before Y_n
above_camera_ceiling,76,3.212923898680719,1.913666117722506,-0.5674529725527405,0.715931874084912,0.6052631578947368,2.7609573902525297,1.0,0.0,0.7926074995306586,4.487750881028177,2.6729723692893415,1.4045378921901277,0.3684210526315789,1.636815650475203,DiagonalScanPath_8,Diagonal,8,development,coherent latent previous state | mean-only | development-recalibrated gamma,coherent latent previous state,mean-only,development-recalibrated gamma,current-frame truth,current forecast before Y_n
current_top_1pct,26,5.236827137961308,3.7736028621986426,-3.172411334735439,0.7159318740849122,0.2692307692307692,2.7443242304384228,1.0,0.0,4.431163703655942,7.314700361196938,5.27089657381434,3.5095000264163305,0.6923076923076923,3.4603218302512864,DiagonalScanPath_8,Diagonal,8,development,coherent latent previous state | mean-only | development-recalibrated gamma,coherent latent previous state,mean-only,development-recalibrated gamma,current-frame truth,current forecast before Y_n
overall,2501,0.6769268657605404,0.22514641634631521,-0.08215362453934083,0.6584466608144847,0.9740103958416634,2.5193642121928557,1.0,0.0,0.11492517694835004,0.9693155305813587,0.33884214729222006,0.08569406251630571,0.025589764094362255,0.25905331240649554,DiagonalScanPath_8,Diagonal,8,development,coherent latent previous state | mean-only | development-recalibrated gamma,coherent latent previous state,mean-only,development-recalibrated gamma,current-frame truth,current posterior after Y_n
above_camera_ceiling,76,3.2128278835668764,1.8865749114065349,-0.6229854484682412,0.6930723043778144,0.618421052631579,2.689989777625066,1.0,0.0,0.8463568466300504,4.524398081919704,2.6763731839367466,1.422560904959429,0.3684210526315789,1.611381869192672,DiagonalScanPath_8,Diagonal,8,development,coherent latent previous state | mean-only | development-recalibrated gamma,coherent latent previous state,mean-only,development-recalibrated gamma,current-frame truth,current posterior after Y_n
current_top_1pct,26,5.2513295623638045,3.790889627263845,-3.1892948875338116,0.7156694376199952,0.3076923076923077,2.7891043564545726,1.0,0.0,4.476589839808771,7.374387037683249,5.319072880908701,3.529023464090132,0.6923076923076923,3.4582080906208015,DiagonalScanPath_8,Diagonal,8,development,coherent latent previous state | mean-only | development-recalibrated gamma,coherent latent previous state,mean-only,development-recalibrated gamma,current-frame truth,current posterior after Y_n
overall,2501,0.6720467785464932,0.21079910765965912,-0.06438186055825149,2.6816701454777334,0.9920031987205118,10.262020505937262,1.0,0.0,0.026734677500373765,0.5710048904839468,0.11789918900322731,0.012257288972006798,0.0075969612155137945,0.6890587941090573,DiagonalScanPath_8,Diagonal,8,development,coherent latent previous state | moment-matched | development-recalibrated gamma,coherent latent previous state,moment-matched,development-recalibrated gamma,current-frame truth,current forecast before Y_n
above_camera_ceiling,76,3.212923898680719,1.913666117722506,-0.5674529725527405,1.1318685284825196,0.7894736842105263,4.368908429009456,1.0,0.0,0.6477058985287992,3.121487156758412,1.7848014985504947,1.0119383489480573,0.21052631578947367,1.5773412497349468,DiagonalScanPath_8,Diagonal,8,development,coherent latent previous state | moment-matched | development-recalibrated gamma,coherent latent previous state,moment-matched,development-recalibrated gamma,current-frame truth,current forecast before Y_n
current_top_1pct,26,5.236827137961308,3.7736028621986426,-3.172411334735439,1.1756433772825916,0.4230769230769231,4.504469644030416,1.0,0.0,3.204629662339764,5.159013886983906,3.5843462114678317,2.6583311706547517,0.5769230769230769,3.3503028973406117,DiagonalScanPath_8,Diagonal,8,development,coherent latent previous state | moment-matched | development-recalibrated gamma,coherent latent previous state,moment-matched,development-recalibrated gamma,current-frame truth,current forecast before Y_n
overall,2501,0.7583334799726159,0.4063886911720047,-0.10410783210573558,2.11984047450281,0.9880047980807677,8.110949403736802,1.0,0.0,0.04713053748955196,0.6900878232812343,0.24051727663705724,0.13075037016204458,0.010795681727309077,0.5870036629981243,DiagonalScanPath_8,Diagonal,8,development,coherent latent previous state | moment-matched | development-recalibrated gamma,coherent latent previous state,moment-matched,development-recalibrated gamma,current-frame truth,current posterior after Y_n
above_camera_ceiling,76,3.205885470494509,1.926543761564021,-0.52039601250014,0.92804302776357,0.7236842105263158,3.5799241801004476,1.0,0.0,0.6802282046826174,3.5983714418511266,2.1154497118891427,1.2065239090528155,0.2631578947368421,1.590212282420863,DiagonalScanPath_8,Diagonal,8,development,coherent latent previous state | moment-matched | development-recalibrated gamma,coherent latent previous state,moment-matched,development-recalibrated gamma,current-frame truth,current posterior after Y_n
current_top_1pct,26,5.2071556863801165,3.7235258034184495,-3.11939340646426,0.9273294807876076,0.38461538461538464,3.596667794026963,1.0,0.0,3.641653178976111,5.9087674865197295,4.160819640093566,3.1370442195027914,0.6153846153846154,3.327524152936434,DiagonalScanPath_8,Diagonal,8,development,coherent latent previous state | moment-matched | development-recalibrated gamma,coherent latent previous state,moment-matched,development-recalibrated gamma,current-frame truth,current posterior after Y_n
overall,2501,0.7189031346350269,0.030238661206413137,0.027691921178005084,0.7159318740849122,0.998000799680128,2.7396642886797986,1.0,0.0,-0.038679547845806225,1.0041502001205247,0.04223678579063616,0.00013845170975693643,0.001999200319872051,0.19263745935842636,DiagonalScanPath_8,Diagonal,8,development,strict oracle | exact previous state | fixed gamma,true previous state,exact state; innovation only,fixed gamma,current-frame truth,current forecast before Y_n
above_camera_ceiling,76,4.123688782113265,0.9454816535522415,0.9429823139031621,0.715931874084912,0.9342105263157895,2.7609573902525293,1.0,0.0,-1.3171397280061885,5.759889916039943,1.3206307580043624,0.04478610676421309,0.06578947368421052,0.999545879782862,DiagonalScanPath_8,Diagonal,8,development,strict oracle | exact previous state | fixed gamma,true previous state,exact state; innovation only,fixed gamma,current-frame truth,current forecast before Y_n
current_top_1pct,26,7.045207018935745,2.6518275223506205,2.6518275223506205,0.7159318740849122,0.8076923076923077,2.7443242304384206,1.0,0.0,-3.704022153979561,9.840610921172866,3.704022153979561,0.21480358011540146,0.19230769230769232,2.5604452738360126,DiagonalScanPath_8,Diagonal,8,development,strict oracle | exact previous state | fixed gamma,true previous state,exact state; innovation only,fixed gamma,current-frame truth,current forecast before Y_n
overall,2501,0.7234418512757201,0.08305755295302425,0.03347100241443277,0.6583411265008452,0.998000799680128,2.518611177470827,1.0,0.0,-0.047877346520134575,1.0184784356617067,0.13155749953380613,0.049895174564521624,0.001999200319872051,0.18439915116408742,DiagonalScanPath_8,Diagonal,8,development,strict oracle | exact previous state | fixed gamma,true previous state,exact state; innovation only,fixed gamma,current-frame truth,current posterior after Y_n
above_camera_ceiling,76,4.1236451978747946,0.9965141825290769,0.959386270183862,0.6901599423370777,0.9342105263157895,2.6568837111390393,1.0,0.0,-1.346311482380638,5.778920582295497,1.4098261774690422,0.1510840746466139,0.06578947368421052,0.9980322924309528,DiagonalScanPath_8,Diagonal,8,development,strict oracle | exact previous state | fixed gamma,true previous state,exact state; innovation only,fixed gamma,current-frame truth,current posterior after Y_n
current_top_1pct,26,7.0430698815706805,2.6631451891167703,2.6605273475472475,0.7123933636304015,0.8076923076923077,2.7602890079139355,1.0,0.0,-3.732534778612601,9.868724778533581,3.7363030031394455,0.2177241454902706,0.19230769230769232,2.562879024311476,DiagonalScanPath_8,Diagonal,8,development,strict oracle | exact previous state | fixed gamma,true previous state,exact state; innovation only,fixed gamma,current-frame truth,current posterior after Y_n
overall,2501,0.49397692703792856,0.022393644440767878,0.005862106854824394,0.7159318740849122,0.998000799680128,2.7396642886797986,1.0,0.0,-0.008188079155320757,0.689977559204664,0.031279015855231934,0.00013845170975693643,0.001999200319872051,0.18463697336470244,DiagonalScanPath_8,Diagonal,8,development,recalibrated oracle | exact previous state | development-recalibrated gamma,true previous state,exact state; innovation only,development-recalibrated gamma,current-frame truth,current forecast before Y_n
above_camera_ceiling,76,2.8288665457282893,0.6720178084427385,0.2459094202442226,0.715931874084912,0.9342105263157895,2.7609573902525293,1.0,0.0,-0.3434815925167998,3.9513068884439337,0.9386616698714475,0.04478610676421309,0.06578947368421052,0.725741587249179,DiagonalScanPath_8,Diagonal,8,development,recalibrated oracle | exact previous state | development-recalibrated gamma,true previous state,exact state; innovation only,development-recalibrated gamma,current-frame truth,current forecast before Y_n
current_top_1pct,26,4.827098672500402,1.8519837256219949,0.7285920783140118,0.7159318740849122,0.8461538461538461,2.7443242304384206,1.0,0.0,-1.0176835320333817,6.742399447810995,2.586815579330307,0.21480358011540146,0.15384615384615385,1.756848816793026,DiagonalScanPath_8,Diagonal,8,development,recalibrated oracle | exact previous state | development-recalibrated gamma,true previous state,exact state; innovation only,development-recalibrated gamma,current-frame truth,current forecast before Y_n
overall,2501,0.5002171117523769,0.07512001179828041,0.011641188091252109,0.6583411265008452,0.998000799680128,2.518611177470827,1.0,0.0,-0.01725967282126794,0.7079902815383429,0.12043915607266409,0.049895174564521624,0.001999200319872051,0.17640695935523262,DiagonalScanPath_8,Diagonal,8,development,recalibrated oracle | exact previous state | development-recalibrated gamma,true previous state,exact state; innovation only,development-recalibrated gamma,current-frame truth,current posterior after Y_n
above_camera_ceiling,76,2.827192678209139,0.7213404505540882,0.26231337652492254,0.6901599423370777,0.9342105263157895,2.6568837111390393,1.0,0.0,-0.3689992973548349,3.963597837496187,1.0241102712458752,0.1510840746466139,0.06578947368421052,0.7258459701797881,DiagonalScanPath_8,Diagonal,8,development,recalibrated oracle | exact previous state | development-recalibrated gamma,true previous state,exact state; innovation only,development-recalibrated gamma,current-frame truth,current posterior after Y_n
current_top_1pct,26,4.821451386564216,1.8610415069666169,0.7372919035106411,0.7123933636304015,0.8461538461538461,2.7602890079139355,1.0,0.0,-1.0381946311618613,6.757201270569721,2.6120215497635684,0.2177241454902706,0.15384615384615385,1.7613398118669288,DiagonalScanPath_8,Diagonal,8,development,recalibrated oracle | exact previous state | development-recalibrated gamma,true previous state,exact state; innovation only,development-recalibrated gamma,current-frame truth,current posterior after Y_n
overall,2501,0.47676226031548974,0.15372062019432248,0.06689446852039511,0.7159318740849122,0.991203518592563,2.733135699154833,1.0,0.0,-0.0934369189888327,0.6659324407435783,0.21471403321832078,0.06475680811766223,0.007996801279488205,0.21607968862617277,HorizontalScanPath_1,Horizontal,1,evaluation,hybrid previous state | mean-only | fixed gamma,hybrid previous state,mean-only,fixed gamma,current-frame truth,current forecast before Y_n
above_camera_ceiling,76,2.5030225725238746,1.3730406775502022,-0.6772358379266494,0.715931874084912,0.7236842105263158,2.6960521671400177,1.0,0.0,0.9459501140276467,3.4961742354650447,1.917837055802539,1.1719857643346474,0.23684210526315788,1.1337664583926679,HorizontalScanPath_1,Horizontal,1,evaluation,hybrid previous state | mean-only | fixed gamma,hybrid previous state,mean-only,fixed gamma,current-frame truth,current forecast before Y_n
current_top_1pct,26,4.107545022310559,2.708848580179633,-2.708848580179633,0.7159318740849122,0.46153846153846156,2.7406872566149767,1.0,0.0,3.783668081047545,5.73734061995875,3.783668081047545,2.085650466869969,0.5,2.356632420187295,HorizontalScanPath_1,Horizontal,1,evaluation,hybrid previous state | mean-only | fixed gamma,hybrid previous state,mean-only,fixed gamma,current-frame truth,current forecast before Y_n
overall,2501,0.48007473072258383,0.1775164072274025,0.04833325095358878,0.6575144304628701,0.9896041583366654,2.510256252969198,1.0,0.0,-0.07482172667016812,0.6939508185107398,0.2727800980944275,0.14658705248356727,0.009196321471411436,0.2072328312266873,HorizontalScanPath_1,Horizontal,1,evaluation,hybrid previous state | mean-only | fixed gamma,hybrid previous state,mean-only,fixed gamma,current-frame truth,current posterior after Y_n
above_camera_ceiling,76,2.496316106579468,1.3703726621616485,-0.6780005212288357,0.6910032907736497,0.6973684210526315,2.617993313895827,1.0,0.0,0.9735986997057094,3.5383470136209705,1.9627852427338008,1.1728937268514295,0.2631578947368421,1.1317590652681744,HorizontalScanPath_1,Horizontal,1,evaluation,hybrid previous state | mean-only | fixed gamma,hybrid previous state,mean-only,fixed gamma,current-frame truth,current posterior after Y_n
current_top_1pct,26,4.095424034539025,2.6902304952717246,-2.6902304952717246,0.6958894834989225,0.4230769230769231,2.615470626316953,1.0,0.0,3.837103581525537,5.799153028239476,3.837103581525537,2.160171821079404,0.5384615384615384,2.368077313034531,HorizontalScanPath_1,Horizontal,1,evaluation,hybrid previous state | mean-only | fixed gamma,hybrid previous state,mean-only,fixed gamma,current-frame truth,current posterior after Y_n
overall,2501,0.47676226031548974,0.15372062019432248,0.06689446852039511,0.7234200462931903,0.9944022391043582,2.7615876092857294,1.0,0.0,-0.09838127402740196,0.5348990032221191,0.199482697173182,0.06475680811766223,0.005197920831667333,0.21484593495187992,HorizontalScanPath_1,Horizontal,1,evaluation,hybrid previous state | moment-matched | fixed gamma,hybrid previous state,moment-matched,fixed gamma,current-frame truth,current forecast before Y_n
above_camera_ceiling,76,2.5030225725238746,1.3730406775502022,-0.6772358379266494,0.9418666621580687,0.8157894736842105,3.549564003518606,1.0,0.0,0.7491360469278785,2.6761414025286423,1.4519224638663144,0.9003809966350693,0.17105263157894737,1.0991041932333503,HorizontalScanPath_1,Horizontal,1,evaluation,hybrid previous state | moment-matched | fixed gamma,hybrid previous state,moment-matched,fixed gamma,current-frame truth,current forecast before Y_n
current_top_1pct,26,4.107545022310559,2.708848580179633,-2.708848580179633,0.9565502332643374,0.5384615384615384,3.6640441561323134,1.0,0.0,2.867312694484255,4.405158387498144,2.867312694484255,1.6303449215849208,0.46153846153846156,2.278722760940373,HorizontalScanPath_1,Horizontal,1,evaluation,hybrid previous state | moment-matched | fixed gamma,hybrid previous state,moment-matched,fixed gamma,current-frame truth,current forecast before Y_n
overall,2501,0.4798646425370367,0.17752798501357311,0.048528434778012615,0.6650974065937311,0.995201919232307,2.538963799942066,1.0,0.0,-0.08015510895258068,0.5636172166618244,0.2567556138718649,0.14555771757517078,0.005197920831667333,0.20602675995343542,HorizontalScanPath_1,Horizontal,1,evaluation,hybrid previous state | moment-matched | fixed gamma,hybrid previous state,moment-matched,fixed gamma,current-frame truth,current posterior after Y_n
above_camera_ceiling,76,2.494736124629982,1.370359264875398,-0.6722229743298069,0.9195796738713244,0.8421052631578947,3.4831993699409862,1.0,0.0,0.7607770176057356,2.6945749796588156,1.4748501710410402,0.9161870510738367,0.17105263157894737,1.0975256729703402,HorizontalScanPath_1,Horizontal,1,evaluation,hybrid previous state | moment-matched | fixed gamma,hybrid previous state,moment-matched,fixed gamma,current-frame truth,current posterior after Y_n
current_top_1pct,26,4.09087103451455,2.683777468860952,-2.683777468860952,0.9399817433079869,0.5384615384615384,3.5361767843680765,1.0,0.0,2.878966056591994,4.428774542278921,2.878966056591994,1.664513699713114,0.46153846153846156,2.2945554788536158,HorizontalScanPath_1,Horizontal,1,evaluation,hybrid previous state | moment-matched | fixed gamma,hybrid previous state,moment-matched,fixed gamma,current-frame truth,current posterior after Y_n
overall,2501,0.47907162015993304,0.15385153688804074,0.06676355182667686,0.7159318740849122,0.991203518592563,2.733135699154833,1.0,0.0,-0.09325405704559879,0.6691581105706063,0.2148968951615547,0.06475680811766223,0.007996801279488205,0.21620692246249407,HorizontalScanPath_1,Horizontal,1,evaluation,hybrid previous state | mean-only | development-recalibrated gamma,hybrid previous state,mean-only,development-recalibrated gamma,current-frame truth,current forecast before Y_n
above_camera_ceiling,76,2.5174911545578915,1.3773488703263783,-0.6815440307028254,0.715931874084912,0.7236842105263158,2.6960521671400177,1.0,0.0,0.9519677156069627,3.5163836751586057,1.9238546573818551,1.1719857643346474,0.23684210526315788,1.1379534560852933,HorizontalScanPath_1,Horizontal,1,evaluation,hybrid previous state | mean-only | development-recalibrated gamma,hybrid previous state,mean-only,development-recalibrated gamma,current-frame truth,current forecast before Y_n
current_top_1pct,26,4.133310729195819,2.7214417590638393,-2.7214417590638393,0.7159318740849122,0.46153846153846156,2.7406872566149767,1.0,0.0,3.8012579933563155,5.773329668383493,3.8012579933563155,2.085650466869969,0.5,2.3688713365195846,HorizontalScanPath_1,Horizontal,1,evaluation,hybrid previous state | mean-only | development-recalibrated gamma,hybrid previous state,mean-only,development-recalibrated gamma,current-frame truth,current forecast before Y_n
overall,2501,0.4823624471679071,0.1776473239211208,0.04820233425987049,0.6575144304628701,0.9896041583366654,2.510256252969198,1.0,0.0,-0.07463767471543568,0.697076595502298,0.27296415004915997,0.14658705248356727,0.009196321471411436,0.20735908403184922,HorizontalScanPath_1,Horizontal,1,evaluation,hybrid previous state | mean-only | development-recalibrated gamma,hybrid previous state,mean-only,development-recalibrated gamma,current-frame truth,current posterior after Y_n
above_camera_ceiling,76,2.510786760956455,1.3746808549378253,-0.6823087140050125,0.6910032907736497,0.6973684210526315,2.617993313895827,1.0,0.0,0.9796554620581548,3.5585087438858025,1.9688420050862465,1.1728937268514295,0.2631578947368421,1.1359137792906737,HorizontalScanPath_1,Horizontal,1,evaluation,hybrid previous state | mean-only | development-recalibrated gamma,hybrid previous state,mean-only,development-recalibrated gamma,current-frame truth,current posterior after Y_n
current_top_1pct,26,4.1212003888507995,2.7028236741559337,-2.7028236741559337,0.6958894834989225,0.4230769230769231,2.615470626316953,1.0,0.0,3.854807963786531,5.835102740257163,3.854807963786531,2.160171821079404,0.5384615384615384,2.380221861715683,HorizontalScanPath_1,Horizontal,1,evaluation,hybrid previous state | mean-only | development-recalibrated gamma,hybrid previous state,mean-only,development-recalibrated gamma,current-frame truth,current posterior after Y_n
overall,2501,0.47907162015993304,0.15385153688804074,0.06676355182667686,0.7234200462931903,0.9944022391043582,2.7615876092857294,1.0,0.0,-0.09823575820602468,0.5374541776306508,0.1996282129945593,0.06475680811766223,0.005197920831667333,0.2149714530344191,HorizontalScanPath_1,Horizontal,1,evaluation,hybrid previous state | moment-matched | development-recalibrated gamma,hybrid previous state,moment-matched,development-recalibrated gamma,current-frame truth,current forecast before Y_n
above_camera_ceiling,76,2.5174911545578915,1.3773488703263783,-0.6815440307028254,0.9418666621580687,0.8157894736842105,3.549564003518606,1.0,0.0,0.7539246662603077,2.692935584767863,1.4567110831987435,0.9003809966350693,0.17105263157894737,1.103234729081121,HorizontalScanPath_1,Horizontal,1,evaluation,hybrid previous state | moment-matched | development-recalibrated gamma,hybrid previous state,moment-matched,development-recalibrated gamma,current-frame truth,current forecast before Y_n
current_top_1pct,26,4.133310729195819,2.7214417590638393,-2.7214417590638393,0.9565502332643374,0.5384615384615384,3.6640441561323134,1.0,0.0,2.8813101971482786,4.434973742240964,2.8813101971482786,1.6303449215849208,0.46153846153846156,2.290796634956933,HorizontalScanPath_1,Horizontal,1,evaluation,hybrid previous state | moment-matched | development-recalibrated gamma,hybrid previous state,moment-matched,development-recalibrated gamma,current-frame truth,current forecast before Y_n
overall,2501,0.48215184104316117,0.17765890170729132,0.0483975180842944,0.6650974065937311,0.995201919232307,2.538963799942066,1.0,0.0,-0.08000885364147443,0.5660588686008742,0.25690186918297114,0.14555771757517078,0.005197920831667333,0.20615119736681736,HorizontalScanPath_1,Horizontal,1,evaluation,hybrid previous state | moment-matched | development-recalibrated gamma,hybrid previous state,moment-matched,development-recalibrated gamma,current-frame truth,current posterior after Y_n
above_camera_ceiling,76,2.509206312392725,1.3746674576515725,-0.6765311671059815,0.9195796738713244,0.8421052631578947,3.4831993699409862,1.0,0.0,0.7655899719883245,2.711365591509036,1.479663125423629,0.9161870510738367,0.17105263157894737,1.1016206462712381,HorizontalScanPath_1,Horizontal,1,evaluation,hybrid previous state | moment-matched | development-recalibrated gamma,hybrid previous state,moment-matched,development-recalibrated gamma,current-frame truth,current posterior after Y_n
current_top_1pct,26,4.11665883159617,2.6963706477451543,-2.6963706477451543,0.9399817433079869,0.5384615384615384,3.5361767843680765,1.0,0.0,2.893034692479562,4.45862858524728,2.893034692479562,1.664513699713114,0.46153846153846156,2.3065254008100866,HorizontalScanPath_1,Horizontal,1,evaluation,hybrid previous state | moment-matched | development-recalibrated gamma,hybrid previous state,moment-matched,development-recalibrated gamma,current-frame truth,current posterior after Y_n
overall,2501,0.48730562347505163,0.12611236747660237,0.017739598649745458,0.7159318740849122,0.9856057576969213,2.733135699154833,1.0,0.0,-0.024778333374833757,0.6806592095063717,0.17615135188358014,0.01922804812899317,0.011195521791283487,0.21863412596900256,HorizontalScanPath_1,Horizontal,1,evaluation,coherent latent previous state | mean-only | fixed gamma,coherent latent previous state,mean-only,fixed gamma,current-frame truth,current forecast before Y_n
above_camera_ceiling,76,2.5122764770511794,1.4004832939090663,-0.6324365673674919,0.715931874084912,0.6973684210526315,2.696052167140017,1.0,0.0,0.8833753465381853,3.509099912980287,1.9561683794273474,1.1884568556519688,0.25,1.1556490747230173,HorizontalScanPath_1,Horizontal,1,evaluation,coherent latent previous state | mean-only | fixed gamma,coherent latent previous state,mean-only,fixed gamma,current-frame truth,current forecast before Y_n
current_top_1pct,26,4.105252251044933,2.7109132464126797,-2.7109132464126797,0.7159318740849122,0.46153846153846156,2.740687256614975,1.0,0.0,3.7865519675006882,5.734138120742527,3.7865519675006882,2.085029896687214,0.5,2.3571895967782615,HorizontalScanPath_1,Horizontal,1,evaluation,coherent latent previous state | mean-only | fixed gamma,coherent latent previous state,mean-only,fixed gamma,current-frame truth,current forecast before Y_n
overall,2501,0.4892130559220052,0.14325984871264524,-0.0008333653093510505,0.6575144304628701,0.9828068772491003,2.510256252969198,1.0,0.0,-0.0037338729125210115,0.7064443146931456,0.22185094251008253,0.06721698753230887,0.013994402239104359,0.2084832582153612,HorizontalScanPath_1,Horizontal,1,evaluation,coherent latent previous state | mean-only | fixed gamma,coherent latent previous state,mean-only,fixed gamma,current-frame truth,current posterior after Y_n
above_camera_ceiling,76,2.505111275962885,1.3918757108009228,-0.6348422350779529,0.6910032907736497,0.6578947368421053,2.617993313895828,1.0,0.0,0.9110006632202969,3.5505278443123163,1.992978829451655,1.2272232872041893,0.27631578947368424,1.150632912393902,HorizontalScanPath_1,Horizontal,1,evaluation,coherent latent previous state | mean-only | fixed gamma,coherent latent previous state,mean-only,fixed gamma,current-frame truth,current posterior after Y_n
current_top_1pct,26,4.09480304157283,2.6948468292745793,-2.6948468292745793,0.6958894834989225,0.38461538461538464,2.615470626316953,1.0,0.0,3.8436943403555053,5.798321080824356,3.8436943403555053,2.166309091174049,0.5384615384615384,2.370992993735224,HorizontalScanPath_1,Horizontal,1,evaluation,coherent latent previous state | mean-only | fixed gamma,coherent latent previous state,mean-only,fixed gamma,current-frame truth,current posterior after Y_n
overall,2501,0.48730562347505163,0.12611236747660237,0.017739598649745458,2.755257884388702,0.9948020791683326,10.520032091308954,1.0,0.0,-0.00417177206782603,0.4873733779006837,0.08715385108450732,0.004374699959113438,0.004798080767692923,0.6799976311066431,HorizontalScanPath_1,Horizontal,1,evaluation,coherent latent previous state | moment-matched | fixed gamma,coherent latent previous state,moment-matched,fixed gamma,current-frame truth,current forecast before Y_n
above_camera_ceiling,76,2.5122764770511794,1.4004832939090663,-0.6324365673674919,0.9736707801246297,0.8289473684210527,3.6686306967589672,1.0,0.0,0.7137800415551151,2.693639939356088,1.460011413320107,0.9050972417209695,0.15789473684210525,1.1190470652895872,HorizontalScanPath_1,Horizontal,1,evaluation,coherent latent previous state | moment-matched | fixed gamma,coherent latent previous state,moment-matched,fixed gamma,current-frame truth,current forecast before Y_n
current_top_1pct,26,4.105252251044933,2.7109132464126797,-2.7109132464126797,0.96395370716442,0.5384615384615384,3.692902951501275,1.0,0.0,2.864793568248701,4.431490859978803,2.864793568248701,1.6290716409105364,0.4230769230769231,2.2768051640977047,HorizontalScanPath_1,Horizontal,1,evaluation,coherent latent previous state | moment-matched | fixed gamma,coherent latent previous state,moment-matched,fixed gamma,current-frame truth,current forecast before Y_n
overall,2501,0.5413564815257371,0.2684874492232515,0.0034908088224352976,2.5932642035085074,0.995201919232307,9.902253041098911,1.0,0.0,0.0005519123405585958,0.5107492997112797,0.1509900370925605,0.0690462141543123,0.005197920831667333,0.6515322476052755,HorizontalScanPath_1,Horizontal,1,evaluation,coherent latent previous state | moment-matched | fixed gamma,coherent latent previous state,moment-matched,fixed gamma,current-frame truth,current posterior after Y_n
above_camera_ceiling,76,2.489656595127833,1.3989847871886743,-0.5896522509940803,0.9367851902488488,0.8421052631578947,3.553085322253899,1.0,0.0,0.6923656473671255,2.7325324633987473,1.5029399834803723,0.9142917353619814,0.17105263157894737,1.1135483287078751,HorizontalScanPath_1,Horizontal,1,evaluation,coherent latent previous state | moment-matched | fixed gamma,coherent latent previous state,moment-matched,fixed gamma,current-frame truth,current posterior after Y_n
current_top_1pct,26,4.053017604899363,2.6444126282118727,-2.6444126282118727,0.9321723614053593,0.5384615384615384,3.5061806829779525,1.0,0.0,2.8768753853084457,4.481159116297713,2.8768753853084457,1.6553035443848971,0.46153846153846156,2.2624051511766883,HorizontalScanPath_1,Horizontal,1,evaluation,coherent latent previous state | moment-matched | fixed gamma,coherent latent previous state,moment-matched,fixed gamma,current-frame truth,current posterior after Y_n
overall,2501,0.49045047996725166,0.12629432280579442,0.0175576433205534,0.7159318740849122,0.9856057576969213,2.733135699154833,1.0,0.0,-0.024524181638085583,0.6850518851310179,0.17640550362032834,0.01922804812899317,0.011195521791283487,0.21881096854266763,HorizontalScanPath_1,Horizontal,1,evaluation,coherent latent previous state | mean-only | development-recalibrated gamma,coherent latent previous state,mean-only,development-recalibrated gamma,current-frame truth,current forecast before Y_n
above_camera_ceiling,76,2.532335220544241,1.4064710607289261,-0.6384243341873516,0.715931874084912,0.6973684210526315,2.696052167140017,1.0,0.0,0.89173894513828,3.5371175836821265,1.964531978027442,1.1884568556519688,0.25,1.1614685915221798,HorizontalScanPath_1,Horizontal,1,evaluation,coherent latent previous state | mean-only | development-recalibrated gamma,coherent latent previous state,mean-only,development-recalibrated gamma,current-frame truth,current forecast before Y_n
current_top_1pct,26,4.141120382769543,2.728415949424577,-2.728415949424577,0.7159318740849122,0.46153846153846156,2.740687256614975,1.0,0.0,3.8109994095625037,5.7842380436862495,3.8109994095625037,2.085029896687214,0.5,2.3742004920373523,HorizontalScanPath_1,Horizontal,1,evaluation,coherent latent previous state | mean-only | development-recalibrated gamma,coherent latent previous state,mean-only,development-recalibrated gamma,current-frame truth,current forecast before Y_n
overall,2501,0.4923384374222695,0.14344180404183735,-0.0010153206385431534,0.6575144304628701,0.9828068772491003,2.510256252969198,1.0,0.0,-0.003478067231361242,0.7107190627945893,0.22210674819124232,0.06721698753230887,0.013994402239104359,0.20865898249302317,HorizontalScanPath_1,Horizontal,1,evaluation,coherent latent previous state | mean-only | development-recalibrated gamma,coherent latent previous state,mean-only,development-recalibrated gamma,current-frame truth,current posterior after Y_n
above_camera_ceiling,76,2.525180153283238,1.397863477620784,-0.640830001897814,0.6910032907736497,0.6578947368421053,2.617993313895828,1.0,0.0,0.9194186896489891,3.5784919367143515,2.001396855880347,1.2272232872041893,0.27631578947368424,1.1564156284259102,HorizontalScanPath_1,Horizontal,1,evaluation,coherent latent previous state | mean-only | development-recalibrated gamma,coherent latent previous state,mean-only,development-recalibrated gamma,current-frame truth,current posterior after Y_n
current_top_1pct,26,4.130678308988931,2.7123495322864812,-2.7123495322864812,0.6958894834989225,0.38461538461538464,2.615470626316953,1.0,0.0,3.8683008791470668,5.848355490170096,3.8683008791470668,2.166309091174049,0.5384615384615384,2.3878963175210934,HorizontalScanPath_1,Horizontal,1,evaluation,coherent latent previous state | mean-only | development-recalibrated gamma,coherent latent previous state,mean-only,development-recalibrated gamma,current-frame truth,current posterior after Y_n
overall,2501,0.49045047996725166,0.12629432280579442,0.0175576433205534,2.755257884388702,0.9948020791683326,10.520032091308954,1.0,0.0,-0.003971106057799093,0.4913640738593811,0.08735451709453425,0.004374699959113438,0.004798080767692923,0.6801710611964532,HorizontalScanPath_1,Horizontal,1,evaluation,coherent latent previous state | moment-matched | development-recalibrated gamma,coherent latent previous state,moment-matched,development-recalibrated gamma,current-frame truth,current forecast before Y_n
above_camera_ceiling,76,2.532335220544241,1.4064710607289261,-0.6384243341873516,0.9736707801246297,0.8289473684210527,3.6686306967589672,1.0,0.0,0.7203835374903436,2.717393827313826,1.4666149092553356,0.9050972417209695,0.15789473684210525,1.1247542844292606,HorizontalScanPath_1,Horizontal,1,evaluation,coherent latent previous state | moment-matched | development-recalibrated gamma,coherent latent previous state,moment-matched,development-recalibrated gamma,current-frame truth,current forecast before Y_n
current_top_1pct,26,4.141120382769543,2.728415949424577,-2.728415949424577,0.96395370716442,0.5384615384615384,3.692902951501275,1.0,0.0,2.8840960948286,4.473681185646406,2.8840960948286,1.6290716409105364,0.4230769230769231,2.293487804659827,HorizontalScanPath_1,Horizontal,1,evaluation,coherent latent previous state | moment-matched | development-recalibrated gamma,coherent latent previous state,moment-matched,development-recalibrated gamma,current-frame truth,current forecast before Y_n
overall,2501,0.5441545805465962,0.26866940455244365,0.003308853493243172,2.5932642035085074,0.995201919232307,9.902253041098911,1.0,0.0,0.0007565446896510123,0.5146499769039571,0.1511946694416529,0.0690462141543123,0.005197920831667333,0.6517044240388502,HorizontalScanPath_1,Horizontal,1,evaluation,coherent latent previous state | moment-matched | development-recalibrated gamma,coherent latent previous state,moment-matched,development-recalibrated gamma,current-frame truth,current posterior after Y_n
above_camera_ceiling,76,2.509650041271369,1.404972554008536,-0.5956400178139422,0.9367851902488488,0.8421052631578947,3.553085322253899,1.0,0.0,0.6990996671708113,2.756511757134808,1.5096740032840585,0.9142917353619814,0.17105263157894737,1.1192142926601145,HorizontalScanPath_1,Horizontal,1,evaluation,coherent latent previous state | moment-matched | development-recalibrated gamma,coherent latent previous state,moment-matched,development-recalibrated gamma,current-frame truth,current posterior after Y_n
current_top_1pct,26,4.088902430846105,2.661915331223777,-2.661915331223777,0.9321723614053593,0.5384615384615384,3.5061806829779525,1.0,0.0,2.8965594431961432,4.5238846536416055,2.8965594431961432,1.6553035443848971,0.46153846153846156,2.2789671996524645,HorizontalScanPath_1,Horizontal,1,evaluation,coherent latent previous state | moment-matched | development-recalibrated gamma,coherent latent previous state,moment-matched,development-recalibrated gamma,current-frame truth,current posterior after Y_n
overall,2501,0.5785193005810456,0.024319902650171595,0.022376004703312392,0.7159318740849122,0.998000799680128,2.733135699154833,1.0,0.0,-0.03125437700607043,0.80806473565728,0.03396957661824561,8.619127421216348e-06,0.001999200319872051,0.18646270159125414,HorizontalScanPath_1,Horizontal,1,evaluation,strict oracle | exact previous state | fixed gamma,true previous state,exact state; innovation only,fixed gamma,current-frame truth,current forecast before Y_n
above_camera_ceiling,76,3.3185172994436063,0.7532867212446318,0.7531252911608801,0.715931874084912,0.9342105263157895,2.6960521671400186,1.0,0.0,-1.0519510562698546,4.635241731184632,1.05217653873487,0.09938419022114717,0.06578947368421052,0.7974355873751443,HorizontalScanPath_1,Horizontal,1,evaluation,strict oracle | exact previous state | fixed gamma,true previous state,exact state; innovation only,fixed gamma,current-frame truth,current forecast before Y_n
current_top_1pct,26,5.673136107614608,2.1076784013208703,2.1076784013208703,0.7159318740849122,0.8076923076923077,2.7406872566149767,1.0,0.0,-2.9439650302130436,7.924128416360678,2.9439650302130436,0.2603915310295317,0.19230769230769232,2.007071061443274,HorizontalScanPath_1,Horizontal,1,evaluation,strict oracle | exact previous state | fixed gamma,true previous state,exact state; innovation only,fixed gamma,current-frame truth,current forecast before Y_n
overall,2501,0.584238922449584,0.07319140972583478,0.029169498805768274,0.6575144304628701,0.9976009596161536,2.510256252969198,1.0,0.0,-0.04269013563359493,0.8244555509334638,0.11678002102766903,0.047040072275568744,0.001999200319872051,0.17650489820015008,HorizontalScanPath_1,Horizontal,1,evaluation,strict oracle | exact previous state | fixed gamma,true previous state,exact state; innovation only,fixed gamma,current-frame truth,current posterior after Y_n
above_camera_ceiling,76,3.3230573333369686,0.783997145397835,0.7833939536989738,0.6910032907736497,0.9210526315789473,2.617993313895827,1.0,0.0,-1.108228566445227,4.660714122892336,1.1091704695740907,0.17101524271989277,0.06578947368421052,0.7962483399698304,HorizontalScanPath_1,Horizontal,1,evaluation,strict oracle | exact previous state | fixed gamma,true previous state,exact state; innovation only,fixed gamma,current-frame truth,current posterior after Y_n
current_top_1pct,26,5.679533501775729,2.1369701752981487,2.1369701752981487,0.6958894834989225,0.7692307692307693,2.615470626316953,1.0,0.0,-3.01035779176793,7.965145139456723,3.01035779176793,0.3127110023641197,0.19230769230769232,2.007389853060568,HorizontalScanPath_1,Horizontal,1,evaluation,strict oracle | exact previous state | fixed gamma,true previous state,exact state; innovation only,fixed gamma,current-frame truth,current posterior after Y_n
overall,2501,0.42916237747747255,0.018819623607291842,0.01687572566043264,0.7159318740849122,0.9984006397441023,2.733135699154833,1.0,0.0,-0.023571692044026964,0.5994458313872644,0.026286891656202144,8.619127421216348e-06,0.001599360255897641,0.18108563026074792,HorizontalScanPath_1,Horizontal,1,evaluation,recalibrated oracle | exact previous state | development-recalibrated gamma,true previous state,exact state; innovation only,development-recalibrated gamma,current-frame truth,current forecast before Y_n
above_camera_ceiling,76,2.4616619481725364,0.5722841174782862,0.5721226873945345,0.715931874084912,0.9473684210526315,2.6960521671400186,1.0,0.0,-0.7991300682426087,3.4384025034769907,0.799355550707624,0.09938419022114717,0.05263157894736842,0.6204874900383544,HorizontalScanPath_1,Horizontal,1,evaluation,recalibrated oracle | exact previous state | development-recalibrated gamma,true previous state,exact state; innovation only,development-recalibrated gamma,current-frame truth,current forecast before Y_n
current_top_1pct,26,4.207983320162767,1.5785938672346294,1.5785938672346294,0.7159318740849122,0.8461538461538461,2.7406872566149767,1.0,0.0,-2.204949834441094,5.8776309205974595,2.204949834441094,0.2603915310295317,0.15384615384615385,1.4898381615357341,HorizontalScanPath_1,Horizontal,1,evaluation,recalibrated oracle | exact previous state | development-recalibrated gamma,true previous state,exact state; innovation only,development-recalibrated gamma,current-frame truth,current forecast before Y_n
overall,2501,0.43662975502651424,0.06769113068295496,0.023669219762888452,0.6575144304628701,0.998000799680128,2.510256252969198,1.0,0.0,-0.03495745402773101,0.6192506113627996,0.1090473394218051,0.047040072275568744,0.001599360255897641,0.17109914975653714,HorizontalScanPath_1,Horizontal,1,evaluation,recalibrated oracle | exact previous state | development-recalibrated gamma,true previous state,exact state; innovation only,development-recalibrated gamma,current-frame truth,current posterior after Y_n
above_camera_ceiling,76,2.4665427932931285,0.6029945416314874,0.602391349932626,0.6910032907736497,0.9342105263157895,2.617993313895827,1.0,0.0,-0.853762294125942,3.4602177471215985,0.8547041972548057,0.17101524271989277,0.05263157894736842,0.6183565392135675,HorizontalScanPath_1,Horizontal,1,evaluation,recalibrated oracle | exact previous state | development-recalibrated gamma,true previous state,exact state; innovation only,development-recalibrated gamma,current-frame truth,current posterior after Y_n
current_top_1pct,26,4.214489622995434,1.6078856412119014,1.6078856412119014,0.6958894834989225,0.8076923076923077,2.615470626316953,1.0,0.0,-2.2665333034500197,5.911516203051968,2.2665333034500197,0.3127110023641197,0.15384615384615385,1.4873984354653376,HorizontalScanPath_1,Horizontal,1,evaluation,recalibrated oracle | exact previous state | development-recalibrated gamma,true previous state,exact state; innovation only,development-recalibrated gamma,current-frame truth,current posterior after Y_n
overall,2501,0.4909638486661819,0.1572866221695654,0.05604528287844399,0.7159318740849122,0.9928028788484606,2.738880521797569,1.0,0.0,-0.07828298320993152,0.6857689487477013,0.2196949568289659,0.08985761374192386,0.006797281087564974,0.21450332707900696,HorizontalScanPath_2,Horizontal,2,evaluation,hybrid previous state | mean-only | fixed gamma,hybrid previous state,mean-only,fixed gamma,current-frame truth,current forecast before Y_n
above_camera_ceiling,76,2.569069276644154,1.234740936672304,-0.9319466917652433,0.715931874084912,0.8026315789473685,2.72561159518856,1.0,0.0,1.3017253812821732,3.5884270132935208,1.7246626129762996,0.6698376184596265,0.18421052631578946,1.0432179029072308,HorizontalScanPath_2,Horizontal,2,evaluation,hybrid previous state | mean-only | fixed gamma,hybrid previous state,mean-only,fixed gamma,current-frame truth,current forecast before Y_n
current_top_1pct,26,4.351635218809813,2.9229841554849236,-2.833016023372144,0.7159318740849122,0.4230769230769231,2.7427906496095864,1.0,0.0,3.9571027997506616,6.078281155412969,4.082768572388281,2.0470957676020114,0.5384615384615384,2.5497274747906364,HorizontalScanPath_2,Horizontal,2,evaluation,hybrid previous state | mean-only | fixed gamma,hybrid previous state,mean-only,fixed gamma,current-frame truth,current forecast before Y_n
overall,2501,0.4959197604359133,0.18323751106724565,0.02956660508557204,0.6576937353011829,0.9920031987205118,2.519285073664434,1.0,0.0,-0.044776671143867526,0.718057147576905,0.2814186820318865,0.1621094529368115,0.0075969612155137945,0.2076673076564277,HorizontalScanPath_2,Horizontal,2,evaluation,hybrid previous state | mean-only | fixed gamma,hybrid previous state,mean-only,fixed gamma,current-frame truth,current posterior after Y_n
above_camera_ceiling,76,2.5602695588366693,1.2415624373480376,-0.9377540716141787,0.686773273062383,0.7763157894736842,2.617852955591173,1.0,0.0,1.345093477494915,3.6354151195649242,1.7858165910186563,0.7150735491903573,0.19736842105263158,1.0505690120407565,HorizontalScanPath_2,Horizontal,2,evaluation,hybrid previous state | mean-only | fixed gamma,hybrid previous state,mean-only,fixed gamma,current-frame truth,current posterior after Y_n
current_top_1pct,26,4.332790186262792,2.9093660030320163,-2.817971837468224,0.696287084777891,0.38461538461538464,2.655348122856378,1.0,0.0,4.030313440163402,6.146052337082248,4.160112561006586,2.1237557648053285,0.5769230769230769,2.574610058944543,HorizontalScanPath_2,Horizontal,2,evaluation,hybrid previous state | mean-only | fixed gamma,hybrid previous state,mean-only,fixed gamma,current-frame truth,current posterior after Y_n
overall,2501,0.4909638486661819,0.1572866221695654,0.05604528287844399,0.7227159706992384,0.9956017592962815,2.764827534677738,1.0,0.0,-0.08407472035557627,0.5989448776956631,0.2083674374632349,0.08938738042236838,0.004398240703718513,0.21404246014007502,HorizontalScanPath_2,Horizontal,2,evaluation,hybrid previous state | moment-matched | fixed gamma,hybrid previous state,moment-matched,fixed gamma,current-frame truth,current forecast before Y_n
above_camera_ceiling,76,2.569069276644154,1.234740936672304,-0.9319466917652433,0.9154405783267606,0.8552631578947368,3.486600787598775,1.0,0.0,1.0678960582449617,3.057701669600812,1.395195014295715,0.5067277645624236,0.14473684210526316,1.0347576695594554,HorizontalScanPath_2,Horizontal,2,evaluation,hybrid previous state | moment-matched | fixed gamma,hybrid previous state,moment-matched,fixed gamma,current-frame truth,current forecast before Y_n
current_top_1pct,26,4.351635218809813,2.9229841554849236,-2.833016023372144,1.0068447620954553,0.5769230769230769,3.8685408568206365,1.0,0.0,3.220257623848354,5.181224733242838,3.2806070649023575,1.8282574975505743,0.4230769230769231,2.4876283286740697,HorizontalScanPath_2,Horizontal,2,evaluation,hybrid previous state | moment-matched | fixed gamma,hybrid previous state,moment-matched,fixed gamma,current-frame truth,current forecast before Y_n
overall,2501,0.4963981355185645,0.1832593072415583,0.029210693965716534,0.6646157021364962,0.995201919232307,2.545629895445629,1.0,0.0,-0.05051387816904509,0.6308014408052913,0.2692994711515164,0.16157610155216728,0.004398240703718513,0.20722280816772207,HorizontalScanPath_2,Horizontal,2,evaluation,hybrid previous state | moment-matched | fixed gamma,hybrid previous state,moment-matched,fixed gamma,current-frame truth,current posterior after Y_n
above_camera_ceiling,76,2.563992533748341,1.2435746150788007,-0.9481317011514422,0.8898572320324438,0.8421052631578947,3.3957297030011286,1.0,0.0,1.1038789392841344,3.086182698072544,1.439471010966492,0.5497003189348142,0.14473684210526316,1.0452336549603656,HorizontalScanPath_2,Horizontal,2,evaluation,hybrid previous state | moment-matched | fixed gamma,hybrid previous state,moment-matched,fixed gamma,current-frame truth,current posterior after Y_n
current_top_1pct,26,4.33964153706886,2.9188923556522903,-2.8325727543482695,0.990613035497453,0.5384615384615384,3.7779323607128563,1.0,0.0,3.2700012001082,5.218920311923379,3.3281534078410226,1.898224636247566,0.4230769230769231,2.5224825121661563,HorizontalScanPath_2,Horizontal,2,evaluation,hybrid previous state | moment-matched | fixed gamma,hybrid previous state,moment-matched,fixed gamma,current-frame truth,current posterior after Y_n
overall,2501,0.493121148989088,0.1574037342418138,0.05591528517801848,0.7159318740849122,0.9928028788484606,2.738880521797569,1.0,0.0,-0.07810140489901796,0.6887822247324638,0.2198585367399708,0.08985761374192386,0.006797281087564974,0.2146197006326433,HorizontalScanPath_2,Horizontal,2,evaluation,hybrid previous state | mean-only | development-recalibrated gamma,hybrid previous state,mean-only,development-recalibrated gamma,current-frame truth,current forecast before Y_n
above_camera_ceiling,76,2.582630310152685,1.2385948484182674,-0.9362246424068775,0.715931874084912,0.8026315789473685,2.72561159518856,1.0,0.0,1.3077007412242103,3.6073688064995624,1.7300456834687115,0.6698376184596265,0.18421052631578946,1.0470475115604472,HorizontalScanPath_2,Horizontal,2,evaluation,hybrid previous state | mean-only | development-recalibrated gamma,hybrid previous state,mean-only,development-recalibrated gamma,current-frame truth,current forecast before Y_n
current_top_1pct,26,4.3751813146098835,2.9348691851283357,-2.8449010530155565,0.7159318740849122,0.4230769230769231,2.7427906496095864,1.0,0.0,3.973703582693317,6.111169893367494,4.0993693553309365,2.0470957676020114,0.5384615384615384,2.5614588314037854,HorizontalScanPath_2,Horizontal,2,evaluation,hybrid previous state | mean-only | development-recalibrated gamma,hybrid previous state,mean-only,development-recalibrated gamma,current-frame truth,current forecast before Y_n
overall,2501,0.4980525122850288,0.18335462313949408,0.029436607385146456,0.6576937353011829,0.9916033586565374,2.519285073664434,1.0,0.0,-0.04459423703516283,0.7209572906376812,0.2815830706268596,0.1621094529368115,0.0075969612155137945,0.2077845866845724,HorizontalScanPath_2,Horizontal,2,evaluation,hybrid previous state | mean-only | development-recalibrated gamma,hybrid previous state,mean-only,development-recalibrated gamma,current-frame truth,current posterior after Y_n
above_camera_ceiling,76,2.5738573260758653,1.245416349094002,-0.9420320222558153,0.686773273062383,0.7631578947368421,2.617852955591173,1.0,0.0,1.3510969999405784,3.6542549417907395,1.7912262735979665,0.7150735491903573,0.19736842105263158,1.0544284179537804,HorizontalScanPath_2,Horizontal,2,evaluation,hybrid previous state | mean-only | development-recalibrated gamma,hybrid previous state,mean-only,development-recalibrated gamma,current-frame truth,current posterior after Y_n
current_top_1pct,26,4.356405684663164,2.921251032675433,-2.829856867111641,0.696287084777891,0.34615384615384615,2.655348122856378,1.0,0.0,4.046994278276825,6.17882816859724,4.17679339912001,2.1237557648053285,0.5769230769230769,2.5864405030422004,HorizontalScanPath_2,Horizontal,2,evaluation,hybrid previous state | mean-only | development-recalibrated gamma,hybrid previous state,mean-only,development-recalibrated gamma,current-frame truth,current posterior after Y_n
overall,2501,0.493121148989088,0.1574037342418138,0.05591528517801848,0.7227159706992384,0.9956017592962815,2.764827534677738,1.0,0.0,-0.08391174389489567,0.6018279765349834,0.20851521122016084,0.08938738042236838,0.004398240703718513,0.21415882939455724,HorizontalScanPath_2,Horizontal,2,evaluation,hybrid previous state | moment-matched | development-recalibrated gamma,hybrid previous state,moment-matched,development-recalibrated gamma,current-frame truth,current forecast before Y_n
above_camera_ceiling,76,2.582630310152685,1.2385948484182674,-0.9362246424068775,0.9154405783267606,0.8552631578947368,3.486600787598775,1.0,0.0,1.0732592704576216,3.0762745134160308,1.4000579375335,0.5067277645624236,0.14473684210526316,1.0385871367365602,HorizontalScanPath_2,Horizontal,2,evaluation,hybrid previous state | moment-matched | development-recalibrated gamma,hybrid previous state,moment-matched,development-recalibrated gamma,current-frame truth,current forecast before Y_n
current_top_1pct,26,4.3751813146098835,2.9348691851283357,-2.8449010530155565,1.0068447620954553,0.5769230769230769,3.8685408568206365,1.0,0.0,3.235203514122081,5.21343162647614,3.2955529551760847,1.8282574975505743,0.4230769230769231,2.4993041829278644,HorizontalScanPath_2,Horizontal,2,evaluation,hybrid previous state | moment-matched | development-recalibrated gamma,hybrid previous state,moment-matched,development-recalibrated gamma,current-frame truth,current forecast before Y_n
overall,2501,0.4985301301283387,0.18337641931380672,0.029080696265291018,0.6646157021364962,0.995201919232307,2.545629895445629,1.0,0.0,-0.05035030401094851,0.6335563510145027,0.26944781274484264,0.16157610155216728,0.004398240703718513,0.20734008701176262,HorizontalScanPath_2,Horizontal,2,evaluation,hybrid previous state | moment-matched | development-recalibrated gamma,hybrid previous state,moment-matched,development-recalibrated gamma,current-frame truth,current posterior after Y_n
above_camera_ceiling,76,2.577568881174885,1.2474285268247642,-0.9524096517930766,0.8898572320324438,0.8421052631578947,3.3957297030011286,1.0,0.0,1.1092618204604434,3.104697757879002,1.4443526205047685,0.5497003189348142,0.14473684210526316,1.0490930548149093,HorizontalScanPath_2,Horizontal,2,evaluation,hybrid previous state | moment-matched | development-recalibrated gamma,hybrid previous state,moment-matched,development-recalibrated gamma,current-frame truth,current posterior after Y_n
current_top_1pct,26,4.36323311847633,2.930777385295703,-2.8444577839916816,0.990613035497453,0.5384615384615384,3.7779323607128563,1.0,0.0,3.2850031480756714,5.251091768674037,3.343155355808494,1.898224636247566,0.4230769230769231,2.534237881321497,HorizontalScanPath_2,Horizontal,2,evaluation,hybrid previous state | moment-matched | development-recalibrated gamma,hybrid previous state,moment-matched,development-recalibrated gamma,current-frame truth,current posterior after Y_n
overall,2501,0.5138444388649268,0.14258096998719652,0.0005757232026140975,0.7159318740849122,0.98640543782487,2.738880521797569,1.0,0.0,-0.0008041591992952856,0.717728121159169,0.19915438206943958,0.027319025757381894,0.012395041983206718,0.22343607318066366,HorizontalScanPath_2,Horizontal,2,evaluation,coherent latent previous state | mean-only | fixed gamma,coherent latent previous state,mean-only,fixed gamma,current-frame truth,current forecast before Y_n
above_camera_ceiling,76,2.56726357918039,1.2346226507724263,-0.9148570376433552,0.715931874084912,0.8026315789473685,2.72561159518856,1.0,0.0,1.2778548780394845,3.585904849482792,1.7244973934852292,0.6790350265230225,0.18421052631578946,1.0432996889949826,HorizontalScanPath_2,Horizontal,2,evaluation,coherent latent previous state | mean-only | fixed gamma,coherent latent previous state,mean-only,fixed gamma,current-frame truth,current forecast before Y_n
current_top_1pct,26,4.348920478424159,2.920854322496992,-2.829960222198799,0.7159318740849122,0.4230769230769231,2.7427906496095864,1.0,0.0,3.952834514898487,6.0744892577703,4.079793662253634,2.0124704769615063,0.5384615384615384,2.547332286530704,HorizontalScanPath_2,Horizontal,2,evaluation,coherent latent previous state | mean-only | fixed gamma,coherent latent previous state,mean-only,fixed gamma,current-frame truth,current forecast before Y_n
overall,2501,0.5125556444389525,0.15577820469079098,-0.025866680654499954,0.6576975643961745,0.9852059176329468,2.519607298880163,1.0,0.0,0.03507069188103232,0.7408418097377437,0.2397597289148909,0.07742098582089083,0.013594562175129948,0.2122430966478301,HorizontalScanPath_2,Horizontal,2,evaluation,coherent latent previous state | mean-only | fixed gamma,coherent latent previous state,mean-only,fixed gamma,current-frame truth,current posterior after Y_n
above_camera_ceiling,76,2.5588296663712584,1.2387312584840686,-0.9212905002437656,0.6868254212285334,0.8026315789473685,2.6609042409625343,1.0,0.0,1.321386037929061,3.6334913720732254,1.7819287320804056,0.7019103996817806,0.19736842105263158,1.045997168419241,HorizontalScanPath_2,Horizontal,2,evaluation,coherent latent previous state | mean-only | fixed gamma,coherent latent previous state,mean-only,fixed gamma,current-frame truth,current posterior after Y_n
current_top_1pct,26,4.331446150291802,2.9089518319089245,-2.8170250146718603,0.6962870847779139,0.4230769230769231,2.6986492441937,1.0,0.0,4.029188910565465,6.1443890015186255,4.159744509882739,2.0906324711319053,0.5769230769230769,2.5538443957812476,HorizontalScanPath_2,Horizontal,2,evaluation,coherent latent previous state | mean-only | fixed gamma,coherent latent previous state,mean-only,fixed gamma,current-frame truth,current posterior after Y_n
overall,2501,0.5138444388649268,0.14258096998719652,0.0005757232026140975,2.8078630163396716,0.9956017592962815,10.742899624934523,1.0,0.0,0.007468293325829171,0.544165596044847,0.0925508234973703,0.006219784179895851,0.004398240703718513,0.6923879566164097,HorizontalScanPath_2,Horizontal,2,evaluation,coherent latent previous state | moment-matched | fixed gamma,coherent latent previous state,moment-matched,fixed gamma,current-frame truth,current forecast before Y_n
above_camera_ceiling,76,2.56726357918039,1.2346226507724263,-0.9148570376433552,0.9311402694626247,0.8552631578947368,3.5475752364836612,1.0,0.0,1.0386461356429533,3.0122839503173395,1.3788475346983717,0.4874627288179003,0.14473684210526316,1.036959088078809,HorizontalScanPath_2,Horizontal,2,evaluation,coherent latent previous state | moment-matched | fixed gamma,coherent latent previous state,moment-matched,fixed gamma,current-frame truth,current forecast before Y_n
current_top_1pct,26,4.348920478424159,2.920854322496992,-2.829960222198799,1.0127711209983592,0.5769230769230769,3.8901198292847643,1.0,0.0,3.186943355942115,5.104851826637756,3.2468170466508584,1.8024886941532072,0.4230769230769231,2.484247747980238,HorizontalScanPath_2,Horizontal,2,evaluation,coherent latent previous state | moment-matched | fixed gamma,coherent latent previous state,moment-matched,fixed gamma,current-frame truth,current forecast before Y_n
overall,2501,0.5671033507881018,0.2851202193121605,-0.034068370972751956,2.7014705389252907,0.9948020791683326,10.353910412981987,1.0,0.0,0.023732308662133272,0.565293180361987,0.15242554226268984,0.0753754240608605,0.004398240703718513,0.6780298328499321,HorizontalScanPath_2,Horizontal,2,evaluation,coherent latent previous state | moment-matched | fixed gamma,coherent latent previous state,moment-matched,fixed gamma,current-frame truth,current posterior after Y_n
above_camera_ceiling,76,2.5512195986108153,1.2342922213307528,-0.9044267506676945,0.8948949047732176,0.8421052631578947,3.4187649417784334,1.0,0.0,1.0552336270599842,3.0575079551898505,1.4267406092595791,0.5465210740837292,0.14473684210526316,1.0440129039549733,HorizontalScanPath_2,Horizontal,2,evaluation,coherent latent previous state | moment-matched | fixed gamma,coherent latent previous state,moment-matched,fixed gamma,current-frame truth,current posterior after Y_n
current_top_1pct,26,4.318169513691434,2.896719100000107,-2.7973572562072797,0.9820830187731626,0.5384615384615384,3.7658936503716083,1.0,0.0,3.240035284904557,5.1711918463364075,3.3075682873931025,1.8664776396366005,0.4230769230769231,2.492990286639387,HorizontalScanPath_2,Horizontal,2,evaluation,coherent latent previous state | moment-matched | fixed gamma,coherent latent previous state,moment-matched,fixed gamma,current-frame truth,current posterior after Y_n
overall,2501,0.5167117683671388,0.1427437388828439,0.00039504514160191765,0.7159318740849122,0.98640543782487,2.738880521797569,1.0,0.0,-0.0005517915264030656,0.7217331523723372,0.19938173456140038,0.027319025757381894,0.012395041983206718,0.2235978202522726,HorizontalScanPath_2,Horizontal,2,evaluation,coherent latent previous state | mean-only | development-recalibrated gamma,coherent latent previous state,mean-only,development-recalibrated gamma,current-frame truth,current forecast before Y_n
above_camera_ceiling,76,2.5861328810063093,1.2399790324568218,-0.9208027722564008,0.715931874084912,0.8026315789473685,2.72561159518856,1.0,0.0,1.2861597668540037,3.612261130728179,1.7319790853588335,0.6790350265230225,0.18421052631578946,1.048622444601482,HorizontalScanPath_2,Horizontal,2,evaluation,coherent latent previous state | mean-only | development-recalibrated gamma,coherent latent previous state,mean-only,development-recalibrated gamma,current-frame truth,current forecast before Y_n
current_top_1pct,26,4.3816808805150265,2.937372800162483,-2.84647869986429,0.7159318740849122,0.4230769230769231,2.7427906496095864,1.0,0.0,3.9759072097503605,6.120248363177838,4.102866357105507,2.0124704769615063,0.5384615384615384,2.5636376243208643,HorizontalScanPath_2,Horizontal,2,evaluation,coherent latent previous state | mean-only | development-recalibrated gamma,coherent latent previous state,mean-only,development-recalibrated gamma,current-frame truth,current forecast before Y_n
overall,2501,0.5154263467219924,0.1559409735864383,-0.026047358715512087,0.6576975643961745,0.9852059176329468,2.519607298880163,1.0,0.0,0.03532424898946833,0.7447524080914124,0.2399882053609742,0.07742098582089083,0.013594562175129948,0.21240562334048183,HorizontalScanPath_2,Horizontal,2,evaluation,coherent latent previous state | mean-only | development-recalibrated gamma,coherent latent previous state,mean-only,development-recalibrated gamma,current-frame truth,current posterior after Y_n
above_camera_ceiling,76,2.577735722353887,1.2440876401684628,-0.9272362348568096,0.6868254212285334,0.8026315789473685,2.6609042409625343,1.0,0.0,1.329730068563251,3.6597049082743167,1.7894474109179643,0.7019103996817806,0.19736842105263158,1.0513455797129503,HorizontalScanPath_2,Horizontal,2,evaluation,coherent latent previous state | mean-only | development-recalibrated gamma,coherent latent previous state,mean-only,development-recalibrated gamma,current-frame truth,current posterior after Y_n
current_top_1pct,26,4.364296573604351,2.925470309574411,-2.8335434923373466,0.6962870847779139,0.4230769230769231,2.6986492441937,1.0,0.0,4.052372870562637,6.189981158624657,4.1829284698799105,2.0906324711319053,0.5769230769230769,2.5702141021968874,HorizontalScanPath_2,Horizontal,2,evaluation,coherent latent previous state | mean-only | development-recalibrated gamma,coherent latent previous state,mean-only,development-recalibrated gamma,current-frame truth,current posterior after Y_n
overall,2501,0.5167117683671388,0.1427437388828439,0.00039504514160191765,2.8078630163396716,0.9956017592962815,10.742899624934523,1.0,0.0,0.0076899266214934476,0.5483866063881272,0.09275158627263103,0.006219784179895851,0.004398240703718513,0.6925492660842876,HorizontalScanPath_2,Horizontal,2,evaluation,coherent latent previous state | moment-matched | development-recalibrated gamma,coherent latent previous state,moment-matched,development-recalibrated gamma,current-frame truth,current forecast before Y_n
above_camera_ceiling,76,2.5861328810063093,1.2399790324568218,-0.9208027722564008,0.9311402694626247,0.8552631578947368,3.5475752364836612,1.0,0.0,1.0459396208068525,3.0373697642419093,1.385454214973728,0.4874627288179003,0.14473684210526316,1.0422674430677912,HorizontalScanPath_2,Horizontal,2,evaluation,coherent latent previous state | moment-matched | development-recalibrated gamma,coherent latent previous state,moment-matched,development-recalibrated gamma,current-frame truth,current forecast before Y_n
current_top_1pct,26,4.3816808805150265,2.937372800162483,-2.84647869986429,1.0127711209983592,0.5769230769230769,3.8901198292847643,1.0,0.0,3.207258982353335,5.148352205905795,3.267132673062078,1.8024886941532072,0.4230769230769231,2.500434426148976,HorizontalScanPath_2,Horizontal,2,evaluation,coherent latent previous state | moment-matched | development-recalibrated gamma,coherent latent previous state,moment-matched,development-recalibrated gamma,current-frame truth,current forecast before Y_n
overall,2501,0.5696901133892094,0.28528298820780784,-0.034249049033764065,2.7014705389252907,0.9948020791683326,10.353910412981987,1.0,0.0,0.02395628019263927,0.5694161135231496,0.15262840422184965,0.0753754240608605,0.004398240703718513,0.6781912412161227,HorizontalScanPath_2,Horizontal,2,evaluation,coherent latent previous state | moment-matched | development-recalibrated gamma,coherent latent previous state,moment-matched,development-recalibrated gamma,current-frame truth,current posterior after Y_n
above_camera_ceiling,76,2.5701149552575893,1.2396486030151461,-0.9103724852807378,0.8948949047732176,0.8421052631578947,3.4187649417784334,1.0,0.0,1.062604058609925,3.0825815327724335,1.4334163692577202,0.5465210740837292,0.14473684210526316,1.0493245134792175,HorizontalScanPath_2,Horizontal,2,evaluation,coherent latent previous state | moment-matched | development-recalibrated gamma,coherent latent previous state,moment-matched,development-recalibrated gamma,current-frame truth,current posterior after Y_n
current_top_1pct,26,4.351015932343098,2.913237577665591,-2.813875733872764,0.9820830187731626,0.5384615384615384,3.7658936503716083,1.0,0.0,3.260564334090215,5.214773863072455,3.3280973365787614,1.8664776396366005,0.4230769230769231,2.5092483355598767,HorizontalScanPath_2,Horizontal,2,evaluation,coherent latent previous state | moment-matched | development-recalibrated gamma,coherent latent previous state,moment-matched,development-recalibrated gamma,current-frame truth,current posterior after Y_n
overall,2501,0.5573240458742486,0.024366411848953596,0.022304620491362285,0.7159318740849122,0.998000799680128,2.738880521797569,1.0,0.0,-0.03115466889900878,0.7784596077477445,0.03403453978089492,8.484428649161093e-06,0.001999200319872051,0.1860353161557216,HorizontalScanPath_2,Horizontal,2,evaluation,strict oracle | exact previous state | fixed gamma,true previous state,exact state; innovation only,fixed gamma,current-frame truth,current forecast before Y_n
above_camera_ceiling,76,3.1969421676040652,0.7542117031981571,0.7525576765953259,0.715931874084912,0.9342105263157895,2.72561159518856,1.0,0.0,-1.0511582230602987,4.465427903584155,1.0534685359024885,0.10305263321625485,0.06578947368421052,0.7896753864393966,HorizontalScanPath_2,Horizontal,2,evaluation,strict oracle | exact previous state | fixed gamma,true previous state,exact state; innovation only,fixed gamma,current-frame truth,current forecast before Y_n
current_top_1pct,26,5.460614676413809,2.0659219077481428,2.0659219077481428,0.7159318740849122,0.8076923076923077,2.7427906496095864,1.0,0.0,-2.8856403556396435,7.627282530748393,2.8856403556396435,0.25035509129232375,0.19230769230769232,1.9607314018897453,HorizontalScanPath_2,Horizontal,2,evaluation,strict oracle | exact previous state | fixed gamma,true previous state,exact state; innovation only,fixed gamma,current-frame truth,current forecast before Y_n
overall,2501,0.5639764553435099,0.07785453137207402,0.018201566632714286,0.657741565823324,0.998000799680128,2.518866130187792,1.0,0.0,-0.024102026861067317,0.7966543639693064,0.12463984606428825,0.051972126573185534,0.001999200319872051,0.17796874075836674,HorizontalScanPath_2,Horizontal,2,evaluation,strict oracle | exact previous state | fixed gamma,true previous state,exact state; innovation only,fixed gamma,current-frame truth,current posterior after Y_n
above_camera_ceiling,76,3.2006432546644628,0.7735423379833787,0.7698770233338749,0.687420999265778,0.9342105263157895,2.6276373012674257,1.0,0.0,-1.0886802938287663,4.487074702066065,1.0942687316711968,0.1286868541031767,0.06578947368421052,0.7928594662384891,HorizontalScanPath_2,Horizontal,2,evaluation,strict oracle | exact previous state | fixed gamma,true previous state,exact state; innovation only,fixed gamma,current-frame truth,current posterior after Y_n
current_top_1pct,26,5.465485967612151,2.083348634971276,2.083348634971276,0.6962870847781814,0.8076923076923077,2.6744136758394594,1.0,0.0,-2.934454306997909,7.66135897840062,2.934454306997909,0.32436623265895764,0.19230769230769232,1.9713687111493052,HorizontalScanPath_2,Horizontal,2,evaluation,strict oracle | exact previous state | fixed gamma,true previous state,exact state; innovation only,fixed gamma,current-frame truth,current posterior after Y_n
overall,2501,0.4111172256782164,0.018904743004705377,0.016842951647114066,0.7159318740849122,0.9984006397441023,2.738880521797569,1.0,0.0,-0.023525913926715922,0.5742407071953559,0.026405784808602062,8.484428649161093e-06,0.001599360255897641,0.18079031438515764,HorizontalScanPath_2,Horizontal,2,evaluation,recalibrated oracle | exact previous state | development-recalibrated gamma,true previous state,exact state; innovation only,development-recalibrated gamma,current-frame truth,current forecast before Y_n
above_camera_ceiling,76,2.3581604981950113,0.5744796797841466,0.5728256531813154,0.715931874084912,0.9473684210526315,2.72561159518856,1.0,0.0,-0.8001119574589245,3.293833650316462,0.8024222703011142,0.10305263321625485,0.05263157894736842,0.6170734202791264,HorizontalScanPath_2,Horizontal,2,evaluation,recalibrated oracle | exact previous state | development-recalibrated gamma,true previous state,exact state; innovation only,development-recalibrated gamma,current-frame truth,current forecast before Y_n
current_top_1pct,26,4.029937753614293,1.5665892587557004,1.5665892587557004,0.7159318740849122,0.8461538461538461,2.7427906496095864,1.0,0.0,-2.1881820260595033,5.62894026581128,2.1881820260595033,0.25035509129232375,0.15384615384615385,1.4746174382798012,HorizontalScanPath_2,Horizontal,2,evaluation,recalibrated oracle | exact previous state | development-recalibrated gamma,true previous state,exact state; innovation only,development-recalibrated gamma,current-frame truth,current forecast before Y_n
overall,2501,0.4199562938818683,0.07239286252782579,0.012739897788466042,0.657741565823324,0.9984006397441023,2.518866130187792,1.0,0.0,-0.016437316759437437,0.5969799374389912,0.11697513596265839,0.051972126573185534,0.001599360255897641,0.17270891979302488,HorizontalScanPath_2,Horizontal,2,evaluation,recalibrated oracle | exact previous state | development-recalibrated gamma,true previous state,exact state; innovation only,development-recalibrated gamma,current-frame truth,current posterior after Y_n
above_camera_ceiling,76,2.3623856720744256,0.5938103145693674,0.5901449999198636,0.687420999265778,0.9473684210526315,2.6276373012674257,1.0,0.0,-0.83645082061592,3.3130735751266593,0.8420392584583506,0.1286868541031767,0.05263157894736842,0.6197698315763839,HorizontalScanPath_2,Horizontal,2,evaluation,recalibrated oracle | exact previous state | development-recalibrated gamma,true previous state,exact state; innovation only,development-recalibrated gamma,current-frame truth,current posterior after Y_n
current_top_1pct,26,4.035278363223311,1.5840159859788316,1.5840159859788316,0.6962870847781814,0.8461538461538461,2.6744136758394594,1.0,0.0,-2.233632573061103,5.658000835827682,2.233632573061103,0.32436623265895764,0.15384615384615385,1.4848993187290331,HorizontalScanPath_2,Horizontal,2,evaluation,recalibrated oracle | exact previous state | development-recalibrated gamma,true previous state,exact state; innovation only,development-recalibrated gamma,current-frame truth,current posterior after Y_n
overall,2501,0.5001508862499805,0.15396205834070514,0.0372990595666259,0.7159318740849122,0.991203518592563,2.7333568034745133,1.0,0.0,-0.05209861568784139,0.6986012277903703,0.21505126942070563,0.0768191578833916,0.0075969612155137945,0.21651152003944396,HorizontalScanPath_3,Horizontal,3,evaluation,hybrid previous state | mean-only | fixed gamma,hybrid previous state,mean-only,fixed gamma,current-frame truth,current forecast before Y_n
above_camera_ceiling,76,2.669553499436322,1.411641616009069,-1.1633838937897123,0.715931874084912,0.7105263157894737,2.720512433153213,1.0,0.0,1.624992455150461,3.7287814610132908,1.9717541111204147,0.7863456301592747,0.25,1.1940809843487914,HorizontalScanPath_3,Horizontal,3,evaluation,hybrid previous state | mean-only | fixed gamma,hybrid previous state,mean-only,fixed gamma,current-frame truth,current forecast before Y_n
current_top_1pct,26,4.505805023443964,3.2784909805960467,-3.2784909805960467,0.7159318740849122,0.23076923076923078,2.703751548170153,1.0,0.0,4.579333731699736,6.293622600897859,4.579333731699736,2.69291050352246,0.7307692307692307,2.9001123073354744,HorizontalScanPath_3,Horizontal,3,evaluation,hybrid previous state | mean-only | fixed gamma,hybrid previous state,mean-only,fixed gamma,current-frame truth,current forecast before Y_n
overall,2501,0.5092827435849147,0.18449034579431137,0.018498200344534418,0.6575144304628701,0.9916033586565374,2.516929772717108,1.0,0.0,-0.03146280625206801,0.7377236632195355,0.2849877171614824,0.15864148316502605,0.007996801279488205,0.2096516270720166,HorizontalScanPath_3,Horizontal,3,evaluation,hybrid previous state | mean-only | fixed gamma,hybrid previous state,mean-only,fixed gamma,current-frame truth,current posterior after Y_n
above_camera_ceiling,76,2.689081445175763,1.4191384307236945,-1.1818289031836084,0.6883926991761006,0.7236842105263158,2.608362771562991,1.0,0.0,1.6912367890440283,3.819613812751709,2.042475292842962,0.7778119222069418,0.2631578947368421,1.205394642891999,HorizontalScanPath_3,Horizontal,3,evaluation,hybrid previous state | mean-only | fixed gamma,hybrid previous state,mean-only,fixed gamma,current-frame truth,current posterior after Y_n
current_top_1pct,26,4.5424739677309,3.3204681961314075,-3.3204681961314075,0.6962870847768643,0.23076923076923078,2.6404724497519068,1.0,0.0,4.748233092127093,6.444256075280612,4.748233092127093,3.0030489410879353,0.7307692307692307,2.949329153773498,HorizontalScanPath_3,Horizontal,3,evaluation,hybrid previous state | mean-only | fixed gamma,hybrid previous state,mean-only,fixed gamma,current-frame truth,current posterior after Y_n
overall,2501,0.5001508862499805,0.15396205834070514,0.0372990595666259,0.7193982164721331,0.9924030387844862,2.7464283516322423,1.0,0.0,-0.0579031838743012,0.6062012526272654,0.20730699087235302,0.0768191578833916,0.0075969612155137945,0.21635369980547986,HorizontalScanPath_3,Horizontal,3,evaluation,hybrid previous state | moment-matched | fixed gamma,hybrid previous state,moment-matched,fixed gamma,current-frame truth,current forecast before Y_n
above_camera_ceiling,76,2.669553499436322,1.411641616009069,-1.1633838937897123,0.8191345650383612,0.75,3.1100389274014084,1.0,0.0,1.422501593706858,3.1558030002536093,1.728459304871229,0.6344897952608701,0.25,1.1890333966618403,HorizontalScanPath_3,Horizontal,3,evaluation,hybrid previous state | moment-matched | fixed gamma,hybrid previous state,moment-matched,fixed gamma,current-frame truth,current forecast before Y_n
current_top_1pct,26,4.505805023443964,3.2784909805960467,-3.2784909805960467,0.814792118877792,0.2692307692307692,3.0788848183689024,1.0,0.0,3.992403578399592,5.317168865213078,3.992403578399592,2.5234867623154495,0.7307692307692307,2.860998040804154,HorizontalScanPath_3,Horizontal,3,evaluation,hybrid previous state | moment-matched | fixed gamma,hybrid previous state,moment-matched,fixed gamma,current-frame truth,current forecast before Y_n
overall,2501,0.5093180130774163,0.18449643502514265,0.01847133034754368,0.6610659300400248,0.9924030387844862,2.53042224465625,1.0,0.0,-0.03755293970479398,0.6456179531922711,0.27666727006000424,0.1584487466717833,0.0075969612155137945,0.20946597803079528,HorizontalScanPath_3,Horizontal,3,evaluation,hybrid previous state | moment-matched | fixed gamma,hybrid previous state,moment-matched,fixed gamma,current-frame truth,current posterior after Y_n
above_camera_ceiling,76,2.6893164387636475,1.4193976459699693,-1.1826574913297874,0.7941771231964875,0.75,3.0091808295657994,1.0,0.0,1.4771671932426702,3.229037539495571,1.7824426051825,0.6726281278920937,0.25,1.1997485968409656,HorizontalScanPath_3,Horizontal,3,evaluation,hybrid previous state | moment-matched | fixed gamma,hybrid previous state,moment-matched,fixed gamma,current-frame truth,current posterior after Y_n
current_top_1pct,26,4.5428512054459995,3.321191398479757,-3.321191398479757,0.7969490082220891,0.3076923076923077,3.0248809694652086,1.0,0.0,4.126866497648792,5.439618874640203,4.126866497648792,2.7827667526883415,0.7307692307692307,2.909889457668176,HorizontalScanPath_3,Horizontal,3,evaluation,hybrid previous state | moment-matched | fixed gamma,hybrid previous state,moment-matched,fixed gamma,current-frame truth,current posterior after Y_n
overall,2501,0.5023558398540998,0.154069446600586,0.03716290386270074,0.7159318740849122,0.991203518592563,2.7333568034745133,1.0,0.0,-0.0519084359949772,0.7016810649703222,0.21520126729587788,0.0768191578833916,0.0075969612155137945,0.216626447187221,HorizontalScanPath_3,Horizontal,3,evaluation,hybrid previous state | mean-only | development-recalibrated gamma,hybrid previous state,mean-only,development-recalibrated gamma,current-frame truth,current forecast before Y_n
above_camera_ceiling,76,2.683143335056503,1.4151755375612007,-1.1678644913623022,0.715931874084912,0.7105263157894737,2.720512433153213,1.0,0.0,1.6312508684643212,3.7477634844600747,1.9766902254073344,0.7863456301592747,0.25,1.1978629948302442,HorizontalScanPath_3,Horizontal,3,evaluation,hybrid previous state | mean-only | development-recalibrated gamma,hybrid previous state,mean-only,development-recalibrated gamma,current-frame truth,current forecast before Y_n
current_top_1pct,26,4.5294523888663685,3.290204508547563,-3.290204508547563,0.7159318740849122,0.23076923076923078,2.703751548170153,1.0,0.0,4.59569496434703,6.326652790331219,4.59569496434703,2.69291050352246,0.7307692307692307,2.9117354097965253,HorizontalScanPath_3,Horizontal,3,evaluation,hybrid previous state | mean-only | development-recalibrated gamma,hybrid previous state,mean-only,development-recalibrated gamma,current-frame truth,current forecast before Y_n
overall,2501,0.5114580198523049,0.18459773405419216,0.018362044640609212,0.6575144304628701,0.9916033586565374,2.516929772717108,1.0,0.0,-0.03127169867684682,0.7406775832446456,0.28513830705164883,0.15864148316502605,0.007996801279488205,0.20976777363025503,HorizontalScanPath_3,Horizontal,3,evaluation,hybrid previous state | mean-only | development-recalibrated gamma,hybrid previous state,mean-only,development-recalibrated gamma,current-frame truth,current posterior after Y_n
above_camera_ceiling,76,2.702633434837571,1.422672352275825,-1.1863095007561997,0.6883926991761006,0.7236842105263158,2.608362771562991,1.0,0.0,1.6975257370128205,3.8383800041361673,2.0474308890969906,0.7778119222069418,0.2631578947368421,1.2092167816045551,HorizontalScanPath_3,Horizontal,3,evaluation,hybrid previous state | mean-only | development-recalibrated gamma,hybrid previous state,mean-only,development-recalibrated gamma,current-frame truth,current posterior after Y_n
current_top_1pct,26,4.5660261886208175,3.3321817240829237,-3.3321817240829237,0.6962870847768643,0.23076923076923078,2.6404724497519068,1.0,0.0,4.764667425991215,6.476911186673144,4.764667425991215,3.0030489410879353,0.7307692307692307,2.960998890498284,HorizontalScanPath_3,Horizontal,3,evaluation,hybrid previous state | mean-only | development-recalibrated gamma,hybrid previous state,mean-only,development-recalibrated gamma,current-frame truth,current posterior after Y_n
overall,2501,0.5023558398540998,0.154069446600586,0.03716290386270074,0.7193982164721331,0.9924030387844862,2.7464283516322423,1.0,0.0,-0.05774672361617799,0.6085149630014266,0.20742878183063895,0.0768191578833916,0.0075969612155137945,0.21646906349316336,HorizontalScanPath_3,Horizontal,3,evaluation,hybrid previous state | moment-matched | development-recalibrated gamma,hybrid previous state,moment-matched,development-recalibrated gamma,current-frame truth,current forecast before Y_n
above_camera_ceiling,76,2.683143335056503,1.4151755375612007,-1.1678644913623022,0.8191345650383612,0.75,3.1100389274014084,1.0,0.0,1.4276503714116757,3.170422726427922,1.7324671889064023,0.6344897952608701,0.25,1.1928297727525823,HorizontalScanPath_3,Horizontal,3,evaluation,hybrid previous state | moment-matched | development-recalibrated gamma,hybrid previous state,moment-matched,development-recalibrated gamma,current-frame truth,current forecast before Y_n
current_top_1pct,26,4.5294523888663685,3.290204508547563,-3.290204508547563,0.814792118877792,0.2692307692307692,3.0788848183689024,1.0,0.0,4.005786391711887,5.342670513042298,4.005786391711887,2.5234867623154495,0.7307692307692307,2.8725639967146646,HorizontalScanPath_3,Horizontal,3,evaluation,hybrid previous state | moment-matched | development-recalibrated gamma,hybrid previous state,moment-matched,development-recalibrated gamma,current-frame truth,current forecast before Y_n
overall,2501,0.5114932630210001,0.18460382328502356,0.018335174643618567,0.6610659300400248,0.9924030387844862,2.53042224465625,1.0,0.0,-0.03739595037608563,0.647813136897569,0.2767893789818235,0.1584487466717833,0.0075969612155137945,0.20958222795961667,HorizontalScanPath_3,Horizontal,3,evaluation,hybrid previous state | moment-matched | development-recalibrated gamma,hybrid previous state,moment-matched,development-recalibrated gamma,current-frame truth,current posterior after Y_n
above_camera_ceiling,76,2.7028680203425166,1.4229315675221026,-1.1871380889023755,0.7941771231964875,0.75,3.0091808295657994,1.0,0.0,1.4823333815466118,3.2434733600581462,1.7864609527281563,0.6726281278920937,0.25,1.2035741372617859,HorizontalScanPath_3,Horizontal,3,evaluation,hybrid previous state | moment-matched | development-recalibrated gamma,hybrid previous state,moment-matched,development-recalibrated gamma,current-frame truth,current posterior after Y_n
current_top_1pct,26,4.566402677054121,3.332904926431273,-3.332904926431273,0.7969490082220891,0.3076923076923077,3.0248809694652086,1.0,0.0,4.140290050044358,5.464792548699879,4.140290050044358,2.7827667526883415,0.7307692307692307,2.921487891398738,HorizontalScanPath_3,Horizontal,3,evaluation,hybrid previous state | moment-matched | development-recalibrated gamma,hybrid previous state,moment-matched,development-recalibrated gamma,current-frame truth,current posterior after Y_n
overall,2501,0.5164677693022482,0.15505468810100143,-0.025384920348743848,0.7159318740849122,0.9900039984006398,2.7333568034745133,1.0,0.0,0.03545717304623471,0.7213923391277774,0.2165774338503769,0.050323697997505794,0.008396641343462616,0.2239555800710671,HorizontalScanPath_3,Horizontal,3,evaluation,coherent latent previous state | mean-only | fixed gamma,coherent latent previous state,mean-only,fixed gamma,current-frame truth,current forecast before Y_n
above_camera_ceiling,76,2.669506427423281,1.4133414498951806,-1.1139720804132158,0.715931874084912,0.7105263157894737,2.720512433153213,1.0,0.0,1.5559749757434247,3.7287157117224083,1.9741284067030562,0.8016010492809453,0.25,1.1975101073265624,HorizontalScanPath_3,Horizontal,3,evaluation,coherent latent previous state | mean-only | fixed gamma,coherent latent previous state,mean-only,fixed gamma,current-frame truth,current forecast before Y_n
current_top_1pct,26,4.504199397091954,3.2797337977989924,-3.2797337977989924,0.7159318740849122,0.23076923076923078,2.703751548170153,1.0,0.0,4.581069675087555,6.291379892603774,4.581069675087555,2.694108119118952,0.7307692307692307,2.900871804358384,HorizontalScanPath_3,Horizontal,3,evaluation,coherent latent previous state | mean-only | fixed gamma,coherent latent previous state,mean-only,fixed gamma,current-frame truth,current forecast before Y_n
overall,2501,0.5149628541147492,0.15839109925255054,-0.04411051698158602,0.6575144304628701,0.9904038384646141,2.516929772717108,1.0,0.0,0.05885445974866188,0.742559105647547,0.24410677514455834,0.08744674141911557,0.009596161535385846,0.2104343920438056,HorizontalScanPath_3,Horizontal,3,evaluation,coherent latent previous state | mean-only | fixed gamma,coherent latent previous state,mean-only,fixed gamma,current-frame truth,current posterior after Y_n
above_camera_ceiling,76,2.6899949751446455,1.421044599819566,-1.1341681148965954,0.6883926991761006,0.7236842105263158,2.608362771562991,1.0,0.0,1.6197271347099491,3.8215915596866155,2.046504235749046,0.8497790719750264,0.27631578947368424,1.209271695405654,HorizontalScanPath_3,Horizontal,3,evaluation,coherent latent previous state | mean-only | fixed gamma,coherent latent previous state,mean-only,fixed gamma,current-frame truth,current posterior after Y_n
current_top_1pct,26,4.542405763999935,3.323739035450982,-3.323739035450982,0.6962870847768643,0.23076923076923078,2.6404724497519068,1.0,0.0,4.7533156397181715,6.444640308643259,4.7533156397181715,2.9926372369979117,0.7692307692307693,2.952190297892792,HorizontalScanPath_3,Horizontal,3,evaluation,coherent latent previous state | mean-only | fixed gamma,coherent latent previous state,mean-only,fixed gamma,current-frame truth,current posterior after Y_n
overall,2501,0.5164677693022482,0.15505468810100143,-0.025384920348743848,2.7751327972872,0.9920031987205118,10.596434376992379,1.0,0.0,0.022870326730710638,0.5612361079617442,0.10707728248271191,0.012214286549826227,0.007197121151539384,0.6871017189808354,HorizontalScanPath_3,Horizontal,3,evaluation,coherent latent previous state | moment-matched | fixed gamma,coherent latent previous state,moment-matched,fixed gamma,current-frame truth,current forecast before Y_n
above_camera_ceiling,76,2.669506427423281,1.4133414498951806,-1.1139720804132158,0.8576243484395032,0.7368421052631579,3.2631920165364976,1.0,0.0,1.356128729517539,3.1316494726268216,1.7091984748198241,0.6649691608770905,0.23684210526315788,1.1981324580451247,HorizontalScanPath_3,Horizontal,3,evaluation,coherent latent previous state | moment-matched | fixed gamma,coherent latent previous state,moment-matched,fixed gamma,current-frame truth,current forecast before Y_n
current_top_1pct,26,4.504199397091954,3.2797337977989924,-3.2797337977989924,0.818101070473566,0.23076923076923078,3.0917308484924493,1.0,0.0,3.9705130926583556,5.277146682996277,3.9705130926583556,2.49329373873457,0.6923076923076923,2.859805897375387,HorizontalScanPath_3,Horizontal,3,evaluation,coherent latent previous state | moment-matched | fixed gamma,coherent latent previous state,moment-matched,fixed gamma,current-frame truth,current forecast before Y_n
overall,2501,0.5717389541289293,0.28006460890153595,-0.049337694477832844,2.6525703424247196,0.9920031987205118,10.155302484595145,1.0,0.0,0.03688723791672002,0.595778940767535,0.16211998751862833,0.07303292646196499,0.0075969612155137945,0.6687327083353725,HorizontalScanPath_3,Horizontal,3,evaluation,coherent latent previous state | moment-matched | fixed gamma,coherent latent previous state,moment-matched,fixed gamma,current-frame truth,current posterior after Y_n
above_camera_ceiling,76,2.7189136482784977,1.4384955736454625,-1.2015540879907889,0.8273570918367991,0.7368421052631579,3.1424841209122207,1.0,0.0,1.4960549855564544,3.267184170852365,1.7941569449440509,0.6596429324165997,0.25,1.2272233860842932,HorizontalScanPath_3,Horizontal,3,evaluation,coherent latent previous state | moment-matched | fixed gamma,coherent latent previous state,moment-matched,fixed gamma,current-frame truth,current posterior after Y_n
current_top_1pct,26,4.592247074658961,3.381570145350349,-3.381570145350349,0.7955136306897652,0.2692307692307692,3.0193567098212473,1.0,0.0,4.202296010116386,5.506204998249653,4.202296010116386,2.830389853612208,0.7307692307692307,2.9625208826932194,HorizontalScanPath_3,Horizontal,3,evaluation,coherent latent previous state | moment-matched | fixed gamma,coherent latent previous state,moment-matched,fixed gamma,current-frame truth,current posterior after Y_n
overall,2501,0.5194397582910778,0.15520394229940063,-0.025574157146782787,0.7159318740849122,0.9900039984006398,2.7333568034745133,1.0,0.0,0.035721495399923475,0.725543556717619,0.21678590927073718,0.050323697997505794,0.008396641343462616,0.22411606186028693,HorizontalScanPath_3,Horizontal,3,evaluation,coherent latent previous state | mean-only | development-recalibrated gamma,coherent latent previous state,mean-only,development-recalibrated gamma,current-frame truth,current forecast before Y_n
above_camera_ceiling,76,2.688415572657889,1.418253091345133,-1.1201994650434184,0.715931874084912,0.7105263157894737,2.720512433153213,1.0,0.0,1.5646732679352093,3.7551276454818554,1.9809888938914917,0.8016010492809453,0.25,1.202791225153388,HorizontalScanPath_3,Horizontal,3,evaluation,coherent latent previous state | mean-only | development-recalibrated gamma,coherent latent previous state,mean-only,development-recalibrated gamma,current-frame truth,current forecast before Y_n
current_top_1pct,26,4.537112399114996,3.2960139128392187,-3.2960139128392187,0.7159318740849122,0.23076923076923078,2.703751548170153,1.0,0.0,4.603809429566338,6.3373521466888585,4.603809429566338,2.694108119118952,0.7307692307692307,2.917052383437272,HorizontalScanPath_3,Horizontal,3,evaluation,coherent latent previous state | mean-only | development-recalibrated gamma,coherent latent previous state,mean-only,development-recalibrated gamma,current-frame truth,current forecast before Y_n
overall,2501,0.5179570354943104,0.15854035345094983,-0.04429975377962499,0.6575144304628701,0.9904038384646141,2.516929772717108,1.0,0.0,0.05912007172504822,0.7466437448847872,0.24431607338040623,0.08744674141911557,0.009596161535385846,0.2105961181996694,HorizontalScanPath_3,Horizontal,3,evaluation,coherent latent previous state | mean-only | development-recalibrated gamma,coherent latent previous state,mean-only,development-recalibrated gamma,current-frame truth,current posterior after Y_n
above_camera_ceiling,76,2.7088464041540585,1.425956241269522,-1.1403954995267984,0.6883926991761006,0.7236842105263158,2.608362771562991,1.0,0.0,1.6284678656697154,3.8476923015010223,2.0533918000629354,0.8497790719750264,0.27631578947368424,1.214593762719014,HorizontalScanPath_3,Horizontal,3,evaluation,coherent latent previous state | mean-only | development-recalibrated gamma,coherent latent previous state,mean-only,development-recalibrated gamma,current-frame truth,current posterior after Y_n
current_top_1pct,26,4.575178063852827,3.340019150491215,-3.340019150491215,0.6962870847768643,0.23076923076923078,2.6404724497519068,1.0,0.0,4.776156994348898,6.490076665732516,4.776156994348898,2.9926372369979117,0.7692307692307693,2.96840954944152,HorizontalScanPath_3,Horizontal,3,evaluation,coherent latent previous state | mean-only | development-recalibrated gamma,coherent latent previous state,mean-only,development-recalibrated gamma,current-frame truth,current posterior after Y_n
overall,2501,0.5194397582910778,0.15520394229940063,-0.025574157146782787,2.7751327972872,0.9920031987205118,10.596434376992379,1.0,0.0,0.023083250840604346,0.5645836494831361,0.10724376367702038,0.012214286549826227,0.0075969612155137945,0.6872623381898247,HorizontalScanPath_3,Horizontal,3,evaluation,coherent latent previous state | moment-matched | development-recalibrated gamma,coherent latent previous state,moment-matched,development-recalibrated gamma,current-frame truth,current forecast before Y_n
above_camera_ceiling,76,2.688415572657889,1.418253091345133,-1.1201994650434184,0.8576243484395032,0.7368421052631579,3.2631920165364976,1.0,0.0,1.363135613712857,3.151388477535697,1.7146770204377906,0.6649691608770905,0.25,1.2034180980672622,HorizontalScanPath_3,Horizontal,3,evaluation,coherent latent previous state | moment-matched | development-recalibrated gamma,coherent latent previous state,moment-matched,development-recalibrated gamma,current-frame truth,current forecast before Y_n
current_top_1pct,26,4.537112399114996,3.2960139128392187,-3.2960139128392187,0.818101070473566,0.23076923076923078,3.0917308484924493,1.0,0.0,3.9887610285393102,5.311566568840828,3.9887610285393102,2.49329373873457,0.7307692307692307,2.8759110563397368,HorizontalScanPath_3,Horizontal,3,evaluation,coherent latent previous state | moment-matched | development-recalibrated gamma,coherent latent previous state,moment-matched,development-recalibrated gamma,current-frame truth,current forecast before Y_n
overall,2501,0.5744703712330748,0.280213863099935,-0.049526931275871856,2.6525703424247196,0.9920031987205118,10.155302484595145,1.0,0.0,0.037103488390289055,0.5990898239098519,0.16228907647542723,0.07303292646196499,0.0075969612155137945,0.6688966308973249,HorizontalScanPath_3,Horizontal,3,evaluation,coherent latent previous state | moment-matched | development-recalibrated gamma,coherent latent previous state,moment-matched,development-recalibrated gamma,current-frame truth,current posterior after Y_n
above_camera_ceiling,76,2.7377944893336306,1.4434072150954111,-1.2077814726209937,0.8273570918367991,0.7368421052631579,3.1424841209122207,1.0,0.0,1.5031713333774566,3.287047059197635,1.7997213065355508,0.6596429324165997,0.25,1.2326177324980159,HorizontalScanPath_3,Horizontal,3,evaluation,coherent latent previous state | moment-matched | development-recalibrated gamma,coherent latent previous state,moment-matched,development-recalibrated gamma,current-frame truth,current posterior after Y_n
current_top_1pct,26,4.625020551509397,3.3978502603905727,-3.3978502603905727,0.7955136306897652,0.2692307692307692,3.0193567098212473,1.0,0.0,4.220829354642351,5.54077139400861,4.220829354642351,2.830389853612208,0.7307692307692307,2.978705871489674,HorizontalScanPath_3,Horizontal,3,evaluation,coherent latent previous state | moment-matched | development-recalibrated gamma,coherent latent previous state,moment-matched,development-recalibrated gamma,current-frame truth,current posterior after Y_n
overall,2501,0.5990120313230358,0.025083339103617753,0.023095928261974697,0.7159318740849122,0.998000799680128,2.7333568034745133,1.0,0.0,-0.03225995251502859,0.8366885914790138,0.03503593010952153,7.77964339961339e-06,0.001999200319872051,0.18645435851921086,HorizontalScanPath_3,Horizontal,3,evaluation,strict oracle | exact previous state | fixed gamma,true previous state,exact state; innovation only,fixed gamma,current-frame truth,current forecast before Y_n
above_camera_ceiling,76,3.436083907709405,0.7792534297453895,0.7787429050925926,0.715931874084912,0.9342105263157895,2.720512433153213,1.0,0.0,-1.0877332512789213,4.799456529437705,1.088446342386157,0.10028375980512372,0.06578947368421052,0.8130032837030062,HorizontalScanPath_3,Horizontal,3,evaluation,strict oracle | exact previous state | fixed gamma,true previous state,exact state; innovation only,fixed gamma,current-frame truth,current forecast before Y_n
current_top_1pct,26,5.862130150404758,2.089484437045172,2.089484437045172,0.7159318740849122,0.8461538461538461,2.703751548170153,1.0,0.0,-2.9185520475895887,8.188111694143522,2.9185520475895887,0.23910020302646778,0.15384615384615385,1.9929960903841357,HorizontalScanPath_3,Horizontal,3,evaluation,strict oracle | exact previous state | fixed gamma,true previous state,exact state; innovation only,fixed gamma,current-frame truth,current forecast before Y_n
overall,2501,0.6040586897467894,0.08041482136822002,0.031601250316715665,0.6575144304628701,0.998000799680128,2.516929772717108,1.0,0.0,-0.04618641178008407,0.8529319971678185,0.1290584258803736,0.05452140758939907,0.001999200319872051,0.17844230301741495,HorizontalScanPath_3,Horizontal,3,evaluation,strict oracle | exact previous state | fixed gamma,true previous state,exact state; innovation only,fixed gamma,current-frame truth,current posterior after Y_n
above_camera_ceiling,76,3.4292015135347715,0.7781111862291905,0.7691327508919152,0.6883926991761006,0.9342105263157895,2.608362771562991,1.0,0.0,-1.081156263054743,4.8050343172145284,1.0959593250229753,0.09557574156556856,0.06578947368421052,0.7991725768465144,HorizontalScanPath_3,Horizontal,3,evaluation,strict oracle | exact previous state | fixed gamma,true previous state,exact state; innovation only,fixed gamma,current-frame truth,current posterior after Y_n
current_top_1pct,26,5.8505681520407045,2.0746340100695155,2.052898129518227,0.6962870847768643,0.8461538461538461,2.6404724497519068,1.0,0.0,-2.881671266732131,8.197745597451178,2.9174493464983438,0.24798267465473572,0.15384615384615385,1.9726550914022996,HorizontalScanPath_3,Horizontal,3,evaluation,strict oracle | exact previous state | fixed gamma,true previous state,exact state; innovation only,fixed gamma,current-frame truth,current posterior after Y_n
overall,2501,0.44497000494446937,0.019362950483966624,0.017375539642323568,0.7159318740849122,0.9984006397441023,2.7333568034745133,1.0,0.0,-0.024269822690228152,0.6215256242267742,0.027045800284721096,7.77964339961339e-06,0.001599360255897641,0.18101614692604442,HorizontalScanPath_3,Horizontal,3,evaluation,recalibrated oracle | exact previous state | development-recalibrated gamma,true previous state,exact state; innovation only,development-recalibrated gamma,current-frame truth,current forecast before Y_n
above_camera_ceiling,76,2.5523558033146037,0.5910074831960807,0.5904969585432838,0.715931874084912,0.9473684210526315,2.720512433153213,1.0,0.0,-0.8247949000706855,3.565081952213633,0.8255079911779216,0.10028375980512372,0.05263157894736842,0.634043189038411,HorizontalScanPath_3,Horizontal,3,evaluation,recalibrated oracle | exact previous state | development-recalibrated gamma,true previous state,exact state; innovation only,development-recalibrated gamma,current-frame truth,current forecast before Y_n
current_top_1pct,26,4.360010484564846,1.5973571881812194,1.5973571881812194,0.7159318740849122,0.8461538461538461,2.703751548170153,1.0,0.0,-2.231158083613647,6.089979567033123,2.231158083613647,0.23910020302646778,0.15384615384615385,1.5154206671285633,HorizontalScanPath_3,Horizontal,3,evaluation,recalibrated oracle | exact previous state | development-recalibrated gamma,true previous state,exact state; innovation only,development-recalibrated gamma,current-frame truth,current forecast before Y_n
overall,2501,0.45214148272350274,0.07469443274856885,0.025880861697064494,0.6575144304628701,0.9984006397441023,2.516929772717108,1.0,0.0,-0.03815729829523921,0.642308439040423,0.12102931239552872,0.05452140758939907,0.001599360255897641,0.17305545841703618,HorizontalScanPath_3,Horizontal,3,evaluation,recalibrated oracle | exact previous state | development-recalibrated gamma,true previous state,exact state; innovation only,development-recalibrated gamma,current-frame truth,current posterior after Y_n
above_camera_ceiling,76,2.545424801493323,0.5898652396798801,0.5808868043426049,0.6883926991761006,0.9473684210526315,2.608362771562991,1.0,0.0,-0.816935041665309,3.5671525553230468,0.8317381036335414,0.09557574156556856,0.05263157894736842,0.6219028617735232,HorizontalScanPath_3,Horizontal,3,evaluation,recalibrated oracle | exact previous state | development-recalibrated gamma,true previous state,exact state; innovation only,development-recalibrated gamma,current-frame truth,current posterior after Y_n
current_top_1pct,26,4.34808872502011,1.582506761205558,1.5607708806542702,0.6962870847768643,0.8461538461538461,2.6404724497519068,1.0,0.0,-2.1912060589024547,6.093322357663816,2.2269841386686666,0.24798267465473572,0.15384615384615385,1.497445525896652,HorizontalScanPath_3,Horizontal,3,evaluation,recalibrated oracle | exact previous state | development-recalibrated gamma,true previous state,exact state; innovation only,development-recalibrated gamma,current-frame truth,current posterior after Y_n
overall,2501,0.48910763276487607,0.15871539485804062,0.05497924809090631,0.7159318740849122,0.9932027189124351,2.7370297982989253,1.0,0.0,-0.07679396613145566,0.6831762217460179,0.22169063929568303,0.09198231607593786,0.006397441023590564,0.2149307799992349,HorizontalScanPath_4,Horizontal,4,evaluation,hybrid previous state | mean-only | fixed gamma,hybrid previous state,mean-only,fixed gamma,current-frame truth,current forecast before Y_n
above_camera_ceiling,76,2.5644713232521923,1.2394181171358007,-0.9932966876750263,0.715931874084912,0.7763157894736842,2.7057431792648843,1.0,0.0,1.3874178865756401,3.582004679607317,1.7311956095263903,0.7217143027289409,0.21052631578947367,1.0493047196234178,HorizontalScanPath_4,Horizontal,4,evaluation,hybrid previous state | mean-only | fixed gamma,hybrid previous state,mean-only,fixed gamma,current-frame truth,current forecast before Y_n
current_top_1pct,26,4.344400393284241,2.9368926768695385,-2.9368926768695385,0.7159318740849122,0.34615384615384615,2.675692591903319,1.0,0.0,4.102195730038431,6.068175688974812,4.102195730038431,2.4295679207524845,0.6153846153846154,2.5637121744081237,HorizontalScanPath_4,Horizontal,4,evaluation,hybrid previous state | mean-only | fixed gamma,hybrid previous state,mean-only,fixed gamma,current-frame truth,current forecast before Y_n
overall,2501,0.48871668432505533,0.1769321535373211,0.030791231701233577,0.6578723177815355,0.9924030387844862,2.517935887753287,1.0,0.0,-0.0475998092781042,0.7057890228514359,0.27126174619442345,0.15583899639930165,0.006797281087564974,0.20432684502013812,HorizontalScanPath_4,Horizontal,4,evaluation,hybrid previous state | mean-only | fixed gamma,hybrid previous state,mean-only,fixed gamma,current-frame truth,current posterior after Y_n
above_camera_ceiling,76,2.5512243328866586,1.2351746049517658,-0.9421459422169377,0.6887147501148198,0.7631578947368421,2.6394780375528306,1.0,0.0,1.343283891213228,3.623345601058102,1.7750721131444542,0.8066200185972205,0.21052631578947367,1.0489071047494811,HorizontalScanPath_4,Horizontal,4,evaluation,hybrid previous state | mean-only | fixed gamma,hybrid previous state,mean-only,fixed gamma,current-frame truth,current posterior after Y_n
current_top_1pct,26,4.318663192679905,2.8938533415361882,-2.8938533415361882,0.6963007057906931,0.3076923076923077,2.6648713264311934,1.0,0.0,4.139965234928535,6.12992161341104,4.139965234928535,2.494669226741933,0.6153846153846154,2.5488092571675813,HorizontalScanPath_4,Horizontal,4,evaluation,hybrid previous state | mean-only | fixed gamma,hybrid previous state,mean-only,fixed gamma,current-frame truth,current posterior after Y_n
overall,2501,0.48910763276487607,0.15871539485804062,0.05497924809090631,0.7214050655094282,0.9944022391043582,2.7576472833750656,1.0,0.0,-0.0821698571356656,0.6166826049413688,0.2124541261035712,0.09125646370190701,0.005197920831667333,0.2145021287378471,HorizontalScanPath_4,Horizontal,4,evaluation,hybrid previous state | moment-matched | fixed gamma,hybrid previous state,moment-matched,fixed gamma,current-frame truth,current forecast before Y_n
above_camera_ceiling,76,2.5644713232521923,1.2394181171358007,-0.9932966876750263,0.8714708916275887,0.8157894736842105,3.292830948307847,1.0,0.0,1.1760976628118929,3.1738996326045346,1.461836599442929,0.5929948426298686,0.17105263157894737,1.0387967292667442,HorizontalScanPath_4,Horizontal,4,evaluation,hybrid previous state | moment-matched | fixed gamma,hybrid previous state,moment-matched,fixed gamma,current-frame truth,current forecast before Y_n
current_top_1pct,26,4.344400393284241,2.9368926768695385,-2.9368926768695385,0.9070925915498778,0.46153846153846156,3.3880117290627036,1.0,0.0,3.472908031580398,5.383154409573554,3.472908031580398,1.8824708878723215,0.5,2.5018313644039845,HorizontalScanPath_4,Horizontal,4,evaluation,hybrid previous state | moment-matched | fixed gamma,hybrid previous state,moment-matched,fixed gamma,current-frame truth,current forecast before Y_n
overall,2501,0.48946432221273933,0.1770111072531191,0.03014949169496646,0.663429002426855,0.9944022391043582,2.5392084424564514,1.0,0.0,-0.05208169521951174,0.6397457723770223,0.26161580949640606,0.15558483795889727,0.005197920831667333,0.2040267309376171,HorizontalScanPath_4,Horizontal,4,evaluation,hybrid previous state | moment-matched | fixed gamma,hybrid previous state,moment-matched,fixed gamma,current-frame truth,current posterior after Y_n
above_camera_ceiling,76,2.5568933462539665,1.2400910143891486,-0.9604392478090593,0.8465500410959379,0.8157894736842105,3.244893482708673,1.0,0.0,1.15359546394463,3.211321151213755,1.4993642097569433,0.6749657394569191,0.17105263157894737,1.044828900497012,HorizontalScanPath_4,Horizontal,4,evaluation,hybrid previous state | moment-matched | fixed gamma,hybrid previous state,moment-matched,fixed gamma,current-frame truth,current posterior after Y_n
current_top_1pct,26,4.32923138714963,2.9109153591910295,-2.9109153591910295,0.8895766376127431,0.46153846153846156,3.409223926574089,1.0,0.0,3.512846755802122,5.4406620881934895,3.512846755802122,1.949090021525556,0.5,2.506599261212787,HorizontalScanPath_4,Horizontal,4,evaluation,hybrid previous state | moment-matched | fixed gamma,hybrid previous state,moment-matched,fixed gamma,current-frame truth,current posterior after Y_n
overall,2501,0.4914161272919696,0.15884633874863496,0.054848304200312,0.7159318740849122,0.9932027189124351,2.7370297982989253,1.0,0.0,-0.07661106620014349,0.6864006829142598,0.22187353922699515,0.09198231607593786,0.006397441023590564,0.2150590984445827,HorizontalScanPath_4,Horizontal,4,evaluation,hybrid previous state | mean-only | development-recalibrated gamma,hybrid previous state,mean-only,development-recalibrated gamma,current-frame truth,current forecast before Y_n
above_camera_ceiling,76,2.5789535276207003,1.2437272049039112,-0.9976057754431368,0.715931874084912,0.7763157894736842,2.7057431792648843,1.0,0.0,1.3934367382626367,3.6022331467181283,1.7372144612133866,0.7217143027289409,0.21052631578947367,1.0535274095157194,HorizontalScanPath_4,Horizontal,4,evaluation,hybrid previous state | mean-only | development-recalibrated gamma,hybrid previous state,mean-only,development-recalibrated gamma,current-frame truth,current forecast before Y_n
current_top_1pct,26,4.369387750081194,2.949488471884015,-2.949488471884015,0.7159318740849122,0.34615384615384615,2.675692591903319,1.0,0.0,4.119789296508113,6.103077552827281,4.119789296508113,2.4295679207524845,0.6153846153846154,2.5760554217856204,HorizontalScanPath_4,Horizontal,4,evaluation,hybrid previous state | mean-only | development-recalibrated gamma,hybrid previous state,mean-only,development-recalibrated gamma,current-frame truth,current forecast before Y_n
overall,2501,0.4910221714449495,0.17706309742791543,0.03066028781063926,0.6578723177815355,0.9924030387844862,2.517935887753287,1.0,0.0,-0.04741571893545055,0.7089436835643587,0.2714458365370771,0.15583899639930165,0.006797281087564974,0.20445617173834404,HorizontalScanPath_4,Horizontal,4,evaluation,hybrid previous state | mean-only | development-recalibrated gamma,hybrid previous state,mean-only,development-recalibrated gamma,current-frame truth,current posterior after Y_n
above_camera_ceiling,76,2.565750794005921,1.2394836927198762,-0.946455029985048,0.6887147501148198,0.7631578947368421,2.6394780375528306,1.0,0.0,1.3493419168313436,3.6435561385099153,1.7811301387625698,0.8066200185972205,0.21052631578947367,1.0531629747788633,HorizontalScanPath_4,Horizontal,4,evaluation,hybrid previous state | mean-only | development-recalibrated gamma,hybrid previous state,mean-only,development-recalibrated gamma,current-frame truth,current posterior after Y_n
current_top_1pct,26,4.3437459158781895,2.906449136550665,-2.906449136550665,0.6963007057906931,0.3076923076923077,2.6648713264311934,1.0,0.0,4.157673309812258,6.164839447884108,4.157673309812258,2.494669226741933,0.6153846153846154,2.561249492638083,HorizontalScanPath_4,Horizontal,4,evaluation,hybrid previous state | mean-only | development-recalibrated gamma,hybrid previous state,mean-only,development-recalibrated gamma,current-frame truth,current posterior after Y_n
overall,2501,0.4914161272919696,0.15884633874863496,0.054848304200312,0.7214050655094282,0.9944022391043582,2.7576472833750656,1.0,0.0,-0.08200306418275952,0.6196461927993882,0.2126209190564773,0.09125646370190701,0.005197920831667333,0.21462999543232036,HorizontalScanPath_4,Horizontal,4,evaluation,hybrid previous state | moment-matched | development-recalibrated gamma,hybrid previous state,moment-matched,development-recalibrated gamma,current-frame truth,current forecast before Y_n
above_camera_ceiling,76,2.5789535276207003,1.2437272049039112,-0.9976057754431368,0.8714708916275887,0.8157894736842105,3.292830948307847,1.0,0.0,1.1815864677489731,3.192837669607187,1.4673254043800095,0.5929948426298686,0.17105263157894737,1.043004552988819,HorizontalScanPath_4,Horizontal,4,evaluation,hybrid previous state | moment-matched | development-recalibrated gamma,hybrid previous state,moment-matched,development-recalibrated gamma,current-frame truth,current forecast before Y_n
current_top_1pct,26,4.369387750081194,2.949488471884015,-2.949488471884015,0.9070925915498778,0.46153846153846156,3.3880117290627036,1.0,0.0,3.4889522306272487,5.415791450197586,3.4889522306272487,1.8824708878723215,0.5,2.5141311568223568,HorizontalScanPath_4,Horizontal,4,evaluation,hybrid previous state | moment-matched | development-recalibrated gamma,hybrid previous state,moment-matched,development-recalibrated gamma,current-frame truth,current forecast before Y_n
overall,2501,0.4917696311754579,0.17714205114371345,0.030018547804372117,0.663429002426855,0.9944022391043582,2.5392084424564514,1.0,0.0,-0.051913930637493,0.6426336493804242,0.26178357407842484,0.15558483795889727,0.005197920831667333,0.20415585228736755,HorizontalScanPath_4,Horizontal,4,evaluation,hybrid previous state | moment-matched | development-recalibrated gamma,hybrid previous state,moment-matched,development-recalibrated gamma,current-frame truth,current posterior after Y_n
above_camera_ceiling,76,2.571408719504571,1.2444001021572597,-0.9647483355771705,0.8465500410959379,0.8157894736842105,3.244893482708673,1.0,0.0,1.1591162431502733,3.2302404122930723,1.5048849889625864,0.6749657394569191,0.17105263157894737,1.0490780122828784,HorizontalScanPath_4,Horizontal,4,evaluation,hybrid previous state | moment-matched | development-recalibrated gamma,hybrid previous state,moment-matched,development-recalibrated gamma,current-frame truth,current posterior after Y_n
current_top_1pct,26,4.354289375503196,2.9235111542055083,-2.9235111542055083,0.8895766376127431,0.46153846153846156,3.409223926574089,1.0,0.0,3.5289844180955403,5.4733023056817816,3.5289844180955403,1.949090021525556,0.5,2.519019741817628,HorizontalScanPath_4,Horizontal,4,evaluation,hybrid previous state | moment-matched | development-recalibrated gamma,hybrid previous state,moment-matched,development-recalibrated gamma,current-frame truth,current posterior after Y_n
overall,2501,0.49797126028221944,0.13799173904243459,-0.02070052110762975,0.7159318740849122,0.9928028788484606,2.7370297982989253,1.0,0.0,0.028914093445118194,0.6955567677702783,0.19274423173128374,0.03425624880704602,0.006397441023590564,0.21868517964231068,HorizontalScanPath_4,Horizontal,4,evaluation,coherent latent previous state | mean-only | fixed gamma,coherent latent previous state,mean-only,fixed gamma,current-frame truth,current forecast before Y_n
above_camera_ceiling,76,2.567419555582359,1.2682905511733704,-0.9335959052980118,0.715931874084912,0.7763157894736842,2.7057431792648834,1.0,0.0,1.3040289713198099,3.5861227143490098,1.7715240752403578,0.8108910329908,0.21052631578947367,1.0642768300994312,HorizontalScanPath_4,Horizontal,4,evaluation,coherent latent previous state | mean-only | fixed gamma,coherent latent previous state,mean-only,fixed gamma,current-frame truth,current forecast before Y_n
current_top_1pct,26,4.337041567429836,2.9293114406309715,-2.9293114406309715,0.7159318740849122,0.34615384615384615,2.675692591903319,1.0,0.0,4.091606403717045,6.057897021240104,4.091606403717045,2.4195160121638866,0.6153846153846154,2.556439526736484,HorizontalScanPath_4,Horizontal,4,evaluation,coherent latent previous state | mean-only | fixed gamma,coherent latent previous state,mean-only,fixed gamma,current-frame truth,current forecast before Y_n
overall,2501,0.5014105695759118,0.15690174918817074,-0.044854582932815065,0.6578498769025309,0.9904038384646141,2.5179474761526888,1.0,0.0,0.06327876145526141,0.7221474272034362,0.24024033590418015,0.07644213093676047,0.007996801279488205,0.2098785530591315,HorizontalScanPath_4,Horizontal,4,evaluation,coherent latent previous state | mean-only | fixed gamma,coherent latent previous state,mean-only,fixed gamma,current-frame truth,current posterior after Y_n
above_camera_ceiling,76,2.557975332189719,1.2755612602416537,-0.883934050768628,0.687989945623728,0.7631578947368421,2.6374654872837064,1.0,0.0,1.259173812598083,3.633520004056738,1.8341046277673003,0.9060680057288795,0.21052631578947367,1.0720858432446236,HorizontalScanPath_4,Horizontal,4,evaluation,coherent latent previous state | mean-only | fixed gamma,coherent latent previous state,mean-only,fixed gamma,current-frame truth,current posterior after Y_n
current_top_1pct,26,4.3133208625835096,2.8892263505412314,-2.8892263505412314,0.6962997844685541,0.3076923076923077,2.6651356337756167,1.0,0.0,4.133785602380408,6.122661948334477,4.133785602380408,2.495239814830196,0.6153846153846154,2.544248509074867,HorizontalScanPath_4,Horizontal,4,evaluation,coherent latent previous state | mean-only | fixed gamma,coherent latent previous state,mean-only,fixed gamma,current-frame truth,current posterior after Y_n
overall,2501,0.49797126028221944,0.13799173904243459,-0.02070052110762975,2.7440806573403833,0.9948020791683326,10.497995662562602,1.0,0.0,0.01715540980911459,0.568465125344025,0.09375760766447724,0.008271624645032697,0.005197920831667333,0.6756541743060683,HorizontalScanPath_4,Horizontal,4,evaluation,coherent latent previous state | moment-matched | fixed gamma,coherent latent previous state,moment-matched,fixed gamma,current-frame truth,current forecast before Y_n
above_camera_ceiling,76,2.567419555582359,1.2682905511733704,-0.9335959052980118,0.8973584320092055,0.8289473684210527,3.3880644705768446,1.0,0.0,1.1137662671104263,3.1752309216059897,1.476563766256329,0.6604563988829849,0.17105263157894737,1.051893969260117,HorizontalScanPath_4,Horizontal,4,evaluation,coherent latent previous state | moment-matched | fixed gamma,coherent latent previous state,moment-matched,fixed gamma,current-frame truth,current forecast before Y_n
current_top_1pct,26,4.337041567429836,2.9293114406309715,-2.9293114406309715,0.9126992059663114,0.5,3.4075055551844766,1.0,0.0,3.4563167187868724,5.3790173609428775,3.4563167187868724,1.858119124854186,0.5,2.492749824949059,HorizontalScanPath_4,Horizontal,4,evaluation,coherent latent previous state | moment-matched | fixed gamma,coherent latent previous state,moment-matched,fixed gamma,current-frame truth,current forecast before Y_n
overall,2501,0.567669778052587,0.2963705873852752,-0.07227578041786148,2.5829083458534177,0.9940023990403839,9.881084083954459,1.0,0.0,0.03817851849593648,0.5961326154324931,0.16409811110884523,0.08469617298367825,0.005197920831667333,0.6504694165457497,HorizontalScanPath_4,Horizontal,4,evaluation,coherent latent previous state | moment-matched | fixed gamma,coherent latent previous state,moment-matched,fixed gamma,current-frame truth,current posterior after Y_n
above_camera_ceiling,76,2.572365448260701,1.2877481178497987,-0.9272910382753011,0.8579963097698524,0.8026315789473685,3.2932057630465175,1.0,0.0,1.1336954932729248,3.250057084375216,1.5524204419367376,0.7386733806876681,0.17105263157894737,1.0652523711326398,HorizontalScanPath_4,Horizontal,4,evaluation,coherent latent previous state | moment-matched | fixed gamma,coherent latent previous state,moment-matched,fixed gamma,current-frame truth,current posterior after Y_n
current_top_1pct,26,4.340668618621714,2.9309681248063466,-2.9309681248063466,0.8802293362328746,0.4230769230769231,3.363672916729747,1.0,0.0,3.5622397863812996,5.49671281332503,3.5622397863812996,1.983787349540636,0.5,2.529267260097707,HorizontalScanPath_4,Horizontal,4,evaluation,coherent latent previous state | moment-matched | fixed gamma,coherent latent previous state,moment-matched,fixed gamma,current-frame truth,current posterior after Y_n
overall,2501,0.5011211311785876,0.13817373217136328,-0.020882514236558458,0.7159318740849122,0.9928028788484606,2.7370297982989253,1.0,0.0,0.029168297979818274,0.6999564474191197,0.1929984362659838,0.03425624880704602,0.006397441023590564,0.21886344104280903,HorizontalScanPath_4,Horizontal,4,evaluation,coherent latent previous state | mean-only | development-recalibrated gamma,coherent latent previous state,mean-only,development-recalibrated gamma,current-frame truth,current forecast before Y_n
above_camera_ceiling,76,2.5875093653073593,1.2742795619029847,-0.9395849160276263,0.715931874084912,0.7763157894736842,2.7057431792648834,1.0,0.0,1.3123943073893478,3.6141837777716694,1.779889411309896,0.8108910329908,0.21052631578947367,1.0701430375026726,HorizontalScanPath_4,Horizontal,4,evaluation,coherent latent previous state | mean-only | development-recalibrated gamma,coherent latent previous state,mean-only,development-recalibrated gamma,current-frame truth,current forecast before Y_n
current_top_1pct,26,4.371801448912857,2.946817779686768,-2.946817779686768,0.7159318740849122,0.34615384615384615,2.675692591903319,1.0,0.0,4.116058924535694,6.106448961363528,4.116058924535694,2.4195160121638866,0.6153846153846154,2.573586902222881,HorizontalScanPath_4,Horizontal,4,evaluation,coherent latent previous state | mean-only | development-recalibrated gamma,coherent latent previous state,mean-only,development-recalibrated gamma,current-frame truth,current forecast before Y_n
overall,2501,0.5045329953359577,0.15708374231709946,-0.0450365760617438,0.6578498769025309,0.9904038384646141,2.5179474761526888,1.0,0.0,0.06353462049009714,0.7264316262189459,0.2404961949390159,0.07644213093676047,0.007996801279488205,0.21005829855159824,HorizontalScanPath_4,Horizontal,4,evaluation,coherent latent previous state | mean-only | development-recalibrated gamma,coherent latent previous state,mean-only,development-recalibrated gamma,current-frame truth,current posterior after Y_n
above_camera_ceiling,76,2.5781002645808164,1.281550270971269,-0.8899230614982432,0.687989945623728,0.7631578947368421,2.6374654872837064,1.0,0.0,1.2675935947839279,3.66151526639312,1.8425244099531453,0.9060680057288795,0.21052631578947367,1.0780008889901393,HorizontalScanPath_4,Horizontal,4,evaluation,coherent latent previous state | mean-only | development-recalibrated gamma,coherent latent previous state,mean-only,development-recalibrated gamma,current-frame truth,current posterior after Y_n
current_top_1pct,26,4.348203694932476,2.90673268959703,-2.90673268959703,0.6962997844685541,0.3076923076923077,2.6651356337756167,1.0,0.0,4.1583972733851855,6.171220210537195,4.1583972733851855,2.495239814830196,0.6153846153846154,2.5615386427925295,HorizontalScanPath_4,Horizontal,4,evaluation,coherent latent previous state | mean-only | development-recalibrated gamma,coherent latent previous state,mean-only,development-recalibrated gamma,current-frame truth,current posterior after Y_n
overall,2501,0.5011211311785876,0.13817373217136328,-0.020882514236558458,2.7440806573403833,0.9944022391043582,10.497995662562602,1.0,0.0,0.017381807160348067,0.5729069064481125,0.0939840050157107,0.008271624645032697,0.005197920831667333,0.6758311015897817,HorizontalScanPath_4,Horizontal,4,evaluation,coherent latent previous state | moment-matched | development-recalibrated gamma,coherent latent previous state,moment-matched,development-recalibrated gamma,current-frame truth,current forecast before Y_n
above_camera_ceiling,76,2.5875093653073593,1.2742795619029847,-0.9395849160276263,0.8973584320092055,0.8157894736842105,3.3880644705768446,1.0,0.0,1.1212165273135173,3.2013942857870723,1.4840140264594197,0.6604563988829849,0.17105263157894737,1.0577162736886303,HorizontalScanPath_4,Horizontal,4,evaluation,coherent latent previous state | moment-matched | development-recalibrated gamma,coherent latent previous state,moment-matched,development-recalibrated gamma,current-frame truth,current forecast before Y_n
current_top_1pct,26,4.371801448912857,2.946817779686768,-2.946817779686768,0.9126992059663114,0.46153846153846156,3.4075055551844766,1.0,0.0,3.4780944024574456,5.424158578973124,3.4780944024574456,1.858119124854186,0.5,2.509768868663175,HorizontalScanPath_4,Horizontal,4,evaluation,coherent latent previous state | moment-matched | development-recalibrated gamma,coherent latent previous state,moment-matched,development-recalibrated gamma,current-frame truth,current forecast before Y_n
overall,2501,0.5704341655390526,0.29655258051420386,-0.07245777354679012,2.5829083458534177,0.9940023990403839,9.881084083954459,1.0,0.0,0.03840812420666112,0.6004761380540856,0.1643277168195699,0.08469617298367825,0.005197920831667333,0.6506462500146029,HorizontalScanPath_4,Horizontal,4,evaluation,coherent latent previous state | moment-matched | development-recalibrated gamma,coherent latent previous state,moment-matched,development-recalibrated gamma,current-frame truth,current posterior after Y_n
above_camera_ceiling,76,2.5924115243112644,1.2937371285794108,-0.9332800490049135,0.8579963097698524,0.8026315789473685,3.2932057630465175,1.0,0.0,1.141251333832429,3.276264601969737,1.559976282496242,0.7386733806876681,0.17105263157894737,1.0710715883116042,HorizontalScanPath_4,Horizontal,4,evaluation,coherent latent previous state | moment-matched | development-recalibrated gamma,coherent latent previous state,moment-matched,development-recalibrated gamma,current-frame truth,current posterior after Y_n
current_top_1pct,26,4.375390322738143,2.9484744638621363,-2.9484744638621363,0.8802293362328746,0.4230769230769231,3.363672916729747,1.0,0.0,3.584326089555235,5.5420042404439345,3.584326089555235,1.983787349540636,0.5,2.54627727954391,HorizontalScanPath_4,Horizontal,4,evaluation,coherent latent previous state | moment-matched | development-recalibrated gamma,coherent latent previous state,moment-matched,development-recalibrated gamma,current-frame truth,current posterior after Y_n
overall,2501,0.578413547286795,0.02400940449586258,0.02219456449220598,0.7159318740849122,0.998000799680128,2.737029798298926,1.0,0.0,-0.031000944776448974,0.8079170214709462,0.033535878712692944,1.0604823712393674e-05,0.001999200319872051,0.18605502555766862,HorizontalScanPath_4,Horizontal,4,evaluation,strict oracle | exact previous state | fixed gamma,true previous state,exact state; innovation only,fixed gamma,current-frame truth,current forecast before Y_n
above_camera_ceiling,76,3.3179253015751575,0.7500348182874745,0.7484610564382174,0.715931874084912,0.9342105263157895,2.7057431792648834,1.0,0.0,-1.0454361420838862,4.634414839842203,1.0476343426476882,0.09383361292871249,0.06578947368421052,0.793632251386251,HorizontalScanPath_4,Horizontal,4,evaluation,strict oracle | exact previous state | fixed gamma,true previous state,exact state; innovation only,fixed gamma,current-frame truth,current forecast before Y_n
current_top_1pct,26,5.672159838103262,2.103875260036248,2.103875260036248,0.7159318740849122,0.8076923076923077,2.675692591903319,1.0,0.0,-2.938652874933629,7.922764781709555,2.938652874933629,0.25387135504895664,0.19230769230769232,2.0011881663031614,HorizontalScanPath_4,Horizontal,4,evaluation,strict oracle | exact previous state | fixed gamma,true previous state,exact state; innovation only,fixed gamma,current-frame truth,current forecast before Y_n
overall,2501,0.5839066139379809,0.07448612678286881,0.018774577750436876,0.6577730156632864,0.998000799680128,2.51733603773634,1.0,0.0,-0.025203300759971303,0.8238685460568608,0.11902744587792381,0.05195181207778697,0.001999200319872051,0.17686919509407806,HorizontalScanPath_4,Horizontal,4,evaluation,strict oracle | exact previous state | fixed gamma,true previous state,exact state; innovation only,fixed gamma,current-frame truth,current posterior after Y_n
above_camera_ceiling,76,3.322853818631964,0.8019751849588562,0.7926500064022474,0.6855066073198567,0.9342105263157895,2.6120026586882688,1.0,0.0,-1.1223247245654808,4.660747236077726,1.1377928844341316,0.17600470353941086,0.06578947368421052,0.799595274166283,HorizontalScanPath_4,Horizontal,4,evaluation,strict oracle | exact previous state | fixed gamma,true previous state,exact state; innovation only,fixed gamma,current-frame truth,current posterior after Y_n
current_top_1pct,26,5.677710070723147,2.125022871725089,2.125022871725089,0.6962966927986982,0.8076923076923077,2.654164526419812,1.0,0.0,-2.993902552468019,7.962623917666043,2.993902552468019,0.2693486281377056,0.19230769230769232,2.008497650467958,HorizontalScanPath_4,Horizontal,4,evaluation,strict oracle | exact previous state | fixed gamma,true previous state,exact state; innovation only,fixed gamma,current-frame truth,current posterior after Y_n
overall,2501,0.42903845383519645,0.018507982814840566,0.01669314281118397,0.7159318740849122,0.9984006397441023,2.737029798298926,1.0,0.0,-0.023316663799220785,0.5992727372050359,0.025851597735464773,1.0604823712393674e-05,0.001599360255897641,0.18066676053798214,HorizontalScanPath_4,Horizontal,4,evaluation,recalibrated oracle | exact previous state | development-recalibrated gamma,true previous state,exact state; innovation only,development-recalibrated gamma,current-frame truth,current forecast before Y_n
above_camera_ceiling,76,2.46097079433543,0.5689946127054212,0.567420850856164,0.715931874084912,0.9473684210526315,2.7057431792648834,1.0,0.0,-0.792562632556943,3.4374371129669097,0.794760833120745,0.09383361292871249,0.05263157894736842,0.6163157933042008,HorizontalScanPath_4,Horizontal,4,evaluation,recalibrated oracle | exact previous state | development-recalibrated gamma,true previous state,exact state; innovation only,development-recalibrated gamma,current-frame truth,current forecast before Y_n
current_top_1pct,26,4.2068499437409015,1.574680812950246,1.574680812950246,0.7159318740849122,0.8461538461538461,2.675692591903319,1.0,0.0,-2.199484154777949,5.876047842007315,2.199484154777949,0.25387135504895664,0.15384615384615385,1.4828785196017835,HorizontalScanPath_4,Horizontal,4,evaluation,recalibrated oracle | exact previous state | development-recalibrated gamma,true previous state,exact state; innovation only,development-recalibrated gamma,current-frame truth,current forecast before Y_n
overall,2501,0.43623724318140894,0.06898470510184677,0.013273156069414841,0.6577730156632864,0.9984006397441023,2.51733603773634,1.0,0.0,-0.017469006340087044,0.6185402930752874,0.11129315145803954,0.05195181207778697,0.001599360255897641,0.17147005952886823,HorizontalScanPath_4,Horizontal,4,evaluation,recalibrated oracle | exact previous state | development-recalibrated gamma,true previous state,exact state; innovation only,development-recalibrated gamma,current-frame truth,current posterior after Y_n
above_camera_ceiling,76,2.4665726336657423,0.6209349793768022,0.6116098008201932,0.6855066073198567,0.9473684210526315,2.6120026586882688,1.0,0.0,-0.8678053779321843,3.460682431648162,0.8832735378008351,0.17600470353941086,0.05263157894736842,0.6219210893164181,HorizontalScanPath_4,Horizontal,4,evaluation,recalibrated oracle | exact previous state | development-recalibrated gamma,true previous state,exact state; innovation only,development-recalibrated gamma,current-frame truth,current posterior after Y_n
current_top_1pct,26,4.2125523743400075,1.5958284246390848,1.5958284246390848,0.6962966927986982,0.8461538461538461,2.654164526419812,1.0,0.0,-2.2499229238476133,5.908837859711594,2.2499229238476133,0.2693486281377056,0.15384615384615385,1.4891423409068143,HorizontalScanPath_4,Horizontal,4,evaluation,recalibrated oracle | exact previous state | development-recalibrated gamma,true previous state,exact state; innovation only,development-recalibrated gamma,current-frame truth,current posterior after Y_n
overall,2501,0.4967126388029692,0.16073427516084768,0.050161779237861415,0.7159318740849122,0.9916033586565374,2.7476168766135576,1.0,0.0,-0.07006501743196873,0.6937987492704609,0.22451057283389506,0.09057824063560091,0.008396641343462616,0.21723297012707052,HorizontalScanPath_5,Horizontal,5,evaluation,hybrid previous state | mean-only | fixed gamma,hybrid previous state,mean-only,fixed gamma,current-frame truth,current forecast before Y_n
above_camera_ceiling,76,2.614557542505542,1.3303133338111726,-1.0400055103370385,0.715931874084912,0.75,2.714989955797928,1.0,0.0,1.4526598800568136,3.6519641562926775,1.8581563162159092,0.7543622633750139,0.25,1.126010970581016,HorizontalScanPath_5,Horizontal,5,evaluation,hybrid previous state | mean-only | fixed gamma,hybrid previous state,mean-only,fixed gamma,current-frame truth,current forecast before Y_n
current_top_1pct,26,4.421376431307497,3.1331820041861906,-3.1331820041861906,0.7159318740849122,0.2692307692307692,2.750379596788159,1.0,0.0,4.376368922239916,6.175694352146005,4.376368922239916,2.483079228114762,0.7307692307692307,2.7462467828208235,HorizontalScanPath_5,Horizontal,5,evaluation,hybrid previous state | mean-only | fixed gamma,hybrid previous state,mean-only,fixed gamma,current-frame truth,current forecast before Y_n
overall,2501,0.503300142089726,0.1846030784784836,0.035427930916682976,0.6580124054844424,0.9916033586565374,2.5159181446059895,1.0,0.0,-0.05709426594483456,0.7288685760050422,0.28376671532732234,0.16119320575961563,0.008396641343462616,0.20979195531659087,HorizontalScanPath_5,Horizontal,5,evaluation,hybrid previous state | mean-only | fixed gamma,hybrid previous state,mean-only,fixed gamma,current-frame truth,current posterior after Y_n
above_camera_ceiling,76,2.6285916135101632,1.3618508217227199,-0.9897564086192724,0.6861191639691981,0.75,2.6259115835244033,1.0,0.0,1.405499941455994,3.7326148639548227,1.9584500977920904,0.846862060862443,0.25,1.1506649188884177,HorizontalScanPath_5,Horizontal,5,evaluation,hybrid previous state | mean-only | fixed gamma,hybrid previous state,mean-only,fixed gamma,current-frame truth,current posterior after Y_n
current_top_1pct,26,4.43244696446627,3.1362129320889993,-3.1362129320889993,0.6962378854096989,0.2692307692307692,2.711236976535588,1.0,0.0,4.480847890255624,6.287670699219091,4.480847890255624,2.751998877321178,0.7307692307692307,2.7682213221258656,HorizontalScanPath_5,Horizontal,5,evaluation,hybrid previous state | mean-only | fixed gamma,hybrid previous state,mean-only,fixed gamma,current-frame truth,current posterior after Y_n
overall,2501,0.4967126388029692,0.16073427516084768,0.050161779237861415,0.7208756899664988,0.9936025589764095,2.766564366091887,1.0,0.0,-0.07483975917923189,0.6227343388614934,0.21573375220242078,0.09007663558963795,0.006397441023590564,0.21689072218543434,HorizontalScanPath_5,Horizontal,5,evaluation,hybrid previous state | moment-matched | fixed gamma,hybrid previous state,moment-matched,fixed gamma,current-frame truth,current forecast before Y_n
above_camera_ceiling,76,2.614557542505542,1.3303133338111726,-1.0400055103370385,0.858527228978077,0.8026315789473685,3.259075169883559,1.0,0.0,1.2641938465507079,3.218804901203886,1.6007362987134894,0.6295733951716662,0.21052631578947367,1.117863894274049,HorizontalScanPath_5,Horizontal,5,evaluation,hybrid previous state | moment-matched | fixed gamma,hybrid previous state,moment-matched,fixed gamma,current-frame truth,current forecast before Y_n
current_top_1pct,26,4.421376431307497,3.1331820041861906,-3.1331820041861906,0.8621106633242656,0.4230769230769231,3.3117509814481356,1.0,0.0,3.794237697642484,5.450235548224123,3.794237697642484,2.200878869569213,0.6153846153846154,2.693629946481967,HorizontalScanPath_5,Horizontal,5,evaluation,hybrid previous state | moment-matched | fixed gamma,hybrid previous state,moment-matched,fixed gamma,current-frame truth,current forecast before Y_n
overall,2501,0.5027531415253439,0.18466537855973963,0.03640653055924961,0.6630772938304723,0.9928028788484606,2.535008732691538,1.0,0.0,-0.06287988118072073,0.6560727514814257,0.2742309718328499,0.1609446979634611,0.006397441023590564,0.20903694611329285,HorizontalScanPath_5,Horizontal,5,evaluation,hybrid previous state | moment-matched | fixed gamma,hybrid previous state,moment-matched,fixed gamma,current-frame truth,current posterior after Y_n
above_camera_ceiling,76,2.624226543100157,1.3610677975583918,-0.9627683677911585,0.8317674127459163,0.7763157894736842,3.1534858652256017,1.0,0.0,1.1880496598802988,3.2738764629507213,1.6752332176360951,0.6892812883335174,0.21052631578947367,1.1426940890464827,HorizontalScanPath_5,Horizontal,5,evaluation,hybrid previous state | moment-matched | fixed gamma,hybrid previous state,moment-matched,fixed gamma,current-frame truth,current posterior after Y_n
current_top_1pct,26,4.4222235448917635,3.116962192876621,-3.116962192876621,0.8445423729348891,0.34615384615384615,3.1575996343038573,1.0,0.0,3.847933990536141,5.523042966133155,3.847933990536141,2.3535213720564245,0.6153846153846154,2.710658069080358,HorizontalScanPath_5,Horizontal,5,evaluation,hybrid previous state | moment-matched | fixed gamma,hybrid previous state,moment-matched,fixed gamma,current-frame truth,current posterior after Y_n
overall,2501,0.4987490689990021,0.16085142602688818,0.05003170911264954,0.7159318740849122,0.9916033586565374,2.7476168766135576,1.0,0.0,-0.0698833379594936,0.6966431961651265,0.22467420693132958,0.09057824063560091,0.008396641343462616,0.21734868781222033,HorizontalScanPath_5,Horizontal,5,evaluation,hybrid previous state | mean-only | development-recalibrated gamma,hybrid previous state,mean-only,development-recalibrated gamma,current-frame truth,current forecast before Y_n
above_camera_ceiling,76,2.627284080876621,1.3341685221791633,-1.0442858443259186,0.715931874084912,0.75,2.714989955797928,1.0,0.0,1.45863856901287,3.6697403425916124,1.8635411698696434,0.7543622633750139,0.25,1.1298189959831186,HorizontalScanPath_5,Horizontal,5,evaluation,hybrid previous state | mean-only | development-recalibrated gamma,hybrid previous state,mean-only,development-recalibrated gamma,current-frame truth,current forecast before Y_n
current_top_1pct,26,4.443476468945412,3.145072383015463,-3.145072383015463,0.7159318740849122,0.2692307692307692,2.750379596788159,1.0,0.0,4.392977176823456,6.206563263613542,4.392977176823456,2.491848580814258,0.7307692307692307,2.7578405069666214,HorizontalScanPath_5,Horizontal,5,evaluation,hybrid previous state | mean-only | development-recalibrated gamma,hybrid previous state,mean-only,development-recalibrated gamma,current-frame truth,current forecast before Y_n
overall,2501,0.5053126831347273,0.18472022934452414,0.035297860791471077,0.6580124054844424,0.9916033586565374,2.5159181446059895,1.0,0.0,-0.0569117300187401,0.7316051066821404,0.2839311586415883,0.16119320575961563,0.008396641343462616,0.20990815470854612,HorizontalScanPath_5,Horizontal,5,evaluation,hybrid previous state | mean-only | development-recalibrated gamma,hybrid previous state,mean-only,development-recalibrated gamma,current-frame truth,current posterior after Y_n
above_camera_ceiling,76,2.6412672666502144,1.3657060100907128,-0.9940367426081533,0.6861191639691981,0.75,2.6259115835244033,1.0,0.0,1.4115068144976028,3.7501912532620976,1.9638615810681312,0.8506642235994859,0.25,1.1544887962473662,HorizontalScanPath_5,Horizontal,5,evaluation,hybrid previous state | mean-only | development-recalibrated gamma,hybrid previous state,mean-only,development-recalibrated gamma,current-frame truth,current posterior after Y_n
current_top_1pct,26,4.454520852902921,3.1481033109182763,-3.1481033109182763,0.6962378854096989,0.2692307692307692,2.711236976535588,1.0,0.0,4.4975362571814195,6.318309571659111,4.4975362571814195,2.751998877321178,0.7307692307692307,2.77985447868672,HorizontalScanPath_5,Horizontal,5,evaluation,hybrid previous state | mean-only | development-recalibrated gamma,hybrid previous state,mean-only,development-recalibrated gamma,current-frame truth,current posterior after Y_n
overall,2501,0.4987490689990021,0.16085142602688818,0.05003170911264954,0.7208756899664988,0.9936025589764095,2.766564366091887,1.0,0.0,-0.07468267614505267,0.6251524856112759,0.21587473947523614,0.09007663558963795,0.006397441023590564,0.2170060318315262,HorizontalScanPath_5,Horizontal,5,evaluation,hybrid previous state | moment-matched | development-recalibrated gamma,hybrid previous state,moment-matched,development-recalibrated gamma,current-frame truth,current forecast before Y_n
above_camera_ceiling,76,2.627284080876621,1.3341685221791633,-1.0442858443259186,0.858527228978077,0.8026315789473685,3.259075169883559,1.0,0.0,1.2693631185044207,3.2341934051758043,1.605375893046532,0.6385087139244222,0.21052631578947367,1.121658491969781,HorizontalScanPath_5,Horizontal,5,evaluation,hybrid previous state | moment-matched | development-recalibrated gamma,hybrid previous state,moment-matched,development-recalibrated gamma,current-frame truth,current forecast before Y_n
current_top_1pct,26,4.443476468945412,3.145072383015463,-3.145072383015463,0.8621106633242656,0.4230769230769231,3.3117509814481356,1.0,0.0,3.8085737329846654,5.476929164805506,3.8085737329846654,2.2133431480965022,0.6153846153846154,2.7051557284950505,HorizontalScanPath_5,Horizontal,5,evaluation,hybrid previous state | moment-matched | development-recalibrated gamma,hybrid previous state,moment-matched,development-recalibrated gamma,current-frame truth,current forecast before Y_n
overall,2501,0.5047631015948364,0.18478252942578013,0.03627646043403769,0.6630772938304723,0.9928028788484606,2.535008732691538,1.0,0.0,-0.06272212313353198,0.6583862148528381,0.2743725949523883,0.1609446979634611,0.006397441023590564,0.2091523953313257,HorizontalScanPath_5,Horizontal,5,evaluation,hybrid previous state | moment-matched | development-recalibrated gamma,hybrid previous state,moment-matched,development-recalibrated gamma,current-frame truth,current posterior after Y_n
above_camera_ceiling,76,2.6368931823149673,1.3649229859263825,-0.9670487017800402,0.8317674127459163,0.7763157894736842,3.1534858652256017,1.0,0.0,1.193241145091076,3.2891242672005134,1.67989373634617,0.6892812883335174,0.21052631578947367,1.14649327976096,HorizontalScanPath_5,Horizontal,5,evaluation,hybrid previous state | moment-matched | development-recalibrated gamma,hybrid previous state,moment-matched,development-recalibrated gamma,current-frame truth,current posterior after Y_n
current_top_1pct,26,4.444297942302391,3.128852571705896,-3.128852571705896,0.8445423729348891,0.34615384615384615,3.1575996343038573,1.0,0.0,3.862333073189693,5.549591524663129,3.862333073189693,2.3535213720564245,0.6153846153846154,2.7222121606062655,HorizontalScanPath_5,Horizontal,5,evaluation,hybrid previous state | moment-matched | development-recalibrated gamma,hybrid previous state,moment-matched,development-recalibrated gamma,current-frame truth,current posterior after Y_n
overall,2501,0.5204529788434897,0.15651579769719123,-0.020746134130709998,0.7159318740849122,0.9888044782087165,2.7476168766135576,1.0,0.0,0.02897780484662348,0.7269588038788198,0.21861828389362628,0.04118012555345332,0.010795681727309077,0.2274919721485078,HorizontalScanPath_5,Horizontal,5,evaluation,coherent latent previous state | mean-only | fixed gamma,coherent latent previous state,mean-only,fixed gamma,current-frame truth,current forecast before Y_n
above_camera_ceiling,76,2.615766378287883,1.3459986752183937,-0.9926512011364507,0.715931874084912,0.75,2.714989955797928,1.0,0.0,1.3865162832779792,3.6536526350796943,1.880065302217223,0.7856907623854593,0.25,1.1346796521495586,HorizontalScanPath_5,Horizontal,5,evaluation,coherent latent previous state | mean-only | fixed gamma,coherent latent previous state,mean-only,fixed gamma,current-frame truth,current forecast before Y_n
current_top_1pct,26,4.418284040759496,3.1338269376881205,-3.1338269376881205,0.7159318740849122,0.2692307692307692,2.750379596788159,1.0,0.0,4.377269753066528,6.171374959952504,4.377269753066528,2.5305247066959,0.7307692307692307,2.7464229531805207,HorizontalScanPath_5,Horizontal,5,evaluation,coherent latent previous state | mean-only | fixed gamma,coherent latent previous state,mean-only,fixed gamma,current-frame truth,current forecast before Y_n
overall,2501,0.5237417277647535,0.16995186007288668,-0.035319947388096865,0.6580022037037561,0.98640543782487,2.5159602665041856,1.0,0.0,0.04517825053010787,0.7557952678362793,0.2604613831510501,0.08306408717357912,0.011195521791283487,0.21771800775509567,HorizontalScanPath_5,Horizontal,5,evaluation,coherent latent previous state | mean-only | fixed gamma,coherent latent previous state,mean-only,fixed gamma,current-frame truth,current posterior after Y_n
above_camera_ceiling,76,2.633451056011392,1.3944393376251942,-0.9426493037711667,0.6857249405704723,0.7368421052631579,2.598730804653288,1.0,0.0,1.3350180224454982,3.7405591612455398,2.007820273283245,0.9303403173955949,0.25,1.171203377252833,HorizontalScanPath_5,Horizontal,5,evaluation,coherent latent previous state | mean-only | fixed gamma,coherent latent previous state,mean-only,fixed gamma,current-frame truth,current posterior after Y_n
current_top_1pct,26,4.431185736973772,3.139252183960849,-3.139252183960849,0.6962495617006705,0.23076923076923078,2.6139190442596294,1.0,0.0,4.485247014980445,6.285884313336255,4.485247014980445,2.7878231705210865,0.7307692307692307,2.781746222750498,HorizontalScanPath_5,Horizontal,5,evaluation,coherent latent previous state | mean-only | fixed gamma,coherent latent previous state,mean-only,fixed gamma,current-frame truth,current posterior after Y_n
overall,2501,0.5204529788434897,0.15651579769719123,-0.020746134130709998,2.7969498344119303,0.9932027189124351,10.736808066965116,1.0,0.0,0.01910645660215328,0.5724195113073195,0.101444953613414,0.009539488621117215,0.006397441023590564,0.69428557765315,HorizontalScanPath_5,Horizontal,5,evaluation,coherent latent previous state | moment-matched | fixed gamma,coherent latent previous state,moment-matched,fixed gamma,current-frame truth,current forecast before Y_n
above_camera_ceiling,76,2.615766378287883,1.3459986752183937,-0.9926512011364507,0.9014322374269564,0.7894736842105263,3.415690084315099,1.0,0.0,1.2072252879298981,3.192211095715676,1.5921274129809937,0.6330287305188051,0.21052631578947367,1.130824976262321,HorizontalScanPath_5,Horizontal,5,evaluation,coherent latent previous state | moment-matched | fixed gamma,coherent latent previous state,moment-matched,fixed gamma,current-frame truth,current forecast before Y_n
current_top_1pct,26,4.418284040759496,3.1338269376881205,-3.1338269376881205,0.8658804518302954,0.38461538461538464,3.326744589223549,1.0,0.0,3.765419544987144,5.403663802348311,3.765419544987144,2.196598894929859,0.6153846153846154,2.6918129510174564,HorizontalScanPath_5,Horizontal,5,evaluation,coherent latent previous state | moment-matched | fixed gamma,coherent latent previous state,moment-matched,fixed gamma,current-frame truth,current forecast before Y_n
overall,2501,0.5712133743754719,0.2802021640126603,-0.019477634857980323,2.6927116219652873,0.9936025589764095,10.303892521244638,1.0,0.0,0.016765647035004307,0.5966364274512592,0.15613063376254738,0.07004110824752093,0.006397441023590564,0.6769141586067676,HorizontalScanPath_5,Horizontal,5,evaluation,coherent latent previous state | moment-matched | fixed gamma,coherent latent previous state,moment-matched,fixed gamma,current-frame truth,current posterior after Y_n
above_camera_ceiling,76,2.6280181609417776,1.384631108118082,-0.9150616705008056,0.8693998067943657,0.7894736842105263,3.345808160756483,1.0,0.0,1.1430464814438601,3.2670216503343714,1.682552599900708,0.804927233737615,0.21052631578947367,1.1515657797827865,HorizontalScanPath_5,Horizontal,5,evaluation,coherent latent previous state | moment-matched | fixed gamma,coherent latent previous state,moment-matched,fixed gamma,current-frame truth,current posterior after Y_n
current_top_1pct,26,4.421158069655324,3.1095617323315574,-3.1095617323315574,0.8416334521880788,0.38461538461538464,3.2157522939971446,1.0,0.0,3.8311958424904544,5.508162635510302,3.8311958424904544,2.3604774600840353,0.6153846153846154,2.693364974028324,HorizontalScanPath_5,Horizontal,5,evaluation,coherent latent previous state | moment-matched | fixed gamma,coherent latent previous state,moment-matched,fixed gamma,current-frame truth,current posterior after Y_n
overall,2501,0.523159368660443,0.15667862051061654,-0.0209269128517333,0.7159318740849122,0.9888044782087165,2.7476168766135576,1.0,0.0,0.029230313119501215,0.7307390376062434,0.21884571169691192,0.04118012555345332,0.010795681727309077,0.2276531840397599,HorizontalScanPath_5,Horizontal,5,evaluation,coherent latent previous state | mean-only | development-recalibrated gamma,coherent latent previous state,mean-only,development-recalibrated gamma,current-frame truth,current forecast before Y_n
above_camera_ceiling,76,2.633472901333847,1.35135683122335,-0.9986002482585465,0.715931874084912,0.75,2.714989955797927,1.0,0.0,1.3948257989420216,3.6783847690814047,1.8875494724279782,0.7913048217284342,0.25,1.1399847960972105,HorizontalScanPath_5,Horizontal,5,evaluation,coherent latent previous state | mean-only | development-recalibrated gamma,coherent latent previous state,mean-only,development-recalibrated gamma,current-frame truth,current forecast before Y_n
current_top_1pct,26,4.449061696414045,3.1503528499507354,-3.1503528499507354,0.7159318740849122,0.2692307692307692,2.750379596788157,1.0,0.0,4.4003528324220005,6.214364602918028,4.4003528324220005,2.5305247066959,0.7307692307692307,2.762545698786664,HorizontalScanPath_5,Horizontal,5,evaluation,coherent latent previous state | mean-only | development-recalibrated gamma,coherent latent previous state,mean-only,development-recalibrated gamma,current-frame truth,current forecast before Y_n
overall,2501,0.5264351805989373,0.17011468288631199,-0.035500726109120175,0.6580022037037561,0.98640543782487,2.5159602665041856,1.0,0.0,0.04543194915003553,0.7594706961931076,0.26068993564906073,0.08306408717357912,0.011195521791283487,0.217879598367125,HorizontalScanPath_5,Horizontal,5,evaluation,coherent latent previous state | mean-only | development-recalibrated gamma,coherent latent previous state,mean-only,development-recalibrated gamma,current-frame truth,current posterior after Y_n
above_camera_ceiling,76,2.651065408528458,1.3997974936301505,-0.9485983508932626,0.6857249405704723,0.7368421052631579,2.5987308046532873,1.0,0.0,1.34336670992496,3.764977447562009,2.0153414548296227,0.9303403173955949,0.25,1.176520984103958,HorizontalScanPath_5,Horizontal,5,evaluation,coherent latent previous state | mean-only | development-recalibrated gamma,coherent latent previous state,mean-only,development-recalibrated gamma,current-frame truth,current posterior after Y_n
current_top_1pct,26,4.461919129597454,3.155778096223464,-3.155778096223464,0.6962495617006705,0.23076923076923078,2.613919044259627,1.0,0.0,4.5084414389412855,6.328543615878579,4.5084414389412855,2.7878231705210865,0.7307692307692307,2.7979393483638355,HorizontalScanPath_5,Horizontal,5,evaluation,coherent latent previous state | mean-only | development-recalibrated gamma,coherent latent previous state,mean-only,development-recalibrated gamma,current-frame truth,current posterior after Y_n
overall,2501,0.523159368660443,0.15667862051061654,-0.0209269128517333,2.7969498344119303,0.9932027189124351,10.736808066965116,1.0,0.0,0.01932127977612135,0.5760299321982597,0.10163771648761999,0.009539488621117215,0.006397441023590564,0.6944460859068818,HorizontalScanPath_5,Horizontal,5,evaluation,coherent latent previous state | moment-matched | development-recalibrated gamma,coherent latent previous state,moment-matched,development-recalibrated gamma,current-frame truth,current forecast before Y_n
above_camera_ceiling,76,2.633472901333847,1.35135683122335,-0.9986002482585465,0.9014322374269564,0.7894736842105263,3.415690084315099,1.0,0.0,1.2142946663258738,3.2135121765957115,1.5984708333545363,0.6385586459730852,0.21052631578947367,1.1361069649805242,HorizontalScanPath_5,Horizontal,5,evaluation,coherent latent previous state | moment-matched | development-recalibrated gamma,coherent latent previous state,moment-matched,development-recalibrated gamma,current-frame truth,current forecast before Y_n
current_top_1pct,26,4.449061696414045,3.1503528499507354,-3.1503528499507354,0.8658804518302954,0.38461538461538464,3.326744589223549,1.0,0.0,3.78502286626567,5.44061459460108,3.78502286626567,2.2139795491164493,0.6153846153846154,2.7078423694999296,HorizontalScanPath_5,Horizontal,5,evaluation,coherent latent previous state | moment-matched | development-recalibrated gamma,coherent latent previous state,moment-matched,development-recalibrated gamma,current-frame truth,current forecast before Y_n
overall,2501,0.5736787296752791,0.2803649868260856,-0.019658413579003605,2.6927116219652873,0.9936025589764095,10.303892521244638,1.0,0.0,0.016983065547465072,0.6001788069120108,0.15632581670452655,0.07004110824752093,0.006397441023590564,0.6770753247491744,HorizontalScanPath_5,Horizontal,5,evaluation,coherent latent previous state | moment-matched | development-recalibrated gamma,coherent latent previous state,moment-matched,development-recalibrated gamma,current-frame truth,current posterior after Y_n
above_camera_ceiling,76,2.6456311445503236,1.3899892641230376,-0.9210107176229007,0.8693998067943657,0.7894736842105263,3.345808160756483,1.0,0.0,1.1502012669657595,3.2883044124519625,1.6889756596097867,0.804927233737615,0.21052631578947367,1.1568694182322568,HorizontalScanPath_5,Horizontal,5,evaluation,coherent latent previous state | moment-matched | development-recalibrated gamma,coherent latent previous state,moment-matched,development-recalibrated gamma,current-frame truth,current posterior after Y_n
current_top_1pct,26,4.451901530176798,3.12608764459417,-3.12608764459417,0.8416334521880788,0.38461538461538464,3.2157522939971446,1.0,0.0,3.851040385520346,5.545235072283576,3.851040385520346,2.3604774600840353,0.6153846153846154,2.709379353770664,HorizontalScanPath_5,Horizontal,5,evaluation,coherent latent previous state | moment-matched | development-recalibrated gamma,coherent latent previous state,moment-matched,development-recalibrated gamma,current-frame truth,current posterior after Y_n
overall,2501,0.5572249790503315,0.023997539399667263,0.022145238645431314,0.7159318740849122,0.998000799680128,2.7476168766135576,1.0,0.0,-0.03093204737355332,0.7783212330957661,0.03351930577241078,1.660762515719533e-05,0.001999200319872051,0.18647908964032026,HorizontalScanPath_5,Horizontal,5,evaluation,strict oracle | exact previous state | fixed gamma,true previous state,exact state; innovation only,fixed gamma,current-frame truth,current forecast before Y_n
above_camera_ceiling,76,3.19639833156305,0.7496105636540831,0.7452303946290725,0.715931874084912,0.9342105263157895,2.714989955797928,1.0,0.0,-1.0409236152275088,4.4646682837645875,1.0470417518597257,0.09828092865294942,0.06578947368421052,0.7862637477371269,HorizontalScanPath_5,Horizontal,5,evaluation,strict oracle | exact previous state | fixed gamma,true previous state,exact state; innovation only,fixed gamma,current-frame truth,current forecast before Y_n
current_top_1pct,26,5.459717713525002,2.061669950237252,2.061669950237252,0.7159318740849122,0.8076923076923077,2.750379596788159,1.0,0.0,-2.8797013024073435,7.626029670076484,2.8797013024073435,0.2405060083233224,0.19230769230769232,1.9518148844609278,HorizontalScanPath_5,Horizontal,5,evaluation,strict oracle | exact previous state | fixed gamma,true previous state,exact state; innovation only,fixed gamma,current-frame truth,current forecast before Y_n
overall,2501,0.5635675175035715,0.07780815001334573,0.035367237457923376,0.658079403990531,0.998000799680128,2.5157296744474484,1.0,0.0,-0.05281624980893202,0.7959684207901362,0.12410544995687697,0.0495910534954039,0.001999200319872051,0.17754675564722613,HorizontalScanPath_5,Horizontal,5,evaluation,strict oracle | exact previous state | fixed gamma,true previous state,exact state; innovation only,fixed gamma,current-frame truth,current posterior after Y_n
above_camera_ceiling,76,3.198626220306129,0.8154138809789867,0.8145432779316876,0.687153645369229,0.9342105263157895,2.622205412102262,1.0,0.0,-1.1539569085278671,4.484214078852409,1.1551934250892084,0.20478218442341745,0.06578947368421052,0.7936382242167488,HorizontalScanPath_5,Horizontal,5,evaluation,strict oracle | exact previous state | fixed gamma,true previous state,exact state; innovation only,fixed gamma,current-frame truth,current posterior after Y_n
current_top_1pct,26,5.459064809121813,2.066307947251663,2.066307947251663,0.6964308596927125,0.8076923076923077,2.6436118754612496,1.0,0.0,-2.9059086179037013,7.651909585538791,2.9059086179037013,0.3267191777529097,0.19230769230769232,1.9599760848546004,HorizontalScanPath_5,Horizontal,5,evaluation,strict oracle | exact previous state | fixed gamma,true previous state,exact state; innovation only,fixed gamma,current-frame truth,current posterior after Y_n
overall,2501,0.4109761831603027,0.018532827730829312,0.016680526976593363,0.7159318740849122,0.9984006397441023,2.747616876613557,1.0,0.0,-0.02329904224185301,0.5740437016938281,0.02588630064071047,1.660762515719533e-05,0.001599360255897641,0.1812390252095469,HorizontalScanPath_5,Horizontal,5,evaluation,recalibrated oracle | exact previous state | development-recalibrated gamma,true previous state,exact state; innovation only,development-recalibrated gamma,current-frame truth,current forecast before Y_n
above_camera_ceiling,76,2.3573845361848855,0.5697784072887709,0.5653982382637605,0.715931874084912,0.9473684210526315,2.714989955797927,1.0,0.0,-0.7897374858277395,3.2927498013662833,0.7958556224599564,0.09828092865294942,0.05263157894736842,0.6138242590349682,HorizontalScanPath_5,Horizontal,5,evaluation,recalibrated oracle | exact previous state | development-recalibrated gamma,true previous state,exact state; innovation only,development-recalibrated gamma,current-frame truth,current forecast before Y_n
current_top_1pct,26,4.028674873577568,1.5621125627942176,1.5621125627942176,0.7159318740849122,0.8461538461538461,2.750379596788157,1.0,0.0,-2.181929062441694,5.627176299039526,2.181929062441694,0.2405060083233224,0.15384615384615385,1.467408205418413,HorizontalScanPath_5,Horizontal,5,evaluation,recalibrated oracle | exact previous state | development-recalibrated gamma,true previous state,exact state; innovation only,development-recalibrated gamma,current-frame truth,current forecast before Y_n
overall,2501,0.4195485702871781,0.07234343834450778,0.029902525789085428,0.658079403990531,0.9984006397441023,2.5157296744474484,1.0,0.0,-0.04514726199451198,0.5962639574197901,0.11643646214245694,0.0495910534954039,0.001599360255897641,0.17228150880050078,HorizontalScanPath_5,Horizontal,5,evaluation,recalibrated oracle | exact previous state | development-recalibrated gamma,true previous state,exact state; innovation only,development-recalibrated gamma,current-frame truth,current posterior after Y_n
above_camera_ceiling,76,2.360480520208888,0.6355817246136746,0.6347111215663755,0.687153645369229,0.9473684210526315,2.622205412102262,1.0,0.0,-0.9015866647928078,3.3103819620115664,0.9028231813541491,0.20478218442341745,0.05263157894736842,0.6203700352212212,HorizontalScanPath_5,Horizontal,5,evaluation,recalibrated oracle | exact previous state | development-recalibrated gamma,true previous state,exact state; innovation only,development-recalibrated gamma,current-frame truth,current posterior after Y_n
current_top_1pct,26,4.027985436300147,1.5667505598086284,1.5667505598086284,0.6964308596927125,0.8461538461538461,2.6436118754612496,1.0,0.0,-2.2047705716321353,5.647212574111695,2.2047705716321353,0.3267191777529097,0.15384615384615385,1.4732521475959481,HorizontalScanPath_5,Horizontal,5,evaluation,recalibrated oracle | exact previous state | development-recalibrated gamma,true previous state,exact state; innovation only,development-recalibrated gamma,current-frame truth,current posterior after Y_n
overall,2501,0.4806715238050504,0.15412836677911199,0.03878391453156544,0.7159318740849122,0.9924030387844862,2.733641064049322,1.0,0.0,-0.05417263280970435,0.671392825496747,0.21528356587854863,0.08685787272875542,0.007197121151539384,0.2147650560854438,HorizontalScanPath_6,Horizontal,6,evaluation,hybrid previous state | mean-only | fixed gamma,hybrid previous state,mean-only,fixed gamma,current-frame truth,current forecast before Y_n
above_camera_ceiling,76,2.5449416501834254,1.3224040912468957,-1.176460161347143,0.715931874084912,0.75,2.7488058752564752,1.0,0.0,1.6432571365129782,3.554726004392963,1.8471088369087671,0.9164785980528201,0.23684210526315788,1.13064694260946,HorizontalScanPath_6,Horizontal,6,evaluation,hybrid previous state | mean-only | fixed gamma,hybrid previous state,mean-only,fixed gamma,current-frame truth,current forecast before Y_n
current_top_1pct,26,4.290898613080583,3.1104808297278055,-3.1104808297278055,0.7159318740849122,0.2692307692307692,2.710378125719534,1.0,0.0,4.344660354315907,5.993445421835859,4.344660354315907,2.528342446480857,0.6923076923076923,2.7238494172945336,HorizontalScanPath_6,Horizontal,6,evaluation,hybrid previous state | mean-only | fixed gamma,hybrid previous state,mean-only,fixed gamma,current-frame truth,current forecast before Y_n
overall,2501,0.48542990738548614,0.17440274438629422,0.02172150134038936,0.6580063316440865,0.991203518592563,2.5163369423982496,1.0,0.0,-0.03488899900210074,0.7006588755359364,0.26721602660981847,0.15400459436817357,0.007197121151539384,0.20629701572498593,HorizontalScanPath_6,Horizontal,6,evaluation,hybrid previous state | mean-only | fixed gamma,hybrid previous state,mean-only,fixed gamma,current-frame truth,current posterior after Y_n
above_camera_ceiling,76,2.5563158315063306,1.3257743081577729,-1.1435396197717191,0.677482836247192,0.7105263157894737,2.57893020235174,1.0,0.0,1.631425593691082,3.6253108451940945,1.9005223445235078,0.931445041154183,0.23684210526315788,1.1344159436333874,HorizontalScanPath_6,Horizontal,6,evaluation,hybrid previous state | mean-only | fixed gamma,hybrid previous state,mean-only,fixed gamma,current-frame truth,current posterior after Y_n
current_top_1pct,26,4.310409174888655,3.133415218997527,-3.133415218997527,0.6967900738079605,0.19230769230769232,2.681883702331303,1.0,0.0,4.473420539630957,6.110892859661452,4.473420539630957,2.852556290969079,0.6923076923076923,2.7602740728669883,HorizontalScanPath_6,Horizontal,6,evaluation,hybrid previous state | mean-only | fixed gamma,hybrid previous state,mean-only,fixed gamma,current-frame truth,current posterior after Y_n
overall,2501,0.4806715238050504,0.15412836677911199,0.03878391453156544,0.7186422800416741,0.9932027189124351,2.744012884122844,1.0,0.0,-0.06011129134318511,0.5850782462761752,0.2077859383409613,0.08676177590682556,0.006397441023590564,0.21437973426933243,HorizontalScanPath_6,Horizontal,6,evaluation,hybrid previous state | moment-matched | fixed gamma,hybrid previous state,moment-matched,fixed gamma,current-frame truth,current forecast before Y_n
above_camera_ceiling,76,2.5449416501834254,1.3224040912468957,-1.176460161347143,0.794795480736943,0.7763157894736842,3.0505355263508913,1.0,0.0,1.4357038404662812,3.015638819786005,1.6125404138572124,0.8270630636971008,0.21052631578947367,1.1186120604227905,HorizontalScanPath_6,Horizontal,6,evaluation,hybrid previous state | moment-matched | fixed gamma,hybrid previous state,moment-matched,fixed gamma,current-frame truth,current forecast before Y_n
current_top_1pct,26,4.290898613080583,3.1104808297278055,-3.1104808297278055,0.8216572523304786,0.34615384615384615,3.108463353803061,1.0,0.0,3.7552739226012686,5.075830192689892,3.7552739226012686,2.173039083619932,0.6153846153846154,2.6792018664619572,HorizontalScanPath_6,Horizontal,6,evaluation,hybrid previous state | moment-matched | fixed gamma,hybrid previous state,moment-matched,fixed gamma,current-frame truth,current forecast before Y_n
overall,2501,0.48091102016294124,0.17404157174475746,0.02331530303150268,0.6606453593497079,0.9936025589764095,2.5263855494698273,1.0,0.0,-0.04260833301000381,0.6119739853401414,0.2591070259862009,0.1541234023783726,0.006797281087564974,0.2054706033379392,HorizontalScanPath_6,Horizontal,6,evaluation,hybrid previous state | moment-matched | fixed gamma,hybrid previous state,moment-matched,fixed gamma,current-frame truth,current posterior after Y_n
above_camera_ceiling,76,2.525573343158429,1.3077013533958854,-1.096221097515965,0.753684867640419,0.7894736842105263,2.8840612049947216,1.0,0.0,1.368768188696055,3.0547196313493443,1.640992714050901,0.813126471230309,0.2236842105263158,1.1029035541592114,HorizontalScanPath_6,Horizontal,6,evaluation,hybrid previous state | moment-matched | fixed gamma,hybrid previous state,moment-matched,fixed gamma,current-frame truth,current posterior after Y_n
current_top_1pct,26,4.254293957679396,3.065066568464665,-3.065066568464665,0.7992506877588496,0.38461538461538464,3.0952831595365504,1.0,0.0,3.797508342561473,5.135528594274139,3.797508342561473,2.466129058637401,0.6538461538461539,2.6588851760563568,HorizontalScanPath_6,Horizontal,6,evaluation,hybrid previous state | moment-matched | fixed gamma,hybrid previous state,moment-matched,fixed gamma,current-frame truth,current posterior after Y_n
overall,2501,0.48271319528368273,0.15423580417586696,0.03864763224185881,0.7159318740849122,0.9924030387844862,2.733641064049322,1.0,0.0,-0.05398227630423263,0.6742445933150774,0.21543363238717045,0.08685787272875542,0.007197121151539384,0.21487236669059792,HorizontalScanPath_6,Horizontal,6,evaluation,hybrid previous state | mean-only | development-recalibrated gamma,hybrid previous state,mean-only,development-recalibrated gamma,current-frame truth,current forecast before Y_n
above_camera_ceiling,76,2.5576268371352056,1.3259396297901096,-1.1809449245913044,0.715931874084912,0.75,2.7488058752564752,1.0,0.0,1.649521368357515,3.5724444318173507,1.8520472097780192,0.9164785980528201,0.23684210526315788,1.1341783087080206,HorizontalScanPath_6,Horizontal,6,evaluation,hybrid previous state | mean-only | development-recalibrated gamma,hybrid previous state,mean-only,development-recalibrated gamma,current-frame truth,current forecast before Y_n
current_top_1pct,26,4.3131962782796816,3.1222028092632,-3.1222028092632,0.7159318740849122,0.2692307692307692,2.710378125719534,1.0,0.0,4.361033391974521,6.024590375715162,4.361033391974521,2.528342446480857,0.6923076923076923,2.7353026986226068,HorizontalScanPath_6,Horizontal,6,evaluation,hybrid previous state | mean-only | development-recalibrated gamma,hybrid previous state,mean-only,development-recalibrated gamma,current-frame truth,current forecast before Y_n
overall,2501,0.48745098244078033,0.17451018178304922,0.021585219050682735,0.6580063316440865,0.991203518592563,2.5163369423982496,1.0,0.0,-0.034697731118712445,0.7034130178002708,0.2673666689297031,0.15400459436817357,0.007197121151539384,0.2064054918500818,HorizontalScanPath_6,Horizontal,6,evaluation,hybrid previous state | mean-only | development-recalibrated gamma,hybrid previous state,mean-only,development-recalibrated gamma,current-frame truth,current posterior after Y_n
above_camera_ceiling,76,2.568940692555549,1.3293098467009865,-1.1480243830158805,0.677482836247192,0.7105263157894737,2.57893020235174,1.0,0.0,1.637719817064162,3.6428195131659034,1.9054796661291846,0.931445041154183,0.23684210526315788,1.137985664539503,HorizontalScanPath_6,Horizontal,6,evaluation,hybrid previous state | mean-only | development-recalibrated gamma,hybrid previous state,mean-only,development-recalibrated gamma,current-frame truth,current posterior after Y_n
current_top_1pct,26,4.332607912389239,3.1451371985329217,-3.1451371985329217,0.6967900738079605,0.19230769230769232,2.681883702331303,1.0,0.0,4.48986510536914,6.141693839565379,4.48986510536914,2.852556290969079,0.6923076923076923,2.7718312437396104,HorizontalScanPath_6,Horizontal,6,evaluation,hybrid previous state | mean-only | development-recalibrated gamma,hybrid previous state,mean-only,development-recalibrated gamma,current-frame truth,current posterior after Y_n
overall,2501,0.48271319528368273,0.15423580417586696,0.03864763224185881,0.7186422800416741,0.9932027189124351,2.744012884122844,1.0,0.0,-0.059951824579465886,0.5873314357883929,0.20791028483138532,0.08676177590682556,0.006397441023590564,0.21448714277018224,HorizontalScanPath_6,Horizontal,6,evaluation,hybrid previous state | moment-matched | development-recalibrated gamma,hybrid previous state,moment-matched,development-recalibrated gamma,current-frame truth,current forecast before Y_n
above_camera_ceiling,76,2.5576268371352056,1.3259396297901096,-1.1809449245913044,0.794795480736943,0.7763157894736842,3.0505355263508913,1.0,0.0,1.4409515559407782,3.03001798675995,1.6166323950749817,0.8270630636971008,0.21052631578947367,1.122146648062599,HorizontalScanPath_6,Horizontal,6,evaluation,hybrid previous state | moment-matched | development-recalibrated gamma,hybrid previous state,moment-matched,development-recalibrated gamma,current-frame truth,current forecast before Y_n
current_top_1pct,26,4.3131962782796816,3.1222028092632,-3.1222028092632,0.8216572523304786,0.34615384615384615,3.108463353803061,1.0,0.0,3.7689242485361194,5.101185415058729,3.7689242485361194,2.173039083619932,0.6153846153846154,2.6905531159612455,HorizontalScanPath_6,Horizontal,6,evaluation,hybrid previous state | moment-matched | development-recalibrated gamma,hybrid previous state,moment-matched,development-recalibrated gamma,current-frame truth,current forecast before Y_n
overall,2501,0.4829195761981513,0.17414900914151252,0.023179020741796032,0.6606453593497079,0.9936025589764095,2.5263855494698273,1.0,0.0,-0.0424470441786753,0.6141411516054904,0.25923275484570907,0.1541234023783726,0.006797281087564974,0.20557671882445155,HorizontalScanPath_6,Horizontal,6,evaluation,hybrid previous state | moment-matched | development-recalibrated gamma,hybrid previous state,moment-matched,development-recalibrated gamma,current-frame truth,current posterior after Y_n
above_camera_ceiling,76,2.53815432164784,1.3112368919391015,-1.1007058607601272,0.753684867640419,0.7894736842105263,2.8840612049947216,1.0,0.0,1.3740758645796423,3.0689989787268295,1.645130186124979,0.813126471230309,0.2236842105263158,1.1063955914193075,HorizontalScanPath_6,Horizontal,6,evaluation,hybrid previous state | moment-matched | development-recalibrated gamma,hybrid previous state,moment-matched,development-recalibrated gamma,current-frame truth,current posterior after Y_n
current_top_1pct,26,4.276472997600474,3.076788548000064,-3.076788548000064,0.7992506877588496,0.38461538461538464,3.0952831595365504,1.0,0.0,3.811312789576523,5.160794842239187,3.811312789576523,2.466129058637401,0.6538461538461539,2.6702600549374886,HorizontalScanPath_6,Horizontal,6,evaluation,hybrid previous state | moment-matched | development-recalibrated gamma,hybrid previous state,moment-matched,development-recalibrated gamma,current-frame truth,current posterior after Y_n
overall,2501,0.5125368925818022,0.1534694155142666,-0.0669973343156059,0.7159318740849122,0.9900039984006398,2.733641064049322,1.0,0.0,0.09358059997152714,0.7159017654255373,0.21436315530779754,0.032218740947632794,0.007996801279488205,0.2290880544751215,HorizontalScanPath_6,Horizontal,6,evaluation,coherent latent previous state | mean-only | fixed gamma,coherent latent previous state,mean-only,fixed gamma,current-frame truth,current forecast before Y_n
above_camera_ceiling,76,2.5476197924489776,1.3411592891638602,-1.1255434901951815,0.715931874084912,0.75,2.7488058752564752,1.0,0.0,1.5721377004394799,3.5584667824788316,1.8733057399883186,0.9579467316707465,0.23684210526315788,1.1403829737806865,HorizontalScanPath_6,Horizontal,6,evaluation,coherent latent previous state | mean-only | fixed gamma,coherent latent previous state,mean-only,fixed gamma,current-frame truth,current forecast before Y_n
current_top_1pct,26,4.289492207222391,3.1095070788344708,-3.1095070788344708,0.7159318740849122,0.2692307692307692,2.710378125719534,1.0,0.0,4.3433002376224294,5.991480980931493,4.3433002376224294,2.5262151369851598,0.6923076923076923,2.723027365519525,HorizontalScanPath_6,Horizontal,6,evaluation,coherent latent previous state | mean-only | fixed gamma,coherent latent previous state,mean-only,fixed gamma,current-frame truth,current forecast before Y_n
overall,2501,0.516860743906427,0.16825787730238656,-0.08425363833847363,0.6580106909902724,0.9876049580167933,2.5175073469653393,1.0,0.0,0.1198620148222978,0.7437260613087308,0.2559521588071387,0.07640671846034752,0.008796481407437025,0.21924571659902514,HorizontalScanPath_6,Horizontal,6,evaluation,coherent latent previous state | mean-only | fixed gamma,coherent latent previous state,mean-only,fixed gamma,current-frame truth,current posterior after Y_n
above_camera_ceiling,76,2.561522935346846,1.3556837090639862,-1.1022656638917327,0.6775792342608651,0.7236842105263158,2.609123581705568,1.0,0.0,1.5705273824195842,3.6332779922245315,1.944003646998348,0.9823879007937104,0.23684210526315788,1.1412870790548024,HorizontalScanPath_6,Horizontal,6,evaluation,coherent latent previous state | mean-only | fixed gamma,coherent latent previous state,mean-only,fixed gamma,current-frame truth,current posterior after Y_n
current_top_1pct,26,4.311235756265993,3.1355438281633585,-3.1355438281633585,0.6967948846900591,0.23076923076923078,2.676440183239475,1.0,0.0,4.4765554537685315,6.112158238571473,4.4765554537685315,2.838005671577514,0.6923076923076923,2.740532838208526,HorizontalScanPath_6,Horizontal,6,evaluation,coherent latent previous state | mean-only | fixed gamma,coherent latent previous state,mean-only,fixed gamma,current-frame truth,current posterior after Y_n
overall,2501,0.5125368925818022,0.1534694155142666,-0.0669973343156059,2.800719245193303,0.9932027189124351,10.700526572604774,1.0,0.0,0.04191026991151499,0.5363120843539319,0.09690406513258248,0.008048910552488102,0.006397441023590564,0.6924080644457439,HorizontalScanPath_6,Horizontal,6,evaluation,coherent latent previous state | moment-matched | fixed gamma,coherent latent previous state,moment-matched,fixed gamma,current-frame truth,current forecast before Y_n
above_camera_ceiling,76,2.5476197924489776,1.3411592891638602,-1.1255434901951815,0.8512709142912492,0.7763157894736842,3.2608181482367753,1.0,0.0,1.3826594377488093,3.002431411959348,1.6080812187336566,0.8499891553567607,0.21052631578947367,1.1358654450424936,HorizontalScanPath_6,Horizontal,6,evaluation,coherent latent previous state | moment-matched | fixed gamma,coherent latent previous state,moment-matched,fixed gamma,current-frame truth,current forecast before Y_n
current_top_1pct,26,4.289492207222391,3.1095070788344708,-3.1095070788344708,0.8237487491641863,0.34615384615384615,3.1174780103995965,1.0,0.0,3.7376585933018927,5.052367250498743,3.7376585933018927,2.194742241658325,0.6153846153846154,2.677037398306363,HorizontalScanPath_6,Horizontal,6,evaluation,coherent latent previous state | moment-matched | fixed gamma,coherent latent previous state,moment-matched,fixed gamma,current-frame truth,current forecast before Y_n
overall,2501,0.5627118728189671,0.2864403899408075,-0.07057724310203155,2.6775707329840324,0.9932027189124351,10.243257844718107,1.0,0.0,0.04377500130055222,0.5605951916428243,0.15616378610319698,0.07381440280383499,0.006797281087564974,0.6761454742170242,HorizontalScanPath_6,Horizontal,6,evaluation,coherent latent previous state | moment-matched | fixed gamma,coherent latent previous state,moment-matched,fixed gamma,current-frame truth,current posterior after Y_n
above_camera_ceiling,76,2.5280759222148035,1.3409150697488592,-1.0355563894561142,0.8060957532062585,0.7763157894736842,3.1303481979169456,1.0,0.0,1.3157488679765905,3.0561315126797948,1.6546606000461854,0.821312634146766,0.2236842105263158,1.1264894121718385,HorizontalScanPath_6,Horizontal,6,evaluation,coherent latent previous state | moment-matched | fixed gamma,coherent latent previous state,moment-matched,fixed gamma,current-frame truth,current posterior after Y_n
current_top_1pct,26,4.246579579963551,3.059438511514206,-3.059438511514206,0.7972754155431825,0.34615384615384615,3.059514403063739,1.0,0.0,3.7910670980860393,5.13448367881377,3.7910670980860393,2.398387146774441,0.6538461538461539,2.64314883794191,HorizontalScanPath_6,Horizontal,6,evaluation,coherent latent previous state | moment-matched | fixed gamma,coherent latent previous state,moment-matched,fixed gamma,current-frame truth,current posterior after Y_n
overall,2501,0.5152061423836415,0.15361873800583645,-0.06718674704963036,0.7159318740849122,0.9900039984006398,2.733641064049322,1.0,0.0,0.09384516806924811,0.7196301226875338,0.21457172611875733,0.032218740947632794,0.007996801279488205,0.2292371734053806,HorizontalScanPath_6,Horizontal,6,evaluation,coherent latent previous state | mean-only | development-recalibrated gamma,coherent latent previous state,mean-only,development-recalibrated gamma,current-frame truth,current forecast before Y_n
above_camera_ceiling,76,2.5652763846597324,1.346073177998284,-1.131776664508276,0.715931874084912,0.75,2.7488058752564752,1.0,0.0,1.580844079550009,3.583129174041329,1.8801693662805614,0.9579467316707465,0.23684210526315788,1.1452901638409234,HorizontalScanPath_6,Horizontal,6,evaluation,coherent latent previous state | mean-only | development-recalibrated gamma,coherent latent previous state,mean-only,development-recalibrated gamma,current-frame truth,current forecast before Y_n
current_top_1pct,26,4.320567762048285,3.1257989403577673,-3.1257989403577673,0.7159318740849122,0.2692307692307692,2.710378125719534,1.0,0.0,4.3660563993649415,6.034886723783232,4.3660563993649415,2.5262151369851598,0.6923076923076923,2.7389407168984956,HorizontalScanPath_6,Horizontal,6,evaluation,coherent latent previous state | mean-only | development-recalibrated gamma,coherent latent previous state,mean-only,development-recalibrated gamma,current-frame truth,current forecast before Y_n
overall,2501,0.5195073703963137,0.16840719979395635,-0.0844430510724981,0.6580106909902724,0.9876049580167933,2.5175073469653393,1.0,0.0,0.12012784947237677,0.7473438345755213,0.2561615297898962,0.07640671846034752,0.008796481407437025,0.2193954347582247,HorizontalScanPath_6,Horizontal,6,evaluation,coherent latent previous state | mean-only | development-recalibrated gamma,coherent latent previous state,mean-only,development-recalibrated gamma,current-frame truth,current posterior after Y_n
above_camera_ceiling,76,2.579081645031648,1.3605975978984086,-1.1084988382048275,0.6775792342608651,0.7236842105263158,2.609123581705568,1.0,0.0,1.5792754411017882,3.6576257002556014,1.9508936052598829,0.9823879007937104,0.23684210526315788,1.1462139884779352,HorizontalScanPath_6,Horizontal,6,evaluation,coherent latent previous state | mean-only | development-recalibrated gamma,coherent latent previous state,mean-only,development-recalibrated gamma,current-frame truth,current posterior after Y_n
current_top_1pct,26,4.342162793522203,3.1518356896866524,-3.1518356896866524,0.6967948846900591,0.23076923076923078,2.676440183239475,1.0,0.0,4.499411016993995,6.155069958912902,4.499411016993995,2.838005671577514,0.6923076923076923,2.7565163137014825,HorizontalScanPath_6,Horizontal,6,evaluation,coherent latent previous state | mean-only | development-recalibrated gamma,coherent latent previous state,mean-only,development-recalibrated gamma,current-frame truth,current posterior after Y_n
overall,2501,0.5152061423836415,0.15361873800583645,-0.06718674704963036,2.800719245193303,0.9932027189124351,10.700526572604774,1.0,0.0,0.042126379254767025,0.5396259414761782,0.09707362712275845,0.008048910552488102,0.006397441023590564,0.6925573782611345,HorizontalScanPath_6,Horizontal,6,evaluation,coherent latent previous state | moment-matched | development-recalibrated gamma,coherent latent previous state,moment-matched,development-recalibrated gamma,current-frame truth,current forecast before Y_n
above_camera_ceiling,76,2.5652763846597324,1.346073177998284,-1.131776664508276,0.8512709142912492,0.7763157894736842,3.2608181482367753,1.0,0.0,1.3897711412681952,3.0219079474934016,1.6136611468577367,0.8499891553567607,0.21052631578947367,1.1407790483621263,HorizontalScanPath_6,Horizontal,6,evaluation,coherent latent previous state | moment-matched | development-recalibrated gamma,coherent latent previous state,moment-matched,development-recalibrated gamma,current-frame truth,current forecast before Y_n
current_top_1pct,26,4.320567762048285,3.1257989403577673,-3.1257989403577673,0.8237487491641863,0.34615384615384615,3.1174780103995965,1.0,0.0,3.756207901088497,5.086683737755109,3.756207901088497,2.194742241658325,0.6153846153846154,2.6927864229117,HorizontalScanPath_6,Horizontal,6,evaluation,coherent latent previous state | moment-matched | development-recalibrated gamma,coherent latent previous state,moment-matched,development-recalibrated gamma,current-frame truth,current forecast before Y_n
overall,2501,0.5651021749081833,0.2865897124323774,-0.07076665583605601,2.6775707329840324,0.9932027189124351,10.243257844718107,1.0,0.0,0.04399524878787631,0.5638326183304753,0.15633660290738016,0.07381440280383499,0.006797281087564974,0.6762948293823045,HorizontalScanPath_6,Horizontal,6,evaluation,coherent latent previous state | moment-matched | development-recalibrated gamma,coherent latent previous state,moment-matched,development-recalibrated gamma,current-frame truth,current posterior after Y_n
above_camera_ceiling,76,2.545561137877916,1.3458289585832846,-1.0417895637692087,0.8060957532062585,0.7763157894736842,3.1303481979169456,1.0,0.0,1.3229967491055057,3.0756678741668684,1.6603476372470032,0.821312634146766,0.2236842105263158,1.131404376229283,HorizontalScanPath_6,Horizontal,6,evaluation,coherent latent previous state | moment-matched | development-recalibrated gamma,coherent latent previous state,moment-matched,development-recalibrated gamma,current-frame truth,current posterior after Y_n
current_top_1pct,26,4.277492453919819,3.0757303730375045,-3.0757303730375045,0.7972754155431825,0.34615384615384615,3.059514403063739,1.0,0.0,3.809971978721803,5.169038167344039,3.809971978721803,2.398387146774441,0.6538461538461539,2.6590120257653345,HorizontalScanPath_6,Horizontal,6,evaluation,coherent latent previous state | moment-matched | development-recalibrated gamma,coherent latent previous state,moment-matched,development-recalibrated gamma,current-frame truth,current posterior after Y_n
overall,2501,0.5990088303776293,0.024829461435739036,0.022877012053556144,0.7159318740849122,0.9976009596161536,2.733641064049322,1.0,0.0,-0.03195417452644781,0.8366841204594623,0.03468131862053983,2.479666221508238e-05,0.001999200319872051,0.18677645309923607,HorizontalScanPath_6,Horizontal,6,evaluation,strict oracle | exact previous state | fixed gamma,true previous state,exact state; innovation only,fixed gamma,current-frame truth,current forecast before Y_n
above_camera_ceiling,76,3.4361014037200066,0.7765150582719504,0.772652843059183,0.715931874084912,0.9210526315789473,2.7488058752564752,1.0,0.0,-1.0792267686737238,4.799480967531935,1.0846214372903489,0.10048461472159287,0.06578947368421052,0.8160448341687897,HorizontalScanPath_6,Horizontal,6,evaluation,strict oracle | exact previous state | fixed gamma,true previous state,exact state; innovation only,fixed gamma,current-frame truth,current forecast before Y_n
current_top_1pct,26,5.862083518695495,2.0868870344785933,2.0868870344785933,0.7159318740849122,0.8076923076923077,2.710378125719534,1.0,0.0,-2.9149240451767904,8.188046559860567,2.9149240451767904,0.23098141637899888,0.15384615384615385,1.9897497764218828,HorizontalScanPath_6,Horizontal,6,evaluation,strict oracle | exact previous state | fixed gamma,true previous state,exact state; innovation only,fixed gamma,current-frame truth,current forecast before Y_n
overall,2501,0.6048389030571112,0.07636388069610799,0.02674417552806253,0.6580564760419647,0.998000799680128,2.516812367486176,1.0,0.0,-0.037627363558610856,0.8527512203217731,0.12154777538461092,0.048403764687823155,0.001999200319872051,0.17856430989473604,HorizontalScanPath_6,Horizontal,6,evaluation,strict oracle | exact previous state | fixed gamma,true previous state,exact state; innovation only,fixed gamma,current-frame truth,current posterior after Y_n
above_camera_ceiling,76,3.4401899401679863,0.8431155521758725,0.8321806116404359,0.6818661905452607,0.9342105263157895,2.602926486634316,1.0,0.0,-1.1745140072844902,4.820985410772422,1.1934074006753348,0.22641505761364428,0.06578947368421052,0.813472081740737,HorizontalScanPath_6,Horizontal,6,evaluation,strict oracle | exact previous state | fixed gamma,true previous state,exact state; innovation only,fixed gamma,current-frame truth,current posterior after Y_n
current_top_1pct,26,5.864596223035149,2.1024835978946372,2.0918286794135974,0.6964791059434897,0.8461538461538461,2.6564685412706956,1.0,0.0,-2.9378069998829486,8.217326703520794,2.9554175028544427,0.33755513056474873,0.15384615384615385,1.978661220954949,HorizontalScanPath_6,Horizontal,6,evaluation,strict oracle | exact previous state | fixed gamma,true previous state,exact state; innovation only,fixed gamma,current-frame truth,current posterior after Y_n
overall,2501,0.4449100365689248,0.019103754494176034,0.01715130511199314,0.7159318740849122,0.9984006397441023,2.733641064049322,1.0,0.0,-0.023956616170938815,0.6214418615424808,0.02668376026503083,2.479666221508238e-05,0.001599360255897641,0.18134578843013086,HorizontalScanPath_6,Horizontal,6,evaluation,recalibrated oracle | exact previous state | development-recalibrated gamma,true previous state,exact state; innovation only,development-recalibrated gamma,current-frame truth,current forecast before Y_n
above_camera_ceiling,76,2.552060042217641,0.588094096944989,0.5842318817322215,0.715931874084912,0.9473684210526315,2.7488058752564752,1.0,0.0,-0.8160439601588816,3.5646688387489744,0.8214386287755067,0.10048461472159287,0.05263157894736842,0.6373330928867867,HorizontalScanPath_6,Horizontal,6,evaluation,recalibrated oracle | exact previous state | development-recalibrated gamma,true previous state,exact state; innovation only,development-recalibrated gamma,current-frame truth,current forecast before Y_n
current_top_1pct,26,4.359472925210847,1.5944047043155474,1.5944047043155474,0.7159318740849122,0.8461538461538461,2.710378125719534,1.0,0.0,-2.2270341104081712,6.08922871437038,2.2270341104081712,0.23098141637899888,0.15384615384615385,1.512696635462936,HorizontalScanPath_6,Horizontal,6,evaluation,recalibrated oracle | exact previous state | development-recalibrated gamma,true previous state,exact state; innovation only,development-recalibrated gamma,current-frame truth,current forecast before Y_n
overall,2501,0.45260126998604405,0.07063817375454504,0.02101846858649957,0.6580564760419647,0.9984006397441023,2.516812367486176,1.0,0.0,-0.029591247127745916,0.6412661056549501,0.11351165895374599,0.048403764687823155,0.001599360255897641,0.1731003350966308,HorizontalScanPath_6,Horizontal,6,evaluation,recalibrated oracle | exact previous state | development-recalibrated gamma,true previous state,exact state; innovation only,development-recalibrated gamma,current-frame truth,current posterior after Y_n
above_camera_ceiling,76,2.5568187054217253,0.6546945908489125,0.6437596503134759,0.6818661905452607,0.9473684210526315,2.602926486634316,1.0,0.0,-0.9100623336845793,3.583886450737749,0.928955727075424,0.22641505761364428,0.05263157894736842,0.6336641742399318,HorizontalScanPath_6,Horizontal,6,evaluation,recalibrated oracle | exact previous state | development-recalibrated gamma,true previous state,exact state; innovation only,development-recalibrated gamma,current-frame truth,current posterior after Y_n
current_top_1pct,26,4.361952806568844,1.6100012677315958,1.599346349250556,0.6964791059434897,0.8461538461538461,2.6564685412706956,1.0,0.0,-2.2468870038991344,6.112712989753641,2.264497506870629,0.33755513056474873,0.15384615384615385,1.5011465263258612,HorizontalScanPath_6,Horizontal,6,evaluation,recalibrated oracle | exact previous state | development-recalibrated gamma,true previous state,exact state; innovation only,development-recalibrated gamma,current-frame truth,current posterior after Y_n
overall,2501,0.4579396942940049,0.16790383551637905,0.07841107402757956,0.7159318740849122,0.9880047980807677,2.7309691775167124,1.0,0.0,-0.10952309411814189,0.6396414391792977,0.23452487812613443,0.09771296027830559,0.012395041983206718,0.22068344428894549,HorizontalScanPath_7,Horizontal,7,evaluation,hybrid previous state | mean-only | fixed gamma,hybrid previous state,mean-only,fixed gamma,current-frame truth,current forecast before Y_n
above_camera_ceiling,76,2.312812417646718,1.4015691113743625,-0.2981561256954818,0.715931874084912,0.6973684210526315,2.774400894073018,1.0,0.0,0.41645879515642203,3.2304923154914738,1.957685028573167,1.231108660101148,0.32894736842105265,1.1343824790316994,HorizontalScanPath_7,Horizontal,7,evaluation,hybrid previous state | mean-only | fixed gamma,hybrid previous state,mean-only,fixed gamma,current-frame truth,current forecast before Y_n
current_top_1pct,26,3.6316761331005414,2.3503762258808214,-2.1671246068593812,0.7159318740849122,0.5384615384615384,2.8129075627702753,1.0,0.0,3.026998357391687,5.0726560229525575,3.2829607270733945,1.5000183949004378,0.46153846153846156,2.024742197957954,HorizontalScanPath_7,Horizontal,7,evaluation,hybrid previous state | mean-only | fixed gamma,hybrid previous state,mean-only,fixed gamma,current-frame truth,current forecast before Y_n
overall,2501,0.4670524310011291,0.19288733826564894,0.04792608620606362,0.6584588549702785,0.9852059176329468,2.516824529635714,1.0,0.0,-0.072765771003862,0.6814543129647319,0.2961502210133157,0.16008263295979866,0.013994402239104359,0.214252385013118,HorizontalScanPath_7,Horizontal,7,evaluation,hybrid previous state | mean-only | fixed gamma,hybrid previous state,mean-only,fixed gamma,current-frame truth,current posterior after Y_n
above_camera_ceiling,76,2.3355605063389246,1.4108514945463422,-0.37273607964684397,0.6945922695952864,0.6447368421052632,2.643769009406372,1.0,0.0,0.5269065596936782,3.3161057169876944,2.019383102237913,1.3313244155863182,0.34210526315789475,1.1602947221440727,HorizontalScanPath_7,Horizontal,7,evaluation,hybrid previous state | mean-only | fixed gamma,hybrid previous state,mean-only,fixed gamma,current-frame truth,current posterior after Y_n
current_top_1pct,26,3.693554299805017,2.4309102376781593,-2.261475023649793,0.700352906500731,0.5,2.659287855235275,1.0,0.0,3.2204966520372573,5.231919274218522,3.4591086953308556,1.8228095591228946,0.5,2.1371559418986164,HorizontalScanPath_7,Horizontal,7,evaluation,hybrid previous state | mean-only | fixed gamma,hybrid previous state,mean-only,fixed gamma,current-frame truth,current posterior after Y_n
overall,2501,0.4579396942940049,0.16790383551637905,0.07841107402757956,0.7303355565996515,0.995201919232307,2.7865503311518487,1.0,0.0,-0.11109006901624312,0.42566655247357116,0.20825773356598312,0.09719843652823991,0.004798080767692923,0.21829630051443918,HorizontalScanPath_7,Horizontal,7,evaluation,hybrid previous state | moment-matched | fixed gamma,hybrid previous state,moment-matched,fixed gamma,current-frame truth,current forecast before Y_n
above_camera_ceiling,76,2.312812417646718,1.4015691113743625,-0.2981561256954818,1.1261199810293594,0.8421052631578947,4.360458045529587,1.0,0.0,0.25175593428608484,1.8380760646728362,1.2069406169410914,0.7734130589974504,0.15789473684210525,1.0784622666826766,HorizontalScanPath_7,Horizontal,7,evaluation,hybrid previous state | moment-matched | fixed gamma,hybrid previous state,moment-matched,fixed gamma,current-frame truth,current forecast before Y_n
current_top_1pct,26,3.6316761331005414,2.3503762258808214,-2.1671246068593812,1.1926473190737414,0.6538461538461539,4.671067916741555,1.0,0.0,1.7848655709222072,2.813058326596586,1.9538397943179657,0.9749695218618957,0.3076923076923077,1.9382517144416933,HorizontalScanPath_7,Horizontal,7,evaluation,hybrid previous state | moment-matched | fixed gamma,hybrid previous state,moment-matched,fixed gamma,current-frame truth,current forecast before Y_n
overall,2501,0.5010798102292184,0.19402798025644494,0.03264530899700615,0.6664259897496916,0.9920031987205118,2.5464949913829615,1.0,0.0,-0.06140712959007512,0.5497556982018625,0.27691534997662187,0.16008202552363057,0.007996801279488205,0.2145428012313173,HorizontalScanPath_7,Horizontal,7,evaluation,hybrid previous state | moment-matched | fixed gamma,hybrid previous state,moment-matched,fixed gamma,current-frame truth,current posterior after Y_n
above_camera_ceiling,76,2.6079771388896678,1.6078559241484025,-0.8848755037046839,0.9215538486828088,0.75,3.4937009899998426,1.0,0.0,0.8978497400115293,2.5362599676905457,1.6810269433642946,1.0719019377422767,0.25,1.2810880560823414,HorizontalScanPath_7,Horizontal,7,evaluation,hybrid previous state | moment-matched | fixed gamma,hybrid previous state,moment-matched,fixed gamma,current-frame truth,current posterior after Y_n
current_top_1pct,26,4.209232990821585,3.0241194347783713,-2.880234668600414,0.9789087110714849,0.5,3.6508640519838726,1.0,0.0,2.889926421889447,4.011287725244294,3.034277466629675,1.961169478341899,0.5,2.5767140559736754,HorizontalScanPath_7,Horizontal,7,evaluation,hybrid previous state | moment-matched | fixed gamma,hybrid previous state,moment-matched,fixed gamma,current-frame truth,current posterior after Y_n
overall,2501,0.45988124654674145,0.16800240087737697,0.0782800000576792,0.7159318740849122,0.9880047980807677,2.7309691775167124,1.0,0.0,-0.10934001249453366,0.6423533623706182,0.23466255234426295,0.09771296027830559,0.012395041983206718,0.22079066248576137,HorizontalScanPath_7,Horizontal,7,evaluation,hybrid previous state | mean-only | development-recalibrated gamma,hybrid previous state,mean-only,development-recalibrated gamma,current-frame truth,current forecast before Y_n
above_camera_ceiling,76,2.325455452012363,1.4048126898987805,-0.3024694940997026,0.715931874084912,0.6973684210526315,2.774400894073018,1.0,0.0,0.42248362595437206,3.248151864986745,1.9622155972513167,1.231108660101148,0.32894736842105265,1.13791080416639,HorizontalScanPath_7,Horizontal,7,evaluation,hybrid previous state | mean-only | development-recalibrated gamma,hybrid previous state,mean-only,development-recalibrated gamma,current-frame truth,current forecast before Y_n
current_top_1pct,26,3.655199853604741,2.359857455413736,-2.179732914502488,0.7159318740849122,0.5384615384615384,2.8129075627702753,1.0,0.0,3.0446094012626173,5.10551350752016,3.296203927824909,1.5000183949004378,0.46153846153846156,2.0350557637362803,HorizontalScanPath_7,Horizontal,7,evaluation,hybrid previous state | mean-only | development-recalibrated gamma,hybrid previous state,mean-only,development-recalibrated gamma,current-frame truth,current forecast before Y_n
overall,2501,0.4689690332986519,0.19298590362664686,0.04779501223616326,0.6584588549702785,0.9852059176329468,2.516824529635714,1.0,0.0,-0.0725814967388675,0.6840498606260684,0.2962886884484434,0.16008263295979866,0.013994402239104359,0.2143588205667573,HorizontalScanPath_7,Horizontal,7,evaluation,hybrid previous state | mean-only | development-recalibrated gamma,hybrid previous state,mean-only,development-recalibrated gamma,current-frame truth,current posterior after Y_n
above_camera_ceiling,76,2.3481650310456255,1.4140950730707604,-0.3770494480510648,0.6945922695952864,0.6447368421052632,2.643769009406372,1.0,0.0,0.5329706378088257,3.333645198925132,2.023939774017579,1.32079333881056,0.34210526315789475,1.163797292139493,HorizontalScanPath_7,Horizontal,7,evaluation,hybrid previous state | mean-only | development-recalibrated gamma,hybrid previous state,mean-only,development-recalibrated gamma,current-frame truth,current posterior after Y_n
current_top_1pct,26,3.716841471905638,2.440391467211074,-2.2740833312929,0.700352906500731,0.5,2.659287855235275,1.0,0.0,3.2382224188353805,5.264399972136343,3.4724281974560323,1.8228095591228946,0.5,2.147394223423691,HorizontalScanPath_7,Horizontal,7,evaluation,hybrid previous state | mean-only | development-recalibrated gamma,hybrid previous state,mean-only,development-recalibrated gamma,current-frame truth,current posterior after Y_n
overall,2501,0.45988124654674145,0.16800240087737697,0.0782800000576792,0.7303355565996515,0.995201919232307,2.7865503311518487,1.0,0.0,-0.11098887932131979,0.4266496215307072,0.20833264101344254,0.09719843652823991,0.004798080767692923,0.2184044432443704,HorizontalScanPath_7,Horizontal,7,evaluation,hybrid previous state | moment-matched | development-recalibrated gamma,hybrid previous state,moment-matched,development-recalibrated gamma,current-frame truth,current forecast before Y_n
above_camera_ceiling,76,2.325455452012363,1.4048126898987805,-0.3024694940997026,1.1261199810293594,0.8421052631578947,4.360458045529586,1.0,0.0,0.2550858741150746,1.8455613434789102,1.2094056633370909,0.7734130589974504,0.15789473684210525,1.0820210162558068,HorizontalScanPath_7,Horizontal,7,evaluation,hybrid previous state | moment-matched | development-recalibrated gamma,hybrid previous state,moment-matched,development-recalibrated gamma,current-frame truth,current forecast before Y_n
current_top_1pct,26,3.655199853604741,2.359857455413736,-2.179732914502488,1.1926473190737414,0.6538461538461539,4.671067916741554,1.0,0.0,1.7945992411915623,2.827347750775872,1.9610453145524254,0.9665845023432653,0.3076923076923077,1.94865421319392,HorizontalScanPath_7,Horizontal,7,evaluation,hybrid previous state | moment-matched | development-recalibrated gamma,hybrid previous state,moment-matched,development-recalibrated gamma,current-frame truth,current forecast before Y_n
overall,2501,0.5030224577282281,0.19414486652314145,0.03251423502710587,0.6664259897496916,0.9920031987205118,2.5464949913829615,1.0,0.0,-0.061290358447134693,0.5509491527101529,0.2770177846570364,0.16008202552363057,0.007996801279488205,0.21465540792267515,HorizontalScanPath_7,Horizontal,7,evaluation,hybrid previous state | moment-matched | development-recalibrated gamma,hybrid previous state,moment-matched,development-recalibrated gamma,current-frame truth,current posterior after Y_n
above_camera_ceiling,76,2.6202548440882407,1.6117024051090336,-0.8891888721089024,0.9215538486828088,0.75,3.4937009899998426,1.0,0.0,0.9016924324917134,2.5447679243779175,1.6843978530447778,1.0719019377422767,0.25,1.2847937052282095,HorizontalScanPath_7,Horizontal,7,evaluation,hybrid previous state | moment-matched | development-recalibrated gamma,hybrid previous state,moment-matched,development-recalibrated gamma,current-frame truth,current posterior after Y_n
current_top_1pct,26,4.2314627138319185,3.0353629945094465,-2.8928429762435144,0.9789087110714849,0.5,3.6508640519838726,1.0,0.0,2.901158907600755,4.027007746452959,3.0441308949264725,1.961169478341899,0.5,2.5875459534769822,HorizontalScanPath_7,Horizontal,7,evaluation,hybrid previous state | moment-matched | development-recalibrated gamma,hybrid previous state,moment-matched,development-recalibrated gamma,current-frame truth,current posterior after Y_n
overall,2501,0.5128900291549163,0.17615198636590143,-0.022866194492176233,0.7159318740849122,0.9760095961615354,2.730969177516713,1.0,0.0,0.03193906476283555,0.7163950198620234,0.246045738068381,0.03585223803970727,0.02039184326269492,0.24231377136888124,HorizontalScanPath_7,Horizontal,7,evaluation,coherent latent previous state | mean-only | fixed gamma,coherent latent previous state,mean-only,fixed gamma,current-frame truth,current forecast before Y_n
above_camera_ceiling,76,2.3268968792011604,1.4380576330109331,-0.21966170022334472,0.715931874084912,0.6447368421052632,2.774400894073018,1.0,0.0,0.306819277328742,3.250165223018387,2.0086515003247,1.321104919468905,0.35526315789473684,1.1583551342807106,HorizontalScanPath_7,Horizontal,7,evaluation,coherent latent previous state | mean-only | fixed gamma,coherent latent previous state,mean-only,fixed gamma,current-frame truth,current forecast before Y_n
current_top_1pct,26,3.631671501376644,2.348365732330583,-2.169983223968411,0.7159318740849122,0.5384615384615384,2.8129075627702753,1.0,0.0,3.030991219300069,5.072649553448872,3.2801525079913656,1.4933482191909353,0.46153846153846156,2.022662484736825,HorizontalScanPath_7,Horizontal,7,evaluation,coherent latent previous state | mean-only | fixed gamma,coherent latent previous state,mean-only,fixed gamma,current-frame truth,current forecast before Y_n
overall,2501,0.5071438029653507,0.18826439593149316,-0.0531759312636102,0.6584588549702785,0.9784086365453818,2.516824529635714,1.0,0.0,0.07449983172208831,0.731914731151712,0.285964623692524,0.087521677546711,0.01919232307077169,0.2291114769583054,HorizontalScanPath_7,Horizontal,7,evaluation,coherent latent previous state | mean-only | fixed gamma,coherent latent previous state,mean-only,fixed gamma,current-frame truth,current posterior after Y_n
above_camera_ceiling,76,2.346707623198038,1.4311224336282045,-0.29571362815473295,0.6945922695952864,0.618421052631579,2.643769009406371,1.0,0.0,0.41731580496504617,3.3305738888960397,2.045861737013636,1.3496368267118544,0.35526315789473684,1.178044633652665,HorizontalScanPath_7,Horizontal,7,evaluation,coherent latent previous state | mean-only | fixed gamma,coherent latent previous state,mean-only,fixed gamma,current-frame truth,current posterior after Y_n
current_top_1pct,26,3.695066942352277,2.4306473582232093,-2.2663921907168136,0.7003529065007311,0.5,2.659287855235266,1.0,0.0,3.227739339745629,5.234172436238784,3.459042216146897,1.827389257456072,0.5,2.136807950861408,HorizontalScanPath_7,Horizontal,7,evaluation,coherent latent previous state | mean-only | fixed gamma,coherent latent previous state,mean-only,fixed gamma,current-frame truth,current posterior after Y_n
overall,2501,0.5128900291549163,0.17615198636590143,-0.022866194492176233,2.7820227519707514,0.9956017592962815,10.61333643384437,1.0,0.0,-0.004083112810552988,0.35655373024440734,0.09557357028649995,0.008206950661475736,0.004798080767692923,0.6922156061783554,HorizontalScanPath_7,Horizontal,7,evaluation,coherent latent previous state | moment-matched | fixed gamma,coherent latent previous state,moment-matched,fixed gamma,current-frame truth,current forecast before Y_n
above_camera_ceiling,76,2.3268968792011604,1.4380576330109331,-0.21966170022334472,1.180833408843224,0.8552631578947368,4.569827699343655,1.0,0.0,0.18267495805570202,1.8367231204623602,1.2101991987465774,0.8286356573801373,0.15789473684210525,1.0998437761721418,HorizontalScanPath_7,Horizontal,7,evaluation,coherent latent previous state | moment-matched | fixed gamma,coherent latent previous state,moment-matched,fixed gamma,current-frame truth,current forecast before Y_n
current_top_1pct,26,3.631671501376644,2.348365732330583,-2.169983223968411,1.2044951805711677,0.6923076923076923,4.7160361174055545,1.0,0.0,1.7793832809977583,2.807730188068043,1.9413724634870715,0.9427445830064592,0.3076923076923077,1.9362504083551704,HorizontalScanPath_7,Horizontal,7,evaluation,coherent latent previous state | moment-matched | fixed gamma,coherent latent previous state,moment-matched,fixed gamma,current-frame truth,current forecast before Y_n
overall,2501,0.6584375970035125,0.3936465436388036,-0.10017562335256466,2.6044765997058037,0.9924030387844862,9.962360057548251,1.0,0.0,0.040414457044771174,0.48840758496989367,0.19359347350530562,0.11075165435156872,0.007197121151539384,0.6755767195392413,HorizontalScanPath_7,Horizontal,7,evaluation,coherent latent previous state | moment-matched | fixed gamma,coherent latent previous state,moment-matched,fixed gamma,current-frame truth,current posterior after Y_n
above_camera_ceiling,76,2.566969345212688,1.5804602518359632,-0.7419924594315455,0.9526446251159101,0.75,3.606790627719141,1.0,0.0,0.7628672686952626,2.521143544814912,1.6477690327986296,1.041145917535503,0.23684210526315788,1.2656498213059013,HorizontalScanPath_7,Horizontal,7,evaluation,coherent latent previous state | moment-matched | fixed gamma,coherent latent previous state,moment-matched,fixed gamma,current-frame truth,current posterior after Y_n
current_top_1pct,26,4.138329995806081,2.9385786847960387,-2.8239309886662625,0.970349171959637,0.5,3.6790922682347706,1.0,0.0,2.867658369920018,3.9992001668407084,2.983031479775393,1.8549713572396844,0.46153846153846156,2.50545895573574,HorizontalScanPath_7,Horizontal,7,evaluation,coherent latent previous state | moment-matched | fixed gamma,coherent latent previous state,moment-matched,fixed gamma,current-frame truth,current posterior after Y_n
overall,2501,0.5153073811127921,0.17628897800690566,-0.023048368412585923,0.7159318740849122,0.9760095961615354,2.730969177516713,1.0,0.0,0.03219352182363137,0.7197715310153583,0.24623708538222888,0.03585223803970727,0.02039184326269492,0.24246303854620466,HorizontalScanPath_7,Horizontal,7,evaluation,coherent latent previous state | mean-only | development-recalibrated gamma,coherent latent previous state,mean-only,development-recalibrated gamma,current-frame truth,current forecast before Y_n
above_camera_ceiling,76,2.34440656737969,1.4425657395129277,-0.2256566604199846,0.715931874084912,0.6447368421052632,2.774400894073018,1.0,0.0,0.31519292350045697,3.2746224218278552,2.014948337586984,1.306628795023569,0.35526315789473684,1.1632672028397364,HorizontalScanPath_7,Horizontal,7,evaluation,coherent latent previous state | mean-only | development-recalibrated gamma,coherent latent previous state,mean-only,development-recalibrated gamma,current-frame truth,current forecast before Y_n
current_top_1pct,26,3.6644406557833182,2.3615432744133367,-2.187506953773974,0.7159318740849122,0.5384615384615384,2.8129075627702753,1.0,0.0,3.0554680311866202,5.118420883924357,3.2985586476811184,1.4933482191909353,0.46153846153846156,2.0370208389862845,HorizontalScanPath_7,Horizontal,7,evaluation,coherent latent previous state | mean-only | development-recalibrated gamma,coherent latent previous state,mean-only,development-recalibrated gamma,current-frame truth,current forecast before Y_n
overall,2501,0.5096052562424518,0.18840138757249733,-0.053358105184019886,0.6584588549702785,0.9784086365453818,2.516824529635714,1.0,0.0,0.07475594638246047,0.7352846180058831,0.28615707346363783,0.08750786815744005,0.01919232307077169,0.22925956979122125,HorizontalScanPath_7,Horizontal,7,evaluation,coherent latent previous state | mean-only | development-recalibrated gamma,coherent latent previous state,mean-only,development-recalibrated gamma,current-frame truth,current posterior after Y_n
above_camera_ceiling,76,2.3641900534374196,1.4356305401301976,-0.3017085883513729,0.6945922695952864,0.618421052631579,2.643769009406371,1.0,0.0,0.42574399924913525,3.3549111456345817,2.0521948538235777,1.3496368267118544,0.35526315789473684,1.1829180570095421,HorizontalScanPath_7,Horizontal,7,evaluation,coherent latent previous state | mean-only | development-recalibrated gamma,coherent latent previous state,mean-only,development-recalibrated gamma,current-frame truth,current posterior after Y_n
current_top_1pct,26,3.727500275291868,2.4438249003059584,-2.283915920522376,0.7003529065007311,0.5,2.659287855235266,1.0,0.0,3.2523755999606587,5.279409466514019,3.4775544037451884,1.827389257456072,0.5,2.1510533422122795,HorizontalScanPath_7,Horizontal,7,evaluation,coherent latent previous state | mean-only | development-recalibrated gamma,coherent latent previous state,mean-only,development-recalibrated gamma,current-frame truth,current posterior after Y_n
overall,2501,0.5153073811127921,0.17628897800690566,-0.023048368412585923,2.7820227519707514,0.9956017592962815,10.61333643384437,1.0,0.0,-0.003947205884036771,0.35816799666280924,0.09567450381231625,0.008206950661475736,0.004798080767692923,0.6923650674359576,HorizontalScanPath_7,Horizontal,7,evaluation,coherent latent previous state | moment-matched | development-recalibrated gamma,coherent latent previous state,moment-matched,development-recalibrated gamma,current-frame truth,current forecast before Y_n
above_camera_ceiling,76,2.34440656737969,1.4425657395129277,-0.2256566604199846,1.180833408843224,0.8552631578947368,4.569827699343655,1.0,0.0,0.18714736888750544,1.8470298717101792,1.2135207085895585,0.8286356573801373,0.15789473684210525,1.1047622315045533,HorizontalScanPath_7,Horizontal,7,evaluation,coherent latent previous state | moment-matched | development-recalibrated gamma,coherent latent previous state,moment-matched,development-recalibrated gamma,current-frame truth,current forecast before Y_n
current_top_1pct,26,3.6644406557833182,2.3615432744133367,-2.187506953773974,1.2044951805711677,0.6923076923076923,4.7160361174055545,1.0,0.0,1.792456481890722,2.827424765989549,1.9510814922588624,0.9313392596480767,0.3076923076923077,1.9506274316345273,HorizontalScanPath_7,Horizontal,7,evaluation,coherent latent previous state | moment-matched | development-recalibrated gamma,coherent latent previous state,moment-matched,development-recalibrated gamma,current-frame truth,current forecast before Y_n
overall,2501,0.6605014237240896,0.39380899869728975,-0.10035779727297431,2.6044765997058037,0.9920031987205118,9.962360057548251,1.0,0.0,0.040575087796215256,0.49035746425477705,0.1937344146662528,0.11075165435156872,0.007197121151539384,0.6757366743741335,HorizontalScanPath_7,Horizontal,7,evaluation,coherent latent previous state | moment-matched | development-recalibrated gamma,coherent latent previous state,moment-matched,development-recalibrated gamma,current-frame truth,current posterior after Y_n
above_camera_ceiling,76,2.5843585153103814,1.5858063058000924,-0.7479874196281839,0.9526446251159101,0.7368421052631579,3.606790627719141,1.0,0.0,0.7681532885552842,2.5335683580674013,1.6524071096871678,1.041145917535503,0.23684210526315788,1.2709135981751898,HorizontalScanPath_7,Horizontal,7,evaluation,coherent latent previous state | moment-matched | development-recalibrated gamma,coherent latent previous state,moment-matched,development-recalibrated gamma,current-frame truth,current posterior after Y_n
current_top_1pct,26,4.169846105142919,2.954205611768108,-2.841454718471821,0.970349171959637,0.46153846153846156,3.6790922682347706,1.0,0.0,2.883109812587774,4.022086829405704,2.9965889352957342,1.86249284209687,0.46153846153846156,2.520845380430583,HorizontalScanPath_7,Horizontal,7,evaluation,coherent latent previous state | moment-matched | development-recalibrated gamma,coherent latent previous state,moment-matched,development-recalibrated gamma,current-frame truth,current posterior after Y_n
overall,2501,0.5785443522028496,0.024058837830279987,0.021990596004058397,0.7159318740849122,0.998000799680128,2.7309691775167124,1.0,0.0,-0.03071604547872138,0.8080997272852697,0.03360492625227985,3.995111866544226e-05,0.001999200319872051,0.18632915702180441,HorizontalScanPath_7,Horizontal,7,evaluation,strict oracle | exact previous state | fixed gamma,true previous state,exact state; innovation only,fixed gamma,current-frame truth,current forecast before Y_n
above_camera_ceiling,76,3.318694277289516,0.7496426148374269,0.7447801519861792,0.715931874084912,0.9342105263157895,2.774400894073018,1.0,0.0,-1.0402947248830625,4.635488930467575,1.047086520341901,0.1043371228389606,0.06578947368421052,0.7968761900606695,HorizontalScanPath_7,Horizontal,7,evaluation,strict oracle | exact previous state | fixed gamma,true previous state,exact state; innovation only,fixed gamma,current-frame truth,current forecast before Y_n
current_top_1pct,26,5.673413787822471,2.1047799174750557,2.1047799174750557,0.7159318740849122,0.8076923076923077,2.8129075627702753,1.0,0.0,-2.9399164832063627,7.924516274783965,2.9399164832063627,0.2524000490437882,0.19230769230769232,2.0014629655900467,HorizontalScanPath_7,Horizontal,7,evaluation,strict oracle | exact previous state | fixed gamma,true previous state,exact state; innovation only,fixed gamma,current-frame truth,current forecast before Y_n
overall,2501,0.5846036734336494,0.07932366017093566,0.02541863786753894,0.6580283342728904,0.998000799680128,2.514897510662874,1.0,0.0,-0.03595152179809771,0.8259755474901324,0.12689740768830715,0.053387804040680865,0.001999200319872051,0.1780590385721125,HorizontalScanPath_7,Horizontal,7,evaluation,strict oracle | exact previous state | fixed gamma,true previous state,exact state; innovation only,fixed gamma,current-frame truth,current posterior after Y_n
above_camera_ceiling,76,3.3199710781761858,0.8293766854658607,0.8239007573921234,0.682810810312184,0.9342105263157895,2.6212000815303313,1.0,0.0,-1.1708875863311508,4.657160894628546,1.1795924464462153,0.21494755687088324,0.06578947368421052,0.7956371592840533,HorizontalScanPath_7,Horizontal,7,evaluation,strict oracle | exact previous state | fixed gamma,true previous state,exact state; innovation only,fixed gamma,current-frame truth,current posterior after Y_n
current_top_1pct,26,5.670100627425763,2.1194044292367424,2.1102596463945726,0.69939886536632,0.8076923076923077,2.7056248284123816,1.0,0.0,-2.968602430231452,7.951633277594232,2.983652974405977,0.31733477561428713,0.19230769230769232,1.9822337729843214,HorizontalScanPath_7,Horizontal,7,evaluation,strict oracle | exact previous state | fixed gamma,true previous state,exact state; innovation only,fixed gamma,current-frame truth,current posterior after Y_n
overall,2501,0.4291001457062399,0.01855195105187305,0.016483709225651462,0.7159318740849122,0.9984006397441023,2.7309691775167124,1.0,0.0,-0.023024130957600628,0.5993589072350017,0.025913011731159105,3.995111866544226e-05,0.001599360255897641,0.18093913524923666,HorizontalScanPath_7,Horizontal,7,evaluation,recalibrated oracle | exact previous state | development-recalibrated gamma,true previous state,exact state; innovation only,development-recalibrated gamma,current-frame truth,current forecast before Y_n
above_camera_ceiling,76,2.4613497633693378,0.5684225644059039,0.5635601015546562,0.715931874084912,0.9473684210526315,2.774400894073018,1.0,0.0,-0.7871700114972334,3.437966449692408,0.793961806956072,0.1043371228389606,0.05263157894736842,0.619501920939722,HorizontalScanPath_7,Horizontal,7,evaluation,recalibrated oracle | exact previous state | development-recalibrated gamma,true previous state,exact state; innovation only,development-recalibrated gamma,current-frame truth,current forecast before Y_n
current_top_1pct,26,4.207415872919366,1.5750597700598343,1.5750597700598343,0.7159318740849122,0.8461538461538461,2.8129075627702753,1.0,0.0,-2.2000134748477844,5.8768383211002995,2.2000134748477844,0.2524000490437882,0.15384615384615385,1.4829843327749699,HorizontalScanPath_7,Horizontal,7,evaluation,recalibrated oracle | exact previous state | development-recalibrated gamma,true previous state,exact state; innovation only,development-recalibrated gamma,current-frame truth,current forecast before Y_n
overall,2501,0.43734246496739043,0.07381677339252875,0.019911751089132027,0.6580283342728904,0.9984006397441023,2.514897510662874,1.0,0.0,-0.028209500140423595,0.621589433412222,0.11915538603063301,0.053387804040680865,0.001599360255897641,0.1726824011304911,HorizontalScanPath_7,Horizontal,7,evaluation,recalibrated oracle | exact previous state | development-recalibrated gamma,true previous state,exact state; innovation only,development-recalibrated gamma,current-frame truth,current posterior after Y_n
above_camera_ceiling,76,2.46369628599132,0.6481566350343385,0.6426807069606012,0.682810810312184,0.9473684210526315,2.6212000815303313,1.0,0.0,-0.916113952570059,3.4573032957644716,0.9248188126851233,0.21494755687088324,0.05263157894736842,0.6187033403170119,HorizontalScanPath_7,Horizontal,7,evaluation,recalibrated oracle | exact previous state | development-recalibrated gamma,true previous state,exact state; innovation only,development-recalibrated gamma,current-frame truth,current posterior after Y_n
current_top_1pct,26,4.2040183062858345,1.5896842818215235,1.580539498979354,0.69939886536632,0.8461538461538461,2.7056248284123816,1.0,0.0,-2.223879500775953,5.896507932760776,2.2389300449504783,0.31733477561428713,0.15384615384615385,1.4650426098498928,HorizontalScanPath_7,Horizontal,7,evaluation,recalibrated oracle | exact previous state | development-recalibrated gamma,true previous state,exact state; innovation only,development-recalibrated gamma,current-frame truth,current posterior after Y_n
overall,2501,0.4555324002108319,0.16552458153510463,0.06719878924716921,0.7159318740849122,0.9924030387844862,2.7377514020063187,1.0,0.0,-0.09386198838131235,0.6362789766736996,0.23120158150057837,0.10043383634825112,0.006797281087564974,0.21752423593765977,HorizontalScanPath_8,Horizontal,8,evaluation,hybrid previous state | mean-only | fixed gamma,hybrid previous state,mean-only,fixed gamma,current-frame truth,current forecast before Y_n
above_camera_ceiling,76,2.275764896981184,1.2520505017895283,-0.4944539381861052,0.715931874084912,0.8157894736842105,2.724119979095609,1.0,0.0,0.6906438392872296,3.1787450445477305,1.7488402837069805,1.1391616122141337,0.15789473684210525,1.0050761291474313,HorizontalScanPath_8,Horizontal,8,evaluation,hybrid previous state | mean-only | fixed gamma,hybrid previous state,mean-only,fixed gamma,current-frame truth,current forecast before Y_n
current_top_1pct,26,3.745558509226722,2.4121696999135533,-2.382933848013638,0.7159318740849122,0.5384615384615384,2.788534052470418,1.0,0.0,3.3284365932993962,5.231724755954201,3.3692726741587435,1.8440142551721608,0.38461538461538464,2.081718275837483,HorizontalScanPath_8,Horizontal,8,evaluation,hybrid previous state | mean-only | fixed gamma,hybrid previous state,mean-only,fixed gamma,current-frame truth,current forecast before Y_n
overall,2501,0.4615512419224442,0.1862172585763976,0.05672964024056389,0.6583768463952706,0.9908036785285885,2.515426492490911,1.0,0.0,-0.08838541208044762,0.6690245216890067,0.2856857551431153,0.15850595722040273,0.007197121151539384,0.20876347552934552,HorizontalScanPath_8,Horizontal,8,evaluation,hybrid previous state | mean-only | fixed gamma,hybrid previous state,mean-only,fixed gamma,current-frame truth,current posterior after Y_n
above_camera_ceiling,76,2.2798175015067894,1.2385637766821507,-0.5296169803264145,0.6907583225441039,0.7631578947368421,2.628218424343921,1.0,0.0,0.7313911145050792,3.2273692427210063,1.7725441661853594,1.1520566950177415,0.17105263157894737,1.002125334507963,HorizontalScanPath_8,Horizontal,8,evaluation,hybrid previous state | mean-only | fixed gamma,hybrid previous state,mean-only,fixed gamma,current-frame truth,current posterior after Y_n
current_top_1pct,26,3.766328598809728,2.4496413570688778,-2.4187063916946445,0.7003537773998113,0.46153846153846156,2.6689224630705723,1.0,0.0,3.4260395961221657,5.320135508477338,3.469539954227578,1.9054991447792284,0.4230769230769231,2.124294186470553,HorizontalScanPath_8,Horizontal,8,evaluation,hybrid previous state | mean-only | fixed gamma,hybrid previous state,mean-only,fixed gamma,current-frame truth,current posterior after Y_n
overall,2501,0.4555324002108319,0.16552458153510463,0.06719878924716921,0.7240295728338018,0.9948020791683326,2.7685306991310483,1.0,0.0,-0.09667923004345556,0.5173336268979658,0.215802119138827,0.10021589540114924,0.005197920831667333,0.2163245486360848,HorizontalScanPath_8,Horizontal,8,evaluation,hybrid previous state | moment-matched | fixed gamma,hybrid previous state,moment-matched,fixed gamma,current-frame truth,current forecast before Y_n
above_camera_ceiling,76,2.275764896981184,1.2520505017895283,-0.4944539381861052,0.9553440145175983,0.8947368421052632,3.632890712855066,1.0,0.0,0.5304697669240243,2.433055736351301,1.3095867822848943,0.8318007864335029,0.10526315789473684,0.9743915131025143,HorizontalScanPath_8,Horizontal,8,evaluation,hybrid previous state | moment-matched | fixed gamma,hybrid previous state,moment-matched,fixed gamma,current-frame truth,current forecast before Y_n
current_top_1pct,26,3.745558509226722,2.4121696999135533,-2.382933848013638,0.9778352917006755,0.6923076923076923,3.8067965059973554,1.0,0.0,2.5065528104561428,4.015736997180259,2.531593826854902,1.3682759246237715,0.3076923076923077,2.00974058282701,HorizontalScanPath_8,Horizontal,8,evaluation,hybrid previous state | moment-matched | fixed gamma,hybrid previous state,moment-matched,fixed gamma,current-frame truth,current forecast before Y_n
overall,2501,0.46038472762366084,0.1859893377731673,0.05782657530952864,0.6662927805675202,0.9956017592962815,2.5466252097446684,1.0,0.0,-0.09285744397029137,0.5522379880536807,0.26973758884100135,0.15651425789236126,0.004798080767692923,0.20798979919857874,HorizontalScanPath_8,Horizontal,8,evaluation,hybrid previous state | moment-matched | fixed gamma,hybrid previous state,moment-matched,fixed gamma,current-frame truth,current posterior after Y_n
above_camera_ceiling,76,2.2756966330184607,1.238672755122762,-0.4989617177818852,0.9246844364685423,0.9078947368421053,3.561068405929673,1.0,0.0,0.5289753445720728,2.467112375785231,1.3275781545650402,0.8047610534019415,0.10526315789473684,0.9667946937681695,HorizontalScanPath_8,Horizontal,8,evaluation,hybrid previous state | moment-matched | fixed gamma,hybrid previous state,moment-matched,fixed gamma,current-frame truth,current posterior after Y_n
current_top_1pct,26,3.7514514518566053,2.432913615604598,-2.4043121006179344,0.9592800222314146,0.7307692307692307,3.698916753306555,1.0,0.0,2.567781939445825,4.069065886219532,2.5924141725789047,1.4038960565361154,0.3076923076923077,2.0281187637876568,HorizontalScanPath_8,Horizontal,8,evaluation,hybrid previous state | moment-matched | fixed gamma,hybrid previous state,moment-matched,fixed gamma,current-frame truth,current posterior after Y_n
overall,2501,0.457618609870359,0.16564182143206616,0.0670685828274248,0.7159318740849122,0.9924030387844862,2.7377514020063187,1.0,0.0,-0.0936801185352312,0.6391929545744512,0.23136533995470693,0.10043383634825112,0.006797281087564974,0.21763772821484778,HorizontalScanPath_8,Horizontal,8,evaluation,hybrid previous state | mean-only | development-recalibrated gamma,hybrid previous state,mean-only,development-recalibrated gamma,current-frame truth,current forecast before Y_n
above_camera_ceiling,76,2.289496933970743,1.255908619977696,-0.4987387573411155,0.715931874084912,0.8157894736842105,2.724119979095609,1.0,0.0,0.696628793037874,3.1979256921576877,1.7542292296777113,1.1391616122141337,0.15789473684210525,1.0088109210585794,HorizontalScanPath_8,Horizontal,8,evaluation,hybrid previous state | mean-only | development-recalibrated gamma,hybrid previous state,mean-only,development-recalibrated gamma,current-frame truth,current forecast before Y_n
current_top_1pct,26,3.7701202292686102,2.424070916030506,-2.39483506413059,0.7159318740849122,0.5384615384615384,2.788534052470418,1.0,0.0,3.3450599851998684,5.266032098497488,3.3858960660592157,1.8440142551721608,0.38461538461538464,2.0931758477767874,HorizontalScanPath_8,Horizontal,8,evaluation,hybrid previous state | mean-only | development-recalibrated gamma,hybrid previous state,mean-only,development-recalibrated gamma,current-frame truth,current forecast before Y_n
overall,2501,0.4636119641951944,0.18633449847335914,0.0565994338208195,0.6583768463952706,0.9908036785285885,2.515426492490911,1.0,0.0,-0.0882026843465429,0.6718235427444833,0.2858503240754695,0.15850595722040273,0.007197121151539384,0.20887742151836688,HorizontalScanPath_8,Horizontal,8,evaluation,hybrid previous state | mean-only | development-recalibrated gamma,hybrid previous state,mean-only,development-recalibrated gamma,current-frame truth,current posterior after Y_n
above_camera_ceiling,76,2.293535891827834,1.2424218948703192,-0.533901799481424,0.6907583225441039,0.7631578947368421,2.628218424343921,1.0,0.0,0.7374042995379176,3.2464469188532306,1.7779597832882263,1.1520566950177415,0.17105263157894737,1.0058750571203638,HorizontalScanPath_8,Horizontal,8,evaluation,hybrid previous state | mean-only | development-recalibrated gamma,hybrid previous state,mean-only,development-recalibrated gamma,current-frame truth,current posterior after Y_n
current_top_1pct,26,3.790774783319073,2.4615425731858305,-2.4306076078115972,0.7003537773998113,0.46153846153846156,2.6689224630705723,1.0,0.0,3.442743230012812,5.354204673892887,3.486243588118224,1.9054991447792284,0.4230769230769231,2.1358300486578363,HorizontalScanPath_8,Horizontal,8,evaluation,hybrid previous state | mean-only | development-recalibrated gamma,hybrid previous state,mean-only,development-recalibrated gamma,current-frame truth,current posterior after Y_n
overall,2501,0.457618609870359,0.16564182143206616,0.0670685828274248,0.7240295728338018,0.9948020791683326,2.7685306991310483,1.0,0.0,-0.09653306509265766,0.5195877556874358,0.21593503154224541,0.10021589540114924,0.005197920831667333,0.21643750986512728,HorizontalScanPath_8,Horizontal,8,evaluation,hybrid previous state | moment-matched | development-recalibrated gamma,hybrid previous state,moment-matched,development-recalibrated gamma,current-frame truth,current forecast before Y_n
above_camera_ceiling,76,2.289496933970743,1.255908619977696,-0.4987387573411155,0.9553440145175983,0.8947368421052632,3.632890712855066,1.0,0.0,0.5352797477390979,2.4488114722871375,1.3139606496658085,0.8318007864335029,0.10526315789473684,0.9781088293371875,HorizontalScanPath_8,Horizontal,8,evaluation,hybrid previous state | moment-matched | development-recalibrated gamma,hybrid previous state,moment-matched,development-recalibrated gamma,current-frame truth,current forecast before Y_n
current_top_1pct,26,3.7701202292686102,2.424070916030506,-2.39483506413059,0.9778352917006755,0.6923076923076923,3.8067965059973554,1.0,0.0,2.5199753578195105,4.043808677575176,2.5450163742182688,1.3682759246237715,0.3076923076923077,2.0210668587423095,HorizontalScanPath_8,Horizontal,8,evaluation,hybrid previous state | moment-matched | development-recalibrated gamma,hybrid previous state,moment-matched,development-recalibrated gamma,current-frame truth,current forecast before Y_n
overall,2501,0.46243849515652186,0.1861065776701288,0.057696368889784244,0.6662927805675202,0.9956017592962815,2.5466252097446684,1.0,0.0,-0.09271028716739267,0.5543655632300818,0.2698714175410364,0.15651425789236126,0.004798080767692923,0.2081019755304893,HorizontalScanPath_8,Horizontal,8,evaluation,hybrid previous state | moment-matched | development-recalibrated gamma,hybrid previous state,moment-matched,development-recalibrated gamma,current-frame truth,current posterior after Y_n
above_camera_ceiling,76,2.2893589334208198,1.242530873310929,-0.5032465369368948,0.9246844364685423,0.9078947368421053,3.561068405929673,1.0,0.0,0.5338179651516732,2.482764837407817,1.3319821753385621,0.8047610534019415,0.10526315789473684,0.9704861806906468,HorizontalScanPath_8,Horizontal,8,evaluation,hybrid previous state | moment-matched | development-recalibrated gamma,hybrid previous state,moment-matched,development-recalibrated gamma,current-frame truth,current posterior after Y_n
current_top_1pct,26,3.775865614732484,2.4448148317215486,-2.416213316734885,0.9592800222314146,0.7307692307692307,3.698916753306555,1.0,0.0,2.581296261423465,4.096988733993867,2.6059284945565446,1.4038960565361154,0.3076923076923077,2.039415974930887,HorizontalScanPath_8,Horizontal,8,evaluation,hybrid previous state | moment-matched | development-recalibrated gamma,hybrid previous state,moment-matched,development-recalibrated gamma,current-frame truth,current posterior after Y_n
overall,2501,0.511855676351534,0.17144684394442006,-0.04115909554609455,0.7159318740849122,0.9816073570571772,2.7377514020063187,1.0,0.0,0.0574902403929189,0.7149502555753315,0.23947368478817835,0.03031494331521234,0.015193922431027589,0.24037576552549655,HorizontalScanPath_8,Horizontal,8,evaluation,coherent latent previous state | mean-only | fixed gamma,coherent latent previous state,mean-only,fixed gamma,current-frame truth,current forecast before Y_n
above_camera_ceiling,76,2.2951440295676075,1.3117525825907115,-0.40482816455897747,0.715931874084912,0.8026315789473685,2.724119979095609,1.0,0.0,0.5654562664588996,3.205813447684821,1.8322310125769492,1.2863483804250124,0.17105263157894737,1.0432731865621776,HorizontalScanPath_8,Horizontal,8,evaluation,coherent latent previous state | mean-only | fixed gamma,coherent latent previous state,mean-only,fixed gamma,current-frame truth,current forecast before Y_n
current_top_1pct,26,3.7468444280440676,2.411112361431059,-2.3815858395836447,0.7159318740849122,0.5384615384615384,2.788534052470418,1.0,0.0,3.3265537208100047,5.233520902855734,3.3677958039134492,1.8397759724490794,0.38461538461538464,2.081349329520335,HorizontalScanPath_8,Horizontal,8,evaluation,coherent latent previous state | mean-only | fixed gamma,coherent latent previous state,mean-only,fixed gamma,current-frame truth,current forecast before Y_n
overall,2501,0.5064932658321782,0.18391620919289484,-0.051565340245355425,0.6583190149011333,0.984406237504998,2.5152816531482056,1.0,0.0,0.07063050957392064,0.7296898768018878,0.2792863230389006,0.07994128357393177,0.013994402239104359,0.2263670212230487,HorizontalScanPath_8,Horizontal,8,evaluation,coherent latent previous state | mean-only | fixed gamma,coherent latent previous state,mean-only,fixed gamma,current-frame truth,current posterior after Y_n
above_camera_ceiling,76,2.3015483545842477,1.304157427269314,-0.44244599555289643,0.6893444942458343,0.7763157894736842,2.627811935974267,1.0,0.0,0.602012279966536,3.2617936237247522,1.8714429148375198,1.304016564665846,0.19736842105263158,1.044722446280913,HorizontalScanPath_8,Horizontal,8,evaluation,coherent latent previous state | mean-only | fixed gamma,coherent latent previous state,mean-only,fixed gamma,current-frame truth,current posterior after Y_n
current_top_1pct,26,3.7694910364125507,2.451502460347814,-2.4202536122603884,0.700288858488581,0.5384615384615384,2.644448788114066,1.0,0.0,3.4282968456824916,5.324818392239927,3.4722606049419116,1.9056617893872168,0.46153846153846156,2.112567989796398,HorizontalScanPath_8,Horizontal,8,evaluation,coherent latent previous state | mean-only | fixed gamma,coherent latent previous state,mean-only,fixed gamma,current-frame truth,current posterior after Y_n
overall,2501,0.511855676351534,0.17144684394442006,-0.04115909554609455,2.820988532220151,0.9948020791683326,10.785347948987065,1.0,0.0,0.006061821562554524,0.4627167294698498,0.1015893769999393,0.006866940650839044,0.004398240703718513,0.7006412086216869,HorizontalScanPath_8,Horizontal,8,evaluation,coherent latent previous state | moment-matched | fixed gamma,coherent latent previous state,moment-matched,fixed gamma,current-frame truth,current forecast before Y_n
above_camera_ceiling,76,2.2951440295676075,1.3117525825907115,-0.40482816455897747,0.9949011390261981,0.8947368421052632,3.779418365444026,1.0,0.0,0.45149669419406857,2.432527426753903,1.342008505618655,0.8690886635892654,0.09210526315789473,1.0067617676141059,HorizontalScanPath_8,Horizontal,8,evaluation,coherent latent previous state | moment-matched | fixed gamma,coherent latent previous state,moment-matched,fixed gamma,current-frame truth,current forecast before Y_n
current_top_1pct,26,3.7468444280440676,2.411112361431059,-2.3815858395836447,0.979455376223126,0.6923076923076923,3.8133985775748576,1.0,0.0,2.497506460904153,4.001204039636126,2.5226639208809325,1.3651784821490744,0.2692307692307692,2.009158129074326,HorizontalScanPath_8,Horizontal,8,evaluation,coherent latent previous state | moment-matched | fixed gamma,coherent latent previous state,moment-matched,fixed gamma,current-frame truth,current forecast before Y_n
overall,2501,0.548668659714899,0.29015528292459003,-0.04244422486788353,2.7130826111195994,0.9944022391043582,10.367493793871489,1.0,0.0,0.007539975503982111,0.4869979304852388,0.15442831422181238,0.0690580969437964,0.005197920831667333,0.6813545025257935,HorizontalScanPath_8,Horizontal,8,evaluation,coherent latent previous state | moment-matched | fixed gamma,coherent latent previous state,moment-matched,fixed gamma,current-frame truth,current posterior after Y_n
above_camera_ceiling,76,2.3059816587850896,1.317853035642969,-0.40298817193200276,0.9515574975119879,0.881578947368421,3.6410488654309567,1.0,0.0,0.4474253181299727,2.498372525658303,1.3958347456684486,0.9053572083191925,0.11842105263157894,1.0163024505993565,HorizontalScanPath_8,Horizontal,8,evaluation,coherent latent previous state | moment-matched | fixed gamma,coherent latent previous state,moment-matched,fixed gamma,current-frame truth,current posterior after Y_n
current_top_1pct,26,3.760407152377709,2.441650765113582,-2.409411261424262,0.9501089719567509,0.6923076923076923,3.6553190653586003,1.0,0.0,2.5895097387339607,4.096896027859479,2.6175455681226603,1.3636682335685473,0.34615384615384615,2.037819274127946,HorizontalScanPath_8,Horizontal,8,evaluation,coherent latent previous state | moment-matched | fixed gamma,coherent latent previous state,moment-matched,fixed gamma,current-frame truth,current posterior after Y_n
overall,2501,0.5144419609458456,0.17160979049798936,-0.04134006369686762,0.7159318740849122,0.9816073570571772,2.7377514020063187,1.0,0.0,0.05774301325766162,0.7185627286163137,0.23970128542933933,0.03031494331521234,0.015193922431027589,0.2405334958254448,HorizontalScanPath_8,Horizontal,8,evaluation,coherent latent previous state | mean-only | development-recalibrated gamma,coherent latent previous state,mean-only,development-recalibrated gamma,current-frame truth,current forecast before Y_n
above_camera_ceiling,76,2.3140945244364035,1.3171148106233015,-0.4107834454153386,0.715931874084912,0.8026315789473685,2.724119979095609,1.0,0.0,0.5737744892841832,3.2322831378254064,1.8397208705183126,1.2863483804250124,0.17105263157894737,1.0484637586696863,HorizontalScanPath_8,Horizontal,8,evaluation,coherent latent previous state | mean-only | development-recalibrated gamma,coherent latent previous state,mean-only,development-recalibrated gamma,current-frame truth,current forecast before Y_n
current_top_1pct,26,3.7810136675592254,2.427653335961065,-2.3981268141136503,0.7159318740849122,0.5384615384615384,2.788534052470418,1.0,0.0,3.3496578388535663,5.281247845532833,3.3908999219570104,1.8397759724490794,0.38461538461538464,2.0972737026063593,HorizontalScanPath_8,Horizontal,8,evaluation,coherent latent previous state | mean-only | development-recalibrated gamma,coherent latent previous state,mean-only,development-recalibrated gamma,current-frame truth,current forecast before Y_n
overall,2501,0.5091093286745815,0.1840791557464642,-0.051746308396128544,0.6583190149011333,0.984406237504998,2.5152816531482056,1.0,0.0,0.07088447477905362,0.7332649700181754,0.2795150501279459,0.07994128357393177,0.013994402239104359,0.2265237500710929,HorizontalScanPath_8,Horizontal,8,evaluation,coherent latent previous state | mean-only | development-recalibrated gamma,coherent latent previous state,mean-only,development-recalibrated gamma,current-frame truth,current posterior after Y_n
above_camera_ceiling,76,2.3204648591980575,1.3095196553019055,-0.4484012764092591,0.6893444942458343,0.7763157894736842,2.627811935974267,1.0,0.0,0.6103697402038722,3.2880712451424547,1.878969841807288,1.304016564665846,0.19736842105263158,1.0498800627145783,HorizontalScanPath_8,Horizontal,8,evaluation,coherent latent previous state | mean-only | development-recalibrated gamma,coherent latent previous state,mean-only,development-recalibrated gamma,current-frame truth,current posterior after Y_n
current_top_1pct,26,3.803489790825656,2.4680434348778246,-2.4367945867903984,0.700288858488581,0.5384615384615384,2.644448788114066,1.0,0.0,3.451512488523645,5.372199100409796,3.4954762477830643,1.9056617893872168,0.46153846153846156,2.1284627150216338,HorizontalScanPath_8,Horizontal,8,evaluation,coherent latent previous state | mean-only | development-recalibrated gamma,coherent latent previous state,mean-only,development-recalibrated gamma,current-frame truth,current posterior after Y_n
overall,2501,0.5144419609458456,0.17160979049798936,-0.04134006369686762,2.820988532220151,0.9948020791683326,10.785347948987065,1.0,0.0,0.006263577502064486,0.4661941225876084,0.10177296813289374,0.006866940650839044,0.004398240703718513,0.7007986530962806,HorizontalScanPath_8,Horizontal,8,evaluation,coherent latent previous state | moment-matched | development-recalibrated gamma,coherent latent previous state,moment-matched,development-recalibrated gamma,current-frame truth,current forecast before Y_n
above_camera_ceiling,76,2.3140945244364035,1.3171148106233015,-0.4107834454153386,0.9949011390261981,0.8947368421052632,3.779418365444026,1.0,0.0,0.458136057413995,2.4542796041416985,1.3480501032965373,0.8690886635892654,0.09210526315789473,1.0119429338109316,HorizontalScanPath_8,Horizontal,8,evaluation,coherent latent previous state | moment-matched | development-recalibrated gamma,coherent latent previous state,moment-matched,development-recalibrated gamma,current-frame truth,current forecast before Y_n
current_top_1pct,26,3.7810136675592254,2.427653335961065,-2.3981268141136503,0.979455376223126,0.6923076923076923,3.8133985775748576,1.0,0.0,2.5160401729855653,4.040084339530643,2.5411976329623447,1.3651784821490744,0.2692307692307692,2.0249422256745855,HorizontalScanPath_8,Horizontal,8,evaluation,coherent latent previous state | moment-matched | development-recalibrated gamma,coherent latent previous state,moment-matched,development-recalibrated gamma,current-frame truth,current forecast before Y_n
overall,2501,0.5510650371571686,0.2903182294781595,-0.04262519301865667,2.7130826111195994,0.9944022391043582,10.367493793871489,1.0,0.0,0.007744510399520174,0.49036809988860697,0.1546143007982535,0.0690580969437964,0.005197920831667333,0.6815118811328987,HorizontalScanPath_8,Horizontal,8,evaluation,coherent latent previous state | moment-matched | development-recalibrated gamma,coherent latent previous state,moment-matched,development-recalibrated gamma,current-frame truth,current posterior after Y_n
above_camera_ceiling,76,2.324709900254363,1.3232152636755627,-0.4089434527883662,0.9515574975119879,0.881578947368421,3.6410488654309567,1.0,0.0,0.4541561309423502,2.5199722681927987,1.4019551723484376,0.9053572083191925,0.11842105263157894,1.0214814492358066,HorizontalScanPath_8,Horizontal,8,evaluation,coherent latent previous state | moment-matched | development-recalibrated gamma,coherent latent previous state,moment-matched,development-recalibrated gamma,current-frame truth,current posterior after Y_n
current_top_1pct,26,3.7942439655291347,2.4581917396435964,-2.4259522359542767,0.9501089719567509,0.6923076923076923,3.6553190653586003,1.0,0.0,2.6082923195304963,4.1356561811914405,2.636328148919196,1.3636682335685473,0.34615384615384615,2.0536416703637808,HorizontalScanPath_8,Horizontal,8,evaluation,coherent latent previous state | moment-matched | development-recalibrated gamma,coherent latent previous state,moment-matched,development-recalibrated gamma,current-frame truth,current posterior after Y_n
overall,2501,0.5574331564036514,0.024121108252736834,0.021897164926127,0.7159318740849122,0.998000799680128,2.7377514020063187,1.0,0.0,-0.03058554272934902,0.7786120112561684,0.03369190439183601,5.327131957649922e-05,0.001999200319872051,0.1862729421557643,HorizontalScanPath_8,Horizontal,8,evaluation,strict oracle | exact previous state | fixed gamma,true previous state,exact state; innovation only,fixed gamma,current-frame truth,current forecast before Y_n
above_camera_ceiling,76,3.197596848900006,0.7510012550349995,0.7466978903825268,0.715931874084912,0.9342105263157895,2.724119979095609,1.0,0.0,-1.04297338533354,4.4663423499437025,1.0489842430816647,0.11205777109563286,0.06578947368421052,0.7913241701648,HorizontalScanPath_8,Horizontal,8,evaluation,strict oracle | exact previous state | fixed gamma,true previous state,exact state; innovation only,fixed gamma,current-frame truth,current forecast before Y_n
current_top_1pct,26,5.46157578905572,2.063838708276703,2.063838708276703,0.7159318740849122,0.8076923076923077,2.788534052470418,1.0,0.0,-2.8827305823122553,7.628624994573096,2.8827305823122553,0.24617215670488882,0.19230769230769232,1.9632872760633933,HorizontalScanPath_8,Horizontal,8,evaluation,strict oracle | exact previous state | fixed gamma,true previous state,exact state; innovation only,fixed gamma,current-frame truth,current forecast before Y_n
overall,2501,0.5642684365000574,0.07853501819897306,0.03353619379197862,0.6580316130716748,0.998000799680128,2.5132140591599685,1.0,0.0,-0.049374310626582915,0.7968051642365727,0.12563509859491145,0.055331115633209894,0.001999200319872051,0.17748453865699515,HorizontalScanPath_8,Horizontal,8,evaluation,strict oracle | exact previous state | fixed gamma,true previous state,exact state; innovation only,fixed gamma,current-frame truth,current posterior after Y_n
above_camera_ceiling,76,3.204584286249905,0.82431424706156,0.8144590092358238,0.6822607419484916,0.9342105263157895,2.647943038178189,1.0,0.0,-1.1549965425316646,4.493125303128194,1.1708710053518594,0.21303966065473798,0.06578947368421052,0.79848691261507,HorizontalScanPath_8,Horizontal,8,evaluation,strict oracle | exact previous state | fixed gamma,true previous state,exact state; innovation only,fixed gamma,current-frame truth,current posterior after Y_n
current_top_1pct,26,5.469085789066253,2.096086067485288,2.096086067485288,0.6999233651112335,0.8076923076923077,2.7538893038133665,1.0,0.0,-2.950681271040278,7.666319372345015,2.950681271040278,0.3413073483307784,0.19230769230769232,1.9653591023983343,HorizontalScanPath_8,Horizontal,8,evaluation,strict oracle | exact previous state | fixed gamma,true previous state,exact state; innovation only,fixed gamma,current-frame truth,current posterior after Y_n
overall,2501,0.41111841013089956,0.018650670362592638,0.016426727035982802,0.7159318740849122,0.9984006397441023,2.7377514020063187,1.0,0.0,-0.022944539320838415,0.5742423616162945,0.026050900983325402,5.327131957649922e-05,0.001599360255897641,0.18100294763108107,HorizontalScanPath_8,Horizontal,8,evaluation,recalibrated oracle | exact previous state | development-recalibrated gamma,true previous state,exact state; innovation only,development-recalibrated gamma,current-frame truth,current forecast before Y_n
above_camera_ceiling,76,2.3582062514830984,0.5709806607817015,0.5666772961292289,0.715931874084912,0.9473684210526315,2.724119979095609,1.0,0.0,-0.7915240494824216,3.293897557637455,0.7975349072305463,0.11205777109563286,0.05263157894736842,0.6178997450827903,HorizontalScanPath_8,Horizontal,8,evaluation,recalibrated oracle | exact previous state | development-recalibrated gamma,true previous state,exact state; innovation only,development-recalibrated gamma,current-frame truth,current forecast before Y_n
current_top_1pct,26,4.029895527987082,1.5638260075760377,1.5638260075760377,0.7159318740849122,0.8461538461538461,2.788534052470418,1.0,0.0,-2.184322369464112,5.628881285859779,2.184322369464112,0.24617215670488882,0.15384615384615385,1.4756225234301412,HorizontalScanPath_8,Horizontal,8,evaluation,recalibrated oracle | exact previous state | development-recalibrated gamma,true previous state,exact state; innovation only,development-recalibrated gamma,current-frame truth,current forecast before Y_n
overall,2501,0.4201386428168017,0.07306458030882881,0.028065755901834376,0.6580316130716748,0.9984006397441023,2.5132140591599685,1.0,0.0,-0.04169726427851211,0.5968907820061594,0.11795805224684065,0.055331115633209894,0.001599360255897641,0.17222702316276042,HorizontalScanPath_8,Horizontal,8,evaluation,recalibrated oracle | exact previous state | development-recalibrated gamma,true previous state,exact state; innovation only,development-recalibrated gamma,current-frame truth,current posterior after Y_n
above_camera_ceiling,76,2.3664973520972645,0.6442936528082606,0.6344384149825245,0.6822607419484916,0.9473684210526315,2.647943038178189,1.0,0.0,-0.9023611094194921,3.3195454251871364,0.9182355722396869,0.21303966065473798,0.05263157894736842,0.6254731461534778,HorizontalScanPath_8,Horizontal,8,evaluation,recalibrated oracle | exact previous state | development-recalibrated gamma,true previous state,exact state; innovation only,development-recalibrated gamma,current-frame truth,current posterior after Y_n
current_top_1pct,26,4.037950374618651,1.5960733667846205,1.5960733667846205,0.6999233651112335,0.8461538461538461,2.7538893038133665,1.0,0.0,-2.248901804837969,5.661625887593818,2.248901804837969,0.3413073483307784,0.15384615384615385,1.4778857481188306,HorizontalScanPath_8,Horizontal,8,evaluation,recalibrated oracle | exact previous state | development-recalibrated gamma,true previous state,exact state; innovation only,development-recalibrated gamma,current-frame truth,current posterior after Y_n
overall,2501,0.46375648746782666,0.16319913000709518,0.05109130817753417,0.7159318740849122,0.9936025589764095,2.736870754408836,1.0,0.0,-0.07136336574319717,0.6477662250484233,0.2279534351165641,0.10294640351052643,0.006397441023590564,0.21529927309055136,HorizontalScanPath_10,Horizontal,10,evaluation,hybrid previous state | mean-only | fixed gamma,hybrid previous state,mean-only,fixed gamma,current-frame truth,current forecast before Y_n
above_camera_ceiling,76,2.3978813040548776,1.31323538067916,-0.767662292686359,0.715931874084912,0.8026315789473685,2.7614222058712667,1.0,0.0,1.0722560630053906,3.3493149150815436,1.8343021566929214,1.2537136118664516,0.19736842105263158,1.0600756197870065,HorizontalScanPath_10,Horizontal,10,evaluation,hybrid previous state | mean-only | fixed gamma,hybrid previous state,mean-only,fixed gamma,current-frame truth,current forecast before Y_n
current_top_1pct,26,3.9765864518765803,2.7053506381711716,-2.7053506381711716,0.7159318740849122,0.5,2.7657357837774463,1.0,0.0,3.7787822223016527,5.554420184126266,3.7787822223016527,1.9603171871779241,0.5,2.317866452044344,HorizontalScanPath_10,Horizontal,10,evaluation,hybrid previous state | mean-only | fixed gamma,hybrid previous state,mean-only,fixed gamma,current-frame truth,current forecast before Y_n
overall,2501,0.46973487412597387,0.18525367199268275,0.02578755731926918,0.6582817014130748,0.9924030387844862,2.5129118344833516,1.0,0.0,-0.03904115326897395,0.6789047883139794,0.28346598238923115,0.16960090578496953,0.006797281087564974,0.2069858319013869,HorizontalScanPath_10,Horizontal,10,evaluation,hybrid previous state | mean-only | fixed gamma,hybrid previous state,mean-only,fixed gamma,current-frame truth,current posterior after Y_n
above_camera_ceiling,76,2.4152922014682687,1.3475767512345054,-0.7324083602488505,0.6843116918692903,0.7631578947368421,2.624589918834769,1.0,0.0,1.0402542437982056,3.425180168435198,1.9305984702799632,1.3458626767605808,0.21052631578947367,1.0848531201699716,HorizontalScanPath_10,Horizontal,10,evaluation,hybrid previous state | mean-only | fixed gamma,hybrid previous state,mean-only,fixed gamma,current-frame truth,current posterior after Y_n
current_top_1pct,26,3.9876881774478385,2.694815512167572,-2.694815512167572,0.7084077261254589,0.38461538461538464,2.712019362615824,1.0,0.0,3.814115581328213,5.643407068607877,3.814115581328213,1.9392657218545621,0.5,2.3297117709787676,HorizontalScanPath_10,Horizontal,10,evaluation,hybrid previous state | mean-only | fixed gamma,hybrid previous state,mean-only,fixed gamma,current-frame truth,current posterior after Y_n
overall,2501,0.46375648746782666,0.16319913000709518,0.05109130817753417,0.7274955500326472,0.9968012794882047,2.7813203335098406,1.0,0.0,-0.08103894522846368,0.4620038977387534,0.20680194990091902,0.10284989463066557,0.0027988804478208716,0.21343202797119115,HorizontalScanPath_10,Horizontal,10,evaluation,hybrid previous state | moment-matched | fixed gamma,hybrid previous state,moment-matched,fixed gamma,current-frame truth,current forecast before Y_n
above_camera_ceiling,76,2.3978813040548776,1.31323538067916,-0.767662292686359,1.0718179187793775,0.8947368421052632,4.131317967699883,1.0,0.0,0.7141292409200242,2.150790126744905,1.1785632720499348,0.7428780888614324,0.09210526315789473,1.008121692686614,HorizontalScanPath_10,Horizontal,10,evaluation,hybrid previous state | moment-matched | fixed gamma,hybrid previous state,moment-matched,fixed gamma,current-frame truth,current forecast before Y_n
current_top_1pct,26,3.9765864518765803,2.7053506381711716,-2.7053506381711716,1.1231770034229487,0.6923076923076923,4.362684586677957,1.0,0.0,2.396612721939628,3.5701330727477796,2.396612721939628,1.4719815926947686,0.2692307692307692,2.1628175423479346,HorizontalScanPath_10,Horizontal,10,evaluation,hybrid previous state | moment-matched | fixed gamma,hybrid previous state,moment-matched,fixed gamma,current-frame truth,current forecast before Y_n
overall,2501,0.46607270825187946,0.18561223000180815,0.029158928364428155,0.667998446062625,0.9964014394242303,2.5480402808121396,1.0,0.0,-0.05110781693261731,0.5045703347303121,0.26333277252995924,0.16960084367124045,0.0027988804478208716,0.20345191553960487,HorizontalScanPath_10,Horizontal,10,evaluation,hybrid previous state | moment-matched | fixed gamma,hybrid previous state,moment-matched,fixed gamma,current-frame truth,current posterior after Y_n
above_camera_ceiling,76,2.3866537463136805,1.3543773973036837,-0.6268976195415691,0.9844824924704988,0.881578947368421,3.7228698043238517,1.0,0.0,0.6085013551100481,2.2652099061240807,1.3034911572501104,0.9041877913432016,0.09210526315789473,1.0191615375043706,HorizontalScanPath_10,Horizontal,10,evaluation,hybrid previous state | moment-matched | fixed gamma,hybrid previous state,moment-matched,fixed gamma,current-frame truth,current posterior after Y_n
current_top_1pct,26,3.906827664688482,2.5817387751097423,-2.5817387751097423,1.0576596013976558,0.6538461538461539,4.014337553322478,1.0,0.0,2.4207111565417136,3.706326436837718,2.4207111565417136,1.3948283284432135,0.2692307692307692,2.0960070442388083,HorizontalScanPath_10,Horizontal,10,evaluation,hybrid previous state | moment-matched | fixed gamma,hybrid previous state,moment-matched,fixed gamma,current-frame truth,current posterior after Y_n
overall,2501,0.4659680711090821,0.16331609571462496,0.050960102199481216,0.7159318740849122,0.9932027189124351,2.736870754408836,1.0,0.0,-0.07118009973311672,0.6508553229379147,0.22811681058811897,0.10294640351052643,0.006797281087564974,0.21541710455005222,HorizontalScanPath_10,Horizontal,10,evaluation,hybrid previous state | mean-only | development-recalibrated gamma,hybrid previous state,mean-only,development-recalibrated gamma,current-frame truth,current forecast before Y_n
above_camera_ceiling,76,2.411949162908851,1.3170844758703708,-0.7719800052009701,0.715931874084912,0.7894736842105263,2.7614222058712667,1.0,0.0,1.078286961573959,3.3689646322727977,1.8396784995134319,1.2537136118664516,0.21052631578947367,1.0639532050529497,HorizontalScanPath_10,Horizontal,10,evaluation,hybrid previous state | mean-only | development-recalibrated gamma,hybrid previous state,mean-only,development-recalibrated gamma,current-frame truth,current forecast before Y_n
current_top_1pct,26,4.00143834568537,2.717286741741219,-2.717286741741219,0.7159318740849122,0.46153846153846156,2.7657357837774463,1.0,0.0,3.7954543443318443,5.589132835858045,3.7954543443318443,2.007038270087226,0.5384615384615384,2.3294423210022273,HorizontalScanPath_10,Horizontal,10,evaluation,hybrid previous state | mean-only | development-recalibrated gamma,hybrid previous state,mean-only,development-recalibrated gamma,current-frame truth,current forecast before Y_n
overall,2501,0.4719287107187749,0.18537063770021253,0.025656351341216223,0.6582817014130748,0.9924030387844862,2.5129118344833516,1.0,0.0,-0.03885669216646291,0.6819042298336259,0.2836302192839615,0.16960090578496953,0.006797281087564974,0.20710534270760853,HorizontalScanPath_10,Horizontal,10,evaluation,hybrid previous state | mean-only | development-recalibrated gamma,hybrid previous state,mean-only,development-recalibrated gamma,current-frame truth,current posterior after Y_n
above_camera_ceiling,76,2.4293248838448798,1.3514258464257163,-0.7367260727634616,0.6843116918692903,0.7631578947368421,2.624589918834769,1.0,0.0,1.0463244703426802,3.444731957135488,1.9360031607236556,1.3458626767605808,0.21052631578947367,1.0887859692010273,HorizontalScanPath_10,Horizontal,10,evaluation,hybrid previous state | mean-only | development-recalibrated gamma,hybrid previous state,mean-only,development-recalibrated gamma,current-frame truth,current posterior after Y_n
current_top_1pct,26,4.012574659024022,2.7067516157376192,-2.7067516157376192,0.7084077261254589,0.38461538461538464,2.712019362615824,1.0,0.0,3.83088661384938,5.678153980757268,3.83088661384938,1.9578549753902932,0.5,2.3414553204513813,HorizontalScanPath_10,Horizontal,10,evaluation,hybrid previous state | mean-only | development-recalibrated gamma,hybrid previous state,mean-only,development-recalibrated gamma,current-frame truth,current posterior after Y_n
overall,2501,0.4659680711090821,0.16331609571462496,0.050960102199481216,0.7274955500326472,0.9968012794882047,2.7813203335098406,1.0,0.0,-0.08091528870288464,0.464026803714252,0.20691350540025802,0.10284989463066557,0.0027988804478208716,0.21354486936791392,HorizontalScanPath_10,Horizontal,10,evaluation,hybrid previous state | moment-matched | development-recalibrated gamma,hybrid previous state,moment-matched,development-recalibrated gamma,current-frame truth,current forecast before Y_n
above_camera_ceiling,76,2.411949162908851,1.3170844758703708,-0.7719800052009701,1.0718179187793775,0.8947368421052632,4.131317967699883,1.0,0.0,0.7181985168473034,2.165073587964027,1.1822343286794987,0.7428780888614324,0.09210526315789473,1.011835065491925,HorizontalScanPath_10,Horizontal,10,evaluation,hybrid previous state | moment-matched | development-recalibrated gamma,hybrid previous state,moment-matched,development-recalibrated gamma,current-frame truth,current forecast before Y_n
current_top_1pct,26,4.00143834568537,2.717286741741219,-2.717286741741219,1.1231770034229487,0.6923076923076923,4.362684586677957,1.0,0.0,2.4079255156765527,3.5953292760109603,2.4079255156765527,1.4719815926947686,0.2692307692307692,2.173799331516924,HorizontalScanPath_10,Horizontal,10,evaluation,hybrid previous state | moment-matched | development-recalibrated gamma,hybrid previous state,moment-matched,development-recalibrated gamma,current-frame truth,current forecast before Y_n
overall,2501,0.4682568770812553,0.18572919570933794,0.029027722386375198,0.667998446062625,0.9964014394242303,2.5480402808121396,1.0,0.0,-0.050977944644190414,0.5065913352602708,0.26344958185413986,0.16960084367124045,0.0027988804478208716,0.20356265418405597,HorizontalScanPath_10,Horizontal,10,evaluation,hybrid previous state | moment-matched | development-recalibrated gamma,hybrid previous state,moment-matched,development-recalibrated gamma,current-frame truth,current posterior after Y_n
above_camera_ceiling,76,2.4006816427550843,1.3582264924948946,-0.6312153320561802,0.9844824924704988,0.881578947368421,3.7228698043238517,1.0,0.0,0.6127751787068333,2.2800055086053774,1.3073351061945262,0.9041877913432016,0.09210526315789473,1.0228057131592692,HorizontalScanPath_10,Horizontal,10,evaluation,hybrid previous state | moment-matched | development-recalibrated gamma,hybrid previous state,moment-matched,development-recalibrated gamma,current-frame truth,current posterior after Y_n
current_top_1pct,26,3.93193921240768,2.59367487867979,-2.59367487867979,1.0576596013976558,0.6538461538461539,4.014337553322478,1.0,0.0,2.4325755933327002,3.732811973906307,2.4325755933327002,1.3948283284432135,0.2692307692307692,2.1068770203885845,HorizontalScanPath_10,Horizontal,10,evaluation,hybrid previous state | moment-matched | development-recalibrated gamma,hybrid previous state,moment-matched,development-recalibrated gamma,current-frame truth,current posterior after Y_n
overall,2501,0.5335681639855973,0.18562466666229596,-0.0652534137623763,0.7159318740849122,0.9796081567373051,2.7368707544088355,1.0,0.0,0.09114472497230511,0.7452778445820587,0.2592769974092258,0.04761936201448376,0.01879248300679728,0.24484791928897384,HorizontalScanPath_10,Horizontal,10,evaluation,coherent latent previous state | mean-only | fixed gamma,coherent latent previous state,mean-only,fixed gamma,current-frame truth,current forecast before Y_n
above_camera_ceiling,76,2.412838520328143,1.3518062722031008,-0.6764170171648374,0.715931874084912,0.7894736842105263,2.7614222058712667,1.0,0.0,0.9448064007897654,3.370206869769806,1.8881772430246226,1.3035099856367163,0.2236842105263158,1.0887239596821328,HorizontalScanPath_10,Horizontal,10,evaluation,coherent latent previous state | mean-only | fixed gamma,coherent latent previous state,mean-only,fixed gamma,current-frame truth,current forecast before Y_n
current_top_1pct,26,3.9758239578825543,2.70320827241247,-2.70320827241247,0.7159318740849122,0.5,2.7657357837774463,1.0,0.0,3.7757898066316002,5.553355147044349,3.7757898066316002,1.9973154233774495,0.5384615384615384,2.316058138031866,HorizontalScanPath_10,Horizontal,10,evaluation,coherent latent previous state | mean-only | fixed gamma,coherent latent previous state,mean-only,fixed gamma,current-frame truth,current forecast before Y_n
overall,2501,0.535801192709182,0.19695481653611346,-0.09083593569019116,0.6582163767533021,0.9772091163534586,2.510988263174762,1.0,0.0,0.13143085688988174,0.7704929017369494,0.2973849687261553,0.08873324181706994,0.021191523390643743,0.23386897692693884,HorizontalScanPath_10,Horizontal,10,evaluation,coherent latent previous state | mean-only | fixed gamma,coherent latent previous state,mean-only,fixed gamma,current-frame truth,current posterior after Y_n
above_camera_ceiling,76,2.432697597100203,1.3928029644766446,-0.6537096855599316,0.6825519480826983,0.75,2.6093833858275666,1.0,0.0,0.91847891054051,3.4527261711530035,2.0000934869528844,1.3921911366498219,0.23684210526315788,1.1232707641101447,HorizontalScanPath_10,Horizontal,10,evaluation,coherent latent previous state | mean-only | fixed gamma,coherent latent previous state,mean-only,fixed gamma,current-frame truth,current posterior after Y_n
current_top_1pct,26,3.989752041220539,2.6980875141516685,-2.6980875141516685,0.7082079733020592,0.46153846153846156,2.6938768190437066,1.0,0.0,3.819272749300578,5.646514404156114,3.819272749300578,1.9741555687080612,0.5,2.3296696147735814,HorizontalScanPath_10,Horizontal,10,evaluation,coherent latent previous state | mean-only | fixed gamma,coherent latent previous state,mean-only,fixed gamma,current-frame truth,current posterior after Y_n
overall,2501,0.5335681639855973,0.18562466666229596,-0.0652534137623763,2.779413564954172,0.9968012794882047,10.627434962243017,1.0,0.0,0.02354586168635495,0.39817081402749654,0.09480723358512133,0.011720378003532332,0.0027988804478208716,0.6898853368495037,HorizontalScanPath_10,Horizontal,10,evaluation,coherent latent previous state | moment-matched | fixed gamma,coherent latent previous state,moment-matched,fixed gamma,current-frame truth,current forecast before Y_n
above_camera_ceiling,76,2.412838520328143,1.3518062722031008,-0.6764170171648374,1.1297110502639274,0.8947368421052632,4.355820895028525,1.0,0.0,0.6312052223897813,2.145109281324244,1.179699499907987,0.8314169455255108,0.09210526315789473,1.033160118962764,HorizontalScanPath_10,Horizontal,10,evaluation,coherent latent previous state | moment-matched | fixed gamma,coherent latent previous state,moment-matched,fixed gamma,current-frame truth,current forecast before Y_n
current_top_1pct,26,3.9758239578825543,2.70320827241247,-2.70320827241247,1.1319254716141187,0.6923076923076923,4.395589676641385,1.0,0.0,2.3819203598201955,3.555477122074879,2.3819203598201955,1.422653041900081,0.2692307692307692,2.1601897031843196,HorizontalScanPath_10,Horizontal,10,evaluation,coherent latent previous state | moment-matched | fixed gamma,coherent latent previous state,moment-matched,fixed gamma,current-frame truth,current forecast before Y_n
overall,2501,0.6091589051348144,0.34361973301772236,-0.10963877773625907,2.613727834136292,0.9968012794882047,9.983303032025688,1.0,0.0,0.041802859116011754,0.4512857020325494,0.16748270456606865,0.09069981485862176,0.0027988804478208716,0.6641787099474648,HorizontalScanPath_10,Horizontal,10,evaluation,coherent latent previous state | moment-matched | fixed gamma,coherent latent previous state,moment-matched,fixed gamma,current-frame truth,current posterior after Y_n
above_camera_ceiling,76,2.3942121858969396,1.4245371474999151,-0.4292851280061457,0.9971454214112928,0.8947368421052632,3.8007497746578234,1.0,0.0,0.43997977204248356,2.336626315004606,1.3851822736394934,0.9918009187704739,0.09210526315789473,1.0587364282420935,HorizontalScanPath_10,Horizontal,10,evaluation,coherent latent previous state | moment-matched | fixed gamma,coherent latent previous state,moment-matched,fixed gamma,current-frame truth,current posterior after Y_n
current_top_1pct,26,3.8343232682345514,2.4727026244293664,-2.4727026244293664,1.025052974915667,0.7307692307692307,3.9235203958266904,1.0,0.0,2.3991222112469877,3.7705691341248535,2.3991222112469877,1.2978817955433108,0.2692307692307692,2.001942320731453,HorizontalScanPath_10,Horizontal,10,evaluation,coherent latent previous state | moment-matched | fixed gamma,coherent latent previous state,moment-matched,fixed gamma,current-frame truth,current posterior after Y_n
overall,2501,0.5362461657091465,0.18578723213208678,-0.06543577115508571,0.7159318740849122,0.9792083166733306,2.7368707544088355,1.0,0.0,0.0913994383037132,0.7490184263615364,0.2595040657598264,0.04761936201448376,0.01919232307077169,0.2450119244472909,HorizontalScanPath_10,Horizontal,10,evaluation,coherent latent previous state | mean-only | development-recalibrated gamma,coherent latent previous state,mean-only,development-recalibrated gamma,current-frame truth,current forecast before Y_n
above_camera_ceiling,76,2.432297202086858,1.3571559595708225,-0.682418015048604,0.715931874084912,0.7763157894736842,2.7614222058712667,1.0,0.0,0.9531884802878139,3.3973863856749844,1.895649584404254,1.3035099856367163,0.23684210526315788,1.0941210241683297,HorizontalScanPath_10,Horizontal,10,evaluation,coherent latent previous state | mean-only | development-recalibrated gamma,coherent latent previous state,mean-only,development-recalibrated gamma,current-frame truth,current forecast before Y_n
current_top_1pct,26,4.010416341832044,2.7197977354723375,-2.7197977354723375,0.7159318740849122,0.46153846153846156,2.7657357837774463,1.0,0.0,3.7989616525297483,5.601673129804517,3.7989616525297483,2.053264405048172,0.5769230769230769,2.332179941606062,HorizontalScanPath_10,Horizontal,10,evaluation,coherent latent previous state | mean-only | development-recalibrated gamma,coherent latent previous state,mean-only,development-recalibrated gamma,current-frame truth,current forecast before Y_n
overall,2501,0.5384812220606104,0.1971173820059043,-0.0910182930829006,0.6582163767533021,0.9772091163534586,2.510988263174762,1.0,0.0,0.13168723122747178,0.7741754926207924,0.29761323433077996,0.08873324181706994,0.021191523390643743,0.23403361666805075,HorizontalScanPath_10,Horizontal,10,evaluation,coherent latent previous state | mean-only | development-recalibrated gamma,coherent latent previous state,mean-only,development-recalibrated gamma,current-frame truth,current posterior after Y_n
above_camera_ceiling,76,2.4520935943004023,1.3981526518443672,-0.6597106834436989,0.6825519480826983,0.75,2.6093833858275666,1.0,0.0,0.9269156502551501,3.4797285354950613,2.007605227441914,1.3921911366498219,0.23684210526315788,1.1286887113801567,HorizontalScanPath_10,Horizontal,10,evaluation,coherent latent previous state | mean-only | development-recalibrated gamma,coherent latent previous state,mean-only,development-recalibrated gamma,current-frame truth,current posterior after Y_n
current_top_1pct,26,4.024374967771551,2.7146769772115382,-2.7146769772115382,0.7082079733020592,0.46153846153846156,2.6938768190437066,1.0,0.0,3.8425820665213264,5.694853931376275,3.8425820665213264,1.9929190228990024,0.5,2.3458236880484744,HorizontalScanPath_10,Horizontal,10,evaluation,coherent latent previous state | mean-only | development-recalibrated gamma,coherent latent previous state,mean-only,development-recalibrated gamma,current-frame truth,current posterior after Y_n
overall,2501,0.5362461657091465,0.18578723213208678,-0.06543577115508571,2.779413564954172,0.9968012794882047,10.627434962243017,1.0,0.0,0.023712484560037904,0.4014167077014069,0.09495886061626534,0.011720378003532332,0.0027988804478208716,0.6900397621104618,HorizontalScanPath_10,Horizontal,10,evaluation,coherent latent previous state | moment-matched | development-recalibrated gamma,coherent latent previous state,moment-matched,development-recalibrated gamma,current-frame truth,current forecast before Y_n
above_camera_ceiling,76,2.432297202086858,1.3571559595708225,-0.682418015048604,1.1297110502639274,0.8947368421052632,4.355820895028525,1.0,0.0,0.63668843037769,2.164925447126942,1.184689226288134,0.8314169455255108,0.09210526315789473,1.03824192919508,HorizontalScanPath_10,Horizontal,10,evaluation,coherent latent previous state | moment-matched | development-recalibrated gamma,coherent latent previous state,moment-matched,development-recalibrated gamma,current-frame truth,current forecast before Y_n
current_top_1pct,26,4.010416341832044,2.7197977354723375,-2.7197977354723375,1.1319254716141187,0.6923076923076923,4.395589676641385,1.0,0.0,2.397226956204277,3.590468017368194,2.397226956204277,1.422653041900081,0.2692307692307692,2.175209939281898,HorizontalScanPath_10,Horizontal,10,evaluation,coherent latent previous state | moment-matched | development-recalibrated gamma,coherent latent previous state,moment-matched,development-recalibrated gamma,current-frame truth,current forecast before Y_n
overall,2501,0.6114580509942639,0.34378229848751324,-0.10982113512896854,2.613727834136292,0.9968012794882047,9.983303032025688,1.0,0.0,0.04198453353093857,0.4545987426482894,0.1676472710703025,0.09069981485862176,0.0027988804478208716,0.664332232058036,HorizontalScanPath_10,Horizontal,10,evaluation,coherent latent previous state | moment-matched | development-recalibrated gamma,coherent latent previous state,moment-matched,development-recalibrated gamma,current-frame truth,current posterior after Y_n
above_camera_ceiling,76,2.4134216231194188,1.4298868348676383,-0.4352861258899138,0.9971454214112928,0.8947368421052632,3.8007497746578234,1.0,0.0,0.44595829456527253,2.35766553211852,1.3905978108380317,0.9918009187704739,0.09210526315789473,1.063788517696553,HorizontalScanPath_10,Horizontal,10,evaluation,coherent latent previous state | moment-matched | development-recalibrated gamma,coherent latent previous state,moment-matched,development-recalibrated gamma,current-frame truth,current posterior after Y_n
current_top_1pct,26,3.869486209784354,2.489292087489238,-2.489292087489238,1.025052974915667,0.7307692307692307,3.9235203958266904,1.0,0.0,2.415775067762773,3.808751364089281,2.415775067762773,1.2978817955433108,0.2692307692307692,2.0170430106898247,HorizontalScanPath_10,Horizontal,10,evaluation,coherent latent previous state | moment-matched | development-recalibrated gamma,coherent latent previous state,moment-matched,development-recalibrated gamma,current-frame truth,current posterior after Y_n
overall,2501,0.5788202516420439,0.024258768514467875,0.021715606425355617,0.7159318740849122,0.998000799680128,2.736870754408836,1.0,0.0,-0.030331945274977477,0.8084850983648111,0.033884185622374864,9.057760456327559e-05,0.001999200319872051,0.18653358078598137,HorizontalScanPath_10,Horizontal,10,evaluation,strict oracle | exact previous state | fixed gamma,true previous state,exact state; innovation only,fixed gamma,current-frame truth,current forecast before Y_n
above_camera_ceiling,76,3.320273619368018,0.7523154655678393,0.7471497276899838,0.715931874084912,0.9342105263157895,2.7614222058712667,1.0,0.0,-1.0436045030750634,4.6376949253892565,1.0508199073123148,0.11512432576247131,0.06578947368421052,0.7958033878033416,HorizontalScanPath_10,Horizontal,10,evaluation,strict oracle | exact previous state | fixed gamma,true previous state,exact state; innovation only,fixed gamma,current-frame truth,current forecast before Y_n
current_top_1pct,26,5.671443308367762,2.074221231246565,2.074221231246565,0.7159318740849122,0.8076923076923077,2.7657357837774463,1.0,0.0,-2.8972326925628047,7.921763946628121,2.8972326925628047,0.2291542103134549,0.19230769230769232,1.9752463654575803,HorizontalScanPath_10,Horizontal,10,evaluation,strict oracle | exact previous state | fixed gamma,true previous state,exact state; innovation only,fixed gamma,current-frame truth,current forecast before Y_n
overall,2501,0.5828446234467519,0.07462571545510127,0.016384822852325558,0.6581275089378458,0.998000799680128,2.5109227420966618,1.0,0.0,-0.021039076000920368,0.8220659701471957,0.11908294869097515,0.05303190710443686,0.001999200319872051,0.17637494478116506,HorizontalScanPath_10,Horizontal,10,evaluation,strict oracle | exact previous state | fixed gamma,true previous state,exact state; innovation only,fixed gamma,current-frame truth,current posterior after Y_n
above_camera_ceiling,76,3.317669087569668,0.8081695515449226,0.795745567620803,0.6803183654060185,0.9342105263157895,2.59659941821125,1.0,0.0,-1.1244399530583384,4.653251121523552,1.1465329695338873,0.200635127332554,0.06578947368421052,0.7888754254858735,HorizontalScanPath_10,Horizontal,10,evaluation,strict oracle | exact previous state | fixed gamma,true previous state,exact state; innovation only,fixed gamma,current-frame truth,current posterior after Y_n
current_top_1pct,26,5.6642958874231315,2.085261984688071,2.085261984688071,0.7079649294013937,0.8076923076923077,2.6915800573473345,1.0,0.0,-2.9338757293068665,7.9433907604432274,2.9338757293068665,0.27453144718802275,0.19230769230769232,1.9677501093801424,HorizontalScanPath_10,Horizontal,10,evaluation,strict oracle | exact previous state | fixed gamma,true previous state,exact state; innovation only,fixed gamma,current-frame truth,current posterior after Y_n
overall,2501,0.4293132212902277,0.018746335600920372,0.016203173511808115,0.7159318740849122,0.9984006397441023,2.736870754408836,1.0,0.0,-0.022632284017971186,0.5996565271506679,0.02618452436536858,9.057760456327559e-05,0.001599360255897641,0.18114580336366562,HorizontalScanPath_10,Horizontal,10,evaluation,recalibrated oracle | exact previous state | development-recalibrated gamma,true previous state,exact state; innovation only,development-recalibrated gamma,current-frame truth,current forecast before Y_n
above_camera_ceiling,76,2.4625675453871665,0.5709129035049143,0.5657471656270587,0.715931874084912,0.9473684210526315,2.7614222058712667,1.0,0.0,-0.7902248609201593,3.439667424410687,0.7974402651574105,0.11512432576247131,0.05263157894736842,0.6185029755242398,HorizontalScanPath_10,Horizontal,10,evaluation,recalibrated oracle | exact previous state | development-recalibrated gamma,true previous state,exact state; innovation only,development-recalibrated gamma,current-frame truth,current forecast before Y_n
current_top_1pct,26,4.208672667575204,1.5727427837288548,1.5727427837288548,0.7159318740849122,0.8461538461538461,2.7657357837774463,1.0,0.0,-2.1967771524896813,5.878593787927983,2.1967771524896813,0.2291542103134549,0.15384615384615385,1.4768457811003093,HorizontalScanPath_10,Horizontal,10,evaluation,recalibrated oracle | exact previous state | development-recalibrated gamma,true previous state,exact state; innovation only,development-recalibrated gamma,current-frame truth,current forecast before Y_n
overall,2501,0.43501341507556535,0.06911328254155374,0.010872389938778032,0.6581275089378458,0.9984006397441023,2.5109227420966618,1.0,0.0,-0.013289204631605357,0.6164168928094341,0.11133307732166013,0.05303190710443686,0.001599360255897641,0.1709901068480346,HorizontalScanPath_10,Horizontal,10,evaluation,recalibrated oracle | exact previous state | development-recalibrated gamma,true previous state,exact state; innovation only,development-recalibrated gamma,current-frame truth,current posterior after Y_n
above_camera_ceiling,76,2.4607393802855113,0.6267669894819969,0.6143430055578772,0.6803183654060185,0.9473684210526315,2.59659941821125,1.0,0.0,-0.8694080018128538,3.4522231385815765,0.8915010182884026,0.200635127332554,0.05263157894736842,0.6116717456074623,HorizontalScanPath_10,Horizontal,10,evaluation,recalibrated oracle | exact previous state | development-recalibrated gamma,true previous state,exact state; innovation only,development-recalibrated gamma,current-frame truth,current posterior after Y_n
current_top_1pct,26,4.2016703937265945,1.5837835371703586,1.5837835371703586,0.7079649294013937,0.8461538461538461,2.6915800573473345,1.0,0.0,-2.229264605332614,5.893237798409515,2.229264605332614,0.27453144718802275,0.15384615384615385,1.4687679897377315,HorizontalScanPath_10,Horizontal,10,evaluation,recalibrated oracle | exact previous state | development-recalibrated gamma,true previous state,exact state; innovation only,development-recalibrated gamma,current-frame truth,current posterior after Y_n
overall,2501,0.44635036972324543,0.16041270083052483,0.04892782009665391,0.7159318740849122,0.991203518592563,2.743821416328371,1.0,0.0,-0.06834144681600095,0.623453691447612,0.22406140393673726,0.09930626625589667,0.008396641343462616,0.21545499509379612,HorizontalScanPath_11,Horizontal,11,evaluation,hybrid previous state | mean-only | fixed gamma,hybrid previous state,mean-only,fixed gamma,current-frame truth,current forecast before Y_n
above_camera_ceiling,76,2.29305182935479,1.300055685125087,-0.6931704495049653,0.715931874084912,0.75,2.782665901797203,1.0,0.0,0.9682072758542284,3.20289110229338,1.8158930090754637,0.9221110471909761,0.23684210526315788,1.0553128500939541,HorizontalScanPath_11,Horizontal,11,evaluation,hybrid previous state | mean-only | fixed gamma,hybrid previous state,mean-only,fixed gamma,current-frame truth,current forecast before Y_n
current_top_1pct,26,3.776012551361793,2.6354423482010816,-2.5960515762303134,0.7159318740849122,0.4230769230769231,2.810449612310923,1.0,0.0,3.6261153752213193,5.274262381722012,3.6811356549387386,2.172789293594251,0.5769230769230769,2.2662123238534906,HorizontalScanPath_11,Horizontal,11,evaluation,hybrid previous state | mean-only | fixed gamma,hybrid previous state,mean-only,fixed gamma,current-frame truth,current forecast before Y_n
overall,2501,0.4526262190470218,0.17853492721024244,0.04195034596772751,0.6581556329120999,0.9900039984006398,2.516307259701649,1.0,0.0,-0.0650408045266647,0.6556997643513671,0.27300338820258874,0.1464672229621097,0.009196321471411436,0.20689034967203168,HorizontalScanPath_11,Horizontal,11,evaluation,hybrid previous state | mean-only | fixed gamma,hybrid previous state,mean-only,fixed gamma,current-frame truth,current posterior after Y_n
above_camera_ceiling,76,2.3031482375719374,1.314318035867659,-0.623065391983354,0.6795533192462603,0.7105263157894737,2.595764069858216,1.0,0.0,0.8630991489460257,3.268493320640317,1.8930365659540993,1.0998254503062106,0.2631578947368421,1.0784499003369374,HorizontalScanPath_11,Horizontal,11,evaluation,hybrid previous state | mean-only | fixed gamma,hybrid previous state,mean-only,fixed gamma,current-frame truth,current posterior after Y_n
current_top_1pct,26,3.775151852826565,2.6139510734951377,-2.567901241602232,0.7082465765269195,0.38461538461538464,2.6570296058202327,1.0,0.0,3.627322631630517,5.335402332401352,3.6928723146447058,2.1265595696008255,0.5769230769230769,2.274047016549594,HorizontalScanPath_11,Horizontal,11,evaluation,hybrid previous state | mean-only | fixed gamma,hybrid previous state,mean-only,fixed gamma,current-frame truth,current posterior after Y_n
overall,2501,0.44635036972324543,0.16041270083052483,0.04892782009665391,0.7212045909408717,0.9948020791683326,2.764197718682204,1.0,0.0,-0.07221770829456585,0.521998081150209,0.2126398074863322,0.09930626625589667,0.005597760895641743,0.21463936570284622,HorizontalScanPath_11,Horizontal,11,evaluation,hybrid previous state | moment-matched | fixed gamma,hybrid previous state,moment-matched,fixed gamma,current-frame truth,current forecast before Y_n
above_camera_ceiling,76,2.29305182935479,1.300055685125087,-0.6931704495049653,0.8758748169673986,0.8289473684210527,3.3998923245992083,1.0,0.0,0.8155766814907471,2.552736231446425,1.4651693820568685,0.7175014165314505,0.18421052631578946,1.0320908983321533,HorizontalScanPath_11,Horizontal,11,evaluation,hybrid previous state | moment-matched | fixed gamma,hybrid previous state,moment-matched,fixed gamma,current-frame truth,current forecast before Y_n
current_top_1pct,26,3.776012551361793,2.6354423482010816,-2.5960515762303134,0.8823391879289659,0.5384615384615384,3.4591879858759396,1.0,0.0,2.9526449373384476,4.21078907088853,2.9878602217284422,1.9259598293165807,0.5,2.2167433630485593,HorizontalScanPath_11,Horizontal,11,evaluation,hybrid previous state | moment-matched | fixed gamma,hybrid previous state,moment-matched,fixed gamma,current-frame truth,current forecast before Y_n
overall,2501,0.45333309880397765,0.17905857920777743,0.043233308758486716,0.6635078703024426,0.9940023990403839,2.537691271588865,1.0,0.0,-0.06980360019584643,0.5563628902426402,0.2613494854705135,0.14620723115990186,0.0059976009596161535,0.20578646367286701,HorizontalScanPath_11,Horizontal,11,evaluation,hybrid previous state | moment-matched | fixed gamma,hybrid previous state,moment-matched,fixed gamma,current-frame truth,current posterior after Y_n
above_camera_ceiling,76,2.3075986661395564,1.3303875529321074,-0.5923273388306203,0.839405628927163,0.8157894736842105,3.2044159450716787,1.0,0.0,0.693777704932234,2.6118862849444544,1.5382341352739457,0.8355399574474567,0.18421052631578946,1.0580393742934049,HorizontalScanPath_11,Horizontal,11,evaluation,hybrid previous state | moment-matched | fixed gamma,hybrid previous state,moment-matched,fixed gamma,current-frame truth,current posterior after Y_n
current_top_1pct,26,3.767466821032254,2.59302200268246,-2.5395083266746585,0.8721127650511468,0.5,3.2949974301265637,1.0,0.0,2.9256473732084207,4.257852704874081,2.974616004077687,1.8633436259869849,0.5,2.18690103272107,HorizontalScanPath_11,Horizontal,11,evaluation,hybrid previous state | moment-matched | fixed gamma,hybrid previous state,moment-matched,fixed gamma,current-frame truth,current posterior after Y_n
overall,2501,0.44817276869153705,0.16051712289352468,0.04879749791256459,0.7159318740849122,0.991203518592563,2.743821416328371,1.0,0.0,-0.06815941527248867,0.6259991836016259,0.22420725868462557,0.09930626625589667,0.008396641343462616,0.21556008962205964,HorizontalScanPath_11,Horizontal,11,evaluation,hybrid previous state | mean-only | development-recalibrated gamma,hybrid previous state,mean-only,development-recalibrated gamma,current-frame truth,current forecast before Y_n
above_camera_ceiling,76,2.3047195967405756,1.3034919953824897,-0.697459078220852,0.715931874084912,0.75,2.782665901797203,1.0,0.0,0.9741975507269154,3.219188417454406,1.8206927817658403,0.9221110471909761,0.23684210526315788,1.0587712897674677,HorizontalScanPath_11,Horizontal,11,evaluation,hybrid previous state | mean-only | development-recalibrated gamma,hybrid previous state,mean-only,development-recalibrated gamma,current-frame truth,current forecast before Y_n
current_top_1pct,26,3.7969674909172126,2.6467326436235816,-2.6073418716528134,0.7159318740849122,0.4230769230769231,2.810449612310923,1.0,0.0,3.641885444736566,5.303531842007189,3.696905724453986,2.172789293594251,0.5769230769230769,2.2770716503020094,HorizontalScanPath_11,Horizontal,11,evaluation,hybrid previous state | mean-only | development-recalibrated gamma,hybrid previous state,mean-only,development-recalibrated gamma,current-frame truth,current forecast before Y_n
overall,2501,0.4544222944341258,0.17863934927324226,0.041820023783638166,0.6581556329120999,0.9900039984006398,2.516307259701649,1.0,0.0,-0.06485793300307331,0.658140683755981,0.2731497338828942,0.1462072284859274,0.008796481407437025,0.20699528149149676,HorizontalScanPath_11,Horizontal,11,evaluation,hybrid previous state | mean-only | development-recalibrated gamma,hybrid previous state,mean-only,development-recalibrated gamma,current-frame truth,current posterior after Y_n
above_camera_ceiling,76,2.3147576462432946,1.317754346125061,-0.6273540206992414,0.6795533192462603,0.7105263157894737,2.595764069858216,1.0,0.0,0.8691170657947368,3.284597921012859,1.8978524941967818,1.0998254503062106,0.25,1.0819029856064397,HorizontalScanPath_11,Horizontal,11,evaluation,hybrid previous state | mean-only | development-recalibrated gamma,hybrid previous state,mean-only,development-recalibrated gamma,current-frame truth,current posterior after Y_n
current_top_1pct,26,3.7960981020408155,2.6252413689176377,-2.579191537024732,0.7082465765269195,0.38461538461538464,2.6570296058202327,1.0,0.0,3.64315671291794,5.364578139176022,3.7087063959321283,2.1265595696008255,0.5769230769230769,2.2848941564188103,HorizontalScanPath_11,Horizontal,11,evaluation,hybrid previous state | mean-only | development-recalibrated gamma,hybrid previous state,mean-only,development-recalibrated gamma,current-frame truth,current posterior after Y_n
overall,2501,0.44817276869153705,0.16051712289352468,0.04879749791256459,0.7212045909408717,0.9948020791683326,2.764197718682204,1.0,0.0,-0.07207564329291434,0.5238139736417138,0.21275356764354073,0.09930626625589667,0.005597760895641743,0.21474420122324595,HorizontalScanPath_11,Horizontal,11,evaluation,hybrid previous state | moment-matched | development-recalibrated gamma,hybrid previous state,moment-matched,development-recalibrated gamma,current-frame truth,current forecast before Y_n
above_camera_ceiling,76,2.3047195967405756,1.3034919953824897,-0.697459078220852,0.8758748169673986,0.8289473684210527,3.3998923245992083,1.0,0.0,0.820251741610885,2.5649477706916963,1.4689129893355328,0.7175014165314505,0.18421052631578946,1.035540814602149,HorizontalScanPath_11,Horizontal,11,evaluation,hybrid previous state | moment-matched | development-recalibrated gamma,hybrid previous state,moment-matched,development-recalibrated gamma,current-frame truth,current forecast before Y_n
current_top_1pct,26,3.7969674909172126,2.6467326436235816,-2.6073418716528134,0.8823391879289659,0.5384615384615384,3.4591879858759396,1.0,0.0,2.964949143536697,4.232660402060246,3.0001644279266917,1.9259598293165807,0.5,2.2275201891387297,HorizontalScanPath_11,Horizontal,11,evaluation,hybrid previous state | moment-matched | development-recalibrated gamma,hybrid previous state,moment-matched,development-recalibrated gamma,current-frame truth,current forecast before Y_n
overall,2501,0.45510664353289376,0.17916300127077725,0.04310298657439737,0.6635078703024426,0.9940023990403839,2.537691271588865,1.0,0.0,-0.06965970488327539,0.5580832988091851,0.2614645636015331,0.14620723115990186,0.0059976009596161535,0.20589171237714685,HorizontalScanPath_11,Horizontal,11,evaluation,hybrid previous state | moment-matched | development-recalibrated gamma,hybrid previous state,moment-matched,development-recalibrated gamma,current-frame truth,current posterior after Y_n
above_camera_ceiling,76,2.31905830863227,1.3338238631895096,-0.5966159675465077,0.839405628927163,0.8157894736842105,3.2044159450716787,1.0,0.0,0.6985129967314468,2.6239368062578112,1.5420211142960492,0.8355399574474567,0.18421052631578946,1.061502887575034,HorizontalScanPath_11,Horizontal,11,evaluation,hybrid previous state | moment-matched | development-recalibrated gamma,hybrid previous state,moment-matched,development-recalibrated gamma,current-frame truth,current posterior after Y_n
current_top_1pct,26,3.78825035483644,2.60431229810496,-2.5507986220971586,0.8721127650511468,0.5,3.2949974301265637,1.0,0.0,2.9381029997934216,4.279720315409133,2.987071630662687,1.8633436259869849,0.5,2.197662439085757,HorizontalScanPath_11,Horizontal,11,evaluation,hybrid previous state | moment-matched | development-recalibrated gamma,hybrid previous state,moment-matched,development-recalibrated gamma,current-frame truth,current posterior after Y_n
overall,2501,0.5232853924039975,0.19155846328727502,-0.08359365270656034,0.7159318740849122,0.9764094362255098,2.743821416328371,1.0,0.0,0.11676202126551195,0.7309150651699212,0.2675652114694861,0.044312107727879316,0.019992003198720514,0.24719777734473686,HorizontalScanPath_11,Horizontal,11,evaluation,coherent latent previous state | mean-only | fixed gamma,coherent latent previous state,mean-only,fixed gamma,current-frame truth,current forecast before Y_n
above_camera_ceiling,76,2.302076670727549,1.3342195534193362,-0.6529569589369416,0.715931874084912,0.75,2.782665901797203,1.0,0.0,0.9120378384766518,3.2154968287590364,1.8636124493335418,0.9452364901811265,0.25,1.0736859246697135,HorizontalScanPath_11,Horizontal,11,evaluation,coherent latent previous state | mean-only | fixed gamma,coherent latent previous state,mean-only,fixed gamma,current-frame truth,current forecast before Y_n
current_top_1pct,26,3.775956977403624,2.6356006330594606,-2.5964728328993023,0.7159318740849122,0.4230769230769231,2.810449612310923,1.0,0.0,3.6267037785097282,5.274184757076176,3.6813567442128834,2.2008273205154003,0.5769230769230769,2.2670284956720783,HorizontalScanPath_11,Horizontal,11,evaluation,coherent latent previous state | mean-only | fixed gamma,coherent latent previous state,mean-only,fixed gamma,current-frame truth,current forecast before Y_n
overall,2501,0.5239231395453923,0.19670674024129717,-0.0896402026856005,0.6583691610654685,0.9752099160335865,2.5173239806612138,1.0,0.0,0.12768874152936918,0.7552981976484432,0.2970606994345239,0.07609873703830834,0.022790883646541384,0.23622329835099695,HorizontalScanPath_11,Horizontal,11,evaluation,coherent latent previous state | mean-only | fixed gamma,coherent latent previous state,mean-only,fixed gamma,current-frame truth,current posterior after Y_n
above_camera_ceiling,76,2.3176189631736857,1.363596243519791,-0.5660886042241831,0.6833765384583608,0.7236842105263158,2.61759310542981,1.0,0.0,0.7831783087692044,3.2867331974752196,1.9590263940705614,1.186166160337634,0.27631578947368424,1.1040254298067562,HorizontalScanPath_11,Horizontal,11,evaluation,coherent latent previous state | mean-only | fixed gamma,coherent latent previous state,mean-only,fixed gamma,current-frame truth,current posterior after Y_n
current_top_1pct,26,3.7762032409085826,2.611508204993975,-2.564180634460585,0.7088675539249831,0.46153846153846156,2.680081370914807,1.0,0.0,3.619433533346746,5.335223764111467,3.686981129408127,2.1393538789205895,0.5769230769230769,2.2628847409906316,HorizontalScanPath_11,Horizontal,11,evaluation,coherent latent previous state | mean-only | fixed gamma,coherent latent previous state,mean-only,fixed gamma,current-frame truth,current posterior after Y_n
overall,2501,0.5232853924039975,0.19155846328727502,-0.08359365270656034,2.8267206966956193,0.9944022391043582,10.823462282307537,1.0,0.0,0.03510813669513803,0.4724084205344726,0.10592326519042149,0.010391752940279457,0.005597760895641743,0.7034652876275606,HorizontalScanPath_11,Horizontal,11,evaluation,coherent latent previous state | moment-matched | fixed gamma,coherent latent previous state,moment-matched,fixed gamma,current-frame truth,current forecast before Y_n
above_camera_ceiling,76,2.302076670727549,1.3342195534193362,-0.6529569589369416,0.9134246789615726,0.8157894736842105,3.5509691085436597,1.0,0.0,0.7816765130076058,2.571344549331505,1.483281914531509,0.7374386441772454,0.18421052631578946,1.0488744016097653,HorizontalScanPath_11,Horizontal,11,evaluation,coherent latent previous state | moment-matched | fixed gamma,coherent latent previous state,moment-matched,fixed gamma,current-frame truth,current forecast before Y_n
current_top_1pct,26,3.775956977403624,2.6356006330594606,-2.5964728328993023,0.8820364256377753,0.5,3.4581101679032757,1.0,0.0,2.9597429047582646,4.23895140319864,2.994848630063615,1.9514023035860246,0.5,2.2173664952980183,HorizontalScanPath_11,Horizontal,11,evaluation,coherent latent previous state | moment-matched | fixed gamma,coherent latent previous state,moment-matched,fixed gamma,current-frame truth,current forecast before Y_n
overall,2501,0.564460776130609,0.30017035164877826,-0.09180231794966559,2.720071768438755,0.9932027189124351,10.402199780042581,1.0,0.0,0.03387467849468314,0.49922240135020496,0.15593598594263533,0.06824423678777378,0.006797281087564974,0.686649567745077,HorizontalScanPath_11,Horizontal,11,evaluation,coherent latent previous state | moment-matched | fixed gamma,coherent latent previous state,moment-matched,fixed gamma,current-frame truth,current posterior after Y_n
above_camera_ceiling,76,2.315173170403729,1.3699622470915411,-0.5481456629891904,0.8695246795898054,0.8026315789473685,3.3306611702320525,1.0,0.0,0.6573012754628187,2.654778294101814,1.5817803954480707,0.8362491868874642,0.19736842105263158,1.0727711056136027,HorizontalScanPath_11,Horizontal,11,evaluation,coherent latent previous state | moment-matched | fixed gamma,coherent latent previous state,moment-matched,fixed gamma,current-frame truth,current posterior after Y_n
current_top_1pct,26,3.7646897562228503,2.595749409628623,-2.5401406226618497,0.8636027557400828,0.46153846153846156,3.2719176636656995,1.0,0.0,2.957547597994815,4.320922285661105,3.0096479073186635,1.8853491944064962,0.5,2.1939595065344735,HorizontalScanPath_11,Horizontal,11,evaluation,coherent latent previous state | moment-matched | fixed gamma,coherent latent previous state,moment-matched,fixed gamma,current-frame truth,current posterior after Y_n
overall,2501,0.5254512819895378,0.19170359489966468,-0.0837747817530824,0.7159318740849122,0.9764094362255098,2.743821416328371,1.0,0.0,0.11701501886637107,0.7339403384730673,0.26776792854026205,0.044312107727879316,0.019992003198720514,0.24734366192784027,HorizontalScanPath_11,Horizontal,11,evaluation,coherent latent previous state | mean-only | development-recalibrated gamma,coherent latent previous state,mean-only,development-recalibrated gamma,current-frame truth,current forecast before Y_n
above_camera_ceiling,76,2.3182548531948153,1.3389955292428435,-0.6589175345336735,0.715931874084912,0.75,2.782665901797203,1.0,0.0,0.9203634568943964,3.238094205762183,1.8702834413599998,0.9452364901811265,0.25,1.0784866791742096,HorizontalScanPath_11,Horizontal,11,evaluation,coherent latent previous state | mean-only | development-recalibrated gamma,coherent latent previous state,mean-only,development-recalibrated gamma,current-frame truth,current forecast before Y_n
current_top_1pct,26,3.8051253103762774,2.6512925159044256,-2.612164715744268,0.7159318740849122,0.4230769230769231,2.810449612310923,1.0,0.0,3.64862190146664,5.314926528784462,3.703274867169795,2.2008273205154003,0.5769230769230769,2.282121289165599,HorizontalScanPath_11,Horizontal,11,evaluation,coherent latent previous state | mean-only | development-recalibrated gamma,coherent latent previous state,mean-only,development-recalibrated gamma,current-frame truth,current forecast before Y_n
overall,2501,0.5260857303040087,0.19685187185368674,-0.08982133173212252,0.6583691610654685,0.9752099160335865,2.5173239806612138,1.0,0.0,0.12794288892904537,0.7582512198417657,0.2972640819057833,0.07609873703830834,0.022790883646541384,0.2363708137300711,HorizontalScanPath_11,Horizontal,11,evaluation,coherent latent previous state | mean-only | development-recalibrated gamma,coherent latent previous state,mean-only,development-recalibrated gamma,current-frame truth,current posterior after Y_n
above_camera_ceiling,76,2.3336844075822047,1.3683722193432961,-0.5720491798209142,0.6833765384583608,0.7236842105263158,2.61759310542981,1.0,0.0,0.7915417646453903,3.3090328539383145,1.9657192830260837,1.186166160337634,0.27631578947368424,1.108879850373394,HorizontalScanPath_11,Horizontal,11,evaluation,coherent latent previous state | mean-only | development-recalibrated gamma,coherent latent previous state,mean-only,development-recalibrated gamma,current-frame truth,current posterior after Y_n
current_top_1pct,26,3.80535935345293,2.627200087838936,-2.579872517305546,0.7088675539249831,0.46153846153846156,2.680081370914807,1.0,0.0,3.6414389604084736,5.375844177849634,3.7089865564698554,2.1393538789205895,0.5769230769230769,2.278012171862656,HorizontalScanPath_11,Horizontal,11,evaluation,coherent latent previous state | mean-only | development-recalibrated gamma,coherent latent previous state,mean-only,development-recalibrated gamma,current-frame truth,current posterior after Y_n
overall,2501,0.5254512819895378,0.19170359489966468,-0.0837747817530824,2.8267206966956193,0.9944022391043582,10.823462282307537,1.0,0.0,0.035303398497223755,0.4752290656143185,0.10607996065906905,0.010391752940279457,0.005597760895641743,0.703611113222937,HorizontalScanPath_11,Horizontal,11,evaluation,coherent latent previous state | moment-matched | development-recalibrated gamma,coherent latent previous state,moment-matched,development-recalibrated gamma,current-frame truth,current forecast before Y_n
above_camera_ceiling,76,2.3182548531948153,1.3389955292428435,-0.6589175345336735,0.9134246789615726,0.8157894736842105,3.5509691085436597,1.0,0.0,0.7881021678367689,2.588392148830322,1.4884384325195028,0.7374386441772454,0.18421052631578946,1.0536732149523513,HorizontalScanPath_11,Horizontal,11,evaluation,coherent latent previous state | moment-matched | development-recalibrated gamma,coherent latent previous state,moment-matched,development-recalibrated gamma,current-frame truth,current forecast before Y_n
current_top_1pct,26,3.8051253103762774,2.6512925159044256,-2.612164715744268,0.8820364256377753,0.5,3.4581101679032757,1.0,0.0,2.9766706957987243,4.269486145584875,3.0117764211040745,1.9514023035860246,0.5,2.2323577128713428,HorizontalScanPath_11,Horizontal,11,evaluation,coherent latent previous state | moment-matched | development-recalibrated gamma,coherent latent previous state,moment-matched,development-recalibrated gamma,current-frame truth,current forecast before Y_n
overall,2501,0.5664667216562321,0.30031548326116797,-0.09198344699618763,2.720071768438755,0.9932027189124351,10.402199780042581,1.0,0.0,0.034075044561151374,0.5020140780026084,0.15609660751572707,0.06824423678777378,0.006797281087564974,0.6867998777151464,HorizontalScanPath_11,Horizontal,11,evaluation,coherent latent previous state | moment-matched | development-recalibrated gamma,coherent latent previous state,moment-matched,development-recalibrated gamma,current-frame truth,current posterior after Y_n
above_camera_ceiling,76,2.3312402206502356,1.3747382229150484,-0.5541062385859223,0.8695246795898054,0.8026315789473685,3.3306611702320525,1.0,0.0,0.6638949008869905,2.6720459549537994,1.5870661132678405,0.8362491868874642,0.19736842105263158,1.0777174902865423,HorizontalScanPath_11,Horizontal,11,evaluation,coherent latent previous state | moment-matched | development-recalibrated gamma,coherent latent previous state,moment-matched,development-recalibrated gamma,current-frame truth,current posterior after Y_n
current_top_1pct,26,3.7938932882475536,2.611441292473588,-2.5558325055068147,0.8636027557400828,0.46153846153846156,3.2719176636656995,1.0,0.0,2.974909715043652,4.3522397001767485,3.0270100243675007,1.8853491944064962,0.5,2.209042507457622,HorizontalScanPath_11,Horizontal,11,evaluation,coherent latent previous state | moment-matched | development-recalibrated gamma,coherent latent previous state,moment-matched,development-recalibrated gamma,current-frame truth,current posterior after Y_n
overall,2501,0.5577009586576033,0.02435734864548767,0.021630609083946484,0.7159318740849122,0.9976009596161536,2.743821416328371,1.0,0.0,-0.030213222608078794,0.7789860723416512,0.0340218804709885,0.00010614563345774945,0.001999200319872051,0.18674510660048962,HorizontalScanPath_11,Horizontal,11,evaluation,strict oracle | exact previous state | fixed gamma,true previous state,exact state; innovation only,fixed gamma,current-frame truth,current forecast before Y_n
above_camera_ceiling,76,3.199124087625339,0.7532281213770519,0.748163226766608,0.715931874084912,0.9210526315789473,2.782665901797203,1.0,0.0,-1.045020139273577,4.468475567894482,1.0520946875564254,0.11738464664259933,0.06578947368421052,0.7942455406742425,HorizontalScanPath_11,Horizontal,11,evaluation,strict oracle | exact previous state | fixed gamma,true previous state,exact state; innovation only,fixed gamma,current-frame truth,current forecast before Y_n
current_top_1pct,26,5.460438772188471,2.03965998270018,2.03965998270018,0.7159318740849122,0.8076923076923077,2.810449612310923,1.0,0.0,-2.848958199140424,7.627036831078208,2.848958199140424,0.21914227449439058,0.19230769230769232,1.9480094379537922,HorizontalScanPath_11,Horizontal,11,evaluation,strict oracle | exact previous state | fixed gamma,true previous state,exact state; innovation only,fixed gamma,current-frame truth,current forecast before Y_n
overall,2501,0.5634482974030661,0.07311575027948396,0.028472180343651038,0.6582592679753121,0.998000799680128,2.5168547523588214,1.0,0.0,-0.041280912067052845,0.7943993791608327,0.11598028185682978,0.048095417744913826,0.001999200319872051,0.17701564882731396,HorizontalScanPath_11,Horizontal,11,evaluation,strict oracle | exact previous state | fixed gamma,true previous state,exact state; innovation only,fixed gamma,current-frame truth,current posterior after Y_n
above_camera_ceiling,76,3.2062468480147595,0.8459661481204953,0.8459661481204953,0.6817569495691808,0.9342105263157895,2.6334613523846526,1.0,0.0,-1.203707972288711,4.4954700318609,1.203707972288711,0.25949796922534063,0.06578947368421052,0.8052915321055881,HorizontalScanPath_11,Horizontal,11,evaluation,strict oracle | exact previous state | fixed gamma,true previous state,exact state; innovation only,fixed gamma,current-frame truth,current posterior after Y_n
current_top_1pct,26,5.467305910678404,2.086728465631709,2.086728465631709,0.7084745393636754,0.8076923076923077,2.7740445836324477,1.0,0.0,-2.93297890389947,7.663121664211051,2.93297890389947,0.3413301671003264,0.19230769230769232,1.9675604455430997,HorizontalScanPath_11,Horizontal,11,evaluation,strict oracle | exact previous state | fixed gamma,true previous state,exact state; innovation only,fixed gamma,current-frame truth,current posterior after Y_n
overall,2501,0.41133406716394294,0.018882047080726112,0.016155307519184925,0.7159318740849122,0.9984006397441023,2.743821416328371,1.0,0.0,-0.022565425711537527,0.5745435872508131,0.026374083574447236,0.00010614563345774945,0.001599360255897641,0.18145270634714195,HorizontalScanPath_11,Horizontal,11,evaluation,recalibrated oracle | exact previous state | development-recalibrated gamma,true previous state,exact state; innovation only,development-recalibrated gamma,current-frame truth,current forecast before Y_n
above_camera_ceiling,76,2.359431155491915,0.5730474738314116,0.5679825792209677,0.715931874084912,0.9473684210526315,2.782665901797203,1.0,0.0,-0.7933472440334495,3.295608480217041,0.800421792316298,0.11738464664259933,0.05263157894736842,0.6200837902318409,HorizontalScanPath_11,Horizontal,11,evaluation,recalibrated oracle | exact previous state | development-recalibrated gamma,true previous state,exact state; innovation only,development-recalibrated gamma,current-frame truth,current forecast before Y_n
current_top_1pct,26,4.031430706576758,1.565314247740177,1.565314247740177,0.7159318740849122,0.8461538461538461,2.810449612310923,1.0,0.0,-2.1864011149677136,5.631025594061783,2.1864011149677136,0.21914227449439058,0.15384615384615385,1.477207358857823,HorizontalScanPath_11,Horizontal,11,evaluation,recalibrated oracle | exact previous state | development-recalibrated gamma,true previous state,exact state; innovation only,development-recalibrated gamma,current-frame truth,current forecast before Y_n
overall,2501,0.4188957707970396,0.06764044871472247,0.02299687877888955,0.6582592679753121,0.9984006397441023,2.5168547523588214,1.0,0.0,-0.03359784973706465,0.5935021244110642,0.1082972195268416,0.048095417744913826,0.001599360255897641,0.17173134067732956,HorizontalScanPath_11,Horizontal,11,evaluation,recalibrated oracle | exact previous state | development-recalibrated gamma,true previous state,exact state; innovation only,development-recalibrated gamma,current-frame truth,current posterior after Y_n
above_camera_ceiling,76,2.367928918732161,0.6657855005748573,0.6657855005748573,0.6817569495691808,0.9473684210526315,2.6334613523846526,1.0,0.0,-0.9508745658768633,3.3216994519505074,0.9508745658768633,0.25949796922534063,0.05263157894736842,0.6313960757488654,HorizontalScanPath_11,Horizontal,11,evaluation,recalibrated oracle | exact previous state | development-recalibrated gamma,true previous state,exact state; innovation only,development-recalibrated gamma,current-frame truth,current posterior after Y_n
current_top_1pct,26,4.0388201514399436,1.6123827306717085,1.6123827306717085,0.7084745393636754,0.8461538461538461,2.7740445836324477,1.0,0.0,-2.2677348233866486,5.662279883454818,2.2677348233866486,0.3413301671003264,0.15384615384615385,1.4960276373672519,HorizontalScanPath_11,Horizontal,11,evaluation,recalibrated oracle | exact previous state | development-recalibrated gamma,true previous state,exact state; innovation only,development-recalibrated gamma,current-frame truth,current posterior after Y_n
overall,2501,0.509779854654974,0.1720287883417804,0.030325477711434692,0.7159318740849122,0.9904038384646141,2.7382387452249928,1.0,0.0,-0.04235804943060542,0.712050787383315,0.2402865336337535,0.10886026912046029,0.010395841663334666,0.22306673230856294,HorizontalScanPath_12,Horizontal,12,evaluation,hybrid previous state | mean-only | fixed gamma,hybrid previous state,mean-only,fixed gamma,current-frame truth,current forecast before Y_n
above_camera_ceiling,76,2.697217136015676,1.5539423975486453,-1.2983543840740857,0.715931874084912,0.6973684210526315,2.747776066917776,1.0,0.0,1.8135166641848603,3.76742150147065,2.1705171313050684,0.9452771690527619,0.32894736842105265,1.3191924668248944,HorizontalScanPath_12,Horizontal,12,evaluation,hybrid previous state | mean-only | fixed gamma,hybrid previous state,mean-only,fixed gamma,current-frame truth,current forecast before Y_n
current_top_1pct,26,4.500823194675613,3.5034677960973264,-3.5034677960973264,0.7159318740849122,0.23076923076923078,2.7403122700486837,1.0,0.0,4.89357706077185,6.286664077400469,4.89357706077185,3.2698595559647563,0.8461538461538461,3.1062319771238163,HorizontalScanPath_12,Horizontal,12,evaluation,hybrid previous state | mean-only | fixed gamma,hybrid previous state,mean-only,fixed gamma,current-frame truth,current forecast before Y_n
overall,2501,0.5130973344022135,0.19663130425208414,0.019142004595879853,0.6583068584515982,0.9888044782087165,2.5151589492162922,1.0,0.0,-0.03184683173160921,0.7419390310843876,0.30131411355965715,0.1780076238492688,0.010395841663334666,0.2152673581141515,HorizontalScanPath_12,Horizontal,12,evaluation,hybrid previous state | mean-only | fixed gamma,hybrid previous state,mean-only,fixed gamma,current-frame truth,current posterior after Y_n
above_camera_ceiling,76,2.6793479919890335,1.5478788743319285,-1.212270288711811,0.6829089382027086,0.6447368421052632,2.6156657171187927,1.0,0.0,1.7147289079997028,3.800102672762304,2.221785574422968,1.0892776972683453,0.32894736842105265,1.3053316561098953,HorizontalScanPath_12,Horizontal,12,evaluation,hybrid previous state | mean-only | fixed gamma,hybrid previous state,mean-only,fixed gamma,current-frame truth,current posterior after Y_n
current_top_1pct,26,4.469164335749121,3.4602048669559755,-3.4602048669559755,0.7085689429112231,0.19230769230769232,2.6650712229606133,1.0,0.0,4.889867558423671,6.318172925161559,4.889867558423671,3.2227139030232133,0.8076923076923077,3.0496273350215555,HorizontalScanPath_12,Horizontal,12,evaluation,hybrid previous state | mean-only | fixed gamma,hybrid previous state,mean-only,fixed gamma,current-frame truth,current posterior after Y_n
overall,2501,0.509779854654974,0.1720287883417804,0.030325477711434692,0.7186804509276138,0.991203518592563,2.74880567821797,1.0,0.0,-0.04848876032721158,0.6301455351294276,0.23224684542523333,0.10852943787752821,0.009196321471411436,0.22265010723224343,HorizontalScanPath_12,Horizontal,12,evaluation,hybrid previous state | moment-matched | fixed gamma,hybrid previous state,moment-matched,fixed gamma,current-frame truth,current forecast before Y_n
above_camera_ceiling,76,2.697217136015676,1.5539423975486453,-1.2983543840740857,0.7974784226465516,0.7105263157894737,3.0608141990675377,1.0,0.0,1.601511557365962,3.255602361097511,1.9162396431045223,0.869902978294535,0.3026315789473684,1.3056343798287147,HorizontalScanPath_12,Horizontal,12,evaluation,hybrid previous state | moment-matched | fixed gamma,hybrid previous state,moment-matched,fixed gamma,current-frame truth,current forecast before Y_n
current_top_1pct,26,4.500823194675613,3.5034677960973264,-3.5034677960973264,0.8038489617153743,0.23076923076923078,3.078149169553668,1.0,0.0,4.294365107217299,5.424037215063576,4.294365107217299,2.901565163900554,0.7692307692307693,3.062229611360851,HorizontalScanPath_12,Horizontal,12,evaluation,hybrid previous state | moment-matched | fixed gamma,hybrid previous state,moment-matched,fixed gamma,current-frame truth,current forecast before Y_n
overall,2501,0.5083645619333171,0.1962975008985701,0.02045278842194189,0.6607933187333425,0.991203518592563,2.5250798987237704,1.0,0.0,-0.03906283586634496,0.6603499028899883,0.2929550703350324,0.17868972070238906,0.009196321471411436,0.21488987716610394,HorizontalScanPath_12,Horizontal,12,evaluation,hybrid previous state | moment-matched | fixed gamma,hybrid previous state,moment-matched,fixed gamma,current-frame truth,current posterior after Y_n
above_camera_ceiling,76,2.6490201311832213,1.5347818055430107,-1.1674158853953802,0.7557254980808213,0.7105263157894737,2.86048941578335,1.0,0.0,1.4617915006070845,3.2715647941635697,1.9568071927306172,0.934554852431053,0.3026315789473684,1.2715475306279527,HorizontalScanPath_12,Horizontal,12,evaluation,hybrid previous state | moment-matched | fixed gamma,hybrid previous state,moment-matched,fixed gamma,current-frame truth,current posterior after Y_n
current_top_1pct,26,4.415806729934661,3.4058893831454324,-3.4058893831454324,0.7906932616331216,0.23076923076923078,3.0129538189322975,1.0,0.0,4.252990753646909,5.429381671018155,4.252990753646909,2.8292434218286946,0.7692307692307693,2.9751528982306064,HorizontalScanPath_12,Horizontal,12,evaluation,hybrid previous state | moment-matched | fixed gamma,hybrid previous state,moment-matched,fixed gamma,current-frame truth,current posterior after Y_n
overall,2501,0.5116500620342692,0.17212492839466112,0.03018891827899075,0.7159318740849122,0.9904038384646141,2.7382387452249928,1.0,0.0,-0.04216730581743903,0.7146630574148535,0.2404208202277169,0.10886026912046029,0.010395841663334666,0.22316960777446515,HorizontalScanPath_12,Horizontal,12,evaluation,hybrid previous state | mean-only | development-recalibrated gamma,hybrid previous state,mean-only,development-recalibrated gamma,current-frame truth,current forecast before Y_n
above_camera_ceiling,76,2.708845466573334,1.557106164288838,-1.302848267502274,0.715931874084912,0.6973684210526315,2.747776066917776,1.0,0.0,1.819793634928665,3.783663732021596,2.174936220403785,0.9452771690527619,0.32894736842105265,1.3225778818278093,HorizontalScanPath_12,Horizontal,12,evaluation,hybrid previous state | mean-only | development-recalibrated gamma,hybrid previous state,mean-only,development-recalibrated gamma,current-frame truth,current forecast before Y_n
current_top_1pct,26,4.521620957328825,3.5146597463434217,-3.5146597463434217,0.7159318740849122,0.23076923076923078,2.7403122700486837,1.0,0.0,4.9092097636186125,6.315713995983566,4.9092097636186125,3.2698595559647563,0.8461538461538461,3.117377487757154,HorizontalScanPath_12,Horizontal,12,evaluation,hybrid previous state | mean-only | development-recalibrated gamma,hybrid previous state,mean-only,development-recalibrated gamma,current-frame truth,current forecast before Y_n
overall,2501,0.5149494438182203,0.1967274443049649,0.019005445163435865,0.6583068584515982,0.9888044782087165,2.5151589492162922,1.0,0.0,-0.031655170360027525,0.7444577877644507,0.30144871231262915,0.1780076238492688,0.010395841663334666,0.2153702820435501,HorizontalScanPath_12,Horizontal,12,evaluation,hybrid previous state | mean-only | development-recalibrated gamma,hybrid previous state,mean-only,development-recalibrated gamma,current-frame truth,current posterior after Y_n
above_camera_ceiling,76,2.691015441719573,1.5510426410721228,-1.2167641721400009,0.6829089382027086,0.6447368421052632,2.6156657171187927,1.0,0.0,1.721036080240831,3.8162787197056494,2.226214936017481,1.0892776972683453,0.32894736842105265,1.3087186659444454,HorizontalScanPath_12,Horizontal,12,evaluation,hybrid previous state | mean-only | development-recalibrated gamma,hybrid previous state,mean-only,development-recalibrated gamma,current-frame truth,current posterior after Y_n
current_top_1pct,26,4.49005320475444,3.471396817202075,-3.471396817202075,0.7085689429112231,0.19230769230769232,2.6650712229606133,1.0,0.0,4.90555941556807,6.34723842733353,4.90555941556807,3.2227139030232133,0.8076923076923077,3.0607728456548973,HorizontalScanPath_12,Horizontal,12,evaluation,hybrid previous state | mean-only | development-recalibrated gamma,hybrid previous state,mean-only,development-recalibrated gamma,current-frame truth,current posterior after Y_n
overall,2501,0.5116500620342692,0.17212492839466112,0.03018891827899075,0.7186804509276138,0.991203518592563,2.74880567821797,1.0,0.0,-0.04832980920082805,0.6321952589800255,0.23235835651621423,0.10852943787752821,0.009196321471411436,0.22275374029652617,HorizontalScanPath_12,Horizontal,12,evaluation,hybrid previous state | moment-matched | development-recalibrated gamma,hybrid previous state,moment-matched,development-recalibrated gamma,current-frame truth,current forecast before Y_n
above_camera_ceiling,76,2.708845466573334,1.557106164288838,-1.302848267502274,0.7974784226465516,0.7105263157894737,3.0608141990675377,1.0,0.0,1.606742304301294,3.268653280315202,1.9199092383485121,0.869902978294535,0.3026315789473684,1.3090447257993871,HorizontalScanPath_12,Horizontal,12,evaluation,hybrid previous state | moment-matched | development-recalibrated gamma,hybrid previous state,moment-matched,development-recalibrated gamma,current-frame truth,current forecast before Y_n
current_top_1pct,26,4.521620957328825,3.5146597463434217,-3.5146597463434217,0.8038489617153743,0.23076923076923078,3.078149169553668,1.0,0.0,4.307373299633232,5.447411523689825,4.307373299633232,2.901565163900554,0.7692307692307693,3.073361853533402,HorizontalScanPath_12,Horizontal,12,evaluation,hybrid previous state | moment-matched | development-recalibrated gamma,hybrid previous state,moment-matched,development-recalibrated gamma,current-frame truth,current forecast before Y_n
overall,2501,0.5102095555382294,0.1963936409514507,0.020316228989497878,0.6607933187333425,0.991203518592563,2.5250798987237704,1.0,0.0,-0.03890156064711448,0.6623338438425642,0.293068200908184,0.17868972070238906,0.009196321471411436,0.2149935251583103,HorizontalScanPath_12,Horizontal,12,evaluation,hybrid previous state | moment-matched | development-recalibrated gamma,hybrid previous state,moment-matched,development-recalibrated gamma,current-frame truth,current posterior after Y_n
above_camera_ceiling,76,2.660667253831253,1.537945572283201,-1.1719097688235707,0.7557254980808213,0.7105263157894737,2.86048941578335,1.0,0.0,1.4670987285451824,3.2847360136674424,1.9605300817234095,0.934554852431053,0.3026315789473684,1.274958367845165,HorizontalScanPath_12,Horizontal,12,evaluation,hybrid previous state | moment-matched | development-recalibrated gamma,hybrid previous state,moment-matched,development-recalibrated gamma,current-frame truth,current posterior after Y_n
current_top_1pct,26,4.436709467886442,3.4170813333915273,-3.4170813333915273,0.7906932616331216,0.23076923076923078,3.0129538189322975,1.0,0.0,4.266188616853594,5.453121820638844,4.266188616853594,2.8292434218286946,0.7692307692307693,2.986278506172766,HorizontalScanPath_12,Horizontal,12,evaluation,hybrid previous state | moment-matched | development-recalibrated gamma,hybrid previous state,moment-matched,development-recalibrated gamma,current-frame truth,current posterior after Y_n
overall,2501,0.5731643141515589,0.19418792932152942,-0.09909511083838586,0.7159318740849122,0.9768092762894842,2.7382387452249928,1.0,0.0,0.1384141626115571,0.8005849926491462,0.2712379995229798,0.04904162241716419,0.019992003198720514,0.2521833751298621,HorizontalScanPath_12,Horizontal,12,evaluation,coherent latent previous state | mean-only | fixed gamma,coherent latent previous state,mean-only,fixed gamma,current-frame truth,current forecast before Y_n
above_camera_ceiling,76,2.6963854750586607,1.5559654381739376,-1.289294161667953,0.715931874084912,0.6973684210526315,2.747776066917776,1.0,0.0,1.8008615181659555,3.7662598532927722,2.173342875902455,0.9721079201285033,0.32894736842105265,1.3194105302653056,HorizontalScanPath_12,Horizontal,12,evaluation,coherent latent previous state | mean-only | fixed gamma,coherent latent previous state,mean-only,fixed gamma,current-frame truth,current forecast before Y_n
current_top_1pct,26,4.499248376030008,3.5045830458192446,-3.5045830458192446,0.7159318740849122,0.23076923076923078,2.7403122700486837,1.0,0.0,4.895134820332903,6.284464400723664,4.895134820332903,3.2718986034191726,0.8461538461538461,3.1074101386965274,HorizontalScanPath_12,Horizontal,12,evaluation,coherent latent previous state | mean-only | fixed gamma,coherent latent previous state,mean-only,fixed gamma,current-frame truth,current forecast before Y_n
overall,2501,0.5718384291040319,0.21054429208867068,-0.10995577564227049,0.6582246047489472,0.9768092762894842,2.5158661384350025,1.0,0.0,0.156212635859104,0.8242002774881065,0.319222501644897,0.09553614576800736,0.022391043582566973,0.24115696851994994,HorizontalScanPath_12,Horizontal,12,evaluation,coherent latent previous state | mean-only | fixed gamma,coherent latent previous state,mean-only,fixed gamma,current-frame truth,current posterior after Y_n
above_camera_ceiling,76,2.6795876922605237,1.5576817530708016,-1.2026321302646765,0.6809259623169405,0.631578947368421,2.574087328854961,1.0,0.0,1.7000559399615565,3.8008978722392706,2.2382993217812257,1.0823890191275838,0.32894736842105265,1.307778468503179,HorizontalScanPath_12,Horizontal,12,evaluation,coherent latent previous state | mean-only | fixed gamma,coherent latent previous state,mean-only,fixed gamma,current-frame truth,current posterior after Y_n
current_top_1pct,26,4.467207478976565,3.4610325575904843,-3.4610325575904843,0.7083980199523917,0.11538461538461539,2.7103610937915508,1.0,0.0,4.891077100153196,6.315047003990226,4.891077100153196,3.208096091751744,0.8076923076923077,3.0576364506611275,HorizontalScanPath_12,Horizontal,12,evaluation,coherent latent previous state | mean-only | fixed gamma,coherent latent previous state,mean-only,fixed gamma,current-frame truth,current posterior after Y_n
overall,2501,0.5731643141515589,0.19418792932152942,-0.09909511083838586,2.801529838354727,0.991203518592563,10.711305569197217,1.0,0.0,0.056085292182581806,0.5827793105991963,0.1189976147712521,0.011775059744135018,0.008796481407437025,0.7061465665085748,HorizontalScanPath_12,Horizontal,12,evaluation,coherent latent previous state | moment-matched | fixed gamma,coherent latent previous state,moment-matched,fixed gamma,current-frame truth,current forecast before Y_n
above_camera_ceiling,76,2.6963854750586607,1.5559654381739376,-1.289294161667953,0.8057627417078114,0.7105263157894737,3.0932638320785877,1.0,0.0,1.5884811692213783,3.239756225520652,1.9073232392316164,0.8827232906642412,0.2894736842105263,1.3059367431482551,HorizontalScanPath_12,Horizontal,12,evaluation,coherent latent previous state | moment-matched | fixed gamma,coherent latent previous state,moment-matched,fixed gamma,current-frame truth,current forecast before Y_n
current_top_1pct,26,4.499248376030008,3.5045830458192446,-3.5045830458192446,0.8061588556138991,0.23076923076923078,3.086997180432438,1.0,0.0,4.283131041491791,5.4015248033217755,4.283131041491791,2.904944886973544,0.7692307692307693,3.0625764504553072,HorizontalScanPath_12,Horizontal,12,evaluation,coherent latent previous state | moment-matched | fixed gamma,coherent latent previous state,moment-matched,fixed gamma,current-frame truth,current forecast before Y_n
overall,2501,0.6184893898905501,0.3364172000534008,-0.09517601308963472,2.679786694633568,0.9904038384646141,10.244450188888848,1.0,0.0,0.052719027282845166,0.6045132982637468,0.18368111866909256,0.08886898448114433,0.009196321471411436,0.6853299438858423,HorizontalScanPath_12,Horizontal,12,evaluation,coherent latent previous state | moment-matched | fixed gamma,coherent latent previous state,moment-matched,fixed gamma,current-frame truth,current posterior after Y_n
above_camera_ceiling,76,2.6481193570716024,1.541716321964712,-1.1572690766253177,0.7603706645760709,0.6842105263157895,2.8828860995773873,1.0,0.0,1.454556089817222,3.273163991196215,1.9630883885383716,0.9379403411261796,0.3026315789473684,1.2775525261998235,HorizontalScanPath_12,Horizontal,12,evaluation,coherent latent previous state | moment-matched | fixed gamma,coherent latent previous state,moment-matched,fixed gamma,current-frame truth,current posterior after Y_n
current_top_1pct,26,4.411332676505055,3.4044388251328823,-3.4044388251328823,0.7887343302700719,0.23076923076923078,3.0534692671407893,1.0,0.0,4.260922796319782,5.433845539082596,4.260922796319782,2.7927187148186525,0.7692307692307693,2.9606379252759374,HorizontalScanPath_12,Horizontal,12,evaluation,coherent latent previous state | moment-matched | fixed gamma,coherent latent previous state,moment-matched,fixed gamma,current-frame truth,current posterior after Y_n
overall,2501,0.5754856773635767,0.1943215501339225,-0.0992849087608578,0.7159318740849122,0.9768092762894842,2.7382387452249928,1.0,0.0,0.13867926873316194,0.8038274285512841,0.27142463852765303,0.04904162241716419,0.019992003198720514,0.25232695891969265,HorizontalScanPath_12,Horizontal,12,evaluation,coherent latent previous state | mean-only | development-recalibrated gamma,coherent latent previous state,mean-only,development-recalibrated gamma,current-frame truth,current forecast before Y_n
above_camera_ceiling,76,2.7126078511337317,1.5603626178028207,-1.295540011721931,0.715931874084912,0.6973684210526315,2.747776066917776,1.0,0.0,1.8095856025098207,3.7889189590852137,2.179484772622032,0.9721079201285033,0.32894736842105265,1.324135570506965,HorizontalScanPath_12,Horizontal,12,evaluation,coherent latent previous state | mean-only | development-recalibrated gamma,coherent latent previous state,mean-only,development-recalibrated gamma,current-frame truth,current forecast before Y_n
current_top_1pct,26,4.528245198005819,3.520138243048041,-3.520138243048041,0.7159318740849122,0.23076923076923078,2.7403122700486837,1.0,0.0,4.916862023425625,6.324966609139617,4.916862023425625,3.2718986034191726,0.8461538461538461,3.1229098726299758,HorizontalScanPath_12,Horizontal,12,evaluation,coherent latent previous state | mean-only | development-recalibrated gamma,coherent latent previous state,mean-only,development-recalibrated gamma,current-frame truth,current forecast before Y_n
overall,2501,0.5741576041440791,0.21067791290106386,-0.1101455735647424,0.6582246047489472,0.9768092762894842,2.5158661384350025,1.0,0.0,0.15647901505892658,0.827364380337798,0.3194095721972085,0.09553614576800736,0.022391043582566973,0.24130348672282534,HorizontalScanPath_12,Horizontal,12,evaluation,coherent latent previous state | mean-only | development-recalibrated gamma,coherent latent previous state,mean-only,development-recalibrated gamma,current-frame truth,current posterior after Y_n
above_camera_ceiling,76,2.695858242640144,1.562078932699687,-1.2088779803186536,0.6809259623169405,0.631578947368421,2.574087328854961,1.0,0.0,1.7088219186294018,3.823452901941621,2.2444554198250533,1.0823890191275838,0.32894736842105265,1.3126000741004333,HorizontalScanPath_12,Horizontal,12,evaluation,coherent latent previous state | mean-only | development-recalibrated gamma,coherent latent previous state,mean-only,development-recalibrated gamma,current-frame truth,current posterior after Y_n
current_top_1pct,26,4.496333255289614,3.476587754819283,-3.476587754819283,0.7083980199523917,0.11538461538461539,2.7103610937915508,1.0,0.0,4.912886289193333,6.355575216364435,4.912886289193333,3.208096091751744,0.8076923076923077,3.0731732066424273,HorizontalScanPath_12,Horizontal,12,evaluation,coherent latent previous state | mean-only | development-recalibrated gamma,coherent latent previous state,mean-only,development-recalibrated gamma,current-frame truth,current posterior after Y_n
overall,2501,0.5754856773635767,0.1943215501339225,-0.0992849087608578,2.801529838354727,0.991203518592563,10.711305569197217,1.0,0.0,0.056302480323529844,0.5858008717480091,0.11915079011864968,0.011775059744135018,0.008796481407437025,0.7062913318528206,HorizontalScanPath_12,Horizontal,12,evaluation,coherent latent previous state | moment-matched | development-recalibrated gamma,coherent latent previous state,moment-matched,development-recalibrated gamma,current-frame truth,current forecast before Y_n
above_camera_ceiling,76,2.7126078511337317,1.5603626178028207,-1.295540011721931,0.8057627417078114,0.7105263157894737,3.0932638320785877,1.0,0.0,1.5956283737017873,3.257639649615752,1.9123639174400549,0.8827232906642412,0.2894736842105263,1.3107006658582367,HorizontalScanPath_12,Horizontal,12,evaluation,coherent latent previous state | moment-matched | development-recalibrated gamma,coherent latent previous state,moment-matched,development-recalibrated gamma,current-frame truth,current forecast before Y_n
current_top_1pct,26,4.528245198005819,3.520138243048041,-3.520138243048041,0.8061588556138991,0.23076923076923078,3.086997180432438,1.0,0.0,4.300944100806261,5.433461273265679,4.300944100806261,2.904944886973544,0.7692307692307693,3.0780503804053896,HorizontalScanPath_12,Horizontal,12,evaluation,coherent latent previous state | moment-matched | development-recalibrated gamma,coherent latent previous state,moment-matched,development-recalibrated gamma,current-frame truth,current forecast before Y_n
overall,2501,0.6206007967694654,0.33655082086579396,-0.09536581101210673,2.679786694633568,0.9904038384646141,10.244450188888848,1.0,0.0,0.052941224532251654,0.6075096066258305,0.18383781118273618,0.08886898448114433,0.009196321471411436,0.6854745063560939,HorizontalScanPath_12,Horizontal,12,evaluation,coherent latent previous state | moment-matched | development-recalibrated gamma,coherent latent previous state,moment-matched,development-recalibrated gamma,current-frame truth,current posterior after Y_n
above_camera_ceiling,76,2.6643255315898973,1.5461135015935974,-1.163514926679298,0.7603706645760709,0.6842105263157895,2.8828860995773873,1.0,0.0,1.4618681335115067,3.2913691130519642,1.9682448092834066,0.9379403411261796,0.3026315789473684,1.2823097727537585,HorizontalScanPath_12,Horizontal,12,evaluation,coherent latent previous state | moment-matched | development-recalibrated gamma,coherent latent previous state,moment-matched,development-recalibrated gamma,current-frame truth,current posterior after Y_n
current_top_1pct,26,4.4404247697277315,3.4199940223616854,-3.4199940223616854,0.7887343302700719,0.23076923076923078,3.0534692671407893,1.0,0.0,4.279145936654174,5.466580177670661,4.279145936654174,2.7927187148186525,0.7692307692307693,2.976156240009736,HorizontalScanPath_12,Horizontal,12,evaluation,coherent latent previous state | moment-matched | development-recalibrated gamma,coherent latent previous state,moment-matched,development-recalibrated gamma,current-frame truth,current posterior after Y_n
overall,2501,0.5994685831608094,0.025287162705480565,0.022374085884133105,0.7159318740849122,0.998000799680128,2.7382387452249928,1.0,0.0,-0.03125169683600293,0.8373262943866502,0.03532062703284729,0.00013991521685187525,0.001999200319872051,0.1872440609437379,HorizontalScanPath_12,Horizontal,12,evaluation,strict oracle | exact previous state | fixed gamma,true previous state,exact state; innovation only,fixed gamma,current-frame truth,current forecast before Y_n
above_camera_ceiling,76,3.438727976130632,0.7813806555408217,0.7752125235914251,0.715931874084912,0.9342105263157895,2.747776066917776,1.0,0.0,-1.082802081667734,4.803149713827081,1.0914176108439988,0.12790713263404002,0.06578947368421052,0.8127353700414643,HorizontalScanPath_12,Horizontal,12,evaluation,strict oracle | exact previous state | fixed gamma,true previous state,exact state; innovation only,fixed gamma,current-frame truth,current forecast before Y_n
current_top_1pct,26,5.863702551701328,2.071043892773225,2.071043892773225,0.7159318740849122,0.8461538461538461,2.7403122700486837,1.0,0.0,-2.89279464672583,8.190307994313256,2.89279464672583,0.2151228488047199,0.15384615384615385,1.9734125298160659,HorizontalScanPath_12,Horizontal,12,evaluation,strict oracle | exact previous state | fixed gamma,true previous state,exact state; innovation only,fixed gamma,current-frame truth,current forecast before Y_n
overall,2501,0.6079191667261373,0.08524321655120748,0.030174327184646056,0.6582484806020945,0.998000799680128,2.515510268659607,1.0,0.0,-0.04358253640372637,0.8583268166301954,0.13641535947585687,0.061310474735500525,0.001999200319872051,0.179333990935892,HorizontalScanPath_12,Horizontal,12,evaluation,strict oracle | exact previous state | fixed gamma,true previous state,exact state; innovation only,fixed gamma,current-frame truth,current posterior after Y_n
above_camera_ceiling,76,3.4524470215365097,0.9016135817159764,0.9016135817159764,0.6817055142896893,0.9342105263157895,2.6015572649429006,1.0,0.0,-1.285565318779676,4.8397934390146204,1.285565318779676,0.2959045541277362,0.06578947368421052,0.8304676120902087,HorizontalScanPath_12,Horizontal,12,evaluation,strict oracle | exact previous state | fixed gamma,true previous state,exact state; innovation only,fixed gamma,current-frame truth,current posterior after Y_n
current_top_1pct,26,5.879102712335476,2.1360287181267075,2.1360287181267075,0.7084652306340676,0.8461538461538461,2.624984854588899,1.0,0.0,-3.0011122728333928,8.237890527954908,3.0011122728333928,0.364977930577129,0.15384615384615385,1.9936793123317698,HorizontalScanPath_12,Horizontal,12,evaluation,strict oracle | exact previous state | fixed gamma,true previous state,exact state; innovation only,fixed gamma,current-frame truth,current posterior after Y_n
overall,2501,0.4452663926425574,0.01954981200522922,0.01663673518388176,0.7159318740849122,0.9984006397441023,2.7382387452249928,1.0,0.0,-0.023237874700224034,0.6219396129159449,0.027306804897068375,0.00013991521685187525,0.001599360255897641,0.18177926644890133,HorizontalScanPath_12,Horizontal,12,evaluation,recalibrated oracle | exact previous state | development-recalibrated gamma,true previous state,exact state; innovation only,development-recalibrated gamma,current-frame truth,current forecast before Y_n
above_camera_ceiling,76,2.5540897344904034,0.5925765226286032,0.5864083906792066,0.715931874084912,0.9473684210526315,2.747776066917776,1.0,0.0,-0.8190840663837471,3.567503874240803,0.8276995955600119,0.12790713263404002,0.05263157894736842,0.6329004880469085,HorizontalScanPath_12,Horizontal,12,evaluation,recalibrated oracle | exact previous state | development-recalibrated gamma,true previous state,exact state; innovation only,development-recalibrated gamma,current-frame truth,current forecast before Y_n
current_top_1pct,26,4.362396529352674,1.600829990793432,1.600829990793432,0.7159318740849122,0.8461538461538461,2.7403122700486837,1.0,0.0,-2.236008828129878,6.093312348927877,2.236008828129878,0.2151228488047199,0.15384615384615385,1.5085797001991161,HorizontalScanPath_12,Horizontal,12,evaluation,recalibrated oracle | exact previous state | development-recalibrated gamma,true previous state,exact state; innovation only,development-recalibrated gamma,current-frame truth,current forecast before Y_n
overall,2501,0.4561398548273446,0.07950586585095613,0.02443697648439471,0.6582484806020945,0.9984006397441023,2.515510268659607,1.0,0.0,-0.0355301852397401,0.6478698820222886,0.1283630083118706,0.061310474735500525,0.001599360255897641,0.17384937594147915,HorizontalScanPath_12,Horizontal,12,evaluation,recalibrated oracle | exact previous state | development-recalibrated gamma,true previous state,exact state; innovation only,development-recalibrated gamma,current-frame truth,current posterior after Y_n
above_camera_ceiling,76,2.569960079946471,0.7128094488037577,0.7128094488037577,0.6817055142896893,0.9473684210526315,2.6015572649429006,1.0,0.0,-1.020579394291128,3.604461417957774,1.020579394291128,0.2959045541277362,0.05263157894736842,0.6499804791819642,HorizontalScanPath_12,Horizontal,12,evaluation,recalibrated oracle | exact previous state | development-recalibrated gamma,true previous state,exact state; innovation only,development-recalibrated gamma,current-frame truth,current posterior after Y_n
current_top_1pct,26,4.3793299622541255,1.6658148161469166,1.6658148161469166,0.7084652306340676,0.8461538461538461,2.624984854588899,1.0,0.0,-2.341843893601407,6.137468077113294,2.341843893601407,0.364977930577129,0.15384615384615385,1.527965199514845,HorizontalScanPath_12,Horizontal,12,evaluation,recalibrated oracle | exact previous state | development-recalibrated gamma,true previous state,exact state; innovation only,development-recalibrated gamma,current-frame truth,current posterior after Y_n
overall,2501,0.49934158588404015,0.16856534391882355,0.05664436129064763,0.7159318740849122,0.9868052778888444,2.7409833369623926,1.0,0.0,-0.07911976452095972,0.6974708124600362,0.23544886045795896,0.10186802026721017,0.013594562175129948,0.22273406659999703,HorizontalScanPath_13,Horizontal,13,development,hybrid previous state | mean-only | fixed gamma,hybrid previous state,mean-only,fixed gamma,current-frame truth,current forecast before Y_n
above_camera_ceiling,76,2.6326838441864484,1.6160846132143338,-0.35610537688502353,0.715931874084912,0.6052631578947368,2.7391498721162018,1.0,0.0,0.4974012050241362,3.677282629093005,2.257316194058235,1.5752438542663123,0.40789473684210525,1.3300113418714474,HorizontalScanPath_13,Horizontal,13,development,hybrid previous state | mean-only | fixed gamma,hybrid previous state,mean-only,fixed gamma,current-frame truth,current forecast before Y_n
current_top_1pct,26,4.164333601297501,2.750085123257844,-2.689080760865072,0.7159318740849122,0.38461538461538464,2.7767631108004376,1.0,0.0,3.756056767694822,5.816661825009897,3.8412664986776,2.2938042869190483,0.6153846153846154,2.426527071859533,HorizontalScanPath_13,Horizontal,13,development,hybrid previous state | mean-only | fixed gamma,hybrid previous state,mean-only,fixed gamma,current-frame truth,current forecast before Y_n
overall,2501,0.5026737242471948,0.19118070305611573,0.03217441899059028,0.6579526780214497,0.9860055977608957,2.517882438989245,1.0,0.0,-0.050335797807751166,0.7291813280062122,0.2937247565543213,0.16316536855938574,0.013594562175129948,0.21433813920126835,HorizontalScanPath_13,Horizontal,13,development,hybrid previous state | mean-only | fixed gamma,hybrid previous state,mean-only,fixed gamma,current-frame truth,current posterior after Y_n
above_camera_ceiling,76,2.6204880057237143,1.5697778537007199,-0.452859555715873,0.674735314776538,0.5789473684210527,2.604496285207937,1.0,0.0,0.6127878009247134,3.7346640770553083,2.273237782710701,1.5170089063470553,0.40789473684210525,1.297251455523413,HorizontalScanPath_13,Horizontal,13,development,hybrid previous state | mean-only | fixed gamma,hybrid previous state,mean-only,fixed gamma,current-frame truth,current posterior after Y_n
current_top_1pct,26,4.1818596578435185,2.7898380805053367,-2.734309625138127,0.7078131723924361,0.34615384615384615,2.7331864904862253,1.0,0.0,3.8723803199293076,5.921646870203879,3.9502470482588445,2.4038054284859367,0.6538461538461539,2.4634915518707308,HorizontalScanPath_13,Horizontal,13,development,hybrid previous state | mean-only | fixed gamma,hybrid previous state,mean-only,fixed gamma,current-frame truth,current posterior after Y_n
overall,2501,0.49934158588404015,0.16856534391882355,0.05664436129064763,0.728954070330399,0.9936025589764095,2.7908436894877746,1.0,0.0,-0.07743352178016537,0.5532641270133551,0.21278987353612558,0.10181107805279478,0.005597760895641743,0.22037577741469322,HorizontalScanPath_13,Horizontal,13,development,hybrid previous state | moment-matched | fixed gamma,hybrid previous state,moment-matched,fixed gamma,current-frame truth,current forecast before Y_n
above_camera_ceiling,76,2.6326838441864484,1.6160846132143338,-0.35610537688502353,1.128368728515694,0.8157894736842105,4.319046070884705,1.0,0.0,0.5190958441628254,2.782061701457759,1.5456167539549481,0.9588356522707513,0.15789473684210525,1.2584804856957248,HorizontalScanPath_13,Horizontal,13,development,hybrid previous state | moment-matched | fixed gamma,hybrid previous state,moment-matched,fixed gamma,current-frame truth,current forecast before Y_n
current_top_1pct,26,4.164333601297501,2.750085123257844,-2.689080760865072,1.1134632275366254,0.5384615384615384,4.303182465232842,1.0,0.0,2.8106515659639917,4.548820744451043,2.848706561153524,1.6994642493902599,0.4230769230769231,2.3635726045141863,HorizontalScanPath_13,Horizontal,13,development,hybrid previous state | moment-matched | fixed gamma,hybrid previous state,moment-matched,fixed gamma,current-frame truth,current forecast before Y_n
overall,2501,0.49751154283302446,0.18797778866457882,0.02279011911235473,0.6676224312133554,0.9928028788484606,2.555107595340518,1.0,0.0,-0.04244334277061584,0.5964126542323842,0.2705090740358498,0.16238515584305388,0.006397441023590564,0.2099832394273576,HorizontalScanPath_13,Horizontal,13,development,hybrid previous state | moment-matched | fixed gamma,hybrid previous state,moment-matched,fixed gamma,current-frame truth,current posterior after Y_n
above_camera_ceiling,76,2.60176544955562,1.5025494536780577,-0.7731182842369652,0.9759374199520089,0.7763157894736842,3.7441753660118384,1.0,0.0,0.8785058907346176,2.894790341881516,1.5906118645331493,0.8548642950872758,0.19736842105263158,1.1982042966469983,HorizontalScanPath_13,Horizontal,13,development,hybrid previous state | moment-matched | fixed gamma,hybrid previous state,moment-matched,fixed gamma,current-frame truth,current posterior after Y_n
current_top_1pct,26,4.282653049001441,3.0534087503734915,-3.0534087503734915,1.0119585921468168,0.46153846153846156,3.8632090441968545,1.0,0.0,3.2677856072225566,4.796769058030356,3.2677856072225566,2.1583086703503245,0.5384615384615384,2.584840842036124,HorizontalScanPath_13,Horizontal,13,development,hybrid previous state | moment-matched | fixed gamma,hybrid previous state,moment-matched,fixed gamma,current-frame truth,current posterior after Y_n
overall,2501,0.501412282887069,0.16866396588067034,0.05651304734603438,0.7159318740849122,0.9868052778888444,2.7409833369623926,1.0,0.0,-0.0789363477052451,0.7003631225777767,0.23558661373507472,0.10186802026721017,0.013594562175129948,0.22284116507520454,HorizontalScanPath_13,Horizontal,13,development,hybrid previous state | mean-only | development-recalibrated gamma,hybrid previous state,mean-only,development-recalibrated gamma,current-frame truth,current forecast before Y_n
above_camera_ceiling,76,2.645603498785114,1.6193300543535287,-0.3604266423518359,0.715931874084912,0.6052631578947368,2.7391498721162018,1.0,0.0,0.5034370662886397,3.6953285564589007,2.2618493644012143,1.5752438542663123,0.40789473684210525,1.3335357272200525,HorizontalScanPath_13,Horizontal,13,development,hybrid previous state | mean-only | development-recalibrated gamma,hybrid previous state,mean-only,development-recalibrated gamma,current-frame truth,current forecast before Y_n
current_top_1pct,26,4.188274218742939,2.7602590078151232,-2.7010249417715064,0.7159318740849122,0.38461538461538464,2.7767631108004376,1.0,0.0,3.7727401719945695,5.85010162328126,3.8554771867689555,2.2938042869190483,0.6153846153846154,2.437218540599658,HorizontalScanPath_13,Horizontal,13,development,hybrid previous state | mean-only | development-recalibrated gamma,hybrid previous state,mean-only,development-recalibrated gamma,current-frame truth,current forecast before Y_n
overall,2501,0.5047308382377397,0.19127932501796258,0.03204310504597698,0.6579526780214497,0.9860055977608957,2.517882438989245,1.0,0.0,-0.05015118379721547,0.7319846237668959,0.2938633049428362,0.16316536855938574,0.013594562175129948,0.21444636878313603,HorizontalScanPath_13,Horizontal,13,development,hybrid previous state | mean-only | development-recalibrated gamma,hybrid previous state,mean-only,development-recalibrated gamma,current-frame truth,current posterior after Y_n
above_camera_ceiling,76,2.6334680428693336,1.5730232948399163,-0.4571808211826869,0.674735314776538,0.5789473684210527,2.604496285207937,1.0,0.0,0.6188630593503689,3.7526669381113953,2.2777971184959074,1.5170089063470553,0.40789473684210525,1.300813063210927,HorizontalScanPath_13,Horizontal,13,development,hybrid previous state | mean-only | development-recalibrated gamma,hybrid previous state,mean-only,development-recalibrated gamma,current-frame truth,current posterior after Y_n
current_top_1pct,26,4.205706998144405,2.800011965062621,-2.746253806044566,0.7078131723924361,0.34615384615384615,2.7331864904862253,1.0,0.0,3.8891627828691857,5.954937397866283,3.9645503222430216,2.4128518235010032,0.6538461538461539,2.474284490613104,HorizontalScanPath_13,Horizontal,13,development,hybrid previous state | mean-only | development-recalibrated gamma,hybrid previous state,mean-only,development-recalibrated gamma,current-frame truth,current posterior after Y_n
overall,2501,0.501412282887069,0.16866396588067034,0.05651304734603438,0.728954070330399,0.9936025589764095,2.7908436894877746,1.0,0.0,-0.07728027015491117,0.5559017661219593,0.21290970806292195,0.10181107805279478,0.005597760895641743,0.2204834947570672,HorizontalScanPath_13,Horizontal,13,development,hybrid previous state | moment-matched | development-recalibrated gamma,hybrid previous state,moment-matched,development-recalibrated gamma,current-frame truth,current forecast before Y_n
above_camera_ceiling,76,2.645603498785114,1.6193300543535287,-0.3604266423518359,1.128368728515694,0.8157894736842105,4.319046070884705,1.0,0.0,0.5241390325149404,2.7993109808676406,1.5495602559486041,0.9588356522707513,0.15789473684210525,1.2620252366598985,HorizontalScanPath_13,Horizontal,13,development,hybrid previous state | moment-matched | development-recalibrated gamma,hybrid previous state,moment-matched,development-recalibrated gamma,current-frame truth,current forecast before Y_n
current_top_1pct,26,4.188274218742939,2.7602590078151232,-2.7010249417715064,1.1134632275366254,0.5384615384615384,4.303182465232842,1.0,0.0,2.824587322967756,4.5797441560588465,2.861039591314321,1.6994642493902599,0.4230769230769231,2.3743006964999336,HorizontalScanPath_13,Horizontal,13,development,hybrid previous state | moment-matched | development-recalibrated gamma,hybrid previous state,moment-matched,development-recalibrated gamma,current-frame truth,current forecast before Y_n
overall,2501,0.4996012466753135,0.18809481434696865,0.022658805167741387,0.6676224312133554,0.9928028788484606,2.555107595340518,1.0,0.0,-0.042287538853083506,0.5989356239629864,0.27064788579067667,0.16238515584305388,0.006397441023590564,0.21009523849217665,HorizontalScanPath_13,Horizontal,13,development,hybrid previous state | moment-matched | development-recalibrated gamma,hybrid previous state,moment-matched,development-recalibrated gamma,current-frame truth,current posterior after Y_n
above_camera_ceiling,76,2.6149096851695535,1.5064005225156494,-0.7774395497037806,0.9759374199520089,0.7763157894736842,3.7441753660118384,1.0,0.0,0.883633069652359,2.9118818070339834,1.595179867149231,0.8548642950872758,0.19736842105263158,1.2018899500826883,HorizontalScanPath_13,Horizontal,13,development,hybrid previous state | moment-matched | development-recalibrated gamma,hybrid previous state,moment-matched,development-recalibrated gamma,current-frame truth,current posterior after Y_n
current_top_1pct,26,4.306077245512431,3.065352931279932,-3.065352931279932,1.0119585921468168,0.46153846153846156,3.8632090441968545,1.0,0.0,3.281955487925837,4.827023409162201,3.281955487925837,2.1583086703503245,0.5384615384615384,2.5959323478325165,HorizontalScanPath_13,Horizontal,13,development,hybrid previous state | moment-matched | development-recalibrated gamma,hybrid previous state,moment-matched,development-recalibrated gamma,current-frame truth,current posterior after Y_n
overall,2501,0.5928826628690528,0.217775648741169,-0.06426882457901092,0.7159318740849122,0.9660135945621752,2.7409833369623926,1.0,0.0,0.0897694695618321,0.8281272064145236,0.3041848765562015,0.058656169604614894,0.031187524990004,0.26566061254268586,HorizontalScanPath_13,Horizontal,13,development,coherent latent previous state | mean-only | fixed gamma,coherent latent previous state,mean-only,fixed gamma,current-frame truth,current forecast before Y_n
above_camera_ceiling,76,2.640474352066859,1.6450732493895253,-0.3129225381032108,0.715931874084912,0.5921052631578947,2.7391498721162018,1.0,0.0,0.43708423864097573,3.6881642620561528,2.297806968703859,1.608367314580163,0.40789473684210525,1.3503654604242215,HorizontalScanPath_13,Horizontal,13,development,coherent latent previous state | mean-only | fixed gamma,coherent latent previous state,mean-only,fixed gamma,current-frame truth,current forecast before Y_n
current_top_1pct,26,4.160065995578684,2.7484072208456607,-2.6888814812669923,0.7159318740849122,0.38461538461538464,2.7767631108004376,1.0,0.0,3.755778417749397,5.810700914658933,3.8389228365598496,2.30226409420269,0.6153846153846154,2.4249660450901107,HorizontalScanPath_13,Horizontal,13,development,coherent latent previous state | mean-only | fixed gamma,coherent latent previous state,mean-only,fixed gamma,current-frame truth,current forecast before Y_n
overall,2501,0.5880717071775282,0.2249424743039701,-0.08876650122412964,0.6579526780214497,0.9632147141143542,2.517882438989245,1.0,0.0,0.12605340907293464,0.8496293767027708,0.3406185658048647,0.10184746533109063,0.03438624550179928,0.25197757601957227,HorizontalScanPath_13,Horizontal,13,development,coherent latent previous state | mean-only | fixed gamma,coherent latent previous state,mean-only,fixed gamma,current-frame truth,current posterior after Y_n
above_camera_ceiling,76,2.627562538136525,1.587656533569167,-0.41371207062388377,0.674735314776538,0.5657894736842105,2.604496285207937,1.0,0.0,0.5544504691688928,3.7453971026408293,2.299364267924295,1.5220732331476405,0.40789473684210525,1.3117903972263683,HorizontalScanPath_13,Horizontal,13,development,coherent latent previous state | mean-only | fixed gamma,coherent latent previous state,mean-only,fixed gamma,current-frame truth,current posterior after Y_n
current_top_1pct,26,4.180962042980992,2.791414563300455,-2.737536904784406,0.7078131723924361,0.34615384615384615,2.7331864904862253,1.0,0.0,3.8769226750068944,5.9205304490885995,3.9524766840723577,2.41743904961426,0.6538461538461539,2.4650571341928904,HorizontalScanPath_13,Horizontal,13,development,coherent latent previous state | mean-only | fixed gamma,coherent latent previous state,mean-only,fixed gamma,current-frame truth,current posterior after Y_n
overall,2501,0.5928826628690528,0.217775648741169,-0.06426882457901092,2.7977934625405374,0.9940023990403839,10.711497320099443,1.0,0.0,0.020888313631545877,0.5101030077444382,0.11552651790147722,0.01464612017055138,0.005197920831667333,0.7062499022506813,HorizontalScanPath_13,Horizontal,13,development,coherent latent previous state | moment-matched | fixed gamma,coherent latent previous state,moment-matched,fixed gamma,current-frame truth,current forecast before Y_n
above_camera_ceiling,76,2.640474352066859,1.6450732493895253,-0.3129225381032108,1.1541366699700228,0.8289473684210527,4.4157575785095915,1.0,0.0,0.48191535536135327,2.7723874524372225,1.5500585332273118,1.0062770643651626,0.15789473684210525,1.273981492889197,HorizontalScanPath_13,Horizontal,13,development,coherent latent previous state | moment-matched | fixed gamma,coherent latent previous state,moment-matched,fixed gamma,current-frame truth,current forecast before Y_n
current_top_1pct,26,4.160065995578684,2.7484072208456607,-2.6888814812669923,1.1192183539404303,0.5769230769230769,4.326440353217739,1.0,0.0,2.7915406157404536,4.5281378436737505,2.8282151982932646,1.6853763610434491,0.4230769230769231,2.3590854881046965,HorizontalScanPath_13,Horizontal,13,development,coherent latent previous state | moment-matched | fixed gamma,coherent latent previous state,moment-matched,fixed gamma,current-frame truth,current forecast before Y_n
overall,2501,0.6910750649660758,0.41258108756469986,-0.12163252031399548,2.6239094212863967,0.9916033586565374,10.043655648534788,1.0,0.0,0.052144943349023774,0.5580966676958774,0.1997476458663175,0.11010235354460894,0.006397441023590564,0.6853180684354189,HorizontalScanPath_13,Horizontal,13,development,coherent latent previous state | moment-matched | fixed gamma,coherent latent previous state,moment-matched,fixed gamma,current-frame truth,current posterior after Y_n
above_camera_ceiling,76,2.602801972544344,1.5144228072439625,-0.7095836781581091,0.9720164725017342,0.7368421052631579,3.6937242809632553,1.0,0.0,0.8265720086118545,2.932066513477854,1.6175848668225155,0.8998521595601481,0.19736842105263158,1.214185375894301,HorizontalScanPath_13,Horizontal,13,development,coherent latent previous state | moment-matched | fixed gamma,coherent latent previous state,moment-matched,fixed gamma,current-frame truth,current posterior after Y_n
current_top_1pct,26,4.269029457233755,3.016945021386048,-3.016945021386048,0.99496786306549,0.38461538461538464,3.7454233041638796,1.0,0.0,3.278774412495151,4.849573884236909,3.278774412495151,2.085615738722967,0.5384615384615384,2.5677733069719606,HorizontalScanPath_13,Horizontal,13,development,coherent latent previous state | moment-matched | fixed gamma,coherent latent previous state,moment-matched,fixed gamma,current-frame truth,current posterior after Y_n
overall,2501,0.5953078673955313,0.2179127190491927,-0.06445133202967292,0.7159318740849122,0.9660135945621752,2.7409833369623926,1.0,0.0,0.09002439249132907,0.8315146858860561,0.30437633375064327,0.058656169604614894,0.031187524990004,0.2658096919512233,HorizontalScanPath_13,Horizontal,13,development,coherent latent previous state | mean-only | development-recalibrated gamma,coherent latent previous state,mean-only,development-recalibrated gamma,current-frame truth,current forecast before Y_n
above_camera_ceiling,76,2.658370245029402,1.6495839446575165,-0.31892847407828495,0.715931874084912,0.5921052631578947,2.7391498721162018,1.0,0.0,0.4454732155708698,3.713160904348992,2.3041074219051594,1.608367314580163,0.40789473684210525,1.3552713499077997,HorizontalScanPath_13,Horizontal,13,development,coherent latent previous state | mean-only | development-recalibrated gamma,coherent latent previous state,mean-only,development-recalibrated gamma,current-frame truth,current forecast before Y_n
current_top_1pct,26,4.1933540678035435,2.7625474535478904,-2.7054821706598773,0.7159318740849122,0.38461538461538464,2.7767631108004376,1.0,0.0,3.7789659443755905,5.857197059655141,3.858673644163301,2.30226409420269,0.6153846153846154,2.439847574052546,HorizontalScanPath_13,Horizontal,13,development,coherent latent previous state | mean-only | development-recalibrated gamma,coherent latent previous state,mean-only,development-recalibrated gamma,current-frame truth,current forecast before Y_n
overall,2501,0.5905177868304946,0.22507954461199378,-0.08894900867479161,0.6579526780214497,0.9632147141143542,2.517882438989245,1.0,0.0,0.12630999593062578,0.8529761565294786,0.34081112808951486,0.10184746533109063,0.03438624550179928,0.2521282255984865,HorizontalScanPath_13,Horizontal,13,development,coherent latent previous state | mean-only | development-recalibrated gamma,coherent latent previous state,mean-only,development-recalibrated gamma,current-frame truth,current posterior after Y_n
above_camera_ceiling,76,2.645553976792244,1.592167228837156,-0.41971800659895714,0.674735314776538,0.5657894736842105,2.604496285207937,1.0,0.0,0.5628942024726497,3.770347030597435,2.30570108731785,1.5220732331476405,0.40789473684210525,1.3167479577114287,HorizontalScanPath_13,Horizontal,13,development,coherent latent previous state | mean-only | development-recalibrated gamma,coherent latent previous state,mean-only,development-recalibrated gamma,current-frame truth,current posterior after Y_n
current_top_1pct,26,4.21410608379386,2.8055547960026805,-2.7541375941772865,0.7078131723924361,0.34615384615384615,2.7331864904862253,1.0,0.0,3.9002478788609527,5.966798708843239,3.972356172718132,2.41743904961426,0.6538461538461539,2.480078320940924,HorizontalScanPath_13,Horizontal,13,development,coherent latent previous state | mean-only | development-recalibrated gamma,coherent latent previous state,mean-only,development-recalibrated gamma,current-frame truth,current posterior after Y_n
overall,2501,0.5953078673955313,0.2179127190491927,-0.06445133202967292,2.7977934625405374,0.9936025589764095,10.711497320099443,1.0,0.0,0.021097047574070497,0.514040754717139,0.11569039582605407,0.01464612017055138,0.005197920831667333,0.7063989343853605,HorizontalScanPath_13,Horizontal,13,development,coherent latent previous state | moment-matched | development-recalibrated gamma,coherent latent previous state,moment-matched,development-recalibrated gamma,current-frame truth,current forecast before Y_n
above_camera_ceiling,76,2.658370245029402,1.6495839446575165,-0.31892847407828495,1.1541366699700228,0.8157894736842105,4.415757578509591,1.0,0.0,0.4887843499699593,2.796219549603375,1.5554514107189796,1.0062770643651626,0.15789473684210525,1.2788858266896248,HorizontalScanPath_13,Horizontal,13,development,coherent latent previous state | moment-matched | development-recalibrated gamma,coherent latent previous state,moment-matched,development-recalibrated gamma,current-frame truth,current forecast before Y_n
current_top_1pct,26,4.1933540678035435,2.7625474535478904,-2.7054821706598773,1.1192183539404303,0.5384615384615384,4.326440353217738,1.0,0.0,2.8105365308575663,4.570896033415751,2.8450616785461835,1.6853763610434491,0.4230769230769231,2.373930632237037,HorizontalScanPath_13,Horizontal,13,development,coherent latent previous state | moment-matched | development-recalibrated gamma,coherent latent previous state,moment-matched,development-recalibrated gamma,current-frame truth,current forecast before Y_n
overall,2501,0.6931683323841037,0.4127437363908992,-0.12181502776465748,2.6239094212863967,0.9916033586565374,10.043655648534788,1.0,0.0,0.052360561283247356,0.5619053369150131,0.19994018651590842,0.11010235354460894,0.006397441023590564,0.6854729575268603,HorizontalScanPath_13,Horizontal,13,development,coherent latent previous state | moment-matched | development-recalibrated gamma,coherent latent previous state,moment-matched,development-recalibrated gamma,current-frame truth,current posterior after Y_n
above_camera_ceiling,76,2.621055464449266,1.5197752376955982,-0.7155896141331839,0.9720164725017342,0.7368421052631579,3.6937242809632553,1.0,0.0,0.8336675408946591,2.9559076120114973,1.623920974251818,0.8998521595601481,0.19736842105263158,1.2192824498113453,HorizontalScanPath_13,Horizontal,13,development,coherent latent previous state | moment-matched | development-recalibrated gamma,coherent latent previous state,moment-matched,development-recalibrated gamma,current-frame truth,current posterior after Y_n
current_top_1pct,26,4.301678955237288,3.0335457107789328,-3.0335457107789328,0.99496786306549,0.38461538461538464,3.7454233041638796,1.0,0.0,3.2984052705359233,4.891848931438696,3.2984052705359233,2.085615738722967,0.5384615384615384,2.5831713373031544,HorizontalScanPath_13,Horizontal,13,development,coherent latent previous state | moment-matched | development-recalibrated gamma,coherent latent previous state,moment-matched,development-recalibrated gamma,current-frame truth,current posterior after Y_n
overall,2501,0.5790833370841697,0.02454510229539856,0.021486381590731674,0.7159318740849122,0.9972011195521792,2.7409833369623926,1.0,0.0,-0.030011768393738685,0.8088525710974117,0.03428413119163265,0.00016537604424100836,0.001999200319872051,0.18663604197185313,HorizontalScanPath_13,Horizontal,13,development,strict oracle | exact previous state | fixed gamma,true previous state,exact state; innovation only,fixed gamma,current-frame truth,current forecast before Y_n
above_camera_ceiling,76,3.3217704497618317,0.7552464760310231,0.7485205236481347,0.715931874084912,0.9078947368421053,2.7391498721162018,1.0,0.0,-1.0455192047495807,4.639785669561985,1.0549138868783596,0.11616016554067207,0.06578947368421052,0.7967161199044971,HorizontalScanPath_13,Horizontal,13,development,strict oracle | exact previous state | fixed gamma,true previous state,exact state; innovation only,fixed gamma,current-frame truth,current forecast before Y_n
current_top_1pct,26,5.673929833219769,2.0815269604094317,2.0815269604094317,0.7159318740849122,0.7692307692307693,2.7767631108004376,1.0,0.0,-2.9074371958505023,7.925237077161925,2.9074371958505023,0.24018747521512104,0.19230769230769232,1.9800861163582344,HorizontalScanPath_13,Horizontal,13,development,strict oracle | exact previous state | fixed gamma,true previous state,exact state; innovation only,fixed gamma,current-frame truth,current forecast before Y_n
overall,2501,0.5858378479441677,0.0808893285138575,0.02219554078409723,0.6577814707775187,0.998000799680128,2.517688196412032,1.0,0.0,-0.03094950037859676,0.8279379896212893,0.12992058895679218,0.05871359078541869,0.001999200319872051,0.17827255798167274,HorizontalScanPath_13,Horizontal,13,development,strict oracle | exact previous state | fixed gamma,true previous state,exact state; innovation only,fixed gamma,current-frame truth,current posterior after Y_n
above_camera_ceiling,76,3.326273772796297,0.8032610171931913,0.7624564776228258,0.6693614613876345,0.9342105263157895,2.5540310177653383,1.0,0.0,-1.0709903728897896,4.66581530556043,1.1453270902618424,0.19785015570552317,0.06578947368421052,0.7949752058628732,HorizontalScanPath_13,Horizontal,13,development,strict oracle | exact previous state | fixed gamma,true previous state,exact state; innovation only,fixed gamma,current-frame truth,current posterior after Y_n
current_top_1pct,26,5.679418505380729,2.0922516032143528,2.0922516032143528,0.7072044479100733,0.8076923076923077,2.754067038743625,1.0,0.0,-2.9439359297164907,7.96482285645775,2.9439359297164907,0.27375498741435966,0.19230769230769232,1.9886218521595285,HorizontalScanPath_13,Horizontal,13,development,strict oracle | exact previous state | fixed gamma,true previous state,exact state; innovation only,fixed gamma,current-frame truth,current posterior after Y_n
overall,2501,0.42952702602156984,0.01902813332008523,0.015969412615418344,0.7159318740849122,0.998000799680128,2.7409833369623926,1.0,0.0,-0.022305771252090264,0.599955165525465,0.026578134049984232,0.00016537604424100836,0.001599360255897641,0.18120379120365718,HorizontalScanPath_13,Horizontal,13,development,recalibrated oracle | exact previous state | development-recalibrated gamma,true previous state,exact state; innovation only,development-recalibrated gamma,current-frame truth,current forecast before Y_n
above_camera_ceiling,76,2.4637773762264845,0.5736946417249884,0.5669686893421,0.715931874084912,0.9342105263157895,2.7391498721162018,1.0,0.0,-0.7919310619698088,3.4413572930743292,0.8013257440985874,0.11616016554067207,0.05263157894736842,0.6179521834405751,HorizontalScanPath_13,Horizontal,13,development,recalibrated oracle | exact previous state | development-recalibrated gamma,true previous state,exact state; innovation only,development-recalibrated gamma,current-frame truth,current forecast before Y_n
current_top_1pct,26,4.210681963374844,1.579709155069642,1.579709155069642,0.7159318740849122,0.8076923076923077,2.7767631108004376,1.0,0.0,-2.2065076472377907,5.881400334014799,2.2065076472377907,0.24018747521512104,0.15384615384615385,1.4798387948340657,HorizontalScanPath_13,Horizontal,13,development,recalibrated oracle | exact previous state | development-recalibrated gamma,true previous state,exact state; innovation only,development-recalibrated gamma,current-frame truth,current forecast before Y_n
overall,2501,0.4384011258432456,0.07537235953854415,0.0166785718087839,0.6577814707775187,0.9984006397441023,2.517688196412032,1.0,0.0,-0.023193204794913082,0.6233685886279572,0.12216429337310851,0.05871359078541869,0.001599360255897641,0.1728544429221838,HorizontalScanPath_13,Horizontal,13,development,recalibrated oracle | exact previous state | development-recalibrated gamma,true previous state,exact state; innovation only,development-recalibrated gamma,current-frame truth,current posterior after Y_n
above_camera_ceiling,76,2.4687368528257965,0.6217091828871566,0.580904643316791,0.6693614613876345,0.9473684210526315,2.5540310177653383,1.0,0.0,-0.815747014274094,3.464059986875477,0.8900837316461467,0.19785015570552317,0.05263157894736842,0.6166764458131127,HorizontalScanPath_13,Horizontal,13,development,recalibrated oracle | exact previous state | development-recalibrated gamma,true previous state,exact state; innovation only,development-recalibrated gamma,current-frame truth,current posterior after Y_n
current_top_1pct,26,4.216388282797874,1.590433797874565,1.590433797874565,0.7072044479100733,0.8461538461538461,2.754067038743625,1.0,0.0,-2.238844572853627,5.914115611279542,2.238844572853627,0.27375498741435966,0.15384615384615385,1.488272681392581,HorizontalScanPath_13,Horizontal,13,development,recalibrated oracle | exact previous state | development-recalibrated gamma,true previous state,exact state; innovation only,development-recalibrated gamma,current-frame truth,current posterior after Y_n
overall,2501,0.46158175730122913,0.13910239257860968,0.06704627398611325,0.7159318740849122,0.9924030387844862,2.7316927127226944,1.0,0.0,-0.09364895797077098,0.6447286033901094,0.1942955714276686,0.02885453930409658,0.0075969612155137945,0.21449273090787824,SpiralScanPath_1,Spiral,1,evaluation,hybrid previous state | mean-only | fixed gamma,hybrid previous state,mean-only,fixed gamma,current-frame truth,current forecast before Y_n
above_camera_ceiling,76,2.445878449450846,1.337419885383615,-0.6938075937887543,0.715931874084912,0.75,2.7204085834851583,1.0,0.0,0.9690972268493612,3.4163564132091646,1.8680826120405307,0.5486800917708539,0.25,1.1698900891829151,SpiralScanPath_1,Spiral,1,evaluation,hybrid previous state | mean-only | fixed gamma,hybrid previous state,mean-only,fixed gamma,current-frame truth,current forecast before Y_n
current_top_1pct,26,4.12841680210253,3.2287689878763937,-2.4130330672023272,0.7159318740849122,0.3076923076923077,2.735504335055273,1.0,0.0,3.370478609136674,5.766493924270906,4.50988299969649,3.7731943685130727,0.6923076923076923,2.8933847904146197,SpiralScanPath_1,Spiral,1,evaluation,hybrid previous state | mean-only | fixed gamma,hybrid previous state,mean-only,fixed gamma,current-frame truth,current forecast before Y_n
overall,2501,0.4600534899222122,0.16030859818204027,0.031823142412701594,0.6586676822943676,0.9924030387844862,2.5203654871055154,1.0,0.0,-0.04699120201855048,0.6683669496408092,0.2453762207491601,0.12049011270883472,0.0075969612155137945,0.20350929959519365,SpiralScanPath_1,Spiral,1,evaluation,hybrid previous state | mean-only | fixed gamma,hybrid previous state,mean-only,fixed gamma,current-frame truth,current posterior after Y_n
above_camera_ceiling,76,2.4334959325819954,1.331288357420503,-0.6673099413206267,0.690025561750157,0.75,2.6678538373628644,1.0,0.0,0.9616466330556314,3.485985873604751,1.9191073912206285,0.5969974266630913,0.25,1.164605570459697,SpiralScanPath_1,Spiral,1,evaluation,hybrid previous state | mean-only | fixed gamma,hybrid previous state,mean-only,fixed gamma,current-frame truth,current posterior after Y_n
current_top_1pct,26,4.103902565516869,3.1938640219972045,-2.3693218426229916,0.6899590225811347,0.3076923076923077,2.622651312908361,1.0,0.0,3.4161712998316855,5.878328262428844,4.605228499963241,3.863606564600521,0.6923076923076923,2.866293083014157,SpiralScanPath_1,Spiral,1,evaluation,hybrid previous state | mean-only | fixed gamma,hybrid previous state,mean-only,fixed gamma,current-frame truth,current posterior after Y_n
overall,2501,0.46158175730122913,0.13910239257860968,0.06704627398611325,0.7223343545533039,0.9928028788484606,2.7561006930178986,1.0,0.0,-0.10121273726311407,0.5023912226537162,0.1802971402216348,0.028582466690353144,0.007197121151539384,0.21407613663795363,SpiralScanPath_1,Spiral,1,evaluation,hybrid previous state | moment-matched | fixed gamma,hybrid previous state,moment-matched,fixed gamma,current-frame truth,current forecast before Y_n
above_camera_ceiling,76,2.445878449450846,1.337419885383615,-0.6938075937887543,0.900091674569279,0.7631578947368421,3.4246164710620794,1.0,0.0,0.7237930164352918,2.514389412863858,1.4228499721827992,0.4424116025343364,0.23684210526315788,1.1529444702819713,SpiralScanPath_1,Spiral,1,evaluation,hybrid previous state | moment-matched | fixed gamma,hybrid previous state,moment-matched,fixed gamma,current-frame truth,current forecast before Y_n
current_top_1pct,26,4.12841680210253,3.2287689878763937,-2.4130330672023272,0.9844976660086779,0.34615384615384615,3.7696689190502948,1.0,0.0,2.559422335852728,4.2228578977704245,3.3416485602331014,2.9369738312857328,0.6538461538461539,2.8027827748110967,SpiralScanPath_1,Spiral,1,evaluation,hybrid previous state | moment-matched | fixed gamma,hybrid previous state,moment-matched,fixed gamma,current-frame truth,current forecast before Y_n
overall,2501,0.44972306310295057,0.1602971797221124,0.03836815383940794,0.6639417219096388,0.9928028788484606,2.540752908843097,1.0,0.0,-0.06076020227471161,0.531652755187063,0.23254108327460415,0.11963256230213472,0.007197121151539384,0.2023129309086231,SpiralScanPath_1,Spiral,1,evaluation,hybrid previous state | moment-matched | fixed gamma,hybrid previous state,moment-matched,fixed gamma,current-frame truth,current posterior after Y_n
above_camera_ceiling,76,2.36887663466111,1.333653627898572,-0.4858103573902841,0.8409681483261592,0.7631578947368421,3.216558014212364,1.0,0.0,0.5516343241415713,2.6021645060156002,1.5136781988814083,0.6349196357302553,0.23684210526315788,1.126700582777061,SpiralScanPath_1,Spiral,1,evaluation,hybrid previous state | moment-matched | fixed gamma,hybrid previous state,moment-matched,fixed gamma,current-frame truth,current posterior after Y_n
current_top_1pct,26,3.966185528297766,3.026369833061457,-2.1110674909091993,0.9062808969394797,0.34615384615384615,3.516248140254832,1.0,0.0,2.4283487143480085,4.335769468789093,3.364519199160193,3.078125881329706,0.6538461538461539,2.6569431278911133,SpiralScanPath_1,Spiral,1,evaluation,hybrid previous state | moment-matched | fixed gamma,hybrid previous state,moment-matched,fixed gamma,current-frame truth,current posterior after Y_n
overall,2501,0.4590719776071101,0.1388833041355069,0.0665205847108415,0.7159318740849122,0.9924030387844862,2.7316927127226944,1.0,0.0,-0.09291468520781616,0.6412229909359539,0.19398955286496272,0.028582466690353144,0.0075969612155137945,0.21427939717072922,SpiralScanPath_1,Spiral,1,evaluation,hybrid previous state | mean-only | development-recalibrated gamma,hybrid previous state,mean-only,development-recalibrated gamma,current-frame truth,current forecast before Y_n
above_camera_ceiling,76,2.4302845832927593,1.3302101459599303,-0.7111069211236837,0.715931874084912,0.75,2.7204085834851583,1.0,0.0,0.9932605976408082,3.3945751980928267,1.8580121853914868,0.5486800917708539,0.25,1.1628697250169975,SpiralScanPath_1,Spiral,1,evaluation,hybrid previous state | mean-only | development-recalibrated gamma,hybrid previous state,mean-only,development-recalibrated gamma,current-frame truth,current forecast before Y_n
current_top_1pct,26,4.102510435901506,3.2107033323525207,-2.4596087989615247,0.7159318740849122,0.3076923076923077,2.735504335055273,1.0,0.0,3.4355347037807755,5.730308405594095,4.484649236292726,3.7731943685130727,0.6923076923076923,2.875319134890748,SpiralScanPath_1,Spiral,1,evaluation,hybrid previous state | mean-only | development-recalibrated gamma,hybrid previous state,mean-only,development-recalibrated gamma,current-frame truth,current forecast before Y_n
overall,2501,0.45749388713768313,0.16007929514512056,0.03129745313742983,0.6586676822943676,0.9924030387844862,2.5203654871055154,1.0,0.0,-0.04623235778726526,0.66459508926196,0.2450374000863837,0.12035219735187788,0.0075969612155137945,0.20329677727036233,SpiralScanPath_1,Spiral,1,evaluation,hybrid previous state | mean-only | development-recalibrated gamma,hybrid previous state,mean-only,development-recalibrated gamma,current-frame truth,current posterior after Y_n
above_camera_ceiling,76,2.417564144595879,1.3237424772187116,-0.6846092686555568,0.690025561750157,0.75,2.6678538373628644,1.0,0.0,0.9866185991404253,3.4621734433402245,1.9079575165153158,0.5969974266630913,0.25,1.1576119081649188,SpiralScanPath_1,Spiral,1,evaluation,hybrid previous state | mean-only | development-recalibrated gamma,hybrid previous state,mean-only,development-recalibrated gamma,current-frame truth,current posterior after Y_n
current_top_1pct,26,4.077436512959708,3.1757983664733334,-2.415897574382191,0.6899590225811347,0.3076923076923077,2.622651312908361,1.0,0.0,3.482959027265278,5.838690461545239,4.578843808869669,3.863606564600521,0.6923076923076923,2.848227427490284,SpiralScanPath_1,Spiral,1,evaluation,hybrid previous state | mean-only | development-recalibrated gamma,hybrid previous state,mean-only,development-recalibrated gamma,current-frame truth,current posterior after Y_n
overall,2501,0.4590719776071101,0.1388833041355069,0.0665205847108415,0.7223343545533039,0.9928028788484606,2.7561006930178986,1.0,0.0,-0.10069182304756939,0.4999907407810541,0.18006753650138352,0.027941332630185785,0.007197121151539384,0.21386309692667607,SpiralScanPath_1,Spiral,1,evaluation,hybrid previous state | moment-matched | development-recalibrated gamma,hybrid previous state,moment-matched,development-recalibrated gamma,current-frame truth,current forecast before Y_n
above_camera_ceiling,76,2.4302845832927593,1.3302101459599303,-0.7111069211236837,0.900091674569279,0.7631578947368421,3.4246164710620794,1.0,0.0,0.7409352066073609,2.4985938349403782,1.4152941971255828,0.4424116025343364,0.23684210526315788,1.1459337818884814,SpiralScanPath_1,Spiral,1,evaluation,hybrid previous state | moment-matched | development-recalibrated gamma,hybrid previous state,moment-matched,development-recalibrated gamma,current-frame truth,current forecast before Y_n
current_top_1pct,26,4.102510435901506,3.2107033323525207,-2.4596087989615247,0.9844976660086779,0.34615384615384615,3.7696689190502948,1.0,0.0,2.6045248227061304,4.196949102537222,3.3232766648500918,2.9369738312857328,0.6538461538461539,2.784691347141536,SpiralScanPath_1,Spiral,1,evaluation,hybrid previous state | moment-matched | development-recalibrated gamma,hybrid previous state,moment-matched,development-recalibrated gamma,current-frame truth,current forecast before Y_n
overall,2501,0.4467935822329654,0.1600678766851927,0.037842464564136195,0.6639417219096388,0.9928028788484606,2.540752908843097,1.0,0.0,-0.06020070882282946,0.5287057717567304,0.23227765220928273,0.11963256230213472,0.007197121151539384,0.20209683539031142,SpiralScanPath_1,Spiral,1,evaluation,hybrid previous state | moment-matched | development-recalibrated gamma,hybrid previous state,moment-matched,development-recalibrated gamma,current-frame truth,current posterior after Y_n
above_camera_ceiling,76,2.3505636713260567,1.3261077476967797,-0.5031096847252134,0.8409681483261592,0.7631578947368421,3.216558014212364,1.0,0.0,0.5700460757620615,2.582329875331185,1.5050092371133974,0.6349196357302553,0.23684210526315788,1.1195893342073568,SpiralScanPath_1,Spiral,1,evaluation,hybrid previous state | moment-matched | development-recalibrated gamma,hybrid previous state,moment-matched,development-recalibrated gamma,current-frame truth,current posterior after Y_n
current_top_1pct,26,3.9355051466679445,3.008304177537584,-2.157643222668397,0.9062808969394797,0.34615384615384615,3.516248140254832,1.0,0.0,2.4765712815968066,4.302884922416366,3.3447755560955645,3.078125881329706,0.6538461538461539,2.63881999281248,SpiralScanPath_1,Spiral,1,evaluation,hybrid previous state | moment-matched | development-recalibrated gamma,hybrid previous state,moment-matched,development-recalibrated gamma,current-frame truth,current posterior after Y_n
overall,2501,0.4690806639569665,0.10485785056687746,0.03896380371518531,0.7159318740849122,0.9880047980807677,2.7316927127226944,1.0,0.0,-0.054423898593686654,0.6552029333189484,0.14646344765820682,0.00513090048112518,0.011195521791283487,0.214367382007863,SpiralScanPath_1,Spiral,1,evaluation,coherent latent previous state | mean-only | fixed gamma,coherent latent previous state,mean-only,fixed gamma,current-frame truth,current forecast before Y_n
above_camera_ceiling,76,2.4749197969818733,1.38066075386035,-0.5940512143581974,0.715931874084912,0.7368421052631579,2.7204085834851583,1.0,0.0,0.8297594168683999,3.456920814072232,1.9284806331958315,0.5620353894562549,0.25,1.2052062416747613,SpiralScanPath_1,Spiral,1,evaluation,coherent latent previous state | mean-only | fixed gamma,coherent latent previous state,mean-only,fixed gamma,current-frame truth,current forecast before Y_n
current_top_1pct,26,4.130295214740501,3.226607976718137,-2.408558186628336,0.7159318740849122,0.3076923076923077,2.735504335055273,1.0,0.0,3.364228181217522,5.769117655251417,4.506864540487618,3.785201087446201,0.6923076923076923,2.893699838697116,SpiralScanPath_1,Spiral,1,evaluation,coherent latent previous state | mean-only | fixed gamma,coherent latent previous state,mean-only,fixed gamma,current-frame truth,current forecast before Y_n
overall,2501,0.46747841618845637,0.11863750217231038,0.003914150254940757,0.6586956227176726,0.98640543782487,2.520364773052312,1.0,0.0,-0.005885869756486769,0.6769640306441258,0.18318215888513034,0.05088517345193071,0.011995201919232307,0.20320512483809905,SpiralScanPath_1,Spiral,1,evaluation,coherent latent previous state | mean-only | fixed gamma,coherent latent previous state,mean-only,fixed gamma,current-frame truth,current posterior after Y_n
above_camera_ceiling,76,2.4635341869995986,1.3766301580646203,-0.5663138572869316,0.6906579970737332,0.7236842105263158,2.6206105033680642,1.0,0.0,0.808930208156567,3.5310605240442112,1.9890973493152204,0.6105013028331878,0.2631578947368421,1.2098666618633378,SpiralScanPath_1,Spiral,1,evaluation,coherent latent previous state | mean-only | fixed gamma,coherent latent previous state,mean-only,fixed gamma,current-frame truth,current posterior after Y_n
current_top_1pct,26,4.104830329193243,3.190486864824834,-2.3638508023546914,0.6904831032014168,0.2692307692307692,2.5623490431194247,1.0,0.0,3.405338082244984,5.877133481612375,4.597272329938846,3.8680684350326446,0.6923076923076923,2.8828941036280162,SpiralScanPath_1,Spiral,1,evaluation,coherent latent previous state | mean-only | fixed gamma,coherent latent previous state,mean-only,fixed gamma,current-frame truth,current posterior after Y_n
overall,2501,0.4690806639569665,0.10485785056687746,0.03896380371518531,2.632836879273095,0.9932027189124351,10.046484322082817,1.0,0.0,-0.01327350090928954,0.45112279103410874,0.07683836792062075,0.0014056705562921676,0.006397441023590564,0.6501135983027152,SpiralScanPath_1,Spiral,1,evaluation,coherent latent previous state | moment-matched | fixed gamma,coherent latent previous state,moment-matched,fixed gamma,current-frame truth,current forecast before Y_n
above_camera_ceiling,76,2.4749197969818733,1.38066075386035,-0.5940512143581974,1.0427402748068892,0.7763157894736842,3.97380602150888,1.0,0.0,0.6272976935538841,2.4931837401320283,1.3743304278170687,0.371696777845243,0.21052631578947367,1.1949113250334518,SpiralScanPath_1,Spiral,1,evaluation,coherent latent previous state | moment-matched | fixed gamma,coherent latent previous state,moment-matched,fixed gamma,current-frame truth,current forecast before Y_n
current_top_1pct,26,4.130295214740501,3.226607976718137,-2.408558186628336,1.0396767645887446,0.38461538461538464,3.9846798443912608,1.0,0.0,2.4816499321814827,4.177808493920372,3.2465625985707667,2.6067946978236343,0.5769230769230769,2.7881094829662376,SpiralScanPath_1,Spiral,1,evaluation,coherent latent previous state | moment-matched | fixed gamma,coherent latent previous state,moment-matched,fixed gamma,current-frame truth,current forecast before Y_n
overall,2501,0.5566957261341007,0.3045947371204159,0.008896555121575235,2.0333014311015494,0.9916033586565374,7.777424782386814,1.0,0.0,0.0004051351803462195,0.5369845240334893,0.19152618551057396,0.10771867403598916,0.0075969612155137945,0.5332188482644789,SpiralScanPath_1,Spiral,1,evaluation,coherent latent previous state | moment-matched | fixed gamma,coherent latent previous state,moment-matched,fixed gamma,current-frame truth,current posterior after Y_n
above_camera_ceiling,76,2.429911189899219,1.3937626045148679,-0.43345882530993746,0.9028585174023697,0.7368421052631579,3.4421848063707143,1.0,0.0,0.5444379442763929,2.793295519261161,1.5933599896905308,0.5819893762267783,0.23684210526315788,1.1980335736353214,SpiralScanPath_1,Spiral,1,evaluation,coherent latent previous state | moment-matched | fixed gamma,coherent latent previous state,moment-matched,fixed gamma,current-frame truth,current posterior after Y_n
current_top_1pct,26,4.023005270962327,3.0743935687931696,-2.2158200167512847,0.8863725488664371,0.3076923076923077,3.4622135403724927,1.0,0.0,2.6329598196310573,4.648501771230945,3.567764965852036,3.010139592596941,0.6538461538461539,2.7250297368138385,SpiralScanPath_1,Spiral,1,evaluation,coherent latent previous state | moment-matched | fixed gamma,coherent latent previous state,moment-matched,fixed gamma,current-frame truth,current posterior after Y_n
overall,2501,0.4655779351412107,0.10453915240560807,0.0382331714144592,0.7159318740849122,0.9880047980807677,2.7316927127226944,1.0,0.0,-0.05340336531786348,0.6503103884518366,0.1460182961391789,0.00513090048112518,0.011195521791283487,0.21404985750136954,SpiralScanPath_1,Spiral,1,evaluation,coherent latent previous state | mean-only | development-recalibrated gamma,coherent latent previous state,mean-only,development-recalibrated gamma,current-frame truth,current forecast before Y_n
above_camera_ceiling,76,2.4530577461125103,1.3701730683164717,-0.618094785201829,0.715931874084912,0.7368421052631579,2.7204085834851583,1.0,0.0,0.8633430184846338,3.42638431798829,1.9138316338657162,0.5620353894562549,0.25,1.1947571786387057,SpiralScanPath_1,Spiral,1,evaluation,coherent latent previous state | mean-only | development-recalibrated gamma,coherent latent previous state,mean-only,development-recalibrated gamma,current-frame truth,current forecast before Y_n
current_top_1pct,26,4.095369274592261,3.2014993201781863,-2.473291738659874,0.7159318740849122,0.3076923076923077,2.735504335055273,1.0,0.0,3.4546467732298947,5.7203337675485795,4.471793247465438,3.785201087446201,0.6923076923076923,2.8685911821571684,SpiralScanPath_1,Spiral,1,evaluation,coherent latent previous state | mean-only | development-recalibrated gamma,coherent latent previous state,mean-only,development-recalibrated gamma,current-frame truth,current forecast before Y_n
overall,2501,0.463906876895189,0.11831880401104101,0.0031835179542147153,0.6586956227176726,0.98640543782487,2.520364773052312,1.0,0.0,-0.004831185706768672,0.6716457941767106,0.18271124698932772,0.05088517345193071,0.011995201919232307,0.20288668401148238,SpiralScanPath_1,Spiral,1,evaluation,coherent latent previous state | mean-only | development-recalibrated gamma,coherent latent previous state,mean-only,development-recalibrated gamma,current-frame truth,current posterior after Y_n
above_camera_ceiling,76,2.4412155300379355,1.366142472520743,-0.5903574281305609,0.6906579970737332,0.7236842105263158,2.6206105033680642,1.0,0.0,0.8436376398453164,3.497479888126543,1.973600630217821,0.6105013028331878,0.2631578947368421,1.199387444661123,SpiralScanPath_1,Spiral,1,evaluation,coherent latent previous state | mean-only | development-recalibrated gamma,coherent latent previous state,mean-only,development-recalibrated gamma,current-frame truth,current posterior after Y_n
current_top_1pct,26,4.069124105170591,3.165378208284881,-2.428584354386227,0.6904831032014168,0.2692307692307692,2.5623490431194247,1.0,0.0,3.4981633918216035,5.823571800947692,4.560601411013865,3.8680684350326446,0.6923076923076923,2.8577854470880646,SpiralScanPath_1,Spiral,1,evaluation,coherent latent previous state | mean-only | development-recalibrated gamma,coherent latent previous state,mean-only,development-recalibrated gamma,current-frame truth,current posterior after Y_n
overall,2501,0.4655779351412107,0.10453915240560807,0.0382331714144592,2.632836879273095,0.9932027189124351,10.046484322082817,1.0,0.0,-0.012575935894009934,0.4475930805089359,0.07652313264013672,0.0014056705562921676,0.006397441023590564,0.6497974164276911,SpiralScanPath_1,Spiral,1,evaluation,coherent latent previous state | moment-matched | development-recalibrated gamma,coherent latent previous state,moment-matched,development-recalibrated gamma,current-frame truth,current forecast before Y_n
above_camera_ceiling,76,2.4530577461125103,1.3701730683164717,-0.618094785201829,1.0427402748068892,0.7763157894736842,3.97380602150888,1.0,0.0,0.6502530896488089,2.472159888087102,1.3639566983895608,0.371696777845243,0.21052631578947367,1.1845064451724627,SpiralScanPath_1,Spiral,1,evaluation,coherent latent previous state | moment-matched | development-recalibrated gamma,coherent latent previous state,moment-matched,development-recalibrated gamma,current-frame truth,current forecast before Y_n
current_top_1pct,26,4.095369274592261,3.2014993201781863,-2.473291738659874,1.0396767645887446,0.38461538461538464,3.9846798443912608,1.0,0.0,2.5433054852743764,4.144025908160369,3.2216842249672464,2.568301573822644,0.5769230769230769,2.7629650068595097,SpiralScanPath_1,Spiral,1,evaluation,coherent latent previous state | moment-matched | development-recalibrated gamma,coherent latent previous state,moment-matched,development-recalibrated gamma,current-frame truth,current forecast before Y_n
overall,2501,0.5536516366050702,0.30427603895914657,0.008165922820849216,2.0333014311015494,0.9916033586565374,7.777424782386814,1.0,0.0,0.0012121751600669235,0.5328146339459108,0.19116005062265445,0.10771867403598916,0.0075969612155137945,0.5329021991860199,SpiralScanPath_1,Spiral,1,evaluation,coherent latent previous state | moment-matched | development-recalibrated gamma,coherent latent previous state,moment-matched,development-recalibrated gamma,current-frame truth,current posterior after Y_n
above_camera_ceiling,76,2.4069149990254854,1.3832749189709912,-0.457502396153566,0.9028585174023697,0.7368421052631579,3.4421848063707143,1.0,0.0,0.5709959309774651,2.766893484140368,1.5813112613393905,0.5819893762267783,0.23684210526315788,1.1876133190928726,SpiralScanPath_1,Spiral,1,evaluation,coherent latent previous state | moment-matched | development-recalibrated gamma,coherent latent previous state,moment-matched,development-recalibrated gamma,current-frame truth,current posterior after Y_n
current_top_1pct,26,3.9858220358584826,3.049284912253221,-2.280553568782816,0.8863725488664371,0.3076923076923077,3.4622135403724927,1.0,0.0,2.704430225868899,4.60540385843046,3.5387062378678418,2.942676197926521,0.6538461538461539,2.6998925701417735,SpiralScanPath_1,Spiral,1,evaluation,coherent latent previous state | moment-matched | development-recalibrated gamma,coherent latent previous state,moment-matched,development-recalibrated gamma,current-frame truth,current posterior after Y_n
overall,2501,0.6600948073833602,0.030584214477073282,0.028112952575354337,0.7159318740849122,0.9968012794882047,2.731692712722695,1.0,0.0,-0.039267636479082144,0.9220078491784968,0.042719448014750465,4.062785648181053e-10,0.003198720511795282,0.191822181929605,SpiralScanPath_1,Spiral,1,evaluation,strict oracle | exact previous state | fixed gamma,true previous state,exact state; innovation only,fixed gamma,current-frame truth,current forecast before Y_n
above_camera_ceiling,76,3.7863270016490924,0.9731680017307636,0.9536863748587359,0.715931874084912,0.8947368421052632,2.7204085834851583,1.0,0.0,-1.332090956388436,5.288669409346649,1.3593025215906818,0.09516270638788904,0.10526315789473684,0.9867384018821824,SpiralScanPath_1,Spiral,1,evaluation,strict oracle | exact previous state | fixed gamma,true previous state,exact state; innovation only,fixed gamma,current-frame truth,current forecast before Y_n
current_top_1pct,26,6.464265177938158,2.669923708610904,2.669923708610904,0.7159318740849122,0.7307692307692307,2.735504335055273,1.0,0.0,-3.7292985621341965,9.02916242722205,3.7292985621341965,0.4855198810846262,0.2692307692307692,2.512043739135121,SpiralScanPath_1,Spiral,1,evaluation,strict oracle | exact previous state | fixed gamma,true previous state,exact state; innovation only,fixed gamma,current-frame truth,current forecast before Y_n
overall,2501,0.6655228405930865,0.07870645627591928,0.016511479419823717,0.6588649551756194,0.9968012794882047,2.52152352185549,1.0,0.0,-0.020404731035309098,0.9523548045889715,0.12450446367295985,0.046529777811369716,0.003198720511795282,0.1831933961958794,SpiralScanPath_1,Spiral,1,evaluation,strict oracle | exact previous state | fixed gamma,true previous state,exact state; innovation only,fixed gamma,current-frame truth,current posterior after Y_n
above_camera_ceiling,76,3.7937514592461987,1.0053346373010403,0.9814345462690494,0.6983313731650531,0.8947368421052632,2.660993919238695,1.0,0.0,-1.3971187728936307,5.405829249997354,1.4333631723710785,0.15647091347584247,0.10526315789473684,0.9927220337614052,SpiralScanPath_1,Spiral,1,evaluation,strict oracle | exact previous state | fixed gamma,true previous state,exact state; innovation only,fixed gamma,current-frame truth,current posterior after Y_n
current_top_1pct,26,6.475086969318787,2.684319210762982,2.684319210762982,0.7194307529532191,0.7307692307692307,2.746489068877303,1.0,0.0,-3.807641059838297,9.225456192509846,3.807641059838297,0.4611637618226814,0.2692307692307692,2.527761961241439,SpiralScanPath_1,Spiral,1,evaluation,strict oracle | exact previous state | fixed gamma,true previous state,exact state; innovation only,fixed gamma,current-frame truth,current posterior after Y_n
overall,2501,0.45706151706548037,0.02291171379800394,0.0060268639206335324,0.7159318740849122,0.9972011195521792,2.731692712722695,1.0,0.0,-0.008418208685479933,0.63841481795972,0.032002645261868204,4.062785648181053e-10,0.0027988804478208716,0.18413859964764678,SpiralScanPath_1,Spiral,1,evaluation,recalibrated oracle | exact previous state | development-recalibrated gamma,true previous state,exact state; innovation only,development-recalibrated gamma,current-frame truth,current forecast before Y_n
above_camera_ceiling,76,2.621470192203943,0.7206821570156001,0.22687969426062102,0.715931874084912,0.9078947368421053,2.7204085834851583,1.0,0.0,-0.3169012338647632,3.6616196136743415,1.0066351046833326,0.09516270638788904,0.09210526315789473,0.7338878849456368,SpiralScanPath_1,Spiral,1,evaluation,recalibrated oracle | exact previous state | development-recalibrated gamma,true previous state,exact state; innovation only,development-recalibrated gamma,current-frame truth,current forecast before Y_n
current_top_1pct,26,4.467760694684706,1.9152064696078481,0.7131104556481664,0.7159318740849122,0.7692307692307693,2.735504335055273,1.0,0.0,-0.9960590964882626,6.24048300740248,2.6751239034521563,0.4855198810846262,0.23076923076923078,1.764640670206842,SpiralScanPath_1,Spiral,1,evaluation,recalibrated oracle | exact previous state | development-recalibrated gamma,true previous state,exact state; innovation only,development-recalibrated gamma,current-frame truth,current forecast before Y_n
overall,2501,0.4632128682892351,0.07088921168090377,-0.005574609234897088,0.6588649551756194,0.9972011195521792,2.52152352185549,1.0,0.0,0.011476979701384333,0.6677066420122884,0.11351389405987873,0.046529777811369716,0.0027988804478208716,0.17544574036787589,SpiralScanPath_1,Spiral,1,evaluation,recalibrated oracle | exact previous state | development-recalibrated gamma,true previous state,exact state; innovation only,development-recalibrated gamma,current-frame truth,current posterior after Y_n
above_camera_ceiling,76,2.622572137206153,0.7480855750361218,0.25462786567093443,0.6983313731650531,0.9078947368421053,2.660993919238695,1.0,0.0,-0.34795879194007484,3.7480122772026268,1.0716866644458705,0.15647091347584247,0.09210526315789473,0.7377629913161851,SpiralScanPath_1,Spiral,1,evaluation,recalibrated oracle | exact previous state | development-recalibrated gamma,true previous state,exact state; innovation only,development-recalibrated gamma,current-frame truth,current posterior after Y_n
current_top_1pct,26,4.468543088222639,1.9229959684969082,0.727505957800247,0.7194307529532191,0.7692307692307693,2.746489068877303,1.0,0.0,-1.0016545423845653,6.379332589861115,2.7248028247557867,0.4611637618226814,0.23076923076923078,1.773197038602772,SpiralScanPath_1,Spiral,1,evaluation,recalibrated oracle | exact previous state | development-recalibrated gamma,true previous state,exact state; innovation only,development-recalibrated gamma,current-frame truth,current posterior after Y_n
overall,2501,0.48788671698431735,0.14848321818163338,0.05275098484563881,0.7159318740849122,0.9904038384646141,2.7423190758287346,1.0,0.0,-0.07368157048890149,0.6814708698476696,0.20739852988305799,0.04815395604482756,0.009196321471411436,0.21970767017418408,SpiralScanPath_2,Spiral,2,evaluation,hybrid previous state | mean-only | fixed gamma,hybrid previous state,mean-only,fixed gamma,current-frame truth,current forecast before Y_n
above_camera_ceiling,76,2.5999917746845354,1.4988723799828518,-1.1512828280325793,0.715931874084912,0.6842105263157895,2.7482456379855913,1.0,0.0,1.6080899170806198,3.6316189693436765,2.0935963801006574,0.7343681326383303,0.3026315789473684,1.3069903929755085,SpiralScanPath_2,Spiral,2,evaluation,hybrid previous state | mean-only | fixed gamma,hybrid previous state,mean-only,fixed gamma,current-frame truth,current forecast before Y_n
current_top_1pct,26,4.383195165127867,3.6081011939625616,-3.0241366131247127,0.7159318740849122,0.11538461538461539,2.6898687952292426,1.0,0.0,4.224056397810329,6.122363487071122,5.039726997173235,3.489884626266588,0.8461538461538461,3.2320849620962875,SpiralScanPath_2,Spiral,2,evaluation,hybrid previous state | mean-only | fixed gamma,hybrid previous state,mean-only,fixed gamma,current-frame truth,current forecast before Y_n
overall,2501,0.4859840798690288,0.16687488199549627,0.04145390607727581,0.6583791175221628,0.9908036785285885,2.5167653254505913,1.0,0.0,-0.06544946675002149,0.7084847415801938,0.25603752879396807,0.12080725817539799,0.009196321471411436,0.20804519998930537,SpiralScanPath_2,Spiral,2,evaluation,hybrid previous state | mean-only | fixed gamma,hybrid previous state,mean-only,fixed gamma,current-frame truth,current posterior after Y_n
above_camera_ceiling,76,2.5755790368129787,1.4446566124183615,-1.0431414579937381,0.683115532235953,0.6973684210526315,2.6094045713182608,1.0,0.0,1.5114419203960368,3.7042345139222945,2.10046092079976,0.7020444003780202,0.3026315789473684,1.2719465339209899,SpiralScanPath_2,Spiral,2,evaluation,hybrid previous state | mean-only | fixed gamma,hybrid previous state,mean-only,fixed gamma,current-frame truth,current posterior after Y_n
current_top_1pct,26,4.3552072426629405,3.5559778842115404,-2.967724902351456,0.6887644583705294,0.15384615384615385,2.6155637995348093,1.0,0.0,4.3014720142663325,6.258758381952945,5.149364600398979,3.4682610269544565,0.8461538461538461,3.1919259032919176,SpiralScanPath_2,Spiral,2,evaluation,hybrid previous state | mean-only | fixed gamma,hybrid previous state,mean-only,fixed gamma,current-frame truth,current posterior after Y_n
overall,2501,0.48788671698431735,0.14848321818163338,0.05275098484563881,0.7169436721080376,0.9904038384646141,2.7462110860202213,1.0,0.0,-0.07586313874129805,0.6500372325921946,0.20428789256516655,0.04815395604482756,0.009196321471411436,0.21960588440912357,SpiralScanPath_2,Spiral,2,evaluation,hybrid previous state | moment-matched | fixed gamma,hybrid previous state,moment-matched,fixed gamma,current-frame truth,current forecast before Y_n
above_camera_ceiling,76,2.5999917746845354,1.4988723799828518,-1.1512828280325793,0.7409706820876828,0.6842105263157895,2.8441567423010405,1.0,0.0,1.5325522865436427,3.4378420951539117,1.9962438929254351,0.7055865573101108,0.3026315789473684,1.3025101388312694,SpiralScanPath_2,Spiral,2,evaluation,hybrid previous state | moment-matched | fixed gamma,hybrid previous state,moment-matched,fixed gamma,current-frame truth,current forecast before Y_n
current_top_1pct,26,4.383195165127867,3.6081011939625616,-3.0241366131247127,0.7494185605186404,0.11538461538461539,2.8151929410204994,1.0,0.0,4.0191913522502665,5.79120655499271,4.785754685252296,3.368874890169293,0.8461538461538461,3.2156489707661873,SpiralScanPath_2,Spiral,2,evaluation,hybrid previous state | moment-matched | fixed gamma,hybrid previous state,moment-matched,fixed gamma,current-frame truth,current forecast before Y_n
overall,2501,0.4833328677364835,0.16700985386585213,0.042801896479691466,0.6593575370183852,0.9904038384646141,2.5224204450001877,1.0,0.0,-0.06946362455558835,0.6725926844569472,0.25299252420832147,0.12131402852880012,0.009196321471411436,0.20706687488370695,SpiralScanPath_2,Spiral,2,evaluation,hybrid previous state | moment-matched | fixed gamma,hybrid previous state,moment-matched,fixed gamma,current-frame truth,current posterior after Y_n
above_camera_ceiling,76,2.557542772374393,1.4378248923135393,-1.011662647892869,0.7063611132772952,0.6973684210526315,2.7030504803317856,1.0,0.0,1.3913350486468823,3.476256180020151,1.9905350420485861,0.7647245756775749,0.3026315789473684,1.2508892378244645,SpiralScanPath_2,Spiral,2,evaluation,hybrid previous state | moment-matched | fixed gamma,hybrid previous state,moment-matched,fixed gamma,current-frame truth,current posterior after Y_n
current_top_1pct,26,4.323146272592604,3.519094207687597,-2.926400253308517,0.721478407971933,0.15384615384615385,2.7959623157412987,1.0,0.0,4.028999727941569,5.86698202625421,4.830238454330345,3.3144435191887016,0.8461538461538461,3.1422842662864863,SpiralScanPath_2,Spiral,2,evaluation,hybrid previous state | moment-matched | fixed gamma,hybrid previous state,moment-matched,fixed gamma,current-frame truth,current posterior after Y_n
overall,2501,0.4874890716734571,0.14854685066052312,0.05223363209447771,0.7159318740849122,0.9904038384646141,2.7423190758287346,1.0,0.0,-0.07295894202397615,0.6809154464543915,0.20748741051708627,0.048140528107130244,0.009196321471411436,0.21977786534070423,SpiralScanPath_2,Spiral,2,evaluation,hybrid previous state | mean-only | development-recalibrated gamma,hybrid previous state,mean-only,development-recalibrated gamma,current-frame truth,current forecast before Y_n
above_camera_ceiling,76,2.597539421663259,1.5012524796647837,-1.1680217291448198,0.715931874084912,0.6842105263157895,2.7482456379855913,1.0,0.0,1.631470495202855,3.628193569371911,2.096920857984777,0.7343681326383303,0.3026315789473684,1.3093062347201825,SpiralScanPath_2,Spiral,2,evaluation,hybrid previous state | mean-only | development-recalibrated gamma,hybrid previous state,mean-only,development-recalibrated gamma,current-frame truth,current forecast before Y_n
current_top_1pct,26,4.380103711211974,3.6186160137075682,-3.0695081033934413,0.7159318740849122,0.11538461538461539,2.6898687952292426,1.0,0.0,4.287430430886761,6.1180454031475024,5.054413897038459,3.489884626266588,0.8461538461538461,3.2421933298809695,SpiralScanPath_2,Spiral,2,evaluation,hybrid previous state | mean-only | development-recalibrated gamma,hybrid previous state,mean-only,development-recalibrated gamma,current-frame truth,current forecast before Y_n
overall,2501,0.48553930946251095,0.16693851447438596,0.04093655332611467,0.6583791175221628,0.9908036785285885,2.5167653254505913,1.0,0.0,-0.06470696103550637,0.7077082773796926,0.25611820971816296,0.12080725817539799,0.009196321471411436,0.20811420869952085,SpiralScanPath_2,Spiral,2,evaluation,hybrid previous state | mean-only | development-recalibrated gamma,hybrid previous state,mean-only,development-recalibrated gamma,current-frame truth,current posterior after Y_n
above_camera_ceiling,76,2.572835403483987,1.4470367121002927,-1.0598803591059793,0.683115532235953,0.6973684210526315,2.6094045713182608,1.0,0.0,1.5353738151987681,3.6993861470276843,2.103618365252473,0.7020444003780202,0.3026315789473684,1.2742792669579799,SpiralScanPath_2,Spiral,2,evaluation,hybrid previous state | mean-only | development-recalibrated gamma,hybrid previous state,mean-only,development-recalibrated gamma,current-frame truth,current posterior after Y_n
current_top_1pct,26,4.351667023965349,3.5664927039565466,-3.0130963926201844,0.6887644583705294,0.15384615384615385,2.6155637995348093,1.0,0.0,4.366184875763098,6.252164282863198,5.1638359613412055,3.4682610269544565,0.8461538461538461,3.202115296554154,SpiralScanPath_2,Spiral,2,evaluation,hybrid previous state | mean-only | development-recalibrated gamma,hybrid previous state,mean-only,development-recalibrated gamma,current-frame truth,current posterior after Y_n
overall,2501,0.4874890716734571,0.14854685066052312,0.05223363209447771,0.7169436721080376,0.9904038384646141,2.7462110860202213,1.0,0.0,-0.07517544675302854,0.6496100770693204,0.20437488123787567,0.04814052803697059,0.009196321471411436,0.21967524539761563,SpiralScanPath_2,Spiral,2,evaluation,hybrid previous state | moment-matched | development-recalibrated gamma,hybrid previous state,moment-matched,development-recalibrated gamma,current-frame truth,current forecast before Y_n
above_camera_ceiling,76,2.597539421663259,1.5012524796647837,-1.1680217291448198,0.7409706820876828,0.6842105263157895,2.8441567423010405,1.0,0.0,1.554791039077822,3.435188753757935,1.9994982500374079,0.7055865573101108,0.3026315789473684,1.3047983426583734,SpiralScanPath_2,Spiral,2,evaluation,hybrid previous state | moment-matched | development-recalibrated gamma,hybrid previous state,moment-matched,development-recalibrated gamma,current-frame truth,current forecast before Y_n
current_top_1pct,26,4.380103711211974,3.6186160137075682,-3.0695081033934413,0.7494185605186404,0.11538461538461539,2.8151929410204994,1.0,0.0,4.079328480114414,5.788243797373222,4.800135877892287,3.368874890169293,0.8461538461538461,3.2256339729234296,SpiralScanPath_2,Spiral,2,evaluation,hybrid previous state | moment-matched | development-recalibrated gamma,hybrid previous state,moment-matched,development-recalibrated gamma,current-frame truth,current forecast before Y_n
overall,2501,0.48283177666330734,0.16707348634474187,0.042284543728530334,0.6593575370183852,0.9904038384646141,2.5224204450001877,1.0,0.0,-0.0687576039937995,0.6718995062079601,0.2530723337600272,0.12131402852880012,0.009196321471411436,0.20713482436943867,SpiralScanPath_2,Spiral,2,evaluation,hybrid previous state | moment-matched | development-recalibrated gamma,hybrid previous state,moment-matched,development-recalibrated gamma,current-frame truth,current posterior after Y_n
above_camera_ceiling,76,2.5544466081580994,1.4402049919954714,-1.028401549005111,0.7063611132772952,0.6973684210526315,2.7030504803317856,1.0,0.0,1.4140802895376965,3.4718859296817692,1.9936498158136928,0.7647245756775749,0.3026315789473684,1.2531782389994817,SpiralScanPath_2,Spiral,2,evaluation,hybrid previous state | moment-matched | development-recalibrated gamma,hybrid previous state,moment-matched,development-recalibrated gamma,current-frame truth,current posterior after Y_n
current_top_1pct,26,4.319024771707922,3.5296090274326035,-2.97177174357725,0.721478407971933,0.15384615384615385,2.7959623157412987,1.0,0.0,4.0903557879118075,5.861274170947786,4.844473206431261,3.3144435191887016,0.8461538461538461,3.152383241183322,SpiralScanPath_2,Spiral,2,evaluation,hybrid previous state | moment-matched | development-recalibrated gamma,hybrid previous state,moment-matched,development-recalibrated gamma,current-frame truth,current posterior after Y_n
overall,2501,0.48847324631963196,0.11776302445112666,0.012684434744087678,0.7159318740849122,0.9904038384646141,2.7423190758287346,1.0,0.0,-0.017717376755016858,0.6822901228472156,0.16448914863812797,0.01490281971385058,0.009196321471411436,0.2180855819326184,SpiralScanPath_2,Spiral,2,evaluation,coherent latent previous state | mean-only | fixed gamma,coherent latent previous state,mean-only,fixed gamma,current-frame truth,current forecast before Y_n
above_camera_ceiling,76,2.614282656377186,1.5068351973760268,-1.1100564883479036,0.715931874084912,0.6842105263157895,2.7482456379855913,1.0,0.0,1.5505057513562341,3.6515802005864075,2.1047186917079626,0.7188655588483344,0.3026315789473684,1.3190952022420732,SpiralScanPath_2,Spiral,2,evaluation,coherent latent previous state | mean-only | fixed gamma,coherent latent previous state,mean-only,fixed gamma,current-frame truth,current forecast before Y_n
current_top_1pct,26,4.382721861257904,3.601743262278129,-3.0167114912528783,0.7159318740849122,0.11538461538461539,2.6898687952292426,1.0,0.0,4.213685129061714,6.121702385244126,5.0308463593436095,3.4758441242465272,0.8461538461538461,3.2260058736569968,SpiralScanPath_2,Spiral,2,evaluation,coherent latent previous state | mean-only | fixed gamma,coherent latent previous state,mean-only,fixed gamma,current-frame truth,current forecast before Y_n
overall,2501,0.48125696565777976,0.12791958700749131,0.002414290065988415,0.6586029149687974,0.9904038384646141,2.518073318480611,1.0,0.0,-0.008474146389008376,0.6958906533651995,0.1972808213139737,0.05652204940253744,0.009596161535385846,0.20439962645824078,SpiralScanPath_2,Spiral,2,evaluation,coherent latent previous state | mean-only | fixed gamma,coherent latent previous state,mean-only,fixed gamma,current-frame truth,current posterior after Y_n
above_camera_ceiling,76,2.5751137256574412,1.4465959231004417,-0.9836219693658107,0.6869847900137078,0.6973684210526315,2.5876003882472447,1.0,0.0,1.411785246668721,3.6810002175487377,2.0873359850566127,0.7487531793412385,0.3026315789473684,1.2655860609451577,SpiralScanPath_2,Spiral,2,evaluation,coherent latent previous state | mean-only | fixed gamma,coherent latent previous state,mean-only,fixed gamma,current-frame truth,current posterior after Y_n
current_top_1pct,26,4.3287579964720075,3.508293700224547,-2.9189732209876698,0.6940396229231001,0.15384615384615385,2.604909791966022,1.0,0.0,4.192214734303385,6.182793716490097,5.041645983288474,3.406018345046226,0.8461538461538461,3.126971064955659,SpiralScanPath_2,Spiral,2,evaluation,coherent latent previous state | mean-only | fixed gamma,coherent latent previous state,mean-only,fixed gamma,current-frame truth,current posterior after Y_n
overall,2501,0.48847324631963196,0.11776302445112666,0.012684434744087678,2.5939680214657024,0.9908036785285885,9.935526359254668,1.0,0.0,0.015497391822288382,0.6087437036610494,0.09871113948933986,0.0038915643816079524,0.008396641343462616,0.6477283281363702,SpiralScanPath_2,Spiral,2,evaluation,coherent latent previous state | moment-matched | fixed gamma,coherent latent previous state,moment-matched,fixed gamma,current-frame truth,current forecast before Y_n
above_camera_ceiling,76,2.614282656377186,1.5068351973760268,-1.1100564883479036,0.8307305151485974,0.6973684210526315,3.1856412210478737,1.0,0.0,1.4575552484759289,3.425333934051211,1.9481124117311224,0.6431998679292756,0.27631578947368424,1.322838432832496,SpiralScanPath_2,Spiral,2,evaluation,coherent latent previous state | moment-matched | fixed gamma,coherent latent previous state,moment-matched,fixed gamma,current-frame truth,current forecast before Y_n
current_top_1pct,26,4.382721861257904,3.601743262278129,-3.0167114912528783,0.7773581176700556,0.15384615384615385,2.9171874598332774,1.0,0.0,3.9403731444866392,5.761570612464615,4.713591116631755,3.347999430203541,0.7692307692307693,3.1986130225214535,SpiralScanPath_2,Spiral,2,evaluation,coherent latent previous state | moment-matched | fixed gamma,coherent latent previous state,moment-matched,fixed gamma,current-frame truth,current forecast before Y_n
overall,2501,0.5539113129575818,0.2891027293801107,0.008181788157717015,2.042839505761481,0.991203518592563,7.808666179500803,1.0,0.0,0.009870816420306402,0.6445131792003038,0.19582494394415265,0.10201102251739724,0.008796481407437025,0.5325466157015809,SpiralScanPath_2,Spiral,2,evaluation,coherent latent previous state | moment-matched | fixed gamma,coherent latent previous state,moment-matched,fixed gamma,current-frame truth,current posterior after Y_n
above_camera_ceiling,76,2.5605659600954387,1.4460930311300502,-0.9663891469332346,0.7632446057943004,0.7105263157894737,2.9397317967354484,1.0,0.0,1.3489393874741045,3.504968561478311,1.9803693843968655,0.6733157431895518,0.2894736842105263,1.2688498681868925,SpiralScanPath_2,Spiral,2,evaluation,coherent latent previous state | moment-matched | fixed gamma,coherent latent previous state,moment-matched,fixed gamma,current-frame truth,current posterior after Y_n
current_top_1pct,26,4.303334227917314,3.4857119387422197,-2.8946824873943147,0.7304507316754829,0.19230769230769232,2.7892347792509415,1.0,0.0,4.008363628099492,5.904438593877435,4.810811057390534,3.3122998680749847,0.8076923076923077,3.1064075829319147,SpiralScanPath_2,Spiral,2,evaluation,coherent latent previous state | moment-matched | fixed gamma,coherent latent previous state,moment-matched,fixed gamma,current-frame truth,current posterior after Y_n
overall,2501,0.4878987735107927,0.11785146442249206,0.011965389009946698,0.7159318740849122,0.9904038384646141,2.7423190758287346,1.0,0.0,-0.016713027374623577,0.6814877101741192,0.164612679904952,0.01490281971385058,0.009196321471411436,0.21817208581028988,SpiralScanPath_2,Spiral,2,evaluation,coherent latent previous state | mean-only | development-recalibrated gamma,coherent latent previous state,mean-only,development-recalibrated gamma,current-frame truth,current forecast before Y_n
above_camera_ceiling,76,2.6109165853621024,1.510143192780097,-1.1333211475421419,0.715931874084912,0.6842105263157895,2.7482456379855913,1.0,0.0,1.5830013840223653,3.646878536731329,2.1093392366561794,0.7188655588483344,0.3026315789473684,1.3222757271474102,SpiralScanPath_2,Spiral,2,evaluation,coherent latent previous state | mean-only | development-recalibrated gamma,coherent latent previous state,mean-only,development-recalibrated gamma,current-frame truth,current forecast before Y_n
current_top_1pct,26,4.379527171419754,3.616357345736545,-3.0797713212356714,0.7159318740849122,0.11538461538461539,2.6898687952292426,1.0,0.0,4.301765898008333,6.117240103351406,5.051259032654315,3.4758441242465272,0.8461538461538461,3.240042108904545,SpiralScanPath_2,Spiral,2,evaluation,coherent latent previous state | mean-only | development-recalibrated gamma,coherent latent previous state,mean-only,development-recalibrated gamma,current-frame truth,current forecast before Y_n
overall,2501,0.48060940473749647,0.12800802697885663,0.0016952443318474116,0.6586029149687974,0.9904038384646141,2.518073318480611,1.0,0.0,-0.007442174296056505,0.694736809800778,0.1973929523679564,0.05652204940253744,0.009596161535385846,0.20448643718369897,SpiralScanPath_2,Spiral,2,evaluation,coherent latent previous state | mean-only | development-recalibrated gamma,coherent latent previous state,mean-only,development-recalibrated gamma,current-frame truth,current posterior after Y_n
above_camera_ceiling,76,2.571320676631096,1.4499039185045102,-1.006886628560049,0.6869847900137078,0.6973684210526315,2.5876003882472447,1.0,0.0,1.4450470050321356,3.674230718031226,2.0917242526206095,0.7487531793412385,0.3026315789473684,1.268831710201319,SpiralScanPath_2,Spiral,2,evaluation,coherent latent previous state | mean-only | development-recalibrated gamma,coherent latent previous state,mean-only,development-recalibrated gamma,current-frame truth,current posterior after Y_n
current_top_1pct,26,4.324918736295929,3.5229077836829608,-2.9820330509704607,0.6940396229231001,0.15384615384615385,2.604909791966022,1.0,0.0,4.282155916337351,6.175099831038496,5.061758723196172,3.406018345046226,0.8461538461538461,3.1410437257304684,SpiralScanPath_2,Spiral,2,evaluation,coherent latent previous state | mean-only | development-recalibrated gamma,coherent latent previous state,mean-only,development-recalibrated gamma,current-frame truth,current posterior after Y_n
overall,2501,0.4878987735107927,0.11785146442249206,0.011965389009946698,2.5939680214657024,0.9908036785285885,9.935526359254668,1.0,0.0,0.016431921331490906,0.6080665716908814,0.09884346971232327,0.0038915643816079524,0.008396641343462616,0.6478167599345702,SpiralScanPath_2,Spiral,2,evaluation,coherent latent previous state | moment-matched | development-recalibrated gamma,coherent latent previous state,moment-matched,development-recalibrated gamma,current-frame truth,current forecast before Y_n
above_camera_ceiling,76,2.6109165853621024,1.510143192780097,-1.1333211475421419,0.8307305151485974,0.6973684210526315,3.1856412210478737,1.0,0.0,1.4878513665156516,3.4215418366061696,1.9529244014571499,0.6431998679292756,0.27631578947368424,1.326047789956486,SpiralScanPath_2,Spiral,2,evaluation,coherent latent previous state | moment-matched | development-recalibrated gamma,coherent latent previous state,moment-matched,development-recalibrated gamma,current-frame truth,current forecast before Y_n
current_top_1pct,26,4.379527171419754,3.616357345736545,-3.0797713212356714,0.7773581176700556,0.15384615384615385,2.9171874598332774,1.0,0.0,4.023699599095557,5.757313308332179,4.7328883616457995,3.347999430203541,0.7692307692307693,3.2124607386731268,SpiralScanPath_2,Spiral,2,evaluation,coherent latent previous state | moment-matched | development-recalibrated gamma,coherent latent previous state,moment-matched,development-recalibrated gamma,current-frame truth,current forecast before Y_n
overall,2501,0.553310201200047,0.28919116935147615,0.0074627424235759665,2.042839505761481,0.991203518592563,7.808666179500803,1.0,0.0,0.010832958980695896,0.6435780408801257,0.19595218604913647,0.10201102251739724,0.008796481407437025,0.5326343529682481,SpiralScanPath_2,Spiral,2,evaluation,coherent latent previous state | moment-matched | development-recalibrated gamma,coherent latent previous state,moment-matched,development-recalibrated gamma,current-frame truth,current posterior after Y_n
above_camera_ceiling,76,2.5564669285846096,1.449401026534121,-0.9896538061274752,0.7632446057943004,0.7105263157894737,2.9397317967354484,1.0,0.0,1.380095595326815,3.4995237961422965,1.9850625324401896,0.6733157431895518,0.2894736842105263,1.2720817227739416,SpiralScanPath_2,Spiral,2,evaluation,coherent latent previous state | moment-matched | development-recalibrated gamma,coherent latent previous state,moment-matched,development-recalibrated gamma,current-frame truth,current posterior after Y_n
current_top_1pct,26,4.29891452869747,3.500326022200638,-2.957742317377114,0.7304507316754829,0.19230769230769232,2.7892347792509415,1.0,0.0,4.0936465119555425,5.897691892916693,4.830318598461355,3.3122998680749847,0.8076923076923077,3.120491237718718,SpiralScanPath_2,Spiral,2,evaluation,coherent latent previous state | moment-matched | development-recalibrated gamma,coherent latent previous state,moment-matched,development-recalibrated gamma,current-frame truth,current posterior after Y_n
overall,2501,0.7187805047589715,0.031947355525886914,0.02972471200499109,0.7159318740849122,0.9972011195521792,2.7423190758287346,1.0,0.0,-0.041518911339133394,1.003978913046301,0.04462345745776621,1.1568974672871078e-08,0.0027988804478208716,0.19338134021424003,SpiralScanPath_2,Spiral,2,evaluation,strict oracle | exact previous state | fixed gamma,true previous state,exact state; innovation only,fixed gamma,current-frame truth,current forecast before Y_n
above_camera_ceiling,76,4.122928787992139,1.007011916565598,0.9983478075436141,0.715931874084912,0.9078947368421053,2.7482456379855913,1.0,0.0,-1.394473194561535,5.758828370732861,1.4065750569532016,0.0872700668242071,0.09210526315789473,1.023152285897971,SpiralScanPath_2,Spiral,2,evaluation,strict oracle | exact previous state | fixed gamma,true previous state,exact state; innovation only,fixed gamma,current-frame truth,current forecast before Y_n
current_top_1pct,26,7.0383676673215225,2.768088701306683,2.768088701306683,0.7159318740849122,0.7692307692307693,2.6898687952292426,1.0,0.0,-3.866413553447094,9.831057845158526,3.866413553447094,0.4463177559709469,0.23076923076923078,2.6178825596373914,SpiralScanPath_2,Spiral,2,evaluation,strict oracle | exact previous state | fixed gamma,true previous state,exact state; innovation only,fixed gamma,current-frame truth,current forecast before Y_n
overall,2501,0.7237004110952159,0.07858089378206877,0.04010322212561454,0.6587506151942351,0.9972011195521792,2.5184637653568793,1.0,0.0,-0.05910966471503039,1.0303836203484888,0.12374937718416712,0.04695028166121132,0.0027988804478208716,0.18380375029416846,SpiralScanPath_2,Spiral,2,evaluation,strict oracle | exact previous state | fixed gamma,true previous state,exact state; innovation only,fixed gamma,current-frame truth,current posterior after Y_n
above_camera_ceiling,76,4.132642590353177,1.0749729851519978,1.0657594100509973,0.6916611154909417,0.9078947368421053,2.6498518050509507,1.0,0.0,-1.5203255404757166,5.866225178217336,1.533467697558293,0.26702178713029445,0.09210526315789473,1.0352912320005747,SpiralScanPath_2,Spiral,2,evaluation,strict oracle | exact previous state | fixed gamma,true previous state,exact state; innovation only,fixed gamma,current-frame truth,current posterior after Y_n
current_top_1pct,26,7.050119102038276,2.7695627495661026,2.7659914426310808,0.7046319686080105,0.7692307692307693,2.698115167028063,1.0,0.0,-3.920444909347866,10.005707439142062,3.925612829703157,0.45368381170044053,0.23076923076923078,2.6251239050388357,SpiralScanPath_2,Spiral,2,evaluation,strict oracle | exact previous state | fixed gamma,true previous state,exact state; innovation only,fixed gamma,current-frame truth,current posterior after Y_n
overall,2501,0.35645434883153015,0.020695559138346652,0.0079888705766111,0.7159318740849122,0.9976009596161536,2.7423190758287346,1.0,0.0,-0.011158702197499296,0.49788864238953173,0.028907162660971403,1.1568974672871078e-08,0.0023990403838464614,0.18202979670208128,SpiralScanPath_2,Spiral,2,evaluation,recalibrated oracle | exact previous state | development-recalibrated gamma,true previous state,exact state; innovation only,development-recalibrated gamma,current-frame truth,current forecast before Y_n
above_camera_ceiling,76,2.042399627250613,0.6294045065383664,0.2950866391349298,0.715931874084912,0.9210526315789473,2.7482456379855913,1.0,0.0,-0.4121713948161656,2.8527848824459188,0.879140221746457,0.0872700668242071,0.07894736842105263,0.6457544068224337,SpiralScanPath_2,Spiral,2,evaluation,recalibrated oracle | exact previous state | development-recalibrated gamma,true previous state,exact state; innovation only,development-recalibrated gamma,current-frame truth,current forecast before Y_n
current_top_1pct,26,3.484259805512133,1.6986160753447275,0.8618699450768256,0.7159318740849122,0.7692307692307693,2.6898687952292426,1.0,0.0,-1.2038435167849568,4.866747705521052,2.3725945677664653,0.4463177559709469,0.23076923076923078,1.5421843279312908,SpiralScanPath_2,Spiral,2,evaluation,recalibrated oracle | exact previous state | development-recalibrated gamma,true previous state,exact state; innovation only,development-recalibrated gamma,current-frame truth,current forecast before Y_n
overall,2501,0.3633774562743255,0.06705968493606523,0.01836738069723448,0.6587506151942351,0.9976009596161536,2.5184637653568793,1.0,0.0,-0.027914732637935112,0.5237629954706329,0.10746939968457261,0.04695028166121132,0.0023990403838464614,0.17225492054034064,SpiralScanPath_2,Spiral,2,evaluation,recalibrated oracle | exact previous state | development-recalibrated gamma,true previous state,exact state; innovation only,development-recalibrated gamma,current-frame truth,current posterior after Y_n
above_camera_ceiling,76,2.0457702778685714,0.6919308862511855,0.3624982416423115,0.6916611154909417,0.9210526315789473,2.6498518050509507,1.0,0.0,-0.5148738360809082,2.9139580673342533,0.9908731390294641,0.26702178713029445,0.07894736842105263,0.6527125878019067,SpiralScanPath_2,Spiral,2,evaluation,recalibrated oracle | exact previous state | development-recalibrated gamma,true previous state,exact state; innovation only,development-recalibrated gamma,current-frame truth,current posterior after Y_n
current_top_1pct,26,3.482854651913463,1.6954772567233123,0.8597726864012188,0.7046319686080105,0.7692307692307693,2.698115167028063,1.0,0.0,-1.2016635552494348,4.958398307462137,2.406246771340778,0.45368381170044053,0.23076923076923078,1.5492224407973194,SpiralScanPath_2,Spiral,2,evaluation,recalibrated oracle | exact previous state | development-recalibrated gamma,true previous state,exact state; innovation only,development-recalibrated gamma,current-frame truth,current posterior after Y_n
overall,2501,0.5088261799372523,0.1603731050670259,0.056275887487986884,0.7159318740849122,0.9908036785285885,2.7356407754616847,1.0,0.0,-0.07860508733448617,0.7107187127093934,0.2240060973287593,0.0643419678570307,0.009196321471411436,0.22376780806160051,SpiralScanPath_3,Spiral,3,evaluation,hybrid previous state | mean-only | fixed gamma,hybrid previous state,mean-only,fixed gamma,current-frame truth,current forecast before Y_n
above_camera_ceiling,76,2.698008411824186,1.5616331397551075,-1.1317492349689047,0.715931874084912,0.6973684210526315,2.7571418422891463,1.0,0.0,1.5808057664920712,3.7685267404426144,2.1812594134758303,0.8661338100941247,0.3026315789473684,1.3441210341452592,SpiralScanPath_3,Spiral,3,evaluation,hybrid previous state | mean-only | fixed gamma,hybrid previous state,mean-only,fixed gamma,current-frame truth,current forecast before Y_n
current_top_1pct,26,4.559645948093867,3.7515008264108802,-3.0292332671621147,0.7159318740849122,0.11538461538461539,2.718104277185819,1.0,0.0,4.231175307055593,6.368826578537102,5.240024871369169,3.690444332517515,0.8846153846153846,3.3528456877510697,SpiralScanPath_3,Spiral,3,evaluation,hybrid previous state | mean-only | fixed gamma,hybrid previous state,mean-only,fixed gamma,current-frame truth,current forecast before Y_n
overall,2501,0.5063662376016906,0.18161344094101048,0.02783308370683807,0.658220328533586,0.9908036785285885,2.5177782867922534,1.0,0.0,-0.04345093054418465,0.7349122424345469,0.27816701817252193,0.1421044986587623,0.008796481407437025,0.21240824564606225,SpiralScanPath_3,Spiral,3,evaluation,hybrid previous state | mean-only | fixed gamma,hybrid previous state,mean-only,fixed gamma,current-frame truth,current posterior after Y_n
above_camera_ceiling,76,2.6673350260456328,1.5107145337949965,-1.1030261950983575,0.6758554980759579,0.6973684210526315,2.580512960919818,1.0,0.0,1.5906093993200323,3.812752888054424,2.1862837743239174,0.8106798639187494,0.2894736842105263,1.2992411216599191,SpiralScanPath_3,Spiral,3,evaluation,hybrid previous state | mean-only | fixed gamma,hybrid previous state,mean-only,fixed gamma,current-frame truth,current posterior after Y_n
current_top_1pct,26,4.510804715150172,3.6647262446662845,-2.948510089442727,0.6928613096907612,0.11538461538461539,2.7078386404990535,1.0,0.0,4.240138176740188,6.442263889894133,5.272473561033042,3.7653359514811857,0.8461538461538461,3.2705472049094815,SpiralScanPath_3,Spiral,3,evaluation,hybrid previous state | mean-only | fixed gamma,hybrid previous state,mean-only,fixed gamma,current-frame truth,current posterior after Y_n
overall,2501,0.5088261799372523,0.1603731050670259,0.056275887487986884,0.7169096572026057,0.9908036785285885,2.7394061238210043,1.0,0.0,-0.08028969744260629,0.6870920957474177,0.2214894872885638,0.0643419678570307,0.009196321471411436,0.2237159269152444,SpiralScanPath_3,Spiral,3,evaluation,hybrid previous state | moment-matched | fixed gamma,hybrid previous state,moment-matched,fixed gamma,current-frame truth,current forecast before Y_n
above_camera_ceiling,76,2.698008411824186,1.5616331397551075,-1.1317492349689047,0.7385548119587824,0.6973684210526315,2.8441970273210653,1.0,0.0,1.523630277202499,3.622367320357959,2.1033159422849734,0.8391818358639392,0.3026315789473684,1.3409372506536257,SpiralScanPath_3,Spiral,3,evaluation,hybrid previous state | moment-matched | fixed gamma,hybrid previous state,moment-matched,fixed gamma,current-frame truth,current forecast before Y_n
current_top_1pct,26,4.559645948093867,3.7515008264108802,-3.0292332671621147,0.742099242992797,0.11538461538461539,2.81819404632148,1.0,0.0,4.064908018357725,6.11980269239893,5.04244829926505,3.533675697309072,0.8846153846153846,3.339368677891267,SpiralScanPath_3,Spiral,3,evaluation,hybrid previous state | moment-matched | fixed gamma,hybrid previous state,moment-matched,fixed gamma,current-frame truth,current forecast before Y_n
overall,2501,0.5065004715754239,0.18164264652127377,0.027447044395279223,0.659202651178353,0.991203518592563,2.5212049808307206,1.0,0.0,-0.04473922975066782,0.7103024657240281,0.27546413592423463,0.1420986373926161,0.008796481407437025,0.21237298881985295,SpiralScanPath_3,Spiral,3,evaluation,hybrid previous state | moment-matched | fixed gamma,hybrid previous state,moment-matched,fixed gamma,current-frame truth,current posterior after Y_n
above_camera_ceiling,76,2.6685334251016246,1.514013096947176,-1.1104489426423327,0.6987545150980298,0.7105263157894737,2.65901819166475,1.0,0.0,1.5385188845596747,3.657706431133674,2.106628504458616,0.8095218237723625,0.2894736842105263,1.2973552864916178,SpiralScanPath_3,Spiral,3,evaluation,hybrid previous state | moment-matched | fixed gamma,hybrid previous state,moment-matched,fixed gamma,current-frame truth,current posterior after Y_n
current_top_1pct,26,4.512737421030946,3.6698243238273847,-2.9535719411403907,0.7208469583275317,0.15384615384615385,2.7893518092012184,1.0,0.0,4.064884106774837,6.177828334750652,5.063471166461833,3.5924758980510862,0.8461538461538461,3.2611441470313043,SpiralScanPath_3,Spiral,3,evaluation,hybrid previous state | moment-matched | fixed gamma,hybrid previous state,moment-matched,fixed gamma,current-frame truth,current posterior after Y_n
overall,2501,0.5074757324676231,0.16014296921175766,0.05574571830273157,0.7159318740849122,0.9908036785285885,2.7356407754616847,1.0,0.0,-0.07786455711862875,0.7088324334159127,0.2236846479512436,0.0643419678570307,0.009196321471411436,0.2235583535377288,SpiralScanPath_3,Spiral,3,evaluation,hybrid previous state | mean-only | development-recalibrated gamma,hybrid previous state,mean-only,development-recalibrated gamma,current-frame truth,current forecast before Y_n
above_camera_ceiling,76,2.6896253538108366,1.5540598532547667,-1.149195986710004,0.715931874084912,0.6973684210526315,2.7571418422891463,1.0,0.0,1.605175056884958,3.756817444744521,2.1706811911973203,0.8661338100941247,0.3026315789473684,1.3372283267215328,SpiralScanPath_3,Spiral,3,evaluation,hybrid previous state | mean-only | development-recalibrated gamma,hybrid previous state,mean-only,development-recalibrated gamma,current-frame truth,current forecast before Y_n
current_top_1pct,26,4.545933579258502,3.7339973297511664,-3.075597662217892,0.7159318740849122,0.11538461538461539,2.718104277185819,1.0,0.0,4.295936210619272,6.349673403030157,5.215576320755206,3.6760795575772356,0.8846153846153846,3.3353421910913563,SpiralScanPath_3,Spiral,3,evaluation,hybrid previous state | mean-only | development-recalibrated gamma,hybrid previous state,mean-only,development-recalibrated gamma,current-frame truth,current forecast before Y_n
overall,2501,0.5050212270876117,0.1813833050857422,0.02730291452158273,0.658220328533586,0.9908036785285885,2.5177782867922534,1.0,0.0,-0.04268457486310076,0.7328537088452709,0.2778258395031443,0.1421044986587623,0.008796481407437025,0.21219305111387868,SpiralScanPath_3,Spiral,3,evaluation,hybrid previous state | mean-only | development-recalibrated gamma,hybrid previous state,mean-only,development-recalibrated gamma,current-frame truth,current posterior after Y_n
above_camera_ceiling,76,2.6589303584128436,1.5031412472946553,-1.1204729468394576,0.6758554980759579,0.6973684210526315,2.580512960919818,1.0,0.0,1.6158285514041215,3.7996914578039718,2.175056302585584,0.8106798639187494,0.2894736842105263,1.2921595226468778,SpiralScanPath_3,Spiral,3,evaluation,hybrid previous state | mean-only | development-recalibrated gamma,hybrid previous state,mean-only,development-recalibrated gamma,current-frame truth,current posterior after Y_n
current_top_1pct,26,4.497079631845761,3.647222748006569,-2.994874484498507,0.6928613096907612,0.11538461538461539,2.7078386404990535,1.0,0.0,4.306616316754499,6.4209194055221115,5.246894178952475,3.7338302727463537,0.8461538461538461,3.2530437082497694,SpiralScanPath_3,Spiral,3,evaluation,hybrid previous state | mean-only | development-recalibrated gamma,hybrid previous state,mean-only,development-recalibrated gamma,current-frame truth,current posterior after Y_n
overall,2501,0.5074757324676231,0.16014296921175766,0.05574571830273157,0.7169096572026057,0.9908036785285885,2.7394061238210043,1.0,0.0,-0.07957257460946611,0.6852064926576288,0.22117575447668733,0.0643419678570307,0.009196321471411436,0.2235066167549995,SpiralScanPath_3,Spiral,3,evaluation,hybrid previous state | moment-matched | development-recalibrated gamma,hybrid previous state,moment-matched,development-recalibrated gamma,current-frame truth,current forecast before Y_n
above_camera_ceiling,76,2.6896253538108366,1.5540598532547667,-1.149195986710004,0.7385548119587824,0.6973684210526315,2.8441970273210653,1.0,0.0,1.5472292799088618,3.6105944373485106,2.0929916559362503,0.8391818358639392,0.3026315789473684,1.3340492939329343,SpiralScanPath_3,Spiral,3,evaluation,hybrid previous state | moment-matched | development-recalibrated gamma,hybrid previous state,moment-matched,development-recalibrated gamma,current-frame truth,current forecast before Y_n
current_top_1pct,26,4.545933579258502,3.7339973297511664,-3.075597662217892,0.742099242992797,0.11538461538461539,2.81819404632148,1.0,0.0,4.127582044605659,6.100524555726489,5.018577290062526,3.5289509633514298,0.8846153846153846,3.321865181231554,SpiralScanPath_3,Spiral,3,evaluation,hybrid previous state | moment-matched | development-recalibrated gamma,hybrid previous state,moment-matched,development-recalibrated gamma,current-frame truth,current forecast before Y_n
overall,2501,0.5051548203566766,0.18141251066600547,0.02691687521002393,0.659202651178353,0.991203518592563,2.5212049808307206,1.0,0.0,-0.04399855631949251,0.7082605099385807,0.27513235497200467,0.1420986373926161,0.008796481407437025,0.21215830618240905,SpiralScanPath_3,Spiral,3,evaluation,hybrid previous state | moment-matched | development-recalibrated gamma,hybrid previous state,moment-matched,development-recalibrated gamma,current-frame truth,current posterior after Y_n
above_camera_ceiling,76,2.6601263064361147,1.506439810446833,-1.1278956943834313,0.6987545150980298,0.7105263157894737,2.65901819166475,1.0,0.0,1.5628928878671675,3.644652784221034,2.0957102918069426,0.8095218237723625,0.2894736842105263,1.290290532856785,SpiralScanPath_3,Spiral,3,evaluation,hybrid previous state | moment-matched | development-recalibrated gamma,hybrid previous state,moment-matched,development-recalibrated gamma,current-frame truth,current posterior after Y_n
current_top_1pct,26,4.499004155832313,3.6523208271676664,-2.9999363361961637,0.7208469583275317,0.15384615384615385,2.7893518092012184,1.0,0.0,4.129128066307076,6.156463886873376,5.038559518077374,3.569988742593824,0.8461538461538461,3.243640650371589,SpiralScanPath_3,Spiral,3,evaluation,hybrid previous state | moment-matched | development-recalibrated gamma,hybrid previous state,moment-matched,development-recalibrated gamma,current-frame truth,current posterior after Y_n
overall,2501,0.508937803173158,0.12927146381808124,0.007094566904381567,0.7159318740849122,0.989204318272691,2.7356407754616847,1.0,0.0,-0.009909555868635801,0.7108746259183818,0.1805639174583658,0.026344649749960793,0.010395841663334666,0.22251535557492394,SpiralScanPath_3,Spiral,3,evaluation,coherent latent previous state | mean-only | fixed gamma,coherent latent previous state,mean-only,fixed gamma,current-frame truth,current forecast before Y_n
above_camera_ceiling,76,2.7104764606979974,1.5870346255081895,-1.0604042041437898,0.715931874084912,0.6842105263157895,2.7571418422891463,1.0,0.0,1.4811523868792327,3.785941873537152,2.2167397247631992,0.8863697794751194,0.3157894736842105,1.3662721248047687,SpiralScanPath_3,Spiral,3,evaluation,coherent latent previous state | mean-only | fixed gamma,coherent latent previous state,mean-only,fixed gamma,current-frame truth,current forecast before Y_n
current_top_1pct,26,4.557021746667016,3.7505334175039615,-3.030820604233661,0.7159318740849122,0.11538461538461539,2.718104277185819,1.0,0.0,4.2333924692312195,6.365161143986915,5.238673613041475,3.7068884798328416,0.8846153846153846,3.351962454955362,SpiralScanPath_3,Spiral,3,evaluation,coherent latent previous state | mean-only | fixed gamma,coherent latent previous state,mean-only,fixed gamma,current-frame truth,current forecast before Y_n
overall,2501,0.5033155256239957,0.13906223573000226,-0.021118220439026725,0.6582101364278875,0.9904038384646141,2.518339428910165,1.0,0.0,0.02684389654742663,0.7265074418143161,0.21425835111349792,0.06263790333428983,0.009996001599360257,0.20866606260648501,SpiralScanPath_3,Spiral,3,evaluation,coherent latent previous state | mean-only | fixed gamma,coherent latent previous state,mean-only,fixed gamma,current-frame truth,current posterior after Y_n
above_camera_ceiling,76,2.67536195883586,1.5105315156245287,-1.0322749491899903,0.6755564224306368,0.7105263157894737,2.599165129497884,1.0,0.0,1.4737909936683113,3.8156284676594736,2.178430112637474,0.7526414843231862,0.3026315789473684,1.3069497249933495,SpiralScanPath_3,Spiral,3,evaluation,coherent latent previous state | mean-only | fixed gamma,coherent latent previous state,mean-only,fixed gamma,current-frame truth,current posterior after Y_n
current_top_1pct,26,4.507325875068685,3.6615976356194917,-2.948106730817135,0.6951963693192627,0.19230769230769232,2.684179629957168,1.0,0.0,4.222929442912291,6.423553374853085,5.251336721854502,3.782230630419737,0.8461538461538461,3.2647906198414276,SpiralScanPath_3,Spiral,3,evaluation,coherent latent previous state | mean-only | fixed gamma,coherent latent previous state,mean-only,fixed gamma,current-frame truth,current posterior after Y_n
overall,2501,0.508937803173158,0.12927146381808124,0.007094566904381567,2.611995039172527,0.9908036785285885,9.979411204503553,1.0,0.0,0.015621557343484211,0.636505336581495,0.10469834009207413,0.0065787279267954385,0.009196321471411436,0.6552052703025537,SpiralScanPath_3,Spiral,3,evaluation,coherent latent previous state | moment-matched | fixed gamma,coherent latent previous state,moment-matched,fixed gamma,current-frame truth,current forecast before Y_n
above_camera_ceiling,76,2.7104764606979974,1.5870346255081895,-1.0604042041437898,0.858165609618061,0.6973684210526315,3.30537501235246,1.0,0.0,1.3891402019725347,3.5896212531932443,2.035860371974504,0.6981148213696667,0.3026315789473684,1.3679337165038505,SpiralScanPath_3,Spiral,3,evaluation,coherent latent previous state | moment-matched | fixed gamma,coherent latent previous state,moment-matched,fixed gamma,current-frame truth,current forecast before Y_n
current_top_1pct,26,4.557021746667016,3.7505334175039615,-3.030820604233661,0.7755549294046475,0.15384615384615385,2.943898578242963,1.0,0.0,3.9776315092540004,6.065173505928972,4.94325251323376,3.5262388470327433,0.8461538461538461,3.31997305890287,SpiralScanPath_3,Spiral,3,evaluation,coherent latent previous state | moment-matched | fixed gamma,coherent latent previous state,moment-matched,fixed gamma,current-frame truth,current forecast before Y_n
overall,2501,0.583360278687098,0.31325688463767365,-0.02213634821686055,2.017935419704608,0.9908036785285885,7.723772248206149,1.0,0.0,0.027558035672472548,0.6727744674788084,0.20877817167660642,0.11526370119618874,0.008796481407437025,0.5312886810973912,SpiralScanPath_3,Spiral,3,evaluation,coherent latent previous state | moment-matched | fixed gamma,coherent latent previous state,moment-matched,fixed gamma,current-frame truth,current posterior after Y_n
above_camera_ceiling,76,2.6740775479611245,1.512758705262516,-1.0264552130253002,0.7813341745098175,0.6973684210526315,2.9492175561434606,1.0,0.0,1.4058500463286112,3.659868471118684,2.035314501520505,0.61465629460972,0.2894736842105263,1.3152140256531348,SpiralScanPath_3,Spiral,3,evaluation,coherent latent previous state | moment-matched | fixed gamma,coherent latent previous state,moment-matched,fixed gamma,current-frame truth,current posterior after Y_n
current_top_1pct,26,4.5071401486311435,3.6612086253827556,-2.9456098452783626,0.7373972540614953,0.15384615384615385,2.8044326253089413,1.0,0.0,4.038860927544577,6.193039305441357,5.027245942394107,3.6334622391497517,0.8076923076923077,3.2674940053372916,SpiralScanPath_3,Spiral,3,evaluation,coherent latent previous state | moment-matched | fixed gamma,coherent latent previous state,moment-matched,fixed gamma,current-frame truth,current posterior after Y_n
overall,2501,0.5071242681929798,0.12895160815938003,0.006357708174674872,0.7159318740849122,0.989204318272691,2.7356407754616847,1.0,0.0,-0.008880325635454,0.7083415148140659,0.18011714916898072,0.026344649749960793,0.010395841663334666,0.2222079785120633,SpiralScanPath_3,Spiral,3,evaluation,coherent latent previous state | mean-only | development-recalibrated gamma,coherent latent previous state,mean-only,development-recalibrated gamma,current-frame truth,current forecast before Y_n
above_camera_ceiling,76,2.6992673908824885,1.5765088491606671,-1.0846526736569009,0.715931874084912,0.6842105263157895,2.7571418422891463,1.0,0.0,1.5150221870527545,3.770285258402038,2.2020375209243546,0.8863697794751194,0.3157894736842105,1.3561569927756307,SpiralScanPath_3,Spiral,3,evaluation,coherent latent previous state | mean-only | development-recalibrated gamma,coherent latent previous state,mean-only,development-recalibrated gamma,current-frame truth,current forecast before Y_n
current_top_1pct,26,4.539813629039314,3.7262060807352473,-3.0952604287171734,0.7159318740849122,0.11538461538461539,2.718104277185819,1.0,0.0,4.323400788201342,6.34112517317657,5.204693652588102,3.6935734578884354,0.8846153846153846,3.3276351181866484,SpiralScanPath_3,Spiral,3,evaluation,coherent latent previous state | mean-only | development-recalibrated gamma,coherent latent previous state,mean-only,development-recalibrated gamma,current-frame truth,current forecast before Y_n
overall,2501,0.5015013541340074,0.13874238007130107,-0.02185507916873349,0.6582101364278875,0.9904038384646141,2.518339428910165,1.0,0.0,0.027909020341472857,0.7236914445596959,0.21378416184071286,0.06263790333428983,0.009996001599360257,0.208354435367655,SpiralScanPath_3,Spiral,3,evaluation,coherent latent previous state | mean-only | development-recalibrated gamma,coherent latent previous state,mean-only,development-recalibrated gamma,current-frame truth,current posterior after Y_n
above_camera_ceiling,76,2.664127150854216,1.500005739277007,-1.0565234187031036,0.6755564224306368,0.7105263157894737,2.599165129497884,1.0,0.0,1.5088419753644906,3.7979774601639646,2.1628255419633247,0.7526414843231862,0.3026315789473684,1.2966947286207966,SpiralScanPath_3,Spiral,3,evaluation,coherent latent previous state | mean-only | development-recalibrated gamma,coherent latent previous state,mean-only,development-recalibrated gamma,current-frame truth,current posterior after Y_n
current_top_1pct,26,4.490142585169173,3.637270298850782,-3.0125465553006516,0.6951963693192627,0.19230769230769232,2.684179629957168,1.0,0.0,4.315324462155281,6.396571020120607,5.215785057906675,3.746895416825699,0.8461538461538461,3.24046328307271,SpiralScanPath_3,Spiral,3,evaluation,coherent latent previous state | mean-only | development-recalibrated gamma,coherent latent previous state,mean-only,development-recalibrated gamma,current-frame truth,current posterior after Y_n
overall,2501,0.5071242681929798,0.12895160815938003,0.006357708174674872,2.611995039172527,0.9908036785285885,9.979411204503553,1.0,0.0,0.016592719598388293,0.6339777272071297,0.10428543086954044,0.0065787279267954385,0.009196321471411436,0.654902967452018,SpiralScanPath_3,Spiral,3,evaluation,coherent latent previous state | moment-matched | development-recalibrated gamma,coherent latent previous state,moment-matched,development-recalibrated gamma,current-frame truth,current forecast before Y_n
above_camera_ceiling,76,2.6992673908824885,1.5765088491606671,-1.0846526736569009,0.858165609618061,0.6973684210526315,3.30537501235246,1.0,0.0,1.4210991072293124,3.5748712026940868,2.022272398743494,0.6981148213696667,0.3026315789473684,1.3579855661197737,SpiralScanPath_3,Spiral,3,evaluation,coherent latent previous state | moment-matched | development-recalibrated gamma,coherent latent previous state,moment-matched,development-recalibrated gamma,current-frame truth,current forecast before Y_n
current_top_1pct,26,4.539813629039314,3.7262060807352473,-3.0952604287171734,0.7755549294046475,0.15384615384615385,2.943898578242963,1.0,0.0,4.06410713049824,6.041576267891625,4.910476539449457,3.5341969401333406,0.8461538461538461,3.295645722134159,SpiralScanPath_3,Spiral,3,evaluation,coherent latent previous state | moment-matched | development-recalibrated gamma,coherent latent previous state,moment-matched,development-recalibrated gamma,current-frame truth,current forecast before Y_n
overall,2501,0.5817973046536387,0.31293702897897246,-0.02287320694656725,2.017935419704608,0.9908036785285885,7.723772248206149,1.0,0.0,0.02856101052667064,0.6701826427065702,0.20834584971073697,0.11526370119618874,0.008796481407437025,0.5309794734502395,SpiralScanPath_3,Spiral,3,evaluation,coherent latent previous state | moment-matched | development-recalibrated gamma,coherent latent previous state,moment-matched,development-recalibrated gamma,current-frame truth,current posterior after Y_n
above_camera_ceiling,76,2.6628484376414705,1.5022329289149938,-1.0507036825384113,0.7813341745098175,0.6973684210526315,2.9492175561434606,1.0,0.0,1.438855837254262,3.6441863843453457,2.0210876957752477,0.61465629460972,0.2894736842105263,1.3050386529488396,SpiralScanPath_3,Spiral,3,evaluation,coherent latent previous state | moment-matched | development-recalibrated gamma,coherent latent previous state,moment-matched,development-recalibrated gamma,current-frame truth,current posterior after Y_n
current_top_1pct,26,4.489950023460472,3.6368812886140436,-3.0100496697618726,0.7373972540614953,0.15384615384615385,2.8044326253089413,1.0,0.0,4.127667402726461,6.168151152360625,4.993331885431832,3.59155440808175,0.8076923076923077,3.24316666856858,SpiralScanPath_3,Spiral,3,evaluation,coherent latent previous state | moment-matched | development-recalibrated gamma,coherent latent previous state,moment-matched,development-recalibrated gamma,current-frame truth,current posterior after Y_n
overall,2501,0.690860858973547,0.03102050831239778,0.028694626190262737,0.7159318740849122,0.9968012794882047,2.7356407754616847,1.0,0.0,-0.04008010710088799,0.9649812838080295,0.04332885493057211,7.131748979413069e-08,0.003198720511795282,0.19272772259069423,SpiralScanPath_3,Spiral,3,evaluation,strict oracle | exact previous state | fixed gamma,true previous state,exact state; innovation only,fixed gamma,current-frame truth,current forecast before Y_n
above_camera_ceiling,76,3.9628208493251,0.9754386041594755,0.9697759788016146,0.715931874084912,0.8947368421052632,2.7571418422891463,1.0,0.0,-1.3545646085965375,5.535192652778991,1.3624740557979191,0.08404713917883438,0.10526315789473684,0.9936439949228899,SpiralScanPath_3,Spiral,3,evaluation,strict oracle | exact previous state | fixed gamma,true previous state,exact state; innovation only,fixed gamma,current-frame truth,current forecast before Y_n
current_top_1pct,26,6.7661097524197285,2.670240505871485,2.670240505871485,0.7159318740849122,0.7307692307692307,2.718104277185819,1.0,0.0,-3.7297410585113635,9.450773177361347,3.7297410585113635,0.46469573463292935,0.2692307692307692,2.5251231341807623,SpiralScanPath_3,Spiral,3,evaluation,strict oracle | exact previous state | fixed gamma,true previous state,exact state; innovation only,fixed gamma,current-frame truth,current forecast before Y_n
overall,2501,0.6949952168133858,0.0825492320597397,0.02896880531113109,0.658524528384499,0.9968012794882047,2.519606542392102,1.0,0.0,-0.04119304757977713,0.994193392949757,0.1308618444661508,0.04852925034300663,0.003198720511795282,0.18375006352588868,SpiralScanPath_3,Spiral,3,evaluation,strict oracle | exact previous state | fixed gamma,true previous state,exact state; innovation only,fixed gamma,current-frame truth,current posterior after Y_n
above_camera_ceiling,76,3.960323875510704,1.0300179802741263,0.9969732641320249,0.6848941335779778,0.8947368421052632,2.610247258967406,1.0,0.0,-1.4194683274690274,5.640968883278234,1.4767941283213064,0.26064374518910766,0.10526315789473684,0.9908143215081262,SpiralScanPath_3,Spiral,3,evaluation,strict oracle | exact previous state | fixed gamma,true previous state,exact state; innovation only,fixed gamma,current-frame truth,current posterior after Y_n
current_top_1pct,26,6.759401530122813,2.6931534683065217,2.6931534683065217,0.7033253938869989,0.7307692307692307,2.7232209604479705,1.0,0.0,-3.832779909473274,9.626353287443996,3.832779909473274,0.5440617902550655,0.2692307692307692,2.5207970586409867,SpiralScanPath_3,Spiral,3,evaluation,strict oracle | exact previous state | fixed gamma,true previous state,exact state; innovation only,fixed gamma,current-frame truth,current posterior after Y_n
overall,2501,0.48149089108906534,0.02341430859848231,0.006420320477069154,0.7159318740849122,0.9972011195521792,2.7356407754616847,1.0,0.0,-0.008967781306392406,0.6725373021064274,0.03270466010248523,7.131748979413069e-08,0.0027988804478208716,0.18510451308350753,SpiralScanPath_3,Spiral,3,evaluation,recalibrated oracle | exact previous state | development-recalibrated gamma,true previous state,exact state; innovation only,development-recalibrated gamma,current-frame truth,current forecast before Y_n
above_camera_ceiling,76,2.7616179336582105,0.7251345846265466,0.2367754710555995,0.715931874084912,0.9078947368421053,2.7571418422891463,1.0,0.0,-0.33072346633293914,3.8573753084929314,1.012854170731534,0.08404713917883438,0.09210526315789473,0.7427802189034957,SpiralScanPath_3,Spiral,3,evaluation,recalibrated oracle | exact previous state | development-recalibrated gamma,true previous state,exact state; innovation only,development-recalibrated gamma,current-frame truth,current forecast before Y_n
current_top_1pct,26,4.708929787835415,1.9462736073819498,0.7223062644984304,0.7159318740849122,0.7692307692307693,2.718104277185819,1.0,0.0,-1.008903627068799,6.577343401359608,2.718517889526336,0.46469573463292935,0.23076923076923078,1.7915674906925836,SpiralScanPath_3,Spiral,3,evaluation,recalibrated oracle | exact previous state | development-recalibrated gamma,true previous state,exact state; innovation only,development-recalibrated gamma,current-frame truth,current forecast before Y_n
overall,2501,0.48853113763966927,0.07505839022675137,0.006694499597937439,0.658524528384499,0.9972011195521792,2.519606542392102,1.0,0.0,-0.0089957171534231,0.7040275264974794,0.12033309209408442,0.04852925034300663,0.0027988804478208716,0.1764011192486106,SpiralScanPath_3,Spiral,3,evaluation,recalibrated oracle | exact previous state | development-recalibrated gamma,true previous state,exact state; innovation only,development-recalibrated gamma,current-frame truth,current posterior after Y_n
above_camera_ceiling,76,2.76458572623544,0.7835101457438133,0.2639727563860076,0.6848941335779778,0.9078947368421053,2.6102472589674064,1.0,0.0,-0.359921966991245,3.9502717237637306,1.1303150535510693,0.25432175557795167,0.09210526315789473,0.7489760368045402,SpiralScanPath_3,Spiral,3,evaluation,recalibrated oracle | exact previous state | development-recalibrated gamma,true previous state,exact state; innovation only,development-recalibrated gamma,current-frame truth,current posterior after Y_n
current_top_1pct,26,4.7098735777988745,1.9768350698245063,0.7452192269334629,0.7033253938869989,0.7692307692307693,2.7232209604479727,1.0,0.0,-1.0397967294431691,6.7221970094798245,2.8150158507124874,0.5440617902550655,0.23076923076923078,1.8085367824584375,SpiralScanPath_3,Spiral,3,evaluation,recalibrated oracle | exact previous state | development-recalibrated gamma,true previous state,exact state; innovation only,development-recalibrated gamma,current-frame truth,current posterior after Y_n
overall,2501,0.4749399898881731,0.15698846893956253,0.07552901666939572,0.7159318740849122,0.9884046381447421,2.7417098249032335,1.0,0.0,-0.10549749131638424,0.6633871281331489,0.21927850207845764,0.06435769382506974,0.010795681727309077,0.22227946914156121,SpiralScanPath_4,Spiral,4,evaluation,hybrid previous state | mean-only | fixed gamma,hybrid previous state,mean-only,fixed gamma,current-frame truth,current forecast before Y_n
above_camera_ceiling,76,2.468684122926684,1.558799564619044,-0.3346448477880961,0.715931874084912,0.6973684210526315,2.6910311585002376,1.0,0.0,0.467425546901137,3.4482109433695762,2.177301529718126,1.3651020104820037,0.2894736842105263,1.2761964981606122,SpiralScanPath_4,Spiral,4,evaluation,hybrid previous state | mean-only | fixed gamma,hybrid previous state,mean-only,fixed gamma,current-frame truth,current forecast before Y_n
current_top_1pct,26,4.020255039347005,3.0050160492478732,-2.1693637928578413,0.7159318740849122,0.38461538461538464,2.720776654114712,1.0,0.0,3.0301260097277725,5.615415635021983,4.19734915851989,3.0728731575128787,0.6153846153846154,2.67482424812568,SpiralScanPath_4,Spiral,4,evaluation,hybrid previous state | mean-only | fixed gamma,hybrid previous state,mean-only,fixed gamma,current-frame truth,current forecast before Y_n
overall,2501,0.4736692958782278,0.17518920311631805,0.03834259184830249,0.6585881687016159,0.9900039984006398,2.5193988911925476,1.0,0.0,-0.055259695850462684,0.6844193059486959,0.2672685399528216,0.12960899100474188,0.010395841663334666,0.20994150050476978,SpiralScanPath_4,Spiral,4,evaluation,hybrid previous state | mean-only | fixed gamma,hybrid previous state,mean-only,fixed gamma,current-frame truth,current posterior after Y_n
above_camera_ceiling,76,2.4584839793836832,1.536248719509096,-0.41126104902936556,0.6957607977421003,0.7105263157894737,2.6594780208474447,1.0,0.0,0.5990519151506399,3.4944789116659187,2.1939446621644776,1.3455569105511156,0.27631578947368424,1.2600975486696029,SpiralScanPath_4,Spiral,4,evaluation,hybrid previous state | mean-only | fixed gamma,hybrid previous state,mean-only,fixed gamma,current-frame truth,current posterior after Y_n
current_top_1pct,26,4.0162095378240465,2.997638027920984,-2.1660385315138955,0.6995896548204444,0.34615384615384615,2.675627021434366,1.0,0.0,3.085988746819027,5.710767386639924,4.2834502359596645,3.133494008920601,0.6153846153846154,2.6631050859400913,SpiralScanPath_4,Spiral,4,evaluation,hybrid previous state | mean-only | fixed gamma,hybrid previous state,mean-only,fixed gamma,current-frame truth,current posterior after Y_n
overall,2501,0.4749399898881731,0.15698846893956253,0.07552901666939572,0.7217049976850666,0.9916033586565374,2.7635281723851133,1.0,0.0,-0.10498008318473176,0.57775158883445,0.20746963845738442,0.06435769382506974,0.007996801279488205,0.22141986407302897,SpiralScanPath_4,Spiral,4,evaluation,hybrid previous state | moment-matched | fixed gamma,hybrid previous state,moment-matched,fixed gamma,current-frame truth,current forecast before Y_n
above_camera_ceiling,76,2.468684122926684,1.558799564619044,-0.3346448477880961,0.8663029174961283,0.7631578947368421,3.2589164017138628,1.0,0.0,0.4543573205879758,2.9216077758237113,1.832029610813036,1.0213932966925046,0.2236842105263158,1.2485965722551846,SpiralScanPath_4,Spiral,4,evaluation,hybrid previous state | moment-matched | fixed gamma,hybrid previous state,moment-matched,fixed gamma,current-frame truth,current forecast before Y_n
current_top_1pct,26,4.020255039347005,3.0050160492478732,-2.1693637928578413,0.8470106106932397,0.38461538461538464,3.2185268410857737,1.0,0.0,2.595317947742456,4.786509475866198,3.615435098889103,2.7933558869413897,0.6153846153846154,2.6454742528804074,SpiralScanPath_4,Spiral,4,evaluation,hybrid previous state | moment-matched | fixed gamma,hybrid previous state,moment-matched,fixed gamma,current-frame truth,current forecast before Y_n
overall,2501,0.4692473159867018,0.17404190345059223,0.03672123047514925,0.6631388975663892,0.9916033586565374,2.5379648287539256,1.0,0.0,-0.054384501060568545,0.6008297631491911,0.2555346393341877,0.12960905163367586,0.007996801279488205,0.208414593638357,SpiralScanPath_4,Spiral,4,evaluation,hybrid previous state | moment-matched | fixed gamma,hybrid previous state,moment-matched,fixed gamma,current-frame truth,current posterior after Y_n
above_camera_ceiling,76,2.4342237429827205,1.5008201086017032,-0.44918534916879,0.8131038447361468,0.7763157894736842,3.15277597464144,1.0,0.0,0.5876854889389528,2.971942688943205,1.851998110122473,1.0060035113492396,0.2236842105263158,1.2069994941258515,SpiralScanPath_4,Spiral,4,evaluation,hybrid previous state | moment-matched | fixed gamma,hybrid previous state,moment-matched,fixed gamma,current-frame truth,current posterior after Y_n
current_top_1pct,26,3.9985189064706033,2.9868363564594325,-2.1645392971736785,0.8140311449962283,0.38461538461538464,3.1504332714343444,1.0,0.0,2.6623928438614874,4.884047246985179,3.702983117431592,2.860455321113937,0.6153846153846154,2.631436982414748,SpiralScanPath_4,Spiral,4,evaluation,hybrid previous state | moment-matched | fixed gamma,hybrid previous state,moment-matched,fixed gamma,current-frame truth,current posterior after Y_n
overall,2501,0.4741033164311685,0.15703581189176868,0.07501321944883431,0.7159318740849122,0.9884046381447421,2.7417098249032335,1.0,0.0,-0.10477703558696068,0.6622184785907969,0.21934462981200312,0.06435769382506974,0.010795681727309077,0.22231938611327706,SpiralScanPath_4,Spiral,4,evaluation,hybrid previous state | mean-only | development-recalibrated gamma,hybrid previous state,mean-only,development-recalibrated gamma,current-frame truth,current forecast before Y_n
above_camera_ceiling,76,2.463400554529912,1.5606808076639396,-0.35129536227072317,0.715931874084912,0.6973684210526315,2.6910311585002376,1.0,0.0,0.4906826682632909,3.4408309557087033,2.1799292141570965,1.3651020104820037,0.2894736842105263,1.277555903409781,SpiralScanPath_4,Spiral,4,evaluation,hybrid previous state | mean-only | development-recalibrated gamma,hybrid previous state,mean-only,development-recalibrated gamma,current-frame truth,current forecast before Y_n
current_top_1pct,26,4.0109568496891015,3.011571245560143,-2.21697834931833,0.7159318740849122,0.38461538461538464,2.720776654114712,1.0,0.0,3.0966331149203565,5.602428100880149,4.206505331822898,3.0728731575128787,0.6153846153846154,2.6794197046396744,SpiralScanPath_4,Spiral,4,evaluation,hybrid previous state | mean-only | development-recalibrated gamma,hybrid previous state,mean-only,development-recalibrated gamma,current-frame truth,current forecast before Y_n
overall,2501,0.4728427821639975,0.17523654606852426,0.03782679462774104,0.6585881687016159,0.9900039984006398,2.5193988911925476,1.0,0.0,-0.054518724961729714,0.6830960297756477,0.26732547034551774,0.12960899100474188,0.010395841663334666,0.20997731184877902,SpiralScanPath_4,Spiral,4,evaluation,hybrid previous state | mean-only | development-recalibrated gamma,hybrid previous state,mean-only,development-recalibrated gamma,current-frame truth,current posterior after Y_n
above_camera_ceiling,76,2.4532469342375065,1.538129962553993,-0.42791156351199416,0.6957607977421003,0.7105263157894737,2.6594780208474447,1.0,0.0,0.6228679791280745,3.4859572105479093,2.1963858495667017,1.3455569105511156,0.27631578947368424,1.2613008653408233,SpiralScanPath_4,Spiral,4,evaluation,hybrid previous state | mean-only | development-recalibrated gamma,hybrid previous state,mean-only,development-recalibrated gamma,current-frame truth,current posterior after Y_n
current_top_1pct,26,4.007009425730697,3.0041932242332576,-2.2136530879743885,0.6995896548204444,0.34615384615384615,2.675627021434366,1.0,0.0,3.1539556778220676,5.695817654973221,4.292235270527936,3.133494008920601,0.6153846153846154,2.667380492867399,SpiralScanPath_4,Spiral,4,evaluation,hybrid previous state | mean-only | development-recalibrated gamma,hybrid previous state,mean-only,development-recalibrated gamma,current-frame truth,current posterior after Y_n
overall,2501,0.4741033164311685,0.15703581189176868,0.07501321944883431,0.7217049976850666,0.9916033586565374,2.7635281723851133,1.0,0.0,-0.10437575910920585,0.5760384552760863,0.20748462819636418,0.06435769382506974,0.007996801279488205,0.22145516531255183,SpiralScanPath_4,Spiral,4,evaluation,hybrid previous state | moment-matched | development-recalibrated gamma,hybrid previous state,moment-matched,development-recalibrated gamma,current-frame truth,current forecast before Y_n
above_camera_ceiling,76,2.463400554529912,1.5606808076639396,-0.35129536227072317,0.8663029174961283,0.7631578947368421,3.2589164017138628,1.0,0.0,0.4737930797316158,2.9104784861226505,1.8329741654862208,1.0145661039841514,0.2236842105263158,1.249804064801827,SpiralScanPath_4,Spiral,4,evaluation,hybrid previous state | moment-matched | development-recalibrated gamma,hybrid previous state,moment-matched,development-recalibrated gamma,current-frame truth,current forecast before Y_n
current_top_1pct,26,4.0109568496891015,3.011571245560143,-2.21697834931833,0.8470106106932397,0.38461538461538464,3.2185268410857737,1.0,0.0,2.6506566881787683,4.766954795470235,3.6196695834558175,2.7933558869413897,0.6153846153846154,2.6496245578103714,SpiralScanPath_4,Spiral,4,evaluation,hybrid previous state | moment-matched | development-recalibrated gamma,hybrid previous state,moment-matched,development-recalibrated gamma,current-frame truth,current forecast before Y_n
overall,2501,0.4684303034965243,0.17408924640279844,0.03620543325458779,0.6631388975663892,0.9916033586565374,2.5379648287539256,1.0,0.0,-0.053756503505846306,0.5991482689363172,0.255547696962784,0.12960905163367586,0.007996801279488205,0.20845192036680496,SpiralScanPath_4,Spiral,4,evaluation,hybrid previous state | moment-matched | development-recalibrated gamma,hybrid previous state,moment-matched,development-recalibrated gamma,current-frame truth,current posterior after Y_n
above_camera_ceiling,76,2.4290439291136767,1.5027013516466003,-0.4658358636514186,0.8131038447361468,0.7763157894736842,3.15277597464144,1.0,0.0,0.6077844000003914,2.9607607074458864,1.8529949755541897,0.9923964114094495,0.2236842105263158,1.2082034731858653,SpiralScanPath_4,Spiral,4,evaluation,hybrid previous state | moment-matched | development-recalibrated gamma,hybrid previous state,moment-matched,development-recalibrated gamma,current-frame truth,current posterior after Y_n
current_top_1pct,26,3.9894726377183387,2.9933915527717065,-2.212153853634172,0.8140311449962283,0.38461538461538464,3.1504332714343444,1.0,0.0,2.719496436722231,4.864498113304772,3.7075441020123794,2.860455321113937,0.6153846153846154,2.6357191011739136,SpiralScanPath_4,Spiral,4,evaluation,hybrid previous state | moment-matched | development-recalibrated gamma,hybrid previous state,moment-matched,development-recalibrated gamma,current-frame truth,current posterior after Y_n
overall,2501,0.49857605589463755,0.13857152986826082,0.023567879049626043,0.7159318740849122,0.9824070371851259,2.741709824903234,1.0,0.0,-0.032919164382435084,0.6964015347576277,0.19355407250917525,0.014430348615532978,0.014394242303078768,0.23109622891312603,SpiralScanPath_4,Spiral,4,evaluation,coherent latent previous state | mean-only | fixed gamma,coherent latent previous state,mean-only,fixed gamma,current-frame truth,current forecast before Y_n
above_camera_ceiling,76,2.505367098494083,1.6575591889347212,-0.19040451760940943,0.715931874084912,0.6447368421052632,2.6910311585002376,1.0,0.0,0.2659534021344981,3.499449024666468,2.315247091147291,1.4817650808995657,0.3026315789473684,1.3445098580736385,SpiralScanPath_4,Spiral,4,evaluation,coherent latent previous state | mean-only | fixed gamma,coherent latent previous state,mean-only,fixed gamma,current-frame truth,current forecast before Y_n
current_top_1pct,26,4.040567898849622,3.0449024471772494,-2.135769136143418,0.7159318740849122,0.38461538461538464,2.720776654114712,1.0,0.0,2.983201633358355,5.643788250123915,4.253061719132388,3.251691954862276,0.6153846153846154,2.7132974294542653,SpiralScanPath_4,Spiral,4,evaluation,coherent latent previous state | mean-only | fixed gamma,coherent latent previous state,mean-only,fixed gamma,current-frame truth,current forecast before Y_n
overall,2501,0.49119077070277267,0.148362937330023,-0.013380133147075335,0.6585486275569742,0.9832067173130747,2.519438280877111,1.0,0.0,0.02034981924862689,0.7083142319888633,0.22639556194690102,0.05661174223161186,0.013594562175129948,0.21583869056256635,SpiralScanPath_4,Spiral,4,evaluation,coherent latent previous state | mean-only | fixed gamma,coherent latent previous state,mean-only,fixed gamma,current-frame truth,current posterior after Y_n
above_camera_ceiling,76,2.478596925486156,1.5776620668741064,-0.26458528484130583,0.6946521433802818,0.6973684210526315,2.6907269184624236,1.0,0.0,0.37564195370252035,3.523534427678896,2.2539172265659015,1.4120352971047685,0.27631578947368424,1.3003801407487223,SpiralScanPath_4,Spiral,4,evaluation,coherent latent previous state | mean-only | fixed gamma,coherent latent previous state,mean-only,fixed gamma,current-frame truth,current posterior after Y_n
current_top_1pct,26,4.031798386782357,3.03055096920092,-2.1258895748109015,0.6996155004725136,0.38461538461538464,2.7507745178830283,1.0,0.0,3.027753139036441,5.7331075786045815,4.33053163132741,3.2997444990272733,0.6153846153846154,2.7150050058976283,SpiralScanPath_4,Spiral,4,evaluation,coherent latent previous state | mean-only | fixed gamma,coherent latent previous state,mean-only,fixed gamma,current-frame truth,current posterior after Y_n
overall,2501,0.49857605589463755,0.13857152986826082,0.023567879049626043,2.6023069472071096,0.9932027189124351,9.97292637497242,1.0,0.0,-0.013742389619260342,0.5249610665566555,0.10241403150285723,0.0035889219950477843,0.006397441023590564,0.6557521717964241,SpiralScanPath_4,Spiral,4,evaluation,coherent latent previous state | moment-matched | fixed gamma,coherent latent previous state,moment-matched,fixed gamma,current-frame truth,current forecast before Y_n
above_camera_ceiling,76,2.505367098494083,1.6575591889347212,-0.19040451760940943,1.022197316981723,0.7894736842105263,3.8363734073077738,1.0,0.0,0.35463618106448497,2.8778109513252743,1.785956199945467,0.9781101991719978,0.21052631578947367,1.3003769093190962,SpiralScanPath_4,Spiral,4,evaluation,coherent latent previous state | moment-matched | fixed gamma,coherent latent previous state,moment-matched,fixed gamma,current-frame truth,current forecast before Y_n
current_top_1pct,26,4.040567898849622,3.0449024471772494,-2.135769136143418,0.9061462406637397,0.38461538461538464,3.4397065067182098,1.0,0.0,2.5082036587976138,4.739342787618962,3.5396245692875246,2.3807720750072923,0.6153846153846154,2.669395132303059,SpiralScanPath_4,Spiral,4,evaluation,coherent latent previous state | moment-matched | fixed gamma,coherent latent previous state,moment-matched,fixed gamma,current-frame truth,current forecast before Y_n
overall,2501,0.5642244043380038,0.31226448158588344,-0.029318840076596964,2.0463917755420606,0.9936025589764095,7.83116615325964,1.0,0.0,0.020161911885480464,0.5738998005487251,0.200609962925258,0.10880167036388266,0.006397441023590564,0.5383180689384348,SpiralScanPath_4,Spiral,4,evaluation,coherent latent previous state | moment-matched | fixed gamma,coherent latent previous state,moment-matched,fixed gamma,current-frame truth,current posterior after Y_n
above_camera_ceiling,76,2.454327208952322,1.5143973601710106,-0.37683847029367934,0.8889649030862191,0.7894736842105263,3.416753393798438,1.0,0.0,0.5350246686171997,3.0314703604813644,1.8085121780150861,0.9384046313851468,0.21052631578947367,1.2303145960927633,SpiralScanPath_4,Spiral,4,evaluation,coherent latent previous state | moment-matched | fixed gamma,coherent latent previous state,moment-matched,fixed gamma,current-frame truth,current posterior after Y_n
current_top_1pct,26,4.038174341786144,3.0467964791757343,-2.1854759952462794,0.8296677824771552,0.38461538461538464,3.1531941562119745,1.0,0.0,2.7409940754597972,5.036092823303789,3.794000009539249,2.570729746964941,0.6153846153846154,2.695402411439926,SpiralScanPath_4,Spiral,4,evaluation,coherent latent previous state | moment-matched | fixed gamma,coherent latent previous state,moment-matched,fixed gamma,current-frame truth,current posterior after Y_n
overall,2501,0.49750567458045936,0.13863732974609866,0.022850995278748138,0.7159318740849122,0.9824070371851259,2.741709824903234,1.0,0.0,-0.03191783479113255,0.6949064465335613,0.19364598052475554,0.014430348615532978,0.014394242303078768,0.23114391590101446,SpiralScanPath_4,Spiral,4,evaluation,coherent latent previous state | mean-only | development-recalibrated gamma,coherent latent previous state,mean-only,development-recalibrated gamma,current-frame truth,current forecast before Y_n
above_camera_ceiling,76,2.4985763826550125,1.6601738455365815,-0.2135463321317342,0.715931874084912,0.6447368421052632,2.6910311585002376,1.0,0.0,0.298277447703644,3.48996388217613,2.3188991936678023,1.4817650808995657,0.3026315789473684,1.3465085345002237,SpiralScanPath_4,Spiral,4,evaluation,coherent latent previous state | mean-only | development-recalibrated gamma,coherent latent previous state,mean-only,development-recalibrated gamma,current-frame truth,current forecast before Y_n
current_top_1pct,26,4.028431314289334,3.05401322494776,-2.2019465047359095,0.7159318740849122,0.38461538461538464,2.720776654114712,1.0,0.0,3.0756369208318692,5.626836100066621,4.26578747992095,3.251691954862276,0.6153846153846154,2.7197695519460345,SpiralScanPath_4,Spiral,4,evaluation,coherent latent previous state | mean-only | development-recalibrated gamma,coherent latent previous state,mean-only,development-recalibrated gamma,current-frame truth,current forecast before Y_n
overall,2501,0.4901221110388394,0.1484287372078608,-0.014097016917953195,0.6585486275569742,0.9832067173130747,2.519438280877111,1.0,0.0,0.021379661927962753,0.7065700997402067,0.22647468695913187,0.05661174223161186,0.013594562175129948,0.21587829073080192,SpiralScanPath_4,Spiral,4,evaluation,coherent latent previous state | mean-only | development-recalibrated gamma,coherent latent previous state,mean-only,development-recalibrated gamma,current-frame truth,current posterior after Y_n
above_camera_ceiling,76,2.4718348723214376,1.5802767234759652,-0.2877270993636291,0.6946521433802818,0.6973684210526315,2.6907269184624236,1.0,0.0,0.408742848077951,3.512446254045154,2.257310124251106,1.4120352971047685,0.27631578947368424,1.3021226351504485,SpiralScanPath_4,Spiral,4,evaluation,coherent latent previous state | mean-only | development-recalibrated gamma,coherent latent previous state,mean-only,development-recalibrated gamma,current-frame truth,current posterior after Y_n
current_top_1pct,26,4.0197978319487575,3.0396617469714284,-2.1920669434033866,0.6996155004725136,0.38461538461538464,2.7507745178830283,1.0,0.0,3.1222173714509824,5.713446087580658,4.3427415603208805,3.2997444990272733,0.6153846153846154,2.7207191725445066,SpiralScanPath_4,Spiral,4,evaluation,coherent latent previous state | mean-only | development-recalibrated gamma,coherent latent previous state,mean-only,development-recalibrated gamma,current-frame truth,current posterior after Y_n
overall,2501,0.49750567458045936,0.13863732974609866,0.022850995278748138,2.6023069472071096,0.9932027189124351,9.97292637497242,1.0,0.0,-0.012940212551080167,0.5227169394673662,0.10247082762559155,0.0035889219950477843,0.006397441023590564,0.6558010966662523,SpiralScanPath_4,Spiral,4,evaluation,coherent latent previous state | moment-matched | development-recalibrated gamma,coherent latent previous state,moment-matched,development-recalibrated gamma,current-frame truth,current forecast before Y_n
above_camera_ceiling,76,2.4985763826550125,1.6601738455365815,-0.2135463321317342,1.022197316981723,0.7894736842105263,3.8363734073077738,1.0,0.0,0.3807022064794307,2.8644421376921487,1.7881571738789048,0.9781101991719978,0.21052631578947367,1.3022784542766637,SpiralScanPath_4,Spiral,4,evaluation,coherent latent previous state | moment-matched | development-recalibrated gamma,coherent latent previous state,moment-matched,development-recalibrated gamma,current-frame truth,current forecast before Y_n
current_top_1pct,26,4.028431314289334,3.05401322494776,-2.2019465047359095,0.9061462406637397,0.38461538461538464,3.4397065067182098,1.0,0.0,2.5834854545999093,4.715666677478681,3.5469693869651198,2.34839109707887,0.6153846153846154,2.6751922299910262,SpiralScanPath_4,Spiral,4,evaluation,coherent latent previous state | moment-matched | development-recalibrated gamma,coherent latent previous state,moment-matched,development-recalibrated gamma,current-frame truth,current forecast before Y_n
overall,2501,0.5634255281409042,0.3123302814637212,-0.0300357238474748,2.0463917755420606,0.9936025589764095,7.83116615325964,1.0,0.0,0.02102683005203963,0.5719666617473596,0.20067281469655746,0.10880167036388266,0.006397441023590564,0.5383761477242909,SpiralScanPath_4,Spiral,4,evaluation,coherent latent previous state | moment-matched | development-recalibrated gamma,coherent latent previous state,moment-matched,development-recalibrated gamma,current-frame truth,current posterior after Y_n
above_camera_ceiling,76,2.448462092655016,1.5170120167728691,-0.3999802848160026,0.8889649030862191,0.7894736842105263,3.416753393798438,1.0,0.0,0.5630458451745988,3.0195656176754513,1.8110219569127448,0.9384046313851468,0.21052631578947367,1.2325707976066878,SpiralScanPath_4,Spiral,4,evaluation,coherent latent previous state | moment-matched | development-recalibrated gamma,coherent latent previous state,moment-matched,development-recalibrated gamma,current-frame truth,current posterior after Y_n
current_top_1pct,26,4.027787684569588,3.0559072569462384,-2.251653363838769,0.8296677824771552,0.38461538461538464,3.1531941562119745,1.0,0.0,2.8215834220076608,5.015165677522702,3.802654994321553,2.567108667759758,0.6153846153846154,2.7021575993815086,SpiralScanPath_4,Spiral,4,evaluation,coherent latent previous state | moment-matched | development-recalibrated gamma,coherent latent previous state,moment-matched,development-recalibrated gamma,current-frame truth,current posterior after Y_n
overall,2501,0.7371625793490043,0.03217586657506556,0.029585471255369606,0.7159318740849122,0.9972011195521792,2.7417098249032335,1.0,0.0,-0.04132442251322457,1.029654644572472,0.044942637337095824,1.551167114198483e-07,0.0027988804478208716,0.19395574230095705,SpiralScanPath_4,Spiral,4,evaluation,strict oracle | exact previous state | fixed gamma,true previous state,exact state; innovation only,fixed gamma,current-frame truth,current forecast before Y_n
above_camera_ceiling,76,4.2283432446474585,1.007074403663714,0.9999147031530026,0.715931874084912,0.9078947368421053,2.6910311585002376,1.0,0.0,-1.396661804492321,5.906069275169555,1.4066623377411902,0.0753598304416744,0.09210526315789473,1.0267599570947683,SpiralScanPath_4,Spiral,4,evaluation,strict oracle | exact previous state | fixed gamma,true previous state,exact state; innovation only,fixed gamma,current-frame truth,current forecast before Y_n
current_top_1pct,26,7.227540844450429,2.8359830918118165,2.8353601554196053,0.7159318740849122,0.7307692307692307,2.720776654114712,1.0,0.0,-3.9603770387282973,10.095291334372432,3.9612471444111987,0.44710923544819703,0.2692307692307692,2.6704800028709785,SpiralScanPath_4,Spiral,4,evaluation,strict oracle | exact previous state | fixed gamma,true previous state,exact state; innovation only,fixed gamma,current-frame truth,current forecast before Y_n
overall,2501,0.7404648643828552,0.07940948890407805,0.013656987009288182,0.6583563790994115,0.9968012794882047,2.5183935028829416,1.0,0.0,-0.015293373593931557,1.0544170322786708,0.12560060077801263,0.04922643445203032,0.0027988804478208716,0.18366270272180607,SpiralScanPath_4,Spiral,4,evaluation,strict oracle | exact previous state | fixed gamma,true previous state,exact state; innovation only,fixed gamma,current-frame truth,current posterior after Y_n
above_camera_ceiling,76,4.22718366951209,1.0223719186993185,0.973037957182345,0.6893653761557816,0.8947368421052632,2.62987972406571,1.0,0.0,-1.3769786868313918,5.999686828478948,1.4541505183034984,0.13670107266365972,0.09210526315789473,1.0206538883902507,SpiralScanPath_4,Spiral,4,evaluation,strict oracle | exact previous state | fixed gamma,true previous state,exact state; innovation only,fixed gamma,current-frame truth,current posterior after Y_n
current_top_1pct,26,7.2250189481216776,2.824496287881811,2.823640327781231,0.7115752253744909,0.6923076923076923,2.793318301672551,1.0,0.0,-3.9981341221435422,10.253857422772555,3.999329976542579,0.43369300252935306,0.2692307692307692,2.6605353884622684,SpiralScanPath_4,Spiral,4,evaluation,strict oracle | exact previous state | fixed gamma,true previous state,exact state; innovation only,fixed gamma,current-frame truth,current posterior after Y_n
overall,2501,0.3792328482075689,0.021314120903771088,0.007914983236970641,0.7159318740849122,0.998000799680128,2.7417098249032335,1.0,0.0,-0.011055497769375602,0.5297052162851329,0.029771157948532898,1.551167114198483e-07,0.0023990403838464614,0.18291002685829097,SpiralScanPath_4,Spiral,4,evaluation,recalibrated oracle | exact previous state | development-recalibrated gamma,true previous state,exact state; innovation only,development-recalibrated gamma,current-frame truth,current forecast before Y_n
above_camera_ceiling,76,2.1726504697714852,0.6411372817732811,0.3003669735176918,0.715931874084912,0.9342105263157895,2.6910311585002376,1.0,0.0,-0.41954686526789164,3.0347167774147747,0.8955283386324546,0.0753598304416744,0.07894736842105263,0.6590122059400426,SpiralScanPath_4,Spiral,4,evaluation,recalibrated oracle | exact previous state | development-recalibrated gamma,true previous state,exact state; innovation only,development-recalibrated gamma,current-frame truth,current forecast before Y_n
current_top_1pct,26,3.7126936352317452,1.7749766183261018,0.8349021573030112,0.7159318740849122,0.8076923076923077,2.720776654114712,1.0,0.0,-1.1661754246801264,5.1858197261816645,2.479253519191105,0.44710923544819703,0.23076923076923078,1.5985885079389974,SpiralScanPath_4,Spiral,4,evaluation,recalibrated oracle | exact previous state | development-recalibrated gamma,true previous state,exact state; innovation only,development-recalibrated gamma,current-frame truth,current forecast before Y_n
overall,2501,0.38602766787414494,0.06858668144815824,-0.008013501009110715,0.6583563790994115,0.9972011195521792,2.5183935028829416,1.0,0.0,0.015837093439612416,0.556384566135252,0.1103676069866642,0.04922643445203032,0.0023990403838464614,0.17278519714881835,SpiralScanPath_4,Spiral,4,evaluation,recalibrated oracle | exact previous state | development-recalibrated gamma,true previous state,exact state; innovation only,development-recalibrated gamma,current-frame truth,current posterior after Y_n
above_camera_ceiling,76,2.172702235621146,0.657222760759295,0.2734902275470357,0.6893653761557816,0.9078947368421053,2.62987972406571,1.0,0.0,-0.3763928418938506,3.093196199526864,0.9370713962152057,0.13670107266365972,0.07894736842105263,0.6575318953603541,SpiralScanPath_4,Spiral,4,evaluation,recalibrated oracle | exact previous state | development-recalibrated gamma,true previous state,exact state; innovation only,development-recalibrated gamma,current-frame truth,current posterior after Y_n
current_top_1pct,26,3.7115629408343276,1.76469710212069,0.8231823296646391,0.7115752253744909,0.7307692307692307,2.793318301672551,1.0,0.0,-1.142635879206177,5.2830553586357185,2.499672939394155,0.43369300252935306,0.23076923076923078,1.6049238156978884,SpiralScanPath_4,Spiral,4,evaluation,recalibrated oracle | exact previous state | development-recalibrated gamma,true previous state,exact state; innovation only,development-recalibrated gamma,current-frame truth,current posterior after Y_n
overall,2501,0.4488367707329769,0.15181198887851527,0.07596434508774648,0.7159318740849034,0.9908036785285885,2.7319907997987163,1.0,0.0,-0.1061055497561738,0.6269266490008916,0.21204809336441366,0.06668709320338943,0.008396641343462616,0.2160846933181101,SpiralScanPath_5,Spiral,5,evaluation,hybrid previous state | mean-only | fixed gamma,hybrid previous state,mean-only,fixed gamma,current-frame truth,current forecast before Y_n
above_camera_ceiling,76,2.306195387855218,1.2936978732694886,-0.3623040304520552,0.7159318740849034,0.75,2.7643095120191497,1.0,0.0,0.506059366214346,3.22124977436292,1.8070125386204934,0.8064064336323504,0.23684210526315788,1.0932088639261117,SpiralScanPath_5,Spiral,5,evaluation,hybrid previous state | mean-only | fixed gamma,hybrid previous state,mean-only,fixed gamma,current-frame truth,current forecast before Y_n
current_top_1pct,26,3.794581565897708,2.684049011253187,-1.8904774483836293,0.7159318740849037,0.5,2.758596467289373,1.0,0.0,2.640582877805262,5.30019922740261,3.7490285157144454,2.2632294395600994,0.5,2.372024106411649,SpiralScanPath_5,Spiral,5,evaluation,hybrid previous state | mean-only | fixed gamma,hybrid previous state,mean-only,fixed gamma,current-frame truth,current forecast before Y_n
overall,2501,0.45500549523634454,0.17617437763324958,0.051693122205459845,0.6591183570045017,0.9908036785285885,2.5255446579958076,1.0,0.0,-0.07797940190301908,0.6558429917730697,0.26902333303045173,0.14012829930228343,0.009196321471411436,0.20810282139286193,SpiralScanPath_5,Spiral,5,evaluation,hybrid previous state | mean-only | fixed gamma,hybrid previous state,mean-only,fixed gamma,current-frame truth,current posterior after Y_n
above_camera_ceiling,76,2.3118665049596374,1.321448165019124,-0.32549968958478664,0.6996991479942569,0.7631578947368421,2.682763780155399,1.0,0.0,0.4320957355817393,3.25632275036704,1.8660000067401317,0.8904505775909413,0.25,1.0984573666404025,SpiralScanPath_5,Spiral,5,evaluation,hybrid previous state | mean-only | fixed gamma,hybrid previous state,mean-only,fixed gamma,current-frame truth,current posterior after Y_n
current_top_1pct,26,3.7881413420675005,2.6786266127657674,-1.889450229245881,0.7152038878357168,0.5,2.737132819821113,1.0,0.0,2.6149576111534167,5.326606725126399,3.752121439885212,2.1788429375645535,0.5,2.354264212489969,SpiralScanPath_5,Spiral,5,evaluation,hybrid previous state | mean-only | fixed gamma,hybrid previous state,mean-only,fixed gamma,current-frame truth,current posterior after Y_n
overall,2501,0.4488367707329769,0.15181198887851527,0.07596434508774648,0.7264419139117902,0.9932027189124351,2.7724942812614457,1.0,0.0,-0.11326878868817074,0.4571080444432308,0.19266793711560232,0.06630791052947918,0.005197920831667333,0.2149259112899759,SpiralScanPath_5,Spiral,5,evaluation,hybrid previous state | moment-matched | fixed gamma,hybrid previous state,moment-matched,fixed gamma,current-frame truth,current forecast before Y_n
above_camera_ceiling,76,2.306195387855218,1.2936978732694886,-0.3623040304520552,1.01437387779531,0.8026315789473685,3.915960163097995,1.0,0.0,0.23857613057788682,2.10324432608967,1.210100856834557,0.6643824157857687,0.15789473684210525,1.0529722815066798,SpiralScanPath_5,Spiral,5,evaluation,hybrid previous state | moment-matched | fixed gamma,hybrid previous state,moment-matched,fixed gamma,current-frame truth,current forecast before Y_n
current_top_1pct,26,3.794581565897708,2.684049011253187,-1.8904774483836293,1.1636291705376793,0.5384615384615384,4.492371943561396,1.0,0.0,1.5230195182295345,3.4245904992261043,2.3858110987777073,1.3598477732637617,0.4230769230769231,2.2574651497082368,SpiralScanPath_5,Spiral,5,evaluation,hybrid previous state | moment-matched | fixed gamma,hybrid previous state,moment-matched,fixed gamma,current-frame truth,current forecast before Y_n
overall,2501,0.45080512936420236,0.17653714555291258,0.0556652541979605,0.6682113075242647,0.9928028788484606,2.5609520643354,1.0,0.0,-0.08767285586593446,0.5015572673380118,0.25120102697508806,0.13842317852907934,0.006397441023590564,0.20724527086316757,SpiralScanPath_5,Spiral,5,evaluation,hybrid previous state | moment-matched | fixed gamma,hybrid previous state,moment-matched,fixed gamma,current-frame truth,current posterior after Y_n
above_camera_ceiling,76,2.2773061233658134,1.3216944595840239,-0.22123637903438756,0.9562261811661077,0.8157894736842105,3.7103334709648634,1.0,0.0,0.11104860898480964,2.1906276110275815,1.3111461313726325,0.666092861776092,0.18421052631578946,1.0591928746540853,SpiralScanPath_5,Spiral,5,evaluation,hybrid previous state | moment-matched | fixed gamma,hybrid previous state,moment-matched,fixed gamma,current-frame truth,current posterior after Y_n
current_top_1pct,26,3.689417979940567,2.563839515896938,-1.736672504348366,1.1069548643511131,0.5769230769230769,4.323292532203431,1.0,0.0,1.4776753474770707,3.50630910246434,2.4016279383829096,1.3263416427624224,0.4230769230769231,2.18512940983591,SpiralScanPath_5,Spiral,5,evaluation,hybrid previous state | moment-matched | fixed gamma,hybrid previous state,moment-matched,fixed gamma,current-frame truth,current posterior after Y_n
overall,2501,0.4471507191225179,0.15170030645184454,0.07544159283662075,0.7159318740849034,0.9908036785285885,2.7319907997987163,1.0,0.0,-0.10537537937258261,0.624571604238268,0.21189209747889245,0.06668709320338943,0.008396641343462616,0.21598427601291897,SpiralScanPath_5,Spiral,5,evaluation,hybrid previous state | mean-only | development-recalibrated gamma,hybrid previous state,mean-only,development-recalibrated gamma,current-frame truth,current forecast before Y_n
above_camera_ceiling,76,2.2954859735470325,1.2903631307747405,-0.37916621545946105,0.7159318740849034,0.75,2.7643095120191497,1.0,0.0,0.5296121449322356,3.2062910685197505,1.8023546338456697,0.8064064336323504,0.23684210526315788,1.0900979342602244,SpiralScanPath_5,Spiral,5,evaluation,hybrid previous state | mean-only | development-recalibrated gamma,hybrid previous state,mean-only,development-recalibrated gamma,current-frame truth,current forecast before Y_n
current_top_1pct,26,3.7757752714250685,2.676568231997847,-1.937499982675969,0.7159318740849037,0.5,2.758596467289373,1.0,0.0,2.7062630577140605,5.273930953627709,3.738579505793072,2.2632294395600994,0.5,2.3638311205544627,SpiralScanPath_5,Spiral,5,evaluation,hybrid previous state | mean-only | development-recalibrated gamma,hybrid previous state,mean-only,development-recalibrated gamma,current-frame truth,current forecast before Y_n
overall,2501,0.4533498511980815,0.1760626952065789,0.0511703699543342,0.6591183570045017,0.9908036785285885,2.5255446579958076,1.0,0.0,-0.07722548846172471,0.6533055398212197,0.2688520220007666,0.14012829930228343,0.009196321471411436,0.20799840969792602,SpiralScanPath_5,Spiral,5,evaluation,hybrid previous state | mean-only | development-recalibrated gamma,hybrid previous state,mean-only,development-recalibrated gamma,current-frame truth,current posterior after Y_n
above_camera_ceiling,76,2.3012318187508454,1.3181134225243767,-0.3423618745921902,0.6996991479942569,0.7631578947368421,2.682763780155399,1.0,0.0,0.456421870167775,3.239628363514183,1.8608460909887632,0.8655890988542095,0.25,1.0952590912346238,SpiralScanPath_5,Spiral,5,evaluation,hybrid previous state | mean-only | development-recalibrated gamma,hybrid previous state,mean-only,development-recalibrated gamma,current-frame truth,current posterior after Y_n
current_top_1pct,26,3.769409854140416,2.671145833510427,-1.9364727635382162,0.7152038878357168,0.5,2.737132819821113,1.0,0.0,2.682258377367945,5.297273496479363,3.7408625441104775,2.1788429375645535,0.5,2.346061341184084,SpiralScanPath_5,Spiral,5,evaluation,hybrid previous state | mean-only | development-recalibrated gamma,hybrid previous state,mean-only,development-recalibrated gamma,current-frame truth,current posterior after Y_n
overall,2501,0.4471507191225179,0.15170030645184454,0.07544159283662075,0.7264419139117902,0.9932027189124351,2.7724942812614457,1.0,0.0,-0.11273816874305595,0.453846429634061,0.19248731500753125,0.06630791052947918,0.005197920831667333,0.21482061941006023,SpiralScanPath_5,Spiral,5,evaluation,hybrid previous state | moment-matched | development-recalibrated gamma,hybrid previous state,moment-matched,development-recalibrated gamma,current-frame truth,current forecast before Y_n
above_camera_ceiling,76,2.2954859735470325,1.2903631307747405,-0.37916621545946105,1.01437387779531,0.8026315789473685,3.915960163097995,1.0,0.0,0.25561400663764305,2.0800313316326187,1.2045806727543569,0.6589236157000016,0.15789473684210525,1.049671459495267,SpiralScanPath_5,Spiral,5,evaluation,hybrid previous state | moment-matched | development-recalibrated gamma,hybrid previous state,moment-matched,development-recalibrated gamma,current-frame truth,current forecast before Y_n
current_top_1pct,26,3.7757752714250685,2.676568231997847,-1.937499982675969,1.1636291705376793,0.5384615384615384,4.492371943561396,1.0,0.0,1.5696638943479262,3.3833769702391936,2.3728338222918643,1.3598477732637617,0.4230769230769231,2.2487156127438843,SpiralScanPath_5,Spiral,5,evaluation,hybrid previous state | moment-matched | development-recalibrated gamma,hybrid previous state,moment-matched,development-recalibrated gamma,current-frame truth,current forecast before Y_n
overall,2501,0.4489881943703041,0.1764254631262418,0.05514250194683468,0.6682113075242647,0.9928028788484606,2.5609520643354,1.0,0.0,-0.08711445252487109,0.4983126489745748,0.25101212876099416,0.13842317852907934,0.006397441023590564,0.20713294585225478,SpiralScanPath_5,Spiral,5,evaluation,hybrid previous state | moment-matched | development-recalibrated gamma,hybrid previous state,moment-matched,development-recalibrated gamma,current-frame truth,current posterior after Y_n
above_camera_ceiling,76,2.2655598039441407,1.3183597170892742,-0.23809856404179636,0.9562261811661077,0.8157894736842105,3.7103334709648634,1.0,0.0,0.12899464862477872,2.1662843207996048,1.3053597275556985,0.666092861776092,0.18421052631578946,1.0557083841081325,SpiralScanPath_5,Spiral,5,evaluation,hybrid previous state | moment-matched | development-recalibrated gamma,hybrid previous state,moment-matched,development-recalibrated gamma,current-frame truth,current posterior after Y_n
current_top_1pct,26,3.668473895821394,2.5563587366415956,-1.783695038640712,1.1069548643511131,0.5769230769230769,4.323292532203431,1.0,0.0,1.5263378885782264,3.462602127306272,2.388508948149087,1.3263416427624224,0.4230769230769231,2.17610491165798,SpiralScanPath_5,Spiral,5,evaluation,hybrid previous state | moment-matched | development-recalibrated gamma,hybrid previous state,moment-matched,development-recalibrated gamma,current-frame truth,current posterior after Y_n
overall,2501,0.48587294898052324,0.13815692302980195,0.004691988769448552,0.7159318740849034,0.9824070371851259,2.731990799798716,1.0,0.0,-0.0065536805096794975,0.6786580770713146,0.19297495757734304,0.020760635743154517,0.01719312275089964,0.2286752213060824,SpiralScanPath_5,Spiral,5,evaluation,coherent latent previous state | mean-only | fixed gamma,coherent latent previous state,mean-only,fixed gamma,current-frame truth,current forecast before Y_n
above_camera_ceiling,76,2.3304723907736027,1.348339992181911,-0.27722492613046024,0.7159318740849034,0.7368421052631579,2.7643095120191497,1.0,0.0,0.38722249443748563,3.255159429453238,1.8833356091392701,0.9217934293322815,0.2631578947368421,1.1306869634366195,SpiralScanPath_5,Spiral,5,evaluation,coherent latent previous state | mean-only | fixed gamma,coherent latent previous state,mean-only,fixed gamma,current-frame truth,current forecast before Y_n
current_top_1pct,26,3.8095434126312733,2.7084578678151208,-1.8733162149731823,0.7159318740849037,0.5,2.758596467289373,1.0,0.0,2.616612393976222,5.32109764982959,3.7831223414616693,2.2711677480609556,0.5,2.3947203544884808,SpiralScanPath_5,Spiral,5,evaluation,coherent latent previous state | mean-only | fixed gamma,coherent latent previous state,mean-only,fixed gamma,current-frame truth,current forecast before Y_n
overall,2501,0.488938962070009,0.15754379642708227,-0.01933861413000488,0.6589251096435347,0.9792083166733306,2.524859481585548,1.0,0.0,0.02652407692220859,0.7039075483946589,0.23985470067224557,0.06378742379633591,0.019992003198720514,0.21981615982537958,SpiralScanPath_5,Spiral,5,evaluation,coherent latent previous state | mean-only | fixed gamma,coherent latent previous state,mean-only,fixed gamma,current-frame truth,current posterior after Y_n
above_camera_ceiling,76,2.3289772021171435,1.3683770226344687,-0.2354348290449532,0.6954461566846986,0.7368421052631579,2.609729859548659,1.0,0.0,0.30833239735001355,3.2960643422417157,1.9486338862685237,1.034883194817973,0.27631578947368424,1.13956018495999,SpiralScanPath_5,Spiral,5,evaluation,coherent latent previous state | mean-only | fixed gamma,coherent latent previous state,mean-only,fixed gamma,current-frame truth,current posterior after Y_n
current_top_1pct,26,3.787110068286196,2.676981807268095,-1.844371793362051,0.7084353635476875,0.5,2.6407677282893256,1.0,0.0,2.57985832509683,5.345673540384914,3.779582611564101,2.1376976643819763,0.5,2.3588831404606316,SpiralScanPath_5,Spiral,5,evaluation,coherent latent previous state | mean-only | fixed gamma,coherent latent previous state,mean-only,fixed gamma,current-frame truth,current posterior after Y_n
overall,2501,0.48587294898052324,0.13815692302980195,0.004691988769448552,2.635816963075176,0.9944022391043582,10.05637179859413,1.0,0.0,-0.010084210590506367,0.3906528771455196,0.08384236694107927,0.005046101305200016,0.003998400639744102,0.6531634516143309,SpiralScanPath_5,Spiral,5,evaluation,coherent latent previous state | moment-matched | fixed gamma,coherent latent previous state,moment-matched,fixed gamma,current-frame truth,current forecast before Y_n
above_camera_ceiling,76,2.3304723907736027,1.348339992181911,-0.27722492613046024,1.1784708253689518,0.8289473684210527,4.553825009317613,1.0,0.0,0.19771900403351,2.072743688928142,1.1578624632364958,0.5914252116282224,0.13157894736842105,1.0900226579778787,SpiralScanPath_5,Spiral,5,evaluation,coherent latent previous state | moment-matched | fixed gamma,coherent latent previous state,moment-matched,fixed gamma,current-frame truth,current forecast before Y_n
current_top_1pct,26,3.8095434126312733,2.7084578678151208,-1.8733162149731823,1.2380691316495231,0.5769230769230769,4.773447700866963,1.0,0.0,1.4778703978108196,3.409330193810597,2.340648237038077,1.3485955304001525,0.38461538461538464,2.275353633193732,SpiralScanPath_5,Spiral,5,evaluation,coherent latent previous state | moment-matched | fixed gamma,coherent latent previous state,moment-matched,fixed gamma,current-frame truth,current forecast before Y_n
overall,2501,0.5727662197466524,0.3278807309351221,0.006291714894233706,2.022461807427277,0.9924030387844862,7.747086826200225,1.0,0.0,-0.010417890133379452,0.47917460972797354,0.19916712454794094,0.11005957882366844,0.005597760895641743,0.5340159370635039,SpiralScanPath_5,Spiral,5,evaluation,coherent latent previous state | moment-matched | fixed gamma,coherent latent previous state,moment-matched,fixed gamma,current-frame truth,current posterior after Y_n
above_camera_ceiling,76,2.2977341507187394,1.3994959179178235,-0.05317762752676234,0.9995296000825434,0.8157894736842105,3.8585097513162316,1.0,0.0,0.02302484773037317,2.345643505044812,1.40105080334285,0.7101441851850637,0.14473684210526316,1.1119308393275247,SpiralScanPath_5,Spiral,5,evaluation,coherent latent previous state | moment-matched | fixed gamma,coherent latent previous state,moment-matched,fixed gamma,current-frame truth,current posterior after Y_n
current_top_1pct,26,3.6446360439207,2.5009101206902926,-1.6114421507689873,1.0467568429234837,0.6153846153846154,4.09996054881377,1.0,0.0,1.5141873047986745,3.7583413302918918,2.524451544649405,1.398347479628213,0.38461538461538464,2.1566103250752064,SpiralScanPath_5,Spiral,5,evaluation,coherent latent previous state | moment-matched | fixed gamma,coherent latent previous state,moment-matched,fixed gamma,current-frame truth,current posterior after Y_n
overall,2501,0.48370717676892777,0.13800401804299647,0.003965438508836357,0.7159318740849034,0.9824070371851259,2.731990799798716,1.0,0.0,-0.005538848949706194,0.6756329677138585,0.19276138280530078,0.020743249176707078,0.01719312275089964,0.22852489845492654,SpiralScanPath_5,Spiral,5,evaluation,coherent latent previous state | mean-only | development-recalibrated gamma,coherent latent previous state,mean-only,development-recalibrated gamma,current-frame truth,current forecast before Y_n
above_camera_ceiling,76,2.3160153775072154,1.3437814444347216,-0.3006609321643683,0.7159318740849034,0.7368421052631579,2.7643095120191497,1.0,0.0,0.41995746110434,3.2349661487938666,1.8769683165068303,0.9217934293322815,0.2631578947368421,1.1262133883375836,SpiralScanPath_5,Spiral,5,evaluation,coherent latent previous state | mean-only | development-recalibrated gamma,coherent latent previous state,mean-only,development-recalibrated gamma,current-frame truth,current forecast before Y_n
current_top_1pct,26,3.7842735735303346,2.6980606632008017,-1.938670758107474,0.7159318740849037,0.5,2.758596467289373,1.0,0.0,2.7078983745282494,5.285801220077472,3.768599724169893,2.2711677480609556,0.5,2.3833106590975834,SpiralScanPath_5,Spiral,5,evaluation,coherent latent previous state | mean-only | development-recalibrated gamma,coherent latent previous state,mean-only,development-recalibrated gamma,current-frame truth,current forecast before Y_n
overall,2501,0.4867975594759469,0.15738857395596195,-0.020065164390617167,0.6589251096435347,0.9792083166733306,2.524859481585548,1.0,0.0,0.027571908392475416,0.7006035063855133,0.23961660352269104,0.06377476211217413,0.019992003198720514,0.2196679957902035,SpiralScanPath_5,Spiral,5,evaluation,coherent latent previous state | mean-only | development-recalibrated gamma,coherent latent previous state,mean-only,development-recalibrated gamma,current-frame truth,current posterior after Y_n
above_camera_ceiling,76,2.3145849090333392,1.363742211357392,-0.2588708350788642,0.6954461566846986,0.7368421052631579,2.609729859548659,1.0,0.0,0.34214223307715697,3.2734106355966297,1.94147070233219,1.034883194817973,0.27631578947368424,1.1351576519499758,SpiralScanPath_5,Spiral,5,evaluation,coherent latent previous state | mean-only | development-recalibrated gamma,coherent latent previous state,mean-only,development-recalibrated gamma,current-frame truth,current posterior after Y_n
current_top_1pct,26,3.7618509368911455,2.666584602653776,-1.909726336496347,0.7084353635476875,0.5,2.6407677282893256,1.0,0.0,2.6733967334469693,5.306180542785295,3.763934416140942,2.1376976643819763,0.5,2.3478166039537407,SpiralScanPath_5,Spiral,5,evaluation,coherent latent previous state | mean-only | development-recalibrated gamma,coherent latent previous state,mean-only,development-recalibrated gamma,current-frame truth,current posterior after Y_n
overall,2501,0.48370717676892777,0.13800401804299647,0.003965438508836357,2.635816963075176,0.9944022391043582,10.05637179859413,1.0,0.0,-0.009391124014731234,0.38562308007594465,0.08363274667458705,0.0050179910244185204,0.003998400639744102,0.6530124992001032,SpiralScanPath_5,Spiral,5,evaluation,coherent latent previous state | moment-matched | development-recalibrated gamma,coherent latent previous state,moment-matched,development-recalibrated gamma,current-frame truth,current forecast before Y_n
above_camera_ceiling,76,2.3160153775072154,1.3437814444347216,-0.3006609321643683,1.1784708253689518,0.8289473684210527,4.553825009317613,1.0,0.0,0.22012196249651092,2.0418594858588115,1.151369363188186,0.5914252116282224,0.13157894736842105,1.0855107271043516,SpiralScanPath_5,Spiral,5,evaluation,coherent latent previous state | moment-matched | development-recalibrated gamma,coherent latent previous state,moment-matched,development-recalibrated gamma,current-frame truth,current forecast before Y_n
current_top_1pct,26,3.7842735735303346,2.6980606632008017,-1.938670758107474,1.2380691316495231,0.5769230769230769,4.773447700866963,1.0,0.0,1.5413811995571907,3.354712657247126,2.323519323688262,1.3485955304001525,0.38461538461538464,2.263176091775996,SpiralScanPath_5,Spiral,5,evaluation,coherent latent previous state | moment-matched | development-recalibrated gamma,coherent latent previous state,moment-matched,development-recalibrated gamma,current-frame truth,current forecast before Y_n
overall,2501,0.5706873900114527,0.32772550846400184,0.005565164633621533,2.022461807427277,0.9924030387844862,7.747086826200225,1.0,0.0,-0.009628395452174308,0.47425461262123764,0.19894123214315762,0.11005957882366844,0.005597760895641743,0.533855831931998,SpiralScanPath_5,Spiral,5,evaluation,coherent latent previous state | moment-matched | development-recalibrated gamma,coherent latent previous state,moment-matched,development-recalibrated gamma,current-frame truth,current posterior after Y_n
above_camera_ceiling,76,2.281069559792531,1.3948611066407473,-0.07661363356066961,0.9995296000825434,0.8157894736842105,3.8585097513162316,1.0,0.0,0.04853761539603646,2.312910069742599,1.3940850000631209,0.7101441851850637,0.14473684210526316,1.1071090592284794,SpiralScanPath_5,Spiral,5,evaluation,coherent latent previous state | moment-matched | development-recalibrated gamma,coherent latent previous state,moment-matched,development-recalibrated gamma,current-frame truth,current posterior after Y_n
current_top_1pct,26,3.6146334631488495,2.4905129160759714,-1.676796693903277,1.0467568429234837,0.6153846153846154,4.09996054881377,1.0,0.0,1.5858596314008433,3.6992071486637217,2.5069934216368903,1.398347479628213,0.38461538461538464,2.144197743713398,SpiralScanPath_5,Spiral,5,evaluation,coherent latent previous state | moment-matched | development-recalibrated gamma,coherent latent previous state,moment-matched,development-recalibrated gamma,current-frame truth,current posterior after Y_n
overall,2501,0.7328648327324537,0.0317654511545312,0.029124933652668165,0.7159318740849034,0.9972011195521792,2.7319907997987163,1.0,0.0,-0.04068115236508409,1.0236516339898873,0.044369376897953394,4.5057197973297924e-07,0.0027988804478208716,0.19262584771998065,SpiralScanPath_5,Spiral,5,evaluation,strict oracle | exact previous state | fixed gamma,true previous state,exact state; innovation only,fixed gamma,current-frame truth,current forecast before Y_n
above_camera_ceiling,76,4.202927611716743,0.985168149477515,0.9776942926236948,0.7159318740849034,0.9078947368421053,2.7643095120191497,1.0,0.0,-1.3656247584637478,5.870569203374105,1.3760640993065802,0.08098819985748029,0.09210526315789473,1.0047195109305087,SpiralScanPath_5,Spiral,5,evaluation,strict oracle | exact previous state | fixed gamma,true previous state,exact state; innovation only,fixed gamma,current-frame truth,current forecast before Y_n
current_top_1pct,26,7.18344386605402,2.7582773192430636,2.7566658416482097,0.7159318740849037,0.7307692307692307,2.758596467289373,1.0,0.0,-3.850458320733031,10.033697515194191,3.8527092019316282,0.4311919447572684,0.2692307692307692,2.5973584091480926,SpiralScanPath_5,Spiral,5,evaluation,strict oracle | exact previous state | fixed gamma,true previous state,exact state; innovation only,fixed gamma,current-frame truth,current forecast before Y_n
overall,2501,0.7381109618042968,0.0825084409426374,0.026653404655774024,0.6586961743367556,0.9972011195521792,2.523207493934938,1.0,0.0,-0.03644291359236716,1.0531214245984961,0.13047299821481584,0.04754598887146486,0.0027988804478208716,0.18422818600234445,SpiralScanPath_5,Spiral,5,evaluation,strict oracle | exact previous state | fixed gamma,true previous state,exact state; innovation only,fixed gamma,current-frame truth,current posterior after Y_n
above_camera_ceiling,76,4.2071614363954755,1.0245999281468332,1.012322868415962,0.6895069078823783,0.9078947368421053,2.646019306498643,1.0,0.0,-1.4452704689630498,5.979890470056168,1.4627662518437758,0.17507859040507695,0.09210526315789473,1.0040267838083494,SpiralScanPath_5,Spiral,5,evaluation,strict oracle | exact previous state | fixed gamma,true previous state,exact state; innovation only,fixed gamma,current-frame truth,current posterior after Y_n
current_top_1pct,26,7.1876081465926775,2.738747342438352,2.735300248036306,0.7046820026342492,0.7307692307692307,2.672725271514631,1.0,0.0,-3.8849543421096864,10.214739543829019,3.889786816272838,0.402764434357572,0.2692307692307692,2.580839211312427,SpiralScanPath_5,Spiral,5,evaluation,strict oracle | exact previous state | fixed gamma,true previous state,exact state; innovation only,fixed gamma,current-frame truth,current posterior after Y_n
overall,2501,0.4778441726320568,0.023824370830207768,0.007162239898169188,0.7159318740849034,0.9976009596161536,2.7319907997987163,1.0,0.0,-0.010004080216883605,0.6674436352520722,0.03327742721423016,4.5057197973297924e-07,0.0023990403838464614,0.18478120145770544,SpiralScanPath_5,Spiral,5,evaluation,recalibrated oracle | exact previous state | development-recalibrated gamma,true previous state,exact state; innovation only,development-recalibrated gamma,current-frame truth,current forecast before Y_n
above_camera_ceiling,76,2.7405692133679245,0.7299355229708272,0.26925352636810523,0.7159318740849034,0.9210526315789473,2.7643095120191497,1.0,0.0,-0.3760881951404416,3.827974857064285,1.0195600299313714,0.08098819985748029,0.07894736842105263,0.748484896003648,SpiralScanPath_5,Spiral,5,evaluation,recalibrated oracle | exact previous state | development-recalibrated gamma,true previous state,exact state; innovation only,development-recalibrated gamma,current-frame truth,current forecast before Y_n
current_top_1pct,26,4.678599506344039,1.9990064824070477,0.7810808145171984,0.7159318740849037,0.7692307692307693,2.758596467289373,1.0,0.0,-1.090998798615535,6.534978642100793,2.792174164563013,0.4311919447572684,0.23076923076923078,1.8332734616140007,SpiralScanPath_5,Spiral,5,evaluation,recalibrated oracle | exact previous state | development-recalibrated gamma,true previous state,exact state; innovation only,development-recalibrated gamma,current-frame truth,current forecast before Y_n
overall,2501,0.484781411901061,0.07439851151359195,0.00469071090127507,0.6586961743367556,0.9972011195521792,2.523207493934938,1.0,0.0,-0.004768288129027373,0.6979666651152258,0.11904812363672974,0.04754598887146486,0.0023990403838464614,0.17629528528915794,SpiralScanPath_5,Spiral,5,evaluation,recalibrated oracle | exact previous state | development-recalibrated gamma,true previous state,exact state; innovation only,development-recalibrated gamma,current-frame truth,current posterior after Y_n
above_camera_ceiling,76,2.740959806535646,0.764477088298199,0.3038821021603731,0.6895069078823783,0.9078947368421053,2.646019306498643,1.0,0.0,-0.42324171788304643,3.912575914468299,1.096395283786628,0.17303273214641296,0.07894736842105263,0.7473723180443821,SpiralScanPath_5,Spiral,5,evaluation,recalibrated oracle | exact previous state | development-recalibrated gamma,true previous state,exact state; innovation only,development-recalibrated gamma,current-frame truth,current posterior after Y_n
current_top_1pct,26,4.6767443677132094,1.981327536808679,0.7597152209052944,0.7046820026342492,0.7692307692307693,2.672725271514631,1.0,0.0,-1.0574060274936454,6.671364617622965,2.818070246134163,0.402764434357572,0.23076923076923078,1.8266138507548615,SpiralScanPath_5,Spiral,5,evaluation,recalibrated oracle | exact previous state | development-recalibrated gamma,true previous state,exact state; innovation only,development-recalibrated gamma,current-frame truth,current posterior after Y_n
overall,2501,0.47982291776175184,0.15416925083452157,0.05712833634213455,0.7159318740849122,0.9908036785285885,2.7394383454667834,1.0,0.0,-0.07979577165097544,0.6702075087452288,0.21534067194811962,0.0704347565709373,0.008396641343462616,0.21923235013831427,SpiralScanPath_6,Spiral,6,evaluation,hybrid previous state | mean-only | fixed gamma,hybrid previous state,mean-only,fixed gamma,current-frame truth,current forecast before Y_n
above_camera_ceiling,76,2.5317277211289393,1.4382383070699398,-0.7251105796556861,0.715931874084912,0.7105263157894737,2.7404997676384255,1.0,0.0,1.0128206410456384,3.536269040074429,2.008903862407667,0.8160269292701045,0.2631578947368421,1.241761911843192,SpiralScanPath_6,Spiral,6,evaluation,hybrid previous state | mean-only | fixed gamma,hybrid previous state,mean-only,fixed gamma,current-frame truth,current forecast before Y_n
current_top_1pct,26,4.26030750344824,3.3761659789422165,-2.4911473819981085,0.7159318740849122,0.23076923076923078,2.7388388415164595,1.0,0.0,3.4795871956144375,5.950716342799609,4.715764308241695,3.384695580237291,0.7307692307692307,3.004360314315475,SpiralScanPath_6,Spiral,6,evaluation,hybrid previous state | mean-only | fixed gamma,hybrid previous state,mean-only,fixed gamma,current-frame truth,current forecast before Y_n
overall,2501,0.48218679565315614,0.17581031606170666,0.04240231125440103,0.6581050976686399,0.9900039984006398,2.5174911649072453,1.0,0.0,-0.06646875673587832,0.7017437790178612,0.27050179955538534,0.14133281956507804,0.008796481407437025,0.20906034597064205,SpiralScanPath_6,Spiral,6,evaluation,hybrid previous state | mean-only | fixed gamma,hybrid previous state,mean-only,fixed gamma,current-frame truth,current posterior after Y_n
above_camera_ceiling,76,2.523613954617748,1.4333927501101749,-0.7009488544346979,0.6833542757396036,0.7105263157894737,2.6069735609229516,1.0,0.0,0.9982926893394231,3.607420254346709,2.072412904220342,0.8752847852554493,0.2631578947368421,1.2358526828680199,SpiralScanPath_6,Spiral,6,evaluation,hybrid previous state | mean-only | fixed gamma,hybrid previous state,mean-only,fixed gamma,current-frame truth,current posterior after Y_n
current_top_1pct,26,4.245865391148826,3.3546885470904066,-2.4586873127882187,0.6957647935806364,0.19230769230769232,2.597476190270752,1.0,0.0,3.524243545603432,6.060623682755671,4.815716478405255,3.6438441832664044,0.7307692307692307,3.006003278192232,SpiralScanPath_6,Spiral,6,evaluation,hybrid previous state | mean-only | fixed gamma,hybrid previous state,mean-only,fixed gamma,current-frame truth,current posterior after Y_n
overall,2501,0.47982291776175184,0.15416925083452157,0.05712833634213455,0.7207487297884665,0.9924030387844862,2.7580484984275584,1.0,0.0,-0.0835532749107515,0.5836628998360988,0.2055010502368542,0.0704347565709373,0.007197121151539384,0.21895431927060133,SpiralScanPath_6,Spiral,6,evaluation,hybrid previous state | moment-matched | fixed gamma,hybrid previous state,moment-matched,fixed gamma,current-frame truth,current forecast before Y_n
above_camera_ceiling,76,2.5317277211289393,1.4382383070699398,-0.7251105796556861,0.8485881477903863,0.7631578947368421,3.253856925985018,1.0,0.0,0.8781540288212826,2.994387755737831,1.7029204752741205,0.6793042910078833,0.2236842105263158,1.2300863484569642,SpiralScanPath_6,Spiral,6,evaluation,hybrid previous state | moment-matched | fixed gamma,hybrid previous state,moment-matched,fixed gamma,current-frame truth,current forecast before Y_n
current_top_1pct,26,4.26030750344824,3.3761659789422165,-2.4911473819981085,0.8660295506247702,0.3076923076923077,3.314235396009193,1.0,0.0,2.9765420577642505,5.0398189731165175,3.996189831085307,3.0310679396338447,0.6538461538461539,2.9509360307763433,SpiralScanPath_6,Spiral,6,evaluation,hybrid previous state | moment-matched | fixed gamma,hybrid previous state,moment-matched,fixed gamma,current-frame truth,current forecast before Y_n
overall,2501,0.48129791709524444,0.17572653022042992,0.04316256823613083,0.6617166450357009,0.9920031987205118,2.5315462701977722,1.0,0.0,-0.07046102305823852,0.625931574654704,0.26178950245096794,0.14122894195055538,0.008396641343462616,0.20850429568989548,SpiralScanPath_6,Spiral,6,evaluation,hybrid previous state | moment-matched | fixed gamma,hybrid previous state,moment-matched,fixed gamma,current-frame truth,current posterior after Y_n
above_camera_ceiling,76,2.5177149367303358,1.429954978147823,-0.6828133138734978,0.7826399483297508,0.7631578947368421,2.9588955311456258,1.0,0.0,0.8707938232650774,3.11991139553603,1.8017869960451711,0.8180555273887653,0.25,1.2122757886390012,SpiralScanPath_6,Spiral,6,evaluation,hybrid previous state | moment-matched | fixed gamma,hybrid previous state,moment-matched,fixed gamma,current-frame truth,current posterior after Y_n
current_top_1pct,26,4.2340510275804935,3.336698090955917,-2.4380183906029695,0.8072098121567086,0.3076923076923077,3.0719938849182493,1.0,0.0,3.087735234551021,5.239084441579107,4.171460260959231,3.208131452039508,0.6923076923076923,2.932219252626456,SpiralScanPath_6,Spiral,6,evaluation,hybrid previous state | moment-matched | fixed gamma,hybrid previous state,moment-matched,fixed gamma,current-frame truth,current posterior after Y_n
overall,2501,0.4775502910122113,0.1539574315018809,0.05659905783273832,0.7159318740849122,0.991203518592563,2.7394383454667834,1.0,0.0,-0.07905648551418659,0.6670331470052303,0.215044806740398,0.0704347565709373,0.008396641343462616,0.21903097090179705,SpiralScanPath_6,Spiral,6,evaluation,hybrid previous state | mean-only | development-recalibrated gamma,hybrid previous state,mean-only,development-recalibrated gamma,current-frame truth,current forecast before Y_n
above_camera_ceiling,76,2.5175475839281862,1.431267778768172,-0.7425280211293701,0.715931874084912,0.7236842105263158,2.7404997676384255,1.0,0.0,1.0371489914154925,3.5164624946277994,1.999167561295669,0.8160269292701045,0.2631578947368421,1.2351349451256965,SpiralScanPath_6,Spiral,6,evaluation,hybrid previous state | mean-only | development-recalibrated gamma,hybrid previous state,mean-only,development-recalibrated gamma,current-frame truth,current forecast before Y_n
current_top_1pct,26,4.236696800082985,3.3601744734692782,-2.5376760182812634,0.7159318740849122,0.23076923076923078,2.7388388415164595,1.0,0.0,3.544577508194984,5.917737362229101,4.69342767810719,3.384695580237291,0.7307692307692307,2.98836880884254,SpiralScanPath_6,Spiral,6,evaluation,hybrid previous state | mean-only | development-recalibrated gamma,hybrid previous state,mean-only,development-recalibrated gamma,current-frame truth,current forecast before Y_n
overall,2501,0.47986859353689626,0.17559849672906605,0.04187303274500482,0.6581050976686399,0.9900039984006398,2.5174911649072453,1.0,0.0,-0.06570378470556536,0.6982916243413276,0.27018671164228647,0.14133281956507804,0.008796481407437025,0.20885683166301047,SpiralScanPath_6,Spiral,6,evaluation,hybrid previous state | mean-only | development-recalibrated gamma,hybrid previous state,mean-only,development-recalibrated gamma,current-frame truth,current posterior after Y_n
above_camera_ceiling,76,2.509030674779344,1.4264222218084093,-0.7183662959083811,0.6833542757396036,0.7105263157894737,2.6069735609229516,1.0,0.0,1.0234663083895899,3.585307862616972,2.0620440243432334,0.8661522092482569,0.2631578947368421,1.229155455455038,SpiralScanPath_6,Spiral,6,evaluation,hybrid previous state | mean-only | development-recalibrated gamma,hybrid previous state,mean-only,development-recalibrated gamma,current-frame truth,current posterior after Y_n
current_top_1pct,26,4.22161539463524,3.3386970416174746,-2.5052159490713715,0.6957647935806364,0.19230769230769232,2.597476190270752,1.0,0.0,3.5909386964499608,6.023919064693894,4.792296718987664,3.6438441832664044,0.7307692307692307,2.9900117727192916,SpiralScanPath_6,Spiral,6,evaluation,hybrid previous state | mean-only | development-recalibrated gamma,hybrid previous state,mean-only,development-recalibrated gamma,current-frame truth,current posterior after Y_n
overall,2501,0.4775502910122113,0.1539574315018809,0.05659905783273832,0.7207487297884665,0.9924030387844862,2.7580484984275584,1.0,0.0,-0.08293438511198928,0.5814552506659741,0.20526281722439899,0.0704347565709373,0.007197121151539384,0.21875489710202106,SpiralScanPath_6,Spiral,6,evaluation,hybrid previous state | moment-matched | development-recalibrated gamma,hybrid previous state,moment-matched,development-recalibrated gamma,current-frame truth,current forecast before Y_n
above_camera_ceiling,76,2.5175475839281862,1.431267778768172,-0.7425280211293701,0.8485881477903863,0.7631578947368421,3.253856925985018,1.0,0.0,0.8985203891726549,2.9802203378956253,1.6950807283774048,0.6793042910078833,0.2236842105263158,1.2235237847251308,SpiralScanPath_6,Spiral,6,evaluation,hybrid previous state | moment-matched | development-recalibrated gamma,hybrid previous state,moment-matched,development-recalibrated gamma,current-frame truth,current forecast before Y_n
current_top_1pct,26,4.236696800082985,3.3601744734692782,-2.5376760182812634,0.8660295506247702,0.3076923076923077,3.314235396009193,1.0,0.0,3.0307334213927075,5.016478666556372,3.9786147221704606,3.0611865571991053,0.6538461538461539,2.934923766594542,SpiralScanPath_6,Spiral,6,evaluation,hybrid previous state | moment-matched | development-recalibrated gamma,hybrid previous state,moment-matched,development-recalibrated gamma,current-frame truth,current forecast before Y_n
overall,2501,0.4789423188699044,0.1755147108877892,0.042633289726734594,0.6617166450357009,0.9920031987205118,2.5315462701977722,1.0,0.0,-0.06981381261800097,0.623493304604081,0.26153376976725806,0.14122894195055538,0.008396641343462616,0.20830309229117863,SpiralScanPath_6,Spiral,6,evaluation,hybrid previous state | moment-matched | development-recalibrated gamma,hybrid previous state,moment-matched,development-recalibrated gamma,current-frame truth,current posterior after Y_n
above_camera_ceiling,76,2.5028888934134907,1.4229844498460535,-0.7002307553471818,0.7826399483297508,0.7631578947368421,2.9588955311456258,1.0,0.0,0.8920921563049997,3.1038033676472536,1.7933713718088762,0.7945252195521711,0.25,1.2056546083733313,SpiralScanPath_6,Spiral,6,evaluation,hybrid previous state | moment-matched | development-recalibrated gamma,hybrid previous state,moment-matched,development-recalibrated gamma,current-frame truth,current posterior after Y_n
current_top_1pct,26,4.209396359003965,3.320706585482974,-2.4845470268861245,0.8072098121567086,0.3076923076923077,3.0719938849182493,1.0,0.0,3.143992043799724,5.212628555144462,4.152860600521131,3.208131452039508,0.6923076923076923,2.916227747153521,SpiralScanPath_6,Spiral,6,evaluation,hybrid previous state | moment-matched | development-recalibrated gamma,hybrid previous state,moment-matched,development-recalibrated gamma,current-frame truth,current posterior after Y_n
overall,2501,0.5512215607428382,0.1710285343298857,-0.0425590331657696,0.7159318740849122,0.9696121551379449,2.7394383454667834,1.0,0.0,0.059445646584973734,0.769935772795976,0.23888939788927613,0.02441556035118141,0.026789284286285485,0.24790742606567537,SpiralScanPath_6,Spiral,6,evaluation,coherent latent previous state | mean-only | fixed gamma,coherent latent previous state,mean-only,fixed gamma,current-frame truth,current forecast before Y_n
above_camera_ceiling,76,2.5567470405163317,1.4873961235119895,-0.6395618853534586,0.715931874084912,0.6973684210526315,2.7404997676384255,1.0,0.0,0.8933278549316328,3.5712155486641897,2.0775665637364527,0.9517019982649575,0.2894736842105263,1.2801058013661177,SpiralScanPath_6,Spiral,6,evaluation,coherent latent previous state | mean-only | fixed gamma,coherent latent previous state,mean-only,fixed gamma,current-frame truth,current forecast before Y_n
current_top_1pct,26,4.261657079572115,3.379077330409042,-2.4936383027852767,0.7159318740849122,0.23076923076923078,2.7388388415164595,1.0,0.0,3.4830664663067115,5.952601405013945,4.719830828496219,3.3730097775267818,0.7307692307692307,3.0067960251259387,SpiralScanPath_6,Spiral,6,evaluation,coherent latent previous state | mean-only | fixed gamma,coherent latent previous state,mean-only,fixed gamma,current-frame truth,current forecast before Y_n
overall,2501,0.5526356913474253,0.18518278677477465,-0.05732420213684459,0.6581038199659072,0.9684126349460216,2.5177148813162704,1.0,0.0,0.07796047935028991,0.8012234653729903,0.2827036971031485,0.06982859398708478,0.029988004798080767,0.23778830806084722,SpiralScanPath_6,Spiral,6,evaluation,coherent latent previous state | mean-only | fixed gamma,coherent latent previous state,mean-only,fixed gamma,current-frame truth,current posterior after Y_n
above_camera_ceiling,76,2.5499800159968604,1.4703524224460214,-0.6229581944973979,0.6833303152976055,0.6842105263157895,2.6122348994133584,1.0,0.0,0.8703656219840218,3.6434510748332225,2.1245940569255963,0.8712147220186011,0.2894736842105263,1.2725868890789742,SpiralScanPath_6,Spiral,6,evaluation,coherent latent previous state | mean-only | fixed gamma,coherent latent previous state,mean-only,fixed gamma,current-frame truth,current posterior after Y_n
current_top_1pct,26,4.253180388845128,3.3662743948047082,-2.469958271416177,0.6976853381314724,0.19230769230769232,2.624568857661759,1.0,0.0,3.5273028399376405,6.06049374694054,4.819229645574887,3.6492772468675234,0.7307692307692307,3.015962521271665,SpiralScanPath_6,Spiral,6,evaluation,coherent latent previous state | mean-only | fixed gamma,coherent latent previous state,mean-only,fixed gamma,current-frame truth,current posterior after Y_n
overall,2501,0.5512215607428382,0.1710285343298857,-0.0425590331657696,2.6479138794122083,0.9928028788484606,10.136401942797955,1.0,0.0,0.022108306328432963,0.5409531609673798,0.10822397761495624,0.006410078305222915,0.007197121151539384,0.668503538390734,SpiralScanPath_6,Spiral,6,evaluation,coherent latent previous state | moment-matched | fixed gamma,coherent latent previous state,moment-matched,fixed gamma,current-frame truth,current forecast before Y_n
above_camera_ceiling,76,2.5567470405163317,1.4873961235119895,-0.6395618853534586,0.9736774985626765,0.7631578947368421,3.7284659920730037,1.0,0.0,0.7814261032721741,2.9781105982939944,1.6732705834395019,0.6316111353898609,0.23684210526315788,1.2750019129085557,SpiralScanPath_6,Spiral,6,evaluation,coherent latent previous state | moment-matched | fixed gamma,coherent latent previous state,moment-matched,fixed gamma,current-frame truth,current forecast before Y_n
current_top_1pct,26,4.261657079572115,3.379077330409042,-2.4936383027852767,0.9149624079194791,0.34615384615384615,3.5025792373905937,1.0,0.0,2.900742773316348,4.997998191110111,3.911529504183717,2.6965079181074225,0.6538461538461539,2.94322588829193,SpiralScanPath_6,Spiral,6,evaluation,coherent latent previous state | moment-matched | fixed gamma,coherent latent previous state,moment-matched,fixed gamma,current-frame truth,current forecast before Y_n
overall,2501,0.6084558882373166,0.3283213239951242,-0.056838393552412506,2.033235063085797,0.991203518592563,7.780833859377821,1.0,0.0,0.029914074812666332,0.6130643703756655,0.21111478155761607,0.10824432698229867,0.008396641343462616,0.54289146538244,SpiralScanPath_6,Spiral,6,evaluation,coherent latent previous state | moment-matched | fixed gamma,coherent latent previous state,moment-matched,fixed gamma,current-frame truth,current posterior after Y_n
above_camera_ceiling,76,2.5368980114222848,1.4754101039429792,-0.5737762116319329,0.8432274390500538,0.7105263157894737,3.2299718306548995,1.0,0.0,0.7591496039801452,3.2328559047827095,1.8522731859398192,0.7777256348851417,0.27631578947368424,1.261900064960239,SpiralScanPath_6,Spiral,6,evaluation,coherent latent previous state | moment-matched | fixed gamma,coherent latent previous state,moment-matched,fixed gamma,current-frame truth,current posterior after Y_n
current_top_1pct,26,4.2205443278941726,3.3253239449246665,-2.4190432098849066,0.8106242520637049,0.2692307692307692,3.1146992428477587,1.0,0.0,3.104773417040231,5.401154498292841,4.24718565829355,3.02211559267357,0.6923076923076923,2.94304560646894,SpiralScanPath_6,Spiral,6,evaluation,coherent latent previous state | moment-matched | fixed gamma,coherent latent previous state,moment-matched,fixed gamma,current-frame truth,current posterior after Y_n
overall,2501,0.5484686050046372,0.17073413599682952,-0.04329465398444652,0.7159318740849122,0.9696121551379449,2.7394383454667834,1.0,0.0,0.06047314772761691,0.766090496677044,0.23847818790727543,0.02441556035118141,0.026789284286285485,0.24761439048209077,SpiralScanPath_6,Spiral,6,evaluation,coherent latent previous state | mean-only | development-recalibrated gamma,coherent latent previous state,mean-only,development-recalibrated gamma,current-frame truth,current forecast before Y_n
above_camera_ceiling,76,2.5371894140748883,1.4777080941570742,-0.6637696178207081,0.715931874084912,0.6973684210526315,2.7404997676384255,1.0,0.0,0.9271407543757193,3.543897828711518,2.064034508934034,0.9517019982649575,0.2894736842105263,1.270462617227367,SpiralScanPath_6,Spiral,6,evaluation,coherent latent previous state | mean-only | development-recalibrated gamma,coherent latent previous state,mean-only,development-recalibrated gamma,current-frame truth,current forecast before Y_n
current_top_1pct,26,4.230378159708794,3.3568514433967427,-2.5583063988951684,0.7159318740849122,0.23076923076923078,2.7388388415164595,1.0,0.0,3.5733936307349596,5.908911605752945,4.688786133020538,3.3730097775267818,0.7307692307692307,2.984570138113639,SpiralScanPath_6,Spiral,6,evaluation,coherent latent previous state | mean-only | development-recalibrated gamma,coherent latent previous state,mean-only,development-recalibrated gamma,current-frame truth,current forecast before Y_n
overall,2501,0.5498238883865861,0.18488838844171837,-0.05805982295552148,0.6581038199659072,0.9684126349460216,2.5177148813162704,1.0,0.0,0.07902368008038582,0.7969844040648865,0.28226577023104577,0.06982859398708478,0.029988004798080767,0.2374942977422587,SpiralScanPath_6,Spiral,6,evaluation,coherent latent previous state | mean-only | development-recalibrated gamma,coherent latent previous state,mean-only,development-recalibrated gamma,current-frame truth,current posterior after Y_n
above_camera_ceiling,76,2.5298986004107227,1.4606643930911039,-0.6471659269646466,0.6833303152976055,0.6842105263157895,2.6122348994133584,1.0,0.0,0.9053533196941512,3.612725840841196,2.110182805516004,0.8712147220186011,0.2894736842105263,1.262911628463316,SpiralScanPath_6,Spiral,6,evaluation,coherent latent previous state | mean-only | development-recalibrated gamma,coherent latent previous state,mean-only,development-recalibrated gamma,current-frame truth,current posterior after Y_n
current_top_1pct,26,4.221092769829044,3.344048507792405,-2.534626367526064,0.6976853381314724,0.19230769230769232,2.624568857661759,1.0,0.0,3.6199994740202777,6.011736172643448,4.78667954683228,3.6492772468675234,0.7307692307692307,2.9937366342593688,SpiralScanPath_6,Spiral,6,evaluation,coherent latent previous state | mean-only | development-recalibrated gamma,coherent latent previous state,mean-only,development-recalibrated gamma,current-frame truth,current posterior after Y_n
overall,2501,0.5484686050046372,0.17073413599682952,-0.04329465398444652,2.6479138794122083,0.9928028788484606,10.136401942797955,1.0,0.0,0.022949875754045262,0.5377668113082279,0.1079087252819841,0.006410078305222915,0.007197121151539384,0.668212350077551,SpiralScanPath_6,Spiral,6,evaluation,coherent latent previous state | moment-matched | development-recalibrated gamma,coherent latent previous state,moment-matched,development-recalibrated gamma,current-frame truth,current forecast before Y_n
above_camera_ceiling,76,2.5371894140748883,1.4777080941570742,-0.6637696178207081,0.9736774985626765,0.7631578947368421,3.7284659920730037,1.0,0.0,0.8091203813439682,2.95905937933348,1.66289629285051,0.6316111353898609,0.23684210526315788,1.2654195185497326,SpiralScanPath_6,Spiral,6,evaluation,coherent latent previous state | moment-matched | development-recalibrated gamma,coherent latent previous state,moment-matched,development-recalibrated gamma,current-frame truth,current forecast before Y_n
current_top_1pct,26,4.230378159708794,3.3568514433967427,-2.5583063988951684,0.9149624079194791,0.34615384615384615,3.5025792373905937,1.0,0.0,2.97560521417406,4.967287970376853,3.887294719044966,2.738634275046632,0.6538461538461539,2.9209711496672233,SpiralScanPath_6,Spiral,6,evaluation,coherent latent previous state | moment-matched | development-recalibrated gamma,coherent latent previous state,moment-matched,development-recalibrated gamma,current-frame truth,current forecast before Y_n
overall,2501,0.6058486274001305,0.32802692566206804,-0.057574014371089374,2.033235063085797,0.991203518592563,7.780833859377821,1.0,0.0,0.03083999980231308,0.6091001866780186,0.21075192505211982,0.10824432698229867,0.008396641343462616,0.5425980160875652,SpiralScanPath_6,Spiral,6,evaluation,coherent latent previous state | moment-matched | development-recalibrated gamma,coherent latent previous state,moment-matched,development-recalibrated gamma,current-frame truth,current posterior after Y_n
above_camera_ceiling,76,2.5162799610434914,1.465722074588064,-0.5979839440991809,0.8432274390500538,0.7105263157894737,3.2299718306548995,1.0,0.0,0.7896198460736521,3.208102607718919,1.8403323422523707,0.7777256348851417,0.27631578947368424,1.2522432664538958,SpiralScanPath_6,Spiral,6,evaluation,coherent latent previous state | moment-matched | development-recalibrated gamma,coherent latent previous state,moment-matched,development-recalibrated gamma,current-frame truth,current posterior after Y_n
current_top_1pct,26,4.187487576265332,3.303098057912367,-2.4837113059947935,0.8106242520637049,0.2692307692307692,3.1146992428477587,1.0,0.0,3.1866425553632824,5.361162833002564,4.219479376849748,3.0507240512972302,0.6923076923076923,2.920819719456643,SpiralScanPath_6,Spiral,6,evaluation,coherent latent previous state | moment-matched | development-recalibrated gamma,coherent latent previous state,moment-matched,development-recalibrated gamma,current-frame truth,current posterior after Y_n
overall,2501,0.7039045677994085,0.03146566359271283,0.028493876285900385,0.7159318740849122,0.9968012794882047,2.7394383454667834,1.0,0.0,-0.039799703459663126,0.9832004877546812,0.043950639343906174,1.3920516117607532e-06,0.0027988804478208716,0.19259725402213382,SpiralScanPath_6,Spiral,6,evaluation,strict oracle | exact previous state | fixed gamma,true previous state,exact state; innovation only,fixed gamma,current-frame truth,current forecast before Y_n
above_camera_ceiling,76,4.037669594301208,0.979781838314391,0.9722788714167276,0.715931874084912,0.8947368421052632,2.7404997676384255,1.0,0.0,-1.3580606013099674,5.639739953556426,1.3685406025073628,0.08912522792814226,0.09210526315789473,0.9933804840479774,SpiralScanPath_6,Spiral,6,evaluation,strict oracle | exact previous state | fixed gamma,true previous state,exact state; innovation only,fixed gamma,current-frame truth,current forecast before Y_n
current_top_1pct,26,6.895174341242636,2.6859971645821235,2.6839374031800807,0.7159318740849122,0.7307692307692307,2.7388388415164595,1.0,0.0,-3.7488726236845205,9.631048135768351,3.7517496591631763,0.44569829871420197,0.2692307692307692,2.53256285921364,SpiralScanPath_6,Spiral,6,evaluation,strict oracle | exact previous state | fixed gamma,true previous state,exact state; innovation only,fixed gamma,current-frame truth,current forecast before Y_n
overall,2501,0.709979902515112,0.08172835634058481,0.03903815559315157,0.6583715550281888,0.9968012794882047,2.5192756855040996,1.0,0.0,-0.05766363866947563,1.014756497730936,0.1296618314510791,0.04871830500882184,0.003198720511795282,0.18364561259848416,SpiralScanPath_6,Spiral,6,evaluation,strict oracle | exact previous state | fixed gamma,true previous state,exact state; innovation only,fixed gamma,current-frame truth,current posterior after Y_n
above_camera_ceiling,76,4.048535918939614,1.0176332839406346,1.0117320085030794,0.6910952842385737,0.8947368421052632,2.61443411384099,1.0,0.0,-1.4447584733206185,5.763094875455501,1.4530944342484797,0.1660244727160609,0.10526315789473684,0.9965192894762114,SpiralScanPath_6,Spiral,6,evaluation,strict oracle | exact previous state | fixed gamma,true previous state,exact state; innovation only,fixed gamma,current-frame truth,current posterior after Y_n
current_top_1pct,26,6.911756434613342,2.702778357415182,2.701397837742414,0.7089257884475791,0.7307692307692307,2.681988361132695,1.0,0.0,-3.8384207868849836,9.837560797708228,3.8403520922279886,0.4506933023491792,0.2692307692307692,2.5442781615938372,SpiralScanPath_6,Spiral,6,evaluation,strict oracle | exact previous state | fixed gamma,true previous state,exact state; innovation only,fixed gamma,current-frame truth,current posterior after Y_n
overall,2501,0.49246702724888597,0.024015293584604466,0.006256991054559534,0.7159318740849122,0.9972011195521792,2.7394383454667834,1.0,0.0,-0.00873964588119097,0.6878685599497103,0.033544104479634,1.3920516117607532e-06,0.0027988804478208716,0.1851916684836653,SpiralScanPath_6,Spiral,6,evaluation,recalibrated oracle | exact previous state | development-recalibrated gamma,true previous state,exact state; innovation only,development-recalibrated gamma,current-frame truth,current forecast before Y_n
above_camera_ceiling,76,2.8246176505044702,0.7346058463370356,0.24050979294852412,0.715931874084912,0.9078947368421053,2.7404997676384255,1.0,0.0,-0.3359394959973507,3.945372112555866,1.0260834486186161,0.08305065823573618,0.09210526315789473,0.7496782546833746,SpiralScanPath_6,Spiral,6,evaluation,recalibrated oracle | exact previous state | development-recalibrated gamma,true previous state,exact state; innovation only,development-recalibrated gamma,current-frame truth,current forecast before Y_n
current_top_1pct,26,4.818133938469895,1.9828645388733719,0.7291027997883689,0.7159318740849122,0.7692307692307693,2.7388388415164595,1.0,0.0,-1.0183968980572229,6.72987767813568,2.7696274054117564,0.44569829871420197,0.23076923076923078,1.8304979205287735,SpiralScanPath_6,Spiral,6,evaluation,recalibrated oracle | exact previous state | development-recalibrated gamma,true previous state,exact state; innovation only,development-recalibrated gamma,current-frame truth,current forecast before Y_n
overall,2501,0.49849114361104835,0.07401308274973398,0.01680127036181076,0.6583715550281888,0.9972011195521792,2.5192756855040996,1.0,0.0,-0.02552444654965412,0.7175933344882268,0.11877138386416308,0.04871830500882184,0.0027988804478208716,0.17611142568739646,SpiralScanPath_6,Spiral,6,evaluation,recalibrated oracle | exact previous state | development-recalibrated gamma,true previous state,exact state; innovation only,development-recalibrated gamma,current-frame truth,current posterior after Y_n
above_camera_ceiling,76,2.8249084574694217,0.7637398727469777,0.2799629300348773,0.6910952842385737,0.9078947368421053,2.61443411384099,1.0,0.0,-0.3871253221143868,4.03392973607862,1.0947127314211516,0.1568320457414617,0.09210526315789473,0.7485850596784435,SpiralScanPath_6,Spiral,6,evaluation,recalibrated oracle | exact previous state | development-recalibrated gamma,true previous state,exact state; innovation only,development-recalibrated gamma,current-frame truth,current posterior after Y_n
current_top_1pct,26,4.818930215207548,1.9892641914041747,0.7465632343507047,0.7089257884475791,0.7692307692307693,2.681988361132695,1.0,0.0,-1.0363207995311259,6.876099366464907,2.8274591762845356,0.4506933023491792,0.23076923076923078,1.8310144473936185,SpiralScanPath_6,Spiral,6,evaluation,recalibrated oracle | exact previous state | development-recalibrated gamma,true previous state,exact state; innovation only,development-recalibrated gamma,current-frame truth,current posterior after Y_n
overall,2501,0.46344924825791356,0.15484646452256354,0.05410021704090248,0.7159318740849122,0.9920031987205118,2.7333392749608203,1.0,0.0,-0.07556615231030486,0.6473370791743053,0.2162865911236104,0.08217788197029911,0.007197121151539384,0.21607474338168614,SpiralScanPath_7,Spiral,7,evaluation,hybrid previous state | mean-only | fixed gamma,hybrid previous state,mean-only,fixed gamma,current-frame truth,current forecast before Y_n
above_camera_ceiling,76,2.4317440601346916,1.3563244422623648,-0.894428143455611,0.715931874084912,0.7368421052631579,2.7361700336128165,1.0,0.0,1.2493201879003482,3.3966137675360404,1.8944881368719444,0.8527225575639261,0.23684210526315788,1.1470075236709012,SpiralScanPath_7,Spiral,7,evaluation,hybrid previous state | mean-only | fixed gamma,hybrid previous state,mean-only,fixed gamma,current-frame truth,current forecast before Y_n
current_top_1pct,26,4.097933703800456,3.157848144776066,-2.665219017420576,0.7159318740849122,0.2692307692307692,2.729583854375011,1.0,0.0,3.722727139125072,5.723915713402679,4.41082211741495,2.8824822359842805,0.6538461538461539,2.780162081013089,SpiralScanPath_7,Spiral,7,evaluation,hybrid previous state | mean-only | fixed gamma,hybrid previous state,mean-only,fixed gamma,current-frame truth,current forecast before Y_n
overall,2501,0.46602582302224727,0.17630755156268552,0.027191656265411666,0.658460967202708,0.9908036785285885,2.5162413843008267,1.0,0.0,-0.043242915706486015,0.6744378417853386,0.27109074113419696,0.15018800164914017,0.0075969612155137945,0.20661584950956355,SpiralScanPath_7,Spiral,7,evaluation,hybrid previous state | mean-only | fixed gamma,hybrid previous state,mean-only,fixed gamma,current-frame truth,current posterior after Y_n
above_camera_ceiling,76,2.4298655246813965,1.3422702415770014,-0.8620123632414184,0.6897141676078749,0.6973684210526315,2.6583329284996924,1.0,0.0,1.2178174759582174,3.4451773234019676,1.921054847887552,0.8620937583370425,0.25,1.1452575747999054,SpiralScanPath_7,Spiral,7,evaluation,hybrid previous state | mean-only | fixed gamma,hybrid previous state,mean-only,fixed gamma,current-frame truth,current posterior after Y_n
current_top_1pct,26,4.0952979736463835,3.1593038800857824,-2.663119819929947,0.7010436414678581,0.19230769230769232,2.750213956963445,1.0,0.0,3.7841999557132313,5.801552549179413,4.498784601666964,2.923910651116846,0.6923076923076923,2.788931703076188,SpiralScanPath_7,Spiral,7,evaluation,hybrid previous state | mean-only | fixed gamma,hybrid previous state,mean-only,fixed gamma,current-frame truth,current posterior after Y_n
overall,2501,0.46344924825791356,0.15484646452256354,0.05410021704090248,0.7183680726561177,0.9932027189124351,2.742668296253928,1.0,0.0,-0.07886434365691845,0.6061977402848664,0.2111312583684685,0.08217788197029911,0.006797281087564974,0.215837513450065,SpiralScanPath_7,Spiral,7,evaluation,hybrid previous state | moment-matched | fixed gamma,hybrid previous state,moment-matched,fixed gamma,current-frame truth,current forecast before Y_n
above_camera_ceiling,76,2.4317440601346916,1.3563244422623648,-0.894428143455611,0.7852708516745063,0.7763157894736842,3.002007245602123,1.0,0.0,1.1356709642424274,3.1384361623472325,1.7316427460802981,0.7231309183271771,0.2236842105263158,1.137962406820206,SpiralScanPath_7,Spiral,7,evaluation,hybrid previous state | moment-matched | fixed gamma,hybrid previous state,moment-matched,fixed gamma,current-frame truth,current forecast before Y_n
current_top_1pct,26,4.097933703800456,3.157848144776066,-2.665219017420576,0.8017226477284765,0.38461538461538464,3.058767853790298,1.0,0.0,3.386659062737731,5.289666232376257,4.0273269065596535,2.3634876002548237,0.6538461538461539,2.7451044840874084,SpiralScanPath_7,Spiral,7,evaluation,hybrid previous state | moment-matched | fixed gamma,hybrid previous state,moment-matched,fixed gamma,current-frame truth,current forecast before Y_n
overall,2501,0.46353342496862376,0.1760690263280976,0.029325720299693336,0.6607576270739917,0.9928028788484606,2.5239804521554885,1.0,0.0,-0.04961226552477884,0.628117861225071,0.26526937814341134,0.15018800256022674,0.006397441023590564,0.2061545061561742,SpiralScanPath_7,Spiral,7,evaluation,hybrid previous state | moment-matched | fixed gamma,hybrid previous state,moment-matched,fixed gamma,current-frame truth,current posterior after Y_n
above_camera_ceiling,76,2.4123096488122413,1.3272673767301701,-0.8045692622093794,0.7551375974583652,0.7631578947368421,2.870025233847682,1.0,0.0,1.0198439475100447,3.1432839737255516,1.7273254644971843,0.7153571017762612,0.21052631578947367,1.1198452214119143,SpiralScanPath_7,Spiral,7,evaluation,hybrid previous state | moment-matched | fixed gamma,hybrid previous state,moment-matched,fixed gamma,current-frame truth,current posterior after Y_n
current_top_1pct,26,4.063425011852651,3.1011930920780255,-2.5964351173649662,0.7881573643246066,0.34615384615384615,2.952793148778244,1.0,0.0,3.325535834426618,5.288767467195705,4.002224887358326,2.261398155060129,0.5769230769230769,2.702802504068171,SpiralScanPath_7,Spiral,7,evaluation,hybrid previous state | moment-matched | fixed gamma,hybrid previous state,moment-matched,fixed gamma,current-frame truth,current posterior after Y_n
overall,2501,0.463398627480712,0.15494470152390052,0.05357828592885132,0.7159318740849122,0.9920031987205118,2.7333392749608203,1.0,0.0,-0.07483712887812664,0.6472663730372635,0.21642380669522124,0.08217788197029911,0.007197121151539384,0.21615635077037298,SpiralScanPath_7,Spiral,7,evaluation,hybrid previous state | mean-only | development-recalibrated gamma,hybrid previous state,mean-only,development-recalibrated gamma,current-frame truth,current forecast before Y_n
above_camera_ceiling,76,2.431447248043011,1.359783002860172,-0.9113780098523264,0.715931874084912,0.7368421052631579,2.7361700336128165,1.0,0.0,1.2729954383121005,3.396199186061986,1.8993189884138288,0.8527225575639261,0.23684210526315788,1.1497522856775948,SpiralScanPath_7,Spiral,7,evaluation,hybrid previous state | mean-only | development-recalibrated gamma,hybrid previous state,mean-only,development-recalibrated gamma,current-frame truth,current forecast before Y_n
current_top_1pct,26,4.098279063506121,3.1710279090733398,-2.711694655107292,0.7159318740849122,0.2692307692307692,2.729583854375011,1.0,0.0,3.787643424275974,5.724398105258896,4.429231361051601,2.8824822359842805,0.6538461538461539,2.7908325166648895,SpiralScanPath_7,Spiral,7,evaluation,hybrid previous state | mean-only | development-recalibrated gamma,hybrid previous state,mean-only,development-recalibrated gamma,current-frame truth,current forecast before Y_n
overall,2501,0.46597027755773396,0.17640578856402248,0.026669725153360482,0.658460967202708,0.9908036785285885,2.5162413843008267,1.0,0.0,-0.042495597421420596,0.6742303856384404,0.27122159110978605,0.15018800164914017,0.0075969612155137945,0.2066995886311988,SpiralScanPath_7,Spiral,7,evaluation,hybrid previous state | mean-only | development-recalibrated gamma,hybrid previous state,mean-only,development-recalibrated gamma,current-frame truth,current posterior after Y_n
above_camera_ceiling,76,2.429532351051915,1.345728802174808,-0.8789622296381346,0.6897141676078749,0.6973684210526315,2.6583329284996924,1.0,0.0,1.2420136380009206,3.4438786676294506,1.9257573545277018,0.8620937583370425,0.25,1.1480590581527026,SpiralScanPath_7,Spiral,7,evaluation,hybrid previous state | mean-only | development-recalibrated gamma,hybrid previous state,mean-only,development-recalibrated gamma,current-frame truth,current posterior after Y_n
current_top_1pct,26,4.095601384537182,3.1724836443830564,-2.709595457616663,0.7010436414678581,0.19230769230769232,2.750213956963445,1.0,0.0,3.850352338371576,5.800645696804048,4.517105250543112,2.923910651116846,0.6923076923076923,2.7998531273012546,SpiralScanPath_7,Spiral,7,evaluation,hybrid previous state | mean-only | development-recalibrated gamma,hybrid previous state,mean-only,development-recalibrated gamma,current-frame truth,current posterior after Y_n
overall,2501,0.463398627480712,0.15494470152390052,0.05357828592885132,0.7183680726561177,0.9936025589764095,2.742668296253928,1.0,0.0,-0.07819801006657416,0.6060928688864461,0.21124419551061757,0.08217788197029911,0.006797281087564974,0.2159050027114144,SpiralScanPath_7,Spiral,7,evaluation,hybrid previous state | moment-matched | development-recalibrated gamma,hybrid previous state,moment-matched,development-recalibrated gamma,current-frame truth,current forecast before Y_n
above_camera_ceiling,76,2.431447248043011,1.359783002860172,-0.9113780098523264,0.7852708516745063,0.7894736842105263,3.002007245602123,1.0,0.0,1.1572833668549596,3.137800779389633,1.7356745027041602,0.7231309183271771,0.2236842105263158,1.1402425563521579,SpiralScanPath_7,Spiral,7,evaluation,hybrid previous state | moment-matched | development-recalibrated gamma,hybrid previous state,moment-matched,development-recalibrated gamma,current-frame truth,current forecast before Y_n
current_top_1pct,26,4.098279063506121,3.1710279090733398,-2.711694655107292,0.8017226477284765,0.38461538461538464,3.058767853790298,1.0,0.0,3.445695855992698,5.289754599888566,4.043249963380301,2.3634876002548237,0.6538461538461539,2.7543584349145838,SpiralScanPath_7,Spiral,7,evaluation,hybrid previous state | moment-matched | development-recalibrated gamma,hybrid previous state,moment-matched,development-recalibrated gamma,current-frame truth,current forecast before Y_n
overall,2501,0.4634147464201925,0.17616726332943453,0.02880378918764215,0.6607576270739917,0.9932027189124351,2.5239804521554885,1.0,0.0,-0.048926950669557934,0.6278156281611235,0.26537734394798085,0.15018800256022674,0.006397441023590564,0.2062179095455257,SpiralScanPath_7,Spiral,7,evaluation,hybrid previous state | moment-matched | development-recalibrated gamma,hybrid previous state,moment-matched,development-recalibrated gamma,current-frame truth,current posterior after Y_n
above_camera_ceiling,76,2.411577017949471,1.3307259373279758,-0.8215191286060948,0.7551375974583652,0.7763157894736842,2.870025233847683,1.0,0.0,1.0419999743607764,3.1413385313480986,1.7312746340956102,0.7153571017762612,0.21052631578947367,1.1220025941403566,SpiralScanPath_7,Spiral,7,evaluation,hybrid previous state | moment-matched | development-recalibrated gamma,hybrid previous state,moment-matched,development-recalibrated gamma,current-frame truth,current posterior after Y_n
current_top_1pct,26,4.063063745468946,3.114372856375295,-2.642910755051682,0.7881573643246066,0.34615384615384615,2.9527931487782464,1.0,0.0,3.385880499973246,5.286774955675237,4.0181877191246205,2.261398155060129,0.5769230769230769,2.711725738449547,SpiralScanPath_7,Spiral,7,evaluation,hybrid previous state | moment-matched | development-recalibrated gamma,hybrid previous state,moment-matched,development-recalibrated gamma,current-frame truth,current posterior after Y_n
overall,2501,0.5141980801011814,0.16181870610496799,-0.05034263784537526,0.7159318740849122,0.9796081567373051,2.7333392749608203,1.0,0.0,0.07031763728877424,0.7182220804995135,0.22602528531335606,0.04092755817161879,0.019592163134746102,0.2368733360327761,SpiralScanPath_7,Spiral,7,evaluation,coherent latent previous state | mean-only | fixed gamma,coherent latent previous state,mean-only,fixed gamma,current-frame truth,current forecast before Y_n
above_camera_ceiling,76,2.430249321978719,1.3550180615190925,-0.8780550476145761,0.715931874084912,0.7368421052631579,2.7361700336128165,1.0,0.0,1.2264505596106978,3.3945259457612615,1.8926634091421703,0.8217073523460698,0.25,1.1490982564498993,SpiralScanPath_7,Spiral,7,evaluation,coherent latent previous state | mean-only | fixed gamma,coherent latent previous state,mean-only,fixed gamma,current-frame truth,current forecast before Y_n
current_top_1pct,26,4.092415761379116,3.15689853116515,-2.669695998394642,0.7159318740849122,0.2692307692307692,2.729583854375011,1.0,0.0,3.7289805008430252,5.716208356570168,4.409495715217632,2.894480952448796,0.6923076923076923,2.779061927583965,SpiralScanPath_7,Spiral,7,evaluation,coherent latent previous state | mean-only | fixed gamma,coherent latent previous state,mean-only,fixed gamma,current-frame truth,current forecast before Y_n
overall,2501,0.513953498275791,0.17455090689185523,-0.07695035914807195,0.6585516422255705,0.9768092762894842,2.5159622170713547,1.0,0.0,0.10857785406875171,0.7393769613351752,0.2660006784667894,0.07952995084663196,0.019992003198720514,0.22633202977828354,SpiralScanPath_7,Spiral,7,evaluation,coherent latent previous state | mean-only | fixed gamma,coherent latent previous state,mean-only,fixed gamma,current-frame truth,current posterior after Y_n
above_camera_ceiling,76,2.429212402967405,1.347415745669061,-0.8481088444379123,0.6907511525402917,0.7236842105263158,2.63068010609989,1.0,0.0,1.1960836106278274,3.4388514837215767,1.9242713656710269,0.8234612373385861,0.2631578947368421,1.14979337069534,SpiralScanPath_7,Spiral,7,evaluation,coherent latent previous state | mean-only | fixed gamma,coherent latent previous state,mean-only,fixed gamma,current-frame truth,current posterior after Y_n
current_top_1pct,26,4.089603646890984,3.1582103405232567,-2.6672984644515534,0.7025032023715987,0.23076923076923078,2.7019284755081663,1.0,0.0,3.780350933212636,5.784461129605566,4.487304620235753,2.9275130654700634,0.7307692307692307,2.791393960852396,SpiralScanPath_7,Spiral,7,evaluation,coherent latent previous state | mean-only | fixed gamma,coherent latent previous state,mean-only,fixed gamma,current-frame truth,current posterior after Y_n
overall,2501,0.5141980801011814,0.16181870610496799,-0.05034263784537526,2.6164088037131026,0.9944022391043582,9.998149449219074,1.0,0.0,0.03545538853301931,0.5404881452495113,0.1029783838138498,0.010981117705238819,0.006397441023590564,0.653915214504328,SpiralScanPath_7,Spiral,7,evaluation,coherent latent previous state | moment-matched | fixed gamma,coherent latent previous state,moment-matched,fixed gamma,current-frame truth,current forecast before Y_n
above_camera_ceiling,76,2.430249321978719,1.3550180615190925,-0.8780550476145761,0.9066460696688979,0.8157894736842105,3.466980493298809,1.0,0.0,1.1252290823687296,3.010608589231742,1.6083126855254255,0.6527356780375047,0.21052631578947367,1.144108704312958,SpiralScanPath_7,Spiral,7,evaluation,coherent latent previous state | moment-matched | fixed gamma,coherent latent previous state,moment-matched,fixed gamma,current-frame truth,current forecast before Y_n
current_top_1pct,26,4.092415761379116,3.15689853116515,-2.669695998394642,0.8743177791692277,0.46153846153846156,3.3401923321247318,1.0,0.0,3.381123317839342,5.085755482811296,3.796793021528786,2.2682715353783465,0.6153846153846154,2.7174117161609894,SpiralScanPath_7,Spiral,7,evaluation,coherent latent previous state | moment-matched | fixed gamma,coherent latent previous state,moment-matched,fixed gamma,current-frame truth,current forecast before Y_n
overall,2501,0.6033750749669817,0.3540430996383853,-0.08937073732788245,2.0598331625761883,0.9928028788484606,7.871723888855311,1.0,0.0,0.05644467852249498,0.590294949400906,0.21530128258211026,0.12607631195498467,0.006397441023590564,0.545946165091679,SpiralScanPath_7,Spiral,7,evaluation,coherent latent previous state | moment-matched | fixed gamma,coherent latent previous state,moment-matched,fixed gamma,current-frame truth,current posterior after Y_n
above_camera_ceiling,76,2.4260941993536638,1.3570488412610047,-0.8244272920174849,0.8221472880029733,0.7631578947368421,3.120872776722011,1.0,0.0,1.0937760856668097,3.111929530678944,1.6983586815227292,0.7374111939355741,0.21052631578947367,1.1358620738212137,SpiralScanPath_7,Spiral,7,evaluation,coherent latent previous state | moment-matched | fixed gamma,coherent latent previous state,moment-matched,fixed gamma,current-frame truth,current posterior after Y_n
current_top_1pct,26,4.079320880748079,3.1410880451908096,-2.6391600034044043,0.8174803724472188,0.34615384615384615,3.100130905207963,1.0,0.0,3.472291681910772,5.245737256471435,3.9567586767560288,2.413294214602489,0.6153846153846154,2.7195784532991514,SpiralScanPath_7,Spiral,7,evaluation,coherent latent previous state | moment-matched | fixed gamma,coherent latent previous state,moment-matched,fixed gamma,current-frame truth,current posterior after Y_n
overall,2501,0.5142456760637897,0.16195524137338518,-0.05106804684106253,0.7159318740849122,0.9792083166733306,2.7333392749608203,1.0,0.0,0.07133087475164665,0.7182885616331677,0.2262159951746703,0.04092755817161879,0.019992003198720514,0.23699445948380293,SpiralScanPath_7,Spiral,7,evaluation,coherent latent previous state | mean-only | development-recalibrated gamma,coherent latent previous state,mean-only,development-recalibrated gamma,current-frame truth,current forecast before Y_n
above_camera_ceiling,76,2.430655739767254,1.3598249621077918,-0.9016129181380519,0.715931874084912,0.7236842105263158,2.7361700336128165,1.0,0.0,1.2593557442745134,3.3950936223842008,1.8993775962913917,0.8217073523460698,0.2631578947368421,1.153286633481428,SpiralScanPath_7,Spiral,7,evaluation,coherent latent previous state | mean-only | development-recalibrated gamma,coherent latent previous state,mean-only,development-recalibrated gamma,current-frame truth,current forecast before Y_n
current_top_1pct,26,4.094408541690911,3.175216503329538,-2.7342904340966117,0.7159318740849122,0.23076923076923078,2.729583854375011,1.0,0.0,3.819204777817051,5.718991834138256,4.435081909697103,2.894480952448796,0.7307692307692307,2.794845560729802,SpiralScanPath_7,Spiral,7,evaluation,coherent latent previous state | mean-only | development-recalibrated gamma,coherent latent previous state,mean-only,development-recalibrated gamma,current-frame truth,current forecast before Y_n
overall,2501,0.51399382608788,0.17468744216027243,-0.0776757681437592,0.6585516422255705,0.9764094362255098,2.5159622170713547,1.0,0.0,0.10961651708893859,0.7392674505132665,0.2661825394303966,0.07952995084663196,0.02039184326269492,0.2264532214307916,SpiralScanPath_7,Spiral,7,evaluation,coherent latent previous state | mean-only | development-recalibrated gamma,coherent latent previous state,mean-only,development-recalibrated gamma,current-frame truth,current posterior after Y_n
above_camera_ceiling,76,2.429563701783804,1.3522226462577593,-0.8716667149613874,0.6907511525402917,0.7105263157894737,2.63068010609989,1.0,0.0,1.2297127330406823,3.4382303105331373,1.9308071180406607,0.8234612373385861,0.27631578947368424,1.1540158094218864,SpiralScanPath_7,Spiral,7,evaluation,coherent latent previous state | mean-only | development-recalibrated gamma,coherent latent previous state,mean-only,development-recalibrated gamma,current-frame truth,current posterior after Y_n
current_top_1pct,26,4.091531663096281,3.1765283126876422,-2.731892900153521,0.7025032023715987,0.19230769230769232,2.7019284755081663,1.0,0.0,3.87229304873968,5.785371498434597,4.512767523303678,2.9275130654700634,0.7692307692307693,2.807294972871489,SpiralScanPath_7,Spiral,7,evaluation,coherent latent previous state | mean-only | development-recalibrated gamma,coherent latent previous state,mean-only,development-recalibrated gamma,current-frame truth,current posterior after Y_n
overall,2501,0.5142456760637897,0.16195524137338518,-0.05106804684106253,2.6164088037131026,0.9944022391043582,9.998149449219074,1.0,0.0,0.03625017635685572,0.5425422828397589,0.10324802129641715,0.010981117705238819,0.006397441023590564,0.654026959266347,SpiralScanPath_7,Spiral,7,evaluation,coherent latent previous state | moment-matched | development-recalibrated gamma,coherent latent previous state,moment-matched,development-recalibrated gamma,current-frame truth,current forecast before Y_n
above_camera_ceiling,76,2.430655739767254,1.3598249621077918,-0.9016129181380519,0.9066460696688979,0.8157894736842105,3.466980493298809,1.0,0.0,1.1511821166394045,3.0227677416947176,1.6173876471931175,0.6527356780375047,0.21052631578947367,1.1478881478734038,SpiralScanPath_7,Spiral,7,evaluation,coherent latent previous state | moment-matched | development-recalibrated gamma,coherent latent previous state,moment-matched,development-recalibrated gamma,current-frame truth,current forecast before Y_n
current_top_1pct,26,4.094408541690911,3.175216503329538,-2.7342904340966117,0.8743177791692277,0.46153846153846156,3.3401923321247318,1.0,0.0,3.453734200126931,5.107505893309001,3.826571665830268,2.2682715353783465,0.6153846153846154,2.731099942900436,SpiralScanPath_7,Spiral,7,evaluation,coherent latent previous state | moment-matched | development-recalibrated gamma,coherent latent previous state,moment-matched,development-recalibrated gamma,current-frame truth,current forecast before Y_n
overall,2501,0.6033321687833839,0.35417963490680254,-0.09009614632356971,2.0598331625761883,0.9928028788484606,7.871723888855311,1.0,0.0,0.05729776369311925,0.5918843573234446,0.21556259938988395,0.12607631195498467,0.006397441023590564,0.5460678664613636,SpiralScanPath_7,Spiral,7,evaluation,coherent latent previous state | moment-matched | development-recalibrated gamma,coherent latent previous state,moment-matched,development-recalibrated gamma,current-frame truth,current posterior after Y_n
above_camera_ceiling,76,2.4258279580684508,1.3618557418497053,-0.8479851625409607,0.8221472880029733,0.7631578947368421,3.1208727767220106,1.0,0.0,1.1215795070911851,3.121897305675785,1.7072278830980019,0.7606616911970612,0.21052631578947367,1.1400029950348154,SpiralScanPath_7,Spiral,7,evaluation,coherent latent previous state | moment-matched | development-recalibrated gamma,coherent latent previous state,moment-matched,development-recalibrated gamma,current-frame truth,current posterior after Y_n
current_top_1pct,26,4.080169942394962,3.1594060173551997,-2.703754439106376,0.8174803724472188,0.34615384615384615,3.100130905207963,1.0,0.0,3.549623070526743,5.26393854628423,3.98662418613903,2.413294214602489,0.6153846153846154,2.7343559456652167,SpiralScanPath_7,Spiral,7,evaluation,coherent latent previous state | moment-matched | development-recalibrated gamma,coherent latent previous state,moment-matched,development-recalibrated gamma,current-frame truth,current posterior after Y_n
overall,2501,0.7137887088649536,0.032527444190432984,0.029369326094326048,0.7159318740849122,0.9968012794882047,2.7333392749608203,1.0,0.0,-0.04102251507081628,0.9970064676576973,0.0454337142511064,6.873029725406321e-06,0.003198720511795282,0.19369361563825496,SpiralScanPath_7,Spiral,7,evaluation,strict oracle | exact previous state | fixed gamma,true previous state,exact state; innovation only,fixed gamma,current-frame truth,current forecast before Y_n
above_camera_ceiling,76,4.0943473739434335,1.0110817691447516,1.0000271861219823,0.715931874084912,0.8947368421052632,2.7361700336128165,1.0,0.0,-1.3968189185600852,5.718906396194099,1.4122597494867695,0.09100284766274147,0.10526315789473684,1.0355417830543265,SpiralScanPath_7,Spiral,7,evaluation,strict oracle | exact previous state | fixed gamma,true previous state,exact state; innovation only,fixed gamma,current-frame truth,current forecast before Y_n
current_top_1pct,26,6.99357527202401,2.798780222330768,2.7939137447503017,0.7159318740849122,0.6923076923076923,2.729583854375011,1.0,0.0,-3.9024854820459263,9.768492680903526,3.9092828852020385,0.46545292647552466,0.3076923076923077,2.665273203704994,SpiralScanPath_7,Spiral,7,evaluation,strict oracle | exact previous state | fixed gamma,true previous state,exact state; innovation only,fixed gamma,current-frame truth,current forecast before Y_n
overall,2501,0.7183649605869901,0.08448438551615349,0.02971368083346327,0.6585962300472575,0.9964014394242303,2.516460368091057,1.0,0.0,-0.04170420110416589,1.0223639094886117,0.13371754788344314,0.05584116702013357,0.003598560575769692,0.1848284065594852,SpiralScanPath_7,Spiral,7,evaluation,strict oracle | exact previous state | fixed gamma,true previous state,exact state; innovation only,fixed gamma,current-frame truth,current posterior after Y_n
above_camera_ceiling,76,4.095884096883847,1.0330750792083936,1.0189163589094243,0.695654999973158,0.881578947368421,2.6615732043129734,1.0,0.0,-1.4443421223174564,5.805697220318541,1.4651529430789345,0.1493564774937944,0.11842105263157894,1.0264623733866274,SpiralScanPath_7,Spiral,7,evaluation,strict oracle | exact previous state | fixed gamma,true previous state,exact state; innovation only,fixed gamma,current-frame truth,current posterior after Y_n
current_top_1pct,26,6.994931183229522,2.7972385130372768,2.792875697281901,0.7105174636559736,0.6923076923076923,2.7400403833985147,1.0,0.0,-3.948931717661456,9.914129901988773,3.9550326838305363,0.46103273346020995,0.3076923076923077,2.647086403004236,SpiralScanPath_7,Spiral,7,evaluation,strict oracle | exact previous state | fixed gamma,true previous state,exact state; innovation only,fixed gamma,current-frame truth,current posterior after Y_n
overall,2501,0.28938544412099654,0.018344273649595098,0.007441131332393993,0.7159318740849122,0.9972011195521792,2.7333392749608203,1.0,0.0,-0.010393630458072674,0.4042080742541076,0.025622931892845712,6.873029725406321e-06,0.0027988804478208716,0.17941133094530565,SpiralScanPath_7,Spiral,7,evaluation,recalibrated oracle | exact previous state | development-recalibrated gamma,true previous state,exact state; innovation only,development-recalibrated gamma,current-frame truth,current forecast before Y_n
above_camera_ceiling,76,1.6580880918708831,0.538968026315494,0.28790261076331164,0.715931874084912,0.9078947368421053,2.7361700336128165,1.0,0.0,-0.40213688087473715,2.3159858526905417,0.7528202693927974,0.09100284766274147,0.09210526315789473,0.563033851756674,SpiralScanPath_7,Spiral,7,evaluation,recalibrated oracle | exact previous state | development-recalibrated gamma,true previous state,exact state; innovation only,development-recalibrated gamma,current-frame truth,current forecast before Y_n
current_top_1pct,26,2.8273986267682463,1.442586424534382,0.8413058021537901,0.7159318740849122,0.7307692307692307,2.729583854375011,1.0,0.0,-1.1751199137894623,3.949256527211004,2.014977230030808,0.46545292647552466,0.2692307692307692,1.304803526039152,SpiralScanPath_7,Spiral,7,evaluation,recalibrated oracle | exact previous state | development-recalibrated gamma,true previous state,exact state; innovation only,development-recalibrated gamma,current-frame truth,current forecast before Y_n
overall,2501,0.3001880924957378,0.07030636969932907,0.007785486071531236,0.6585962300472575,0.9972011195521792,2.516460368091057,1.0,0.0,-0.010307016558782169,0.435028665493237,0.1137160841535417,0.05584116702013357,0.0027988804478208716,0.17059067183298976,SpiralScanPath_7,Spiral,7,evaluation,recalibrated oracle | exact previous state | development-recalibrated gamma,true previous state,exact state; innovation only,development-recalibrated gamma,current-frame truth,current posterior after Y_n
above_camera_ceiling,76,1.6598041219924473,0.5600122663778445,0.3067917835507553,0.695654999973158,0.9078947368421053,2.6615732043129734,1.0,0.0,-0.4277856585400919,2.35015885644776,0.7955423796997099,0.1493564774937944,0.09210526315789473,0.5541711355692174,SpiralScanPath_7,Spiral,7,evaluation,recalibrated oracle | exact previous state | development-recalibrated gamma,true previous state,exact state; innovation only,development-recalibrated gamma,current-frame truth,current posterior after Y_n
current_top_1pct,26,2.828499506598876,1.4412267769159104,0.8402677546853917,0.7105174636559736,0.7307692307692307,2.7400403833985147,1.0,0.0,-1.1696652358792994,4.003066078659126,2.0356844948149133,0.46103273346020995,0.2692307692307692,1.289757145882914,SpiralScanPath_7,Spiral,7,evaluation,recalibrated oracle | exact previous state | development-recalibrated gamma,true previous state,exact state; innovation only,development-recalibrated gamma,current-frame truth,current posterior after Y_n
overall,2501,0.48434701917824424,0.16535118688628334,0.05283075866018074,0.7159318740849122,0.9920031987205118,2.7333822966334056,1.0,0.0,-0.07379299703300375,0.6765266873993082,0.23095938715905256,0.0998838832809456,0.0075969612155137945,0.22084693993793297,SpiralScanPath_8,Spiral,8,evaluation,hybrid previous state | mean-only | fixed gamma,hybrid previous state,mean-only,fixed gamma,current-frame truth,current forecast before Y_n
above_camera_ceiling,76,2.543181995764089,1.434408632133803,-0.9971264318706762,0.715931874084912,0.7368421052631579,2.6883376007677677,1.0,0.0,1.3927672002942744,3.5522681526293636,2.0035546454294018,0.7267879078568453,0.25,1.2376822173382365,SpiralScanPath_8,Spiral,8,evaluation,hybrid previous state | mean-only | fixed gamma,hybrid previous state,mean-only,fixed gamma,current-frame truth,current forecast before Y_n
current_top_1pct,26,4.276650808241705,3.3783399265218748,-2.815883750865013,0.7159318740849122,0.2692307692307692,2.724384153952052,1.0,0.0,3.9331727679595376,5.973544359521668,4.718800836797484,3.833762775810033,0.6923076923076923,3.0042649181331624,SpiralScanPath_8,Spiral,8,evaluation,hybrid previous state | mean-only | fixed gamma,hybrid previous state,mean-only,fixed gamma,current-frame truth,current forecast before Y_n
overall,2501,0.48508430683418957,0.1899799025257701,0.03609434775300498,0.6584461979979349,0.9924030387844862,2.517765986875879,1.0,0.0,-0.056103203741713494,0.7045706434365403,0.2914682046385078,0.17724131917295288,0.0075969612155137945,0.21195282324815537,SpiralScanPath_8,Spiral,8,evaluation,hybrid previous state | mean-only | fixed gamma,hybrid previous state,mean-only,fixed gamma,current-frame truth,current posterior after Y_n
above_camera_ceiling,76,2.5159658394758444,1.419087089981895,-0.9349752426617117,0.6873847579406631,0.75,2.653758192255706,1.0,0.0,1.3336724660377417,3.583245212667433,2.035142462858152,0.836302696184917,0.25,1.2191033051555562,SpiralScanPath_8,Spiral,8,evaluation,hybrid previous state | mean-only | fixed gamma,hybrid previous state,mean-only,fixed gamma,current-frame truth,current posterior after Y_n
current_top_1pct,26,4.227340302694372,3.317480744253303,-2.7555558430234837,0.6994575976847751,0.3076923076923077,2.7083783501904817,1.0,0.0,3.9357743010984665,6.01824609766316,4.745718274608872,3.7918109634135946,0.6923076923076923,2.96438198763257,SpiralScanPath_8,Spiral,8,evaluation,hybrid previous state | mean-only | fixed gamma,hybrid previous state,mean-only,fixed gamma,current-frame truth,current posterior after Y_n
overall,2501,0.48434701917824424,0.16535118688628334,0.05283075866018074,0.7179265730546744,0.9924030387844862,2.740861535644482,1.0,0.0,-0.07688440907028109,0.635723311502896,0.2264010716410821,0.0998838832809456,0.007197121151539384,0.22072000275601722,SpiralScanPath_8,Spiral,8,evaluation,hybrid previous state | moment-matched | fixed gamma,hybrid previous state,moment-matched,fixed gamma,current-frame truth,current forecast before Y_n
above_camera_ceiling,76,2.543181995764089,1.434408632133803,-0.9971264318706762,0.7646154494688758,0.75,2.8690637920053685,1.0,0.0,1.2819225088681323,3.298314858933361,1.8663452295409275,0.6828440850969626,0.23684210526315788,1.2320083569437121,SpiralScanPath_8,Spiral,8,evaluation,hybrid previous state | moment-matched | fixed gamma,hybrid previous state,moment-matched,fixed gamma,current-frame truth,current forecast before Y_n
current_top_1pct,26,4.276650808241705,3.3783399265218748,-2.815883750865013,0.7856285697202788,0.3076923076923077,2.9845378177133304,1.0,0.0,3.614027604089211,5.539109381478506,4.363367428007609,3.606762165969462,0.6538461538461539,2.9790768767802143,SpiralScanPath_8,Spiral,8,evaluation,hybrid previous state | moment-matched | fixed gamma,hybrid previous state,moment-matched,fixed gamma,current-frame truth,current forecast before Y_n
overall,2501,0.48478396906539734,0.19008603131668766,0.036534691815625416,0.6603743074926302,0.9924030387844862,2.5241459720501176,1.0,0.0,-0.05963265528909363,0.6637198850451759,0.28685505111510773,0.17669533889593111,0.007197121151539384,0.2117166629654991,SpiralScanPath_8,Spiral,8,evaluation,hybrid previous state | moment-matched | fixed gamma,hybrid previous state,moment-matched,fixed gamma,current-frame truth,current posterior after Y_n
above_camera_ceiling,76,2.5124351591354093,1.4167839268294178,-0.9300864871520381,0.7348339877972228,0.75,2.816877683928896,1.0,0.0,1.2186666872064371,3.3196000831260504,1.8913176456517227,0.7698423211544609,0.23684210526315788,1.2166289137071955,SpiralScanPath_8,Spiral,8,evaluation,hybrid previous state | moment-matched | fixed gamma,hybrid previous state,moment-matched,fixed gamma,current-frame truth,current posterior after Y_n
current_top_1pct,26,4.220917170216439,3.308665818822253,-2.747598744567986,0.7673497553665732,0.3076923076923077,2.952307496558715,1.0,0.0,3.603975726752462,5.566839286273233,4.3732682440713075,3.613559829464127,0.6538461538461539,2.9296622147792255,SpiralScanPath_8,Spiral,8,evaluation,hybrid previous state | moment-matched | fixed gamma,hybrid previous state,moment-matched,fixed gamma,current-frame truth,current posterior after Y_n
overall,2501,0.48447942715330955,0.16543203197565,0.05231058877906266,0.7159318740849122,0.9920031987205118,2.7333822966334056,1.0,0.0,-0.0730664336546335,0.6767116323359119,0.23107231003941747,0.0998838832809456,0.0075969612155137945,0.22093640955311045,SpiralScanPath_8,Spiral,8,evaluation,hybrid previous state | mean-only | development-recalibrated gamma,hybrid previous state,mean-only,development-recalibrated gamma,current-frame truth,current forecast before Y_n
above_camera_ceiling,76,2.5440364961273487,1.4373789621767021,-1.0139342392117559,0.715931874084912,0.7368421052631579,2.6883376007677677,1.0,0.0,1.4162440253239785,3.5534617024546895,2.007703545835178,0.7267879078568453,0.25,1.2406680501108496,SpiralScanPath_8,Spiral,8,evaluation,hybrid previous state | mean-only | development-recalibrated gamma,hybrid previous state,mean-only,development-recalibrated gamma,current-frame truth,current forecast before Y_n
current_top_1pct,26,4.279224413053874,3.390433870112271,-2.8616028242431706,0.7159318740849122,0.2692307692307692,2.724384153952052,1.0,0.0,3.9970322985001983,5.977139121684561,4.7356934267605375,3.833762775810033,0.6923076923076923,3.0156481902188537,SpiralScanPath_8,Spiral,8,evaluation,hybrid previous state | mean-only | development-recalibrated gamma,hybrid previous state,mean-only,development-recalibrated gamma,current-frame truth,current forecast before Y_n
overall,2501,0.4852206678971198,0.19006074761513675,0.035574177871886825,0.6584461979979349,0.9924030387844862,2.517765986875879,1.0,0.0,-0.05535648591158119,0.704606248591866,0.2915728696829964,0.17724131917295288,0.0075969612155137945,0.2120403281036802,SpiralScanPath_8,Spiral,8,evaluation,hybrid previous state | mean-only | development-recalibrated gamma,hybrid previous state,mean-only,development-recalibrated gamma,current-frame truth,current posterior after Y_n
above_camera_ceiling,76,2.5168536580548273,1.4220574200247942,-0.9517830500027928,0.6873847579406631,0.75,2.653758192255706,1.0,0.0,1.357701177859318,3.5835247083985706,2.03913096905535,0.836302696184917,0.25,1.2220611167432345,SpiralScanPath_8,Spiral,8,evaluation,hybrid previous state | mean-only | development-recalibrated gamma,hybrid previous state,mean-only,development-recalibrated gamma,current-frame truth,current posterior after Y_n
current_top_1pct,26,4.229982736874765,3.329574687843702,-2.801274916401643,0.6994575976847751,0.3076923076923077,2.7083783501904817,1.0,0.0,4.000955737654834,6.020358735256793,4.762433321491998,3.7918109634135946,0.6923076923076923,2.9756940000663548,SpiralScanPath_8,Spiral,8,evaluation,hybrid previous state | mean-only | development-recalibrated gamma,hybrid previous state,mean-only,development-recalibrated gamma,current-frame truth,current posterior after Y_n
overall,2501,0.48447942715330955,0.16543203197565,0.05231058877906266,0.7179265730546744,0.9924030387844862,2.740861535644482,1.0,0.0,-0.07619644861338302,0.6357634433685988,0.2264998034535006,0.0998838832809456,0.007197121151539384,0.22080751070897048,SpiralScanPath_8,Spiral,8,evaluation,hybrid previous state | moment-matched | development-recalibrated gamma,hybrid previous state,moment-matched,development-recalibrated gamma,current-frame truth,current forecast before Y_n
above_camera_ceiling,76,2.5440364961273487,1.4373789621767021,-1.0139342392117559,0.7646154494688758,0.75,2.8690637920053685,1.0,0.0,1.3041290648938892,3.2986065324850946,1.870027059904129,0.6828440850969626,0.23684210526315788,1.234929630379074,SpiralScanPath_8,Spiral,8,evaluation,hybrid previous state | moment-matched | development-recalibrated gamma,hybrid previous state,moment-matched,development-recalibrated gamma,current-frame truth,current forecast before Y_n
current_top_1pct,26,4.279224413053874,3.390433870112271,-2.8616028242431706,0.7856285697202788,0.3076923076923077,2.9845378177133304,1.0,0.0,3.6742632427765827,5.541173383334619,4.3788055341495005,3.606762165969462,0.6538461538461539,2.9902714080206203,SpiralScanPath_8,Spiral,8,evaluation,hybrid previous state | moment-matched | development-recalibrated gamma,hybrid previous state,moment-matched,development-recalibrated gamma,current-frame truth,current forecast before Y_n
overall,2501,0.4849308707780967,0.19016687640605434,0.03601452193450733,0.6603743074926302,0.9924030387844862,2.5241459720501176,1.0,0.0,-0.058926451729856284,0.6636458179510792,0.2869457937232741,0.17669533889593111,0.007197121151539384,0.21179795123182585,SpiralScanPath_8,Spiral,8,evaluation,hybrid previous state | moment-matched | development-recalibrated gamma,hybrid previous state,moment-matched,development-recalibrated gamma,current-frame truth,current posterior after Y_n
above_camera_ceiling,76,2.5133905371075436,1.419754256872317,-0.9468942944931178,0.7348339877972228,0.75,2.816877683928896,1.0,0.0,1.2413623017328295,3.319165556753835,1.8948478517131826,0.7698423211544609,0.23684210526315788,1.2193849192604134,SpiralScanPath_8,Spiral,8,evaluation,hybrid previous state | moment-matched | development-recalibrated gamma,hybrid previous state,moment-matched,development-recalibrated gamma,current-frame truth,current posterior after Y_n
current_top_1pct,26,4.2236730856852835,3.3207597624126493,-2.7933178179461433,0.7673497553665732,0.3076923076923077,2.952307496558715,1.0,0.0,3.6653578830410214,5.5677380779234324,4.388546178731855,3.613559829464127,0.6538461538461539,2.9405641129638083,SpiralScanPath_8,Spiral,8,evaluation,hybrid previous state | moment-matched | development-recalibrated gamma,hybrid previous state,moment-matched,development-recalibrated gamma,current-frame truth,current posterior after Y_n
overall,2501,0.5501438123048281,0.17524575222416727,-0.05419103329539183,0.7159318740849122,0.9748100759696121,2.7333822966334056,1.0,0.0,0.07569300272411754,0.768430394313718,0.24477992748704258,0.03678003158271621,0.023990403838464614,0.24730484829109084,SpiralScanPath_8,Spiral,8,evaluation,coherent latent previous state | mean-only | fixed gamma,coherent latent previous state,mean-only,fixed gamma,current-frame truth,current forecast before Y_n
above_camera_ceiling,76,2.54638520655115,1.432483192086291,-0.9536240483047554,0.715931874084912,0.7368421052631579,2.6883376007677677,1.0,0.0,1.332003899845437,3.5567423364211592,2.0008652274593284,0.7587071854444883,0.25,1.240303513549241,SpiralScanPath_8,Spiral,8,evaluation,coherent latent previous state | mean-only | fixed gamma,coherent latent previous state,mean-only,fixed gamma,current-frame truth,current forecast before Y_n
current_top_1pct,26,4.278552414399503,3.380429447026455,-2.8176298699890348,0.7159318740849122,0.2692307692307692,2.724384153952052,1.0,0.0,3.9356117138805495,5.9762004867687315,4.721719439223519,3.853907420302905,0.6923076923076923,3.0061864650246397,SpiralScanPath_8,Spiral,8,evaluation,coherent latent previous state | mean-only | fixed gamma,coherent latent previous state,mean-only,fixed gamma,current-frame truth,current forecast before Y_n
overall,2501,0.5477786624157165,0.19179575778073396,-0.07061888464082951,0.6584778918610954,0.9712115153938424,2.51709354364589,1.0,0.0,0.09860527060378482,0.7914377469548589,0.2925218525686787,0.08839306546858001,0.026789284286285485,0.23621743042704346,SpiralScanPath_8,Spiral,8,evaluation,coherent latent previous state | mean-only | fixed gamma,coherent latent previous state,mean-only,fixed gamma,current-frame truth,current posterior after Y_n
above_camera_ceiling,76,2.519115908896417,1.4196656015951106,-0.8943217939032891,0.6878064903611384,0.7368421052631579,2.641394419940297,1.0,0.0,1.2712841521799827,3.5792855018495597,2.029885496306868,0.8366109563170274,0.23684210526315788,1.2215362284711975,SpiralScanPath_8,Spiral,8,evaluation,coherent latent previous state | mean-only | fixed gamma,coherent latent previous state,mean-only,fixed gamma,current-frame truth,current posterior after Y_n
current_top_1pct,26,4.228546464541033,3.3188206789137555,-2.75653286215757,0.7014603517380417,0.2692307692307692,2.6869889466147887,1.0,0.0,3.921847220338812,6.005411755474507,4.732314290777335,3.781277286350148,0.6538461538461539,2.951637702213382,SpiralScanPath_8,Spiral,8,evaluation,coherent latent previous state | mean-only | fixed gamma,coherent latent previous state,mean-only,fixed gamma,current-frame truth,current posterior after Y_n
overall,2501,0.5501438123048281,0.17524575222416727,-0.05419103329539183,2.615527113849478,0.9932027189124351,9.987279152521879,1.0,0.0,0.03210998434678573,0.5884107834478874,0.11543719626461992,0.009440524747280398,0.006797281087564974,0.6606275371881574,SpiralScanPath_8,Spiral,8,evaluation,coherent latent previous state | moment-matched | fixed gamma,coherent latent previous state,moment-matched,fixed gamma,current-frame truth,current forecast before Y_n
above_camera_ceiling,76,2.54638520655115,1.432483192086291,-0.9536240483047554,0.8762309834544328,0.7763157894736842,3.2891657763780264,1.0,0.0,1.205309378053125,3.2603078586324723,1.7708578224173464,0.6812407971600933,0.2236842105263158,1.238774346060145,SpiralScanPath_8,Spiral,8,evaluation,coherent latent previous state | moment-matched | fixed gamma,coherent latent previous state,moment-matched,fixed gamma,current-frame truth,current forecast before Y_n
current_top_1pct,26,4.278552414399503,3.380429447026455,-2.8176298699890348,0.8334060600627917,0.38461538461538464,3.1725718019542475,1.0,0.0,3.5044181169242403,5.497055431720562,4.251618898589319,3.0524976416832716,0.6153846153846154,2.9642781745018927,SpiralScanPath_8,Spiral,8,evaluation,coherent latent previous state | moment-matched | fixed gamma,coherent latent previous state,moment-matched,fixed gamma,current-frame truth,current forecast before Y_n
overall,2501,0.650854912732638,0.379871960200011,-0.0959660760502781,2.0645656925346083,0.9924030387844862,7.8895653247943915,1.0,0.0,0.053912123118535424,0.6393609161575883,0.23385549904803832,0.13234128162958894,0.006797281087564974,0.5575612172751202,SpiralScanPath_8,Spiral,8,evaluation,coherent latent previous state | moment-matched | fixed gamma,coherent latent previous state,moment-matched,fixed gamma,current-frame truth,current posterior after Y_n
above_camera_ceiling,76,2.510858637144755,1.4167636510600905,-0.8980845321967419,0.800865979738155,0.75,3.0817110636538048,1.0,0.0,1.1936278808945373,3.342557229803558,1.8448183453479097,0.7326741444717926,0.2236842105263158,1.222470646847724,SpiralScanPath_8,Spiral,8,evaluation,coherent latent previous state | moment-matched | fixed gamma,coherent latent previous state,moment-matched,fixed gamma,current-frame truth,current posterior after Y_n
current_top_1pct,26,4.211390528197188,3.295976515664902,-2.736482956140144,0.7837576624473029,0.34615384615384615,2.9919765075812714,1.0,0.0,3.591970319317182,5.625872138083928,4.356593068357859,3.1167931238303614,0.6153846153846154,2.9258061695295488,SpiralScanPath_8,Spiral,8,evaluation,coherent latent previous state | moment-matched | fixed gamma,coherent latent previous state,moment-matched,fixed gamma,current-frame truth,current posterior after Y_n
overall,2501,0.5503851948527281,0.1753915861556827,-0.0549139944340098,0.7159318740849122,0.9748100759696121,2.7333822966334056,1.0,0.0,0.07670282106687822,0.7687675528572014,0.24498362554379105,0.03678003158271621,0.023990403838464614,0.24743214395003893,SpiralScanPath_8,Spiral,8,evaluation,coherent latent previous state | mean-only | development-recalibrated gamma,coherent latent previous state,mean-only,development-recalibrated gamma,current-frame truth,current forecast before Y_n
above_camera_ceiling,76,2.5482848563768528,1.4377129798844461,-0.9769844772224378,0.715931874084912,0.7368421052631579,2.6883376007677677,1.0,0.0,1.364633301836431,3.559395731100829,2.008170095404815,0.7587071854444883,0.25,1.2448897469260878,SpiralScanPath_8,Spiral,8,evaluation,coherent latent previous state | mean-only | development-recalibrated gamma,coherent latent previous state,mean-only,development-recalibrated gamma,current-frame truth,current forecast before Y_n
current_top_1pct,26,4.283279464420758,3.3972382849578233,-2.8811727903807047,0.7159318740849122,0.2692307692307692,2.724384153952052,1.0,0.0,4.0243672543052424,5.982803140166861,4.745197703762102,3.853907420302905,0.6923076923076923,3.0221677708317696,SpiralScanPath_8,Spiral,8,evaluation,coherent latent previous state | mean-only | development-recalibrated gamma,coherent latent previous state,mean-only,development-recalibrated gamma,current-frame truth,current forecast before Y_n
overall,2501,0.5480257223281849,0.19194159171224937,-0.0713418457794475,0.6584778918610954,0.9712115153938424,2.51709354364589,1.0,0.0,0.09964309872213004,0.7915833857003237,0.29271958578530477,0.08839306546858001,0.026789284286285485,0.23634134745897425,SpiralScanPath_8,Spiral,8,evaluation,coherent latent previous state | mean-only | development-recalibrated gamma,coherent latent previous state,mean-only,development-recalibrated gamma,current-frame truth,current posterior after Y_n
above_camera_ceiling,76,2.521066036316258,1.424895389393264,-0.917682222820973,0.6878064903611384,0.7368421052631579,2.641394419940297,1.0,0.0,1.3046805312108416,3.580741320385897,2.037148839628157,0.8366109563170274,0.23684210526315788,1.2260062209378666,SpiralScanPath_8,Spiral,8,evaluation,coherent latent previous state | mean-only | development-recalibrated gamma,coherent latent previous state,mean-only,development-recalibrated gamma,current-frame truth,current posterior after Y_n
current_top_1pct,26,4.2333786272536855,3.335629516845122,-2.820075782549242,0.7014603517380417,0.2692307692307692,2.6869889466147887,1.0,0.0,4.012439826521976,6.010021259786286,4.755545603024339,3.781277286350148,0.6538461538461539,2.9672930877335775,SpiralScanPath_8,Spiral,8,evaluation,coherent latent previous state | mean-only | development-recalibrated gamma,coherent latent previous state,mean-only,development-recalibrated gamma,current-frame truth,current posterior after Y_n
overall,2501,0.5503851948527281,0.1753915861556827,-0.0549139944340098,2.615527113849478,0.9932027189124351,9.987279152521879,1.0,0.0,0.03303549404719056,0.5888172401961081,0.11563040894771502,0.009440524747280398,0.006797281087564974,0.6607547311407973,SpiralScanPath_8,Spiral,8,evaluation,coherent latent previous state | moment-matched | development-recalibrated gamma,coherent latent previous state,moment-matched,development-recalibrated gamma,current-frame truth,current forecast before Y_n
above_camera_ceiling,76,2.5482848563768528,1.4377129798844461,-0.9769844772224378,0.8762309834544328,0.7763157894736842,3.2891657763780264,1.0,0.0,1.23544132133135,3.262803295973674,1.7775406775750862,0.6812407971600933,0.2236842105263158,1.2432023921417912,SpiralScanPath_8,Spiral,8,evaluation,coherent latent previous state | moment-matched | development-recalibrated gamma,coherent latent previous state,moment-matched,development-recalibrated gamma,current-frame truth,current forecast before Y_n
current_top_1pct,26,4.283279464420758,3.3972382849578233,-2.8811727903807047,0.8334060600627917,0.38461538461538464,3.1725718019542475,1.0,0.0,3.588275487715812,5.50263187621688,4.273429771178893,3.0524976416832716,0.6153846153846154,2.9800180427657326,SpiralScanPath_8,Spiral,8,evaluation,coherent latent previous state | moment-matched | development-recalibrated gamma,coherent latent previous state,moment-matched,development-recalibrated gamma,current-frame truth,current forecast before Y_n
overall,2501,0.651092108109643,0.3800177941315265,-0.09668903718889611,2.0645656925346083,0.9924030387844862,7.8895653247943915,1.0,0.0,0.05487293815940509,0.6397570415255824,0.23405288052608747,0.13234128162958894,0.006797281087564974,0.5576846652701402,SpiralScanPath_8,Spiral,8,evaluation,coherent latent previous state | moment-matched | development-recalibrated gamma,coherent latent previous state,moment-matched,development-recalibrated gamma,current-frame truth,current posterior after Y_n
above_camera_ceiling,76,2.513069002947681,1.4219934388582463,-0.921444961114425,0.800865979738155,0.75,3.0817110636538048,1.0,0.0,1.2247942864668693,3.3452056267933785,1.851765748904735,0.7326741444717926,0.2236842105263158,1.22686804946392,SpiralScanPath_8,Spiral,8,evaluation,coherent latent previous state | moment-matched | development-recalibrated gamma,coherent latent previous state,moment-matched,development-recalibrated gamma,current-frame truth,current posterior after Y_n
current_top_1pct,26,4.2166232477477115,3.312785353596271,-2.8000258765318184,0.7837576624473029,0.34615384615384615,2.9919765075812714,1.0,0.0,3.678152374724948,5.631775572530696,4.37890675209921,3.1167931238303614,0.6153846153846154,2.941476051071235,SpiralScanPath_8,Spiral,8,evaluation,coherent latent previous state | moment-matched | development-recalibrated gamma,coherent latent previous state,moment-matched,development-recalibrated gamma,current-frame truth,current posterior after Y_n
overall,2501,0.740598472510136,0.03289891273652068,0.02945102091778011,0.7159318740849122,0.9964014394242303,2.7333822966334056,1.0,0.0,-0.041136624843563126,1.0344538346707248,0.04595257443813536,1.814654762140599e-05,0.003598560575769692,0.19380948111081187,SpiralScanPath_8,Spiral,8,evaluation,strict oracle | exact previous state | fixed gamma,true previous state,exact state; innovation only,fixed gamma,current-frame truth,current forecast before Y_n
above_camera_ceiling,76,4.248080259502057,1.0188271726183296,1.0078790578022092,0.715931874084912,0.881578947368421,2.6883376007677677,1.0,0.0,-1.4077862633095604,5.933637561439566,1.4230783814738952,0.08976380062633665,0.11842105263157894,1.0310280806866903,SpiralScanPath_8,Spiral,8,evaluation,strict oracle | exact previous state | fixed gamma,true previous state,exact state; innovation only,fixed gamma,current-frame truth,current forecast before Y_n
current_top_1pct,26,7.25403955673054,2.8063114803345175,2.801450166632544,0.7159318740849122,0.6923076923076923,2.724384153952052,1.0,0.0,-3.9130122125283133,10.132304230765653,3.9198024028773424,0.46195279786625476,0.3076923076923077,2.6439838633490194,SpiralScanPath_8,Spiral,8,evaluation,strict oracle | exact previous state | fixed gamma,true previous state,exact state; innovation only,fixed gamma,current-frame truth,current forecast before Y_n
overall,2501,0.7460245745311835,0.09003282335263274,0.03716612852211859,0.6586542561142538,0.9964014394242303,2.517948217471287,1.0,0.0,-0.05380650742837872,1.0632837866385516,0.14277814582601464,0.05861918230154236,0.003598560575769692,0.18603493476704056,SpiralScanPath_8,Spiral,8,evaluation,strict oracle | exact previous state | fixed gamma,true previous state,exact state; innovation only,fixed gamma,current-frame truth,current posterior after Y_n
above_camera_ceiling,76,4.2504735577398,1.06076105166543,1.051468613775275,0.6955043424466169,0.881578947368421,2.6882351619418876,1.0,0.0,-1.493648549384704,6.030922303820776,1.5074680583909714,0.18808051993349567,0.11842105263157894,1.0415290468234502,SpiralScanPath_8,Spiral,8,evaluation,strict oracle | exact previous state | fixed gamma,true previous state,exact state; innovation only,fixed gamma,current-frame truth,current posterior after Y_n
current_top_1pct,26,7.256418473609198,2.827190047397553,2.82352157134496,0.7071211597387964,0.6923076923076923,2.699066526255557,1.0,0.0,-3.999146354576536,10.294943177350476,4.0042850341950365,0.49775316941989156,0.3076923076923077,2.6611499571972677,SpiralScanPath_8,Spiral,8,evaluation,strict oracle | exact previous state | fixed gamma,true previous state,exact state; innovation only,fixed gamma,current-frame truth,current posterior after Y_n
overall,2501,0.36080272091923066,0.02112267358215834,0.007596821773331869,0.7159318740849122,0.9972011195521792,2.7333822966334056,1.0,0.0,-0.01061109589937164,0.5039623656655886,0.029503747977636642,1.814654762140599e-05,0.0027988804478208716,0.18206944185556798,SpiralScanPath_8,Spiral,8,evaluation,recalibrated oracle | exact previous state | development-recalibrated gamma,true previous state,exact state; innovation only,development-recalibrated gamma,current-frame truth,current forecast before Y_n
above_camera_ceiling,76,2.067043631571922,0.6233144625259878,0.3017228920051309,0.715931874084912,0.9078947368421053,2.6883376007677677,1.0,0.0,-0.42144078637480176,2.887207158102816,0.8706337643126927,0.08976380062633665,0.09210526315789473,0.6400082216562176,SpiralScanPath_8,Spiral,8,evaluation,recalibrated oracle | exact previous state | development-recalibrated gamma,true previous state,exact state; innovation only,development-recalibrated gamma,current-frame truth,current forecast before Y_n
current_top_1pct,26,3.527945866879747,1.6899598840056127,0.8806281994739453,0.7159318740849122,0.7307692307692307,2.724384153952052,1.0,0.0,-1.23004468909775,4.927767563623406,2.360503764643362,0.46195279786625476,0.2692307692307692,1.536433433117593,SpiralScanPath_8,Spiral,8,evaluation,recalibrated oracle | exact previous state | development-recalibrated gamma,true previous state,exact state; innovation only,development-recalibrated gamma,current-frame truth,current forecast before Y_n
overall,2501,0.37166002691655897,0.07825269936055396,0.015311929377670347,0.6586542561142538,0.9972011195521792,2.517948217471287,1.0,0.0,-0.02243445431829095,0.5382481026009033,0.126178534086411,0.05861918230154236,0.0027988804478208716,0.17426779090834568,SpiralScanPath_8,Spiral,8,evaluation,recalibrated oracle | exact previous state | development-recalibrated gamma,true previous state,exact state; innovation only,development-recalibrated gamma,current-frame truth,current posterior after Y_n
above_camera_ceiling,76,2.0710051490440895,0.6649231760682246,0.3453124479781967,0.6955043424466169,0.9078947368421053,2.6882351619418876,1.0,0.0,-0.48412411549806617,2.9455199889296244,0.9468468683691058,0.18808051993349567,0.09210526315789473,0.6501670343038999,SpiralScanPath_8,Spiral,8,evaluation,recalibrated oracle | exact previous state | development-recalibrated gamma,true previous state,exact state; innovation only,development-recalibrated gamma,current-frame truth,current posterior after Y_n
current_top_1pct,26,3.531578615603717,1.7108092467086022,0.9026996041863614,0.7071211597387964,0.7307692307692307,2.699066526255557,1.0,0.0,-1.2606635771947718,5.021722370717966,2.4253028824296625,0.49775316941989156,0.2692307692307692,1.5500456683203134,SpiralScanPath_8,Spiral,8,evaluation,recalibrated oracle | exact previous state | development-recalibrated gamma,true previous state,exact state; innovation only,development-recalibrated gamma,current-frame truth,current posterior after Y_n
overall,2501,0.4929254942073663,0.16843567789650163,0.058436937515677446,0.7159318740849122,0.9880047980807677,2.737874828721465,1.0,0.0,-0.0816236008354429,0.6885089378614585,0.23526774542870052,0.09496193764634292,0.009996001599360257,0.2243363694670778,SpiralScanPath_9,Spiral,9,evaluation,hybrid previous state | mean-only | fixed gamma,hybrid previous state,mean-only,fixed gamma,current-frame truth,current forecast before Y_n
above_camera_ceiling,76,2.5698203698900945,1.527126788174873,-0.599269447845509,0.715931874084912,0.6710526315789473,2.756922265426538,1.0,0.0,0.8370481459726615,3.589476126027746,2.1330615990897344,0.9775000204144039,0.3026315789473684,1.3070707051522545,SpiralScanPath_9,Spiral,9,evaluation,hybrid previous state | mean-only | fixed gamma,hybrid previous state,mean-only,fixed gamma,current-frame truth,current forecast before Y_n
current_top_1pct,26,4.233097851240387,3.2441837696150717,-2.4954132600497063,0.7159318740849122,0.3076923076923077,2.703130420856028,1.0,0.0,3.4855456927927495,5.91271041906192,4.531414073108162,3.13666727614652,0.6538461538461539,2.921552300219765,SpiralScanPath_9,Spiral,9,evaluation,hybrid previous state | mean-only | fixed gamma,hybrid previous state,mean-only,fixed gamma,current-frame truth,current forecast before Y_n
overall,2501,0.4937755000961809,0.19144514089743195,0.03367433013977488,0.6583460604237431,0.9888044782087165,2.514779682940124,1.0,0.0,-0.05275280925837624,0.7160540140702466,0.293762658026557,0.16214967070562336,0.009996001599360257,0.21439067427675157,SpiralScanPath_9,Spiral,9,evaluation,hybrid previous state | mean-only | fixed gamma,hybrid previous state,mean-only,fixed gamma,current-frame truth,current posterior after Y_n
above_camera_ceiling,76,2.5551796602669694,1.524885179050705,-0.5644298630325251,0.6926441209052865,0.6710526315789473,2.6487497618037765,1.0,0.0,0.7972480149127029,3.6297143671902035,2.183549850986243,1.075801227751858,0.2894736842105263,1.2909242541251174,SpiralScanPath_9,Spiral,9,evaluation,hybrid previous state | mean-only | fixed gamma,hybrid previous state,mean-only,fixed gamma,current-frame truth,current posterior after Y_n
current_top_1pct,26,4.201627353589119,3.1973804872846427,-2.4569850107237565,0.7011269461217414,0.3076923076923077,2.681691918943174,1.0,0.0,3.492863885907,5.963431307326035,4.560050716299842,3.0911701816267803,0.6153846153846154,2.85185041481901,SpiralScanPath_9,Spiral,9,evaluation,hybrid previous state | mean-only | fixed gamma,hybrid previous state,mean-only,fixed gamma,current-frame truth,current posterior after Y_n
overall,2501,0.4929254942073663,0.16843567789650163,0.058436937515677446,0.7233016647617041,0.9904038384646141,2.766324508583452,1.0,0.0,-0.08341907371987302,0.5833368255245371,0.22145027877561177,0.0944283411832723,0.008796481407437025,0.22370076392090962,SpiralScanPath_9,Spiral,9,evaluation,hybrid previous state | moment-matched | fixed gamma,hybrid previous state,moment-matched,fixed gamma,current-frame truth,current forecast before Y_n
above_camera_ceiling,76,2.5698203698900945,1.527126788174873,-0.599269447845509,0.9095727501435161,0.7105263157894737,3.5109071983045568,1.0,0.0,0.735134511568955,2.942656238533372,1.7305372198807552,0.7496592352639871,0.2631578947368421,1.2876494656947954,SpiralScanPath_9,Spiral,9,evaluation,hybrid previous state | moment-matched | fixed gamma,hybrid previous state,moment-matched,fixed gamma,current-frame truth,current forecast before Y_n
current_top_1pct,26,4.233097851240387,3.2441837696150717,-2.4954132600497063,0.8838879550529805,0.3076923076923077,3.332215497152882,1.0,0.0,2.8604392331411668,4.869866867477992,3.7547662759751685,2.3281339789650053,0.6153846153846154,2.874743540931419,SpiralScanPath_9,Spiral,9,evaluation,hybrid previous state | moment-matched | fixed gamma,hybrid previous state,moment-matched,fixed gamma,current-frame truth,current forecast before Y_n
overall,2501,0.49633840080596475,0.19038015746043746,0.028704615039463453,0.6638724124360353,0.9904038384646141,2.536493373537631,1.0,0.0,-0.04924475017758053,0.6285594685341174,0.28052554528136286,0.16107572000876091,0.007996801279488205,0.2131104935519221,SpiralScanPath_9,Spiral,9,evaluation,hybrid previous state | moment-matched | fixed gamma,hybrid previous state,moment-matched,fixed gamma,current-frame truth,current posterior after Y_n
above_camera_ceiling,76,2.577769815565724,1.5069698492295749,-0.712541049543199,0.8423137896900453,0.7236842105263158,3.250620462925608,1.0,0.0,0.8733519501679696,3.080034102666936,1.8136124584949684,0.7050872123464231,0.25,1.2653544350729546,SpiralScanPath_9,Spiral,9,evaluation,hybrid previous state | moment-matched | fixed gamma,hybrid previous state,moment-matched,fixed gamma,current-frame truth,current posterior after Y_n
current_top_1pct,26,4.284197353196932,3.312753465514456,-2.584330645564071,0.83905285865963,0.34615384615384615,3.2468023240052424,1.0,0.0,3.097331666029815,5.1146132106303615,3.992929335328869,2.6404615221937915,0.6153846153846154,2.911307705813289,SpiralScanPath_9,Spiral,9,evaluation,hybrid previous state | moment-matched | fixed gamma,hybrid previous state,moment-matched,fixed gamma,current-frame truth,current posterior after Y_n
overall,2501,0.4922982287896649,0.16841758409143767,0.057915184550779625,0.7159318740849122,0.9880047980807677,2.737874828721465,1.0,0.0,-0.08089482623581398,0.6876327854782401,0.2352424723465556,0.09496193764634292,0.009996001599360257,0.22432658608398895,SpiralScanPath_9,Spiral,9,evaluation,hybrid previous state | mean-only | development-recalibrated gamma,hybrid previous state,mean-only,development-recalibrated gamma,current-frame truth,current forecast before Y_n
above_camera_ceiling,76,2.565885243448771,1.5267287593630003,-0.6162418392724408,0.715931874084912,0.6710526315789473,2.756922265426538,1.0,0.0,0.8607548589174172,3.58397961639636,2.1325056400295495,0.9775000204144039,0.3026315789473684,1.306814482619366,SpiralScanPath_9,Spiral,9,evaluation,hybrid previous state | mean-only | development-recalibrated gamma,hybrid previous state,mean-only,development-recalibrated gamma,current-frame truth,current forecast before Y_n
current_top_1pct,26,4.226359369922562,3.245225788167928,-2.542819378371639,0.7159318740849122,0.3076923076923077,2.703130420856028,1.0,0.0,3.551761655565082,5.903298236755555,4.532869544767651,3.13666727614652,0.6538461538461539,2.9217944177123596,SpiralScanPath_9,Spiral,9,evaluation,hybrid previous state | mean-only | development-recalibrated gamma,hybrid previous state,mean-only,development-recalibrated gamma,current-frame truth,current forecast before Y_n
overall,2501,0.4932247606317385,0.19145095239261348,0.03315257717487709,0.6583460604237431,0.9888044782087165,2.514779682940124,1.0,0.0,-0.052001981620332635,0.7151163982708842,0.2937674373703654,0.16214967070562336,0.009996001599360257,0.21438744295264126,SpiralScanPath_9,Spiral,9,evaluation,hybrid previous state | mean-only | development-recalibrated gamma,hybrid previous state,mean-only,development-recalibrated gamma,current-frame truth,current posterior after Y_n
above_camera_ceiling,76,2.551696816855719,1.5252738233429644,-0.5814022544594554,0.6926441209052865,0.6710526315789473,2.648749761803776,1.0,0.0,0.8216758215641393,3.6236545987271818,2.1839874793560172,1.0778058828225616,0.2894736842105263,1.290843519437437,SpiralScanPath_9,Spiral,9,evaluation,hybrid previous state | mean-only | development-recalibrated gamma,hybrid previous state,mean-only,development-recalibrated gamma,current-frame truth,current posterior after Y_n
current_top_1pct,26,4.195580487056096,3.198422505837501,-2.504391129045683,0.7011269461217414,0.3076923076923077,2.681691918943174,1.0,0.0,3.560600581023849,5.952873325736142,4.560959400926659,3.0911701816267803,0.6153846153846154,2.852147106876565,SpiralScanPath_9,Spiral,9,evaluation,hybrid previous state | mean-only | development-recalibrated gamma,hybrid previous state,mean-only,development-recalibrated gamma,current-frame truth,current posterior after Y_n
overall,2501,0.4922982287896649,0.16841758409143767,0.057915184550779625,0.7233016647617041,0.9908036785285885,2.766324508583452,1.0,0.0,-0.08280851507671118,0.5822649646735886,0.22141014587652738,0.0944283411832723,0.008796481407437025,0.22369058203660216,SpiralScanPath_9,Spiral,9,evaluation,hybrid previous state | moment-matched | development-recalibrated gamma,hybrid previous state,moment-matched,development-recalibrated gamma,current-frame truth,current forecast before Y_n
above_camera_ceiling,76,2.565885243448771,1.5267287593630003,-0.6162418392724408,0.9095727501435161,0.7236842105263158,3.5109071983045563,1.0,0.0,0.754965338969724,2.9357000955071895,1.7294779028212715,0.7496592352639871,0.2631578947368421,1.2873755926301798,SpiralScanPath_9,Spiral,9,evaluation,hybrid previous state | moment-matched | development-recalibrated gamma,hybrid previous state,moment-matched,development-recalibrated gamma,current-frame truth,current forecast before Y_n
current_top_1pct,26,4.226359369922562,3.245225788167928,-2.542819378371639,0.8838879550529805,0.34615384615384615,3.33221549715288,1.0,0.0,2.9155503400077665,4.857916992342717,3.75452573779848,2.286894619596457,0.6153846153846154,2.874858874653238,SpiralScanPath_9,Spiral,9,evaluation,hybrid previous state | moment-matched | development-recalibrated gamma,hybrid previous state,moment-matched,development-recalibrated gamma,current-frame truth,current forecast before Y_n
overall,2501,0.495888844795231,0.19038596895561904,0.02818286207456563,0.6638724124360353,0.9904038384646141,2.536493373537631,1.0,0.0,-0.04861325531723056,0.6277064377648118,0.2805186987348221,0.16107572000876091,0.007996801279488205,0.2131068458009494,SpiralScanPath_9,Spiral,9,evaluation,hybrid previous state | moment-matched | development-recalibrated gamma,hybrid previous state,moment-matched,development-recalibrated gamma,current-frame truth,current posterior after Y_n
above_camera_ceiling,76,2.5749409395952787,1.5073584935218356,-0.7295134409701308,0.8423137896900453,0.7236842105263158,3.250620462925608,1.0,0.0,0.8938677227930679,3.0743341190164792,1.813652546828248,0.7050872123464231,0.25,1.2652804553193837,SpiralScanPath_9,Spiral,9,evaluation,hybrid previous state | moment-matched | development-recalibrated gamma,hybrid previous state,moment-matched,development-recalibrated gamma,current-frame truth,current posterior after Y_n
current_top_1pct,26,4.279367112818026,3.313795484067314,-2.631736763886006,0.83905285865963,0.34615384615384615,3.2468023240052424,1.0,0.0,3.153958357506585,5.10477556479519,3.9926261311836817,2.6404615221937915,0.6153846153846154,2.9115577724743082,SpiralScanPath_9,Spiral,9,evaluation,hybrid previous state | moment-matched | development-recalibrated gamma,hybrid previous state,moment-matched,development-recalibrated gamma,current-frame truth,current posterior after Y_n
overall,2501,0.5836907448232909,0.20495904688538918,-0.029675850509387047,0.7159318740849122,0.9680127948820472,2.737874828721465,1.0,0.0,0.04145066253310491,0.8152881104355788,0.2862828912979508,0.06157271878007129,0.02958816473410636,0.2617958908595283,SpiralScanPath_9,Spiral,9,evaluation,coherent latent previous state | mean-only | fixed gamma,coherent latent previous state,mean-only,fixed gamma,current-frame truth,current forecast before Y_n
above_camera_ceiling,76,2.595100467845391,1.5877464051544734,-0.499284256614862,0.715931874084912,0.6710526315789473,2.756922265426538,1.0,0.0,0.6973907360292287,3.6247868851521514,2.2177339250105255,1.1990535981292367,0.3026315789473684,1.3491497935966188,SpiralScanPath_9,Spiral,9,evaluation,coherent latent previous state | mean-only | fixed gamma,coherent latent previous state,mean-only,fixed gamma,current-frame truth,current forecast before Y_n
current_top_1pct,26,4.261240352480049,3.2927365014049226,-2.447576773920074,0.7159318740849122,0.3076923076923077,2.703130420856028,1.0,0.0,3.4187286004670634,5.952019328552271,4.5992316037243395,3.3517156577790117,0.6538461538461539,2.9695473712492393,SpiralScanPath_9,Spiral,9,evaluation,coherent latent previous state | mean-only | fixed gamma,coherent latent previous state,mean-only,fixed gamma,current-frame truth,current forecast before Y_n
overall,2501,0.578950984265267,0.21163682202056838,-0.05420579104645356,0.6583366293018379,0.9640143942423031,2.515011912849215,1.0,0.0,0.07400195102896599,0.8372229260333387,0.3219535739619621,0.09028521575694226,0.032387045181927226,0.24975664187654492,SpiralScanPath_9,Spiral,9,evaluation,coherent latent previous state | mean-only | fixed gamma,coherent latent previous state,mean-only,fixed gamma,current-frame truth,current posterior after Y_n
above_camera_ceiling,76,2.57854815810298,1.5824601934158993,-0.46548637807559823,0.6923627069567161,0.6578947368421053,2.643193650311299,1.0,0.0,0.6452877817273077,3.6681443883706133,2.2731596570036148,1.2130519341189716,0.2894736842105263,1.3433158266269971,SpiralScanPath_9,Spiral,9,evaluation,coherent latent previous state | mean-only | fixed gamma,coherent latent previous state,mean-only,fixed gamma,current-frame truth,current posterior after Y_n
current_top_1pct,26,4.228398825316243,3.243962134499128,-2.4071916254137,0.7007470337158229,0.23076923076923078,2.6666552601599935,1.0,0.0,3.423618112847763,6.0047691131124665,4.629717414765289,3.3116416446565506,0.6153846153846154,2.931372653628731,SpiralScanPath_9,Spiral,9,evaluation,coherent latent previous state | mean-only | fixed gamma,coherent latent previous state,mean-only,fixed gamma,current-frame truth,current posterior after Y_n
overall,2501,0.5836907448232909,0.20495904688538918,-0.029675850509387047,2.6259702262652533,0.9928028788484606,10.031631175835896,1.0,0.0,0.00918513331860567,0.5395365484666046,0.12469670361981675,0.015419598711546993,0.006797281087564974,0.669574921826147,SpiralScanPath_9,Spiral,9,evaluation,coherent latent previous state | moment-matched | fixed gamma,coherent latent previous state,moment-matched,fixed gamma,current-frame truth,current forecast before Y_n
above_camera_ceiling,76,2.595100467845391,1.5877464051544734,-0.499284256614862,1.0677299843794925,0.7894736842105263,4.124550303339023,1.0,0.0,0.6608152386230771,2.905290563614937,1.6618607189178949,0.7446855162708306,0.21052631578947367,1.3212318116033746,SpiralScanPath_9,Spiral,9,evaluation,coherent latent previous state | moment-matched | fixed gamma,coherent latent previous state,moment-matched,fixed gamma,current-frame truth,current forecast before Y_n
current_top_1pct,26,4.261240352480049,3.2927365014049226,-2.447576773920074,0.965928998889998,0.38461538461538464,3.651866514135363,1.0,0.0,2.7469937415475973,4.855598072224384,3.6731253086293125,2.4954020758853366,0.6153846153846154,2.902287778859958,SpiralScanPath_9,Spiral,9,evaluation,coherent latent previous state | moment-matched | fixed gamma,coherent latent previous state,moment-matched,fixed gamma,current-frame truth,current forecast before Y_n
overall,2501,0.6544204697008082,0.3761705879118093,-0.059845317312001885,2.040568376253535,0.991203518592563,7.79291525531792,1.0,0.0,0.03011854459860473,0.6130590521120267,0.23224828471097447,0.1258991711166241,0.006797281087564974,0.5542731520792283,SpiralScanPath_9,Spiral,9,evaluation,coherent latent previous state | moment-matched | fixed gamma,coherent latent previous state,moment-matched,fixed gamma,current-frame truth,current posterior after Y_n
above_camera_ceiling,76,2.5841221765551947,1.5602562795429122,-0.5549470797088868,0.9218209329069074,0.75,3.5015273889880234,1.0,0.0,0.7571526689939961,3.161740575745294,1.8278726048130538,0.8442877923841552,0.21052631578947367,1.3024689817221426,SpiralScanPath_9,Spiral,9,evaluation,coherent latent previous state | moment-matched | fixed gamma,coherent latent previous state,moment-matched,fixed gamma,current-frame truth,current posterior after Y_n
current_top_1pct,26,4.2696144959172075,3.3089867662514987,-2.4939887868817436,0.8638846627170671,0.3076923076923077,3.2356425069525234,1.0,0.0,3.084337504705115,5.284195690234027,4.045296852132935,2.768056213012691,0.6153846153846154,2.935214465323627,SpiralScanPath_9,Spiral,9,evaluation,coherent latent previous state | moment-matched | fixed gamma,coherent latent previous state,moment-matched,fixed gamma,current-frame truth,current posterior after Y_n
overall,2501,0.5829144578637153,0.20493389910504703,-0.030401011906215816,0.7159318740849122,0.9680127948820472,2.737874828721465,1.0,0.0,0.04246355415460961,0.8142038076022012,0.28624776535754726,0.06157271878007129,0.02958816473410636,0.261763519592475,SpiralScanPath_9,Spiral,9,evaluation,coherent latent previous state | mean-only | development-recalibrated gamma,coherent latent previous state,mean-only,development-recalibrated gamma,current-frame truth,current forecast before Y_n
above_camera_ceiling,76,2.589469428508332,1.5871932024922675,-0.5228734336827658,0.715931874084912,0.6710526315789473,2.756922265426538,1.0,0.0,0.7303396490777713,3.6169215567027706,2.2169612220729547,1.2270469077379378,0.3026315789473684,1.3483192517274225,SpiralScanPath_9,Spiral,9,evaluation,coherent latent previous state | mean-only | development-recalibrated gamma,coherent latent previous state,mean-only,development-recalibrated gamma,current-frame truth,current forecast before Y_n
current_top_1pct,26,4.252008356408558,3.294184756959079,-2.5134644435518045,0.7159318740849122,0.3076923076923077,2.703130420856028,1.0,0.0,3.5107592419522557,5.939124252350655,4.601254499486604,3.3517156577790117,0.6538461538461539,2.9698065517108145,SpiralScanPath_9,Spiral,9,evaluation,coherent latent previous state | mean-only | development-recalibrated gamma,coherent latent previous state,mean-only,development-recalibrated gamma,current-frame truth,current forecast before Y_n
overall,2501,0.5782590146199902,0.21161167424022628,-0.054930952443282305,0.6583366293018379,0.9640143942423031,2.515011912849215,1.0,0.0,0.07504549352914783,0.8360266909129316,0.32190187007662413,0.09028521575694226,0.032387045181927226,0.24972929487531212,SpiralScanPath_9,Spiral,9,evaluation,coherent latent previous state | mean-only | development-recalibrated gamma,coherent latent previous state,mean-only,development-recalibrated gamma,current-frame truth,current posterior after Y_n
above_camera_ceiling,76,2.5735443916053162,1.5819069907536942,-0.4890755551435014,0.6923627069567161,0.6578947368421053,2.643193650311299,1.0,0.0,0.6792389220812739,3.6593123752539185,2.271847837382865,1.201446162719658,0.2894736842105263,1.3426461837148242,SpiralScanPath_9,Spiral,9,evaluation,coherent latent previous state | mean-only | development-recalibrated gamma,coherent latent previous state,mean-only,development-recalibrated gamma,current-frame truth,current posterior after Y_n
current_top_1pct,26,4.220133973141965,3.2454103900532845,-2.4730792950454306,0.7007470337158229,0.23076923076923078,2.6666552601599935,1.0,0.0,3.517762385243879,5.990298674650501,4.630980387589345,3.3116416446565506,0.6153846153846154,2.932007365186535,SpiralScanPath_9,Spiral,9,evaluation,coherent latent previous state | mean-only | development-recalibrated gamma,coherent latent previous state,mean-only,development-recalibrated gamma,current-frame truth,current posterior after Y_n
overall,2501,0.5829144578637153,0.20493389910504703,-0.030401011906215816,2.6259702262652533,0.9928028788484606,10.031631175835894,1.0,0.0,0.010017190415621472,0.5381076462503375,0.12466275585824628,0.015419598711546993,0.006797281087564974,0.6695435773888329,SpiralScanPath_9,Spiral,9,evaluation,coherent latent previous state | moment-matched | development-recalibrated gamma,coherent latent previous state,moment-matched,development-recalibrated gamma,current-frame truth,current forecast before Y_n
above_camera_ceiling,76,2.589469428508332,1.5871932024922675,-0.5228734336827658,1.0677299843794925,0.7894736842105263,4.1245503033390225,1.0,0.0,0.6879422847595279,2.8966466215259334,1.6609977707807706,0.7446855162708306,0.21052631578947367,1.3203920800842768,SpiralScanPath_9,Spiral,9,evaluation,coherent latent previous state | moment-matched | development-recalibrated gamma,coherent latent previous state,moment-matched,development-recalibrated gamma,current-frame truth,current forecast before Y_n
current_top_1pct,26,4.252008356408558,3.294184756959079,-2.5134644435518045,0.965928998889998,0.38461538461538464,3.6518665141353606,1.0,0.0,2.8225810363330948,4.841488271554172,3.6743099926110765,2.4954020758853366,0.6153846153846154,2.9022798573269992,SpiralScanPath_9,Spiral,9,evaluation,coherent latent previous state | moment-matched | development-recalibrated gamma,coherent latent previous state,moment-matched,development-recalibrated gamma,current-frame truth,current forecast before Y_n
overall,2501,0.6538609198375059,0.37614544013146717,-0.06057047870883064,2.040568376253535,0.991203518592563,7.79291525531792,1.0,0.0,0.03100626691764958,0.6119192899861676,0.232211861760881,0.1258991711166241,0.006797281087564974,0.5542431051132005,SpiralScanPath_9,Spiral,9,evaluation,coherent latent previous state | moment-matched | development-recalibrated gamma,coherent latent previous state,moment-matched,development-recalibrated gamma,current-frame truth,current posterior after Y_n
above_camera_ceiling,76,2.579568628543464,1.5597030768807059,-0.57853625677679,0.9218209329069074,0.75,3.5015273889880234,1.0,0.0,0.7860806269318013,3.1545651362945213,1.8269591168982402,0.8442877923841552,0.21052631578947367,1.3016785212232809,SpiralScanPath_9,Spiral,9,evaluation,coherent latent previous state | moment-matched | development-recalibrated gamma,coherent latent previous state,moment-matched,development-recalibrated gamma,current-frame truth,current posterior after Y_n
current_top_1pct,26,4.262239193502228,3.3104350218056506,-2.559876456513474,0.8638846627170671,0.3076923076923077,3.2356425069525234,1.0,0.0,3.1648034540355434,5.272617412537469,4.0467193536389425,2.7268459251232686,0.6153846153846154,2.935388547129209,SpiralScanPath_9,Spiral,9,evaluation,coherent latent previous state | moment-matched | development-recalibrated gamma,coherent latent previous state,moment-matched,development-recalibrated gamma,current-frame truth,current posterior after Y_n
overall,2501,0.7478830080956778,0.03268923823237103,0.029230088790683714,0.7159318740849122,0.9968012794882047,2.737874828721465,1.0,0.0,-0.04082803105818546,1.0446287351734473,0.045659705085981356,3.516040156099611e-05,0.0027988804478208716,0.1937531180009483,SpiralScanPath_9,Spiral,9,evaluation,strict oracle | exact previous state | fixed gamma,true previous state,exact state; innovation only,fixed gamma,current-frame truth,current forecast before Y_n
above_camera_ceiling,76,4.289653153239615,1.0073074981848136,0.9975191576378827,0.715931874084912,0.8947368421052632,2.756922265426538,1.0,0.0,-1.3933157521627164,5.991705787261605,1.406987919726763,0.08728636935877544,0.09210526315789473,1.028517641607991,SpiralScanPath_9,Spiral,9,evaluation,strict oracle | exact previous state | fixed gamma,true previous state,exact state; innovation only,fixed gamma,current-frame truth,current forecast before Y_n
current_top_1pct,26,7.331639427659545,2.823827030151932,2.8190437959945314,0.7159318740849122,0.6923076923076923,2.703130420856028,1.0,0.0,-3.937586658783377,10.240694251852773,3.9442677891123137,0.5323501611521801,0.2692307692307692,2.6564321717310557,SpiralScanPath_9,Spiral,9,evaluation,strict oracle | exact previous state | fixed gamma,true previous state,exact state; innovation only,fixed gamma,current-frame truth,current forecast before Y_n
overall,2501,0.7507777417319605,0.08543107228887939,0.03712445733778981,0.6584211084402868,0.9972011195521792,2.5153167915478716,1.0,0.0,-0.05426320979024224,1.0705518745171811,0.13543869346786241,0.050536839865010105,0.0027988804478208716,0.18471102377199694,SpiralScanPath_9,Spiral,9,evaluation,strict oracle | exact previous state | fixed gamma,true previous state,exact state; innovation only,fixed gamma,current-frame truth,current posterior after Y_n
above_camera_ceiling,76,4.27982725572883,1.0438067329123277,1.0343852369361457,0.6948833663101718,0.9078947368421053,2.6817039127572384,1.0,0.0,-1.4707770163642222,6.077047231702648,1.4842223497055063,0.2069095502458,0.09210526315789473,1.017493108128417,SpiralScanPath_9,Spiral,9,evaluation,strict oracle | exact previous state | fixed gamma,true previous state,exact state; innovation only,fixed gamma,current-frame truth,current posterior after Y_n
current_top_1pct,26,7.313808475920119,2.8221064517174477,2.8172371663017546,0.7040963473389288,0.7307692307692307,2.7269773574768865,1.0,0.0,-3.9978774546762903,10.384615986171273,4.004708287417265,0.5432174377851322,0.2692307692307692,2.6377617970141123,SpiralScanPath_9,Spiral,9,evaluation,strict oracle | exact previous state | fixed gamma,true previous state,exact state; innovation only,fixed gamma,current-frame truth,current posterior after Y_n
overall,2501,0.4299986462451661,0.02301859051077843,0.00730937862850622,0.7159318740849122,0.9972011195521792,2.737874828721465,1.0,0.0,-0.010209600791763744,0.6006139156672982,0.0321519286177896,3.516040156099611e-05,0.0023990403838464614,0.18409862013403608,SpiralScanPath_9,Spiral,9,evaluation,recalibrated oracle | exact previous state | development-recalibrated gamma,true previous state,exact state; innovation only,development-recalibrated gamma,current-frame truth,current forecast before Y_n
above_camera_ceiling,76,2.4662044555772717,0.6934273761477939,0.2844482251101494,0.715931874084912,0.9078947368421053,2.756922265426538,1.0,0.0,-0.3973118608159815,3.444747391264732,0.9685661460933233,0.08728636935877544,0.07894736842105263,0.712172447867191,SpiralScanPath_9,Spiral,9,evaluation,recalibrated oracle | exact previous state | development-recalibrated gamma,true previous state,exact state; innovation only,development-recalibrated gamma,current-frame truth,current forecast before Y_n
current_top_1pct,26,4.210480627620308,1.895609218071229,0.8273430303793204,0.7159318740849122,0.7307692307692307,2.703130420856028,1.0,0.0,-1.155616980228477,5.881119112069216,2.6477508359215793,0.5323501611521801,0.23076923076923078,1.7251609827898307,SpiralScanPath_9,Spiral,9,evaluation,recalibrated oracle | exact previous state | development-recalibrated gamma,true previous state,exact state; innovation only,development-recalibrated gamma,current-frame truth,current forecast before Y_n
overall,2501,0.43861429082665276,0.07621154281084973,0.01520374717561227,0.6584211084402868,0.9976009596161536,2.5153167915478716,1.0,0.0,-0.022718332416840306,0.633175584066015,0.12255889369063806,0.05062238878090944,0.0027988804478208716,0.17549425639952482,SpiralScanPath_9,Spiral,9,evaluation,recalibrated oracle | exact previous state | development-recalibrated gamma,true previous state,exact state; innovation only,development-recalibrated gamma,current-frame truth,current posterior after Y_n
above_camera_ceiling,76,2.469893529610063,0.7430311687153275,0.3213143044084117,0.6948833663101718,0.9210526315789473,2.6817039127572384,1.0,0.0,-0.4444800290778657,3.5230466678530257,1.0640958434217036,0.21476533979525136,0.09210526315789473,0.7148278924568008,SpiralScanPath_9,Spiral,9,evaluation,recalibrated oracle | exact previous state | development-recalibrated gamma,true previous state,exact state; innovation only,development-recalibrated gamma,current-frame truth,current posterior after Y_n
current_top_1pct,26,4.210695236718615,1.9021637033797298,0.8255364006865438,0.7040963473389288,0.8076923076923077,2.7269773574768865,1.0,0.0,-1.1520240604410281,6.000397502223299,2.703659092208822,0.5432174377851322,0.23076923076923078,1.7221887563395222,SpiralScanPath_9,Spiral,9,evaluation,recalibrated oracle | exact previous state | development-recalibrated gamma,true previous state,exact state; innovation only,development-recalibrated gamma,current-frame truth,current posterior after Y_n
overall,2501,0.47528446943168373,0.16923041719746929,0.06744224749666734,0.7159318740849122,0.9888044782087165,2.739569885598369,1.0,0.0,-0.09420204622523685,0.66386829059564,0.2363778221409345,0.10257072076948263,0.011595361855257898,0.2235736518991084,SpiralScanPath_10,Spiral,10,evaluation,hybrid previous state | mean-only | fixed gamma,hybrid previous state,mean-only,fixed gamma,current-frame truth,current forecast before Y_n
above_camera_ceiling,76,2.457049967254631,1.5759150736179133,-0.20801677204531338,0.715931874084912,0.6710526315789473,2.753635612244377,1.0,0.0,0.2905538635379178,3.431960576409838,2.20120814656033,1.229750050435042,0.34210526315789475,1.3095527273164649,SpiralScanPath_10,Spiral,10,evaluation,hybrid previous state | mean-only | fixed gamma,hybrid previous state,mean-only,fixed gamma,current-frame truth,current forecast before Y_n
current_top_1pct,26,3.9639646832330055,3.084469592936907,-1.953615617076493,0.7159318740849122,0.2692307692307692,2.6828400697527637,1.0,0.0,2.728773068769371,5.536790338186374,4.308328354397416,2.8810858605776657,0.7307692307692307,2.719681585421124,SpiralScanPath_10,Spiral,10,evaluation,hybrid previous state | mean-only | fixed gamma,hybrid previous state,mean-only,fixed gamma,current-frame truth,current forecast before Y_n
overall,2501,0.4790355624721533,0.1880427993992913,0.05371743311813437,0.6584288287200935,0.9880047980807677,2.518591997154816,1.0,0.0,-0.08229657965678687,0.6945522788353824,0.28706222213124066,0.15589247675822035,0.011995201919232307,0.2147119043332702,SpiralScanPath_10,Spiral,10,evaluation,hybrid previous state | mean-only | fixed gamma,hybrid previous state,mean-only,fixed gamma,current-frame truth,current posterior after Y_n
above_camera_ceiling,76,2.456307977458985,1.5674141612679664,-0.20950195008345934,0.6903784056153928,0.6447368421052632,2.635911846617907,1.0,0.0,0.2750251287996532,3.4924202163898084,2.2471731326400657,1.3008003020891992,0.35526315789473684,1.3073499679955767,SpiralScanPath_10,Spiral,10,evaluation,hybrid previous state | mean-only | fixed gamma,hybrid previous state,mean-only,fixed gamma,current-frame truth,current posterior after Y_n
current_top_1pct,26,3.9635756485307234,3.0853236640287665,-1.9426325270235645,0.7025461396453714,0.3076923076923077,2.6827451329749796,1.0,0.0,2.7473133057166406,5.6210911279981,4.387708762696386,2.904852166921244,0.7307692307692307,2.7276656808708575,SpiralScanPath_10,Spiral,10,evaluation,hybrid previous state | mean-only | fixed gamma,hybrid previous state,mean-only,fixed gamma,current-frame truth,current posterior after Y_n
overall,2501,0.47528446943168373,0.16923041719746929,0.06744224749666734,0.7246555379478341,0.991203518592563,2.7724763986213383,1.0,0.0,-0.09789410985397275,0.5100346136406119,0.21718405094278606,0.10219699478685047,0.009196321471411436,0.2221475966318798,SpiralScanPath_10,Spiral,10,evaluation,hybrid previous state | moment-matched | fixed gamma,hybrid previous state,moment-matched,fixed gamma,current-frame truth,current forecast before Y_n
above_camera_ceiling,76,2.457049967254631,1.5759150736179133,-0.20801677204531338,0.9527466312897684,0.7368421052631579,3.6466692395860942,1.0,0.0,0.12369378717827187,2.4574895255320617,1.6252826761426113,0.9194340558487295,0.27631578947368424,1.2658544174670547,SpiralScanPath_10,Spiral,10,evaluation,hybrid previous state | moment-matched | fixed gamma,hybrid previous state,moment-matched,fixed gamma,current-frame truth,current forecast before Y_n
current_top_1pct,26,3.9639646832330055,3.084469592936907,-1.953615617076493,1.060557028784804,0.4230769230769231,3.956607083888665,1.0,0.0,1.8645641016848875,3.8935067804124768,3.0359752381902227,2.1747034274194927,0.6153846153846154,2.612823149544794,SpiralScanPath_10,Spiral,10,evaluation,hybrid previous state | moment-matched | fixed gamma,hybrid previous state,moment-matched,fixed gamma,current-frame truth,current forecast before Y_n
overall,2501,0.4764930584140192,0.18824675411691424,0.05592598981276548,0.664483216640537,0.989204318272691,2.542543865289037,1.0,0.0,-0.08806138594089434,0.5710535057802094,0.2719335146940974,0.15550721116893704,0.010395841663334666,0.21338534270692908,SpiralScanPath_10,Spiral,10,evaluation,hybrid previous state | moment-matched | fixed gamma,hybrid previous state,moment-matched,fixed gamma,current-frame truth,current posterior after Y_n
above_camera_ceiling,76,2.4357151336268985,1.5651076483770516,-0.15643088564094698,0.8514805829873862,0.6973684210526315,3.277730547952407,1.0,0.0,0.07749777812297985,2.6818858886413834,1.78331245895048,1.1451796151745155,0.3157894736842105,1.2637615618200069,SpiralScanPath_10,Spiral,10,evaluation,hybrid previous state | moment-matched | fixed gamma,hybrid previous state,moment-matched,fixed gamma,current-frame truth,current posterior after Y_n
current_top_1pct,26,3.9141240285398693,3.0333906692937878,-1.8566956758385165,0.9423088538603268,0.34615384615384615,3.6501447050382865,1.0,0.0,1.9596905212719784,4.231029190862663,3.295518121302406,2.2751418631666374,0.6538461538461539,2.593532323758611,SpiralScanPath_10,Spiral,10,evaluation,hybrid previous state | moment-matched | fixed gamma,hybrid previous state,moment-matched,fixed gamma,current-frame truth,current posterior after Y_n
overall,2501,0.47349975064221306,0.16912746114501487,0.06692061930765462,0.7159318740849122,0.9888044782087165,2.739569885598369,1.0,0.0,-0.09347344591018669,0.6613754293974264,0.23623401508864192,0.10257072076948263,0.011595361855257898,0.22348105165004784,SpiralScanPath_10,Spiral,10,evaluation,hybrid previous state | mean-only | development-recalibrated gamma,hybrid previous state,mean-only,development-recalibrated gamma,current-frame truth,current forecast before Y_n
above_camera_ceiling,76,2.4457488910263776,1.5728479380108458,-0.22486152625148972,0.715931874084912,0.6710526315789473,2.753635612244377,1.0,0.0,0.314082295244785,3.416175448470538,2.1969240299871045,1.2454361013047293,0.34210526315789475,1.3066518823453401,SpiralScanPath_10,Spiral,10,evaluation,hybrid previous state | mean-only | development-recalibrated gamma,hybrid previous state,mean-only,development-recalibrated gamma,current-frame truth,current forecast before Y_n
current_top_1pct,26,3.9438877833928623,3.077829786299984,-2.0005284626954256,0.7159318740849122,0.2692307692307692,2.6828400697527637,1.0,0.0,2.7943000376292164,5.508747307044891,4.299053999005138,2.8810858605776657,0.7307692307692307,2.7126638057827415,SpiralScanPath_10,Spiral,10,evaluation,hybrid previous state | mean-only | development-recalibrated gamma,hybrid previous state,mean-only,development-recalibrated gamma,current-frame truth,current forecast before Y_n
overall,2501,0.4772800733072963,0.18793984334683694,0.053195804929121675,0.6584288287200935,0.9880047980807677,2.518591997154816,1.0,0.0,-0.08154428354544163,0.6918941421867225,0.286903306592901,0.15589247675822035,0.011995201919232307,0.2146151848424948,SpiralScanPath_10,Spiral,10,evaluation,hybrid previous state | mean-only | development-recalibrated gamma,hybrid previous state,mean-only,development-recalibrated gamma,current-frame truth,current posterior after Y_n
above_camera_ceiling,76,2.445099378432129,1.5643470256609011,-0.22634670428963494,0.6903784056153928,0.6447368421052632,2.635911846617907,1.0,0.0,0.2993258194119709,3.4751032320908672,2.242399347463101,1.3083861616779147,0.35526315789473684,1.3043515376832926,SpiralScanPath_10,Spiral,10,evaluation,hybrid previous state | mean-only | development-recalibrated gamma,hybrid previous state,mean-only,development-recalibrated gamma,current-frame truth,current posterior after Y_n
current_top_1pct,26,3.9436359377794767,3.0786838573918462,-1.9895453726424994,0.7025461396453714,0.3076923076923077,2.6827451329749796,1.0,0.0,2.8144473308107774,5.5903423211455765,4.3776533842594345,2.904852166921244,0.7307692307692307,2.7205210701302622,SpiralScanPath_10,Spiral,10,evaluation,hybrid previous state | mean-only | development-recalibrated gamma,hybrid previous state,mean-only,development-recalibrated gamma,current-frame truth,current posterior after Y_n
overall,2501,0.47349975064221306,0.16912746114501487,0.06692061930765462,0.7246555379478341,0.991203518592563,2.7724763986213383,1.0,0.0,-0.09738463137892403,0.507235579897775,0.21702533233701407,0.10219699478685047,0.009196321471411436,0.2220482360248665,SpiralScanPath_10,Spiral,10,evaluation,hybrid previous state | moment-matched | development-recalibrated gamma,hybrid previous state,moment-matched,development-recalibrated gamma,current-frame truth,current forecast before Y_n
above_camera_ceiling,76,2.4457488910263776,1.5728479380108458,-0.22486152625148972,0.9527466312897684,0.7368421052631579,3.6466692395860942,1.0,0.0,0.14007336048770627,2.4384446241274023,1.6204458716892425,0.9194340558487295,0.27631578947368424,1.2627051870721022,SpiralScanPath_10,Spiral,10,evaluation,hybrid previous state | moment-matched | development-recalibrated gamma,hybrid previous state,moment-matched,development-recalibrated gamma,current-frame truth,current forecast before Y_n
current_top_1pct,26,3.9438877833928623,3.077829786299984,-2.0005284626954256,1.060557028784804,0.4230769230769231,3.956607083888665,1.0,0.0,1.9096197699740807,3.8589378333248856,3.0246599711726057,2.1747034274194927,0.6153846153846154,2.6049250756862063,SpiralScanPath_10,Spiral,10,evaluation,hybrid previous state | moment-matched | development-recalibrated gamma,hybrid previous state,moment-matched,development-recalibrated gamma,current-frame truth,current forecast before Y_n
overall,2501,0.47464724690054655,0.1881437980644598,0.055404361623752695,0.664483216640537,0.989204318272691,2.542543865289037,1.0,0.0,-0.08748915864482827,0.5681566743674715,0.2717668949235738,0.15550721116893704,0.010395841663334666,0.2132833985815196,SpiralScanPath_10,Spiral,10,evaluation,hybrid previous state | moment-matched | development-recalibrated gamma,hybrid previous state,moment-matched,development-recalibrated gamma,current-frame truth,current posterior after Y_n
above_camera_ceiling,76,2.4238939029138726,1.5620405127699841,-0.17327563984712482,0.8514805829873862,0.6973684210526315,3.277730547952407,1.0,0.0,0.09592061035787955,2.661661438053781,1.7782373164706033,1.1293822973167513,0.3157894736842105,1.2605813639380579,SpiralScanPath_10,Spiral,10,evaluation,hybrid previous state | moment-matched | development-recalibrated gamma,hybrid previous state,moment-matched,development-recalibrated gamma,current-frame truth,current posterior after Y_n
current_top_1pct,26,3.893001998678446,3.0267508626568653,-1.9036085214574536,0.9423088538603268,0.34615384615384615,3.6501447050382865,1.0,0.0,2.010149221290823,4.1942578602316685,3.2840757451828613,2.2751418631666374,0.6538461538461539,2.5857393574268412,SpiralScanPath_10,Spiral,10,evaluation,hybrid previous state | moment-matched | development-recalibrated gamma,hybrid previous state,moment-matched,development-recalibrated gamma,current-frame truth,current posterior after Y_n
overall,2501,0.6023282131951535,0.21890508702714537,-0.05147011095721441,0.7159318740849122,0.953218712514994,2.7395698855983683,1.0,0.0,0.07189247024795807,0.8413205711298098,0.30576245443317474,0.04119922668721991,0.04358256697321072,0.27625923664924973,SpiralScanPath_10,Spiral,10,evaluation,coherent latent previous state | mean-only | fixed gamma,coherent latent previous state,mean-only,fixed gamma,current-frame truth,current forecast before Y_n
above_camera_ceiling,76,2.465116971708921,1.6159178514831445,-0.13601873468023784,0.715931874084912,0.6578947368421053,2.753635612244377,1.0,0.0,0.1899883768327732,3.4432284145188774,2.2570832644496712,1.3318116585405515,0.34210526315789475,1.3327855550988619,SpiralScanPath_10,Spiral,10,evaluation,coherent latent previous state | mean-only | fixed gamma,coherent latent previous state,mean-only,fixed gamma,current-frame truth,current forecast before Y_n
current_top_1pct,26,3.957118302906617,3.0800343475605416,-1.948950233129396,0.7159318740849122,0.2692307692307692,2.6828400697527637,1.0,0.0,2.7222565493686113,5.527227444600808,4.302133288167078,2.8634048354633115,0.7307692307692307,2.7147248564046373,SpiralScanPath_10,Spiral,10,evaluation,coherent latent previous state | mean-only | fixed gamma,coherent latent previous state,mean-only,fixed gamma,current-frame truth,current forecast before Y_n
overall,2501,0.5999552957243602,0.22755250777423308,-0.06492241562855923,0.6584848250409084,0.9540183926429429,2.5191492494298364,1.0,0.0,0.09110012542989467,0.8679058650819506,0.3431512734793932,0.0779353926431141,0.046781287485006,0.26504447732287295,SpiralScanPath_10,Spiral,10,evaluation,coherent latent previous state | mean-only | fixed gamma,coherent latent previous state,mean-only,fixed gamma,current-frame truth,current posterior after Y_n
above_camera_ceiling,76,2.4643674457108005,1.6087923495668832,-0.13428530049095705,0.692470458689605,0.6052631578947368,2.6454278530679725,1.0,0.0,0.1633288235650594,3.5025747102855957,2.3053640641937085,1.3732789806660395,0.3815789473684211,1.3358075945417778,SpiralScanPath_10,Spiral,10,evaluation,coherent latent previous state | mean-only | fixed gamma,coherent latent previous state,mean-only,fixed gamma,current-frame truth,current posterior after Y_n
current_top_1pct,26,3.9563158545499273,3.080224295814962,-1.9371150867849827,0.703881048534903,0.2692307692307692,2.674756902059482,1.0,0.0,2.7324794311140503,5.6052587107057255,4.373347291696435,2.8776623458066797,0.7307692307692307,2.7208680502611213,SpiralScanPath_10,Spiral,10,evaluation,coherent latent previous state | mean-only | fixed gamma,coherent latent previous state,mean-only,fixed gamma,current-frame truth,current posterior after Y_n
overall,2501,0.6023282131951535,0.21890508702714537,-0.05147011095721441,2.643973938315067,0.9920031987205118,10.116221164620281,1.0,0.0,0.009567182971284621,0.4595649879327748,0.12221043849156758,0.009901906092507575,0.007197121151539384,0.677118150723882,SpiralScanPath_10,Spiral,10,evaluation,coherent latent previous state | moment-matched | fixed gamma,coherent latent previous state,moment-matched,fixed gamma,current-frame truth,current forecast before Y_n
above_camera_ceiling,76,2.465116971708921,1.6159178514831445,-0.13601873468023784,1.1012747976665072,0.75,4.215110789647759,1.0,0.0,0.14294936623729934,2.3817200120977113,1.5229996337454503,0.8360754482157162,0.23684210526315788,1.2748401828737146,SpiralScanPath_10,Spiral,10,evaluation,coherent latent previous state | moment-matched | fixed gamma,coherent latent previous state,moment-matched,fixed gamma,current-frame truth,current forecast before Y_n
current_top_1pct,26,3.957118302906617,3.0800343475605416,-1.948950233129396,1.163890051874326,0.4230769230769231,4.337483637604681,1.0,0.0,1.8524436730115919,3.8457562418110305,2.9373311209902964,2.169399783196171,0.5769230769230769,2.601626636682423,SpiralScanPath_10,Spiral,10,evaluation,coherent latent previous state | moment-matched | fixed gamma,coherent latent previous state,moment-matched,fixed gamma,current-frame truth,current forecast before Y_n
overall,2501,0.6859917078418227,0.4078509651327202,-0.09610321726946092,2.0308673093780034,0.9916033586565374,7.767555666253939,1.0,0.0,0.032774260757415116,0.5716765008908851,0.24571750008255783,0.1328918721988393,0.008396641343462616,0.5615770599436183,SpiralScanPath_10,Spiral,10,evaluation,coherent latent previous state | moment-matched | fixed gamma,coherent latent previous state,moment-matched,fixed gamma,current-frame truth,current posterior after Y_n
above_camera_ceiling,76,2.434459196098015,1.5866815026156915,-0.10334752217224637,0.9008077878194991,0.75,3.426520120871784,1.0,0.0,0.13383150409032965,2.787122087367764,1.7980165260958059,1.0438635737373492,0.25,1.2754748101682862,SpiralScanPath_10,Spiral,10,evaluation,coherent latent previous state | moment-matched | fixed gamma,coherent latent previous state,moment-matched,fixed gamma,current-frame truth,current posterior after Y_n
current_top_1pct,26,3.907180030412188,3.0272699301950774,-1.8785922876655679,0.9348428652189327,0.4230769230769231,3.567277302909529,1.0,0.0,2.1671295861804833,4.483370728179637,3.4448321336431538,2.410443563614326,0.5769230769230769,2.610973827550973,SpiralScanPath_10,Spiral,10,evaluation,coherent latent previous state | moment-matched | fixed gamma,coherent latent previous state,moment-matched,fixed gamma,current-frame truth,current posterior after Y_n
overall,2501,0.6004280317502335,0.21876199295804988,-0.0521950989335526,0.7159318740849122,0.953218712514994,2.7395698855983683,1.0,0.0,0.07290511963902598,0.8386664338945473,0.3055625833640477,0.04119922668721991,0.04358256697321072,0.27611595895780244,SpiralScanPath_10,Spiral,10,evaluation,coherent latent previous state | mean-only | development-recalibrated gamma,coherent latent previous state,mean-only,development-recalibrated gamma,current-frame truth,current forecast before Y_n
above_camera_ceiling,76,2.450126502903495,1.6116549751973903,-0.15943051441354553,0.715931874084912,0.6578947368421053,2.753635612244377,1.0,0.0,0.2226895046645688,3.4222900133273026,2.251128960080693,1.3344021272204125,0.34210526315789475,1.3285166361880827,SpiralScanPath_10,Spiral,10,evaluation,coherent latent previous state | mean-only | development-recalibrated gamma,coherent latent previous state,mean-only,development-recalibrated gamma,current-frame truth,current forecast before Y_n
current_top_1pct,26,3.9306688435913593,3.070805973637553,-2.0141523248221564,0.7159318740849122,0.2692307692307692,2.6828400697527637,1.0,0.0,2.813329588651993,5.490283343810402,4.289243271313471,2.8634048354633115,0.7307692307692307,2.7049716742945664,SpiralScanPath_10,Spiral,10,evaluation,coherent latent previous state | mean-only | development-recalibrated gamma,coherent latent previous state,mean-only,development-recalibrated gamma,current-frame truth,current forecast before Y_n
overall,2501,0.5980648238793929,0.22740941370513756,-0.06564740360489751,0.6584848250409084,0.9544182327069173,2.5191492494298364,1.0,0.0,0.09214570847491632,0.8650184194540762,0.34293040370651906,0.0779353926431141,0.046781287485006,0.2648978668240067,SpiralScanPath_10,Spiral,10,evaluation,coherent latent previous state | mean-only | development-recalibrated gamma,coherent latent previous state,mean-only,development-recalibrated gamma,current-frame truth,current posterior after Y_n
above_camera_ceiling,76,2.4495084896729744,1.6045294732811284,-0.15769708022426698,0.692470458689605,0.618421052631579,2.6454278530679725,1.0,0.0,0.19710327708672618,3.4794287356013145,2.2987291882199457,1.3732789806660395,0.3815789473684211,1.331424043863304,SpiralScanPath_10,Spiral,10,evaluation,coherent latent previous state | mean-only | development-recalibrated gamma,coherent latent previous state,mean-only,development-recalibrated gamma,current-frame truth,current posterior after Y_n
current_top_1pct,26,3.930059043222813,3.070995921891971,-2.00231717847775,0.703881048534903,0.2692307692307692,2.674756902059482,1.0,0.0,2.8257860385413505,5.564591609447527,4.359371757101471,2.8776623458066797,0.7307692307692307,2.7109399025923864,SpiralScanPath_10,Spiral,10,evaluation,coherent latent previous state | mean-only | development-recalibrated gamma,coherent latent previous state,mean-only,development-recalibrated gamma,current-frame truth,current posterior after Y_n
overall,2501,0.6004280317502335,0.21876199295804988,-0.0521950989335526,2.643973938315067,0.9920031987205118,10.116221164620281,1.0,0.0,0.010269666993281674,0.4552345437191362,0.12199452926213145,0.009901906092507575,0.007197121151539384,0.6769669773662242,SpiralScanPath_10,Spiral,10,evaluation,coherent latent previous state | moment-matched | development-recalibrated gamma,coherent latent previous state,moment-matched,development-recalibrated gamma,current-frame truth,current forecast before Y_n
above_camera_ceiling,76,2.450126502903495,1.6116549751973903,-0.15943051441354553,1.1012747976665072,0.75,4.215110789647759,1.0,0.0,0.1656655038909073,2.3544556707922437,1.5162956481470378,0.8360754482157162,0.23684210526315788,1.2702418737009153,SpiralScanPath_10,Spiral,10,evaluation,coherent latent previous state | moment-matched | development-recalibrated gamma,coherent latent previous state,moment-matched,development-recalibrated gamma,current-frame truth,current forecast before Y_n
current_top_1pct,26,3.9306688435913593,3.070805973637553,-2.0141523248221564,1.163890051874326,0.4230769230769231,4.337483637604681,1.0,0.0,1.915187331352071,3.7975069065101192,2.9213922148111586,2.169399783196171,0.5769230769230769,2.590647979423081,SpiralScanPath_10,Spiral,10,evaluation,coherent latent previous state | moment-matched | development-recalibrated gamma,coherent latent previous state,moment-matched,development-recalibrated gamma,current-frame truth,current forecast before Y_n
overall,2501,0.6843027769498324,0.40770787106362466,-0.0968282052457991,2.0308673093780034,0.9916033586565374,7.767555666253939,1.0,0.0,0.033605148834568416,0.5677157662411125,0.24549975224800416,0.1328918721988393,0.008396641343462616,0.5614313653503769,SpiralScanPath_10,Spiral,10,evaluation,coherent latent previous state | moment-matched | development-recalibrated gamma,coherent latent previous state,moment-matched,development-recalibrated gamma,current-frame truth,current posterior after Y_n
above_camera_ceiling,76,2.4191014843222725,1.5824186263299358,-0.12675930190555407,0.9008077878194991,0.75,3.426520120871784,1.0,0.0,0.16071071889220526,2.7606687138781107,1.7913144658563223,1.0438635737373492,0.25,1.2710966195558404,SpiralScanPath_10,Spiral,10,evaluation,coherent latent previous state | moment-matched | development-recalibrated gamma,coherent latent previous state,moment-matched,development-recalibrated gamma,current-frame truth,current posterior after Y_n
current_top_1pct,26,3.8801052242980205,3.018041556272084,-1.9437943793583286,0.9348428652189327,0.4230769230769231,3.567277302909529,1.0,0.0,2.2415274627496946,4.436592194182077,3.429413631948625,2.410443563614326,0.5769230769230769,2.6006561190910022,SpiralScanPath_10,Spiral,10,evaluation,coherent latent previous state | moment-matched | development-recalibrated gamma,coherent latent previous state,moment-matched,development-recalibrated gamma,current-frame truth,current posterior after Y_n
overall,2501,0.7390481730167381,0.03225247695239064,0.02858747324721824,0.7159318740849122,0.9972011195521792,2.739569885598369,1.0,0.0,-0.03993043791178888,1.0322884058785238,0.04504964525237128,5.729520006235928e-05,0.0027988804478208716,0.1927565660400006,SpiralScanPath_10,Spiral,10,evaluation,strict oracle | exact previous state | fixed gamma,true previous state,exact state; innovation only,fixed gamma,current-frame truth,current forecast before Y_n
above_camera_ceiling,76,4.238471427112013,0.9862886231158975,0.976606845511351,0.715931874084912,0.9078947368421053,2.753635612244377,1.0,0.0,-1.3641058330579674,5.9202161274486205,1.377629155534595,0.08600732569216914,0.09210526315789473,1.0051957864731418,SpiralScanPath_10,Spiral,10,evaluation,strict oracle | exact previous state | fixed gamma,true previous state,exact state; innovation only,fixed gamma,current-frame truth,current forecast before Y_n
current_top_1pct,26,7.2438745994702805,2.761077251750213,2.756412794979713,0.7159318740849122,0.7307692307692307,2.6828400697527637,1.0,0.0,-3.850104869968106,10.118106012152673,3.8566200943062623,0.5281754826879062,0.2692307692307692,2.5929254852036934,SpiralScanPath_10,Spiral,10,evaluation,strict oracle | exact previous state | fixed gamma,true previous state,exact state; innovation only,fixed gamma,current-frame truth,current forecast before Y_n
overall,2501,0.7420164569315182,0.0810851568962181,0.03218175659998976,0.6586417992247035,0.9972011195521792,2.5204781344264413,1.0,0.0,-0.04630029662265566,1.058273069656351,0.12811653930605946,0.045489272707749884,0.0027988804478208716,0.18366527679531344,SpiralScanPath_10,Spiral,10,evaluation,strict oracle | exact previous state | fixed gamma,true previous state,exact state; innovation only,fixed gamma,current-frame truth,current posterior after Y_n
above_camera_ceiling,76,4.23144557674811,1.0051474127236297,0.9744260210131503,0.6945943530948466,0.9078947368421053,2.65776839978296,1.0,0.0,-1.3844659666687675,6.012900624700647,1.4310604340554738,0.17329660445108658,0.09210526315789473,0.996078938512011,SpiralScanPath_10,Spiral,10,evaluation,strict oracle | exact previous state | fixed gamma,true previous state,exact state; innovation only,fixed gamma,current-frame truth,current posterior after Y_n
current_top_1pct,26,7.231399255480415,2.7372438637275684,2.7309838088944765,0.7080100856377023,0.7307692307692307,2.7126450810938034,1.0,0.0,-3.876111853198604,10.275193737302978,3.8848768774878484,0.464393867264406,0.2692307692307692,2.579747726026808,SpiralScanPath_10,Spiral,10,evaluation,strict oracle | exact previous state | fixed gamma,true previous state,exact state; innovation only,fixed gamma,current-frame truth,current posterior after Y_n
overall,2501,0.4768757539604225,0.02417821430443059,0.006672005366728039,0.7159318740849122,0.9976009596161536,2.739569885598369,1.0,0.0,-0.009319329964538936,0.6660909665042559,0.03377166903671474,5.729520006235928e-05,0.0023990403838464614,0.18486073528189984,SpiralScanPath_10,Spiral,10,evaluation,recalibrated oracle | exact previous state | development-recalibrated gamma,true previous state,exact state; innovation only,development-recalibrated gamma,current-frame truth,current forecast before Y_n
above_camera_ceiling,76,2.7350105273422667,0.7265126251781333,0.26889840962542316,0.715931874084912,0.9210526315789473,2.753635612244377,1.0,0.0,-0.3755921748408297,3.8202105903415653,1.0147789915161205,0.08600732569216914,0.07894736842105263,0.7483266251205042,SpiralScanPath_10,Spiral,10,evaluation,recalibrated oracle | exact previous state | development-recalibrated gamma,true previous state,exact state; innovation only,development-recalibrated gamma,current-frame truth,current forecast before Y_n
current_top_1pct,26,4.669116460978242,1.9924862794007805,0.7854361817525816,0.7159318740849122,0.7692307692307693,2.6828400697527637,1.0,0.0,-1.0970822925805728,6.52173290502843,2.7830668692430143,0.5281754826879062,0.23076923076923078,1.83074834068265,SpiralScanPath_10,Spiral,10,evaluation,recalibrated oracle | exact previous state | development-recalibrated gamma,true previous state,exact state; innovation only,development-recalibrated gamma,current-frame truth,current forecast before Y_n
overall,2501,0.4834708754377519,0.07327851708143782,0.010266288719499582,0.6586417992247035,0.9972011195521792,2.5204781344264413,1.0,0.0,-0.014693654281643898,0.6959809118839488,0.11720997753197943,0.045489272707749884,0.0027988804478208716,0.17592498031749285,SpiralScanPath_10,Spiral,10,evaluation,recalibrated oracle | exact previous state | development-recalibrated gamma,true previous state,exact state; innovation only,development-recalibrated gamma,current-frame truth,current posterior after Y_n
above_camera_ceiling,76,2.7355947047597446,0.7531526954959896,0.26671758512722327,0.6945943530948466,0.9078947368421053,2.65776839978296,1.0,0.0,-0.3635073038496638,3.9051785382891744,1.0791151057413984,0.17329660445108658,0.09210526315789473,0.7423202709725812,SpiralScanPath_10,Spiral,10,evaluation,recalibrated oracle | exact previous state | development-recalibrated gamma,true previous state,exact state; innovation only,development-recalibrated gamma,current-frame truth,current posterior after Y_n
current_top_1pct,26,4.666803323433895,1.9727623748424254,0.7600071956673451,0.7080100856377023,0.7692307692307693,2.7126450810938034,1.0,0.0,-1.055572133040065,6.6561423288279755,2.8033479262790504,0.464393867264406,0.23076923076923078,1.814379621376414,SpiralScanPath_10,Spiral,10,evaluation,recalibrated oracle | exact previous state | development-recalibrated gamma,true previous state,exact state; innovation only,development-recalibrated gamma,current-frame truth,current posterior after Y_n
overall,2501,0.49762256111758735,0.16787750598036258,0.05077686618975957,0.7159318740849122,0.991203518592563,2.743429666361327,1.0,0.0,-0.07092415916620755,0.6950697114214074,0.23448810153192268,0.10637976913069899,0.008396641343462616,0.22152838534577846,SpiralScanPath_11,Spiral,11,evaluation,hybrid previous state | mean-only | fixed gamma,hybrid previous state,mean-only,fixed gamma,current-frame truth,current forecast before Y_n
above_camera_ceiling,76,2.6242367141418614,1.4471654407606833,-0.8134830842702853,0.715931874084912,0.7236842105263158,2.7801960929271208,1.0,0.0,1.1362576715976793,3.665483838802541,2.021373112644855,0.7758233523366894,0.27631578947368424,1.2529742919554145,SpiralScanPath_11,Spiral,11,evaluation,hybrid previous state | mean-only | fixed gamma,hybrid previous state,mean-only,fixed gamma,current-frame truth,current forecast before Y_n
current_top_1pct,26,4.430012126630628,3.4780682373738965,-2.634294286915808,0.7159318740849122,0.23076923076923078,2.803303883227178,1.0,0.0,3.679532064811198,6.187756526824522,4.858099441122779,3.195234817502369,0.7692307692307693,3.0917970247743707,SpiralScanPath_11,Spiral,11,evaluation,hybrid previous state | mean-only | fixed gamma,hybrid previous state,mean-only,fixed gamma,current-frame truth,current forecast before Y_n
overall,2501,0.5008246794009811,0.18523585912137566,0.03434311705908668,0.6581382728257271,0.9920031987205118,2.5202359835778583,1.0,0.0,-0.054743944921624085,0.7239758071138688,0.28335301839026206,0.15709961079387355,0.007996801279488205,0.21113919777966564,SpiralScanPath_11,Spiral,11,evaluation,hybrid previous state | mean-only | fixed gamma,hybrid previous state,mean-only,fixed gamma,current-frame truth,current posterior after Y_n
above_camera_ceiling,76,2.6286807322530117,1.4558558720208203,-0.7937468307234601,0.687471830937653,0.75,2.624706795420196,1.0,0.0,1.116398665228463,3.732999517667248,2.0873333771383353,0.7271485450212882,0.25,1.2544354098585344,SpiralScanPath_11,Spiral,11,evaluation,hybrid previous state | mean-only | fixed gamma,hybrid previous state,mean-only,fixed gamma,current-frame truth,current posterior after Y_n
current_top_1pct,26,4.437417338185932,3.4829544193783044,-2.6550724820496896,0.6994786981525796,0.2692307692307692,2.6395432342054006,1.0,0.0,3.7719142118600155,6.2953776966204495,4.965201757115821,3.2386695951880973,0.7307692307692307,3.101800868071235,SpiralScanPath_11,Spiral,11,evaluation,hybrid previous state | mean-only | fixed gamma,hybrid previous state,mean-only,fixed gamma,current-frame truth,current posterior after Y_n
overall,2501,0.49762256111758735,0.16787750598036258,0.05077686618975957,0.7196521052274558,0.9924030387844862,2.7579035529120226,1.0,0.0,-0.07459473172907527,0.6093151561196916,0.22613670607582986,0.10550549634356744,0.007197121151539384,0.22137453493687104,SpiralScanPath_11,Spiral,11,evaluation,hybrid previous state | moment-matched | fixed gamma,hybrid previous state,moment-matched,fixed gamma,current-frame truth,current forecast before Y_n
above_camera_ceiling,76,2.6242367141418614,1.4471654407606833,-0.8134830842702853,0.8194363081148522,0.7631578947368421,3.1833638949195264,1.0,0.0,1.0117793279378529,3.125344700981534,1.755980165543712,0.6549247662964468,0.23684210526315788,1.2447117591391545,SpiralScanPath_11,Spiral,11,evaluation,hybrid previous state | moment-matched | fixed gamma,hybrid previous state,moment-matched,fixed gamma,current-frame truth,current forecast before Y_n
current_top_1pct,26,4.430012126630628,3.4780682373738965,-2.634294286915808,0.8216759425186704,0.3076923076923077,3.2223642239492127,1.0,0.0,3.265340912556012,5.265767346112391,4.192478196011906,2.942085968463704,0.6923076923076923,3.040899332459636,SpiralScanPath_11,Spiral,11,evaluation,hybrid previous state | moment-matched | fixed gamma,hybrid previous state,moment-matched,fixed gamma,current-frame truth,current forecast before Y_n
overall,2501,0.4990861616385486,0.1854629250290281,0.03617111006232266,0.6613029394323926,0.9924030387844862,2.5316626192269385,1.0,0.0,-0.06009027613540017,0.6445062291529072,0.27577312236717394,0.15708636505935283,0.0075969612155137945,0.21170540401763355,SpiralScanPath_11,Spiral,11,evaluation,hybrid previous state | moment-matched | fixed gamma,hybrid previous state,moment-matched,fixed gamma,current-frame truth,current posterior after Y_n
above_camera_ceiling,76,2.6172513810613998,1.4620716729696142,-0.7371928205353293,0.7749375676652264,0.75,2.9739196037246574,1.0,0.0,0.9388216331603335,3.219482905724972,1.8467888130978392,0.6736580877478753,0.25,1.2534587032856488,SpiralScanPath_11,Spiral,11,evaluation,hybrid previous state | moment-matched | fixed gamma,hybrid previous state,moment-matched,fixed gamma,current-frame truth,current posterior after Y_n
current_top_1pct,26,4.411152666460653,3.4409239156310147,-2.5983379215604385,0.7897913883483442,0.2692307692307692,3.0074671654815837,1.0,0.0,3.3267866581927006,5.410593906842419,4.300748175823388,2.9567657157977503,0.7307692307692307,3.0469788977448022,SpiralScanPath_11,Spiral,11,evaluation,hybrid previous state | moment-matched | fixed gamma,hybrid previous state,moment-matched,fixed gamma,current-frame truth,current posterior after Y_n
overall,2501,0.4961081980883709,0.16770718619760613,0.05025018853895399,0.7159318740849122,0.991203518592563,2.743429666361327,1.0,0.0,-0.07018850585914006,0.6929544779976239,0.2342502021047263,0.10610094907431018,0.008396641343462616,0.22137565437465712,SpiralScanPath_11,Spiral,11,evaluation,hybrid previous state | mean-only | development-recalibrated gamma,hybrid previous state,mean-only,development-recalibrated gamma,current-frame truth,current forecast before Y_n
above_camera_ceiling,76,2.614784170283722,1.4415605752781333,-0.8308149369632428,0.715931874084912,0.7236842105263158,2.7801960929271208,1.0,0.0,1.1604664731894656,3.652280705654961,2.013544343336722,0.7758233523366894,0.27631578947368424,1.2479482372346968,SpiralScanPath_11,Spiral,11,evaluation,hybrid previous state | mean-only | development-recalibrated gamma,hybrid previous state,mean-only,development-recalibrated gamma,current-frame truth,current forecast before Y_n
current_top_1pct,26,4.414272364653403,3.465559461270868,-2.681081948710797,0.7159318740849122,0.23076923076923078,2.803303883227178,1.0,0.0,3.744884179291074,6.165771527207984,4.840627421010508,3.195234817502369,0.7692307692307693,3.0789500910873704,SpiralScanPath_11,Spiral,11,evaluation,hybrid previous state | mean-only | development-recalibrated gamma,hybrid previous state,mean-only,development-recalibrated gamma,current-frame truth,current forecast before Y_n
overall,2501,0.49944187298950726,0.185097986733322,0.03381643940828114,0.6581382728257271,0.9920031987205118,2.5202359835778583,1.0,0.0,-0.05398325400237998,0.7218588552709655,0.28315434505520043,0.15709961079387355,0.007996801279488205,0.21099072251210085,SpiralScanPath_11,Spiral,11,evaluation,hybrid previous state | mean-only | development-recalibrated gamma,hybrid previous state,mean-only,development-recalibrated gamma,current-frame truth,current posterior after Y_n
above_camera_ceiling,76,2.620008590588098,1.451318781987634,-0.8110786834164161,0.687471830937653,0.75,2.624706795420196,1.0,0.0,1.1414314019262197,3.7194841246568893,2.0807954559411086,0.7271485450212882,0.25,1.2495494013824875,SpiralScanPath_11,Spiral,11,evaluation,hybrid previous state | mean-only | development-recalibrated gamma,hybrid previous state,mean-only,development-recalibrated gamma,current-frame truth,current posterior after Y_n
current_top_1pct,26,4.42284883493049,3.4704456432752804,-2.7018601438446783,0.6994786981525796,0.2692307692307692,2.6395432342054006,1.0,0.0,3.8389386837857638,6.27255300598429,4.946757881897711,3.2386695951880973,0.7307692307692307,3.0888827220086483,SpiralScanPath_11,Spiral,11,evaluation,hybrid previous state | mean-only | development-recalibrated gamma,hybrid previous state,mean-only,development-recalibrated gamma,current-frame truth,current posterior after Y_n
overall,2501,0.4961081980883709,0.16770718619760613,0.05025018853895399,0.7196521052274558,0.9924030387844862,2.7579035529120226,1.0,0.0,-0.07401768802545194,0.6075043859367579,0.22593623182124142,0.10484008615398425,0.007197121151539384,0.2212227444951446,SpiralScanPath_11,Spiral,11,evaluation,hybrid previous state | moment-matched | development-recalibrated gamma,hybrid previous state,moment-matched,development-recalibrated gamma,current-frame truth,current forecast before Y_n
above_camera_ceiling,76,2.614784170283722,1.4415605752781333,-0.8308149369632428,0.8194363081148522,0.7631578947368421,3.1833638949195264,1.0,0.0,1.0307686213952467,3.113722994249964,1.7493829798762706,0.6503756636773228,0.23684210526315788,1.2397166552607624,SpiralScanPath_11,Spiral,11,evaluation,hybrid previous state | moment-matched | development-recalibrated gamma,hybrid previous state,moment-matched,development-recalibrated gamma,current-frame truth,current forecast before Y_n
current_top_1pct,26,4.414272364653403,3.465559461270868,-2.681081948710797,0.8216759425186704,0.3076923076923077,3.2223642239492127,1.0,0.0,3.3161327150251387,5.246440445101289,4.1779094778518715,2.942085968463704,0.6923076923076923,3.028017002057233,SpiralScanPath_11,Spiral,11,evaluation,hybrid previous state | moment-matched | development-recalibrated gamma,hybrid previous state,moment-matched,development-recalibrated gamma,current-frame truth,current forecast before Y_n
overall,2501,0.49760345308036763,0.18532505264097435,0.035644432411517026,0.6613029394323926,0.9924030387844862,2.5316626192269385,1.0,0.0,-0.05948106434121099,0.6425876652450416,0.2756047746593838,0.15708636505935283,0.0075969612155137945,0.21155878072177295,SpiralScanPath_11,Spiral,11,evaluation,hybrid previous state | moment-matched | development-recalibrated gamma,hybrid previous state,moment-matched,development-recalibrated gamma,current-frame truth,current posterior after Y_n
above_camera_ceiling,76,2.607944304914028,1.4575345829364248,-0.7545246732282883,0.7749375676652264,0.75,2.9739196037246574,1.0,0.0,0.9588695107559536,3.2068377492434794,1.841248844450692,0.6736580877478753,0.25,1.2486336392994983,SpiralScanPath_11,Spiral,11,evaluation,hybrid previous state | moment-matched | development-recalibrated gamma,hybrid previous state,moment-matched,development-recalibrated gamma,current-frame truth,current posterior after Y_n
current_top_1pct,26,4.3955104833957455,3.428415139527986,-2.6451255833554317,0.7897913883483442,0.2692307692307692,3.0074671654815837,1.0,0.0,3.3801242339952617,5.389270818162374,4.285187983611554,2.9567657157977503,0.7307692307692307,3.0340922309336986,SpiralScanPath_11,Spiral,11,evaluation,hybrid previous state | moment-matched | development-recalibrated gamma,hybrid previous state,moment-matched,development-recalibrated gamma,current-frame truth,current posterior after Y_n
overall,2501,0.6273483239498606,0.2202894400073836,-0.09513203846309347,0.7159318740849122,0.9564174330267893,2.7434296663613273,1.0,0.0,0.13287861863209965,0.8762681850863575,0.30769609229782163,0.0560697180026344,0.04358256697321072,0.2754848963711836,SpiralScanPath_11,Spiral,11,evaluation,coherent latent previous state | mean-only | fixed gamma,coherent latent previous state,mean-only,fixed gamma,current-frame truth,current forecast before Y_n
above_camera_ceiling,76,2.632785995460359,1.4699460858122482,-0.7659259241119191,0.715931874084912,0.7236842105263158,2.7801960929271208,1.0,0.0,1.069830736466243,3.6774253120459632,2.0531926835791463,0.8525028803751351,0.2631578947368421,1.266993716580842,SpiralScanPath_11,Spiral,11,evaluation,coherent latent previous state | mean-only | fixed gamma,coherent latent previous state,mean-only,fixed gamma,current-frame truth,current forecast before Y_n
current_top_1pct,26,4.436130688745463,3.4833980917152543,-2.6378752521171362,0.7159318740849122,0.23076923076923078,2.803303883227178,1.0,0.0,3.6845338887709222,6.1963028178004,4.865544080109094,3.199251365796872,0.7692307692307693,3.0972943914819355,SpiralScanPath_11,Spiral,11,evaluation,coherent latent previous state | mean-only | fixed gamma,coherent latent previous state,mean-only,fixed gamma,current-frame truth,current forecast before Y_n
overall,2501,0.6256064502525479,0.22381539158806524,-0.11106390680903837,0.6581668637151112,0.9500199920031988,2.5196966792336264,1.0,0.0,0.157912016348549,0.9046420069932544,0.33846679265595137,0.07811340433236322,0.048380647740903636,0.26417929089582376,SpiralScanPath_11,Spiral,11,evaluation,coherent latent previous state | mean-only | fixed gamma,coherent latent previous state,mean-only,fixed gamma,current-frame truth,current posterior after Y_n
above_camera_ceiling,76,2.634942268448651,1.474848308137204,-0.7413575484804549,0.6883086046653704,0.7236842105263158,2.64331997431077,1.0,0.0,1.0343281941099967,3.7429782463233083,2.1178398508586276,0.8049629051448544,0.2631578947368421,1.2770237702438678,SpiralScanPath_11,Spiral,11,evaluation,coherent latent previous state | mean-only | fixed gamma,coherent latent previous state,mean-only,fixed gamma,current-frame truth,current posterior after Y_n
current_top_1pct,26,4.441278439042124,3.4850242514961915,-2.655304667815489,0.6998316313248749,0.23076923076923078,2.686340112469841,1.0,0.0,3.7700401982097977,6.299150403577295,4.965976479217716,3.236370515439736,0.7692307692307693,3.123392123649213,SpiralScanPath_11,Spiral,11,evaluation,coherent latent previous state | mean-only | fixed gamma,coherent latent previous state,mean-only,fixed gamma,current-frame truth,current posterior after Y_n
overall,2501,0.6273483239498606,0.2202894400073836,-0.09513203846309347,2.6334326586385712,0.9936025589764095,10.088932458204848,1.0,0.0,0.045706595483378305,0.5642857484687555,0.12669975842763853,0.014105047712869754,0.006797281087564974,0.6737774216557575,SpiralScanPath_11,Spiral,11,evaluation,coherent latent previous state | moment-matched | fixed gamma,coherent latent previous state,moment-matched,fixed gamma,current-frame truth,current forecast before Y_n
above_camera_ceiling,76,2.632785995460359,1.4699460858122482,-0.7659259241119191,0.9581149386422636,0.7894736842105263,3.7180457646872576,1.0,0.0,0.9394168679431051,3.0628968322551517,1.6701304158900783,0.6254700748854237,0.2236842105263158,1.2598415675299557,SpiralScanPath_11,Spiral,11,evaluation,coherent latent previous state | moment-matched | fixed gamma,coherent latent previous state,moment-matched,fixed gamma,current-frame truth,current forecast before Y_n
current_top_1pct,26,4.436130688745463,3.4833980917152543,-2.6378752521171362,0.8760461286885317,0.38461538461538464,3.4249255333449926,1.0,0.0,3.1383087843477804,5.180517715912198,4.054057579678863,2.6837823405663976,0.6538461538461539,3.0246618308699498,SpiralScanPath_11,Spiral,11,evaluation,coherent latent previous state | moment-matched | fixed gamma,coherent latent previous state,moment-matched,fixed gamma,current-frame truth,current forecast before Y_n
overall,2501,0.6935946519202132,0.383844844249546,-0.13884951144481425,2.0234005944335793,0.9924030387844862,7.751588809118453,1.0,0.0,0.07194069612353163,0.639118945757427,0.23363366141948383,0.12027928157224589,0.007197121151539384,0.5558846402363005,SpiralScanPath_11,Spiral,11,evaluation,coherent latent previous state | moment-matched | fixed gamma,coherent latent previous state,moment-matched,fixed gamma,current-frame truth,current posterior after Y_n
above_camera_ceiling,76,2.637982441038273,1.4920646564568876,-0.7104772521342726,0.8510344414132307,0.7631578947368421,3.243458878831435,1.0,0.0,0.9304230413609048,3.3105289337445716,1.8507253818350062,0.6846926418147876,0.23684210526315788,1.272657700548258,SpiralScanPath_11,Spiral,11,evaluation,coherent latent previous state | moment-matched | fixed gamma,coherent latent previous state,moment-matched,fixed gamma,current-frame truth,current posterior after Y_n
current_top_1pct,26,4.439396530425829,3.4706578080133808,-2.6221870363760704,0.800700792900932,0.3076923076923077,3.0472003847064286,1.0,0.0,3.370158595113037,5.587275047506628,4.386846419275378,2.8982739795358317,0.6923076923076923,3.0846396817066486,SpiralScanPath_11,Spiral,11,evaluation,coherent latent previous state | moment-matched | fixed gamma,coherent latent previous state,moment-matched,fixed gamma,current-frame truth,current posterior after Y_n
overall,2501,0.6257281701756018,0.22005272006541757,-0.0958640444633113,0.7159318740849122,0.9564174330267893,2.7434296663613273,1.0,0.0,0.13390107066519774,0.874005185165688,0.30736544639346297,0.0560697180026344,0.04358256697321072,0.2752521884035555,SpiralScanPath_11,Spiral,11,evaluation,coherent latent previous state | mean-only | development-recalibrated gamma,coherent latent previous state,mean-only,development-recalibrated gamma,current-frame truth,current forecast before Y_n
above_camera_ceiling,76,2.6200674150997134,1.4621561308799187,-0.7900147005138245,0.715931874084912,0.7236842105263158,2.7801960929271208,1.0,0.0,1.1034774803449046,3.659660241344365,2.0423118229633412,0.8525028803751351,0.2631578947368421,1.2593357872777105,SpiralScanPath_11,Spiral,11,evaluation,coherent latent previous state | mean-only | development-recalibrated gamma,coherent latent previous state,mean-only,development-recalibrated gamma,current-frame truth,current forecast before Y_n
current_top_1pct,26,4.4154260790097215,3.4660126964003135,-2.702903356343145,0.7159318740849122,0.23076923076923078,2.803303883227178,1.0,0.0,3.77536390567599,6.167383013437441,4.84126049120315,3.199251365796872,0.7692307692307693,3.079421011776208,SpiralScanPath_11,Spiral,11,evaluation,coherent latent previous state | mean-only | development-recalibrated gamma,coherent latent previous state,mean-only,development-recalibrated gamma,current-frame truth,current forecast before Y_n
overall,2501,0.6241172836129139,0.22357867164609913,-0.11179591280925624,0.6581668637151112,0.9504198320671732,2.5196966792336264,1.0,0.0,0.15896926703269498,0.9023294195048508,0.33811146942340203,0.07811340433236322,0.048380647740903636,0.26394909705780006,SpiralScanPath_11,Spiral,11,evaluation,coherent latent previous state | mean-only | development-recalibrated gamma,coherent latent previous state,mean-only,development-recalibrated gamma,current-frame truth,current posterior after Y_n
above_camera_ceiling,76,2.623295184075658,1.4670583532048713,-0.7654463248823618,0.6883086046653704,0.7368421052631579,2.64331997431077,1.0,0.0,1.0691200883343264,3.7245632383023217,2.106146911324338,0.8049629051448544,0.2631578947368421,1.2694485756531153,SpiralScanPath_11,Spiral,11,evaluation,coherent latent previous state | mean-only | development-recalibrated gamma,coherent latent previous state,mean-only,development-recalibrated gamma,current-frame truth,current posterior after Y_n
current_top_1pct,26,4.422188715696811,3.4676388561812486,-2.720332772041495,0.6998316313248749,0.23076923076923078,2.686340112469841,1.0,0.0,3.8631945489220763,6.269102982327519,4.940342149907094,3.236370515439736,0.7692307692307693,3.105630736104327,SpiralScanPath_11,Spiral,11,evaluation,coherent latent previous state | mean-only | development-recalibrated gamma,coherent latent previous state,mean-only,development-recalibrated gamma,current-frame truth,current posterior after Y_n
overall,2501,0.6257281701756018,0.22005272006541757,-0.0958640444633113,2.6334326586385712,0.9936025589764095,10.088932458204848,1.0,0.0,0.04648863789812098,0.5616550655416161,0.12643048356999237,0.014105047712869754,0.006797281087564974,0.6735486615231909,SpiralScanPath_11,Spiral,11,evaluation,coherent latent previous state | moment-matched | development-recalibrated gamma,coherent latent previous state,moment-matched,development-recalibrated gamma,current-frame truth,current forecast before Y_n
above_camera_ceiling,76,2.6200674150997134,1.4621561308799187,-0.7900147005138245,0.9581149386422636,0.7894736842105263,3.7180457646872576,1.0,0.0,0.9651522374072028,3.046943393318637,1.6612691472193792,0.6254700748854237,0.2236842105263158,1.2523135531674703,SpiralScanPath_11,Spiral,11,evaluation,coherent latent previous state | moment-matched | development-recalibrated gamma,coherent latent previous state,moment-matched,development-recalibrated gamma,current-frame truth,current forecast before Y_n
current_top_1pct,26,4.4154260790097215,3.4660126964003135,-2.702903356343145,0.8760461286885317,0.38461538461538464,3.4249255333449926,1.0,0.0,3.2078486869003373,5.154240561069346,4.033841971753164,2.6837823405663976,0.6538461538461539,3.006668017015208,SpiralScanPath_11,Spiral,11,evaluation,coherent latent previous state | moment-matched | development-recalibrated gamma,coherent latent previous state,moment-matched,development-recalibrated gamma,current-frame truth,current forecast before Y_n
overall,2501,0.6921618748108836,0.38360812430757996,-0.13958151744503206,2.0234005944335793,0.9924030387844862,7.751588809118453,1.0,0.0,0.07280593473195472,0.6363837094451227,0.23333607265749828,0.12027928157224589,0.007197121151539384,0.5556507103631496,SpiralScanPath_11,Spiral,11,evaluation,coherent latent previous state | moment-matched | development-recalibrated gamma,coherent latent previous state,moment-matched,development-recalibrated gamma,current-frame truth,current posterior after Y_n
above_camera_ceiling,76,2.6255691544492663,1.4842747015245565,-0.7345660285361766,0.8510344414132307,0.7631578947368421,3.243458878831435,1.0,0.0,0.9588962224091439,3.2931432885930265,1.8409323621807188,0.6846926418147876,0.23684210526315788,1.2649595609068083,SpiralScanPath_11,Spiral,11,evaluation,coherent latent previous state | moment-matched | development-recalibrated gamma,coherent latent previous state,moment-matched,development-recalibrated gamma,current-frame truth,current posterior after Y_n
current_top_1pct,26,4.419086637338226,3.453272412698438,-2.6872151406020723,0.800700792900932,0.3076923076923077,3.0472003847064286,1.0,0.0,3.4470173211449078,5.5585279259770175,4.36459124193352,2.8982739795358317,0.6923076923076923,3.0663685835770282,SpiralScanPath_11,Spiral,11,evaluation,coherent latent previous state | moment-matched | development-recalibrated gamma,coherent latent previous state,moment-matched,development-recalibrated gamma,current-frame truth,current posterior after Y_n
overall,2501,0.7214888477399539,0.032062981961386176,0.028174814332526884,0.7159318740849122,0.9972011195521792,2.7434296663613273,1.0,0.0,-0.039354043802756075,1.0077618749160238,0.044784962259668,8.273253586432609e-05,0.0027988804478208716,0.1925925250909613,SpiralScanPath_11,Spiral,11,evaluation,strict oracle | exact previous state | fixed gamma,true previous state,exact state; innovation only,fixed gamma,current-frame truth,current forecast before Y_n
above_camera_ceiling,76,4.138639358008373,0.989090375094143,0.9736604549263147,0.715931874084912,0.9078947368421053,2.7801960929271208,1.0,0.0,-1.3599903708307794,5.7807725955745255,1.3815425893118332,0.09344959386018067,0.09210526315789473,0.9996121424045181,SpiralScanPath_11,Spiral,11,evaluation,strict oracle | exact previous state | fixed gamma,true previous state,exact state; innovation only,fixed gamma,current-frame truth,current forecast before Y_n
current_top_1pct,26,7.06974438666035,2.721470302526213,2.7169516182094378,0.7159318740849122,0.7307692307692307,2.803303883227178,1.0,0.0,-3.7949862501682627,9.874884248863394,3.8012978623206766,0.5225853301585963,0.2692307692307692,2.562432526684149,SpiralScanPath_11,Spiral,11,evaluation,strict oracle | exact previous state | fixed gamma,true previous state,exact state; innovation only,fixed gamma,current-frame truth,current forecast before Y_n
overall,2501,0.7247742121612216,0.0785729081702067,0.032212546588960674,0.6582449950281252,0.9972011195521792,2.5194053854609413,1.0,0.0,-0.04652429138197433,1.0344912817241736,0.12440950865786309,0.045507337278137515,0.0027988804478208716,0.18289826446138913,SpiralScanPath_11,Spiral,11,evaluation,strict oracle | exact previous state | fixed gamma,true previous state,exact state; innovation only,fixed gamma,current-frame truth,current posterior after Y_n
above_camera_ceiling,76,4.135682445202669,1.0035948531345156,0.9865642535965227,0.6905806998686451,0.9078947368421053,2.651297478875813,1.0,0.0,-1.4074688647233662,5.882040343354083,1.4316091118410128,0.1493855905731683,0.09210526315789473,0.9921138386791363,SpiralScanPath_11,Spiral,11,evaluation,strict oracle | exact previous state | fixed gamma,true previous state,exact state; innovation only,fixed gamma,current-frame truth,current posterior after Y_n
current_top_1pct,26,7.064183992043516,2.7093585991730915,2.703877440779494,0.7073514002210946,0.7307692307692307,2.730884459763954,1.0,0.0,-3.8407040672535393,10.046156921892269,3.8483780290151746,0.5070213273784117,0.2692307692307692,2.544369221421919,SpiralScanPath_11,Spiral,11,evaluation,strict oracle | exact previous state | fixed gamma,true previous state,exact state; innovation only,fixed gamma,current-frame truth,current posterior after Y_n
overall,2501,0.49689329067845595,0.02462812371791805,0.00604720048280857,0.7159318740849122,0.9976009596161536,2.7434296663613273,1.0,0.0,-0.00844661440802306,0.6940510803679101,0.034400093932676415,8.273253586432609e-05,0.0023990403838464614,0.18539347571687248,SpiralScanPath_11,Spiral,11,evaluation,recalibrated oracle | exact previous state | development-recalibrated gamma,true previous state,exact state; innovation only,development-recalibrated gamma,current-frame truth,current forecast before Y_n
above_camera_ceiling,76,2.850142736418989,0.7444248426347511,0.24548726758229497,0.715931874084912,0.9210526315789473,2.7801960929271208,1.0,0.0,-0.34289193772252596,3.9810250661935904,1.0397984355512286,0.09148862360941219,0.07894736842105263,0.7627065833966731,SpiralScanPath_11,Spiral,11,evaluation,recalibrated oracle | exact previous state | development-recalibrated gamma,true previous state,exact state; innovation only,development-recalibrated gamma,current-frame truth,current forecast before Y_n
current_top_1pct,26,4.863644800138836,2.0199066222883024,0.7512344256397555,0.7159318740849122,0.7692307692307693,2.803303883227178,1.0,0.0,-1.0493099313394394,6.793446382528275,2.821367081707461,0.5225853301585963,0.23076923076923078,1.8674680129519994,SpiralScanPath_11,Spiral,11,evaluation,recalibrated oracle | exact previous state | development-recalibrated gamma,true previous state,exact state; innovation only,development-recalibrated gamma,current-frame truth,current forecast before Y_n
overall,2501,0.5023190176313207,0.07120056650313514,0.010084932739242432,0.6582449950281252,0.9976009596161536,2.5194053854609413,1.0,0.0,-0.014564956136559554,0.7225107531784201,0.11405809810356697,0.045507337278137515,0.0027988804478208716,0.17566972544008863,SpiralScanPath_11,Spiral,11,evaluation,recalibrated oracle | exact previous state | development-recalibrated gamma,true previous state,exact state; innovation only,development-recalibrated gamma,current-frame truth,current posterior after Y_n
above_camera_ceiling,76,2.8497182103113077,0.7609866095904891,0.2583910662525052,0.6905806998686451,0.9210526315789473,2.651297478875813,1.0,0.0,-0.3557544246078089,4.069388426310661,1.0909659829423997,0.14400433244627203,0.09210526315789473,0.7542378374650247,SpiralScanPath_11,Spiral,11,evaluation,recalibrated oracle | exact previous state | development-recalibrated gamma,true previous state,exact state; innovation only,development-recalibrated gamma,current-frame truth,current posterior after Y_n
current_top_1pct,26,4.862212381135877,2.0140134414915587,0.7381602482098187,0.7073514002210946,0.8076923076923077,2.730884459763954,1.0,0.0,-1.0247673595887625,6.937626854715968,2.8635226118259363,0.5070213273784117,0.23076923076923078,1.8465881788017766,SpiralScanPath_11,Spiral,11,evaluation,recalibrated oracle | exact previous state | development-recalibrated gamma,true previous state,exact state; innovation only,development-recalibrated gamma,current-frame truth,current posterior after Y_n
overall,2501,0.4832652738928795,0.16517446861517654,0.04819176011397508,0.7159318740849122,0.9916033586565374,2.742899750099467,1.0,0.0,-0.06731333225744793,0.675015726196823,0.2307125504452484,0.10206171442929252,0.007996801279488205,0.22041343682394673,SpiralScanPath_12,Spiral,12,evaluation,hybrid previous state | mean-only | fixed gamma,hybrid previous state,mean-only,fixed gamma,current-frame truth,current forecast before Y_n
above_camera_ceiling,76,2.5377163572712154,1.4661639243893003,-0.6311346580982697,0.715931874084912,0.7236842105263158,2.7510985117702007,1.0,0.0,0.8815568644781624,3.5446338529275105,2.0479098325707565,0.9603679688906333,0.2631578947368421,1.2485639499065382,SpiralScanPath_12,Spiral,12,evaluation,hybrid previous state | mean-only | fixed gamma,hybrid previous state,mean-only,fixed gamma,current-frame truth,current forecast before Y_n
current_top_1pct,26,4.2404641525549716,3.3064502996824605,-2.5176606182920214,0.7159318740849122,0.2692307692307692,2.777521236536035,1.0,0.0,3.516620378873392,5.922999528376966,4.618386775848875,3.396480730376976,0.6923076923076923,2.942713730139548,SpiralScanPath_12,Spiral,12,evaluation,hybrid previous state | mean-only | fixed gamma,hybrid previous state,mean-only,fixed gamma,current-frame truth,current forecast before Y_n
overall,2501,0.48560361931615076,0.18389543046646226,0.03008959074935958,0.6590004605977613,0.9916033586565374,2.520581496601636,1.0,0.0,-0.04803882517552423,0.6989367651401062,0.28087055282705786,0.15431429573682356,0.008796481407437025,0.21104589775384297,SpiralScanPath_12,Spiral,12,evaluation,hybrid previous state | mean-only | fixed gamma,hybrid previous state,mean-only,fixed gamma,current-frame truth,current posterior after Y_n
above_camera_ceiling,76,2.5289503334086176,1.4563840792555582,-0.6086262420318544,0.7010353181752378,0.7368421052631579,2.672269539564448,1.0,0.0,0.8268997343540434,3.564730222921941,2.062278823045764,0.9903203453065363,0.27631578947368424,1.2414901021847242,SpiralScanPath_12,Spiral,12,evaluation,hybrid previous state | mean-only | fixed gamma,hybrid previous state,mean-only,fixed gamma,current-frame truth,current posterior after Y_n
current_top_1pct,26,4.222375298163613,3.2725598325049337,-2.4705569591381438,0.7129167718646989,0.3076923076923077,2.7541292415205985,1.0,0.0,3.4386208417431807,5.94201964855144,4.594606974749125,3.3692066941662357,0.6923076923076923,2.9049713317672308,SpiralScanPath_12,Spiral,12,evaluation,hybrid previous state | mean-only | fixed gamma,hybrid previous state,mean-only,fixed gamma,current-frame truth,current posterior after Y_n
overall,2501,0.4832652738928795,0.16517446861517654,0.04819176011397508,0.7199217397883331,0.9928028788484606,2.7581295945362867,1.0,0.0,-0.07062709445594358,0.575401459948745,0.22050570345950044,0.10186872009732215,0.007197121151539384,0.21990629601777065,SpiralScanPath_12,Spiral,12,evaluation,hybrid previous state | moment-matched | fixed gamma,hybrid previous state,moment-matched,fixed gamma,current-frame truth,current forecast before Y_n
above_camera_ceiling,76,2.5377163572712154,1.4661639243893003,-0.6311346580982697,0.8259756095048258,0.7631578947368421,3.1698682271142915,1.0,0.0,0.7623315778373999,2.915671354047615,1.7287093779381468,0.792446995249264,0.23684210526315788,1.2306245440676964,SpiralScanPath_12,Spiral,12,evaluation,hybrid previous state | moment-matched | fixed gamma,hybrid previous state,moment-matched,fixed gamma,current-frame truth,current forecast before Y_n
current_top_1pct,26,4.2404641525549716,3.3064502996824605,-2.5176606182920214,0.8361455388167138,0.34615384615384615,3.2365264202807245,1.0,0.0,3.0012553465091014,4.859422259701128,3.8680964200523857,2.931158745678556,0.6538461538461539,2.886825096679601,SpiralScanPath_12,Spiral,12,evaluation,hybrid previous state | moment-matched | fixed gamma,hybrid previous state,moment-matched,fixed gamma,current-frame truth,current forecast before Y_n
overall,2501,0.48464433114201105,0.18414053298106278,0.031254411389175535,0.6623923940824684,0.9924030387844862,2.533999410891373,1.0,0.0,-0.05227469463294038,0.605051233835087,0.2714494074283369,0.15406355995111318,0.007996801279488205,0.21068300936104567,SpiralScanPath_12,Spiral,12,evaluation,hybrid previous state | moment-matched | fixed gamma,hybrid previous state,moment-matched,fixed gamma,current-frame truth,current posterior after Y_n
above_camera_ceiling,76,2.522734999891192,1.4681353304651519,-0.56302241949131,0.7959153944638353,0.7631578947368421,3.045034743556135,1.0,0.0,0.6667951777643694,2.9524730945663804,1.773745774669598,0.8838521467220085,0.25,1.223453130643581,SpiralScanPath_12,Spiral,12,evaluation,hybrid previous state | moment-matched | fixed gamma,hybrid previous state,moment-matched,fixed gamma,current-frame truth,current posterior after Y_n
current_top_1pct,26,4.196859627960348,3.231616065077831,-2.4199967134327207,0.823675727214516,0.34615384615384615,3.1680326651947746,1.0,0.0,2.904883187211943,4.889896322168293,3.8391569962306593,2.8212135069397526,0.6538461538461539,2.818375044696739,SpiralScanPath_12,Spiral,12,evaluation,hybrid previous state | moment-matched | fixed gamma,hybrid previous state,moment-matched,fixed gamma,current-frame truth,current posterior after Y_n
overall,2501,0.4811734413594328,0.16494891139204548,0.04766215914899825,0.7159318740849122,0.9916033586565374,2.742899750099467,1.0,0.0,-0.06657359572084832,0.6720938943729216,0.23039749641385837,0.10206171442929252,0.007996801279488205,0.22019950610908942,SpiralScanPath_12,Spiral,12,evaluation,hybrid previous state | mean-only | development-recalibrated gamma,hybrid previous state,mean-only,development-recalibrated gamma,current-frame truth,current forecast before Y_n
above_camera_ceiling,76,2.524601843048256,1.4587413110333687,-0.6485627109062575,0.715931874084912,0.7236842105263158,2.7510985117702007,1.0,0.0,0.905900036557578,3.5263157493513537,2.0375420676693556,0.9603679688906333,0.2631578947368421,1.2415239404610368,SpiralScanPath_12,Spiral,12,evaluation,hybrid previous state | mean-only | development-recalibrated gamma,hybrid previous state,mean-only,development-recalibrated gamma,current-frame truth,current forecast before Y_n
current_top_1pct,26,4.2188459946419234,3.2894026244724093,-2.563954962669621,0.7159318740849122,0.2692307692307692,2.777521236536035,1.0,0.0,3.581283436984573,5.892803697327146,4.594574907950354,3.396480730376976,0.6923076923076923,2.9256660549294953,SpiralScanPath_12,Spiral,12,evaluation,hybrid previous state | mean-only | development-recalibrated gamma,hybrid previous state,mean-only,development-recalibrated gamma,current-frame truth,current forecast before Y_n
overall,2501,0.4834426177612263,0.18366987324333114,0.02955998978438277,0.6590004605977613,0.9916033586565374,2.520581496601636,1.0,0.0,-0.04727310730308207,0.695675696026714,0.28053569653496946,0.15431429573682356,0.008796481407437025,0.21082641118379403,SpiralScanPath_12,Spiral,12,evaluation,hybrid previous state | mean-only | development-recalibrated gamma,hybrid previous state,mean-only,development-recalibrated gamma,current-frame truth,current posterior after Y_n
above_camera_ceiling,76,2.515288656081138,1.4489614658996244,-0.6260542948398414,0.7010353181752378,0.7368421052631579,2.672269539564448,1.0,0.0,0.8520978974984883,3.543675893581255,2.051259407433749,0.9903203453065363,0.27631578947368424,1.234267261241404,SpiralScanPath_12,Spiral,12,evaluation,hybrid previous state | mean-only | development-recalibrated gamma,hybrid previous state,mean-only,development-recalibrated gamma,current-frame truth,current posterior after Y_n
current_top_1pct,26,4.199895685341023,3.255512157294878,-2.516851303515739,0.7129167718646989,0.3076923076923077,2.7541292415205985,1.0,0.0,3.504993398376197,5.907426468697379,4.569679987826286,3.3692066941662357,0.6923076923076923,2.8879236565571773,SpiralScanPath_12,Spiral,12,evaluation,hybrid previous state | mean-only | development-recalibrated gamma,hybrid previous state,mean-only,development-recalibrated gamma,current-frame truth,current posterior after Y_n
overall,2501,0.4811734413594328,0.16494891139204548,0.04766215914899825,0.7199217397883331,0.9928028788484606,2.7581295945362867,1.0,0.0,-0.07006289589757082,0.5735693508286466,0.2202700577028026,0.10186872009732215,0.007197121151539384,0.21969665285019918,SpiralScanPath_12,Spiral,12,evaluation,hybrid previous state | moment-matched | development-recalibrated gamma,hybrid previous state,moment-matched,development-recalibrated gamma,current-frame truth,current forecast before Y_n
above_camera_ceiling,76,2.524601843048256,1.4587413110333687,-0.6485627109062575,0.8259756095048258,0.7631578947368421,3.1698682271142915,1.0,0.0,0.7808981646070083,2.9037677271658433,1.7209547721815508,0.792446995249264,0.23684210526315788,1.2237256287769553,SpiralScanPath_12,Spiral,12,evaluation,hybrid previous state | moment-matched | development-recalibrated gamma,hybrid previous state,moment-matched,development-recalibrated gamma,current-frame truth,current forecast before Y_n
current_top_1pct,26,4.2188459946419234,3.2894026244724093,-2.563954962669621,0.8361455388167138,0.34615384615384615,3.2365264202807245,1.0,0.0,3.050433553307565,4.840069706189154,3.850522465445806,2.931158745678556,0.6538461538461539,2.8697580282730635,SpiralScanPath_12,Spiral,12,evaluation,hybrid previous state | moment-matched | development-recalibrated gamma,hybrid previous state,moment-matched,development-recalibrated gamma,current-frame truth,current forecast before Y_n
overall,2501,0.4823649994020296,0.18391497575793164,0.030724810424198768,0.6623923940824684,0.9924030387844862,2.533999410891373,1.0,0.0,-0.05168235369160217,0.6028259407195009,0.27119571653811664,0.15406355995111318,0.007996801279488205,0.21046526512564726,SpiralScanPath_12,Spiral,12,evaluation,hybrid previous state | moment-matched | development-recalibrated gamma,hybrid previous state,moment-matched,development-recalibrated gamma,current-frame truth,current posterior after Y_n
above_camera_ceiling,76,2.50831784970263,1.460712717109218,-0.5804504722992955,0.7959153944638353,0.7631578947368421,3.045034743556135,1.0,0.0,0.6862878711102492,2.9374555106400995,1.7653973415585344,0.8838521467220085,0.25,1.2162876262655344,SpiralScanPath_12,Spiral,12,evaluation,hybrid previous state | moment-matched | development-recalibrated gamma,hybrid previous state,moment-matched,development-recalibrated gamma,current-frame truth,current posterior after Y_n
current_top_1pct,26,4.173091337751296,3.2145683898677735,-2.466291057810314,0.823675727214516,0.34615384615384615,3.1680326651947746,1.0,0.0,2.9562778617904564,4.865356856535667,3.8203378515693007,2.838613140560831,0.6538461538461539,2.8013273694866894,SpiralScanPath_12,Spiral,12,evaluation,hybrid previous state | moment-matched | development-recalibrated gamma,hybrid previous state,moment-matched,development-recalibrated gamma,current-frame truth,current posterior after Y_n
overall,2501,0.6195886080190914,0.21709445430826405,-0.0907449182335892,0.7159318740849122,0.9544182327069173,2.742899750099467,1.0,0.0,0.12675077268989773,0.8654295617317436,0.30323339715213715,0.034461526374272786,0.04438224710115954,0.2761108018300481,SpiralScanPath_12,Spiral,12,evaluation,coherent latent previous state | mean-only | fixed gamma,coherent latent previous state,mean-only,fixed gamma,current-frame truth,current forecast before Y_n
above_camera_ceiling,76,2.55830219690439,1.510130511568179,-0.5545967397575334,0.715931874084912,0.7105263157894737,2.7510985117702007,1.0,0.0,0.7746501585313634,3.5733877614743075,2.109321523781007,1.1253049204059509,0.27631578947368424,1.2789291421985842,SpiralScanPath_12,Spiral,12,evaluation,coherent latent previous state | mean-only | fixed gamma,coherent latent previous state,mean-only,fixed gamma,current-frame truth,current forecast before Y_n
current_top_1pct,26,4.24721059384178,3.3127164868703836,-2.518960717196384,0.7159318740849122,0.2692307692307692,2.777521236536035,1.0,0.0,3.5184363322502747,5.932422829016332,4.627139266713921,3.4189517079995655,0.6923076923076923,2.9488850218967793,SpiralScanPath_12,Spiral,12,evaluation,coherent latent previous state | mean-only | fixed gamma,coherent latent previous state,mean-only,fixed gamma,current-frame truth,current forecast before Y_n
overall,2501,0.6152680685762159,0.22701034157594616,-0.10864589244751457,0.6589979806357815,0.9528188724510196,2.5205820535959993,1.0,0.0,0.15357165579218643,0.8855933093001399,0.34140545930329635,0.0824820802358531,0.04758096761295482,0.2639456294094567,SpiralScanPath_12,Spiral,12,evaluation,coherent latent previous state | mean-only | fixed gamma,coherent latent previous state,mean-only,fixed gamma,current-frame truth,current posterior after Y_n
above_camera_ceiling,76,2.5503155582264316,1.4994571906417782,-0.5344510945913336,0.7010037276395596,0.7105263157894737,2.674792837455864,1.0,0.0,0.7201610576075432,3.6026380324664733,2.1297399924665634,1.146272930913395,0.2894736842105263,1.274453137817851,SpiralScanPath_12,Spiral,12,evaluation,coherent latent previous state | mean-only | fixed gamma,coherent latent previous state,mean-only,fixed gamma,current-frame truth,current posterior after Y_n
current_top_1pct,26,4.2296043652984725,3.2796016812875974,-2.472717578447972,0.711390123999307,0.3076923076923077,2.7525660144637856,1.0,0.0,3.448417167325915,5.956834908953631,4.611438977950241,3.3951107825034317,0.6923076923076923,2.9124889600755557,SpiralScanPath_12,Spiral,12,evaluation,coherent latent previous state | mean-only | fixed gamma,coherent latent previous state,mean-only,fixed gamma,current-frame truth,current posterior after Y_n
overall,2501,0.6195886080190914,0.21709445430826405,-0.0907449182335892,2.641053085355186,0.9928028788484606,10.115260454684066,1.0,0.0,0.03788010629437009,0.5401793380257647,0.1246856564741921,0.009287361313073802,0.007197121151539384,0.6760343975168956,SpiralScanPath_12,Spiral,12,evaluation,coherent latent previous state | moment-matched | fixed gamma,coherent latent previous state,moment-matched,fixed gamma,current-frame truth,current forecast before Y_n
above_camera_ceiling,76,2.55830219690439,1.510130511568179,-0.5545967397575334,0.9608474824327965,0.7631578947368421,3.6884625040987715,1.0,0.0,0.7067860868118745,2.9098353249158104,1.681463407819627,0.7839202981554398,0.23684210526315788,1.258637616381367,SpiralScanPath_12,Spiral,12,evaluation,coherent latent previous state | moment-matched | fixed gamma,coherent latent previous state,moment-matched,fixed gamma,current-frame truth,current forecast before Y_n
current_top_1pct,26,4.24721059384178,3.3127164868703836,-2.518960717196384,0.8905325436155398,0.34615384615384615,3.461392359965821,1.0,0.0,2.9536140946841605,4.872115700935821,3.820147669538814,2.938316016178625,0.6538461538461539,2.8886831473316468,SpiralScanPath_12,Spiral,12,evaluation,coherent latent previous state | moment-matched | fixed gamma,coherent latent previous state,moment-matched,fixed gamma,current-frame truth,current forecast before Y_n
overall,2501,0.6998354015521854,0.39727984882669115,-0.09619691872230453,2.02687824524074,0.9916033586565374,7.753874255570808,1.0,0.0,0.04518857244859625,0.6184847361738216,0.24206238439523267,0.12484753477457014,0.007996801279488205,0.559855273691473,SpiralScanPath_12,Spiral,12,evaluation,coherent latent previous state | moment-matched | fixed gamma,coherent latent previous state,moment-matched,fixed gamma,current-frame truth,current posterior after Y_n
above_camera_ceiling,76,2.5456225628769933,1.5362819507869094,-0.45800031333557084,0.8527415171911007,0.7368421052631579,3.238978705700766,1.0,0.0,0.6111012041727776,3.1239419340293484,1.8681942793283157,1.0381895039924407,0.25,1.2765342123819863,SpiralScanPath_12,Spiral,12,evaluation,coherent latent previous state | moment-matched | fixed gamma,coherent latent previous state,moment-matched,fixed gamma,current-frame truth,current posterior after Y_n
current_top_1pct,26,4.186703098868828,3.220507738634725,-2.4043393963499398,0.8161354397286689,0.3076923076923077,3.048897816468335,1.0,0.0,3.0204807627747132,5.171277812043579,4.006487514063963,3.038564273942772,0.6538461538461539,2.814756184068413,SpiralScanPath_12,Spiral,12,evaluation,coherent latent previous state | moment-matched | fixed gamma,coherent latent previous state,moment-matched,fixed gamma,current-frame truth,current posterior after Y_n
overall,2501,0.6173473973577319,0.21678096228810356,-0.09148098721903271,0.7159318740849122,0.9544182327069173,2.742899750099467,1.0,0.0,0.1277788998233409,0.8622990813850987,0.30279551747180977,0.034461526374272786,0.04438224710115954,0.275799138802404,SpiralScanPath_12,Spiral,12,evaluation,coherent latent previous state | mean-only | development-recalibrated gamma,coherent latent previous state,mean-only,development-recalibrated gamma,current-frame truth,current forecast before Y_n
above_camera_ceiling,76,2.5404097584198517,1.4998141491678976,-0.5788192204495624,0.715931874084912,0.7105263157894737,2.7510985117702007,1.0,0.0,0.8084836580148019,3.548395944330521,2.094911825353391,1.1253049204059509,0.27631578947368424,1.2686729680915065,SpiralScanPath_12,Spiral,12,evaluation,coherent latent previous state | mean-only | development-recalibrated gamma,coherent latent previous state,mean-only,development-recalibrated gamma,current-frame truth,current forecast before Y_n
current_top_1pct,26,4.21846089606621,3.289022676198077,-2.5833031813368756,0.7159318740849122,0.2692307692307692,2.777521236536035,1.0,0.0,3.608308660148418,5.89226579897445,4.594044203440489,3.4189517079995655,0.6923076923076923,2.9251912112244685,SpiralScanPath_12,Spiral,12,evaluation,coherent latent previous state | mean-only | development-recalibrated gamma,coherent latent previous state,mean-only,development-recalibrated gamma,current-frame truth,current forecast before Y_n
overall,2501,0.6129266574283485,0.22669684955578562,-0.1093819614329581,0.6589979806357815,0.9528188724510196,2.5205820535959993,1.0,0.0,0.15463589332073507,0.8820282940628378,0.34094005741963845,0.0824820802358531,0.04758096761295482,0.26363315329305437,SpiralScanPath_12,Spiral,12,evaluation,coherent latent previous state | mean-only | development-recalibrated gamma,coherent latent previous state,mean-only,development-recalibrated gamma,current-frame truth,current posterior after Y_n
above_camera_ceiling,76,2.5316942791900243,1.4891408282414962,-0.5586735752833633,0.7010037276395596,0.7105263157894737,2.674792837455864,1.0,0.0,0.7551828741720193,3.5737415226858347,2.11442459626882,1.146272930913395,0.2894736842105263,1.2641702066715041,SpiralScanPath_12,Spiral,12,evaluation,coherent latent previous state | mean-only | development-recalibrated gamma,coherent latent previous state,mean-only,development-recalibrated gamma,current-frame truth,current posterior after Y_n
current_top_1pct,26,4.199694614812095,3.255907870615289,-2.5370600425884655,0.711390123999307,0.3076923076923077,2.7525660144637856,1.0,0.0,3.54066545979613,5.910749128766186,4.576794068090477,3.3951107825034317,0.6923076923076923,2.888795149403249,SpiralScanPath_12,Spiral,12,evaluation,coherent latent previous state | mean-only | development-recalibrated gamma,coherent latent previous state,mean-only,development-recalibrated gamma,current-frame truth,current posterior after Y_n
overall,2501,0.6173473973577319,0.21678096228810356,-0.09148098721903271,2.641053085355186,0.9928028788484606,10.115260454684066,1.0,0.0,0.03865256184362302,0.5377320683119008,0.1243751496426744,0.009287361313073802,0.007197121151539384,0.6757287973730055,SpiralScanPath_12,Spiral,12,evaluation,coherent latent previous state | moment-matched | development-recalibrated gamma,coherent latent previous state,moment-matched,development-recalibrated gamma,current-frame truth,current forecast before Y_n
above_camera_ceiling,76,2.5404097584198517,1.4998141491678976,-0.5788192204495624,0.9608474824327965,0.7631578947368421,3.6884625040987715,1.0,0.0,0.7322059727155795,2.8948804065616494,1.6712452816929724,0.7839202981554398,0.23684210526315788,1.2485809590146706,SpiralScanPath_12,Spiral,12,evaluation,coherent latent previous state | moment-matched | development-recalibrated gamma,coherent latent previous state,moment-matched,development-recalibrated gamma,current-frame truth,current forecast before Y_n
current_top_1pct,26,4.21846089606621,3.289022676198077,-2.5833031813368756,0.8905325436155398,0.34615384615384615,3.461392359965821,1.0,0.0,3.022046242349934,4.848004875616659,3.7961514350674963,2.938316016178625,0.6538461538461539,2.864962382912262,SpiralScanPath_12,Spiral,12,evaluation,coherent latent previous state | moment-matched | development-recalibrated gamma,coherent latent previous state,moment-matched,development-recalibrated gamma,current-frame truth,current forecast before Y_n
overall,2501,0.6976319815539452,0.3969663568065306,-0.09693298770774807,2.02687824524074,0.9916033586565374,7.753874255570808,1.0,0.0,0.046055568410738844,0.6152228814977408,0.24170307371489777,0.12484753477457014,0.007996801279488205,0.5595446244786795,SpiralScanPath_12,Spiral,12,evaluation,coherent latent previous state | moment-matched | development-recalibrated gamma,coherent latent previous state,moment-matched,development-recalibrated gamma,current-frame truth,current posterior after Y_n
above_camera_ceiling,76,2.5256413034616765,1.5259655883866265,-0.48222279402760126,0.8527415171911007,0.7368421052631579,3.238978705700766,1.0,0.0,0.6396322160322332,3.102674021090107,1.8563701212820312,1.0381895039924407,0.25,1.266311400787292,SpiralScanPath_12,Spiral,12,evaluation,coherent latent previous state | moment-matched | development-recalibrated gamma,coherent latent previous state,moment-matched,development-recalibrated gamma,current-frame truth,current posterior after Y_n
current_top_1pct,26,4.154421866807329,3.1968139279624164,-2.4686818604904337,0.8161354397286689,0.3076923076923077,3.048897816468335,1.0,0.0,3.0968522312147106,5.136780396201293,3.9789514644624666,3.038564273942772,0.6538461538461539,2.7910354196490292,SpiralScanPath_12,Spiral,12,evaluation,coherent latent previous state | moment-matched | development-recalibrated gamma,coherent latent previous state,moment-matched,development-recalibrated gamma,current-frame truth,current posterior after Y_n
overall,2501,0.7013497502276457,0.03189038671834816,0.027757648946912475,0.7159318740849122,0.9972011195521792,2.742899750099467,1.0,0.0,-0.0387713551410065,0.9796319672512066,0.04454388451290804,0.00011378554474089913,0.003198720511795282,0.19220037202578538,SpiralScanPath_12,Spiral,12,evaluation,strict oracle | exact previous state | fixed gamma,true previous state,exact state; innovation only,fixed gamma,current-frame truth,current forecast before Y_n
above_camera_ceiling,76,4.023044177612622,0.9795005841386776,0.964325635797367,0.715931874084912,0.9078947368421053,2.7510985117702007,1.0,0.0,-1.346951673341749,5.61931145020577,1.3681477520338827,0.09274986155760503,0.10526315789473684,0.9860490653926304,SpiralScanPath_12,Spiral,12,evaluation,strict oracle | exact previous state | fixed gamma,true previous state,exact state; innovation only,fixed gamma,current-frame truth,current forecast before Y_n
current_top_1pct,26,6.868737291003424,2.676275475073326,2.6719176684202135,0.7159318740849122,0.7692307692307693,2.777521236536035,1.0,0.0,-3.7320836872019387,9.594121367738918,3.7381705884991927,0.5160707034648448,0.2692307692307692,2.5093383213051776,SpiralScanPath_12,Spiral,12,evaluation,strict oracle | exact previous state | fixed gamma,true previous state,exact state; innovation only,fixed gamma,current-frame truth,current forecast before Y_n
overall,2501,0.7066936671262943,0.08337994709770549,0.03397883638614444,0.6585816862523733,0.9968012794882047,2.5186542776941114,1.0,0.0,-0.04929488174283556,1.0103792699102223,0.13213490999905111,0.0520973857715421,0.003198720511795282,0.18299493635645853,SpiralScanPath_12,Spiral,12,evaluation,strict oracle | exact previous state | fixed gamma,true previous state,exact state; innovation only,fixed gamma,current-frame truth,current posterior after Y_n
above_camera_ceiling,76,4.027737894870452,1.0081690483568082,0.9934588206096112,0.6952510614389267,0.8947368421052632,2.664082455291813,1.0,0.0,-1.4169507011110607,5.734843799165332,1.4377142611453244,0.17368406106820383,0.10526315789473684,0.9914332886001588,SpiralScanPath_12,Spiral,12,evaluation,strict oracle | exact previous state | fixed gamma,true previous state,exact state; innovation only,fixed gamma,current-frame truth,current posterior after Y_n
current_top_1pct,26,6.8756699723925285,2.6823417313573086,2.6782294533724533,0.7113662162602576,0.7307692307692307,2.720343719266352,1.0,0.0,-3.804789902227626,9.788761233385422,3.81053561075826,0.4798102913943098,0.2692307692307692,2.514698116560295,SpiralScanPath_12,Spiral,12,evaluation,strict oracle | exact previous state | fixed gamma,true previous state,exact state; innovation only,fixed gamma,current-frame truth,current posterior after Y_n
overall,2501,0.4903932849904581,0.02433853204157353,0.005507216202097763,0.7159318740849122,0.9976009596161536,2.742899750099467,1.0,0.0,-0.0076923746538551,0.6849719962772541,0.03399559779718215,0.00011378554474089913,0.0027988804478208716,0.18492846187172005,SpiralScanPath_12,Spiral,12,evaluation,recalibrated oracle | exact previous state | development-recalibrated gamma,true previous state,exact state; innovation only,development-recalibrated gamma,current-frame truth,current forecast before Y_n
above_camera_ceiling,76,2.812764764688438,0.7309849453674493,0.2321107371818197,0.715931874084912,0.9210526315789473,2.7510985117702007,1.0,0.0,-0.3242078549422015,3.9288162274988103,1.021025843138745,0.09219985503648202,0.09210526315789473,0.7467458115068755,SpiralScanPath_12,Spiral,12,evaluation,recalibrated oracle | exact previous state | development-recalibrated gamma,true previous state,exact state; innovation only,development-recalibrated gamma,current-frame truth,current forecast before Y_n
current_top_1pct,26,4.796833738546598,1.9670092568248312,0.7269265068499089,0.7159318740849122,0.8076923076923077,2.777521236536035,1.0,0.0,-1.0153570935489493,6.700125964747415,2.747481049560781,0.5160707034648448,0.23076923076923078,1.808204481018513,SpiralScanPath_12,Spiral,12,evaluation,recalibrated oracle | exact previous state | development-recalibrated gamma,true previous state,exact state; innovation only,development-recalibrated gamma,current-frame truth,current forecast before Y_n
overall,2501,0.49694566974743387,0.07572369972319128,0.01172840364132973,0.6585816862523733,0.9972011195521792,2.5186542776941114,1.0,0.0,-0.01712432972828102,0.7155221344517475,0.12135059702282264,0.051990577973225705,0.0027988804478208716,0.1754815249599512,SpiralScanPath_12,Spiral,12,evaluation,recalibrated oracle | exact previous state | development-recalibrated gamma,true previous state,exact state; innovation only,development-recalibrated gamma,current-frame truth,current posterior after Y_n
above_camera_ceiling,76,2.8133102380358785,0.7562180656770705,0.26124392199406393,0.6952510614389267,0.9078947368421053,2.664082455291813,1.0,0.0,-0.3582855617899961,4.017684891896715,1.082825224914437,0.16396619169377857,0.09210526315789473,0.7441827372493055,SpiralScanPath_12,Spiral,12,evaluation,recalibrated oracle | exact previous state | development-recalibrated gamma,true previous state,exact state; innovation only,development-recalibrated gamma,current-frame truth,current posterior after Y_n
current_top_1pct,26,4.796565956691978,1.9645541792548853,0.7332382918021468,0.7113662162602576,0.7692307692307693,2.720343719266352,1.0,0.0,-1.0162409063914724,6.843628479430162,2.790846056578558,0.4798102913943098,0.23076923076923078,1.806316371208086,SpiralScanPath_12,Spiral,12,evaluation,recalibrated oracle | exact previous state | development-recalibrated gamma,true previous state,exact state; innovation only,development-recalibrated gamma,current-frame truth,current posterior after Y_n
overall,2501,0.47424686296645213,0.17348001991800027,0.07113385441780741,0.7159318740849122,0.9876049580167933,2.7390256320568724,1.0,0.0,-0.09935841243097199,0.6624189816560739,0.24231358624692953,0.10663500653254548,0.011595361855257898,0.22352550332385296,SpiralScanPath_13,Spiral,13,development,hybrid previous state | mean-only | fixed gamma,hybrid previous state,mean-only,fixed gamma,current-frame truth,current forecast before Y_n
above_camera_ceiling,76,2.444376377208974,1.5150466361189394,0.0006360639796135478,0.715931874084912,0.618421052631579,2.753363333503893,1.0,0.0,-0.0008884420468449704,3.414258347322949,2.1161882728792283,1.3658380378079977,0.3684210526315789,1.24103132467187,SpiralScanPath_13,Spiral,13,development,hybrid previous state | mean-only | fixed gamma,hybrid previous state,mean-only,fixed gamma,current-frame truth,current forecast before Y_n
current_top_1pct,26,3.850645643059946,2.537510916621948,-1.6303309721457337,0.7159318740849122,0.5,2.7527359257325155,1.0,0.0,2.2772152367564096,5.3785084621099655,3.5443468973431815,1.8560959942541655,0.5,2.24823828261782,SpiralScanPath_13,Spiral,13,development,hybrid previous state | mean-only | fixed gamma,hybrid previous state,mean-only,fixed gamma,current-frame truth,current forecast before Y_n
overall,2501,0.4830615896040622,0.20012027402187813,0.04212240343946539,0.6586380014176566,0.98640543782487,2.517867155657813,1.0,0.0,-0.06292861051212141,0.6983209597761995,0.3053727762543684,0.1702097479247369,0.012794882047181128,0.21663277451860527,SpiralScanPath_13,Spiral,13,development,hybrid previous state | mean-only | fixed gamma,hybrid previous state,mean-only,fixed gamma,current-frame truth,current posterior after Y_n
above_camera_ceiling,76,2.4487763557950997,1.520177746179419,0.005327143599846283,0.7003436075417766,0.5921052631578947,2.6969650452422975,1.0,0.0,-0.04665042521781528,3.452884959593668,2.1576889340627736,1.4407924775308016,0.3684210526315789,1.247041436930865,SpiralScanPath_13,Spiral,13,development,hybrid previous state | mean-only | fixed gamma,hybrid previous state,mean-only,fixed gamma,current-frame truth,current posterior after Y_n
current_top_1pct,26,3.855560528531079,2.540225047782909,-1.6345655612589491,0.716954800171426,0.5,2.7593952014257512,1.0,0.0,2.2541305743962927,5.41281447024831,3.5534421197415873,1.9388230424220976,0.5,2.2609441531837238,SpiralScanPath_13,Spiral,13,development,hybrid previous state | mean-only | fixed gamma,hybrid previous state,mean-only,fixed gamma,current-frame truth,current posterior after Y_n
overall,2501,0.47424686296645213,0.17348001991800027,0.07113385441780741,0.7252729274147153,0.9932027189124351,2.7748406497428832,1.0,0.0,-0.09816945435200845,0.5328045346669177,0.2251728411929498,0.10649732571560276,0.0059976009596161535,0.22234611987677613,SpiralScanPath_13,Spiral,13,development,hybrid previous state | moment-matched | fixed gamma,hybrid previous state,moment-matched,fixed gamma,current-frame truth,current forecast before Y_n
above_camera_ceiling,76,2.444376377208974,1.5150466361189394,0.0006360639796135478,0.9810434696344271,0.7894736842105263,3.7692820000783165,1.0,0.0,0.025136830261022935,2.5795267748487416,1.5844400822103264,1.087390890772808,0.18421052631578946,1.1991430217525827,SpiralScanPath_13,Spiral,13,development,hybrid previous state | moment-matched | fixed gamma,hybrid previous state,moment-matched,fixed gamma,current-frame truth,current forecast before Y_n
current_top_1pct,26,3.850645643059946,2.537510916621948,-1.6303309721457337,1.0415899712177585,0.6538461538461539,4.00432815759109,1.0,0.0,1.8039337917031046,4.045936843835328,2.6047109161867072,1.2466043844872476,0.34615384615384615,2.1862584852783047,SpiralScanPath_13,Spiral,13,development,hybrid previous state | moment-matched | fixed gamma,hybrid previous state,moment-matched,fixed gamma,current-frame truth,current forecast before Y_n
overall,2501,0.48095014712460005,0.19868656501533782,0.029131501666035658,0.6661139928830694,0.9916033586565374,2.5466151870474394,1.0,0.0,-0.049360521767571816,0.5801089386961283,0.2875768899591744,0.16956781842187837,0.007996801279488205,0.2138476869899276,SpiralScanPath_13,Spiral,13,development,hybrid previous state | moment-matched | fixed gamma,hybrid previous state,moment-matched,fixed gamma,current-frame truth,current posterior after Y_n
above_camera_ceiling,76,2.4363575608596166,1.478978366155648,-0.4097577691507469,0.9123696103707287,0.7368421052631579,3.4882220964904476,1.0,0.0,0.40139719028963416,2.668471128402567,1.6323352927668007,0.9376505350769527,0.25,1.1766150250809306,SpiralScanPath_13,Spiral,13,development,hybrid previous state | moment-matched | fixed gamma,hybrid previous state,moment-matched,fixed gamma,current-frame truth,current posterior after Y_n
current_top_1pct,26,3.94459126912464,2.769677975359433,-2.099347841053751,0.9739112637485652,0.5,3.7489958416572486,1.0,0.0,2.270268634364631,4.263125354765287,2.9298708366596298,1.8258986119001694,0.46153846153846156,2.3550072948714647,SpiralScanPath_13,Spiral,13,development,hybrid previous state | moment-matched | fixed gamma,hybrid previous state,moment-matched,fixed gamma,current-frame truth,current posterior after Y_n
overall,2501,0.4729676148137917,0.1730914564921088,0.07061174838625314,0.7159318740849122,0.9876049580167933,2.7390256320568724,1.0,0.0,-0.09862914467456486,0.6606321522118681,0.241770848257525,0.10649732571560276,0.011595361855257898,0.22328846886372536,SpiralScanPath_13,Spiral,13,development,hybrid previous state | mean-only | development-recalibrated gamma,hybrid previous state,mean-only,development-recalibrated gamma,current-frame truth,current forecast before Y_n
above_camera_ceiling,76,2.4362483274098423,1.502480241649299,-0.016324936500062018,0.715931874084912,0.618421052631579,2.753363333503893,1.0,0.0,0.022802360239831704,3.4029052422394233,2.0986357725303613,1.3658380378079977,0.3684210526315789,1.2333436735313905,SpiralScanPath_13,Spiral,13,development,hybrid previous state | mean-only | development-recalibrated gamma,hybrid previous state,mean-only,development-recalibrated gamma,current-frame truth,current forecast before Y_n
current_top_1pct,26,3.8366196525396496,2.5037949097420333,-1.6768927504395974,0.7159318740849122,0.5,2.7527359257325155,1.0,0.0,2.34225184146601,5.358917225809411,3.497253021374871,1.7881638648481504,0.5,2.228572671797988,SpiralScanPath_13,Spiral,13,development,hybrid previous state | mean-only | development-recalibrated gamma,hybrid previous state,mean-only,development-recalibrated gamma,current-frame truth,current forecast before Y_n
overall,2501,0.48178730016143645,0.1997317105959867,0.04160029740791117,0.6586380014176566,0.98640543782487,2.517867155657813,1.0,0.0,-0.06218121503621533,0.6963850223146728,0.30481233619810877,0.17015489154544758,0.012794882047181128,0.21640934708007645,SpiralScanPath_13,Spiral,13,development,hybrid previous state | mean-only | development-recalibrated gamma,hybrid previous state,mean-only,development-recalibrated gamma,current-frame truth,current posterior after Y_n
above_camera_ceiling,76,2.4405417261524582,1.5076113517097793,-0.011633856879828536,0.7003436075417766,0.5921052631578947,2.6969650452422975,1.0,0.0,-0.022442278856595787,3.4400832943280086,2.1396330969717603,1.4407924775308016,0.3684210526315789,1.2398177677187199,SpiralScanPath_13,Spiral,13,development,hybrid previous state | mean-only | development-recalibrated gamma,hybrid previous state,mean-only,development-recalibrated gamma,current-frame truth,current posterior after Y_n
current_top_1pct,26,3.841369352831807,2.5065090409029946,-1.6811273395528128,0.716954800171426,0.5,2.7593952014257512,1.0,0.0,2.3203880808868997,5.390716991253956,3.505168286502352,1.8697514936304158,0.5,2.2426596991276044,SpiralScanPath_13,Spiral,13,development,hybrid previous state | mean-only | development-recalibrated gamma,hybrid previous state,mean-only,development-recalibrated gamma,current-frame truth,current posterior after Y_n
overall,2501,0.4729676148137917,0.1730914564921088,0.07061174838625314,0.7252729274147153,0.9932027189124351,2.7748406497428832,1.0,0.0,-0.09762174189180514,0.5323726010944687,0.22477396391438578,0.10611211390837556,0.0059976009596161535,0.22212987772598042,SpiralScanPath_13,Spiral,13,development,hybrid previous state | moment-matched | development-recalibrated gamma,hybrid previous state,moment-matched,development-recalibrated gamma,current-frame truth,current forecast before Y_n
above_camera_ceiling,76,2.4362483274098423,1.502480241649299,-0.016324936500062018,0.9810434696344271,0.7894736842105263,3.7692820000783165,1.0,0.0,0.04288017507567972,2.576654983253649,1.5715945898861932,1.087390890772808,0.18421052631578946,1.1921287673402976,SpiralScanPath_13,Spiral,13,development,hybrid previous state | moment-matched | development-recalibrated gamma,hybrid previous state,moment-matched,development-recalibrated gamma,current-frame truth,current forecast before Y_n
current_top_1pct,26,3.8366196525396496,2.5037949097420333,-1.6768927504395974,1.0415899712177585,0.6538461538461539,4.00432815759109,1.0,0.0,1.8520472192609778,4.042183597659975,2.5709142882165166,1.2250093057509357,0.34615384615384615,2.1684579840885525,SpiralScanPath_13,Spiral,13,development,hybrid previous state | moment-matched | development-recalibrated gamma,hybrid previous state,moment-matched,development-recalibrated gamma,current-frame truth,current forecast before Y_n
overall,2501,0.48008806148355304,0.19846208399029505,0.02860939563448139,0.6661139928830694,0.9916033586565374,2.5466151870474394,1.0,0.0,-0.048781763149272066,0.5797083287812903,0.28733465737322345,0.16956781842187837,0.007996801279488205,0.21371683408880313,SpiralScanPath_13,Spiral,13,development,hybrid previous state | moment-matched | development-recalibrated gamma,hybrid previous state,moment-matched,development-recalibrated gamma,current-frame truth,current posterior after Y_n
above_camera_ceiling,76,2.4307871534413983,1.4718115780613046,-0.4267187696304225,0.9123696103707287,0.7368421052631579,3.4882220964904476,1.0,0.0,0.4201004515384219,2.665673512952478,1.6247063947667535,0.9376505350769527,0.25,1.1724264835037463,SpiralScanPath_13,Spiral,13,development,hybrid previous state | moment-matched | development-recalibrated gamma,hybrid previous state,moment-matched,development-recalibrated gamma,current-frame truth,current posterior after Y_n
current_top_1pct,26,3.935437593816629,2.7517454332688485,-2.1459096193476146,0.9739112637485652,0.5,3.7489958416572486,1.0,0.0,2.320879842077218,4.259609906445505,2.9116308445972083,1.8258986119001694,0.46153846153846156,2.3452278548618932,SpiralScanPath_13,Spiral,13,development,hybrid previous state | moment-matched | development-recalibrated gamma,hybrid previous state,moment-matched,development-recalibrated gamma,current-frame truth,current posterior after Y_n
overall,2501,0.6247484377555435,0.22937732193468088,-0.07400472437156481,0.7159318740849122,0.9492203118752499,2.739025632056872,1.0,0.0,0.10336838887939716,0.8726367135896592,0.3203898726088509,0.03969100241754862,0.046781287485006,0.2843567810567192,SpiralScanPath_13,Spiral,13,development,coherent latent previous state | mean-only | fixed gamma,coherent latent previous state,mean-only,fixed gamma,current-frame truth,current forecast before Y_n
above_camera_ceiling,76,2.4839299693434636,1.593948947257855,0.11715074882393064,0.715931874084912,0.5789473684210527,2.7533633335038927,1.0,0.0,-0.16363393370866477,3.469506051142598,2.226397517634208,1.5116710748067514,0.39473684210526316,1.302535838094424,SpiralScanPath_13,Spiral,13,development,coherent latent previous state | mean-only | fixed gamma,coherent latent previous state,mean-only,fixed gamma,current-frame truth,current forecast before Y_n
current_top_1pct,26,3.850782184817166,2.5393452411123993,-1.6325241690301722,0.7159318740849122,0.5,2.7527359257325155,1.0,0.0,2.2802786523743306,5.378699181034715,3.546909046839313,1.871377601044907,0.46153846153846156,2.2502331679476253,SpiralScanPath_13,Spiral,13,development,coherent latent previous state | mean-only | fixed gamma,coherent latent previous state,mean-only,fixed gamma,current-frame truth,current forecast before Y_n
overall,2501,0.6251544709580268,0.24623237829984795,-0.10272177864282978,0.6586380014176566,0.9440223910435825,2.5178671556578123,1.0,0.0,0.1488353834788937,0.9011818061174157,0.3700544605024072,0.09592370404932575,0.0507796881247501,0.27341789327240923,SpiralScanPath_13,Spiral,13,development,coherent latent previous state | mean-only | fixed gamma,coherent latent previous state,mean-only,fixed gamma,current-frame truth,current posterior after Y_n
above_camera_ceiling,76,2.4900402779892996,1.6012061087242684,0.12175194463396179,0.7003436075417765,0.5526315789473685,2.696965045242294,1.0,0.0,-0.21825591016264762,3.5150999270518284,2.277239235335959,1.7041623891230506,0.42105263157894735,1.3141282770326355,SpiralScanPath_13,Spiral,13,development,coherent latent previous state | mean-only | fixed gamma,coherent latent previous state,mean-only,fixed gamma,current-frame truth,current posterior after Y_n
current_top_1pct,26,3.8555545018108512,2.5418892161190807,-1.6368872676026347,0.7169548001714259,0.5,2.7593952014257446,1.0,0.0,2.257386932404308,5.4126049231377005,3.5557626206538853,1.9551728074211934,0.5,2.2624114344262916,SpiralScanPath_13,Spiral,13,development,coherent latent previous state | mean-only | fixed gamma,coherent latent previous state,mean-only,fixed gamma,current-frame truth,current posterior after Y_n
overall,2501,0.6247484377555435,0.22937732193468088,-0.07400472437156481,2.633626912551931,0.9948020791683326,10.072876037672184,1.0,0.0,0.01822539258469046,0.48550007434208015,0.12266100523774918,0.010651826963983911,0.005197920831667333,0.6781649086166371,SpiralScanPath_13,Spiral,13,development,coherent latent previous state | moment-matched | fixed gamma,coherent latent previous state,moment-matched,fixed gamma,current-frame truth,current forecast before Y_n
above_camera_ceiling,76,2.4839299693434636,1.593948947257855,0.11715074882393064,1.118184459768548,0.8421052631578947,4.292966510011072,1.0,0.0,0.0021912827590993174,2.5481000869318255,1.534819744318943,1.0367880764355601,0.15789473684210525,1.2444552511969917,SpiralScanPath_13,Spiral,13,development,coherent latent previous state | moment-matched | fixed gamma,coherent latent previous state,moment-matched,fixed gamma,current-frame truth,current forecast before Y_n
current_top_1pct,26,3.850782184817166,2.5393452411123993,-1.6325241690301722,1.1101881679195165,0.6538461538461539,4.271117251518634,1.0,0.0,1.7753854068466999,4.043639708217463,2.574914983521336,1.1403678187283006,0.34615384615384615,2.1971047676734377,SpiralScanPath_13,Spiral,13,development,coherent latent previous state | moment-matched | fixed gamma,coherent latent previous state,moment-matched,fixed gamma,current-frame truth,current forecast before Y_n
overall,2501,0.7200039566853704,0.4383520173243,-0.11895330974145026,2.06344215019515,0.9920031987205118,7.885384414834167,1.0,0.0,0.05260286709437905,0.5758366093012767,0.2504836464179752,0.14492290556006643,0.006397441023590564,0.5736169866344517,SpiralScanPath_13,Spiral,13,development,coherent latent previous state | moment-matched | fixed gamma,coherent latent previous state,moment-matched,fixed gamma,current-frame truth,current posterior after Y_n
above_camera_ceiling,76,2.454866471255874,1.5334656693942246,-0.13763937403572643,0.9355940283385819,0.7631578947368421,3.6037235652683766,1.0,0.0,0.18767574548039748,2.8205829308298966,1.708068846315838,1.0795558154558427,0.19736842105263158,1.2274847006853107,SpiralScanPath_13,Spiral,13,development,coherent latent previous state | moment-matched | fixed gamma,coherent latent previous state,moment-matched,fixed gamma,current-frame truth,current posterior after Y_n
current_top_1pct,26,3.8859729857512546,2.6611347274241357,-1.9242341145559885,0.9384269407341316,0.5384615384615384,3.539285536420738,1.0,0.0,2.209952187145683,4.500456774314279,3.009524279951321,1.5918475757309865,0.46153846153846156,2.3089075191985717,SpiralScanPath_13,Spiral,13,development,coherent latent previous state | moment-matched | fixed gamma,coherent latent previous state,moment-matched,fixed gamma,current-frame truth,current posterior after Y_n
overall,2501,0.623389972660663,0.2290041374875214,-0.07473037648014229,0.7159318740849122,0.9492203118752499,2.739025632056872,1.0,0.0,0.1043819659177222,0.8707392354299993,0.31986861568390046,0.03969100241754862,0.046781287485006,0.28405479447238824,SpiralScanPath_13,Spiral,13,development,coherent latent previous state | mean-only | development-recalibrated gamma,coherent latent previous state,mean-only,development-recalibrated gamma,current-frame truth,current forecast before Y_n
above_camera_ceiling,76,2.472980420869094,1.5819745706644157,0.09357740353040729,0.715931874084912,0.5789473684210527,2.7533633335038927,1.0,0.0,-0.13070713418091048,3.4542119304717387,2.209671936574216,1.5116710748067514,0.39473684210526316,1.2929044332764335,SpiralScanPath_13,Spiral,13,development,coherent latent previous state | mean-only | development-recalibrated gamma,coherent latent previous state,mean-only,development-recalibrated gamma,current-frame truth,current forecast before Y_n
current_top_1pct,26,3.832583833411535,2.508535760124621,-1.6972383277566574,0.7159318740849122,0.5,2.7527359257325155,1.0,0.0,2.370670156187736,5.353280070551763,3.503874950854751,1.7769617353693135,0.46153846153846156,2.22621191027038,SpiralScanPath_13,Spiral,13,development,coherent latent previous state | mean-only | development-recalibrated gamma,coherent latent previous state,mean-only,development-recalibrated gamma,current-frame truth,current forecast before Y_n
overall,2501,0.6237778683912284,0.24585199347887535,-0.10344743075140728,0.6586380014176566,0.9440223910435825,2.5178671556578123,1.0,0.0,0.149874155433736,0.899061843144242,0.36950228397804197,0.09592370404932575,0.0507796881247501,0.2731410528734631,SpiralScanPath_13,Spiral,13,development,coherent latent previous state | mean-only | development-recalibrated gamma,coherent latent previous state,mean-only,development-recalibrated gamma,current-frame truth,current posterior after Y_n
above_camera_ceiling,76,2.478957793918863,1.5889947829873203,0.0981785993404377,0.7003436075417765,0.5526315789473685,2.696965045242294,1.0,0.0,-0.18461007695999818,3.497855103135999,2.2596062333388773,1.676694889353791,0.42105263157894735,1.3053243802363237,SpiralScanPath_13,Spiral,13,development,coherent latent previous state | mean-only | development-recalibrated gamma,coherent latent previous state,mean-only,development-recalibrated gamma,current-frame truth,current posterior after Y_n
current_top_1pct,26,3.8371349613345114,2.5103871145579695,-1.701601426329122,0.7169548001714259,0.5,2.7593952014257446,1.0,0.0,2.3494753136682904,5.383776525608078,3.510480976760024,1.8591733130768189,0.5,2.2408493552960107,SpiralScanPath_13,Spiral,13,development,coherent latent previous state | mean-only | development-recalibrated gamma,coherent latent previous state,mean-only,development-recalibrated gamma,current-frame truth,current posterior after Y_n
overall,2501,0.623389972660663,0.2290041374875214,-0.07473037648014229,2.633626912551931,0.9948020791683326,10.072876037672184,1.0,0.0,0.018964470988694318,0.48494165732315186,0.12231020449569087,0.010651826963983911,0.005197920831667333,0.6778858162136727,SpiralScanPath_13,Spiral,13,development,coherent latent previous state | moment-matched | development-recalibrated gamma,coherent latent previous state,moment-matched,development-recalibrated gamma,current-frame truth,current forecast before Y_n
above_camera_ceiling,76,2.472980420869094,1.5819745706644157,0.09357740353040729,1.118184459768548,0.8421052631578947,4.292966510011072,1.0,0.0,0.026214139620494518,2.5448824549457774,1.5235742878855192,1.0367880764355601,0.15789473684210525,1.2355772456894951,SpiralScanPath_13,Spiral,13,development,coherent latent previous state | moment-matched | development-recalibrated gamma,coherent latent previous state,moment-matched,development-recalibrated gamma,current-frame truth,current forecast before Y_n
current_top_1pct,26,3.832583833411535,2.508535760124621,-1.6972383277566574,1.1101881679195165,0.6538461538461539,4.271117251518634,1.0,0.0,1.8418924370525558,4.0395419345465475,2.545757277643397,1.1403678187283006,0.34615384615384615,2.1750892063568443,SpiralScanPath_13,Spiral,13,development,coherent latent previous state | moment-matched | development-recalibrated gamma,coherent latent previous state,moment-matched,development-recalibrated gamma,current-frame truth,current forecast before Y_n
overall,2501,0.7191160216693631,0.43815736550264267,-0.11967896185002777,2.06344215019515,0.9920031987205118,7.885384414834167,1.0,0.0,0.05344687243356285,0.574968807977046,0.2502804059268002,0.14492290556006643,0.006397441023590564,0.5734163548033223,SpiralScanPath_13,Spiral,13,development,coherent latent previous state | moment-matched | development-recalibrated gamma,coherent latent previous state,moment-matched,development-recalibrated gamma,current-frame truth,current posterior after Y_n
above_camera_ceiling,76,2.4465810393866136,1.527366425647901,-0.16121271932925202,0.9355940283385819,0.7631578947368421,3.6037235652683766,1.0,0.0,0.21510768288740154,2.8150709950996933,1.7017231310781753,1.0795558154558427,0.19736842105263158,1.2211852636621934,SpiralScanPath_13,Spiral,13,development,coherent latent previous state | moment-matched | development-recalibrated gamma,coherent latent previous state,moment-matched,development-recalibrated gamma,current-frame truth,current posterior after Y_n
current_top_1pct,26,3.8729163324897793,2.6474987116817728,-1.9889482732824801,0.9384269407341316,0.5384615384615384,3.539285536420738,1.0,0.0,2.2857327586127067,4.492480528221897,2.995380357902372,1.5918475757309865,0.46153846153846156,2.2945798445704493,SpiralScanPath_13,Spiral,13,development,coherent latent previous state | moment-matched | development-recalibrated gamma,coherent latent previous state,moment-matched,development-recalibrated gamma,current-frame truth,current posterior after Y_n
overall,2501,0.712723420416696,0.0329146837263282,0.02868442304893302,0.7159318740849122,0.9968012794882047,2.739025632056873,1.0,0.0,-0.040065855547494374,0.9955184930517069,0.045974603056190215,0.00014209920169600316,0.003198720511795282,0.1939653423016015,SpiralScanPath_13,Spiral,13,development,strict oracle | exact previous state | fixed gamma,true previous state,exact state; innovation only,fixed gamma,current-frame truth,current forecast before Y_n
above_camera_ceiling,76,4.088170351785302,1.0068549505294315,0.9990946452104496,0.715931874084912,0.8947368421052632,2.753363333503892,1.0,0.0,-1.3955163631839547,5.710278449343673,1.4063558097847935,0.08449447501470321,0.10526315789473684,1.0305595221669113,SpiralScanPath_13,Spiral,13,development,strict oracle | exact previous state | fixed gamma,true previous state,exact state; innovation only,fixed gamma,current-frame truth,current forecast before Y_n
current_top_1pct,26,6.98360094460882,2.7998524150801813,2.7929177032420136,0.7159318740849122,0.6923076923076923,2.7527359257325155,1.0,0.0,-3.9010942302462186,9.754560730425782,3.9107805036043257,0.50389396314779,0.3076923076923077,2.6453674025739975,SpiralScanPath_13,Spiral,13,development,strict oracle | exact previous state | fixed gamma,true previous state,exact state; innovation only,fixed gamma,current-frame truth,current forecast before Y_n
overall,2501,0.717224023567277,0.08355068070749981,0.020319043573486864,0.6583404153453899,0.9964014394242303,2.516049298160917,1.0,0.0,-0.02650915412798067,1.020323851009917,0.13217119300116173,0.05522488582813403,0.003198720511795282,0.184019613873464,SpiralScanPath_13,Spiral,13,development,strict oracle | exact previous state | fixed gamma,true previous state,exact state; innovation only,fixed gamma,current-frame truth,current posterior after Y_n
above_camera_ceiling,76,4.0910864403283105,1.0223153206349622,1.006992921514796,0.6916936841722271,0.881578947368421,2.663534100992284,1.0,0.0,-1.4273320162838445,5.797824707248648,1.4512422010143708,0.12998039434075948,0.10526315789473684,1.020604170425443,SpiralScanPath_13,Spiral,13,development,strict oracle | exact previous state | fixed gamma,true previous state,exact state; innovation only,fixed gamma,current-frame truth,current posterior after Y_n
current_top_1pct,26,6.987535173706501,2.7931117708883493,2.786718872242716,0.705074408187386,0.6923076923076923,2.7431048034083334,1.0,0.0,-3.944199898888307,9.90183187203045,3.9531640145107256,0.5063659435296419,0.3076923076923077,2.6294775875471497,SpiralScanPath_13,Spiral,13,development,strict oracle | exact previous state | fixed gamma,true previous state,exact state; innovation only,fixed gamma,current-frame truth,current posterior after Y_n
overall,2501,0.2850218543151091,0.01837847825706666,0.006748879292380573,0.7159318740849122,0.9972011195521792,2.739025632056873,1.0,0.0,-0.009426705999096402,0.39811309515925325,0.025670708236810398,0.00014209920169600316,0.0027988804478208716,0.17938316455608763,SpiralScanPath_13,Spiral,13,development,recalibrated oracle | exact previous state | development-recalibrated gamma,true previous state,exact state; innovation only,development-recalibrated gamma,current-frame truth,current forecast before Y_n
above_camera_ceiling,76,1.6329367129068282,0.5233395556173728,0.286502287161526,0.715931874084912,0.9078947368421053,2.753363333503892,1.0,0.0,-0.4001809355502249,2.2808548858004274,0.730990719314311,0.08449447501470321,0.09210526315789473,0.5491665501434748,SpiralScanPath_13,Spiral,13,development,recalibrated oracle | exact previous state | development-recalibrated gamma,true previous state,exact state; innovation only,development-recalibrated gamma,current-frame truth,current forecast before Y_n
current_top_1pct,26,2.784690747844979,1.4088833299308787,0.8366906853172618,0.7159318740849122,0.7307692307692307,2.7527359257325155,1.0,0.0,-1.1686736065309298,3.8896029757081387,1.9679013896841526,0.50389396314779,0.2692307692307692,1.2634586622372186,SpiralScanPath_13,Spiral,13,development,recalibrated oracle | exact previous state | development-recalibrated gamma,true previous state,exact state; innovation only,development-recalibrated gamma,current-frame truth,current forecast before Y_n
overall,2501,0.2948919377465579,0.06893373358928609,-0.0016165001830655155,0.6583404153453899,0.9972011195521792,2.516049298160917,1.0,0.0,0.0048920364859284015,0.42670306059445656,0.11152433668136875,0.05522488582813403,0.0027988804478208716,0.16946996723982832,SpiralScanPath_13,Spiral,13,development,recalibrated oracle | exact previous state | development-recalibrated gamma,true previous state,exact state; innovation only,development-recalibrated gamma,current-frame truth,current posterior after Y_n
above_camera_ceiling,76,1.6331549970672379,0.5365496584285896,0.29440056346587384,0.6916936841722271,0.9078947368421053,2.663534100992284,1.0,0.0,-0.4102469395326088,2.3102076871604544,0.7634513246187137,0.12998039434075948,0.09210526315789473,0.5391046553715784,SpiralScanPath_13,Spiral,13,development,recalibrated oracle | exact previous state | development-recalibrated gamma,true previous state,exact state; innovation only,development-recalibrated gamma,current-frame truth,current posterior after Y_n
current_top_1pct,26,2.7841096304840476,1.4008073601506204,0.8304918543179685,0.705074408187386,0.7307692307692307,2.7431048034083334,1.0,0.0,-1.160443393528719,3.9365745770918985,1.9822309239268006,0.5063659435296419,0.2692307692307692,1.2416969848247854,SpiralScanPath_13,Spiral,13,development,recalibrated oracle | exact previous state | development-recalibrated gamma,true previous state,exact state; innovation only,development-recalibrated gamma,current-frame truth,current posterior after Y_n
