trajectory,method,diffusivity_m2_s,cooling_rate_1_s,signal_sd_K,source_coupling,n_frames,n_observations,n_saturated,threshold_K,excess_field_rel_l2,hot_region_rel_l2,peak_true_K,peak_predicted_K,peak_absolute_error_K,posterior_sd_at_true_peak_K,true_peak_in_95,pointwise_95_coverage,hot_region_95_coverage,mean_crps_K,hot_region_crps_K,mean_95_interval_width_K,hot_region_95_interval_width_K,hot_region_interval_score_K,interval_calibration_scale,calibrated_true_peak_in_95,calibrated_hot_region_95_coverage,calibrated_hot_region_95_interval_width_K,calibrated_hot_region_interval_score_K,family,run_index,role,fraction_saturated,signal_multiplier,noise_multiplier,beta_multiplier,length_multiplier
DiagonalScanPath_1,snapshot RBF,3.6109129986233175e-06,0.0,3.4305133895116966,0.1576595047349801,1,143,26,296.69768818012363,0.7238381770219613,0.6927721193007261,334.19579037327884,302.0926773797536,32.10311299352526,1.7463095530903707,False,0.9956017592962816,0.6923076923076923,0.7561379846735031,3.4464661875501656,11.299118776256954,5.600744538940782,89.30650423240635,4.251194481970554,False,0.9230769230769232,23.809854278871764,69.68006450649588,Diagonal,1,evaluation,0.01,1.0,2.0,1.0,1.25
DiagonalScanPath_1,space-time heat,3.6109129986233175e-06,12.422901570529978,3.4305133895116966,0.1576595047349801,2,278,45,296.69768818012363,0.7647167218339348,0.7615554632273192,334.19579037327884,299.87186378799555,34.32392658528329,1.338794728806017,False,0.9964014394242304,0.7692307692307693,0.7419788129350683,3.409529074528841,11.185805222390732,3.96693238928789,106.0845675639857,10.937169061701004,False,0.9230769230769232,43.387010197979144,46.00873479094907,Diagonal,1,evaluation,0.01,1.0,2.0,1.0,1.25
DiagonalScanPath_1,physics mean + RBF,3.6109129986233175e-06,0.0,3.4305133895116966,0.1576595047349801,1,143,26,296.69768818012363,0.4059768504581491,0.327125315099368,334.19579037327884,342.4089909962947,8.213200623015837,3.6546033407526743,False,0.996001599360256,0.6538461538461539,0.7361460379885992,2.260948598725795,11.335540621815053,7.819853319869367,18.20445889266159,2.543914110254416,True,1.0,19.89303520053553,19.89303520053553,Diagonal,1,evaluation,0.01,1.0,2.0,1.0,1.25
DiagonalScanPath_1,physics mean + space-time,3.6109129986233175e-06,12.422901570529978,3.4305133895116966,0.1576595047349801,2,278,45,296.69768818012363,0.4574728945355196,0.3303254372786122,334.19579037327884,341.76912739915883,7.573337025879994,2.215285635681852,False,0.9948020791683326,0.5384615384615384,0.737660735045605,2.279768276955666,11.256785420659112,8.278699569159624,20.68742332192665,5.9480177743203875,True,1.0,49.24185218561998,49.24185218561998,Diagonal,1,evaluation,0.01,1.0,2.0,1.0,1.25
DiagonalScanPath_1,snapshot RBF,3.6109129986233175e-06,0.0,3.4305133895116966,0.1702227206133784,1,189,74,294.6560504149699,0.8142279259035863,0.8047536181327256,334.19579037327884,298.41224789895705,35.78354247432179,0.8258152839318134,False,0.9944022391043582,0.8289473684210527,0.7430453076960296,1.7618386455197506,11.00365127786735,3.679378989024439,47.99185345643612,4.251194481970554,False,0.9473684210526316,15.641755655219097,47.64760159929075,Diagonal,1,evaluation,0.03,1.0,2.0,1.0,1.25
DiagonalScanPath_1,space-time heat,3.6109129986233175e-06,12.422901570529978,3.4305133895116966,0.1702227206133784,2,384,155,294.6560504149699,0.8531937999841122,0.8551537701779806,334.19579037327884,296.3477137242095,37.848076649069355,0.4951080899489055,False,0.9860055977608956,0.5657894736842105,0.7398396323313704,2.012589046138594,10.831149432551443,2.311119316225785,63.49914248386797,10.937169061701004,False,0.9473684210526316,25.27710268332423,49.3733430874446,Diagonal,1,evaluation,0.03,1.0,2.0,1.0,1.25
DiagonalScanPath_1,physics mean + RBF,3.6109129986233175e-06,0.0,3.4305133895116966,0.1702227206133784,1,189,74,294.6560504149699,0.4344775917680598,0.3638191802762431,334.19579037327884,340.58698022617034,6.3911898528915,1.067369387021479,False,0.994002399040384,0.8552631578947368,0.7308293528993829,1.2524359709611914,11.096851338098414,4.750982389245012,20.2376414734565,2.543914110254416,False,0.9605263157894736,12.08609113757062,15.23862861989823,Diagonal,1,evaluation,0.03,1.0,2.0,1.0,1.25
DiagonalScanPath_1,physics mean + space-time,3.6109129986233175e-06,12.422901570529978,3.4305133895116966,0.1702227206133784,2,384,155,294.6560504149699,0.3940526881513751,0.3828528717848798,334.19579037327884,339.9083858119293,5.712595438650453,0.4813328168687283,False,0.9852059176329468,0.5131578947368421,0.7139037721605612,1.3593449685174324,10.831993994858868,2.3491412352082235,35.93540052144417,5.9480177743203875,True,0.9473684210526316,13.972733821407465,20.168748130567337,Diagonal,1,evaluation,0.03,1.0,2.0,1.0,1.25
DiagonalScanPath_1,snapshot RBF,3.6109129986233175e-06,0.0,3.4305133895116966,0.1747785923051746,1,237,122,294.23818076389324,0.8700444914024275,0.8697704897835554,334.19579037327884,295.20518167737987,38.99060869589897,0.4524577501768614,False,0.9816073570571772,0.6349206349206349,0.7367329472826769,1.4999444490558578,10.649077364888525,2.1608062528238077,47.2397358918606,4.251194481970554,False,0.9444444444444444,9.18600761861204,34.322795699183445,Diagonal,1,evaluation,0.05,1.0,2.0,1.0,1.25
DiagonalScanPath_1,space-time heat,3.6109129986233175e-06,12.422901570529978,3.4305133895116966,0.1747785923051746,2,466,237,294.23818076389324,0.8679533296642941,0.8690413643750701,334.19579037327884,295.26294211698405,38.93284825629479,0.4407955328368839,False,0.9816073570571772,0.6349206349206349,0.7302170208754544,1.5201074784202455,10.58062622921711,2.0427108453204093,48.99324592984576,10.937169061701004,False,0.9682539682539684,22.341473859439485,39.25854641263048,Diagonal,1,evaluation,0.05,1.0,2.0,1.0,1.25
DiagonalScanPath_1,physics mean + RBF,3.6109129986233175e-06,0.0,3.4305133895116966,0.1747785923051746,1,237,122,294.23818076389324,0.4281974034622696,0.4120003336277415,334.19579037327884,341.2125780940286,7.016787720749733,0.471441702179628,False,0.9808076769292284,0.6349206349206349,0.7118843910543757,1.045313803591183,10.647566614779567,2.12541220862125,28.71591088833272,2.543914110254416,False,0.8571428571428571,5.406866107618603,19.26878952889984,Diagonal,1,evaluation,0.05,1.0,2.0,1.0,1.25
DiagonalScanPath_1,physics mean + space-time,3.6109129986233175e-06,12.422901570529978,3.4305133895116966,0.1747785923051746,2,466,237,294.23818076389324,0.4503925912432284,0.4401144677227523,334.19579037327884,341.1077083491121,6.911917975833262,0.4624589551458826,False,0.9800079968012796,0.6190476190476191,0.711434165506514,1.128729748518294,10.591089418803923,2.0619069442039475,32.351941211684405,5.9480177743203875,False,0.9444444444444444,12.264259153119715,19.436499228250696,Diagonal,1,evaluation,0.05,1.0,2.0,1.0,1.25
DiagonalScanPath_1,snapshot RBF,3.6109129986233175e-06,0.0,3.4305133895116966,0.1824470001662968,1,461,359,293.5803161254567,0.9608700859857294,0.9301400657857238,334.19579037327884,294.3590982905682,39.83669208271061,0.4273414844733421,False,0.9672131147540984,0.6932270916334662,0.6788869387671435,1.1145846424529844,8.91602797001396,1.71816433236219,33.669942799692116,4.251194481970554,False,0.9243027888446216,7.304250728856763,22.52978117497759,Diagonal,1,evaluation,0.1,1.0,2.0,1.0,1.25
DiagonalScanPath_1,space-time heat,3.6109129986233175e-06,12.422901570529978,3.4305133895116966,0.1824470001662968,2,860,655,293.5803161254567,0.9609188092583112,0.9209923989748344,334.19579037327884,294.2941712814685,39.901619091810346,0.4259063262620172,False,0.9676129548180727,0.6972111553784861,0.6685578272599638,1.0940403674038242,8.69297045757354,1.736369716763098,33.273498155534945,10.937169061701004,False,0.9840637450199204,18.990969145855896,28.459456114542373,Diagonal,1,evaluation,0.1,1.0,2.0,1.0,1.25
DiagonalScanPath_1,physics mean + RBF,3.6109129986233175e-06,0.0,3.4305133895116966,0.1824470001662968,1,461,359,293.5803161254567,0.5651142377565699,0.5074553275622936,334.19579037327884,342.55420970101324,8.358419327734396,0.4272543559637908,False,0.9684126349460216,0.701195219123506,0.6596868861986157,0.8880310396099359,8.935321462768423,1.7294655836868331,24.462788113291236,2.543914110254416,False,0.8446215139442231,4.399611901540324,16.72039780044312,Diagonal,1,evaluation,0.1,1.0,2.0,1.0,1.25
DiagonalScanPath_1,physics mean + space-time,3.6109129986233175e-06,12.422901570529978,3.4305133895116966,0.1824470001662968,2,860,655,293.5803161254567,0.5795440372245569,0.5101135549117897,334.19579037327884,342.5306340645295,8.334843691250683,0.4249936190324569,False,0.9684126349460216,0.6972111553784861,0.6467585940932422,0.889573694445095,8.689853218931225,1.7167945658661,24.869290538242836,5.9480177743203875,False,0.9721115537848606,10.21152459262822,15.292229123137831,Diagonal,1,evaluation,0.1,1.0,2.0,1.0,1.25
DiagonalScanPath_2,snapshot RBF,3.6109129986233175e-06,0.0,3.4305133895116966,0.1576595047349801,1,141,24,296.7456039606019,0.7132542088808885,0.657272506953253,330.73381085494185,301.5462491647783,29.187561690163538,1.5758649829346314,False,0.9964014394242304,0.6923076923076923,0.7583494033852523,3.1848591381388713,11.359160418311369,5.453220001861629,84.2924063489895,4.251194481970554,False,0.9615384615384616,23.18269878088561,45.97553874810398,Diagonal,2,evaluation,0.01,1.0,2.0,1.0,1.25
DiagonalScanPath_2,space-time heat,3.6109129986233175e-06,12.422901570529978,3.4305133895116966,0.1576595047349801,2,284,50,296.7456039606019,0.7002596870590303,0.6531793022082626,330.73381085494185,301.3191970778682,29.41461377707367,1.560977402107505,False,0.9948020791683326,0.6923076923076923,0.7471190203963115,3.084132240026378,11.180849194390962,4.918324735305884,86.2367559323393,10.937169061701004,True,1.0,53.7925491303863,53.7925491303863,Diagonal,2,evaluation,0.01,1.0,2.0,1.0,1.25
DiagonalScanPath_2,physics mean + RBF,3.6109129986233175e-06,0.0,3.4305133895116966,0.1576595047349801,1,141,24,296.7456039606019,0.3229222138876529,0.2981581311233936,330.73381085494185,328.9672203057353,1.766590549206569,2.7041144357676337,True,0.9976009596161536,0.7692307692307693,0.7269822683316634,1.8722014829018871,11.389023972724717,8.690081871684471,15.649723019146313,2.543914110254416,True,1.0,22.10682189264423,22.10682189264423,Diagonal,2,evaluation,0.01,1.0,2.0,1.0,1.25
DiagonalScanPath_2,physics mean + space-time,3.6109129986233175e-06,12.422901570529978,3.4305133895116966,0.1576595047349801,2,284,50,296.7456039606019,0.3951162374517672,0.3023881519996211,330.73381085494185,329.53166883155166,1.202142023390195,2.299884618454786,True,0.9976009596161536,0.7692307692307693,0.7275518442506298,1.8878434636018449,11.217166787331298,6.18343862080536,29.118063577455143,5.9480177743203875,True,1.0,36.77920282296942,36.77920282296942,Diagonal,2,evaluation,0.01,1.0,2.0,1.0,1.25
DiagonalScanPath_2,snapshot RBF,3.6109129986233175e-06,0.0,3.4305133895116966,0.1702227206133784,1,194,78,294.7833581687172,0.8200591080433237,0.7801002988580749,330.73381085494185,300.2462322394361,30.48757861550575,0.7335147413653067,False,0.9900039984006398,0.7105263157894737,0.7685170099455125,2.1425121407216743,11.087932812550113,4.686224584471494,46.01735122170705,4.251194481970554,False,0.9473684210526316,19.92205209477997,42.94874761824814,Diagonal,2,evaluation,0.03,1.0,2.0,1.0,1.25
DiagonalScanPath_2,space-time heat,3.6109129986233175e-06,12.422901570529978,3.4305133895116966,0.1702227206133784,2,380,149,294.7833581687172,0.8191437844431765,0.832578357483953,330.73381085494185,295.63174236499003,35.10206848995182,0.4329514926953485,False,0.9872051179528188,0.5921052631578947,0.7378804321719122,2.0843080874708497,10.787679779718976,1.861997290644125,71.38222351775087,10.937169061701004,False,0.9473684210526316,20.36497916020401,45.91680956451625,Diagonal,2,evaluation,0.03,1.0,2.0,1.0,1.25
DiagonalScanPath_2,physics mean + RBF,3.6109129986233175e-06,0.0,3.4305133895116966,0.1702227206133784,1,194,78,294.7833581687172,0.4277220680706869,0.3983694387895401,330.73381085494185,326.3583934512713,4.3754174036705535,0.5987411347370186,False,0.9872051179528188,0.5789473684210527,0.7329943480114565,1.4714564271618336,11.025060661211835,3.2641997416236976,29.89663840108271,2.543914110254416,False,0.9078947368421052,8.303843781405345,18.975971152681847,Diagonal,2,evaluation,0.03,1.0,2.0,1.0,1.25
DiagonalScanPath_2,physics mean + space-time,3.6109129986233175e-06,12.422901570529978,3.4305133895116966,0.1702227206133784,2,380,149,294.7833581687172,0.4267670577950554,0.4194703796573656,330.73381085494185,326.57179500341533,4.162015851526519,0.4493618536856651,False,0.9888044782087164,0.631578947368421,0.715526423472112,1.3638305954097845,10.838450801100574,1.9129597575354695,41.538987666239834,5.9480177743203875,True,0.9210526315789472,11.3783186393806,20.49565345592713,Diagonal,2,evaluation,0.03,1.0,2.0,1.0,1.25
DiagonalScanPath_2,snapshot RBF,3.6109129986233175e-06,0.0,3.4305133895116966,0.1747785923051746,1,256,143,294.2650350503232,0.8590879876291189,0.8597078023413606,330.73381085494185,295.48397820090264,35.24983265403921,0.446438150452792,False,0.982407037185126,0.6746031746031746,0.7379686363030565,1.584270318464414,10.540798154631016,2.1346720304369744,50.2876169058009,4.251194481970554,False,0.9126984126984128,9.074905956610548,36.983415073677875,Diagonal,2,evaluation,0.05,1.0,2.0,1.0,1.25
DiagonalScanPath_2,space-time heat,3.6109129986233175e-06,12.422901570529978,3.4305133895116966,0.1747785923051746,2,519,292,294.2650350503232,0.8564086157065542,0.8582796405244278,330.73381085494185,295.3674487385246,35.366362116417235,0.4420065526911699,False,0.9816073570571772,0.6666666666666666,0.7308398796542159,1.582373432456403,10.4453626372057,2.085554307749184,50.40841669713297,10.937169061701004,False,0.9603174603174603,22.810060051211632,37.58478843971986,Diagonal,2,evaluation,0.05,1.0,2.0,1.0,1.25
DiagonalScanPath_2,physics mean + RBF,3.6109129986233175e-06,0.0,3.4305133895116966,0.1747785923051746,1,256,143,294.2650350503232,0.4740987432477735,0.4538873873611418,330.73381085494185,326.78605271147916,3.9477581434626927,0.432670097043386,False,0.9816073570571772,0.6825396825396826,0.7143316969766984,1.098432053713931,10.552708956105214,2.0632538688317204,31.34791942312336,2.543914110254416,False,0.8333333333333334,5.248740629958028,23.415830385813276,Diagonal,2,evaluation,0.05,1.0,2.0,1.0,1.25
DiagonalScanPath_2,physics mean + space-time,3.6109129986233175e-06,12.422901570529978,3.4305133895116966,0.1747785923051746,2,519,292,294.2650350503232,0.4778638083981759,0.4650326324464074,330.73381085494185,326.89104012808633,3.84277072685552,0.4282914112466819,False,0.982407037185126,0.6825396825396826,0.7065920217004664,1.1301657723508782,10.417132789151868,2.027787157765724,33.43810179035598,5.9480177743203875,True,0.9365079365079364,12.061314056929149,20.324523983555338,Diagonal,2,evaluation,0.05,1.0,2.0,1.0,1.25
DiagonalScanPath_2,snapshot RBF,3.6109129986233175e-06,0.0,3.4305133895116966,0.1824470001662968,1,345,237,293.93178261595216,0.8871677679511916,0.8823917785073782,330.73381085494185,294.8495429445042,35.88426791043764,0.4290767921999759,False,0.975609756097561,0.7649402390438247,0.7194489270089962,0.9709079181538356,10.10408417506096,1.9837368576221384,29.318691789864197,4.251194481970554,False,0.9322709163346612,8.433251182804844,23.61647665681225,Diagonal,2,evaluation,0.1,1.0,2.0,1.0,1.25
DiagonalScanPath_2,space-time heat,3.6109129986233175e-06,12.422901570529978,3.4305133895116966,0.1824470001662968,2,674,454,293.93178261595216,0.8918881663255596,0.8873724798342277,330.73381085494185,294.5914471693154,36.142363685626435,0.4242528944282096,False,0.974810075969612,0.7529880478087649,0.7148775116114132,1.0050558618065808,9.961252915876171,1.966310608308992,30.6297086022365,10.937169061701004,False,0.9760956175298804,21.50587155089159,29.316181241605666,Diagonal,2,evaluation,0.1,1.0,2.0,1.0,1.25
DiagonalScanPath_2,physics mean + RBF,3.6109129986233175e-06,0.0,3.4305133895116966,0.1824470001662968,1,345,237,293.93178261595216,0.508441876066881,0.4953554317341971,330.73381085494185,328.0690096889006,2.6648011660412294,0.4255289109045418,False,0.9780087964814076,0.7848605577689243,0.6977683552786473,0.7563212186453815,10.12290720838785,2.014808188981957,20.214609803985304,2.543914110254416,False,0.900398406374502,5.125498981407347,16.211961013866382,Diagonal,2,evaluation,0.1,1.0,2.0,1.0,1.25
DiagonalScanPath_2,physics mean + space-time,3.6109129986233175e-06,12.422901570529978,3.4305133895116966,0.1824470001662968,2,674,454,293.93178261595216,0.514378908211387,0.4970444693911661,330.73381085494185,327.74163500633847,2.992175848603381,0.4427413132704559,False,0.974810075969612,0.7609561752988048,0.6947119019012639,0.7744245719366686,9.990631290239952,1.994772691867882,20.822060793124816,5.9480177743203875,True,0.9641434262948207,11.864943426959089,16.42865504342436,Diagonal,2,evaluation,0.1,1.0,2.0,1.0,1.25
DiagonalScanPath_3,snapshot RBF,3.6109129986233175e-06,0.0,3.4305133895116966,0.1576595047349801,1,143,27,296.59904821480353,0.6826101656399467,0.6359631233163877,326.4740358780628,301.6592830487707,24.814752829292104,1.339053783863627,False,0.9944022391043582,0.7307692307692307,0.7596425848943358,3.143272921842594,11.30013881573467,5.356822162709368,84.03340757846023,4.251194481970554,False,0.9230769230769232,22.77289281900764,61.91459698399871,Diagonal,3,evaluation,0.01,1.0,2.0,1.0,1.25
DiagonalScanPath_3,space-time heat,3.6109129986233175e-06,12.422901570529978,3.4305133895116966,0.1576595047349801,2,283,51,296.59904821480353,0.7234797884078711,0.7136522029959081,326.4740358780628,301.7484238192852,24.725612058777585,1.0644408448548832,False,0.995201919232307,0.7307692307692307,0.7493943944936993,3.3720092593188773,11.149077439872013,4.281384873219921,105.43626320229976,10.937169061701004,True,0.9615384615384616,46.8262301766156,53.567761185761306,Diagonal,3,evaluation,0.01,1.0,2.0,1.0,1.25
DiagonalScanPath_3,physics mean + RBF,3.6109129986233175e-06,0.0,3.4305133895116966,0.1576595047349801,1,143,27,296.59904821480353,0.4313818834333729,0.3526902042040246,326.4740358780628,332.2759334762062,5.801897598143398,2.7111115263077705,True,0.9936025589764096,0.6153846153846154,0.7423362777088688,2.4743166610113407,11.33326079089307,8.50072005594218,27.737403303308437,2.543914110254416,True,1.0,21.625101697634022,21.625101697634022,Diagonal,3,evaluation,0.01,1.0,2.0,1.0,1.25
DiagonalScanPath_3,physics mean + space-time,3.6109129986233175e-06,12.422901570529978,3.4305133895116966,0.1576595047349801,2,283,51,296.59904821480353,0.4219456637053111,0.3038690692630343,326.4740358780628,329.71950854532173,3.245472667258923,1.419837405665222,False,0.9932027189124352,0.5769230769230769,0.7388748135485513,2.1469268722685024,11.21898722337788,5.881950555888039,34.01533764457318,5.9480177743203875,True,1.0,34.985946454095746,34.985946454095746,Diagonal,3,evaluation,0.01,1.0,2.0,1.0,1.25
DiagonalScanPath_3,snapshot RBF,3.6109129986233175e-06,0.0,3.4305133895116966,0.1702227206133784,1,202,88,294.9015209525281,0.7959352637533363,0.7962601058093195,326.4740358780628,297.27989132389393,29.194144554168872,1.147446245672645,False,0.98640543782487,0.618421052631579,0.7525043280135353,2.0575698065403607,10.89829743300192,2.9624222817585575,59.15766044879624,4.251194481970554,False,0.9210526315789472,12.59383325747859,41.11331784904365,Diagonal,3,evaluation,0.03,1.0,2.0,1.0,1.25
DiagonalScanPath_3,space-time heat,3.6109129986233175e-06,12.422901570529978,3.4305133895116966,0.1702227206133784,2,401,173,294.9015209525281,0.8223839890017864,0.8458093446948003,326.4740358780628,295.58423275267427,30.88980312538854,0.4275918473327678,False,0.9820071971211516,0.4078947368421052,0.742748522278228,2.3170191049884807,10.766848859776422,1.8823975174918728,77.72128877878397,10.937169061701004,False,0.9342105263157896,20.588099890134885,49.75611918764174,Diagonal,3,evaluation,0.03,1.0,2.0,1.0,1.25
DiagonalScanPath_3,physics mean + RBF,3.6109129986233175e-06,0.0,3.4305133895116966,0.1702227206133784,1,202,88,294.9015209525281,0.4754584190140498,0.4346474668487597,326.4740358780628,332.1988264089063,5.7247905308435065,0.8388682127998768,False,0.9880047980807676,0.7105263157894737,0.7391416611590148,1.5174255900207532,10.961172181227871,3.407276038115124,35.07007372179752,2.543914110254416,False,0.881578947368421,8.667817590892827,27.061398063195355,Diagonal,3,evaluation,0.03,1.0,2.0,1.0,1.25
DiagonalScanPath_3,physics mean + space-time,3.6109129986233175e-06,12.422901570529978,3.4305133895116966,0.1702227206133784,2,401,173,294.9015209525281,0.4599451862457182,0.4378193037020284,326.4740358780628,331.64573196785125,5.1716960897884405,0.4986128928310177,False,0.9848060775689724,0.6052631578947368,0.7264037277070498,1.5184614811587345,10.781627683937035,2.1637519473487323,42.68084186498429,5.9480177743203875,False,0.9210526315789472,12.870035042050617,22.77535917186241,Diagonal,3,evaluation,0.03,1.0,2.0,1.0,1.25
DiagonalScanPath_3,snapshot RBF,3.6109129986233175e-06,0.0,3.4305133895116966,0.1747785923051746,1,252,139,294.57293291891347,0.8293293275426995,0.8392767365641157,326.4740358780628,295.76283969661193,30.711196181450873,0.476508597650032,False,0.9800079968012796,0.626984126984127,0.7409052464546644,1.5479937052839168,10.664337840484524,1.8777860493733411,49.039077022851224,4.251194481970554,False,0.9206349206349206,7.982833691417236,37.46702349750599,Diagonal,3,evaluation,0.05,1.0,2.0,1.0,1.25
DiagonalScanPath_3,space-time heat,3.6109129986233175e-06,12.422901570529978,3.4305133895116966,0.1747785923051746,2,498,272,294.57293291891347,0.8272789915466549,0.839773809401299,326.4740358780628,295.42688577393443,31.047150104128377,0.4245011258146038,False,0.980407836865254,0.6190476190476191,0.7320305072985988,1.5530451282992968,10.511009052892373,1.7944863182257804,50.31031788632364,10.937169061701004,False,0.9603174603174603,19.62660024134475,37.805125448540664,Diagonal,3,evaluation,0.05,1.0,2.0,1.0,1.25
DiagonalScanPath_3,physics mean + RBF,3.6109129986233175e-06,0.0,3.4305133895116966,0.1747785923051746,1,252,139,294.57293291891347,0.4614825397624315,0.4547748787659135,326.4740358780628,332.3759603490698,5.901924471007021,0.4423315159791643,False,0.9852059176329468,0.7142857142857143,0.7145557474999664,1.060726758523682,10.624709816858717,1.9580656851155704,30.817566938380107,2.543914110254416,False,0.8650793650793651,4.981150925170483,24.202250893673963,Diagonal,3,evaluation,0.05,1.0,2.0,1.0,1.25
DiagonalScanPath_3,physics mean + space-time,3.6109129986233175e-06,12.422901570529978,3.4305133895116966,0.1747785923051746,2,498,272,294.57293291891347,0.4683876946253709,0.4666174537942633,326.4740358780628,332.15985321153664,5.685817333473835,0.4632607904964022,False,0.982407037185126,0.6507936507936508,0.7100625587955913,1.1382714593661094,10.515391350569626,1.8119700484665549,33.98391405687891,5.9480177743203875,False,0.9285714285714286,10.777630054815248,20.6221409816914,Diagonal,3,evaluation,0.05,1.0,2.0,1.0,1.25
DiagonalScanPath_3,snapshot RBF,3.6109129986233175e-06,0.0,3.4305133895116966,0.1824470001662968,1,367,259,294.0650554867572,0.8567271951046986,0.851994592320184,326.4740358780628,295.29038388144426,31.18365199661855,0.4353697715180037,False,0.975609756097561,0.7888446215139442,0.7237816741573058,0.9804574583179008,10.11426574625947,1.8402871418223112,29.03785923413902,4.251194481970554,False,0.952191235059761,7.823418542556373,23.63695456792752,Diagonal,3,evaluation,0.1,1.0,2.0,1.0,1.25
DiagonalScanPath_3,space-time heat,3.6109129986233175e-06,12.422901570529978,3.4305133895116966,0.1824470001662968,2,711,493,294.0650554867572,0.8726203616475848,0.8709941374933339,326.4740358780628,294.8790228967283,31.59501298133449,0.4192649873788487,False,0.9752099160335864,0.7569721115537849,0.7177282863399962,1.015136028987559,9.994294347706296,1.7585080520813423,31.37788288265629,10.937169061701004,False,0.9800796812749004,19.233099861976154,28.294300235034065,Diagonal,3,evaluation,0.1,1.0,2.0,1.0,1.25
DiagonalScanPath_3,physics mean + RBF,3.6109129986233175e-06,0.0,3.4305133895116966,0.1824470001662968,1,367,259,294.0650554867572,0.5082759209186495,0.4977982907084315,326.4740358780628,333.2006712684634,6.726635390400588,0.4234710123586302,False,0.9760095961615354,0.7649402390438247,0.6999281485712826,0.7771074423011437,10.122067855999086,1.8031191132113649,21.677976700717988,2.543914110254416,False,0.8764940239043825,4.586980154567819,16.119880282031144,Diagonal,3,evaluation,0.1,1.0,2.0,1.0,1.25
DiagonalScanPath_3,physics mean + space-time,3.6109129986233175e-06,12.422901570529978,3.4305133895116966,0.1824470001662968,2,711,493,294.0650554867572,0.5224924365401621,0.5123636829077991,326.4740358780628,333.53083336058586,7.056797482523052,0.4169153526688539,False,0.9740103958416634,0.7410358565737052,0.6957683983997215,0.8044003226539379,9.979250898480265,1.737451745888718,22.66234670608628,5.9480177743203875,False,0.9641434262948207,10.334393866570084,16.360844710512634,Diagonal,3,evaluation,0.1,1.0,2.0,1.0,1.25
DiagonalScanPath_4,snapshot RBF,3.6109129986233175e-06,0.0,3.4305133895116966,0.1576595047349801,1,140,23,297.29856179271883,0.7028154781577209,0.6964204815265671,331.63935958961497,301.24976795443496,30.38959163518001,1.73436930440354,False,0.9968012794882048,0.7307692307692307,0.7626863634554528,3.750025707077562,11.349693678281424,5.899780256052865,105.94858746842016,4.251194481970554,False,0.8846153846153846,25.081113269370753,70.08711785498514,Diagonal,4,evaluation,0.01,1.0,2.0,1.0,1.25
DiagonalScanPath_4,space-time heat,3.6109129986233175e-06,12.422901570529978,3.4305133895116966,0.1576595047349801,2,277,43,297.29856179271883,0.6877596813253842,0.7001083806381567,331.63935958961497,302.80188777297013,28.837471816644836,0.7981444164288234,False,0.995201919232307,0.5384615384615384,0.7512020095320429,4.022803759614259,11.180937715301637,4.504099863305516,123.25699592782112,10.937169061701004,False,0.9230769230769232,49.26210167575682,84.10383017602516,Diagonal,4,evaluation,0.01,1.0,2.0,1.0,1.25
DiagonalScanPath_4,physics mean + RBF,3.6109129986233175e-06,0.0,3.4305133895116966,0.1576595047349801,1,140,23,297.29856179271883,0.3412515392440693,0.3279228328552078,331.63935958961497,340.62540445788363,8.986044868268664,2.970756529715913,False,0.9968012794882048,0.6923076923076923,0.7290156829867883,2.2575581599368233,11.369933459216758,8.595390122775676,21.448174578368715,2.543914110254416,True,1.0,21.86593421647048,21.86593421647048,Diagonal,4,evaluation,0.01,1.0,2.0,1.0,1.25
DiagonalScanPath_4,physics mean + space-time,3.6109129986233175e-06,12.422901570529978,3.4305133895116966,0.1576595047349801,2,277,43,297.29856179271883,0.3778461534948176,0.3219521488755333,331.63935958961497,337.5480837068653,5.908724117250358,3.762398662052045,True,0.996001599360256,0.6923076923076923,0.733219857094543,2.282903147543318,11.2743935308483,7.64119907012775,23.220067560529976,5.9480177743203875,True,1.0,45.44998788624028,45.44998788624028,Diagonal,4,evaluation,0.01,1.0,2.0,1.0,1.25
DiagonalScanPath_4,snapshot RBF,3.6109129986233175e-06,0.0,3.4305133895116966,0.1702227206133784,1,189,74,295.3585248883726,0.7881496334450259,0.7909361365080431,331.63935958961497,300.2584277603407,31.38093182927429,0.5964144051012051,False,0.9900039984006398,0.7105263157894737,0.7633357564282972,2.1805745002975625,11.049014174508129,3.8487524143242617,55.80517466072195,4.251194481970554,False,0.9473684210526316,16.361795026246142,46.30847498048695,Diagonal,4,evaluation,0.03,1.0,2.0,1.0,1.25
DiagonalScanPath_4,space-time heat,3.6109129986233175e-06,12.422901570529978,3.4305133895116966,0.1702227206133784,2,380,149,295.3585248883726,0.7819524627720775,0.8002187489550812,331.63935958961497,297.1805988540563,34.458760735558656,0.5145557765655774,False,0.9868052778888444,0.631578947368421,0.7470703776872916,2.046601583705136,10.908834732046204,2.0729544071771597,66.96090457834181,10.937169061701004,False,0.9473684210526316,22.672252808494783,49.00450705620066,Diagonal,4,evaluation,0.03,1.0,2.0,1.0,1.25
DiagonalScanPath_4,physics mean + RBF,3.6109129986233175e-06,0.0,3.4305133895116966,0.1702227206133784,1,189,74,295.3585248883726,0.5187182561311687,0.4772788905576849,331.63935958961497,339.3862347950658,7.746875205450806,1.7365636371922826,False,0.9828068772491004,0.5526315789473685,0.7614493170803744,2.0457961391803168,11.130527965137452,5.854718970302855,33.10040555643797,2.543914110254416,False,0.9605263157894736,14.893902200127636,19.09808027719602,Diagonal,4,evaluation,0.03,1.0,2.0,1.0,1.25
DiagonalScanPath_4,physics mean + space-time,3.6109129986233175e-06,12.422901570529978,3.4305133895116966,0.1702227206133784,2,380,149,295.3585248883726,0.3976115087736353,0.3990626276635298,331.63935958961497,340.00875129877153,8.36939170915656,0.97136542855761,False,0.9900039984006398,0.7105263157894737,0.7156058736450139,1.307536024962885,10.893813993729225,2.6214652343377973,35.079751328080285,5.9480177743203875,True,0.9605263157894736,15.592521808604175,18.780095934366283,Diagonal,4,evaluation,0.03,1.0,2.0,1.0,1.25
DiagonalScanPath_4,snapshot RBF,3.6109129986233175e-06,0.0,3.4305133895116966,0.1747785923051746,1,244,130,294.78909906626774,0.8053387052399076,0.814850949786821,331.63935958961497,296.55274848300184,35.086611106613134,0.4648511539555037,False,0.984406237504998,0.6984126984126984,0.7427806953400804,1.504307021009892,10.73581985503059,2.194678496682287,45.454742365979065,4.251194481970554,False,0.9285714285714286,9.330005114795172,37.3179640290716,Diagonal,4,evaluation,0.05,1.0,2.0,1.0,1.25
DiagonalScanPath_4,space-time heat,3.6109129986233175e-06,12.422901570529978,3.4305133895116966,0.1747785923051746,2,491,264,294.78909906626774,0.8059885608552539,0.8158375715742262,331.63935958961497,296.7750822248633,34.86427736475167,0.4601252569152912,False,0.984406237504998,0.7380952380952381,0.7384913758207184,1.4879742779552572,10.58373339709732,1.9146479736032125,47.51556432557863,10.937169061701004,False,0.9682539682539684,20.940828580941584,37.93062076988976,Diagonal,4,evaluation,0.05,1.0,2.0,1.0,1.25
DiagonalScanPath_4,physics mean + RBF,3.6109129986233175e-06,0.0,3.4305133895116966,0.1747785923051746,1,244,130,294.78909906626774,0.4648296805022762,0.4593979930571638,331.63935958961497,339.71132790304836,8.071968313433388,0.5323099104856895,False,0.9840063974410236,0.7142857142857143,0.7301110841127324,1.2422535390375862,10.741445151659686,2.5166589729094757,30.372861538891744,2.543914110254416,False,0.8809523809523809,6.402164271882797,22.367990261135773,Diagonal,4,evaluation,0.05,1.0,2.0,1.0,1.25
DiagonalScanPath_4,physics mean + space-time,3.6109129986233175e-06,12.422901570529978,3.4305133895116966,0.1747785923051746,2,491,264,294.78909906626774,0.449493919481821,0.4480078728240582,331.63935958961497,339.54619577004206,7.906836180427092,0.4691574358892273,False,0.9828068772491004,0.6746031746031746,0.7155641526788696,1.1491146755470745,10.591127513747862,1.96236672989733,32.93340157467828,5.9480177743203875,False,0.9444444444444444,11.672192189164296,20.757993153459932,Diagonal,4,evaluation,0.05,1.0,2.0,1.0,1.25
DiagonalScanPath_4,snapshot RBF,3.6109129986233175e-06,0.0,3.4305133895116966,0.1824470001662968,1,357,247,294.1397190891362,0.857941323696771,0.8591294574716444,331.63935958961497,294.97379336494356,36.66556622467141,0.4264277821457394,False,0.9684126349460216,0.6852589641434262,0.7348236536120182,1.1089311194673996,10.176971693537917,1.7977042184092231,33.543917900512625,4.251194481970554,False,0.9322709163346612,7.642390253516479,24.66961967227227,Diagonal,4,evaluation,0.1,1.0,2.0,1.0,1.25
DiagonalScanPath_4,space-time heat,3.6109129986233175e-06,12.422901570529978,3.4305133895116966,0.1824470001662968,2,702,484,294.1397190891362,0.8532580622707434,0.8551860269194519,331.63935958961497,294.82327463023415,36.81608495938082,0.4264556906802209,False,0.966813274690124,0.6693227091633466,0.7316400963881619,1.1303835080123397,10.06244646270459,1.778107401725587,34.313955973116826,10.937169061701004,False,0.9800796812749004,19.44746126253465,29.16078179854761,Diagonal,4,evaluation,0.1,1.0,2.0,1.0,1.25
DiagonalScanPath_4,physics mean + RBF,3.6109129986233175e-06,0.0,3.4305133895116966,0.1824470001662968,1,357,247,294.1397190891362,0.5135116881517875,0.5076457624045683,331.63935958961497,340.7547732034805,9.115413613865542,0.448502339408637,False,0.966813274690124,0.6693227091633466,0.715233982156007,0.9161954321218028,10.162278989307731,1.7970495064995329,25.14742159059705,2.543914110254416,False,0.8645418326693227,4.571539596409896,18.458273227748933,Diagonal,4,evaluation,0.1,1.0,2.0,1.0,1.25
DiagonalScanPath_4,physics mean + space-time,3.6109129986233175e-06,12.422901570529978,3.4305133895116966,0.1824470001662968,2,702,484,294.1397190891362,0.5028593767151974,0.4985359468405613,331.63935958961497,341.15704383450435,9.51768424488938,0.4256857971409555,False,0.9672131147540984,0.6733067729083665,0.7048703324106746,0.8776916888827785,10.06236805404262,1.797031683870514,24.77015468289366,5.9480177743203875,False,0.9641434262948207,10.68877639667871,17.502180169719853,Diagonal,4,evaluation,0.1,1.0,2.0,1.0,1.25
DiagonalScanPath_5,snapshot RBF,3.6109129986233175e-06,0.0,3.4305133895116966,0.1576595047349801,1,144,27,297.0732809403259,0.680094616245669,0.6701321871151565,334.0359159203151,302.192476754739,31.843439165576115,1.530136067128882,False,0.9968012794882048,0.7307692307692307,0.7629302436488913,3.421408613149486,11.33707079407826,5.959344657166455,94.65538414571785,4.251194481970554,False,0.9230769230769232,25.33433312270674,56.093412457548496,Diagonal,5,evaluation,0.01,1.0,2.0,1.0,1.25
DiagonalScanPath_5,space-time heat,3.6109129986233175e-06,12.422901570529978,3.4305133895116966,0.1576595047349801,2,288,55,297.0732809403259,0.6663090137847356,0.6665189469597911,334.0359159203151,301.74658291696744,32.28933300334768,2.3922670843274156,False,0.9948020791683326,0.5769230769230769,0.755824163326308,3.716975276607533,11.172725898330098,4.798206315159724,110.20503244286508,10.937169061701004,True,1.0,52.4787936618233,52.4787936618233,Diagonal,5,evaluation,0.01,1.0,2.0,1.0,1.25
DiagonalScanPath_5,physics mean + RBF,3.6109129986233175e-06,0.0,3.4305133895116966,0.1576595047349801,1,144,27,297.0732809403259,0.3319037060726338,0.3258606808438374,334.0359159203151,332.0027939987411,2.033121921574036,2.14915972485908,True,0.9972011195521792,0.7692307692307693,0.7334141945091596,2.1877106486489457,11.370691392396706,7.817708415897785,29.841861125557628,2.543914110254416,True,0.9615384615384616,19.88757874905707,24.097651260646156,Diagonal,5,evaluation,0.01,1.0,2.0,1.0,1.25
DiagonalScanPath_5,physics mean + space-time,3.6109129986233175e-06,12.422901570529978,3.4305133895116966,0.1576595047349801,2,288,55,297.0732809403259,0.3679809221619474,0.3218859999170914,334.0359159203151,333.06704592679074,0.968869993524379,2.9821133115835035,True,0.9948020791683326,0.6153846153846154,0.7308789988177201,2.15818221840775,11.265832204765262,6.647410780274509,30.939174156691664,5.9480177743203875,True,1.0,39.53891747428174,39.53891747428174,Diagonal,5,evaluation,0.01,1.0,2.0,1.0,1.25
DiagonalScanPath_5,snapshot RBF,3.6109129986233175e-06,0.0,3.4305133895116966,0.1702227206133784,1,190,76,295.50866552712534,0.7574697615480289,0.7708194492185266,334.0359159203151,297.41700267482315,36.61891324549197,0.720427922616135,False,0.9888044782087164,0.6447368421052632,0.7591450126623397,2.1165284302721865,11.070185152658254,2.6937806867701264,66.14684044466115,4.251194481970554,False,0.8947368421052632,11.451785591236009,49.489226900472126,Diagonal,5,evaluation,0.03,1.0,2.0,1.0,1.25
DiagonalScanPath_5,space-time heat,3.6109129986233175e-06,12.422901570529978,3.4305133895116966,0.1702227206133784,2,386,158,295.50866552712534,0.7346072532748048,0.754321873246714,334.0359159203151,297.538231791883,36.49768412843213,0.8498606010655058,False,0.9920031987205118,0.7631578947368421,0.7427752999351959,1.8850934004307387,10.959057310391987,2.8942535595660517,55.941948013699154,10.937169061701004,False,0.9736842105263158,31.654940488403827,42.915799622028175,Diagonal,5,evaluation,0.03,1.0,2.0,1.0,1.25
DiagonalScanPath_5,physics mean + RBF,3.6109129986233175e-06,0.0,3.4305133895116966,0.1702227206133784,1,190,76,295.50866552712534,0.4959902416211877,0.4535126990205808,334.0359159203151,336.2541636885126,2.2182477681975,2.712501731775642,True,0.990403838464614,0.7368421052631579,0.7552433506920083,1.8954275368059672,11.233264522458608,7.295914662089516,22.59390567372635,2.543914110254416,True,0.986842105263158,18.56018025610161,19.827714930619788,Diagonal,5,evaluation,0.03,1.0,2.0,1.0,1.25
DiagonalScanPath_5,physics mean + space-time,3.6109129986233175e-06,12.422901570529978,3.4305133895116966,0.1702227206133784,2,386,158,295.50866552712534,0.3932306651592144,0.4007980467768109,334.0359159203151,331.7234233651715,2.312492555143592,0.4845524136309524,False,0.9900039984006398,0.6842105263157895,0.7202427074892235,1.3675625132485194,10.929015417299912,2.284178858401024,39.32923551994045,5.9480177743203875,True,0.9342105263157896,13.58633644949614,24.503138524948685,Diagonal,5,evaluation,0.03,1.0,2.0,1.0,1.25
DiagonalScanPath_5,snapshot RBF,3.6109129986233175e-06,0.0,3.4305133895116966,0.1747785923051746,1,243,129,294.9692684487352,0.7773155069929024,0.7867409287127489,334.0359159203151,296.46144853959447,37.57446738072065,0.5287601581348428,False,0.9816073570571772,0.6587301587301587,0.751378318205729,1.588133180605852,10.748981580546989,1.9396022934061343,50.02675354147637,4.251194481970554,False,0.8968253968253969,8.245626566945592,36.68340529246198,Diagonal,5,evaluation,0.05,1.0,2.0,1.0,1.25
DiagonalScanPath_5,space-time heat,3.6109129986233175e-06,12.422901570529978,3.4305133895116966,0.1747785923051746,2,485,258,294.9692684487352,0.7898278859417273,0.8080867433138196,334.0359159203151,296.0205158806194,38.01540003969569,0.4634037254712923,False,0.9808076769292284,0.6190476190476191,0.7466489728214845,1.6943663145243155,10.638132851413229,1.8268301000100369,54.890573628030445,10.937169061701004,False,0.9603174603174603,19.980349650813928,36.29497169099181,Diagonal,5,evaluation,0.05,1.0,2.0,1.0,1.25
DiagonalScanPath_5,physics mean + RBF,3.6109129986233175e-06,0.0,3.4305133895116966,0.1747785923051746,1,243,129,294.9692684487352,0.4364541325946827,0.4397296677740663,334.0359159203151,331.57780561385226,2.4581103064628564,0.5362504966498065,False,0.9816073570571772,0.6507936507936508,0.723970784298859,1.1276270588407882,10.76256581917142,1.9519184898197184,31.045085327424964,2.543914110254416,True,0.8571428571428571,4.965512988318871,21.636181465035605,Diagonal,5,evaluation,0.05,1.0,2.0,1.0,1.25
DiagonalScanPath_5,physics mean + space-time,3.6109129986233175e-06,12.422901570529978,3.4305133895116966,0.1747785923051746,2,485,258,294.9692684487352,0.4213474682503408,0.4234470525630644,334.0359159203151,331.617331894644,2.418584025671123,0.4640847662371262,False,0.9820071971211516,0.6428571428571429,0.7135084967901758,1.0871548173082708,10.628164515344224,1.892356838435268,31.045321501991697,5.9480177743203875,True,0.9603174603174603,11.255772110369705,18.835140478527993,Diagonal,5,evaluation,0.05,1.0,2.0,1.0,1.25
DiagonalScanPath_5,snapshot RBF,3.6109129986233175e-06,0.0,3.4305133895116966,0.1824470001662968,1,364,257,294.19361629368717,0.8442803939952221,0.8453497097628755,334.0359159203151,295.2077729893362,38.82814293097891,0.4244783590073443,False,0.9620151939224312,0.6215139442231076,0.7509083827652314,1.2428871459415396,10.16363923575262,1.7761780541871175,37.644823649610515,4.251194481970554,False,0.9203187250996016,7.550878342957469,25.42609848575627,Diagonal,5,evaluation,0.1,1.0,2.0,1.0,1.25
DiagonalScanPath_5,space-time heat,3.6109129986233175e-06,12.422901570529978,3.4305133895116966,0.1824470001662968,2,716,500,294.19361629368717,0.8372994490835928,0.8395889772535876,334.0359159203151,295.0223526157285,39.013563304586626,0.4171304809323896,False,0.9628148740503798,0.6294820717131474,0.7375439540982011,1.208615402397326,10.022989853950603,1.734702677380015,37.03602108542047,10.937169061701004,False,0.9800796812749004,18.9727364542906,29.43694467130833,Diagonal,5,evaluation,0.1,1.0,2.0,1.0,1.25
DiagonalScanPath_5,physics mean + RBF,3.6109129986233175e-06,0.0,3.4305133895116966,0.1824470001662968,1,364,257,294.19361629368717,0.5133119280219596,0.5078669031728812,334.0359159203151,332.4600334925953,1.575882427719819,0.4233590714314499,False,0.9628148740503798,0.6294820717131474,0.7223799980236953,0.9645991821238294,10.148091494662042,1.7576896760775174,26.936833562531195,2.543914110254416,True,0.8725099601593626,4.471411568422108,18.452047500569492,Diagonal,5,evaluation,0.1,1.0,2.0,1.0,1.25
DiagonalScanPath_5,physics mean + space-time,3.6109129986233175e-06,12.422901570529978,3.4305133895116966,0.1824470001662968,2,716,500,294.19361629368717,0.516883993583607,0.5123744461151949,334.0359159203151,332.51331437048447,1.5226015498306538,0.4199829918928251,False,0.9604158336665334,0.6055776892430279,0.7199501918749417,1.0055039123828415,10.06923561797465,1.7348740973054797,28.240130518817715,5.9480177743203875,True,0.952191235059761,10.31906196698103,16.5749146258116,Diagonal,5,evaluation,0.1,1.0,2.0,1.0,1.25
DiagonalScanPath_6,snapshot RBF,3.6109129986233175e-06,0.0,3.4305133895116966,0.1576595047349801,1,142,26,297.49859080218494,0.6618996829658889,0.6577649071896388,331.21807173731014,302.127668865493,29.09040287181716,2.0381103127515443,False,0.9972011195521792,0.7692307692307693,0.7688648179241717,3.777582696552983,11.375027138408456,6.784740709998776,95.80139442198464,4.251194481970554,False,0.9230769230769232,28.84325226794779,53.29906197112203,Diagonal,6,evaluation,0.01,1.0,2.0,1.0,1.25
DiagonalScanPath_6,space-time heat,3.6109129986233175e-06,12.422901570529978,3.4305133895116966,0.1576595047349801,2,284,52,297.49859080218494,0.6497682352708255,0.6918421164743215,331.21807173731014,301.9894322550162,29.228639482293943,0.8183084335015475,False,0.9944022391043582,0.5384615384615384,0.7496651386605732,4.054120888523658,11.178786073047428,3.89365277273711,131.0126270534203,10.937169061701004,False,0.9230769230769232,42.58553864298665,69.28157868223533,Diagonal,6,evaluation,0.01,1.0,2.0,1.0,1.25
DiagonalScanPath_6,physics mean + RBF,3.6109129986233175e-06,0.0,3.4305133895116966,0.1576595047349801,1,142,26,297.49859080218494,0.3428346349527643,0.3374756241018905,331.21807173731014,329.375512881311,1.8425588559991295,2.237701021877895,False,0.9964014394242304,0.6538461538461539,0.7352199423006671,2.4219615462625006,11.391179774415818,8.320401021048358,35.08118541258345,2.543914110254416,True,0.9615384615384616,21.166385560420174,23.58711524808479,Diagonal,6,evaluation,0.01,1.0,2.0,1.0,1.25
DiagonalScanPath_6,physics mean + space-time,3.6109129986233175e-06,12.422901570529978,3.4305133895116966,0.1576595047349801,2,284,52,297.49859080218494,0.4322296734914402,0.3935427408624639,331.21807173731014,329.21143820635405,2.006633530956094,2.1515397581572087,False,0.994002399040384,0.5769230769230769,0.7403012778585458,2.925279776131537,11.236258454914733,7.622916908368261,49.55443413330852,5.9480177743203875,True,1.0,45.34124526314183,45.34124526314183,Diagonal,6,evaluation,0.01,1.0,2.0,1.0,1.25
DiagonalScanPath_6,snapshot RBF,3.6109129986233175e-06,0.0,3.4305133895116966,0.1702227206133784,1,196,82,295.76268867732483,0.7309611592857173,0.7219605695214184,331.21807173731014,300.86086314854197,30.357208588768177,1.408402763178738,False,0.9832067173130749,0.5657894736842105,0.7785636228047681,2.3979309775113093,11.085797597935734,4.855819478317289,52.45156935820914,4.251194481970554,False,0.9605263157894736,20.6430329716676,38.45262299797298,Diagonal,6,evaluation,0.03,1.0,2.0,1.0,1.25
DiagonalScanPath_6,space-time heat,3.6109129986233175e-06,12.422901570529978,3.4305133895116966,0.1702227206133784,2,386,158,295.76268867732483,0.7364661074983649,0.7606832998692484,331.21807173731014,297.83185997115635,33.38621176615379,0.6710350833156973,False,0.9900039984006398,0.6973684210526315,0.7514300670838069,2.1576409608595033,10.922184473288157,2.6705120736948076,64.75926320969505,10.937169061701004,False,0.9605263157894736,29.207842031313845,46.15006698349599,Diagonal,6,evaluation,0.03,1.0,2.0,1.0,1.25
DiagonalScanPath_6,physics mean + RBF,3.6109129986233175e-06,0.0,3.4305133895116966,0.1702227206133784,1,196,82,295.76268867732483,0.4518653544571107,0.4207655732180388,331.21807173731014,329.56732092026806,1.6507508170420806,1.7329993791630205,False,0.9900039984006398,0.7763157894736842,0.7474839228060924,1.6320315385811568,11.150496254734849,6.27210208777325,24.585131623563985,2.543914110254416,True,0.9605263157894736,15.955689002042549,22.78972399814306,Diagonal,6,evaluation,0.03,1.0,2.0,1.0,1.25
DiagonalScanPath_6,physics mean + space-time,3.6109129986233175e-06,12.422901570529978,3.4305133895116966,0.1702227206133784,2,386,158,295.76268867732483,0.3886658108783958,0.3781790167693285,331.21807173731014,328.8483972603304,2.3696744769797533,0.6820764428011885,False,0.9868052778888444,0.6447368421052632,0.7276377061824738,1.4503075275980652,10.950308737000668,3.728063170200606,31.655800034998546,5.9480177743203875,True,0.9736842105263158,22.17458600014242,27.45779307697764,Diagonal,6,evaluation,0.03,1.0,2.0,1.0,1.25
DiagonalScanPath_6,snapshot RBF,3.6109129986233175e-06,0.0,3.4305133895116966,0.1747785923051746,1,241,127,295.08447956436737,0.7383250738440116,0.7469379610114599,331.21807173731014,297.62352852101145,33.59454321629869,0.4968307786922429,False,0.9800079968012796,0.626984126984127,0.755638926517287,1.5824540113058845,10.791275244532676,2.1056781752268057,47.98241729772231,4.251194481970554,False,0.9047619047619048,8.951647439330017,36.28151897763098,Diagonal,6,evaluation,0.05,1.0,2.0,1.0,1.25
DiagonalScanPath_6,space-time heat,3.6109129986233175e-06,12.422901570529978,3.4305133895116966,0.1747785923051746,2,480,253,295.08447956436737,0.7738533411205131,0.7915502068565639,331.21807173731014,296.1060273406893,35.11204439662083,0.4359720416101547,False,0.9812075169932029,0.626984126984127,0.751114258591317,1.7354530709346043,10.64866020925163,1.836378647346641,57.41466552518355,10.937169061701004,False,0.9682539682539684,20.084783727328023,37.671501004051066,Diagonal,6,evaluation,0.05,1.0,2.0,1.0,1.25
DiagonalScanPath_6,physics mean + RBF,3.6109129986233175e-06,0.0,3.4305133895116966,0.1747785923051746,1,241,127,295.08447956436737,0.4409786237700246,0.4497726039883359,331.21807173731014,327.6788709317419,3.539200805568214,0.4264365456691372,False,0.9820071971211516,0.6428571428571429,0.7277594201556339,1.250891483891282,10.740678242038086,1.8669378803928955,38.288565988603445,2.543914110254416,False,0.8253968253968254,4.749329616899963,29.18474002626629,Diagonal,6,evaluation,0.05,1.0,2.0,1.0,1.25
DiagonalScanPath_6,physics mean + space-time,3.6109129986233175e-06,12.422901570529978,3.4305133895116966,0.1747785923051746,2,480,253,295.08447956436737,0.4519456628187158,0.4601750255925234,331.21807173731014,328.23630103996254,2.9817706973475993,0.4229793619067888,False,0.9796081567373052,0.6031746031746031,0.726392243953716,1.3328607046823129,10.645568266758469,1.8367746313253708,41.11535509888082,5.9480177743203875,False,0.9126984126984128,10.925168154544082,21.72915988271112,Diagonal,6,evaluation,0.05,1.0,2.0,1.0,1.25
DiagonalScanPath_6,snapshot RBF,3.6109129986233175e-06,0.0,3.4305133895116966,0.1824470001662968,1,360,251,294.243289356887,0.8262614649117842,0.8259755513464532,331.21807173731014,295.22498919484866,35.99308254246148,0.4343133355117926,False,0.9612155137944822,0.6334661354581673,0.7557420189908953,1.2671168883252202,10.184943781405671,1.757070379180593,38.64036246411308,4.251194481970554,False,0.9203187250996016,7.469647900406445,26.31305910501611,Diagonal,6,evaluation,0.1,1.0,2.0,1.0,1.25
DiagonalScanPath_6,space-time heat,3.6109129986233175e-06,12.422901570529978,3.4305133895116966,0.1824470001662968,2,706,488,294.243289356887,0.8446924088428029,0.8465675600701816,331.21807173731014,294.9016932614294,36.316378475880754,0.4244324569135393,False,0.9596161535385844,0.5976095617529881,0.7587274567304759,1.3770774567181414,10.062033999892364,1.736093508345354,42.00757562097437,10.937169061701004,False,0.9760956175298804,18.987948207694757,29.41968532516576,Diagonal,6,evaluation,0.1,1.0,2.0,1.0,1.25
DiagonalScanPath_6,physics mean + RBF,3.6109129986233175e-06,0.0,3.4305133895116966,0.1824470001662968,1,360,251,294.243289356887,0.539350551284772,0.5327912683579222,331.21807173731014,328.87027133048406,2.3478004068260816,0.4186486508936736,False,0.9564174330267892,0.5697211155378487,0.7439816724750187,1.151153634312323,10.166029204596214,1.7411730268384635,33.160395202156266,2.543914110254416,False,0.8167330677290837,4.429394631368761,22.271071641119413,Diagonal,6,evaluation,0.1,1.0,2.0,1.0,1.25
DiagonalScanPath_6,physics mean + space-time,3.6109129986233175e-06,12.422901570529978,3.4305133895116966,0.1824470001662968,2,706,488,294.243289356887,0.5249326296573895,0.5190688263060667,331.21807173731014,328.8787508909077,2.3393208464024156,0.4199756716420558,False,0.958016793282687,0.5856573705179283,0.730526127933505,1.0951604068835523,10.095358779324512,1.7412676654172683,31.607842230748275,5.9480177743203875,False,0.9362549800796812,10.35709102375128,17.139860289442225,Diagonal,6,evaluation,0.1,1.0,2.0,1.0,1.25
DiagonalScanPath_7,snapshot RBF,3.6109129986233175e-06,0.0,3.4305133895116966,0.1576595047349801,1,141,25,298.0220162058039,0.6505557891563475,0.6661861583384843,329.2427619913974,303.61144425524765,25.631317736149754,1.3745210709410365,False,0.996001599360256,0.6153846153846154,0.7653315697944117,4.036638730971506,11.297550902274242,4.9467891995641065,112.8078177222102,4.251194481970554,False,0.8846153846153846,21.029762948658465,73.62188897904433,Diagonal,7,evaluation,0.01,1.0,2.0,1.0,1.25
DiagonalScanPath_7,space-time heat,3.6109129986233175e-06,12.422901570529978,3.4305133895116966,0.1576595047349801,2,281,49,298.0220162058039,0.6858011377823305,0.7124966861672106,329.2427619913974,304.1770547478054,25.065707243591987,1.2522324450786335,False,0.9928028788484606,0.3846153846153846,0.7695683524227562,4.854823722935379,11.204119506226313,5.224883857836726,142.80491066340707,10.937169061701004,False,0.9230769230769232,57.145438080912825,81.7094200114096,Diagonal,7,evaluation,0.01,1.0,2.0,1.0,1.25
DiagonalScanPath_7,physics mean + RBF,3.6109129986233175e-06,0.0,3.4305133895116966,0.1576595047349801,1,141,25,298.0220162058039,0.3165310412002677,0.3315187829354809,329.2427619913974,335.5536481283149,6.310886136917475,2.4252662308763764,False,0.9968012794882048,0.6923076923076923,0.7296050392356379,2.479988669551918,11.37420911786792,7.644855271389408,33.60493174774415,2.543914110254416,True,1.0,19.447855195740377,19.447855195740377,Diagonal,7,evaluation,0.01,1.0,2.0,1.0,1.25
DiagonalScanPath_7,physics mean + space-time,3.6109129986233175e-06,12.422901570529978,3.4305133895116966,0.1576595047349801,2,281,49,298.0220162058039,0.3840215215588887,0.3587780649501244,329.2427619913974,338.73365113047134,9.490889139073944,2.4944615093974405,False,0.9956017592962816,0.5769230769230769,0.7375209657346243,2.829978410680835,11.29283104019656,8.772239743905025,42.74748900784869,5.9480177743203875,True,1.0,52.17743791734681,52.17743791734681,Diagonal,7,evaluation,0.01,1.0,2.0,1.0,1.25
DiagonalScanPath_7,snapshot RBF,3.6109129986233175e-06,0.0,3.4305133895116966,0.1702227206133784,1,189,74,295.92680693793324,0.7260423577950728,0.73570282815333,329.2427619913974,300.06077359067785,29.181988400719547,0.9178157366421064,False,0.98640543782487,0.5657894736842105,0.7735297518183477,2.435435726834102,11.105912999095883,3.658492723144883,64.81355750838752,4.251194481970554,False,0.9210526315789472,15.552964076962954,49.00222009631426,Diagonal,7,evaluation,0.03,1.0,2.0,1.0,1.25
DiagonalScanPath_7,space-time heat,3.6109129986233175e-06,12.422901570529978,3.4305133895116966,0.1702227206133784,2,384,155,295.92680693793324,0.7241783442471158,0.7529640455706452,329.2427619913974,297.6920852333146,31.55067675808283,0.4680500921688217,False,0.9852059176329468,0.5394736842105263,0.7571087820194033,2.397112252622081,10.917057494266029,1.9410517501068316,79.191536746221,10.937169061701004,False,0.9342105263157896,21.229611148429033,49.99522491586016,Diagonal,7,evaluation,0.03,1.0,2.0,1.0,1.25
DiagonalScanPath_7,physics mean + RBF,3.6109129986233175e-06,0.0,3.4305133895116966,0.1702227206133784,1,189,74,295.92680693793324,0.4337944453780251,0.4204101560904202,329.2427619913974,338.113824125352,8.871062133954581,1.2138634431788722,False,0.9896041583366654,0.6973684210526315,0.7533707465396364,1.9489287648401463,11.20323487029976,6.357517530190902,24.54178601657964,2.543914110254416,False,0.9605263157894736,16.17297855124244,21.218452070250567,Diagonal,7,evaluation,0.03,1.0,2.0,1.0,1.25
DiagonalScanPath_7,physics mean + space-time,3.6109129986233175e-06,12.422901570529978,3.4305133895116966,0.1702227206133784,2,384,155,295.92680693793324,0.3875082154420435,0.3942442328304053,329.2427619913974,336.85705057345353,7.614288582056133,0.7675841494817037,False,0.9896041583366654,0.6842105263157895,0.7288939379273619,1.542574917964525,10.946687454479116,2.7295399165541303,43.71367359416597,5.9480177743203875,True,0.9342105263157896,16.235351939380955,26.696247807189287,Diagonal,7,evaluation,0.03,1.0,2.0,1.0,1.25
DiagonalScanPath_7,snapshot RBF,3.6109129986233175e-06,0.0,3.4305133895116966,0.1747785923051746,1,238,124,295.21776394694666,0.7640026497395602,0.776189378712193,329.2427619913974,296.93265245964125,32.310109531756154,0.5038980852093302,False,0.9788084766093562,0.5793650793650794,0.763846288350819,1.791495934186083,10.821839226486247,1.9539729207850287,57.21453753929854,4.251194481970554,False,0.8968253968253969,8.3067188987612,40.545689733563194,Diagonal,7,evaluation,0.05,1.0,2.0,1.0,1.25
DiagonalScanPath_7,space-time heat,3.6109129986233175e-06,12.422901570529978,3.4305133895116966,0.1747785923051746,2,478,252,295.21776394694666,0.7787944520177429,0.7972518466627451,329.2427619913974,296.02561313901344,33.21714885238396,0.4492079337485526,False,0.9772091163534586,0.5476190476190477,0.7616149383920605,1.924051201508281,10.694927688216133,1.8117838853302124,63.93693743619903,10.937169061701004,False,0.9603174603174603,19.815786657122043,41.00547168453837,Diagonal,7,evaluation,0.05,1.0,2.0,1.0,1.25
DiagonalScanPath_7,physics mean + RBF,3.6109129986233175e-06,0.0,3.4305133895116966,0.1747785923051746,1,238,124,295.21776394694666,0.4250902723776641,0.423216845596717,329.2427619913974,336.90780748240326,7.665045491005856,0.6388989833194849,False,0.9816073570571772,0.6587301587301587,0.7369045619047143,1.280104505497416,10.86398641609896,2.7196006003087367,31.923314132860757,2.543914110254416,False,0.9047619047619048,6.9184303413817725,23.561961771741384,Diagonal,7,evaluation,0.05,1.0,2.0,1.0,1.25
DiagonalScanPath_7,physics mean + space-time,3.6109129986233175e-06,12.422901570529978,3.4305133895116966,0.1747785923051746,2,478,252,295.21776394694666,0.4519586487363963,0.461556887433605,329.2427619913974,337.44991642193327,8.207154430535866,0.453076753107596,False,0.9788084766093562,0.5793650793650794,0.7335001683735412,1.4587954117677395,10.689010985270125,1.841184748524092,44.09615654864099,5.9480177743203875,False,0.9285714285714286,10.951399610028911,23.355306230343615,Diagonal,7,evaluation,0.05,1.0,2.0,1.0,1.25
DiagonalScanPath_7,snapshot RBF,3.6109129986233175e-06,0.0,3.4305133895116966,0.1824470001662968,1,367,260,294.2774760696635,0.8344104855304467,0.8356825025866726,329.2427619913974,295.3243383467345,33.91842364466288,0.4430929332860435,False,0.958016793282687,0.5816733067729084,0.770092018180056,1.449295693572767,10.125334439652203,1.715548224225552,44.97223192601693,4.251194481970554,False,0.8884462151394422,7.29312914438205,28.452415623587985,Diagonal,7,evaluation,0.1,1.0,2.0,1.0,1.25
DiagonalScanPath_7,space-time heat,3.6109129986233175e-06,12.422901570529978,3.4305133895116966,0.1824470001662968,2,732,516,294.2774760696635,0.8377359532452898,0.8400363363047124,329.2427619913974,295.0768175672923,34.16594442410508,0.4391340183277877,False,0.9548180727708916,0.5537848605577689,0.7647089886902919,1.4705159157501888,10.056971776295,1.721482218341562,46.137790960129045,10.937169061701004,False,0.9800796812749004,18.82814205871374,30.915227159406328,Diagonal,7,evaluation,0.1,1.0,2.0,1.0,1.25
DiagonalScanPath_7,physics mean + RBF,3.6109129986233175e-06,0.0,3.4305133895116966,0.1824470001662968,1,367,260,294.2774760696635,0.5342790054230799,0.5289024872649538,329.2427619913974,338.46514180025844,9.222379808861035,0.446027245746146,False,0.9584166333466614,0.5896414342629482,0.7423501683381415,1.1828240388616438,10.11082397759678,1.7466421538203154,35.09479254036549,2.543914110254416,False,0.8167330677290837,4.443307620668664,24.0471451973767,Diagonal,7,evaluation,0.1,1.0,2.0,1.0,1.25
DiagonalScanPath_7,physics mean + space-time,3.6109129986233175e-06,12.422901570529978,3.4305133895116966,0.1824470001662968,2,732,516,294.2774760696635,0.5372843434054988,0.5339994843594333,329.2427619913974,338.10728436114994,8.864522369752535,0.4404498466907625,False,0.9556177528988404,0.5577689243027888,0.7428494079166522,1.24843065742359,10.0426571013289,1.706084355876207,37.08741555316156,5.9480177743203875,False,0.9362549800796812,10.14782007324163,18.774024673032173,Diagonal,7,evaluation,0.1,1.0,2.0,1.0,1.25
DiagonalScanPath_8,snapshot RBF,3.6109129986233175e-06,0.0,3.4305133895116966,0.1576595047349801,1,141,25,298.18350591685333,0.6527018970468064,0.6625683382391625,336.214847986714,302.65840695996746,33.55644102674654,1.6111935425767543,False,0.9972011195521792,0.7307692307692307,0.7712817724814164,3.871549886213044,11.34383996021966,5.805027592328411,113.94735554245472,4.251194481970554,False,0.9230769230769232,24.67830126819335,79.56340474514701,Diagonal,8,calibration,0.01,1.0,2.0,1.0,1.25
DiagonalScanPath_8,space-time heat,3.6109129986233175e-06,12.422901570529978,3.4305133895116966,0.1576595047349801,2,284,52,298.18350591685333,0.6425241872999431,0.6635962359600182,336.214847986714,302.38001085207526,33.83483713463875,1.500002300947071,False,0.9948020791683326,0.6153846153846154,0.7611012678696741,3.953181913351803,11.230272475324478,4.124345510701092,124.77923083013022,10.937169061701004,True,1.0,45.10866411940541,45.10866411940541,Diagonal,8,calibration,0.01,1.0,2.0,1.0,1.25
DiagonalScanPath_8,physics mean + RBF,3.6109129986233175e-06,0.0,3.4305133895116966,0.1576595047349801,1,141,25,298.18350591685333,0.3067763715686495,0.2979330429714708,336.214847986714,343.5584131014752,7.343565114761191,2.8546515963060566,False,0.9976009596161536,0.7692307692307693,0.7331719852265085,2.321471225747246,11.364685881221966,8.197611549566457,30.71688056004835,2.543914110254416,True,0.9615384615384616,20.854019691326677,25.24462029212284,Diagonal,8,calibration,0.01,1.0,2.0,1.0,1.25
DiagonalScanPath_8,physics mean + space-time,3.6109129986233175e-06,12.422901570529978,3.4305133895116966,0.1576595047349801,2,284,52,298.18350591685333,0.3737375966898598,0.3417064898488743,336.214847986714,340.7857033581886,4.570855371474579,1.7085711764664124,False,0.9932027189124352,0.5384615384615384,0.7419603642720156,2.874472641164442,11.241848097145809,7.693842491305404,43.8140809008416,5.9480177743203875,True,1.0,45.76311189110599,45.76311189110599,Diagonal,8,calibration,0.01,1.0,2.0,1.0,1.25
DiagonalScanPath_8,snapshot RBF,3.6109129986233175e-06,0.0,3.4305133895116966,0.1702227206133784,1,192,78,296.12149833303096,0.7239929921818349,0.7168229135928782,336.214847986714,301.13526674063536,35.07958124607865,1.136357393517177,False,0.9840063974410236,0.5657894736842105,0.7885325658791329,2.5534208246329104,11.127885184153394,4.743481851597566,63.75106219878383,4.251194481970554,False,0.9342105263157896,20.16546387283903,49.07639854904503,Diagonal,8,calibration,0.03,1.0,2.0,1.0,1.25
DiagonalScanPath_8,space-time heat,3.6109129986233175e-06,12.422901570529978,3.4305133895116966,0.1702227206133784,2,380,152,296.12149833303096,0.7392274165915865,0.7674701716203753,336.214847986714,297.72772714903084,38.487120837683165,0.56265491709967,False,0.9896041583366654,0.6710526315789473,0.7611384996123162,2.44084470061264,10.937915019992523,2.494271094355403,82.51055286819779,10.937169061701004,False,0.9473684210526316,27.280264644679026,57.23255727595738,Diagonal,8,calibration,0.03,1.0,2.0,1.0,1.25
DiagonalScanPath_8,physics mean + RBF,3.6109129986233175e-06,0.0,3.4305133895116966,0.1702227206133784,1,192,78,296.12149833303096,0.4720387513324297,0.4445574687364372,336.214847986714,343.4417451057751,7.226897119061107,1.289584394181052,False,0.98640543782487,0.6052631578947368,0.7710535887339452,2.2615506870621767,11.144994674569872,6.001426552638357,35.710608695336894,2.543914110254416,False,0.9473684210526316,15.26711368891223,24.09914692127589,Diagonal,8,calibration,0.03,1.0,2.0,1.0,1.25
DiagonalScanPath_8,physics mean + space-time,3.6109129986233175e-06,12.422901570529978,3.4305133895116966,0.1702227206133784,2,380,152,296.12149833303096,0.3916626612592542,0.4037622106055823,336.214847986714,341.8320507392829,5.6172027525689145,0.5318889554139405,False,0.9860055977608956,0.5921052631578947,0.734289330413517,1.7341847239880743,10.975666362569974,2.4540165709692303,50.039750292108735,5.9480177743203875,False,0.9078947368421052,14.59653418260175,26.317739656049085,Diagonal,8,calibration,0.03,1.0,2.0,1.0,1.25
DiagonalScanPath_8,snapshot RBF,3.6109129986233175e-06,0.0,3.4305133895116966,0.1747785923051746,1,241,128,295.34605165976416,0.7751715172583715,0.7880738165523715,336.214847986714,296.60516490265087,39.609683084063136,0.4401268673812456,False,0.9780087964814076,0.5634920634920635,0.7730316418931569,1.9710997875956264,10.794951148446955,1.893703862872316,64.7465281876994,4.251194481970554,False,0.8809523809523809,8.050503412329112,45.059761237571685,Diagonal,8,calibration,0.05,1.0,2.0,1.0,1.25
DiagonalScanPath_8,space-time heat,3.6109129986233175e-06,12.422901570529978,3.4305133895116966,0.1747785923051746,2,481,255,295.34605165976416,0.7740436835641836,0.7909917667565783,336.214847986714,296.3424513535416,39.8723966331724,0.5282974865541704,False,0.9768092762894842,0.5396825396825397,0.7679557919184036,2.0231872336882457,10.659924882953732,1.909601305126939,65.7783383231904,10.937169061701004,False,0.9682539682539684,20.885632314618217,40.38208897710493,Diagonal,8,calibration,0.05,1.0,2.0,1.0,1.25
DiagonalScanPath_8,physics mean + RBF,3.6109129986233175e-06,0.0,3.4305133895116966,0.1747785923051746,1,241,128,295.34605165976416,0.420173144816214,0.4265517162911067,336.214847986714,342.37709514650635,6.162247159792344,0.6601486320900762,False,0.9832067173130749,0.6825396825396826,0.7378900149214626,1.3734435557694809,10.824520063745446,2.755743410669195,34.15318145513154,2.543914110254416,False,0.8888888888888888,7.010374546641993,25.12398989658967,Diagonal,8,calibration,0.05,1.0,2.0,1.0,1.25
DiagonalScanPath_8,physics mean + space-time,3.6109129986233175e-06,12.422901570529978,3.4305133895116966,0.1747785923051746,2,481,255,295.34605165976416,0.4207119543109819,0.4300201104750539,336.214847986714,342.1068889644926,5.892040977778606,0.434392203524965,False,0.9776089564174332,0.5714285714285714,0.7321424043632292,1.4035530102314258,10.663879060115027,1.9291227921110303,41.356745344597215,5.9480177743203875,False,0.9285714285714286,11.474456656322989,22.681913082807768,Diagonal,8,calibration,0.05,1.0,2.0,1.0,1.25
DiagonalScanPath_8,snapshot RBF,3.6109129986233175e-06,0.0,3.4305133895116966,0.1824470001662968,1,369,262,294.3247072506204,0.8296538626529983,0.8318011827601748,336.214847986714,295.6255525257845,40.58929546092952,0.4249011299019356,False,0.957217113154738,0.5816733067729084,0.7778497429814315,1.50443744660016,10.161514700054212,1.704397931768422,47.50568175239361,4.251194481970554,False,0.8924302788844621,7.24572708261594,29.803718808256615,Diagonal,8,calibration,0.1,1.0,2.0,1.0,1.25
DiagonalScanPath_8,space-time heat,3.6109129986233175e-06,12.422901570529978,3.4305133895116966,0.1824470001662968,2,721,506,294.3247072506204,0.8311834248624658,0.8343453180003729,336.214847986714,295.3494029549142,40.86544503179982,0.4278996142092439,False,0.9536185525789684,0.5378486055776892,0.7760040891759462,1.556846728914543,10.057626454056752,1.7113802239562428,48.726404011694264,10.937169061701004,False,0.9721115537848606,18.71765483826115,29.985171406979475,Diagonal,8,calibration,0.1,1.0,2.0,1.0,1.25
DiagonalScanPath_8,physics mean + RBF,3.6109129986233175e-06,0.0,3.4305133895116966,0.1824470001662968,1,369,262,294.3247072506204,0.5279972433612012,0.524349287383093,336.214847986714,343.83596055941337,7.62111257269936,0.4659701338118818,False,0.9576169532187124,0.5776892430278885,0.7549611155874083,1.277349725447312,10.16912811529861,1.769840859356921,37.60311596004966,2.543914110254416,False,0.7928286852589641,4.502323135022873,26.046397648852228,Diagonal,8,calibration,0.1,1.0,2.0,1.0,1.25
DiagonalScanPath_8,physics mean + space-time,3.6109129986233175e-06,12.422901570529978,3.4305133895116966,0.1824470001662968,2,721,506,294.3247072506204,0.5316549314267901,0.5301832088573978,336.214847986714,343.4417038847853,7.226855898071278,0.4223559106406923,False,0.9496201519392244,0.49800796812749,0.7511193638903382,1.31776538850944,10.066903902232273,1.6933720450971892,39.545551017995656,5.9480177743203875,False,0.9362549800796812,10.072207022775348,19.778327195500697,Diagonal,8,calibration,0.1,1.0,2.0,1.0,1.25
HorizontalScanPath_1,snapshot RBF,3.6109129986233175e-06,0.0,3.4305133895116966,0.1576595047349801,1,145,28,296.25030444561565,0.7308979591499525,0.5363781047705105,317.4810532811467,304.16727082700663,13.313782454140096,1.9343854548272992,False,0.995201919232307,0.7692307692307693,0.7490925363586183,2.2401180583430658,11.285895176543791,6.289231655799599,32.4857437095276,4.251194481970554,True,1.0,26.736746910969792,26.736746910969792,Horizontal,1,evaluation,0.01,1.0,2.0,1.0,1.25
HorizontalScanPath_1,space-time heat,3.6109129986233175e-06,12.422901570529978,3.4305133895116966,0.1576595047349801,2,290,56,296.25030444561565,0.6975642070900917,0.6133232078220003,317.4810532811467,299.7969237029378,17.68412957820891,1.361802338540834,False,0.9968012794882048,0.7692307692307693,0.7331895665477997,2.093033018880014,11.12487997108287,4.514243900934127,49.94101653013499,10.937169061701004,True,1.0,49.37304873026918,49.37304873026918,Horizontal,1,evaluation,0.01,1.0,2.0,1.0,1.25
HorizontalScanPath_1,physics mean + RBF,3.6109129986233175e-06,0.0,3.4305133895116966,0.1576595047349801,1,145,28,296.25030444561565,0.5830931624796872,0.4406410284149086,317.4810532811467,307.50056587281193,9.980487408334795,1.8478546111432372,False,0.996001599360256,0.7692307692307693,0.7371762716871093,1.943136999433654,11.301576376450084,6.827454630040885,24.3187983435562,2.543914110254416,False,0.9615384615384616,17.368458170482846,19.671259047832265,Horizontal,1,evaluation,0.01,1.0,2.0,1.0,1.25
HorizontalScanPath_1,physics mean + space-time,3.6109129986233175e-06,12.422901570529978,3.4305133895116966,0.1576595047349801,2,290,56,296.25030444561565,0.6497371728622439,0.4499745787444944,317.4810532811467,307.0460781242419,10.43497515690484,2.215990734289939,False,0.995201919232307,0.7307692307692307,0.7387450886558594,1.938342446846365,11.224312864058785,6.422792723326646,27.89337097257302,5.9480177743203875,True,1.0,38.20288527912254,38.20288527912254,Horizontal,1,evaluation,0.01,1.0,2.0,1.0,1.25
HorizontalScanPath_1,snapshot RBF,3.6109129986233175e-06,0.0,3.4305133895116966,0.1702227206133784,1,189,72,294.63123831934564,0.7147761687555078,0.6969799089853866,317.4810532811467,296.79961649248213,20.6814367886646,0.8720825188350935,False,0.9908036785285884,0.6973684210526315,0.7275682182519251,1.3394890118696647,10.986804767887689,2.9191197139583327,33.849379324342884,4.251194481970554,False,0.9473684210526316,12.409745620191124,22.4865110981596,Horizontal,1,evaluation,0.03,1.0,2.0,1.0,1.25
HorizontalScanPath_1,space-time heat,3.6109129986233175e-06,12.422901570529978,3.4305133895116966,0.1702227206133784,2,384,150,294.63123831934564,0.7481641311946239,0.7427309258739943,317.4810532811467,295.8469562875234,21.634096993623302,0.634206473297942,False,0.989204318272691,0.6578947368421053,0.7197217720277572,1.4570881701116098,10.81435696493815,2.261798370418763,42.444968665946085,10.937169061701004,False,0.9605263157894736,24.73767116074984,31.117348623750345,Horizontal,1,evaluation,0.03,1.0,2.0,1.0,1.25
HorizontalScanPath_1,physics mean + RBF,3.6109129986233175e-06,0.0,3.4305133895116966,0.1702227206133784,1,189,72,294.63123831934564,0.68110437348562,0.5993008773672314,317.4810532811467,304.96329841946294,12.517754861683784,1.717375506706105,False,0.988404638144742,0.6578947368421053,0.7379637794714027,1.4797000595972667,11.048817531479086,4.585937913281352,26.593877353657927,2.543914110254416,False,0.9473684210526316,11.66623216634712,18.153104884859257,Horizontal,1,evaluation,0.03,1.0,2.0,1.0,1.25
HorizontalScanPath_1,physics mean + space-time,3.6109129986233175e-06,12.422901570529978,3.4305133895116966,0.1702227206133784,2,384,150,294.63123831934564,0.5582866209861609,0.5353325474978669,317.4810532811467,304.69220307611243,12.788850205034294,0.5724976982388281,False,0.989204318272691,0.6710526315789473,0.7122917510128881,1.1584341513550829,10.851427860775736,2.443826321178967,29.530322285017615,5.9480177743203875,False,0.9605263157894736,14.535922395724503,21.35175747779357,Horizontal,1,evaluation,0.03,1.0,2.0,1.0,1.25
HorizontalScanPath_1,snapshot RBF,3.6109129986233175e-06,0.0,3.4305133895116966,0.1747785923051746,1,260,145,294.07117534697113,0.8295213219278419,0.815150470247901,317.4810532811467,295.2716020094543,22.209451271692444,0.444002261885798,False,0.9796081567373052,0.6031746031746031,0.7233944965687841,1.2676483994863263,10.5832142801567,1.870957897985512,38.36826680803779,4.251194481970554,False,0.9285714285714286,7.953805891915232,24.042359630020737,Horizontal,1,evaluation,0.05,1.0,2.0,1.0,1.25
HorizontalScanPath_1,space-time heat,3.6109129986233175e-06,12.422901570529978,3.4305133895116966,0.1747785923051746,2,495,263,294.07117534697113,0.8282706841035836,0.8186151019904937,317.4810532811467,295.0618220813029,22.419231199843807,0.425072558122404,False,0.9792083166733306,0.6031746031746031,0.7137549502117441,1.2611196447035666,10.458695172227603,1.852461934469262,38.41309135126923,10.937169061701004,False,0.9761904761904762,20.260689357656,27.552191264767178,Horizontal,1,evaluation,0.05,1.0,2.0,1.0,1.25
HorizontalScanPath_1,physics mean + RBF,3.6109129986233175e-06,0.0,3.4305133895116966,0.1747785923051746,1,260,145,294.07117534697113,0.6552559107258147,0.6393920592818236,317.4810532811467,303.60559771276337,13.87545556838336,0.4381171926907334,False,0.9808076769292284,0.6190476190476191,0.7123462879334799,1.1152001312237982,10.5621941525419,1.9329727991771988,32.22282361641375,2.543914110254416,False,0.8412698412698413,4.917316778564849,21.63024714119259,Horizontal,1,evaluation,0.05,1.0,2.0,1.0,1.25
HorizontalScanPath_1,physics mean + space-time,3.6109129986233175e-06,12.422901570529978,3.4305133895116966,0.1747785923051746,2,495,263,294.07117534697113,0.6339414067285323,0.6158498878048285,317.4810532811467,304.08783139372565,13.393221887421078,0.4337966829908917,False,0.9812075169932029,0.6507936507936508,0.7041526548878931,1.0537937684981662,10.45627325691248,1.872140630991296,29.887682391238293,5.9480177743203875,False,0.9603174603174603,11.135525749163612,18.547295748212132,Horizontal,1,evaluation,0.05,1.0,2.0,1.0,1.25
HorizontalScanPath_1,snapshot RBF,3.6109129986233175e-06,0.0,3.4305133895116966,0.1824470001662968,1,509,413,293.5268211292462,0.9670646069982844,0.8845273469560424,317.4810532811467,294.2377158258665,23.243337455280255,0.4198440079656956,False,0.9692123150739704,0.701195219123506,0.6360086263870015,0.9366883336639902,8.344408219799169,1.8780184530651969,26.570627381088975,4.251194481970554,False,0.9561752988047808,7.983821684709637,17.215307283510136,Horizontal,1,evaluation,0.1,1.0,2.0,1.0,1.25
HorizontalScanPath_1,space-time heat,3.6109129986233175e-06,12.422901570529978,3.4305133895116966,0.1824470001662968,2,960,760,293.5268211292462,0.9836724938630178,0.8758450113065773,317.4810532811467,294.27562187671487,23.205431404431863,0.4159950513220008,False,0.9700119952019192,0.7131474103585658,0.6215921579224464,0.915129333366483,8.040992736157168,1.8422686425284671,26.166518944424137,10.937169061701004,False,0.9880478087649402,20.14920360040426,23.494438480566917,Horizontal,1,evaluation,0.1,1.0,2.0,1.0,1.25
HorizontalScanPath_1,physics mean + RBF,3.6109129986233175e-06,0.0,3.4305133895116966,0.1824470001662968,1,509,413,293.5268211292462,0.8118657619369015,0.7098800862533383,317.4810532811467,303.5289076793794,13.952145601767311,0.4172884051745273,False,0.9672131147540984,0.6812749003984063,0.6283004627433569,0.8627956855218276,8.331924636401304,1.8669079851203871,23.46881386037234,2.543914110254416,False,0.8605577689243028,4.749253565894392,16.17532045867731,Horizontal,1,evaluation,0.1,1.0,2.0,1.0,1.25
HorizontalScanPath_1,physics mean + space-time,3.6109129986233175e-06,12.422901570529978,3.4305133895116966,0.1824470001662968,2,960,760,293.5268211292462,0.8375563596771293,0.7208119229447084,317.4810532811467,303.35904895808966,14.12200432305707,0.4156479680915642,False,0.9664134346261496,0.6733067729083665,0.6133437409888665,0.8652308279440466,8.041861944337924,1.8487739452440677,23.967181661101893,5.9480177743203875,False,0.9721115537848606,10.99654028701214,16.367082787792377,Horizontal,1,evaluation,0.1,1.0,2.0,1.0,1.25
HorizontalScanPath_2,snapshot RBF,3.6109129986233175e-06,0.0,3.4305133895116966,0.1576595047349801,1,143,26,296.2127065821875,0.7037583657332384,0.5787305716064975,315.9337083198785,300.4464026343815,15.487305685497006,1.670996208878644,False,0.996001599360256,0.8076923076923077,0.7469767244021603,2.2085118182473513,11.333501805769414,6.285174005619952,44.66439386749881,4.251194481970554,False,0.9615384615384616,26.719497050916303,27.56859900866645,Horizontal,2,evaluation,0.01,1.0,2.0,1.0,1.25
HorizontalScanPath_2,space-time heat,3.6109129986233175e-06,12.422901570529978,3.4305133895116966,0.1576595047349801,2,289,55,296.2127065821875,0.6940484917383056,0.6082685580634865,315.9337083198785,299.61109289394614,16.322615425932383,0.6391492754865757,False,0.996001599360256,0.7692307692307693,0.7383343043064763,2.179764768946461,11.173232907944838,3.944197379674379,57.21598596473851,10.937169061701004,False,0.9615384615384616,43.13835355421679,54.79309756221976,Horizontal,2,evaluation,0.01,1.0,2.0,1.0,1.25
HorizontalScanPath_2,physics mean + RBF,3.6109129986233175e-06,0.0,3.4305133895116966,0.1576595047349801,1,143,26,296.2127065821875,0.5341350037808534,0.4612166024644938,315.9337083198785,305.82987720065785,10.103831119220672,1.4771523940832154,False,0.9976009596161536,0.8461538461538461,0.7329511781605422,1.9437618307448563,11.354743178782652,8.050314320415424,24.53761260861934,2.543914110254416,False,0.9615384615384616,20.47930819168798,25.25770905650556,Horizontal,2,evaluation,0.01,1.0,2.0,1.0,1.25
HorizontalScanPath_2,physics mean + space-time,3.6109129986233175e-06,12.422901570529978,3.4305133895116966,0.1576595047349801,2,289,55,296.2127065821875,0.6513767304342867,0.4404171093360953,315.9337083198785,306.7179229667803,9.215785353098228,1.7185192956692497,False,0.995201919232307,0.8076923076923077,0.741405059226059,2.023833983144424,11.23031196366218,6.577959298747776,25.626241570741847,5.9480177743203875,True,1.0,39.12581882770784,39.12581882770784,Horizontal,2,evaluation,0.01,1.0,2.0,1.0,1.25
HorizontalScanPath_2,snapshot RBF,3.6109129986233175e-06,0.0,3.4305133895116966,0.1702227206133784,1,197,81,294.6301695664475,0.7315568507402871,0.7184734961961662,315.9337083198785,296.7311422351935,19.20256608468503,0.4824609463136308,False,0.9860055977608956,0.5921052631578947,0.7287633472103859,1.4406460443011797,10.954301447142052,2.115804439453991,41.47430987754318,4.251194481970554,False,0.9078947368421052,8.994696157935609,29.371706822056066,Horizontal,2,evaluation,0.03,1.0,2.0,1.0,1.25
HorizontalScanPath_2,space-time heat,3.6109129986233175e-06,12.422901570529978,3.4305133895116966,0.1702227206133784,2,392,162,294.6301695664475,0.743528579805244,0.7447439593897232,315.9337083198785,295.9552058886199,19.97850243125862,0.4367938198224657,False,0.988404638144742,0.618421052631579,0.7178800469802541,1.456444981604642,10.804549998923056,2.045324697673588,43.52669964100647,10.937169061701004,False,0.9605263157894736,22.370062004528528,29.696857647573832,Horizontal,2,evaluation,0.03,1.0,2.0,1.0,1.25
HorizontalScanPath_2,physics mean + RBF,3.6109129986233175e-06,0.0,3.4305133895116966,0.1702227206133784,1,197,81,294.6301695664475,0.5394483264917703,0.5015546629196149,315.9337083198785,304.31300365156415,11.620704668314374,1.020416017974347,False,0.9924030387844862,0.7763157894736842,0.7155013792314823,1.0424292061483769,10.93301702341088,2.620068906765835,25.40353570377201,2.543914110254416,False,0.8947368421052632,6.6652302617604695,19.66241002226319,Horizontal,2,evaluation,0.03,1.0,2.0,1.0,1.25
HorizontalScanPath_2,physics mean + space-time,3.6109129986233175e-06,12.422901570529978,3.4305133895116966,0.1702227206133784,2,392,162,294.6301695664475,0.5724132919621769,0.5618201726143361,315.9337083198785,302.74370544275257,13.190002877125949,0.6060893380125633,False,0.9876049580167932,0.631578947368421,0.7105798502906028,1.223428181775097,10.795724756743333,2.1017588536923477,34.33581398609049,5.9480177743203875,False,0.9605263157894736,12.501299019097331,19.682188095083745,Horizontal,2,evaluation,0.03,1.0,2.0,1.0,1.25
HorizontalScanPath_2,snapshot RBF,3.6109129986233175e-06,0.0,3.4305133895116966,0.1747785923051746,1,245,131,294.1865597426675,0.8006853279760465,0.7958892292143656,315.9337083198785,295.4075912971665,20.526117022712015,0.4385322911599141,False,0.9812075169932029,0.6507936507936508,0.7181297633907893,1.230823124261733,10.5676664781565,2.0725753697166747,35.725999934453185,4.251194481970554,False,0.9285714285714286,8.810920975207608,24.70282955671403,Horizontal,2,evaluation,0.05,1.0,2.0,1.0,1.25
HorizontalScanPath_2,space-time heat,3.6109129986233175e-06,12.422901570529978,3.4305133895116966,0.1747785923051746,2,485,257,294.1865597426675,0.8007183553592537,0.8007283552552655,315.9337083198785,295.12112582873385,20.812582491144667,0.4263856941774156,False,0.9812075169932029,0.6428571428571429,0.7118543662713455,1.246794759571871,10.450592939214848,1.9963898171752343,37.24655851950728,10.937169061701004,False,0.9682539682539684,21.8348529435039,27.80334033245168,Horizontal,2,evaluation,0.05,1.0,2.0,1.0,1.25
HorizontalScanPath_2,physics mean + RBF,3.6109129986233175e-06,0.0,3.4305133895116966,0.1747785923051746,1,245,131,294.1865597426675,0.6367245630508178,0.6134857550559834,315.9337083198785,301.83224525684864,14.101463063029884,0.4651055133664766,False,0.9832067173130749,0.7063492063492064,0.7087865703685144,1.0067308360502445,10.58282554817264,2.171345206582933,26.67264385806372,2.543914110254416,False,0.8968253968253969,5.523715709259612,19.63232554510884,Horizontal,2,evaluation,0.05,1.0,2.0,1.0,1.25
HorizontalScanPath_2,physics mean + space-time,3.6109129986233175e-06,12.422901570529978,3.4305133895116966,0.1747785923051746,2,485,257,294.1865597426675,0.6379866597756857,0.6302260067939219,315.9337083198785,302.1540201558895,13.779688163989022,0.429240582278581,False,0.9792083166733306,0.5952380952380952,0.7049767381055333,1.109236571931932,10.474980243073563,2.0037431528946468,32.131019933653576,5.9480177743203875,False,0.9523809523809524,11.91829988859013,19.437962274918295,Horizontal,2,evaluation,0.05,1.0,2.0,1.0,1.25
HorizontalScanPath_2,snapshot RBF,3.6109129986233175e-06,0.0,3.4305133895116966,0.1824470001662968,1,380,274,293.7579680750651,0.860988756470563,0.8264610213706324,315.9337083198785,294.8646402047413,21.069068115137213,0.420386443507094,False,0.97281087564974,0.7569721115537849,0.6957232784736902,0.8123986997287149,9.830649885383773,1.9146334917257648,22.686705437483216,4.251194481970554,False,0.9561752988047808,8.139479335020589,16.736686417193535,Horizontal,2,evaluation,0.1,1.0,2.0,1.0,1.25
HorizontalScanPath_2,space-time heat,3.6109129986233175e-06,12.422901570529978,3.4305133895116966,0.1824470001662968,2,726,511,293.7579680750651,0.8782564289857661,0.843792536162029,315.9337083198785,294.53625710204443,21.39745121783409,0.4218954535727441,False,0.9692123150739704,0.7171314741035857,0.6829563955919193,0.8511306459054694,9.626837998827686,1.8833575328708163,24.216815487947315,10.937169061701004,False,0.9840637450199204,20.598599740636224,24.5116124263598,Horizontal,2,evaluation,0.1,1.0,2.0,1.0,1.25
HorizontalScanPath_2,physics mean + RBF,3.6109129986233175e-06,0.0,3.4305133895116966,0.1824470001662968,1,380,274,293.7579680750651,0.7046761362761813,0.6699193101180108,315.9337083198785,301.8023660403324,14.131342279546118,0.420243987335671,False,0.9732107157137144,0.749003984063745,0.6844431563185805,0.7579289223686154,9.833322936279124,1.9075278620797875,20.704414538902206,2.543914110254416,False,0.8764940239043825,4.852587044048211,14.50868488690387,Horizontal,2,evaluation,0.1,1.0,2.0,1.0,1.25
HorizontalScanPath_2,physics mean + space-time,3.6109129986233175e-06,12.422901570529978,3.4305133895116966,0.1824470001662968,2,726,511,293.7579680750651,0.7101339647082263,0.666165794716362,315.9337083198785,301.9858650990233,13.947843220855248,0.4195011734157103,False,0.9716113554578168,0.7370517928286853,0.676439149719247,0.755185969550132,9.635260168519707,1.8661486421497933,20.83907154877708,5.9480177743203875,False,0.9721115537848606,11.099885293030828,15.23570006942342,Horizontal,2,evaluation,0.1,1.0,2.0,1.0,1.25
HorizontalScanPath_3,snapshot RBF,3.6109129986233175e-06,0.0,3.4305133895116966,0.1576595047349801,1,139,22,296.2676711584593,0.6765340466075186,0.5943462254850337,314.00846851431186,302.2397533187455,11.768715195566358,1.0717560311913348,False,0.9984006397441024,0.8461538461538461,0.7431289226646166,2.200810066268721,11.3499695530484,6.958198597525812,44.8631634110411,4.251194481970554,False,0.9230769230769232,29.580655482256972,41.30023687961758,Horizontal,3,evaluation,0.01,1.0,2.0,1.0,1.25
HorizontalScanPath_3,space-time heat,3.6109129986233175e-06,12.422901570529978,3.4305133895116966,0.1576595047349801,2,280,46,296.2676711584593,0.7318972802410316,0.5903587562524464,314.00846851431186,301.8953873285753,12.113081185736576,1.8092152687343197,False,0.9968012794882048,0.7692307692307693,0.7464576184688225,2.383762908702945,11.193346285123964,5.823059776190577,43.780148216925895,10.937169061701004,True,1.0,63.68778922858717,63.68778922858717,Horizontal,3,evaluation,0.01,1.0,2.0,1.0,1.25
HorizontalScanPath_3,physics mean + RBF,3.6109129986233175e-06,0.0,3.4305133895116966,0.1576595047349801,1,139,22,296.2676711584593,0.4906464472176415,0.4503995657051677,314.00846851431186,306.1350587355274,7.873409778784435,2.4279603530508687,False,0.9976009596161536,0.7692307692307693,0.7316149030882831,1.9970579912054944,11.35878638732457,8.5362066157114,16.9882721462382,2.543914110254416,True,1.0,21.715376457755323,21.715376457755323,Horizontal,3,evaluation,0.01,1.0,2.0,1.0,1.25
HorizontalScanPath_3,physics mean + space-time,3.6109129986233175e-06,12.422901570529978,3.4305133895116966,0.1576595047349801,2,280,46,296.2676711584593,0.55403267429781,0.4121463107146647,314.00846851431186,305.21352198718387,8.79494652712799,1.5435300900320843,False,0.9984006397441024,0.8461538461538461,0.7296026906456995,1.682005983373288,11.210370676254191,6.285862026187516,22.78141441014041,5.9480177743203875,True,1.0,37.38841905868891,37.38841905868891,Horizontal,3,evaluation,0.01,1.0,2.0,1.0,1.25
HorizontalScanPath_3,snapshot RBF,3.6109129986233175e-06,0.0,3.4305133895116966,0.1702227206133784,1,201,85,294.64317213251667,0.7365432142403954,0.727943254404126,314.00846851431186,297.2044486648389,16.80401984947298,0.5376876861290455,False,0.989204318272691,0.6578947368421053,0.7277520725104695,1.425557225954468,10.907613486814764,2.5240688499105435,39.0012883848433,4.251194481970554,False,0.9210526315789472,10.730307566853464,29.383792712016813,Horizontal,3,evaluation,0.03,1.0,2.0,1.0,1.25
HorizontalScanPath_3,space-time heat,3.6109129986233175e-06,12.422901570529978,3.4305133895116966,0.1702227206133784,2,401,168,294.64317213251667,0.7542361895427686,0.7750983506093589,314.00846851431186,295.59179106834415,18.416677445967707,0.4251001924310238,False,0.9856057576969212,0.5394736842105263,0.7219424934885414,1.6129912395413852,10.748962596016185,1.9538554094898652,50.34145846126953,10.937169061701004,False,0.9605263157894736,21.36964693570971,31.1122798855602,Horizontal,3,evaluation,0.03,1.0,2.0,1.0,1.25
HorizontalScanPath_3,physics mean + RBF,3.6109129986233175e-06,0.0,3.4305133895116966,0.1702227206133784,1,201,85,294.64317213251667,0.5702914093227597,0.5316951402198713,314.00846851431186,304.580836279348,9.42763223496388,1.0166492407677046,False,0.9916033586565374,0.8026315789473685,0.7237031882382212,1.176549404453166,10.925401836271323,3.207320171533848,24.56320375107953,2.543914110254416,False,0.9342105263157896,8.159147040468575,20.946018066608932,Horizontal,3,evaluation,0.03,1.0,2.0,1.0,1.25
HorizontalScanPath_3,physics mean + space-time,3.6109129986233175e-06,12.422901570529978,3.4305133895116966,0.1702227206133784,2,401,168,294.64317213251667,0.5750542784818092,0.5825773211677133,314.00846851431186,303.7681106149,10.240357899411832,0.442665190203688,False,0.9872051179528188,0.5921052631578947,0.7097246553274272,1.3375232968730593,10.74716267773888,2.0054036398699835,39.19597445172022,5.9480177743203875,False,0.9342105263157896,11.928176494633462,23.672146294538095,Horizontal,3,evaluation,0.03,1.0,2.0,1.0,1.25
HorizontalScanPath_3,snapshot RBF,3.6109129986233175e-06,0.0,3.4305133895116966,0.1747785923051746,1,252,137,294.30105622303523,0.7698867001720319,0.7831753256907266,314.00846851431186,295.3146350705642,18.69383344374768,0.4273832314288695,False,0.9820071971211516,0.6428571428571429,0.7148775251782459,1.1883460121177227,10.550725783929614,1.8869251172387391,34.671432056065136,4.251194481970554,False,0.9206349206349206,8.021685646296962,23.784866418133777,Horizontal,3,evaluation,0.05,1.0,2.0,1.0,1.25
HorizontalScanPath_3,space-time heat,3.6109129986233175e-06,12.422901570529978,3.4305133895116966,0.1747785923051746,2,506,275,294.30105622303523,0.7780522795002935,0.7939183377651151,314.00846851431186,295.00992758580645,18.99854092850541,0.4243065866483944,False,0.9820071971211516,0.6507936507936508,0.7087115632354576,1.1911079855078135,10.451576928872267,1.837774843674282,35.75479218577377,10.937169061701004,False,0.9682539682539684,20.100054162606753,26.992474687233,Horizontal,3,evaluation,0.05,1.0,2.0,1.0,1.25
HorizontalScanPath_3,physics mean + RBF,3.6109129986233175e-06,0.0,3.4305133895116966,0.1747785923051746,1,252,137,294.30105622303523,0.6089204963584841,0.6030963343470267,314.00846851431186,303.1855442716978,10.82292424261408,0.4758887186316742,False,0.9780087964814076,0.6111111111111112,0.712310548979669,1.0534059504050106,10.558097439728993,1.9237707988911228,28.242386422498427,2.543914110254416,False,0.873015873015873,4.893907680194538,19.69676963906152,Horizontal,3,evaluation,0.05,1.0,2.0,1.0,1.25
HorizontalScanPath_3,physics mean + space-time,3.6109129986233175e-06,12.422901570529978,3.4305133895116966,0.1747785923051746,2,506,275,294.30105622303523,0.6051052978468557,0.6103773430530753,314.00846851431186,303.6983606590296,10.31010785528224,0.4291529091895288,False,0.9812075169932029,0.626984126984127,0.6974252429869549,1.0367352178789049,10.431249262669972,1.8365376454387397,30.060563166374397,5.9480177743203875,False,0.9603174603174603,10.923758558278136,19.099321292807492,Horizontal,3,evaluation,0.05,1.0,2.0,1.0,1.25
HorizontalScanPath_3,snapshot RBF,3.6109129986233175e-06,0.0,3.4305133895116966,0.1824470001662968,1,362,256,293.956570570744,0.8109867950549727,0.8040951980429709,314.00846851431186,294.74266955458165,19.265798959730205,0.424253001341597,False,0.9744102359056376,0.7529880478087649,0.6969725013508702,0.7775794928149754,10.035076586577834,1.8624169364530272,22.037817314605345,4.251194481970554,False,0.9641434262948207,7.917496603377614,16.551657089202045,Horizontal,3,evaluation,0.1,1.0,2.0,1.0,1.25
HorizontalScanPath_3,space-time heat,3.6109129986233175e-06,12.422901570529978,3.4305133895116966,0.1824470001662968,2,692,475,293.956570570744,0.8215646519959239,0.8134141779227249,314.00846851431186,294.77648501830697,19.231983496004887,0.4179365108603555,False,0.9752099160335864,0.7649402390438247,0.6915287544609288,0.7859953528895242,9.943461582445297,1.877775491908385,22.41453685748461,10.937169061701004,False,0.9840637450199204,20.53754801492078,24.40710805906817,Horizontal,3,evaluation,0.1,1.0,2.0,1.0,1.25
HorizontalScanPath_3,physics mean + RBF,3.6109129986233175e-06,0.0,3.4305133895116966,0.1824470001662968,1,362,256,293.956570570744,0.617007729936358,0.6007026007653231,314.00846851431186,303.9492180600297,10.059250454282164,0.4638993900659451,False,0.9760095961615354,0.7768924302788844,0.6851398107670688,0.6655942028414292,10.046250217864834,1.9163242019403792,17.16402083360956,2.543914110254416,False,0.9282868525896414,4.874964177138165,12.899023563828704,Horizontal,3,evaluation,0.1,1.0,2.0,1.0,1.25
HorizontalScanPath_3,physics mean + space-time,3.6109129986233175e-06,12.422901570529978,3.4305133895116966,0.1824470001662968,2,692,475,293.956570570744,0.6471830076858175,0.6337908752284962,314.00846851431186,303.89049607882174,10.117972435490117,0.4287215699406743,False,0.9764094362255098,0.7689243027888446,0.6827766203438772,0.7094047518872897,9.95388888903794,1.882956298771892,19.047761522202663,5.9480177743203875,False,0.9760956175298804,11.199857533363748,15.58992164450938,Horizontal,3,evaluation,0.1,1.0,2.0,1.0,1.25
HorizontalScanPath_4,snapshot RBF,3.6109129986233175e-06,0.0,3.4305133895116966,0.1576595047349801,1,143,26,296.4730103483147,0.6409437924347107,0.552171140629813,317.615531356997,301.994969342105,15.620562014892016,2.0669548753829896,False,0.9972011195521792,0.7692307692307693,0.7434625555526053,2.1328228805397944,11.327036710060224,6.256693247504894,32.671782076316624,4.251194481970554,True,1.0,26.59841980917523,26.59841980917523,Horizontal,4,evaluation,0.01,1.0,2.0,1.0,1.25
HorizontalScanPath_4,space-time heat,3.6109129986233175e-06,12.422901570529978,3.4305133895116966,0.1576595047349801,2,287,53,296.4730103483147,0.6819824134648688,0.575873436275017,317.615531356997,299.86070091043985,17.75483044655715,0.8794745654101016,False,0.9944022391043582,0.7307692307692307,0.7411575114534416,2.14119309645272,11.176820169924946,4.745728938316957,48.100349206224706,10.937169061701004,False,0.9615384615384616,51.904839719379375,53.99361112707501,Horizontal,4,evaluation,0.01,1.0,2.0,1.0,1.25
HorizontalScanPath_4,physics mean + RBF,3.6109129986233175e-06,0.0,3.4305133895116966,0.1576595047349801,1,143,26,296.4730103483147,0.467586779773368,0.407780802216723,317.615531356997,307.6940162208489,9.921515136148116,1.9852629113029157,False,0.9976009596161536,0.8461538461538461,0.7282843583675003,1.704250183362859,11.323293308211312,7.83046131918887,21.700643086913143,2.543914110254416,True,1.0,19.92002103968597,19.92002103968597,Horizontal,4,evaluation,0.01,1.0,2.0,1.0,1.25
HorizontalScanPath_4,physics mean + space-time,3.6109129986233175e-06,12.422901570529978,3.4305133895116966,0.1576595047349801,2,287,53,296.4730103483147,0.413852368406873,0.4206844291843427,317.615531356997,307.01699453320566,10.598536823791337,1.3366036607047966,False,0.996001599360256,0.6538461538461539,0.7167604097180263,1.6862920025782482,11.18240054127144,3.879269429040632,38.52058142203732,5.9480177743203875,True,1.0,23.073963515311377,23.073963515311377,Horizontal,4,evaluation,0.01,1.0,2.0,1.0,1.25
HorizontalScanPath_4,snapshot RBF,3.6109129986233175e-06,0.0,3.4305133895116966,0.1702227206133784,1,203,87,294.825260500259,0.6997197910207832,0.6999974864159838,317.615531356997,296.67619110721864,20.93934024977835,0.8737872228328909,False,0.9872051179528188,0.631578947368421,0.7281228909779371,1.4110652358506708,10.901093215571438,2.2439172261160834,39.10039638138746,4.251194481970554,False,0.9342105263157896,9.53932852966337,24.46442063890849,Horizontal,4,evaluation,0.03,1.0,2.0,1.0,1.25
HorizontalScanPath_4,space-time heat,3.6109129986233175e-06,12.422901570529978,3.4305133895116966,0.1702227206133784,2,407,179,294.825260500259,0.7166400114881365,0.7500635526278375,317.615531356997,295.8047004407953,21.810830916201724,0.444793635101706,False,0.98640543782487,0.5526315789473685,0.7181236856329352,1.5728450421210367,10.759298862300472,1.92823425457342,48.59702352072273,10.937169061701004,False,0.9736842105263158,21.089424032832508,30.813459224311828,Horizontal,4,evaluation,0.03,1.0,2.0,1.0,1.25
HorizontalScanPath_4,physics mean + RBF,3.6109129986233175e-06,0.0,3.4305133895116966,0.1702227206133784,1,203,87,294.825260500259,0.5338418438160306,0.5197849174855328,317.615531356997,304.3439287373495,13.271602619647524,0.8985439786110847,False,0.991203518592563,0.7894736842105263,0.7188498942894562,1.1279856191372353,10.901453295757523,3.071658197624585,25.58719193054514,2.543914110254416,False,0.9210526315789472,7.814034630815824,18.33965708735027,Horizontal,4,evaluation,0.03,1.0,2.0,1.0,1.25
HorizontalScanPath_4,physics mean + space-time,3.6109129986233175e-06,12.422901570529978,3.4305133895116966,0.1702227206133784,2,407,179,294.825260500259,0.536570489883883,0.5566063736455907,317.615531356997,304.1565055584439,13.459025798553114,0.441052091590486,False,0.9876049580167932,0.5921052631578947,0.7091557952664793,1.2776725809043812,10.756813246925908,2.012734938426629,37.13540417065752,5.9480177743203875,False,0.9342105263157896,11.971783188757236,22.206100387455475,Horizontal,4,evaluation,0.03,1.0,2.0,1.0,1.25
HorizontalScanPath_4,snapshot RBF,3.6109129986233175e-06,0.0,3.4305133895116966,0.1747785923051746,1,243,129,294.5549194853221,0.7346143814454218,0.7412827670321972,317.615531356997,295.6550582230289,21.960473133968097,0.4511143877214805,False,0.9860055977608956,0.7301587301587301,0.718010688897159,1.0747620947308552,10.63933984831897,2.078898778206701,31.114788366405,4.251194481970554,False,0.9365079365079364,8.837803014487653,23.48897792693642,Horizontal,4,evaluation,0.05,1.0,2.0,1.0,1.25
HorizontalScanPath_4,space-time heat,3.6109129986233175e-06,12.422901570529978,3.4305133895116966,0.1747785923051746,2,476,251,294.5549194853221,0.7241312962755753,0.733637931821661,317.615531356997,295.65251177983254,21.96301957716446,0.458741774481573,False,0.9832067173130749,0.6984126984126984,0.7136256830083522,1.0976870062886603,10.54028768473973,2.047770417038868,30.870594622182253,10.937169061701004,False,0.9761904761904762,22.39681125070407,28.027837911956784,Horizontal,4,evaluation,0.05,1.0,2.0,1.0,1.25
HorizontalScanPath_4,physics mean + RBF,3.6109129986233175e-06,0.0,3.4305133895116966,0.1747785923051746,1,243,129,294.5549194853221,0.5592772301912542,0.5567952492371213,317.615531356997,304.2607836400094,13.354747716987616,0.5489903330602811,False,0.9832067173130749,0.6904761904761905,0.7081682093554933,0.9328381288574584,10.650569118002103,2.028296575600652,25.789790340625952,2.543914110254416,False,0.8968253968253969,5.15981227845121,18.301383459420727,Horizontal,4,evaluation,0.05,1.0,2.0,1.0,1.25
HorizontalScanPath_4,physics mean + space-time,3.6109129986233175e-06,12.422901570529978,3.4305133895116966,0.1747785923051746,2,476,251,294.5549194853221,0.5845963331995383,0.5901031269775365,317.615531356997,304.13238516262084,13.48314619437616,0.4447572025910143,False,0.9812075169932029,0.6428571428571429,0.7054094965870543,1.0340130284672984,10.537289842616795,1.994363546498534,29.26273648457478,5.9480177743203875,False,0.9603174603174603,11.862509823029924,19.427653735325617,Horizontal,4,evaluation,0.05,1.0,2.0,1.0,1.25
HorizontalScanPath_4,snapshot RBF,3.6109129986233175e-06,0.0,3.4305133895116966,0.1824470001662968,1,357,247,294.0471899676915,0.7892225028581623,0.7852760270957637,317.615531356997,294.9234217307743,22.692109626222702,0.4351845913638923,False,0.9772091163534586,0.7729083665338645,0.7003179064716467,0.7797428933621516,10.092897580180267,1.8208841328255791,22.147661300343163,4.251194481970554,False,0.9561752988047808,7.740932577775838,16.2839530956619,Horizontal,4,evaluation,0.1,1.0,2.0,1.0,1.25
HorizontalScanPath_4,space-time heat,3.6109129986233175e-06,12.422901570529978,3.4305133895116966,0.1824470001662968,2,696,478,294.0471899676915,0.7925532077069033,0.788085392396281,317.615531356997,294.7436179195799,22.871913437417103,0.4355865916496344,False,0.9764094362255098,0.7689243027888446,0.6951744155805002,0.7911555726574082,10.008950718763405,1.8061222408278224,22.78125113302296,10.937169061701004,False,0.9880478087649402,19.75386429403215,23.673052012828084,Horizontal,4,evaluation,0.1,1.0,2.0,1.0,1.25
HorizontalScanPath_4,physics mean + RBF,3.6109129986233175e-06,0.0,3.4305133895116966,0.1824470001662968,1,357,247,294.0471899676915,0.6207741385604656,0.6099480048303964,317.615531356997,304.10408463555086,13.511446721446134,0.4305247431669686,False,0.975609756097561,0.7609561752988048,0.6914220432987104,0.7126745094607393,10.069077492250134,1.822668013233727,19.13179716348493,2.543914110254416,False,0.900398406374502,4.636710877174663,13.56405908313472,Horizontal,4,evaluation,0.1,1.0,2.0,1.0,1.25
HorizontalScanPath_4,physics mean + space-time,3.6109129986233175e-06,12.422901570529978,3.4305133895116966,0.1824470001662968,2,696,478,294.0471899676915,0.61605872669539,0.6003038935364756,317.615531356997,304.27061152454877,13.344919832448229,0.4323712515968733,False,0.973610555777689,0.7529880478087649,0.6884704654310408,0.7152680834047892,9.986726441407978,1.8273826695719249,18.59868449180069,5.9480177743203875,False,0.9800796812749004,10.869304599098848,14.911407573574294,Horizontal,4,evaluation,0.1,1.0,2.0,1.0,1.25
HorizontalScanPath_5,snapshot RBF,3.6109129986233175e-06,0.0,3.4305133895116966,0.1576595047349801,1,143,26,296.6544365442685,0.6288402336380726,0.5166874767959528,316.22149177634935,302.2427204169749,13.978771359374434,1.4012531950500782,False,0.996001599360256,0.7307692307692307,0.7467426813268679,2.0153800898841356,11.30119986202904,5.392899002794385,43.10693381997661,4.251194481970554,False,0.9230769230769232,22.926262482503997,31.923362814033627,Horizontal,5,evaluation,0.01,1.0,2.0,1.0,1.25
HorizontalScanPath_5,space-time heat,3.6109129986233175e-06,12.422901570529978,3.4305133895116966,0.1576595047349801,2,286,53,296.6544365442685,0.6520629075242111,0.6048075838186244,316.22149177634935,300.3847565456015,15.836735230747877,0.6751172249563089,False,0.996001599360256,0.7692307692307693,0.73949935163282,2.3567470425679415,11.138896688601188,4.257282883366519,59.133431424391205,10.937169061701004,False,0.9615384615384616,46.562622638865534,50.8052482669674,Horizontal,5,evaluation,0.01,1.0,2.0,1.0,1.25
HorizontalScanPath_5,physics mean + RBF,3.6109129986233175e-06,0.0,3.4305133895116966,0.1576595047349801,1,143,26,296.6544365442685,0.4908798944002121,0.4242022456119463,316.22149177634935,308.19900347565766,8.022488300691691,3.586228907815309,True,0.9972011195521792,0.8461538461538461,0.7374407102560402,1.9531931903687911,11.375738903855714,8.980603811953712,10.147640965364644,2.543914110254416,True,1.0,22.845884755833648,22.845884755833648,Horizontal,5,evaluation,0.01,1.0,2.0,1.0,1.25
HorizontalScanPath_5,physics mean + space-time,3.6109129986233175e-06,12.422901570529978,3.4305133895116966,0.1576595047349801,2,286,53,296.6544365442685,0.6017603018494401,0.4891059744320248,316.22149177634935,303.88771385309406,12.333777923255298,1.1055626941503622,False,0.994002399040384,0.6923076923076923,0.7417257285188054,2.230603084444153,11.207209122391983,5.952204867247146,38.466954448506264,5.9480177743203875,True,1.0,35.40382034678235,35.40382034678235,Horizontal,5,evaluation,0.01,1.0,2.0,1.0,1.25
HorizontalScanPath_5,snapshot RBF,3.6109129986233175e-06,0.0,3.4305133895116966,0.1702227206133784,1,194,79,295.0840552279015,0.6508544617025678,0.6387599454333016,316.22149177634935,297.35287718734133,18.86861458900802,0.708595065895351,False,0.994002399040384,0.8421052631578947,0.7307774555006417,1.2937374079292114,11.002016768275649,3.534377033236811,30.6043631673984,4.251194481970554,False,0.9473684210526316,15.025324140899787,26.746179987425094,Horizontal,5,evaluation,0.03,1.0,2.0,1.0,1.25
HorizontalScanPath_5,space-time heat,3.6109129986233175e-06,12.422901570529978,3.4305133895116966,0.1702227206133784,2,392,164,295.0840552279015,0.6712251091267786,0.7003596429339174,316.22149177634935,296.23795668210954,19.983535094239812,0.4440181705321701,False,0.988404638144742,0.6447368421052632,0.7201807739453081,1.4507746332259834,10.797826437086677,2.0258861535853243,44.0152756139545,10.937169061701004,False,0.9605263157894736,22.157459361521862,31.69585737691299,Horizontal,5,evaluation,0.03,1.0,2.0,1.0,1.25
HorizontalScanPath_5,physics mean + RBF,3.6109129986233175e-06,0.0,3.4305133895116966,0.1702227206133784,1,194,79,295.0840552279015,0.5794384723546845,0.5167522191602432,316.22149177634935,303.6561327887589,12.565358987590455,1.0419718178185455,False,0.9916033586565374,0.8157894736842105,0.7378048567690093,1.3206706987231216,11.038976161383124,4.583570155516355,18.631296537985396,2.543914110254416,False,0.9736842105263158,11.660208793959086,17.109336745079002,Horizontal,5,evaluation,0.03,1.0,2.0,1.0,1.25
HorizontalScanPath_5,physics mean + space-time,3.6109129986233175e-06,12.422901570529978,3.4305133895116966,0.1702227206133784,2,392,164,295.0840552279015,0.5139039580570637,0.5387226032386916,316.22149177634935,303.01197516023484,13.209516616114511,0.4855612479756256,False,0.988404638144742,0.631578947368421,0.7122223562087556,1.2734401113776883,10.814847569124453,2.088856931586558,36.03465999154664,5.9480177743203875,False,0.9342105263157896,12.424558157089198,22.959842850686957,Horizontal,5,evaluation,0.03,1.0,2.0,1.0,1.25
HorizontalScanPath_5,snapshot RBF,3.6109129986233175e-06,0.0,3.4305133895116966,0.1747785923051746,1,252,138,294.7167187441974,0.6943074090451946,0.7028391592144128,316.22149177634935,296.7008526117601,19.520639164589227,0.4415274847096295,False,0.9828068772491004,0.6666666666666666,0.7198869078249507,1.1253420497426354,10.61805167259625,1.9452022056601708,30.76028425570641,4.251194481970554,False,0.9523809523809524,8.269432883019466,22.236610955095813,Horizontal,5,evaluation,0.05,1.0,2.0,1.0,1.25
HorizontalScanPath_5,space-time heat,3.6109129986233175e-06,12.422901570529978,3.4305133895116966,0.1747785923051746,2,495,269,294.7167187441974,0.7029479264908827,0.7168253703745665,316.22149177634935,295.9109338837764,20.310557892572945,0.4281121551328035,False,0.9820071971211516,0.6507936507936508,0.7128002240530072,1.1196967253221966,10.503932189471008,1.8227458677410335,33.074508794161844,10.937169061701004,False,0.9682539682539684,19.93567971200059,27.039910069764595,Horizontal,5,evaluation,0.05,1.0,2.0,1.0,1.25
HorizontalScanPath_5,physics mean + RBF,3.6109129986233175e-06,0.0,3.4305133895116966,0.1747785923051746,1,252,138,294.7167187441974,0.5268513167624909,0.5333412294943667,316.22149177634935,303.3333634204925,12.88812835585685,0.6658492843272062,False,0.984406237504998,0.7222222222222222,0.708928996486298,0.9692946722192092,10.604987873933649,2.041346737523963,23.89780765743047,2.543914110254416,False,0.9126984126984128,5.193010769509031,17.369046727993773,Horizontal,5,evaluation,0.05,1.0,2.0,1.0,1.25
HorizontalScanPath_5,physics mean + space-time,3.6109129986233175e-06,12.422901570529978,3.4305133895116966,0.1747785923051746,2,495,269,294.7167187441974,0.5213168804530169,0.5237200755956266,316.22149177634935,303.0402231196726,13.181268656676764,0.4690897602313004,False,0.9840063974410236,0.7142857142857143,0.7011230928246851,0.903773312947578,10.51443711001684,1.8561913415289677,24.089391733686863,5.9480177743203875,False,0.9603174603174603,11.040659091953898,16.6754339227618,Horizontal,5,evaluation,0.05,1.0,2.0,1.0,1.25
HorizontalScanPath_5,snapshot RBF,3.6109129986233175e-06,0.0,3.4305133895116966,0.1824470001662968,1,366,259,294.1039049854716,0.7698310383070573,0.7660583375130302,316.22149177634935,294.8422774065042,21.37921436984516,0.4190843752608664,False,0.9692123150739704,0.6972111553784861,0.7118482611021222,0.8901032619552809,10.080523525199954,1.7716106211546634,24.6199530649347,4.251194481970554,False,0.952191235059761,7.531461296853128,16.292680917298348,Horizontal,5,evaluation,0.1,1.0,2.0,1.0,1.25
HorizontalScanPath_5,space-time heat,3.6109129986233175e-06,12.422901570529978,3.4305133895116966,0.1824470001662968,2,713,499,294.1039049854716,0.7635873894046044,0.7545268869504702,316.22149177634935,294.9554667084763,21.266025067873045,0.4202770761765988,False,0.9724110355857656,0.7410358565737052,0.7026956888520096,0.8387648942642383,10.001475701930612,1.7717634251407903,22.860348121657683,10.937169061701004,False,0.9840637450199204,19.378076118103255,22.89149335641449,Horizontal,5,evaluation,0.1,1.0,2.0,1.0,1.25
HorizontalScanPath_5,physics mean + RBF,3.6109129986233175e-06,0.0,3.4305133895116966,0.1824470001662968,1,366,259,294.1039049854716,0.6225451438898211,0.6084794096662318,316.22149177634935,302.43502428994844,13.786467486400907,0.4230586942103045,False,0.97281087564974,0.7410358565737052,0.6988405746144268,0.7682498340754098,10.093065820804142,1.7916685676821895,20.600290399134565,2.543914110254416,False,0.8844621513944223,4.557850950226041,14.59292235627378,Horizontal,5,evaluation,0.1,1.0,2.0,1.0,1.25
HorizontalScanPath_5,physics mean + space-time,3.6109129986233175e-06,12.422901570529978,3.4305133895116966,0.1824470001662968,2,713,499,294.1039049854716,0.6147231273854649,0.6027279377939047,316.22149177634935,302.30520865743506,13.916283118914292,0.4189988682962172,False,0.9712115153938424,0.7171314741035857,0.6953340124806889,0.7789255770968451,9.994448234889656,1.7670053894733415,20.57874641130376,5.9480177743203875,False,0.9721115537848606,10.510179463907358,14.13199494287393,Horizontal,5,evaluation,0.1,1.0,2.0,1.0,1.25
HorizontalScanPath_6,snapshot RBF,3.6109129986233175e-06,0.0,3.4305133895116966,0.1576595047349801,1,143,26,296.8540388322349,0.6113657158034771,0.5399376584647438,314.4374668883787,300.7235233904068,13.713943497971911,1.401660431094328,False,0.998000799680128,0.8076923076923077,0.7470777289574667,2.1648086002672846,11.312236836617489,5.2738591954487655,48.52092909687937,4.251194481970554,False,0.9615384615384616,22.42020111038147,30.11803327325874,Horizontal,6,evaluation,0.01,1.0,2.0,1.0,1.25
HorizontalScanPath_6,space-time heat,3.6109129986233175e-06,12.422901570529978,3.4305133895116966,0.1576595047349801,2,283,50,296.8540388322349,0.6055819634013382,0.5588403400028411,314.4374668883787,302.3311119546846,12.106354933694092,1.5055355859555346,False,0.9944022391043582,0.5384615384615384,0.7418106629119681,2.4908210840222793,11.18542971229707,4.706739921964769,51.048864600509965,10.937169061701004,True,1.0,51.47841025598608,51.47841025598608,Horizontal,6,evaluation,0.01,1.0,2.0,1.0,1.25
HorizontalScanPath_6,physics mean + RBF,3.6109129986233175e-06,0.0,3.4305133895116966,0.1576595047349801,1,143,26,296.8540388322349,0.4314540201232642,0.4342610287140319,314.4374668883787,307.30531105919744,7.132155829181272,1.93401977222587,False,0.9972011195521792,0.7307692307692307,0.7316833151858881,2.047617800681498,11.36326913929642,7.746257339357947,19.03052628793569,2.543914110254416,True,1.0,19.70581334725451,19.70581334725451,Horizontal,6,evaluation,0.01,1.0,2.0,1.0,1.25
HorizontalScanPath_6,physics mean + space-time,3.6109129986233175e-06,12.422901570529978,3.4305133895116966,0.1576595047349801,2,283,50,296.8540388322349,0.4673114174933582,0.3921092519305742,314.4374668883787,306.8775951150407,7.5598717733379885,2.32194145032697,False,0.998000799680128,0.8076923076923077,0.728501346480172,1.7620976148193912,11.23374120593833,6.475964166647027,20.72938195682309,5.9480177743203875,True,1.0,38.519149969078434,38.519149969078434,Horizontal,6,evaluation,0.01,1.0,2.0,1.0,1.25
HorizontalScanPath_6,snapshot RBF,3.6109129986233175e-06,0.0,3.4305133895116966,0.1702227206133784,1,200,84,295.31752139540873,0.6432195894569355,0.6413408793028479,314.4374668883787,297.81477830003666,16.622688588342044,0.8559020653322937,False,0.990403838464614,0.7105263157894737,0.7302885138795783,1.3361916705914298,10.962063243825984,2.21143691926534,36.119258581405845,4.251194481970554,False,0.9342105263157896,9.40124842840678,24.4734607719822,Horizontal,6,evaluation,0.03,1.0,2.0,1.0,1.25
HorizontalScanPath_6,space-time heat,3.6109129986233175e-06,12.422901570529978,3.4305133895116966,0.1702227206133784,2,394,164,295.31752139540873,0.655221379706446,0.6819780462998029,314.4374668883787,296.622420002671,17.815046885707716,0.4433502118891775,False,0.9880047980807676,0.6052631578947368,0.7235775066288356,1.4210106143109136,10.832420005088611,1.868228414275576,43.640552715694206,10.937169061701004,False,0.9605263157894736,20.43313001280556,29.95915226579328,Horizontal,6,evaluation,0.03,1.0,2.0,1.0,1.25
HorizontalScanPath_6,physics mean + RBF,3.6109129986233175e-06,0.0,3.4305133895116966,0.1702227206133784,1,200,84,295.31752139540873,0.4644731612231856,0.4616870256581609,314.4374668883787,304.7266530902338,9.710813798144898,0.6758578088954627,False,0.991203518592563,0.8026315789473685,0.7204594057124115,1.0933219638491172,10.997517787792797,2.8757107102062416,22.820153068241183,2.543914110254416,False,0.9342105263157896,7.315561052703408,16.343573449873986,Horizontal,6,evaluation,0.03,1.0,2.0,1.0,1.25
HorizontalScanPath_6,physics mean + space-time,3.6109129986233175e-06,12.422901570529978,3.4305133895116966,0.1702227206133784,2,394,164,295.31752139540873,0.4758230191136652,0.4924893776852852,314.4374668883787,305.2049980094206,9.232468878958116,0.4880832892654844,False,0.9868052778888444,0.631578947368421,0.713126191427234,1.1817683874364564,10.845538452769691,2.1008571957886075,31.270227716800942,5.9480177743203875,False,0.9342105263157896,12.495935941859525,21.986956235222788,Horizontal,6,evaluation,0.03,1.0,2.0,1.0,1.25
HorizontalScanPath_6,snapshot RBF,3.6109129986233175e-06,0.0,3.4305133895116966,0.1747785923051746,1,244,131,294.8639055933908,0.6894666084481291,0.7009088679057301,314.4374668883787,296.342806528003,18.094660360375713,0.4359516516247352,False,0.9820071971211516,0.6587301587301587,0.7256522266118285,1.1644271317918105,10.68451901064802,2.065306709429122,33.1090895967406,4.251194481970554,False,0.9523809523809524,8.780020486701849,23.854232303910095,Horizontal,6,evaluation,0.05,1.0,2.0,1.0,1.25
HorizontalScanPath_6,space-time heat,3.6109129986233175e-06,12.422901570529978,3.4305133895116966,0.1747785923051746,2,481,256,294.8639055933908,0.6626923883583762,0.6789659839597479,314.4374668883787,295.81850338420827,18.61896350417044,0.4589060775415028,False,0.982407037185126,0.6587301587301587,0.7170327764617905,1.126186071792859,10.60458377131008,1.8965894861813772,33.09160020622703,10.937169061701004,False,0.9761904761904762,20.74331985101036,27.233042016951412,Horizontal,6,evaluation,0.05,1.0,2.0,1.0,1.25
HorizontalScanPath_6,physics mean + RBF,3.6109129986233175e-06,0.0,3.4305133895116966,0.1747785923051746,1,244,131,294.8639055933908,0.4831830842309205,0.4767502426795442,314.4374668883787,305.13250903395675,9.304957854421955,0.4897767962365613,False,0.9896041583366654,0.8015873015873016,0.7104210400264426,0.8750716105227428,10.739911242551628,2.4965403034867624,19.34851832571068,2.543914110254416,False,0.9523809523809524,6.350984104858816,16.256724363161283,Horizontal,6,evaluation,0.05,1.0,2.0,1.0,1.25
HorizontalScanPath_6,physics mean + space-time,3.6109129986233175e-06,12.422901570529978,3.4305133895116966,0.1747785923051746,2,481,256,294.8639055933908,0.5337070956260935,0.5404554171292457,314.4374668883787,304.0222797845614,10.415187103817289,0.4980253650599403,False,0.9800079968012796,0.626984126984127,0.7133192632502451,1.0768272151927174,10.601249378412025,2.142942968297732,26.603452757002533,5.9480177743203875,False,0.9523809523809524,12.7462628647898,19.059889954555313,Horizontal,6,evaluation,0.05,1.0,2.0,1.0,1.25
HorizontalScanPath_6,snapshot RBF,3.6109129986233175e-06,0.0,3.4305133895116966,0.1824470001662968,1,362,254,294.1660846671104,0.757515969824339,0.7553973252975362,314.4374668883787,294.98913690945403,19.448329978924676,0.412904265905937,False,0.9684126349460216,0.6852589641434262,0.7191293578385375,0.9207285652505304,10.168532590227738,1.7039702677520912,26.08859921237419,4.251194481970554,False,0.9402390438247012,7.243908999709579,16.62878117755771,Horizontal,6,evaluation,0.1,1.0,2.0,1.0,1.25
HorizontalScanPath_6,space-time heat,3.6109129986233175e-06,12.422901570529978,3.4305133895116966,0.1824470001662968,2,716,500,294.1660846671104,0.7547601549890198,0.7539957767453159,314.4374668883787,294.85878359902625,19.578683289352455,0.4099446012096848,False,0.9684126349460216,0.6852589641434262,0.7120761446774163,0.935452327727216,10.071277704866374,1.6864988706129995,26.379094322895153,10.937169061701004,False,0.9840637450199204,18.445523270262175,22.889857321804428,Horizontal,6,evaluation,0.1,1.0,2.0,1.0,1.25
HorizontalScanPath_6,physics mean + RBF,3.6109129986233175e-06,0.0,3.4305133895116966,0.1824470001662968,1,362,254,294.1660846671104,0.5996970449855582,0.5934916829176086,314.4374668883787,304.52810656021,9.909360328168702,0.4192506372537874,False,0.9696121551379449,0.6972111553784861,0.7098897705885808,0.8343837210189734,10.155218148133931,1.7166111647926172,22.09849218938248,2.543914110254416,False,0.8645418326693227,4.3669113639362065,15.04732641364434,Horizontal,6,evaluation,0.1,1.0,2.0,1.0,1.25
HorizontalScanPath_6,physics mean + space-time,3.6109129986233175e-06,12.422901570529978,3.4305133895116966,0.1824470001662968,2,716,500,294.1660846671104,0.6198432079568937,0.6137394947098078,314.4374668883787,303.8488275634594,10.588639324919312,0.4138050502174278,False,0.9640143942423032,0.6414342629482072,0.706611154261873,0.8653879200015887,10.047450401475874,1.689459482060183,23.569978176757356,5.9480177743203875,False,0.9721115537848606,10.048935028288083,14.819337922543395,Horizontal,6,evaluation,0.1,1.0,2.0,1.0,1.25
HorizontalScanPath_7,snapshot RBF,3.6109129986233175e-06,0.0,3.4305133895116966,0.1576595047349801,1,147,30,297.2245976846306,0.6172345325744217,0.5424464341801686,318.1194882121125,301.6172224421929,16.50226576991963,1.0221736157574306,False,0.9944022391043582,0.5769230769230769,0.7529244810597557,2.289455235411668,11.279963100993845,5.13840004907235,49.518159492656146,4.251194481970554,False,0.9615384615384616,21.844337934773595,35.901383921007614,Horizontal,7,evaluation,0.01,1.0,2.0,1.0,1.25
HorizontalScanPath_7,space-time heat,3.6109129986233175e-06,12.422901570529978,3.4305133895116966,0.1576595047349801,2,286,53,297.2245976846306,0.6437986218008845,0.5743780364177128,318.1194882121125,302.2408447478386,15.87864346427392,1.219836140753045,False,0.9936025589764096,0.6538461538461539,0.7463610762821427,2.304134673457047,11.152707429948997,4.455883816417215,55.40538837407931,10.937169061701004,True,1.0,48.73475461945255,48.73475461945255,Horizontal,7,evaluation,0.01,1.0,2.0,1.0,1.25
HorizontalScanPath_7,physics mean + RBF,3.6109129986233175e-06,0.0,3.4305133895116966,0.1576595047349801,1,147,30,297.2245976846306,0.4760146084940422,0.4056392616949353,318.1194882121125,309.68233697933,8.437151232782526,1.6159225591816713,False,0.9956017592962816,0.6923076923076923,0.7398529939530187,2.083941948636866,11.326123518030403,7.182502713835585,23.936762332732716,2.543914110254416,False,0.9615384615384616,18.271670000666987,19.722641041713967,Horizontal,7,evaluation,0.01,1.0,2.0,1.0,1.25
HorizontalScanPath_7,physics mean + space-time,3.6109129986233175e-06,12.422901570529978,3.4305133895116966,0.1576595047349801,2,286,53,297.2245976846306,0.5014779311817313,0.3972433132428661,318.1194882121125,309.56818093628306,8.551307275829458,1.5118436707978755,False,0.994002399040384,0.6923076923076923,0.7374718727935782,2.0158019149345616,11.19254239868705,6.488770511540474,22.772255474577108,5.9480177743203875,True,1.0,38.59532233612872,38.59532233612872,Horizontal,7,evaluation,0.01,1.0,2.0,1.0,1.25
HorizontalScanPath_7,snapshot RBF,3.6109129986233175e-06,0.0,3.4305133895116966,0.1702227206133784,1,192,77,295.52522559779794,0.6363017356417658,0.5809167750931311,318.1194882121125,299.8479404298002,18.271547782312325,1.1518309055504254,False,0.9920031987205118,0.8026315789473685,0.7471778845125326,1.3982812108993468,11.10999926167232,4.432732848078484,26.360915792591964,4.251194481970554,False,0.986842105263158,18.844409423800865,24.726655540265448,Horizontal,7,evaluation,0.03,1.0,2.0,1.0,1.25
HorizontalScanPath_7,space-time heat,3.6109129986233175e-06,12.422901570529978,3.4305133895116966,0.1702227206133784,2,390,161,295.52522559779794,0.6277063816824398,0.6431569395576808,318.1194882121125,297.19613125199976,20.923356960112756,0.4692400168366691,False,0.988404638144742,0.6447368421052632,0.727412705876347,1.4565073051421198,10.850421327540197,2.279001691676046,40.81642931078122,10.937169061701004,False,0.9605263157894736,24.9258267937635,33.952273753844196,Horizontal,7,evaluation,0.03,1.0,2.0,1.0,1.25
HorizontalScanPath_7,physics mean + RBF,3.6109129986233175e-06,0.0,3.4305133895116966,0.1702227206133784,1,192,77,295.52522559779794,0.5390473816560822,0.511084615453667,318.1194882121125,306.24391569913473,11.875572512977785,1.0205328790752315,False,0.990403838464614,0.7631578947368421,0.7421237118000206,1.4544625196277523,11.078156854877326,4.433232966094647,22.62053386150718,2.543914110254416,False,0.9473684210526316,11.277763896493212,19.610298542285623,Horizontal,7,evaluation,0.03,1.0,2.0,1.0,1.25
HorizontalScanPath_7,physics mean + space-time,3.6109129986233175e-06,12.422901570529978,3.4305133895116966,0.1702227206133784,2,390,161,295.52522559779794,0.4689140987513271,0.4932973310842162,318.1194882121125,305.1230235333232,12.996464678789325,0.6669497442935667,False,0.9880047980807676,0.631578947368421,0.7175394250786717,1.2255741417342714,10.888910020080557,2.315518242671295,33.27471795508,5.9480177743203875,False,0.9473684210526316,13.772743664171973,20.748793281059367,Horizontal,7,evaluation,0.03,1.0,2.0,1.0,1.25
HorizontalScanPath_7,snapshot RBF,3.6109129986233175e-06,0.0,3.4305133895116966,0.1747785923051746,1,246,134,295.00847351021264,0.6595754438838783,0.6639641229769078,318.1194882121125,297.37871342817385,20.74077478393866,0.5591899073838871,False,0.9780087964814076,0.6190476190476191,0.7309099271044307,1.1905157714569534,10.72537781003932,1.8118058865708104,34.05282515058163,4.251194481970554,False,0.9365079365079364,7.7023391873915985,21.381390018134983,Horizontal,7,evaluation,0.05,1.0,2.0,1.0,1.25
HorizontalScanPath_7,space-time heat,3.6109129986233175e-06,12.422901570529978,3.4305133895116966,0.1747785923051746,2,493,268,295.00847351021264,0.6524220421568533,0.6648551620015957,318.1194882121125,296.25487135868343,21.864616853429084,0.4677814334289768,False,0.982407037185126,0.6825396825396826,0.7194354198730099,1.117312507763338,10.630388717723,1.8808301448867857,32.59650842980283,10.937169061701004,False,0.9761904761904762,20.57095727097036,27.108928807908622,Horizontal,7,evaluation,0.05,1.0,2.0,1.0,1.25
HorizontalScanPath_7,physics mean + RBF,3.6109129986233175e-06,0.0,3.4305133895116966,0.1747785923051746,1,246,134,295.00847351021264,0.5160414569554045,0.5253473824319206,318.1194882121125,304.6687527280614,13.450735484051108,0.4748338137819967,False,0.9812075169932029,0.6507936507936508,0.7207840508751849,1.0417764248334682,10.7226193767757,1.8735281587016923,28.52506065629579,2.543914110254416,False,0.8650793650793651,4.7660947188802085,19.35187526855567,Horizontal,7,evaluation,0.05,1.0,2.0,1.0,1.25
HorizontalScanPath_7,physics mean + space-time,3.6109129986233175e-06,12.422901570529978,3.4305133895116966,0.1747785923051746,2,493,268,295.00847351021264,0.5059269627758872,0.5180830493858333,318.1194882121125,304.63126323908756,13.488224973024955,0.4641307458679624,False,0.9852059176329468,0.7142857142857143,0.7087903132742327,0.991137314530989,10.605888339764334,1.821361213858738,27.361582576930296,5.9480177743203875,False,0.9603174603174603,10.833488873489532,18.210521348665516,Horizontal,7,evaluation,0.05,1.0,2.0,1.0,1.25
HorizontalScanPath_7,snapshot RBF,3.6109129986233175e-06,0.0,3.4305133895116966,0.1824470001662968,1,370,260,294.21360174259627,0.7390847945162904,0.737454600826824,318.1194882121125,295.0612900412717,23.058198170840797,0.4406963050081824,False,0.9640143942423032,0.6454183266932271,0.7231646231343688,0.9878274502831615,10.13320331738012,1.7184675886143703,27.99373203788205,4.251194481970554,False,0.9362549800796812,7.305539930162654,16.477677373210653,Horizontal,7,evaluation,0.1,1.0,2.0,1.0,1.25
HorizontalScanPath_7,space-time heat,3.6109129986233175e-06,12.422901570529978,3.4305133895116966,0.1824470001662968,2,719,501,294.21360174259627,0.7451902482989413,0.7459848729660739,318.1194882121125,294.87141313695787,23.248075075154645,0.4176916578195035,False,0.95921631347461,0.5936254980079682,0.7204012479471009,1.0123064497608112,10.056985514127936,1.696929192985224,28.203360695082164,10.937169061701004,False,0.9880478087649402,18.559601469415245,22.805474968877785,Horizontal,7,evaluation,0.1,1.0,2.0,1.0,1.25
HorizontalScanPath_7,physics mean + RBF,3.6109129986233175e-06,0.0,3.4305133895116966,0.1824470001662968,1,370,260,294.21360174259627,0.5966445153537312,0.5908777850865682,318.1194882121125,304.1977698300396,13.921718382072925,0.4199742291320721,False,0.9660135945621752,0.6653386454183267,0.713245647358583,0.8937946928511594,10.158788289865564,1.7137406568386333,23.904202232983064,2.543914110254416,False,0.8605577689243028,4.359609038248471,15.385517550248762,Horizontal,7,evaluation,0.1,1.0,2.0,1.0,1.25
HorizontalScanPath_7,physics mean + space-time,3.6109129986233175e-06,12.422901570529978,3.4305133895116966,0.1824470001662968,2,719,501,294.21360174259627,0.6120939025348999,0.6099281357311676,318.1194882121125,304.44171774011,13.67777047200252,0.433081042958096,False,0.9620151939224312,0.6215139442231076,0.7136073614606829,0.9508260907812992,10.047992752994778,1.6799778689294431,26.088417315174116,5.9480177743203875,False,0.9721115537848606,9.992538224857215,14.708887646027812,Horizontal,7,evaluation,0.1,1.0,2.0,1.0,1.25
HorizontalScanPath_8,snapshot RBF,3.6109129986233175e-06,0.0,3.4305133895116966,0.1576595047349801,1,144,27,297.5197591439963,0.572876213561149,0.5327834846640883,316.75154527615916,302.27640855522964,14.475136720929529,1.5863714704264258,False,0.996001599360256,0.6923076923076923,0.7467857030750358,2.359757339111285,11.28866957857432,6.132928198123831,47.071213197864445,4.251194481970554,False,0.9615384615384616,26.07227051418565,32.52252946522942,Horizontal,8,evaluation,0.01,1.0,2.0,1.0,1.25
HorizontalScanPath_8,space-time heat,3.6109129986233175e-06,12.422901570529978,3.4305133895116966,0.1576595047349801,2,281,47,297.5197591439963,0.6105749698363612,0.5400567154808644,316.75154527615916,301.69018682461785,15.06135845154131,0.8237728515703627,False,0.994002399040384,0.6153846153846154,0.7490315782354263,2.362690808330402,11.192058506261414,4.158127324932011,58.70029284726229,10.937169061701004,True,1.0,45.478141532859965,45.478141532859965,Horizontal,8,evaluation,0.01,1.0,2.0,1.0,1.25
HorizontalScanPath_8,physics mean + RBF,3.6109129986233175e-06,0.0,3.4305133895116966,0.1576595047349801,1,144,27,297.5197591439963,0.4272419496632452,0.4411064899013073,316.75154527615916,305.2377255557331,11.513819720426056,2.4747922069668093,False,0.9948020791683326,0.6153846153846154,0.7330570051688181,2.1594852724709095,11.328719457466647,7.219018464893852,24.429451110267543,2.543914110254416,True,1.0,18.364562935030634,18.364562935030634,Horizontal,8,evaluation,0.01,1.0,2.0,1.0,1.25
HorizontalScanPath_8,physics mean + space-time,3.6109129986233175e-06,12.422901570529978,3.4305133895116966,0.1576595047349801,2,281,47,297.5197591439963,0.5496770803904647,0.528034497124726,316.75154527615916,306.0372988328483,10.714246443310856,2.8961515748998,False,0.9924030387844862,0.5,0.7434725986922684,2.672581501654865,11.209988608660494,6.967580246966317,45.20733862356287,5.9480177743203875,True,1.0,41.44329115295928,41.44329115295928,Horizontal,8,evaluation,0.01,1.0,2.0,1.0,1.25
HorizontalScanPath_8,snapshot RBF,3.6109129986233175e-06,0.0,3.4305133895116966,0.1702227206133784,1,191,76,295.71434881764065,0.6571017462483585,0.6149823561416785,316.75154527615916,301.3013664028194,15.45017887333978,1.2201682405726009,False,0.984406237504998,0.5789473684210527,0.758356794878841,1.7570047815242191,11.080987895269145,3.659926938155309,39.098164855258815,4.251194481970554,False,0.9605263157894736,15.559061203901235,23.455165622259287,Horizontal,8,evaluation,0.03,1.0,2.0,1.0,1.25
HorizontalScanPath_8,space-time heat,3.6109129986233175e-06,12.422901570529978,3.4305133895116966,0.1702227206133784,2,383,154,295.71434881764065,0.6135289686145059,0.6457998712617019,316.75154527615916,296.97583767909236,19.7757075970668,0.4432567858183814,False,0.9848060775689724,0.5394736842105263,0.7290035179109123,1.5607105168325193,10.872093792573375,1.9136736812640824,48.03289741490248,10.937169061701004,False,0.9473684210526316,20.93017258091299,30.521260304679643,Horizontal,8,evaluation,0.03,1.0,2.0,1.0,1.25
HorizontalScanPath_8,physics mean + RBF,3.6109129986233175e-06,0.0,3.4305133895116966,0.1702227206133784,1,191,76,295.71434881764065,0.4533439983657898,0.4391541739702653,316.75154527615916,305.29509881417,11.456446461989174,1.2956830933143408,False,0.9948020791683326,0.868421052631579,0.7298629933172244,1.225136670370166,11.144626013040932,5.212615195467455,17.626626586598594,2.543914110254416,False,0.9605263157894736,13.26044534707624,17.717206000030313,Horizontal,8,evaluation,0.03,1.0,2.0,1.0,1.25
HorizontalScanPath_8,physics mean + space-time,3.6109129986233175e-06,12.422901570529978,3.4305133895116966,0.1702227206133784,2,383,154,295.71434881764065,0.4328618314055983,0.4568478655511372,316.75154527615916,304.0523749837885,12.699170292370638,0.5101823223815609,False,0.9888044782087164,0.6842105263157895,0.7135396951741276,1.1660755616294485,10.893013259611894,2.49170815078595,27.893021144934067,5.9480177743203875,False,0.9473684210526316,14.820724369293815,22.762095219244635,Horizontal,8,evaluation,0.03,1.0,2.0,1.0,1.25
HorizontalScanPath_8,snapshot RBF,3.6109129986233175e-06,0.0,3.4305133895116966,0.1747785923051746,1,239,125,295.14667437343365,0.6288347055398872,0.637513513456011,316.75154527615916,297.014422632091,19.737122644068165,0.4469418767157863,False,0.9836065573770492,0.6984126984126984,0.7259194106281602,1.13748235733226,10.750932848335044,2.2418515060756974,32.18950733648248,4.251194481970554,False,0.9523809523809524,9.530546752026378,22.737987047029755,Horizontal,8,evaluation,0.05,1.0,2.0,1.0,1.25
HorizontalScanPath_8,space-time heat,3.6109129986233175e-06,12.422901570529978,3.4305133895116966,0.1747785923051746,2,479,252,295.14667437343365,0.6419139944262364,0.6626067332100352,316.75154527615916,296.29738262954993,20.45416264660923,0.4389895561909763,False,0.9808076769292284,0.626984126984127,0.7256021534100804,1.286326863243027,10.645361491634604,1.9909314226969412,38.33508712621255,10.937169061701004,False,0.9761904761904762,21.775153560289343,27.68747370330298,Horizontal,8,evaluation,0.05,1.0,2.0,1.0,1.25
HorizontalScanPath_8,physics mean + RBF,3.6109129986233175e-06,0.0,3.4305133895116966,0.1747785923051746,1,239,125,295.14667437343365,0.4996382142005353,0.4900266469148138,316.75154527615916,302.8453956967995,13.906149579359637,0.6549731815524126,False,0.9816073570571772,0.7063492063492064,0.7224818316023274,1.0027449957767194,10.74770450834547,2.3406854105076977,24.717279186465102,2.543914110254416,False,0.9206349206349206,5.954502643457181,17.387791064637675,Horizontal,8,evaluation,0.05,1.0,2.0,1.0,1.25
HorizontalScanPath_8,physics mean + space-time,3.6109129986233175e-06,12.422901570529978,3.4305133895116966,0.1747785923051746,2,479,252,295.14667437343365,0.5127423308559605,0.5342516884444274,316.75154527615916,302.78137897307846,13.970166303080704,0.4407575177963331,False,0.980407836865254,0.6111111111111112,0.7168154987766441,1.1498394492131718,10.623584001713274,1.965048315893671,33.73045616822478,5.9480177743203875,False,0.9523809523809524,11.688142310333898,19.08332893326191,Horizontal,8,evaluation,0.05,1.0,2.0,1.0,1.25
HorizontalScanPath_8,snapshot RBF,3.6109129986233175e-06,0.0,3.4305133895116966,0.1824470001662968,1,360,253,294.2501652440918,0.7305006053682338,0.7286973807099466,316.75154527615916,295.33968416804316,21.411861108116,0.4198227590409422,False,0.9584166333466614,0.5896414342629482,0.7365534640515645,1.083831938224298,10.201830495822607,1.7730396140781397,30.920787749886586,4.251194481970554,False,0.9322709163346612,7.537536223684189,17.775660104834824,Horizontal,8,evaluation,0.1,1.0,2.0,1.0,1.25
HorizontalScanPath_8,space-time heat,3.6109129986233175e-06,12.422901570529978,3.4305133895116966,0.1824470001662968,2,712,496,294.2501652440918,0.7380953563496491,0.739879298241903,316.75154527615916,294.96444344916097,21.787101826998196,0.4215235548750122,False,0.9548180727708916,0.549800796812749,0.7305908487152475,1.1134341456390626,10.117027544285325,1.7624693738536326,31.73194897502203,10.937169061701004,False,0.9840637450199204,19.276425507907497,23.18676299766863,Horizontal,8,evaluation,0.1,1.0,2.0,1.0,1.25
HorizontalScanPath_8,physics mean + RBF,3.6109129986233175e-06,0.0,3.4305133895116966,0.1824470001662968,1,360,253,294.2501652440918,0.6222686056372242,0.619247545459951,316.75154527615916,302.49800131411456,14.253543962044604,0.4275330113154919,False,0.957217113154738,0.5737051792828686,0.7307559900708099,1.0415152074102756,10.181710785561906,1.802029701600788,28.812890899872993,2.543914110254416,False,0.8366533864541833,4.5842087849998,18.612522234811333,Horizontal,8,evaluation,0.1,1.0,2.0,1.0,1.25
HorizontalScanPath_8,physics mean + space-time,3.6109129986233175e-06,12.422901570529978,3.4305133895116966,0.1824470001662968,2,712,496,294.2501652440918,0.6232279824698006,0.6228077320716923,316.75154527615916,302.47922078398017,14.272324492178996,0.4178475460173897,False,0.9584166333466614,0.5856573705179283,0.7238125715696822,1.0458587353560655,10.087325015895988,1.7449187043982493,29.092809946550144,5.9480177743203875,False,0.9601593625498008,10.378807468504888,15.636915218057336,Horizontal,8,evaluation,0.1,1.0,2.0,1.0,1.25
HorizontalScanPath_10,snapshot RBF,3.6109129986233175e-06,0.0,3.4305133895116966,0.1576595047349801,1,142,25,298.0524962105766,0.5296626438713726,0.4554443951226415,318.649993978916,303.6106796020994,15.039314376816549,1.237743106608721,False,0.9956017592962816,0.6538461538461539,0.7489622863734771,2.1375832368090872,11.282333194076235,5.085446335153382,43.26755675940547,4.251194481970554,False,0.9615384615384616,21.61922139836143,30.8292679312648,Horizontal,10,evaluation,0.01,1.0,2.0,1.0,1.25
HorizontalScanPath_10,space-time heat,3.6109129986233175e-06,12.422901570529978,3.4305133895116966,0.1576595047349801,2,275,41,298.0524962105766,0.5046977562924907,0.493928254820818,318.649993978916,301.6933626074436,16.956631371472383,1.2691496541487846,False,0.9948020791683326,0.5769230769230769,0.7351041437043534,2.2241491012903363,11.193284099533216,4.73910924497683,48.750531756098674,10.937169061701004,True,1.0,51.8324390141818,51.8324390141818,Horizontal,10,evaluation,0.01,1.0,2.0,1.0,1.25
HorizontalScanPath_10,physics mean + RBF,3.6109129986233175e-06,0.0,3.4305133895116966,0.1576595047349801,1,142,25,298.0524962105766,0.3488754374326871,0.3663770603500739,318.649993978916,309.32414956433115,9.325844414584822,1.6408673580052793,False,0.9976009596161536,0.8461538461538461,0.7274505848401303,1.8722359380845064,11.338437347367735,7.524226090819211,20.579785323998408,2.543914110254416,False,0.9615384615384616,19.14098492117942,21.916149334194195,Horizontal,10,evaluation,0.01,1.0,2.0,1.0,1.25
HorizontalScanPath_10,physics mean + space-time,3.6109129986233175e-06,12.422901570529978,3.4305133895116966,0.1576595047349801,2,275,41,298.0524962105766,0.4451182585927333,0.4365890679119631,318.649993978916,308.89253144215047,9.757462536765502,2.036397697286533,False,0.9964014394242304,0.6923076923076923,0.7331419921424082,2.401033227903874,11.262139682310131,7.6204312046907186,27.98799357495568,5.9480177743203875,True,1.0,45.326460253486104,45.326460253486104,Horizontal,10,evaluation,0.01,1.0,2.0,1.0,1.25
HorizontalScanPath_10,snapshot RBF,3.6109129986233175e-06,0.0,3.4305133895116966,0.1702227206133784,1,192,78,296.06802208777685,0.5697968522279339,0.5447613918728721,318.649993978916,299.78110969100777,18.8688842879082,1.5828893727805304,False,0.9936025589764096,0.8157894736842105,0.7422328768055625,1.3103360780936597,11.104186360354268,4.044507839421288,25.590051845959817,4.251194481970554,False,0.986842105263158,17.19398940923443,20.532276558878227,Horizontal,10,evaluation,0.03,1.0,2.0,1.0,1.25
HorizontalScanPath_10,space-time heat,3.6109129986233175e-06,12.422901570529978,3.4305133895116966,0.1702227206133784,2,379,151,296.06802208777685,0.5638331620453924,0.572518876354904,318.649993978916,298.29453156596094,20.355462412955035,0.6109954669953781,False,0.9880047980807676,0.6578947368421053,0.732107623739758,1.463360463345544,10.917916888545008,2.597244363269527,40.15750510352431,10.937169061701004,False,0.986842105263158,28.40650069562879,32.088351032959245,Horizontal,10,evaluation,0.03,1.0,2.0,1.0,1.25
HorizontalScanPath_10,physics mean + RBF,3.6109129986233175e-06,0.0,3.4305133895116966,0.1702227206133784,1,192,78,296.06802208777685,0.6071379882472764,0.5664875831475022,318.649993978916,306.01653690870535,12.633457070210625,1.6555768313288437,False,0.9796081567373052,0.4736842105263157,0.7721262855869329,2.1413183468400123,11.17667852060842,5.425670862185804,33.599147521223,2.543914110254416,False,0.9736842105263158,13.80244066391071,18.01830523679828,Horizontal,10,evaluation,0.03,1.0,2.0,1.0,1.25
HorizontalScanPath_10,physics mean + space-time,3.6109129986233175e-06,12.422901570529978,3.4305133895116966,0.1702227206133784,2,379,151,296.06802208777685,0.4042561377511346,0.4072853018267381,318.649993978916,306.6716065468634,11.978387432052555,0.5885804892765389,False,0.9888044782087164,0.7236842105263158,0.7161282930068532,1.076122497029805,10.916018393926793,2.375619251915283,27.684776325980344,5.9480177743203875,False,0.9473684210526316,14.130225535409798,20.20591723942657,Horizontal,10,evaluation,0.03,1.0,2.0,1.0,1.25
HorizontalScanPath_10,snapshot RBF,3.6109129986233175e-06,0.0,3.4305133895116966,0.1747785923051746,1,238,124,295.35756727353834,0.6225269177504869,0.6294907121680686,318.649993978916,296.40377399772234,22.246219981193633,0.429785769456216,False,0.9808076769292284,0.6190476190476191,0.7363383328751587,1.3307992788762364,10.745632532128424,1.9114181997855944,40.046051382640435,4.251194481970554,False,0.9047619047619048,8.12581050366661,23.381152003393893,Horizontal,10,evaluation,0.05,1.0,2.0,1.0,1.25
HorizontalScanPath_10,space-time heat,3.6109129986233175e-06,12.422901570529978,3.4305133895116966,0.1747785923051746,2,470,243,295.35756727353834,0.6276896265105757,0.6473042222519909,318.649993978916,296.1600061127333,22.489987866182673,0.4507933926338894,False,0.9792083166733306,0.5873015873015873,0.734770868482851,1.4056480772044742,10.659411029621898,1.883665171233739,43.42297562769966,10.937169061701004,False,0.9761904761904762,20.60196443342138,26.068456038316793,Horizontal,10,evaluation,0.05,1.0,2.0,1.0,1.25
HorizontalScanPath_10,physics mean + RBF,3.6109129986233175e-06,0.0,3.4305133895116966,0.1747785923051746,1,238,124,295.35756727353834,0.4416893418670374,0.4487211305718345,318.649993978916,305.5532815502932,13.096712428622766,0.6539295024663012,False,0.98640543782487,0.746031746031746,0.7196547533230414,0.9907748803280334,10.823616225151738,2.8086876491335726,22.313172649115938,2.543914110254416,False,0.9285714285714286,7.1450601419282,17.88011561422457,Horizontal,10,evaluation,0.05,1.0,2.0,1.0,1.25
HorizontalScanPath_10,physics mean + space-time,3.6109129986233175e-06,12.422901570529978,3.4305133895116966,0.1747785923051746,2,470,243,295.35756727353834,0.4618942255571006,0.47094531915187,318.649993978916,305.51666898869655,13.13332499021942,0.5330586178368522,False,0.9836065573770492,0.6984126984126984,0.7200308013919405,1.1077900208964695,10.693234090166786,2.181788268872797,27.40447972692541,5.9480177743203875,False,0.9603174603174603,12.977315403059103,17.22064402710873,Horizontal,10,evaluation,0.05,1.0,2.0,1.0,1.25
HorizontalScanPath_10,snapshot RBF,3.6109129986233175e-06,0.0,3.4305133895116966,0.1824470001662968,1,358,249,294.3202710619835,0.7238963745106407,0.7247118242336957,318.649993978916,295.26045907854785,23.38953490036812,0.4255611808660692,False,0.9560175929628149,0.5617529880478087,0.7499932347724141,1.2038488507740952,10.207912082236064,1.798593423616804,35.048394930815604,4.251194481970554,False,0.900398406374502,7.646170437788284,18.615748814249656,Horizontal,10,evaluation,0.1,1.0,2.0,1.0,1.25
HorizontalScanPath_10,space-time heat,3.6109129986233175e-06,12.422901570529978,3.4305133895116966,0.1824470001662968,2,716,498,294.3202710619835,0.7232637660470705,0.7273261526241933,318.649993978916,295.12429141292245,23.525702565993527,0.4176985318598767,False,0.9528188724510196,0.5298804780876494,0.7443359416981425,1.2290015582559997,10.12785519048153,1.7444308745910364,36.21057169358273,10.937169061701004,False,0.9840637450199204,19.07913539185311,23.230664368074617,Horizontal,10,evaluation,0.1,1.0,2.0,1.0,1.25
HorizontalScanPath_10,physics mean + RBF,3.6109129986233175e-06,0.0,3.4305133895116966,0.1824470001662968,1,358,249,294.3202710619835,0.5973769128822798,0.5957930365093695,318.649993978916,304.5574695051553,14.092524473760648,0.4378353274140398,False,0.9564174330267892,0.5737051792828686,0.7375623711633336,1.0887623786564558,10.216848068393269,1.8270570756975475,29.978457616763,2.543914110254416,False,0.8207171314741036,4.647876275107161,19.338054544527864,Horizontal,10,evaluation,0.1,1.0,2.0,1.0,1.25
HorizontalScanPath_10,physics mean + space-time,3.6109129986233175e-06,12.422901570529978,3.4305133895116966,0.1824470001662968,2,716,498,294.3202710619835,0.6193761902876633,0.6209732991046698,318.649993978916,304.29168229598065,14.358311682935325,0.4170729427875706,False,0.955217912834866,0.5537848605577689,0.7369716665359022,1.1650105670778412,10.106388844992804,1.7317706814563147,34.01756617940164,5.9480177743203875,False,0.9641434262948207,10.300602794349096,16.197930264532914,Horizontal,10,evaluation,0.1,1.0,2.0,1.0,1.25
HorizontalScanPath_11,snapshot RBF,3.6109129986233175e-06,0.0,3.4305133895116966,0.1576595047349801,1,143,26,298.25372227750665,0.5426181058361386,0.5020742641774336,317.2636056084965,302.79963055961514,14.463975048881366,1.889650217945347,False,0.9964014394242304,0.6538461538461539,0.7507829793827809,2.396511543087507,11.309959210855824,5.63506366039639,44.97556043736212,4.251194481970554,True,1.0,23.95575153862992,23.95575153862992,Horizontal,11,evaluation,0.01,1.0,2.0,1.0,1.25
HorizontalScanPath_11,space-time heat,3.6109129986233175e-06,12.422901570529978,3.4305133895116966,0.1576595047349801,2,280,46,298.25372227750665,0.4944000025153467,0.4414107056744076,317.2636056084965,303.4519829286964,13.81162267980011,2.732048301546028,False,0.9956017592962816,0.6153846153846154,0.7399701136242093,2.1930050011391677,11.158346441855604,4.653766260476402,44.85460758831091,10.937169061701004,True,1.0,50.89902836447048,50.89902836447048,Horizontal,11,evaluation,0.01,1.0,2.0,1.0,1.25
HorizontalScanPath_11,physics mean + RBF,3.6109129986233175e-06,0.0,3.4305133895116966,0.1576595047349801,1,143,26,298.25372227750665,0.4070828919108993,0.4335747173988447,317.2636056084965,307.14076581299565,10.122839795500852,2.387851592647368,False,0.9964014394242304,0.7307692307692307,0.7356923704026944,2.328857949169132,11.31991745980848,7.562686312237627,25.89641202825785,2.543914110254416,True,1.0,19.238824421129227,19.238824421129227,Horizontal,11,evaluation,0.01,1.0,2.0,1.0,1.25
HorizontalScanPath_11,physics mean + space-time,3.6109129986233175e-06,12.422901570529978,3.4305133895116966,0.1576595047349801,2,280,46,298.25372227750665,0.434913815129624,0.414486999655755,317.2636056084965,306.4315315429341,10.83207406556238,2.5440555814458388,False,0.9956017592962816,0.6538461538461539,0.7327790456173623,2.1407000371302916,11.228852142689352,7.414633075087618,26.927397644688593,5.9480177743203875,True,1.0,44.102369320684986,44.102369320684986,Horizontal,11,evaluation,0.01,1.0,2.0,1.0,1.25
HorizontalScanPath_11,snapshot RBF,3.6109129986233175e-06,0.0,3.4305133895116966,0.1702227206133784,1,192,78,296.2091569703494,0.5436094977411767,0.5196238472634829,317.2636056084965,299.06987527477094,18.19373033372557,1.2879257459024889,False,0.9936025589764096,0.7894736842105263,0.7412867103937932,1.3132570737299438,11.080388316290897,3.303392592194232,30.060013110759332,4.251194481970554,False,0.9473684210526316,14.043364359718533,26.30179821357034,Horizontal,11,evaluation,0.03,1.0,2.0,1.0,1.25
HorizontalScanPath_11,space-time heat,3.6109129986233175e-06,12.422901570529978,3.4305133895116966,0.1702227206133784,2,381,153,296.2091569703494,0.5442957199546447,0.5531451724527884,317.2636056084965,299.0853925086502,18.17821309984629,0.7042102353297331,False,0.9896041583366654,0.6710526315789473,0.7338485536978792,1.4730257925436674,10.94739962307222,2.843163050357683,35.14772405989528,10.937169061701004,False,0.986842105263158,31.09615495174351,35.00558847078472,Horizontal,11,evaluation,0.03,1.0,2.0,1.0,1.25
HorizontalScanPath_11,physics mean + RBF,3.6109129986233175e-06,0.0,3.4305133895116966,0.1702227206133784,1,192,78,296.2091569703494,0.4433983172250002,0.4253481525485567,317.2636056084965,305.8149229152176,11.448682693278895,1.0883980659596575,False,0.990403838464614,0.7368421052631579,0.7352853963529811,1.3420106253115798,11.164407312818083,5.23069134130908,20.13042435790878,2.543914110254416,False,0.9736842105263158,13.306429509541765,16.950615834246673,Horizontal,11,evaluation,0.03,1.0,2.0,1.0,1.25
HorizontalScanPath_11,physics mean + space-time,3.6109129986233175e-06,12.422901570529978,3.4305133895116966,0.1702227206133784,2,381,153,296.2091569703494,0.411184306383421,0.4417778082421965,317.2636056084965,304.30941046754936,12.95419514094715,0.4792316213691908,False,0.9872051179528188,0.618421052631579,0.7200344886608167,1.3146234249173088,10.916141102795653,2.4112538193920607,34.512167861383475,5.9480177743203875,False,0.9473684210526316,14.342180576141896,24.295720165934856,Horizontal,11,evaluation,0.03,1.0,2.0,1.0,1.25
HorizontalScanPath_11,snapshot RBF,3.6109129986233175e-06,0.0,3.4305133895116966,0.1747785923051746,1,238,124,295.4556932450088,0.6037681520661692,0.6090001362716574,317.2636056084965,297.33987435746565,19.92373125103086,0.4706073345151595,False,0.9796081567373052,0.6190476190476191,0.743438532826815,1.3883952619306348,10.779931070674564,2.1303736330405063,38.49185561364302,4.251194481970554,False,0.9285714285714286,9.056632633317363,22.444075964316863,Horizontal,11,evaluation,0.05,1.0,2.0,1.0,1.25
HorizontalScanPath_11,space-time heat,3.6109129986233175e-06,12.422901570529978,3.4305133895116966,0.1747785923051746,2,470,244,295.4556932450088,0.5960993470657381,0.6104469060484772,317.2636056084965,296.73769859941524,20.525907009081266,0.4723489700830719,False,0.9792083166733306,0.5873015873015873,0.7310069539693914,1.3517996508787111,10.687765002988964,1.9089094316811557,39.35446714765246,10.937169061701004,False,0.9682539682539684,20.87806517777238,26.739580194054167,Horizontal,11,evaluation,0.05,1.0,2.0,1.0,1.25
HorizontalScanPath_11,physics mean + RBF,3.6109129986233175e-06,0.0,3.4305133895116966,0.1747785923051746,1,238,124,295.4556932450088,0.4575780258860803,0.4725021500887164,317.2636056084965,304.3561381135327,12.907467494963782,0.4914470554904834,False,0.9808076769292284,0.6190476190476191,0.7282762724047832,1.1532411841030428,10.802648867367282,2.1740996367863445,29.087898221775628,2.543914110254416,False,0.873015873015873,5.530722743119782,19.589730449329952,Horizontal,11,evaluation,0.05,1.0,2.0,1.0,1.25
HorizontalScanPath_11,physics mean + space-time,3.6109129986233175e-06,12.422901570529978,3.4305133895116966,0.1747785923051746,2,470,244,295.4556932450088,0.454055725569219,0.4662232332572996,317.2636056084965,303.82896558615727,13.434640022339238,0.6068769175641399,False,0.9812075169932029,0.6428571428571429,0.7186610584919593,1.1063378309465242,10.72585161844824,2.3968899536914425,25.33619652876076,5.9480177743203875,False,0.9761904761904762,14.25674404764667,19.75694943105482,Horizontal,11,evaluation,0.05,1.0,2.0,1.0,1.25
HorizontalScanPath_11,snapshot RBF,3.6109129986233175e-06,0.0,3.4305133895116966,0.1824470001662968,1,360,253,294.34077923205615,0.7139937791047746,0.7162074586036425,317.2636056084965,295.2421643334369,22.0214412750596,0.4214992085383603,False,0.9520191923230708,0.5219123505976095,0.7566621435974974,1.271530994712017,10.247338490655698,1.7201415689104735,37.622069462141006,4.251194481970554,False,0.8844621513944223,7.312656345960376,20.038252638141312,Horizontal,11,evaluation,0.1,1.0,2.0,1.0,1.25
HorizontalScanPath_11,space-time heat,3.6109129986233175e-06,12.422901570529978,3.4305133895116966,0.1824470001662968,2,717,501,294.34077923205615,0.7234825603838431,0.7276584363470726,317.2636056084965,295.2000860102948,22.063519598201708,0.4223227838094717,False,0.9544182327069172,0.545816733067729,0.7537911463816036,1.304046877329752,10.143023672474715,1.7336715711632105,38.831917847694534,10.937169061701004,False,0.9840637450199204,18.961459071276835,22.79983008749016,Horizontal,11,evaluation,0.1,1.0,2.0,1.0,1.25
HorizontalScanPath_11,physics mean + RBF,3.6109129986233175e-06,0.0,3.4305133895116966,0.1824470001662968,1,360,253,294.34077923205615,0.6156778946963376,0.619223610145679,317.2636056084965,302.6553227490131,14.60828285948338,0.4323166595432914,False,0.9540183926429427,0.5418326693227091,0.7487455238086168,1.20890986962987,10.245908334762772,1.7241199860670806,35.10712012977439,2.543914110254416,False,0.7808764940239044,4.386013160327692,21.613959151731905,Horizontal,11,evaluation,0.1,1.0,2.0,1.0,1.25
HorizontalScanPath_11,physics mean + space-time,3.6109129986233175e-06,12.422901570529978,3.4305133895116966,0.1824470001662968,2,717,501,294.34077923205615,0.6225658603288169,0.6243212903699682,317.2636056084965,302.4755257406394,14.788079867857109,0.4182170027859428,False,0.9544182327069172,0.545816733067729,0.7455105450955324,1.2232138195858926,10.11890409699098,1.7023607716313545,35.585511299958014,5.9480177743203875,False,0.9482071713147412,10.125672127969064,15.990402041194097,Horizontal,11,evaluation,0.1,1.0,2.0,1.0,1.25
HorizontalScanPath_12,snapshot RBF,3.6109129986233175e-06,0.0,3.4305133895116966,0.1576595047349801,1,140,23,298.44354489676465,0.5343170618371921,0.4926971591638265,315.46455223645467,302.0529806277242,13.411571608730467,1.0824740920920826,False,0.9968012794882048,0.6923076923076923,0.7523303682364451,2.1730835852704633,11.28962918138287,4.611018579222227,55.73305922614155,4.251194481970554,False,0.9230769230769232,19.60233674025323,35.05478930905329,Horizontal,12,evaluation,0.01,1.0,2.0,1.0,1.25
HorizontalScanPath_12,space-time heat,3.6109129986233175e-06,12.422901570529978,3.4305133895116966,0.1576595047349801,2,277,43,298.44354489676465,0.5292610454382268,0.5271704908568084,315.46455223645467,303.67380486660204,11.790747369852625,0.6833074303977392,False,0.994002399040384,0.5384615384615384,0.7483793433767562,2.8072623336930818,11.177928804542423,4.240111759075308,70.7558421405412,10.937169061701004,False,0.9615384615384616,46.37481914951308,49.19111537468613,Horizontal,12,evaluation,0.01,1.0,2.0,1.0,1.25
HorizontalScanPath_12,physics mean + RBF,3.6109129986233175e-06,0.0,3.4305133895116966,0.1576595047349801,1,140,23,298.44354489676465,0.373072565943892,0.3953498041868934,315.46455223645467,308.0530938300129,7.411458406441739,3.333355145994752,False,0.9972011195521792,0.7307692307692307,0.7357105261667735,2.180933679763007,11.380804132245162,8.45507315747733,16.975176280248753,2.543914110254416,True,1.0,21.50897990853994,21.50897990853994,Horizontal,12,evaluation,0.01,1.0,2.0,1.0,1.25
HorizontalScanPath_12,physics mean + space-time,3.6109129986233175e-06,12.422901570529978,3.4305133895116966,0.1576595047349801,2,277,43,298.44354489676465,0.4569221548265618,0.4786069337095999,315.46455223645467,307.29262312012685,8.171929116327817,2.2693879598025397,False,0.995201919232307,0.5384615384615384,0.7389501286365144,2.733742102002251,11.256656013135997,8.43059065450419,30.762597075555256,5.9480177743203875,True,1.0,50.145303061010274,50.145303061010274,Horizontal,12,evaluation,0.01,1.0,2.0,1.0,1.25
HorizontalScanPath_12,snapshot RBF,3.6109129986233175e-06,0.0,3.4305133895116966,0.1702227206133784,1,192,77,296.3525815864646,0.5501309120307863,0.5305132926270462,315.46455223645467,299.3375969532463,16.12695528320836,0.6287098459873749,False,0.9916033586565374,0.7631578947368421,0.7412002047757384,1.3274995102722231,11.072834254220076,3.3088207484740204,31.835493704768563,4.251194481970554,False,0.9605263157894736,14.066440507742437,27.284844963713866,Horizontal,12,evaluation,0.03,1.0,2.0,1.0,1.25
HorizontalScanPath_12,space-time heat,3.6109129986233175e-06,12.422901570529978,3.4305133895116966,0.1702227206133784,2,376,147,296.3525815864646,0.547611918358946,0.5618220774112149,315.46455223645467,298.2450556031789,17.219496633275753,0.5672100094398659,False,0.9856057576969212,0.5921052631578947,0.7326778397387904,1.4766939790565743,10.90301911075046,2.456770380723563,39.206041688427774,10.937169061701004,False,0.9605263157894736,26.87011299975315,31.27055318114517,Horizontal,12,evaluation,0.03,1.0,2.0,1.0,1.25
HorizontalScanPath_12,physics mean + RBF,3.6109129986233175e-06,0.0,3.4305133895116966,0.1702227206133784,1,192,77,296.3525815864646,0.4540140118406603,0.423519385235365,315.46455223645467,306.1049486995863,9.359603536868349,0.8829541499616324,False,0.9900039984006398,0.7631578947368421,0.7398444345756011,1.3349029667575951,11.084284838446848,4.132069075391899,25.598248860907987,2.543914110254416,False,0.9473684210526316,10.511628825435366,18.645097616733995,Horizontal,12,evaluation,0.03,1.0,2.0,1.0,1.25
HorizontalScanPath_12,physics mean + space-time,3.6109129986233175e-06,12.422901570529978,3.4305133895116966,0.1702227206133784,2,376,147,296.3525815864646,0.4091111521702595,0.4099295201402882,315.46455223645467,307.2697231662573,8.194829070197386,1.8750161076902496,False,0.996001599360256,0.881578947368421,0.7234568803467273,1.2699433157863924,11.026919608773929,5.378040903280371,19.297813333237652,5.9480177743203875,True,1.0,31.988682883733713,31.988682883733713,Horizontal,12,evaluation,0.03,1.0,2.0,1.0,1.25
HorizontalScanPath_12,snapshot RBF,3.6109129986233175e-06,0.0,3.4305133895116966,0.1747785923051746,1,238,124,295.52742788708827,0.5916144691821492,0.5705511341520695,315.46455223645467,298.9094457788145,16.555106457640193,0.5546837057001504,False,0.98640543782487,0.7380952380952381,0.7450337420107417,1.2588211628477306,10.881098039154525,3.167672953357215,25.872020759015765,4.251194481970554,False,0.9761904761904762,13.466393779999562,23.04829250705825,Horizontal,12,evaluation,0.05,1.0,2.0,1.0,1.25
HorizontalScanPath_12,space-time heat,3.6109129986233175e-06,12.422901570529978,3.4305133895116966,0.1747785923051746,2,473,247,295.52742788708827,0.6147870961529028,0.6321530901375855,315.46455223645467,296.3149413490336,19.14961088742109,0.4220307039232306,False,0.9780087964814076,0.5634920634920635,0.7440669603568171,1.5157373804850351,10.725655391561304,1.763682600151818,47.35241279712789,10.937169061701004,False,0.9682539682539684,19.28969476904085,26.324118942228942,Horizontal,12,evaluation,0.05,1.0,2.0,1.0,1.25
HorizontalScanPath_12,physics mean + RBF,3.6109129986233175e-06,0.0,3.4305133895116966,0.1747785923051746,1,238,124,295.52742788708827,0.4596701712047926,0.4640019531470537,315.46455223645467,304.6719478452765,10.792604391178145,0.5423261044629705,False,0.9872051179528188,0.746031746031746,0.7287846098666102,1.1141200737158332,10.843370908591456,2.881437087303258,23.5012902989036,2.543914110254416,False,0.9285714285714286,7.330128464201146,19.814061541592096,Horizontal,12,evaluation,0.05,1.0,2.0,1.0,1.25
HorizontalScanPath_12,physics mean + space-time,3.6109129986233175e-06,12.422901570529978,3.4305133895116966,0.1747785923051746,2,473,247,295.52742788708827,0.4727847699810176,0.4951243312508323,315.46455223645467,305.3462440040936,10.118308232361072,0.5165554507282665,False,0.9760095961615354,0.5238095238095238,0.7292380794674757,1.323592925832122,10.724098044404872,1.911180471285782,37.7445140145915,5.9480177743203875,False,0.9523809523809524,11.367735413141846,18.657848705586556,Horizontal,12,evaluation,0.05,1.0,2.0,1.0,1.25
HorizontalScanPath_12,snapshot RBF,3.6109129986233175e-06,0.0,3.4305133895116966,0.1824470001662968,1,368,260,294.37923100591775,0.7200435801775242,0.7200148998099938,315.46455223645467,295.3731660777096,20.09138615874508,0.4630134649864968,False,0.9528188724510196,0.5338645418326693,0.7619120011548045,1.3317266540693748,10.167679945887764,1.6947823526467365,39.76067820348145,4.251194481970554,False,0.8764940239043825,7.2048493857128815,20.871620886948797,Horizontal,12,evaluation,0.1,1.0,2.0,1.0,1.25
HorizontalScanPath_12,space-time heat,3.6109129986233175e-06,12.422901570529978,3.4305133895116966,0.1824470001662968,2,724,508,294.37923100591775,0.7168499403792018,0.7198434957637144,315.46455223645467,295.06797272883597,20.396579507618696,0.4114067127361436,False,0.951219512195122,0.5139442231075697,0.7560885764912226,1.3481259098532612,10.074134732018742,1.6975795143516204,40.41859188404732,10.937169061701004,False,0.9800796812749004,18.56671414414396,23.056945753602744,Horizontal,12,evaluation,0.1,1.0,2.0,1.0,1.25
HorizontalScanPath_12,physics mean + RBF,3.6109129986233175e-06,0.0,3.4305133895116966,0.1824470001662968,1,368,260,294.37923100591775,0.6138444106373241,0.6143588061140886,315.46455223645467,304.2754213871657,11.189130849288972,0.4132427235857656,False,0.9500199920031988,0.50199203187251,0.7520713083824507,1.2583064167749922,10.181936810582448,1.7169504621321443,36.48666994716638,2.543914110254416,False,0.7888446215139442,4.3677745072258025,22.84869133695303,Horizontal,12,evaluation,0.1,1.0,2.0,1.0,1.25
HorizontalScanPath_12,physics mean + space-time,3.6109129986233175e-06,12.422901570529978,3.4305133895116966,0.1824470001662968,2,724,508,294.37923100591775,0.6330025547185083,0.6354141880625882,315.46455223645467,304.36564653992366,11.098905696531006,0.4096048641678351,False,0.9500199920031988,0.5059760956175299,0.7555686155062787,1.3358244354213051,10.107980898832572,1.6843407317823202,39.50932507711796,5.9480177743203875,False,0.9322709163346612,10.01848861065305,16.593124316933004,Horizontal,12,evaluation,0.1,1.0,2.0,1.0,1.25
HorizontalScanPath_13,snapshot RBF,3.6109129986233175e-06,0.0,3.4305133895116966,0.1576595047349801,1,141,24,298.79563741755146,0.5422604636192287,0.4759495642483622,319.1296936365724,302.5927334450604,16.536960191512037,1.2813507772010022,False,0.996001599360256,0.6538461538461539,0.7567323275549352,2.152563995428062,11.320939655766509,5.161023869157888,46.126825003512984,4.251194481970554,False,0.9615384615384616,21.94051619388233,28.7987210320767,Horizontal,13,calibration,0.01,1.0,2.0,1.0,1.25
HorizontalScanPath_13,space-time heat,3.6109129986233175e-06,12.422901570529978,3.4305133895116966,0.1576595047349801,2,275,41,298.79563741755146,0.5111591694964439,0.5121495707886118,319.1296936365724,304.507589982952,14.6221036536204,0.9928446861577568,False,0.9948020791683326,0.5,0.7461137547702875,2.657779472183624,11.209944584500104,4.194336570327181,66.09986872280622,10.937169061701004,True,1.0,45.87416817134353,45.87416817134353,Horizontal,13,calibration,0.01,1.0,2.0,1.0,1.25
HorizontalScanPath_13,physics mean + RBF,3.6109129986233175e-06,0.0,3.4305133895116966,0.1576595047349801,1,141,24,298.79563741755146,0.3290201766790122,0.3389437853532615,319.1296936365724,311.21164891519715,7.918044721375281,2.452212729725919,False,0.9964014394242304,0.6923076923076923,0.7313764073936073,1.907055127936298,11.34547886922747,8.425917806856033,17.92574671676604,2.543914110254416,True,1.0,21.434811200705003,21.434811200705003,Horizontal,13,calibration,0.01,1.0,2.0,1.0,1.25
HorizontalScanPath_13,physics mean + space-time,3.6109129986233175e-06,12.422901570529978,3.4305133895116966,0.1576595047349801,2,275,41,298.79563741755146,0.4165515951225735,0.4305504285778642,319.1296936365724,308.222591614762,10.90710202181043,2.2211481933826605,False,0.996001599360256,0.6153846153846154,0.7354324707998526,2.4423948676986003,11.250198846249326,7.7245475851895025,35.50636709669838,5.9480177743203875,True,1.0,45.945746335290785,45.945746335290785,Horizontal,13,calibration,0.01,1.0,2.0,1.0,1.25
HorizontalScanPath_13,snapshot RBF,3.6109129986233175e-06,0.0,3.4305133895116966,0.1702227206133784,1,186,72,296.4959614680289,0.5293200493851264,0.4750365422137248,319.1296936365724,299.81391301096835,19.315780625604077,0.9116800162968366,False,0.9944022391043582,0.8157894736842105,0.7468974299147927,1.246018235348836,11.082779780066591,3.223145283530915,27.93650414000233,4.251194481970554,False,0.9736842105263158,13.702217443936044,21.296195158238564,Horizontal,13,calibration,0.03,1.0,2.0,1.0,1.25
HorizontalScanPath_13,space-time heat,3.6109129986233175e-06,12.422901570529978,3.4305133895116966,0.1702227206133784,2,368,140,296.4959614680289,0.5357004046309966,0.5478436819517082,319.1296936365724,298.39403459582377,20.735659040748654,0.5428075616543074,False,0.9900039984006398,0.6710526315789473,0.7349523294832476,1.493762909915542,10.928355321609938,2.4502534277475165,42.305015940058006,10.937169061701004,False,0.9736842105263158,26.798835983286978,33.55442370766126,Horizontal,13,calibration,0.03,1.0,2.0,1.0,1.25
HorizontalScanPath_13,physics mean + RBF,3.6109129986233175e-06,0.0,3.4305133895116966,0.1702227206133784,1,186,72,296.4959614680289,0.406286829196318,0.3914211045722481,319.1296936365724,307.0203032912516,12.109390345320833,1.6049429624653078,False,0.9948020791683326,0.8552631578947368,0.7339060621485707,1.2465188580922897,11.170835504675084,5.454063484655001,15.316725032751023,2.543914110254416,False,0.986842105263158,13.874669056837218,15.637263213481656,Horizontal,13,calibration,0.03,1.0,2.0,1.0,1.25
HorizontalScanPath_13,physics mean + space-time,3.6109129986233175e-06,12.422901570529978,3.4305133895116966,0.1702227206133784,2,368,140,296.4959614680289,0.389964858130852,0.4155782078266065,319.1296936365724,307.1726802289972,11.957013407575232,1.1895668916378206,False,0.990403838464614,0.6842105263157895,0.724379239734701,1.38395358823185,11.020786207158825,3.930899693027756,31.58766716383061,5.9480177743203875,True,1.0,23.38106124319965,23.38106124319965,Horizontal,13,calibration,0.03,1.0,2.0,1.0,1.25
HorizontalScanPath_13,snapshot RBF,3.6109129986233175e-06,0.0,3.4305133895116966,0.1747785923051746,1,240,126,295.60168663102985,0.6090560638343117,0.6120908508209644,319.1296936365724,296.8522109895665,22.27748264700591,0.4397852054204276,False,0.9784086365453818,0.5714285714285714,0.7503869518073384,1.4880335197643464,10.795521673404885,1.8035583517240017,46.215919286816245,4.251194481970554,False,0.8650793650793651,7.667277312760985,25.04807990794954,Horizontal,13,calibration,0.05,1.0,2.0,1.0,1.25
HorizontalScanPath_13,space-time heat,3.6109129986233175e-06,12.422901570529978,3.4305133895116966,0.1747785923051746,2,476,248,295.60168663102985,0.6210074551912136,0.6378247841989801,319.1296936365724,296.6344807269932,22.49521290957921,0.4296497253013989,False,0.975609756097561,0.5238095238095238,0.7492382845623419,1.6364873263986994,10.671639924476557,1.7623014569089692,50.80682431666437,10.937169061701004,False,0.9761904761904762,19.274588971895387,27.00424442367404,Horizontal,13,calibration,0.05,1.0,2.0,1.0,1.25
HorizontalScanPath_13,physics mean + RBF,3.6109129986233175e-06,0.0,3.4305133895116966,0.1747785923051746,1,240,126,295.60168663102985,0.466091309906567,0.4854503175730444,319.1296936365724,305.383414168105,13.746279468467437,0.51298945000634,False,0.9780087964814076,0.5634920634920635,0.7386045811531379,1.3754742985533035,10.792699312453992,2.072527875792361,37.589444886414114,2.543914110254416,False,0.7777777777777778,5.2723329071238005,23.27602784802643,Horizontal,13,calibration,0.05,1.0,2.0,1.0,1.25
HorizontalScanPath_13,physics mean + space-time,3.6109129986233175e-06,12.422901570529978,3.4305133895116966,0.1747785923051746,2,476,248,295.60168663102985,0.4874377666211347,0.5141131027207505,319.1296936365724,305.1332549569123,13.996438679660116,0.4317928969425019,False,0.9752099160335864,0.5079365079365079,0.7338507243543838,1.4547443381095444,10.680428229562796,1.7588766397220617,44.55558394591509,5.9480177743203875,False,0.9523809523809524,10.46182951590374,19.474023330259183,Horizontal,13,calibration,0.05,1.0,2.0,1.0,1.25
HorizontalScanPath_13,snapshot RBF,3.6109129986233175e-06,0.0,3.4305133895116966,0.1824470001662968,1,367,259,294.4076034530072,0.7214368389123832,0.7255913222121959,319.1296936365724,295.363054512897,23.766639123675414,0.4140319158186106,False,0.9480207916833266,0.4820717131474104,0.7713719721656892,1.4324686374245736,10.179911776108748,1.6880474577856726,42.76173723470125,4.251194481970554,False,0.8605577689243028,7.176218037842872,21.307037714313527,Horizontal,13,calibration,0.1,1.0,2.0,1.0,1.25
HorizontalScanPath_13,space-time heat,3.6109129986233175e-06,12.422901570529978,3.4305133895116966,0.1824470001662968,2,733,516,294.4076034530072,0.7252474178309908,0.7311948195859168,319.1296936365724,295.1143533651003,24.0153402714721,0.4152524874107733,False,0.94922031187525,0.4940239043824701,0.7630334043482412,1.432928650310897,10.076695099647562,1.6766862974917789,43.55723049119434,10.937169061701004,False,0.9840637450199204,18.33820149910509,23.199962407437997,Horizontal,13,calibration,0.1,1.0,2.0,1.0,1.25
HorizontalScanPath_13,physics mean + RBF,3.6109129986233175e-06,0.0,3.4305133895116966,0.1824470001662968,1,367,259,294.4076034530072,0.6163097183029266,0.6199595475850239,319.1296936365724,304.5151697750938,14.61452386147863,0.4367683922990339,False,0.9488204718112756,0.4900398406374502,0.7619100937718329,1.3312198821268988,10.214847905110762,1.680338739804066,39.27905163897628,2.543914110254416,False,0.7569721115537849,4.274637430194689,24.213553476852276,Horizontal,13,calibration,0.1,1.0,2.0,1.0,1.25
HorizontalScanPath_13,physics mean + space-time,3.6109129986233175e-06,12.422901570529978,3.4305133895116966,0.1824470001662968,2,733,516,294.4076034530072,0.6333028696147875,0.636998907737108,319.1296936365724,304.5162611734092,14.613432463163235,0.4180632972881539,False,0.94922031187525,0.4940239043824701,0.759337736949293,1.3978582692190018,10.09807664030843,1.669423005720155,41.4820366524337,5.9480177743203875,False,0.9282868525896414,9.929757710882848,16.617043799769494,Horizontal,13,calibration,0.1,1.0,2.0,1.0,1.25
SpiralScanPath_1,snapshot RBF,3.6109129986233175e-06,0.0,3.4305133895116966,0.1576595047349801,1,142,27,295.9894854126253,0.7632081041037718,0.7173031136555351,333.10510445751316,301.19888853002857,31.906215927484595,2.040316193241049,False,0.9968012794882048,0.8076923076923077,0.7541592258752777,3.1677179866097274,11.35869145829262,7.1075038731814555,77.22070128232775,4.251194481970554,False,0.9615384615384616,30.21538124625334,54.59965748279558,Spiral,1,evaluation,0.01,1.0,2.0,1.0,1.25
SpiralScanPath_1,space-time heat,3.6109129986233175e-06,12.422901570529978,3.4305133895116966,0.1576595047349801,2,286,55,295.9894854126253,0.7801212410633561,0.7789905667732024,333.10510445751316,298.41620393229726,34.6889005252159,0.9480526362579867,False,0.9964014394242304,0.6538461538461539,0.7393577539894702,3.6390009040689457,11.180948797444884,3.680611694842628,109.63270824598295,10.937169061701004,False,0.9615384615384616,40.2554723569677,59.79069694537489,Spiral,1,evaluation,0.01,1.0,2.0,1.0,1.25
SpiralScanPath_1,physics mean + RBF,3.6109129986233175e-06,0.0,3.4305133895116966,0.1576595047349801,1,142,27,295.9894854126253,0.4334355337069589,0.3098959508731967,333.10510445751316,338.70597257765763,5.600868120144469,1.926315713923816,False,0.9972011195521792,0.7692307692307693,0.7406161800471571,2.104685521252284,11.372901313378872,7.807937598633616,21.416311608621108,2.543914110254416,True,1.0,19.86272262915003,19.86272262915003,Spiral,1,evaluation,0.01,1.0,2.0,1.0,1.25
SpiralScanPath_1,physics mean + space-time,3.6109129986233175e-06,12.422901570529978,3.4305133895116966,0.1576595047349801,2,286,55,295.9894854126253,0.4306758468378038,0.3045032248640031,333.10510445751316,339.44241196190654,6.3373075043933795,1.9026498534742695,False,0.9964014394242304,0.7307692307692307,0.7328389589153586,1.997542139151378,11.229763791544974,7.466374442070101,25.136268749584907,5.9480177743203875,True,1.0,44.41012789116442,44.41012789116442,Spiral,1,evaluation,0.01,1.0,2.0,1.0,1.25
SpiralScanPath_1,snapshot RBF,3.6109129986233175e-06,0.0,3.4305133895116966,0.1702227206133784,1,188,74,294.5644045668491,0.8484745133194436,0.836673623907842,333.10510445751316,297.18420913576904,35.920895321744126,0.7966342815108802,False,0.9932027189124352,0.7763157894736842,0.7462146261812147,1.938595398450362,11.058798534169112,3.5898788021599826,52.27620299206576,4.251194481970554,False,0.9473684210526316,15.261272954685577,42.90685661154994,Spiral,1,evaluation,0.03,1.0,2.0,1.0,1.25
SpiralScanPath_1,space-time heat,3.6109129986233175e-06,12.422901570529978,3.4305133895116966,0.1702227206133784,2,348,120,294.5644045668491,0.8462695823031487,0.8100859285704296,333.10510445751316,298.0860584867448,35.01904597076839,0.7071535682587244,False,0.9880047980807676,0.618421052631579,0.7527004119488682,2.0270269738672075,10.952375362672427,2.8816451983157294,56.19300991798837,10.937169061701004,False,0.9736842105263158,31.517040709818055,47.356220616885416,Spiral,1,evaluation,0.03,1.0,2.0,1.0,1.25
SpiralScanPath_1,physics mean + RBF,3.6109129986233175e-06,0.0,3.4305133895116966,0.1702227206133784,1,188,74,294.5644045668491,0.5570936214480686,0.4909172214865615,333.10510445751316,340.1589917668485,7.053887309335323,1.7847808212278748,False,0.9880047980807676,0.618421052631579,0.7521798786228289,1.831009354703791,11.156985498116171,5.8623758593477495,20.589951362791577,2.543914110254416,False,0.9736842105263158,14.913380668209587,14.993629787746068,Spiral,1,evaluation,0.03,1.0,2.0,1.0,1.25
SpiralScanPath_1,physics mean + space-time,3.6109129986233175e-06,12.422901570529978,3.4305133895116966,0.1702227206133784,2,348,120,294.5644045668491,0.4401418600375364,0.3998656657292683,333.10510445751316,339.3115337540941,6.20642929658095,0.6654781785536291,False,0.9888044782087164,0.6578947368421053,0.7260853761739479,1.4328760576618027,10.935240550264826,3.2433698044284136,31.641979213004532,5.9480177743203875,True,0.9605263157894736,19.291621245434246,22.616423324057784,Spiral,1,evaluation,0.03,1.0,2.0,1.0,1.25
SpiralScanPath_1,snapshot RBF,3.6109129986233175e-06,0.0,3.4305133895116966,0.1747785923051746,1,295,186,293.62574749751224,0.9590580911564028,0.9287578689787284,333.10510445751316,294.5009418363977,38.60416262111545,0.4345674750250163,False,0.9700119952019192,0.4841269841269841,0.7293727199153317,1.823555359714399,10.010995801672475,1.810133165847429,58.293527900093565,4.251194481970554,False,0.873015873015873,7.69522812628248,39.363067531853055,Spiral,1,evaluation,0.05,1.0,2.0,1.0,1.25
SpiralScanPath_1,space-time heat,3.6109129986233175e-06,12.422901570529978,3.4305133895116966,0.1747785923051746,2,525,306,293.62574749751224,0.9647172240978762,0.9312289105847747,333.10510445751316,294.5218618766427,38.58324258087049,0.4298022670817405,False,0.9704118352658936,0.4603174603174603,0.7168818547253653,1.8586029183219612,9.78152407993372,1.773979243422274,60.024874282471345,10.937169061701004,False,0.9523809523809524,19.402310897257852,36.19923725252033,Spiral,1,evaluation,0.05,1.0,2.0,1.0,1.25
SpiralScanPath_1,physics mean + RBF,3.6109129986233175e-06,0.0,3.4305133895116966,0.1747785923051746,1,295,186,293.62574749751224,0.536157125095424,0.485264093831543,333.10510445751316,339.71032254478735,6.6052180872741815,0.4308284114082958,False,0.9696121551379449,0.4682539682539682,0.7022903304401604,1.3355051301488796,9.993177592887726,1.7997008555321583,39.29994597428575,2.543914110254416,False,0.7936507936507936,4.578284400625201,26.74709436398887,Spiral,1,evaluation,0.05,1.0,2.0,1.0,1.25
SpiralScanPath_1,physics mean + space-time,3.6109129986233175e-06,12.422901570529978,3.4305133895116966,0.1747785923051746,2,525,306,293.62574749751224,0.5530837582009388,0.4955275064848699,333.10510445751316,339.6808932823248,6.575788824811639,0.4280053623232439,False,0.9716113554578168,0.4682539682539682,0.6929646664999122,1.3895066988059932,9.789969974306876,1.7895618139622806,41.231445853368434,5.9480177743203875,False,0.9126984126984128,10.64434547769268,20.352188945333765,Spiral,1,evaluation,0.05,1.0,2.0,1.0,1.25
SpiralScanPath_1,snapshot RBF,3.6109129986233175e-06,0.0,3.4305133895116966,0.1824470001662968,1,1346,1281,293.1573047617589,1.00145452930116,0.9775655899313764,333.10510445751316,293.9716834033438,39.13342105416939,0.4070394391274703,False,0.9644142343062776,0.6454183266932271,0.3435495790725276,1.2332877468314234,3.102671505511958,1.9294887723809824,38.47449465826547,4.251194481970554,False,0.9123505976095616,8.20263202217017,26.048737729103753,Spiral,1,evaluation,0.1,1.0,2.0,1.0,1.25
SpiralScanPath_1,space-time heat,3.6109129986233175e-06,12.422901570529978,3.4305133895116966,0.1824470001662968,2,2667,2542,293.1573047617589,1.0001184853564924,0.9773732023342312,333.10510445751316,293.8940191081144,39.211085349398786,0.4064606185571197,False,0.9640143942423032,0.6414342629482072,0.3390531834945324,1.238254413163776,3.0678286029952035,1.9140052240054553,38.482833566254186,10.937169061701004,False,0.9721115537848606,20.93379871992657,30.052483213808436,Spiral,1,evaluation,0.1,1.0,2.0,1.0,1.25
SpiralScanPath_1,physics mean + RBF,3.6109129986233175e-06,0.0,3.4305133895116966,0.1824470001662968,1,1346,1281,293.1573047617589,0.6063942964282402,0.5629062580267985,333.10510445751316,341.2287522854172,8.123647827904051,0.4073970085313155,False,0.9632147141143542,0.6334661354581673,0.3237865846446224,1.0068887915464717,3.1092381629369137,1.9436430748251468,29.088591911942228,2.543914110254416,False,0.8326693227091634,4.94446104334597,19.570968791653595,Spiral,1,evaluation,0.1,1.0,2.0,1.0,1.25
SpiralScanPath_1,physics mean + space-time,3.6109129986233175e-06,12.422901570529978,3.4305133895116966,0.1824470001662968,2,2667,2542,293.1573047617589,0.5947278550865805,0.5536467089219119,333.10510445751316,341.2048584152826,8.099753957769451,0.406361928050085,False,0.964814074370252,0.649402390438247,0.3155132095421801,0.9791998626154456,3.0751469932553763,1.9129071454470865,28.317776510417577,5.9480177743203875,False,0.952191235059761,11.378005701743747,16.751349605477433,Spiral,1,evaluation,0.1,1.0,2.0,1.0,1.25
SpiralScanPath_2,snapshot RBF,3.6109129986233175e-06,0.0,3.4305133895116966,0.1576595047349801,1,139,23,296.3927382972455,0.6864692962482625,0.653797695382474,329.2630123504799,301.26210773909094,28.00090461138899,1.4936071556823978,False,0.9976009596161536,0.8076923076923077,0.7493377018473735,3.1209832174680345,11.328172326517857,5.917247631164781,82.45651803598068,4.251194481970554,False,0.9230769230769232,25.15537047806105,49.50207580452692,Spiral,2,evaluation,0.01,1.0,2.0,1.0,1.25
SpiralScanPath_2,space-time heat,3.6109129986233175e-06,12.422901570529978,3.4305133895116966,0.1576595047349801,2,280,49,296.3927382972455,0.7356682078707,0.7416335633349931,329.2630123504799,299.59332348834016,29.669688862139765,0.903851437686669,False,0.994002399040384,0.4615384615384615,0.7433208606791253,3.7735371259418975,11.15526016195458,3.273853600765121,122.02722619601704,10.937169061701004,False,0.9230769230769232,35.80669031482671,53.22874028441867,Spiral,2,evaluation,0.01,1.0,2.0,1.0,1.25
SpiralScanPath_2,physics mean + RBF,3.6109129986233175e-06,0.0,3.4305133895116966,0.1576595047349801,1,139,23,296.3927382972455,0.3930322688968606,0.3280030119987348,329.2630123504799,325.6250261158957,3.6379862345842184,2.9158881472608793,True,0.9972011195521792,0.7307692307692307,0.7343684904828617,2.047089013236118,11.366100900480086,8.12615385053225,21.88249121447012,2.543914110254416,True,1.0,20.67223744246724,20.67223744246724,Spiral,2,evaluation,0.01,1.0,2.0,1.0,1.25
SpiralScanPath_2,physics mean + space-time,3.6109129986233175e-06,12.422901570529978,3.4305133895116966,0.1576595047349801,2,280,49,296.3927382972455,0.371631653337479,0.2832076485998508,329.2630123504799,324.7500208814804,4.51299146899953,1.6355083820733176,False,0.998000799680128,0.8076923076923077,0.725177484958277,1.750863887825291,11.23005251972145,6.905065437666324,28.83884856003256,5.9480177743203875,True,1.0,41.07145195608468,41.07145195608468,Spiral,2,evaluation,0.01,1.0,2.0,1.0,1.25
SpiralScanPath_2,snapshot RBF,3.6109129986233175e-06,0.0,3.4305133895116966,0.1702227206133784,1,192,78,294.77953556616137,0.8265715165457258,0.8356980001514016,329.2630123504799,295.66378614934865,33.59922620113127,0.4850845373212514,False,0.9880047980807676,0.631578947368421,0.7413626307807708,2.0517870942770213,10.91305702898894,2.3495857935335076,68.61078772413627,4.251194481970554,False,0.8552631578947368,9.988546160386056,51.48954812069379,Spiral,2,evaluation,0.03,1.0,2.0,1.0,1.25
SpiralScanPath_2,space-time heat,3.6109129986233175e-06,12.422901570529978,3.4305133895116966,0.1702227206133784,2,387,159,294.77953556616137,0.825285063891577,0.8378867466807942,329.2630123504799,295.56164428439627,33.70136806608366,0.447921839541695,False,0.9880047980807676,0.631578947368421,0.7346282347108121,2.0999675339615673,10.7762068662291,2.3227282305196275,70.82802494700195,10.937169061701004,False,0.9342105263157896,25.40407134157879,46.716697151122986,Spiral,2,evaluation,0.03,1.0,2.0,1.0,1.25
SpiralScanPath_2,physics mean + RBF,3.6109129986233175e-06,0.0,3.4305133895116966,0.1702227206133784,1,192,78,294.77953556616137,0.4355143432770762,0.3619999957229085,329.2630123504799,326.3929610744396,2.8700512760403285,0.8293151938904285,False,0.9924030387844862,0.8289473684210527,0.7277363181017023,1.1659006418949729,11.009222685335,4.6121772243747365,19.78198999239325,2.543914110254416,True,0.9605263157894736,11.732982720080935,13.005882603816232,Spiral,2,evaluation,0.03,1.0,2.0,1.0,1.25
SpiralScanPath_2,physics mean + space-time,3.6109129986233175e-06,12.422901570529978,3.4305133895116966,0.1702227206133784,2,387,159,294.77953556616137,0.4117922369802052,0.3832008430864512,329.2630123504799,325.3942085015675,3.868803848912421,0.6158480929692889,False,0.9908036785285884,0.7236842105263158,0.7116813702980087,1.2626509052522596,10.813281494330056,3.088215874549828,32.62602434245599,5.9480177743203875,True,0.9473684210526316,18.36876291276076,21.563920593043132,Spiral,2,evaluation,0.03,1.0,2.0,1.0,1.25
SpiralScanPath_2,snapshot RBF,3.6109129986233175e-06,0.0,3.4305133895116966,0.1747785923051746,1,232,121,294.41914633360165,0.8424287753132553,0.8396769317447036,329.2630123504799,295.58967773862776,33.67333461185217,0.4769672753379371,False,0.9868052778888444,0.753968253968254,0.7361420712320782,1.426739672532355,10.695372036917233,2.361418843818638,44.26282668522065,4.251194481970554,False,0.9047619047619048,10.038850758463084,34.535717146641524,Spiral,2,evaluation,0.05,1.0,2.0,1.0,1.25
SpiralScanPath_2,space-time heat,3.6109129986233175e-06,12.422901570529978,3.4305133895116966,0.1747785923051746,2,462,239,294.41914633360165,0.8473939875696009,0.8480451411819373,329.2630123504799,295.2778784996262,33.98513385085374,0.4294484481379902,False,0.9840063974410236,0.6904761904761905,0.7319603008094561,1.4791222440204113,10.605067651467213,2.1137054861446143,47.29558154887365,10.937169061701004,False,0.9603174603174603,23.11795424860855,36.51306474714043,Spiral,2,evaluation,0.05,1.0,2.0,1.0,1.25
SpiralScanPath_2,physics mean + RBF,3.6109129986233175e-06,0.0,3.4305133895116966,0.1747785923051746,1,232,121,294.41914633360165,0.444960507795111,0.4123680042746636,329.2630123504799,325.94006397075765,3.322948379722277,0.4675759860678649,False,0.9856057576969212,0.753968253968254,0.7224470021703288,1.039401157102673,10.732084879430731,2.7666362290146296,23.501162196701383,2.543914110254416,False,0.9047619047619048,7.038084940931382,18.79068616980365,Spiral,2,evaluation,0.05,1.0,2.0,1.0,1.25
SpiralScanPath_2,physics mean + space-time,3.6109129986233175e-06,12.422901570529978,3.4305133895116966,0.1747785923051746,2,462,239,294.41914633360165,0.4437893674720238,0.4331320802198589,329.2630123504799,326.370009373197,2.893002977282947,0.4340765141312444,False,0.9856057576969212,0.7142857142857143,0.7077599135975998,1.0333860793587109,10.61640272538362,2.142283832276822,29.932743619051593,5.9480177743203875,True,0.9365079365079364,12.74234231202173,19.0520351052277,Spiral,2,evaluation,0.05,1.0,2.0,1.0,1.25
SpiralScanPath_2,snapshot RBF,3.6109129986233175e-06,0.0,3.4305133895116966,0.1824470001662968,1,655,565,293.4151453476077,0.9855154522784524,0.9281145381270616,329.2630123504799,294.3775078842828,34.88550446619712,0.4059923929104734,False,0.9468212714914036,0.4780876494023904,0.6035769300662214,1.2717019434675945,7.0495096016050045,1.6324966390383375,36.21988408195252,4.251194481970554,False,0.9322709163346612,6.940060703715256,23.536800163438564,Spiral,2,evaluation,0.1,1.0,2.0,1.0,1.25
SpiralScanPath_2,space-time heat,3.6109129986233175e-06,12.422901570529978,3.4305133895116966,0.1824470001662968,2,1242,1057,293.4151453476077,0.9877449367532544,0.9222257151887492,329.2630123504799,294.38862720673114,34.87438514374878,0.4058346010282665,False,0.9536185525789684,0.5537848605577689,0.5879762274218552,1.2373351208852708,6.740288563302807,1.6322830548054872,35.53448827498995,10.937169061701004,False,0.9800796812749004,17.85255572695738,25.79572383585669,Spiral,2,evaluation,0.1,1.0,2.0,1.0,1.25
SpiralScanPath_2,physics mean + RBF,3.6109129986233175e-06,0.0,3.4305133895116966,0.1824470001662968,1,655,565,293.4151453476077,0.6279249404453207,0.5443379149126663,329.2630123504799,326.68639073195504,2.5766216185248823,0.4046799873760866,False,0.9504198320671732,0.5099601593625498,0.5738277200136218,1.0146425179195162,7.033097798546274,1.636526063195249,26.383697988149443,2.543914110254416,False,0.8565737051792829,4.163181743961504,17.038390590323804,Spiral,2,evaluation,0.1,1.0,2.0,1.0,1.25
SpiralScanPath_2,physics mean + space-time,3.6109129986233175e-06,12.422901570529978,3.4305133895116966,0.1824470001662968,2,1242,1057,293.4151453476077,0.651496963887128,0.5525616425232766,329.2630123504799,326.313220449712,2.9497919007679343,0.4045871547047778,False,0.9496201519392244,0.49800796812749,0.5644323266267084,1.0526125278092733,6.752469987126575,1.640881097385588,27.20039990963957,5.9480177743203875,True,0.952191235059761,9.759989932795822,14.64983283077188,Spiral,2,evaluation,0.1,1.0,2.0,1.0,1.25
SpiralScanPath_3,snapshot RBF,3.6109129986233175e-06,0.0,3.4305133895116966,0.1576595047349801,1,142,26,296.4276639248532,0.7287126245834417,0.7192027913610345,333.2341053416775,301.36091549932667,31.873189842350826,2.281808444340708,False,0.9964014394242304,0.7307692307692307,0.7567285734211847,3.375642579111894,11.310847259888469,5.739399687737318,91.71145656422358,4.251194481970554,False,0.9230769230769232,24.399304282332405,67.10593558057187,Spiral,3,evaluation,0.01,1.0,2.0,1.0,1.25
SpiralScanPath_3,space-time heat,3.6109129986233175e-06,12.422901570529978,3.4305133895116966,0.1576595047349801,2,287,55,296.4276639248532,0.7385914015603364,0.7587679531640036,333.2341053416775,298.8398702763156,34.3942350653619,1.5814742923523042,False,0.995201919232307,0.6153846153846154,0.744599522168403,3.668566486731083,11.144895870839552,4.234220806955066,114.24830905367853,10.937169061701004,False,0.9615384615384616,46.310388810239616,48.067014014549386,Spiral,3,evaluation,0.01,1.0,2.0,1.0,1.25
SpiralScanPath_3,physics mean + RBF,3.6109129986233175e-06,0.0,3.4305133895116966,0.1576595047349801,1,142,26,296.4276639248532,0.3304936636739138,0.2809370210529803,333.2341053416775,337.10595200339037,3.87184666171288,2.2015913297708547,True,0.9976009596161536,0.8461538461538461,0.7310033293605231,1.8049760073752512,11.33627363472149,7.317974729979961,19.225583639402377,2.543914110254416,True,1.0,18.616299174081277,18.616299174081277,Spiral,3,evaluation,0.01,1.0,2.0,1.0,1.25
SpiralScanPath_3,physics mean + space-time,3.6109129986233175e-06,12.422901570529978,3.4305133895116966,0.1576595047349801,2,287,55,296.4276639248532,0.4321246496617397,0.2974541975157341,333.2341053416775,336.8755527320805,3.641447390403016,1.3307088802061775,False,0.9964014394242304,0.8076923076923077,0.7368771493923948,1.8831332154719624,11.237386308845837,7.874032274046556,21.39409972550879,5.9480177743203875,True,1.0,46.83488392160129,46.83488392160129,Spiral,3,evaluation,0.01,1.0,2.0,1.0,1.25
SpiralScanPath_3,snapshot RBF,3.6109129986233175e-06,0.0,3.4305133895116966,0.1702227206133784,1,192,78,295.09034972544174,0.7697038679395705,0.7661206982092457,333.2341053416775,299.53012011418167,33.70398522749582,1.2015511312300249,False,0.9880047980807676,0.6578947368421053,0.7497105146406419,1.9692748576810988,10.95398313514703,2.8335770087831804,59.18934405620399,4.251194481970554,False,0.9210526315789472,12.046086943977688,40.98871326660271,Spiral,3,evaluation,0.03,1.0,2.0,1.0,1.25
SpiralScanPath_3,space-time heat,3.6109129986233175e-06,12.422901570529978,3.4305133895116966,0.1702227206133784,2,388,162,295.09034972544174,0.8112131162144431,0.8368983270145335,333.2341053416775,295.7424262930866,37.49167904859087,0.4389058218021131,False,0.9888044782087164,0.631578947368421,0.7349883409603348,2.111945123402066,10.77766020946419,2.129764124850172,70.69863686005948,10.937169061701004,False,0.9605263157894736,23.293590295032015,48.91936622590563,Spiral,3,evaluation,0.03,1.0,2.0,1.0,1.25
SpiralScanPath_3,physics mean + RBF,3.6109129986233175e-06,0.0,3.4305133895116966,0.1702227206133784,1,192,78,295.09034972544174,0.3753813172861873,0.3678780595064326,333.2341053416775,339.15246430636864,5.918358964691151,0.4676634639734035,False,0.989204318272691,0.6710526315789473,0.7187125948502093,1.2584462157909355,10.917173317727649,2.3808572503612253,35.127733036483335,2.543914110254416,False,0.8421052631578947,6.056696353695453,25.592626653115023,Spiral,3,evaluation,0.03,1.0,2.0,1.0,1.25
SpiralScanPath_3,physics mean + space-time,3.6109129986233175e-06,12.422901570529978,3.4305133895116966,0.1702227206133784,2,388,162,295.09034972544174,0.3940149842231553,0.3885035226365844,333.2341053416775,340.1367482526567,6.902642910979182,0.4398956575380105,False,0.9872051179528188,0.618421052631579,0.7130461223302892,1.3978957310190463,10.77642187118715,2.1456328666877496,42.03025235923506,5.9480177743203875,False,0.9210526315789472,12.76226242822474,21.006306017299003,Spiral,3,evaluation,0.03,1.0,2.0,1.0,1.25
SpiralScanPath_3,snapshot RBF,3.6109129986233175e-06,0.0,3.4305133895116966,0.1747785923051746,1,251,139,294.6952375273771,0.8124238964511606,0.8123669232433328,333.2341053416775,296.8248130803589,36.40929226131857,0.7987585689256046,False,0.9828068772491004,0.6904761904761905,0.7438337108554979,1.502740911712093,10.678298081187233,2.5326154629638458,40.54905960774349,4.251194481970554,False,0.9285714285714286,10.766640881105202,30.770740663309144,Spiral,3,evaluation,0.05,1.0,2.0,1.0,1.25
SpiralScanPath_3,space-time heat,3.6109129986233175e-06,12.422901570529978,3.4305133895116966,0.1747785923051746,2,495,273,294.6952375273771,0.8220907104467343,0.8315073653283702,333.2341053416775,295.82076957061184,37.41333577106565,0.43082789329196,False,0.9836065573770492,0.6904761904761905,0.7301363620744149,1.48313962731693,10.510412742421977,1.8612959670336569,46.95628685712158,10.937169061701004,False,0.9761904761904762,20.35730866530936,36.30698194036758,Spiral,3,evaluation,0.05,1.0,2.0,1.0,1.25
SpiralScanPath_3,physics mean + RBF,3.6109129986233175e-06,0.0,3.4305133895116966,0.1747785923051746,1,251,139,294.6952375273771,0.4200911914455805,0.4141888032918754,333.2341053416775,340.4460587827792,7.211953441101684,0.4873112624810375,False,0.9840063974410236,0.6904761904761905,0.7128524933736679,1.0571114666147676,10.63443846194113,1.9425422559160583,30.297691997661353,2.543914110254416,False,0.8492063492063492,4.941660654590304,22.109279106859763,Spiral,3,evaluation,0.05,1.0,2.0,1.0,1.25
SpiralScanPath_3,physics mean + space-time,3.6109129986233175e-06,12.422901570529978,3.4305133895116966,0.1747785923051746,2,495,273,294.6952375273771,0.4194312505027194,0.4139876310818611,333.2341053416775,340.5810583175375,7.346952975860006,0.4356771582173771,False,0.982407037185126,0.6507936507936508,0.7057729608229488,1.0575848843394051,10.508288151493042,1.829506692112394,30.84878316303244,5.9480177743203875,False,0.9444444444444444,10.881938322922617,18.16388180888146,Spiral,3,evaluation,0.05,1.0,2.0,1.0,1.25
SpiralScanPath_3,snapshot RBF,3.6109129986233175e-06,0.0,3.4305133895116966,0.1824470001662968,1,388,282,293.77191035175224,0.9130813429420288,0.8945667873090841,333.2341053416775,294.5456863238532,38.68841901782429,0.4101615100406938,False,0.955217912834866,0.5816733067729084,0.7475135960978235,1.2472921450428858,9.960031035917604,1.6625236590280577,35.55481395343365,4.251194481970554,False,0.9203187250996016,7.067711405405577,24.719942799346295,Spiral,3,evaluation,0.1,1.0,2.0,1.0,1.25
SpiralScanPath_3,space-time heat,3.6109129986233175e-06,12.422901570529978,3.4305133895116966,0.1824470001662968,2,735,520,293.77191035175224,0.9040827452949728,0.8859020001740369,333.2341053416775,294.6087594342272,38.62534590745031,0.4070796031542761,False,0.9604158336665334,0.6175298804780877,0.7313992274668926,1.185356009467156,9.805837484033272,1.660367005980388,34.624780518829425,10.937169061701004,False,0.9840637450199204,18.159714648877827,27.265186370041004,Spiral,3,evaluation,0.1,1.0,2.0,1.0,1.25
SpiralScanPath_3,physics mean + RBF,3.6109129986233175e-06,0.0,3.4305133895116966,0.1824470001662968,1,388,282,293.77191035175224,0.5265936078923558,0.4947958264321517,333.2341053416775,341.6748461323023,8.44074079062483,0.4087260123489646,False,0.9556177528988404,0.5816733067729084,0.7207135744333611,0.987426625008886,9.95189952086168,1.6573359700411794,25.18045480126585,2.543914110254416,False,0.852589641434263,4.2161203596199455,17.060853750739557,Spiral,3,evaluation,0.1,1.0,2.0,1.0,1.25
SpiralScanPath_3,physics mean + space-time,3.6109129986233175e-06,12.422901570529978,3.4305133895116966,0.1824470001662968,2,735,520,293.77191035175224,0.5319302970950409,0.4946333307928591,333.2341053416775,341.35438019719925,8.120274855521757,0.4282133328130753,False,0.9612155137944822,0.6613545816733067,0.705843033945113,0.9408425548640544,9.787814413607318,1.6792236921474952,24.74177782672647,5.9480177743203875,False,0.952191235059761,9.988052367953207,15.343920548100836,Spiral,3,evaluation,0.1,1.0,2.0,1.0,1.25
SpiralScanPath_4,snapshot RBF,3.6109129986233175e-06,0.0,3.4305133895116966,0.1576595047349801,1,141,25,296.8243502775634,0.7230220589334053,0.7067421241410596,330.1270426836271,301.8602614862707,28.26678119735641,1.360675352481556,False,0.9956017592962816,0.6153846153846154,0.7643867436919627,3.650823566614808,11.335714730837765,6.7221508081006505,95.57456592663532,4.251194481970554,False,0.9230769230769232,28.577170422371385,73.65039233614169,Spiral,4,evaluation,0.01,1.0,2.0,1.0,1.25
SpiralScanPath_4,space-time heat,3.6109129986233175e-06,12.422901570529978,3.4305133895116966,0.1576595047349801,2,283,51,296.8243502775634,0.6634115735328214,0.6586342168000222,330.1270426836271,301.2962482674111,28.83079441621601,0.8793523261524587,False,0.9964014394242304,0.7307692307692307,0.7456802201704827,3.026792194357579,11.16765721332816,4.4781973177740895,89.26774543857884,10.937169061701004,False,0.9615384615384616,48.9788011561512,65.15213770114491,Spiral,4,evaluation,0.01,1.0,2.0,1.0,1.25
SpiralScanPath_4,physics mean + RBF,3.6109129986233175e-06,0.0,3.4305133895116966,0.1576595047349801,1,141,25,296.8243502775634,0.37007033284475,0.3108087380303002,330.1270426836271,326.2096008037601,3.917441879866999,2.092763270085513,True,0.9976009596161536,0.8461538461538461,0.7361421652262831,2.0742782324721745,11.372484608292622,8.040761238180778,22.24050029442032,2.543914110254416,True,1.0,20.45500597099484,20.45500597099484,Spiral,4,evaluation,0.01,1.0,2.0,1.0,1.25
SpiralScanPath_4,physics mean + space-time,3.6109129986233175e-06,12.422901570529978,3.4305133895116966,0.1576595047349801,2,283,51,296.8243502775634,0.4480311162885448,0.3421970072838746,330.1270426836271,325.4424724844889,4.684570199138193,2.2462994269247942,False,0.995201919232307,0.5769230769230769,0.7401516722033942,2.251295901685331,11.23834170030797,7.093456619348556,26.112312558538047,5.9480177743203875,True,1.0,42.1920060532558,42.1920060532558,Spiral,4,evaluation,0.01,1.0,2.0,1.0,1.25
SpiralScanPath_4,snapshot RBF,3.6109129986233175e-06,0.0,3.4305133895116966,0.1702227206133784,1,188,75,295.3171456785458,0.7493175036068545,0.7523007573941918,330.1270426836271,298.47181448222676,31.655228201400348,1.013009590918626,False,0.988404638144742,0.6973684210526315,0.7559503715249669,1.9737839753941633,11.019016978128011,3.61909857412919,55.13012772057429,4.251194481970554,False,0.9210526315789472,15.385491888045513,36.36587529752832,Spiral,4,evaluation,0.03,1.0,2.0,1.0,1.25
SpiralScanPath_4,space-time heat,3.6109129986233175e-06,12.422901570529978,3.4305133895116966,0.1702227206133784,2,383,158,295.3171456785458,0.7597401874729673,0.7952635963406405,330.1270426836271,296.5785500207097,33.5484926629174,0.4438482997042962,False,0.9880047980807676,0.618421052631579,0.736965616580911,2.095404352564298,10.810402037584687,2.0366482374590804,69.9830297352002,10.937169061701004,False,0.9473684210526316,22.27516609230534,44.90325903109865,Spiral,4,evaluation,0.03,1.0,2.0,1.0,1.25
SpiralScanPath_4,physics mean + RBF,3.6109129986233175e-06,0.0,3.4305133895116966,0.1702227206133784,1,188,75,295.3171456785458,0.479161993474278,0.3926429164639012,330.1270426836271,327.04229180471754,3.084750878909574,3.232087954139517,True,0.9916033586565374,0.7894736842105263,0.7459174860271893,1.4430123561214043,11.149137115168694,6.559626019361174,15.084297468460596,2.543914110254416,True,0.986842105263158,16.687125188644895,16.755290673899644,Spiral,4,evaluation,0.03,1.0,2.0,1.0,1.25
SpiralScanPath_4,physics mean + space-time,3.6109129986233175e-06,12.422901570529978,3.4305133895116966,0.1702227206133784,2,383,158,295.3171456785458,0.4054185926737279,0.3934911997573791,330.1270426836271,325.2713962635836,4.855646420043513,0.5393891459762454,False,0.990403838464614,0.7105263157894737,0.7211772702090714,1.4302780651802067,10.841468330866944,2.9448630547952632,36.04433365997,5.9480177743203875,True,0.9736842105263158,17.516097792861657,20.755325916030607,Spiral,4,evaluation,0.03,1.0,2.0,1.0,1.25
SpiralScanPath_4,snapshot RBF,3.6109129986233175e-06,0.0,3.4305133895116966,0.1747785923051746,1,242,130,294.93605482697035,0.7671871509937841,0.7857374699899258,330.1270426836271,296.2472334109591,33.87980927266801,0.4498300814391479,False,0.98640543782487,0.7301587301587301,0.7308102251080135,1.4178597560575843,10.61733166650169,2.2218294927159867,44.653428977063,4.251194481970554,False,0.8968253968253969,9.44542927931364,36.1689159322785,Spiral,4,evaluation,0.05,1.0,2.0,1.0,1.25
SpiralScanPath_4,space-time heat,3.6109129986233175e-06,12.422901570529978,3.4305133895116966,0.1747785923051746,2,487,265,294.93605482697035,0.7806482842943239,0.8011424034358617,330.1270426836271,295.9300077915933,34.1970348920338,0.4333293984125913,False,0.9840063974410236,0.6825396825396826,0.7296055260609376,1.4822921594781462,10.529457145739762,2.0910530103037233,48.05061516564539,10.937169061701004,False,0.9682539682539684,22.870200290670635,37.21440348853403,Spiral,4,evaluation,0.05,1.0,2.0,1.0,1.25
SpiralScanPath_4,physics mean + RBF,3.6109129986233175e-06,0.0,3.4305133895116966,0.1747785923051746,1,242,130,294.93605482697035,0.4153584770790661,0.4076768428900834,330.1270426836271,326.26034143948283,3.8667012441442807,0.5435370985154868,False,0.9840063974410236,0.7142857142857143,0.7127537431500107,1.017950129587657,10.637465338297249,2.2800394011390823,26.866381229143585,2.543914110254416,False,0.8968253968253969,5.800224404493742,20.804121556692927,Spiral,4,evaluation,0.05,1.0,2.0,1.0,1.25
SpiralScanPath_4,physics mean + space-time,3.6109129986233175e-06,12.422901570529978,3.4305133895116966,0.1747785923051746,2,487,265,294.93605482697035,0.4095916048738247,0.4095716463783861,330.1270426836271,325.82748535554646,4.2995573280806525,0.4250838902666172,False,0.9836065573770492,0.6746031746031746,0.7035368955751842,1.0524043320548635,10.51309954409838,2.037510527990271,30.637616331341174,5.9480177743203875,True,0.9285714285714286,12.119148835851052,18.630440827071578,Spiral,4,evaluation,0.05,1.0,2.0,1.0,1.25
SpiralScanPath_4,snapshot RBF,3.6109129986233175e-06,0.0,3.4305133895116966,0.1824470001662968,1,357,249,294.09445732696616,0.8268779039822883,0.8235859823158567,330.1270426836271,295.16278282038434,34.96425986324277,0.4156051924332903,False,0.9676129548180727,0.6772908366533864,0.7390586439100204,1.088750776261057,10.270285774335022,1.7094498800945617,31.09795687649482,4.251194481970554,False,0.9362549800796812,7.267203897463226,23.200716301070926,Spiral,4,evaluation,0.1,1.0,2.0,1.0,1.25
SpiralScanPath_4,space-time heat,3.6109129986233175e-06,12.422901570529978,3.4305133895116966,0.1824470001662968,2,690,474,294.09445732696616,0.8404562762870664,0.8371284670773476,330.1270426836271,294.86088810876174,35.26615457486537,0.4150488596173606,False,0.964814074370252,0.649402390438247,0.740936365862209,1.1483766107664872,10.181423635319986,1.6778538725272962,33.54573371683578,10.937169061701004,False,0.9760956175298804,18.35097146466076,26.930883061424687,Spiral,4,evaluation,0.1,1.0,2.0,1.0,1.25
SpiralScanPath_4,physics mean + RBF,3.6109129986233175e-06,0.0,3.4305133895116966,0.1824470001662968,1,357,249,294.09445732696616,0.4679602070421714,0.4587035969229989,330.1270426836271,326.95274256120985,3.1743001224172644,0.4212467136554381,False,0.9712115153938424,0.7131474103585658,0.7133602558802363,0.8257783267487981,10.265723280223298,1.718257190782848,21.871899865998248,2.543914110254416,False,0.8764940239043825,4.371098712678602,15.47221013210146,Spiral,4,evaluation,0.1,1.0,2.0,1.0,1.25
SpiralScanPath_4,physics mean + space-time,3.6109129986233175e-06,12.422901570529978,3.4305133895116966,0.1824470001662968,2,690,474,294.09445732696616,0.4880170485011825,0.4807422042722448,330.1270426836271,327.01819980956634,3.1088428740607696,0.4155398996359305,False,0.9664134346261496,0.6653386454183267,0.7171340235976644,0.9145539669619596,10.17219146337154,1.6618084481814723,24.130001942097707,5.9480177743203875,True,0.9601593625498008,9.884466187299177,14.85075973964217,Spiral,4,evaluation,0.1,1.0,2.0,1.0,1.25
SpiralScanPath_5,snapshot RBF,3.6109129986233175e-06,0.0,3.4305133895116966,0.1576595047349801,1,142,26,297.10008609259336,0.6726209630513253,0.6767982592753687,326.14461910118706,301.80989099902155,24.334728102165514,1.9071024417644893,False,0.9964014394242304,0.6538461538461539,0.7583975474848966,3.434839541038715,11.324801699591,5.0067720649491845,93.63879973229648,4.251194481970554,False,0.9230769230769232,21.28476177499628,58.13337817312902,Spiral,5,evaluation,0.01,1.0,2.0,1.0,1.25
SpiralScanPath_5,space-time heat,3.6109129986233175e-06,12.422901570529978,3.4305133895116966,0.1576595047349801,2,285,53,297.10008609259336,0.6288612487134381,0.6544924948814391,326.14461910118706,301.16518925355297,24.979429847634098,2.003313930368548,False,0.9972011195521792,0.7307692307692307,0.7430926405881206,3.1856045399453428,11.161471735530776,4.9704363827660725,80.01376269304953,10.937169061701004,True,1.0,54.36250302874214,54.36250302874214,Spiral,5,evaluation,0.01,1.0,2.0,1.0,1.25
SpiralScanPath_5,physics mean + RBF,3.6109129986233175e-06,0.0,3.4305133895116966,0.1576595047349801,1,142,26,297.10008609259336,0.3629755273055891,0.327950476352819,326.14461910118706,334.632121953921,8.48750285273394,2.610083423446662,False,0.9964014394242304,0.6538461538461539,0.7366349136610051,2.2824764568409477,11.398617959205913,9.052351799961931,22.133074273407924,2.543914110254416,True,1.0,23.028405474910116,23.028405474910116,Spiral,5,evaluation,0.01,1.0,2.0,1.0,1.25
SpiralScanPath_5,physics mean + space-time,3.6109129986233175e-06,12.422901570529978,3.4305133895116966,0.1576595047349801,2,285,53,297.10008609259336,0.3958947522924766,0.3301260764048834,326.14461910118706,335.81545028530024,9.670831184113185,2.342612607573024,False,0.995201919232307,0.5769230769230769,0.7352233955124339,2.2755841211098717,11.21764382731285,7.350217057361968,29.10566134580174,5.9480177743203875,True,1.0,43.71922170230187,43.71922170230187,Spiral,5,evaluation,0.01,1.0,2.0,1.0,1.25
SpiralScanPath_5,snapshot RBF,3.6109129986233175e-06,0.0,3.4305133895116966,0.1702227206133784,1,193,79,295.5160834229293,0.7300194064327492,0.7530500099546431,326.14461910118706,298.1113302311496,28.03328887003744,0.7071204521811338,False,0.990403838464614,0.7236842105263158,0.7469682047234015,1.9154462797279743,10.932086251944284,3.181273878736672,54.355448943144054,4.251194481970554,False,0.9473684210526316,13.524213958922402,42.34399619611632,Spiral,5,evaluation,0.03,1.0,2.0,1.0,1.25
SpiralScanPath_5,space-time heat,3.6109129986233175e-06,12.422901570529978,3.4305133895116966,0.1702227206133784,2,394,168,295.5160834229293,0.7216915013377994,0.7665649192593321,326.14461910118706,296.80574806628823,29.33887103489883,0.6198080039610858,False,0.989204318272691,0.6447368421052632,0.7343047323275946,2.0095063839311056,10.793970876801158,2.2085264739738126,65.51012638377169,10.937169061701004,False,0.9605263157894736,24.15502742309399,42.71990308313823,Spiral,5,evaluation,0.03,1.0,2.0,1.0,1.25
SpiralScanPath_5,physics mean + RBF,3.6109129986233175e-06,0.0,3.4305133895116966,0.1702227206133784,1,193,79,295.5160834229293,0.3645258808714635,0.3710399530585808,326.14461910118706,331.88269924794406,5.7380801467569995,0.6670339466751953,False,0.9916033586565374,0.75,0.7175641874308021,1.2641439852243948,10.95220016029627,2.6461163894553317,33.96344854994955,2.543914110254416,False,0.8552631578947368,6.7314928205108835,25.57536158203524,Spiral,5,evaluation,0.03,1.0,2.0,1.0,1.25
SpiralScanPath_5,physics mean + space-time,3.6109129986233175e-06,12.422901570529978,3.4305133895116966,0.1702227206133784,2,394,168,295.5160834229293,0.383274931819934,0.397109634707762,326.14461910118706,333.55803886700545,7.413419765818389,0.4987223049704175,False,0.9880047980807676,0.6052631578947368,0.7141188812084287,1.468080311079681,10.78727959296504,1.9689205108142056,44.410595988455555,5.9480177743203875,False,0.9078947368421052,11.71117419454687,22.53922183029363,Spiral,5,evaluation,0.03,1.0,2.0,1.0,1.25
SpiralScanPath_5,snapshot RBF,3.6109129986233175e-06,0.0,3.4305133895116966,0.1747785923051746,1,252,141,295.1296561052656,0.7623187439845042,0.7863005956100013,326.14461910118706,296.5462564289685,29.59836267221857,0.4715895336463387,False,0.9832067173130749,0.6904761904761905,0.7368407078042345,1.5243657146781144,10.56969190577572,2.0155525393458773,48.20553863516683,4.251194481970554,False,0.8968253968253969,8.568505833388926,36.76874723204971,Spiral,5,evaluation,0.05,1.0,2.0,1.0,1.25
SpiralScanPath_5,space-time heat,3.6109129986233175e-06,12.422901570529978,3.4305133895116966,0.1747785923051746,2,498,276,295.1296561052656,0.7663064002843352,0.794187849492043,326.14461910118706,295.9917646519227,30.15285444926434,0.4223277650182141,False,0.9840063974410236,0.6825396825396826,0.7324965192400573,1.54063312213628,10.50445593672996,1.9696707042625048,50.553901907750785,10.937169061701004,False,0.9603174603174603,21.542621488398694,38.36326837336163,Spiral,5,evaluation,0.05,1.0,2.0,1.0,1.25
SpiralScanPath_5,physics mean + RBF,3.6109129986233175e-06,0.0,3.4305133895116966,0.1747785923051746,1,252,141,295.1296561052656,0.4028762902294008,0.4022094167746412,326.14461910118706,333.9306266522803,7.786007551093235,0.4491960038705603,False,0.9820071971211516,0.6666666666666666,0.7120453553400332,1.0674788108864075,10.584666000054227,2.0134346534061667,30.522411924514508,2.543914110254416,False,0.8571428571428571,5.122004824875159,22.93985385495779,Spiral,5,evaluation,0.05,1.0,2.0,1.0,1.25
SpiralScanPath_5,physics mean + space-time,3.6109129986233175e-06,12.422901570529978,3.4305133895116966,0.1747785923051746,2,498,276,295.1296561052656,0.4106291440197739,0.4114183958583939,326.14461910118706,334.7551936889529,8.610574587765825,0.4596598772304887,False,0.9840063974410236,0.7063492063492064,0.7089499606556053,1.1061212695251583,10.483741416435874,2.012044485803063,32.14047127881174,5.9480177743203875,False,0.9285714285714286,11.96767636427994,19.852068458120335,Spiral,5,evaluation,0.05,1.0,2.0,1.0,1.25
SpiralScanPath_5,snapshot RBF,3.6109129986233175e-06,0.0,3.4305133895116966,0.1824470001662968,1,357,249,294.3670293990939,0.8049864161793323,0.8038972233827352,326.14461910118706,295.19476832039993,30.94985078078713,0.4155281059148042,False,0.9684126349460216,0.6852589641434262,0.7368012527099519,1.0775870116143331,10.248086758588318,1.6616388986673631,31.611093176972705,4.251194481970554,False,0.9322709163346612,7.06395011704232,22.919153949056582,Spiral,5,evaluation,0.1,1.0,2.0,1.0,1.25
SpiralScanPath_5,space-time heat,3.6109129986233175e-06,12.422901570529978,3.4305133895116966,0.1824470001662968,2,693,477,294.3670293990939,0.8099927062716423,0.8092275195833087,326.14461910118706,295.24004810859356,30.904570992593506,0.4155837365459949,False,0.9720111955217912,0.7211155378486056,0.7321852386612003,1.0740103962496852,10.184163255840373,1.6563211935463735,31.962783282019657,10.937169061701004,False,0.9840637450199204,18.11546491429508,26.59016087494555,Spiral,5,evaluation,0.1,1.0,2.0,1.0,1.25
SpiralScanPath_5,physics mean + RBF,3.6109129986233175e-06,0.0,3.4305133895116966,0.1824470001662968,1,357,249,294.3670293990939,0.4615148506098275,0.4560492649140165,326.14461910118706,335.42853968410293,9.283920582915869,0.4128847708737918,False,0.9704118352658936,0.7051792828685259,0.7171492900693655,0.8751117934957268,10.278210416004269,1.6476913255187442,23.282836756439018,2.543914110254416,False,0.8884462151394422,4.191585212330933,16.34228415982192,Spiral,5,evaluation,0.1,1.0,2.0,1.0,1.25
SpiralScanPath_5,physics mean + space-time,3.6109129986233175e-06,12.422901570529978,3.4305133895116966,0.1824470001662968,2,693,477,294.3670293990939,0.4703583761212525,0.4653418693349219,326.14461910118706,335.2469635136128,9.102344412425737,0.4176336528173114,False,0.9712115153938424,0.7131474103585658,0.7088843884042185,0.8687106470996937,10.152376904111916,1.630809132858228,23.5680401844474,5.9480177743203875,False,0.9641434262948207,9.700081708764758,14.726408258820603,Spiral,5,evaluation,0.1,1.0,2.0,1.0,1.25
SpiralScanPath_6,snapshot RBF,3.6109129986233175e-06,0.0,3.4305133895116966,0.1576595047349801,1,138,22,297.3461591129845,0.6585305509197141,0.6437530109172716,332.8537813167321,303.8261543313533,29.027626985378845,1.9099209215772055,False,0.9988004798080768,0.8846153846153846,0.7634374846793924,2.8889972862975264,11.365194431255343,7.194029194970564,71.96728610473285,4.251194481970554,False,0.9615384615384616,30.583217216793916,50.69733526863828,Spiral,6,evaluation,0.01,1.0,2.0,1.0,1.25
SpiralScanPath_6,space-time heat,3.6109129986233175e-06,12.422901570529978,3.4305133895116966,0.1576595047349801,2,279,47,297.3461591129845,0.6688393194650204,0.7028815557241941,332.8537813167321,300.4842753281659,32.36950598856623,0.906034430092164,False,0.996001599360256,0.6153846153846154,0.7483118275889749,3.4668932352685595,11.213735995687989,4.532478190249212,105.6788816040883,10.937169061701004,False,0.9230769230769232,49.57248023522824,78.78030306931724,Spiral,6,evaluation,0.01,1.0,2.0,1.0,1.25
SpiralScanPath_6,physics mean + RBF,3.6109129986233175e-06,0.0,3.4305133895116966,0.1576595047349801,1,138,22,297.3461591129845,0.3228640097539172,0.2902659681928747,332.8537813167321,338.31623570046105,5.462454383728925,2.8025765979391895,False,0.9984006397441024,0.8461538461538461,0.7346155658968756,2.0148994124785733,11.35632217896861,8.166229233818093,18.349800961535177,2.543914110254416,True,1.0,20.774185775481953,20.774185775481953,Spiral,6,evaluation,0.01,1.0,2.0,1.0,1.25
SpiralScanPath_6,physics mean + space-time,3.6109129986233175e-06,12.422901570529978,3.4305133895116966,0.1576595047349801,2,279,47,297.3461591129845,0.3075178225318721,0.2852709637462504,332.8537813167321,337.6672279151031,4.8134465983710015,1.5291506453024153,False,0.9964014394242304,0.6538461538461539,0.7222156719208862,1.9732681584396587,11.182284132438769,5.186470778135264,37.95230711124065,5.9480177743203875,True,1.0,30.849220374341844,30.849220374341844,Spiral,6,evaluation,0.01,1.0,2.0,1.0,1.25
SpiralScanPath_6,snapshot RBF,3.6109129986233175e-06,0.0,3.4305133895116966,0.1702227206133784,1,197,82,295.69040467376334,0.712726143970633,0.7457214799179688,332.8537813167321,297.5297149074211,35.324066409311,0.5182144540306272,False,0.9916033586565374,0.75,0.7421921758786836,1.8324656890907944,10.886254606969583,2.4822881830325043,57.87620499152924,4.251194481970554,False,0.9210526315789472,10.552689826368498,42.52623805562178,Spiral,6,evaluation,0.03,1.0,2.0,1.0,1.25
SpiralScanPath_6,space-time heat,3.6109129986233175e-06,12.422901570529978,3.4305133895116966,0.1702227206133784,2,394,166,295.69040467376334,0.7376998824375647,0.7818683484527044,332.8537813167321,297.2905331213005,35.56324819543164,0.4408330710375166,False,0.9840063974410236,0.5657894736842105,0.7421212974044462,2.1621814117926528,10.75427782256811,1.94481554467266,70.37143147685936,10.937169061701004,False,0.9605263157894736,21.270776405909015,47.02467705235072,Spiral,6,evaluation,0.03,1.0,2.0,1.0,1.25
SpiralScanPath_6,physics mean + RBF,3.6109129986233175e-06,0.0,3.4305133895116966,0.1702227206133784,1,197,82,295.69040467376334,0.4501915660803107,0.4211420269093819,332.8537813167321,340.2863069000918,7.432525583359677,1.5780862712039727,False,0.9856057576969212,0.618421052631579,0.746882310507735,1.7190159748301104,11.0288640112236,4.829964817391431,33.26553207269017,2.543914110254416,False,0.9078947368421052,12.287015650994451,24.06617698895504,Spiral,6,evaluation,0.03,1.0,2.0,1.0,1.25
SpiralScanPath_6,physics mean + space-time,3.6109129986233175e-06,12.422901570529978,3.4305133895116966,0.1702227206133784,2,394,166,295.69040467376334,0.3633483957204134,0.3721955150370477,332.8537813167321,339.22308331228527,6.369301995553144,0.5511463421248384,False,0.9872051179528188,0.5921052631578947,0.7139397429801525,1.3937333024474714,10.773240619051556,1.9871753357743185,41.67375253763659,5.9480177743203875,False,0.9078947368421052,11.819754217876731,20.853142673571863,Spiral,6,evaluation,0.03,1.0,2.0,1.0,1.25
SpiralScanPath_6,snapshot RBF,3.6109129986233175e-06,0.0,3.4305133895116966,0.1747785923051746,1,248,136,295.2987267890606,0.7584112116888292,0.7875759297984185,332.8537813167321,296.39305569590897,36.460725620823155,0.4382187292289582,False,0.980407836865254,0.6349206349206349,0.7401422258949792,1.5535482547974495,10.601782857712932,2.0119262026666744,49.447573464970255,4.251194481970554,False,0.9047619047619048,8.55308957090854,37.77446776050188,Spiral,6,evaluation,0.05,1.0,2.0,1.0,1.25
SpiralScanPath_6,space-time heat,3.6109129986233175e-06,12.422901570529978,3.4305133895116966,0.1747785923051746,2,497,273,295.2987267890606,0.7582881363045508,0.7915477137097255,332.8537813167321,296.1212384832573,36.73254283347484,0.4191028391660198,False,0.982407037185126,0.6587301587301587,0.7306856229928301,1.5679143636842765,10.469463317359027,1.9663778234405376,51.0445012877551,10.937169061701004,False,0.9603174603174603,21.506606694148815,38.86110660788993,Spiral,6,evaluation,0.05,1.0,2.0,1.0,1.25
SpiralScanPath_6,physics mean + RBF,3.6109129986233175e-06,0.0,3.4305133895116966,0.1747785923051746,1,248,136,295.2987267890606,0.3897964009686838,0.3919835968735816,332.8537813167321,340.5702265972309,7.71644528049876,0.430301265889007,False,0.9848060775689724,0.7142857142857143,0.7128943180450148,1.0604943889559024,10.6117233931088,2.0697020000950626,31.32744423076679,2.543914110254416,False,0.8571428571428571,5.265144122063618,24.060160660347037,Spiral,6,evaluation,0.05,1.0,2.0,1.0,1.25
SpiralScanPath_6,physics mean + space-time,3.6109129986233175e-06,12.422901570529978,3.4305133895116966,0.1747785923051746,2,497,273,295.2987267890606,0.3931839681400065,0.3968432851647223,332.8537813167321,340.3509469554562,7.497165638724084,0.4250782841408936,False,0.9840063974410236,0.6904761904761905,0.7045027588383557,1.104734728017711,10.444323094475154,1.9839247684388996,32.14455998251639,5.9480177743203875,False,0.9444444444444444,11.800419785589035,19.510584131347223,Spiral,6,evaluation,0.05,1.0,2.0,1.0,1.25
SpiralScanPath_6,snapshot RBF,3.6109129986233175e-06,0.0,3.4305133895116966,0.1824470001662968,1,358,250,294.59610784953577,0.791240824914454,0.7925901354827379,332.8537813167321,295.5014696743839,37.35231164234824,0.4127728108426196,False,0.9720111955217912,0.7211155378486056,0.7332757789805926,1.0525375341652563,10.245504504551796,1.6976966371204614,31.59456753381302,4.251194481970554,False,0.9322709163346612,7.217238575786472,23.51695156650049,Spiral,6,evaluation,0.1,1.0,2.0,1.0,1.25
SpiralScanPath_6,space-time heat,3.6109129986233175e-06,12.422901570529978,3.4305133895116966,0.1824470001662968,2,694,478,294.59610784953577,0.795284566382583,0.7964978002045197,332.8537813167321,295.3635164633157,37.49026485341642,0.4145160620036295,False,0.9700119952019192,0.701195219123506,0.733004012876711,1.0940654365504765,10.167811446437304,1.6548861216768995,32.804797965985195,10.937169061701004,False,0.9800796812749004,18.099769290642943,27.43527647213952,Spiral,6,evaluation,0.1,1.0,2.0,1.0,1.25
SpiralScanPath_6,physics mean + RBF,3.6109129986233175e-06,0.0,3.4305133895116966,0.1824470001662968,1,358,250,294.59610784953577,0.442133282770567,0.437485502798644,332.8537813167321,341.59142843973166,8.737647122999533,0.425214148246401,False,0.9732107157137144,0.7330677290836654,0.7137981542408485,0.8422957031547207,10.2357363577206,1.7096699422424697,22.90940219068172,2.543914110254416,False,0.8804780876494024,4.34925348994847,16.808100016207145,Spiral,6,evaluation,0.1,1.0,2.0,1.0,1.25
SpiralScanPath_6,physics mean + space-time,3.6109129986233175e-06,12.422901570529978,3.4305133895116966,0.1824470001662968,2,694,478,294.59610784953577,0.4349213777969418,0.4314625387877206,332.8537813167321,341.5305356706043,8.676754353872184,0.4129892695781115,False,0.9660135945621752,0.6653386454183267,0.71131621871994,0.8767633977007832,10.174071839550964,1.6677068754553903,23.43642136868625,5.9480177743203875,False,0.9561752988047808,9.919550137564976,14.881280284654183,Spiral,6,evaluation,0.1,1.0,2.0,1.0,1.25
SpiralScanPath_7,snapshot RBF,3.6109129986233175e-06,0.0,3.4305133895116966,0.1576595047349801,1,141,25,297.59844566233386,0.6626725969305324,0.644934866323277,334.45555342383483,300.98494039419296,33.47061302964187,2.462162993823716,False,0.9968012794882048,0.6923076923076923,0.772106675385817,3.217944256747951,11.318052442341632,5.727137379315112,79.89847091674037,4.251194481970554,False,0.9615384615384616,24.347174824431704,45.988601157156616,Spiral,7,evaluation,0.01,1.0,2.0,1.0,1.25
SpiralScanPath_7,space-time heat,3.6109129986233175e-06,12.422901570529978,3.4305133895116966,0.1576595047349801,2,282,50,297.59844566233386,0.6418392998124445,0.691058624050058,334.45555342383483,300.80860499456395,33.64694842927088,0.8060497306663839,False,0.9948020791683326,0.5384615384615384,0.7482840495047677,3.626708477220866,11.154570900954122,3.759370521720342,108.07138074821476,10.937169061701004,False,0.9615384615384616,41.11687096163049,68.45206396781097,Spiral,7,evaluation,0.01,1.0,2.0,1.0,1.25
SpiralScanPath_7,physics mean + RBF,3.6109129986233175e-06,0.0,3.4305133895116966,0.1576595047349801,1,141,25,297.59844566233386,0.3118022714215404,0.2901424564069079,334.45555342383483,333.21977410079205,1.2357793230427774,2.912008437819285,True,0.9972011195521792,0.7692307692307693,0.7304801906256628,1.980984838860056,11.37039787354954,8.88405016045192,16.72133714704344,2.543914110254416,True,1.0,22.600260559381645,22.600260559381645,Spiral,7,evaluation,0.01,1.0,2.0,1.0,1.25
SpiralScanPath_7,physics mean + space-time,3.6109129986233175e-06,12.422901570529978,3.4305133895116966,0.1576595047349801,2,282,50,297.59844566233386,0.3517606392584067,0.248138846719165,334.45555342383483,332.54521575050387,1.9103376733309576,3.4491320886580716,True,0.9976009596161536,0.8076923076923077,0.7322076166404147,1.717941124258518,11.22492329126847,7.436320685478644,12.90354107169742,5.9480177743203875,True,1.0,44.231367612773354,44.231367612773354,Spiral,7,evaluation,0.01,1.0,2.0,1.0,1.25
SpiralScanPath_7,snapshot RBF,3.6109129986233175e-06,0.0,3.4305133895116966,0.1702227206133784,1,196,81,295.8140795498944,0.6963812622886397,0.7347482519819372,334.45555342383483,298.3828615100537,36.072691913781114,0.6655232234951137,False,0.989204318272691,0.6842105263157895,0.7497177570690485,1.983947408525396,10.917341663815964,2.272119941773935,63.15302360344383,4.251194481970554,False,0.868421052631579,9.659223758844606,48.05802697487493,Spiral,7,evaluation,0.03,1.0,2.0,1.0,1.25
SpiralScanPath_7,space-time heat,3.6109129986233175e-06,12.422901570529978,3.4305133895116966,0.1702227206133784,2,397,169,295.8140795498944,0.6972907026168544,0.7578580252896444,334.45555342383483,296.51848309353466,37.93707033030017,0.4472687594059784,False,0.9880047980807676,0.6052631578947368,0.7361003588463015,2.1431142688658618,10.76494952796352,1.927355175982532,72.14555574616402,10.937169061701004,False,0.9342105263157896,21.079809401665447,42.491430123093984,Spiral,7,evaluation,0.03,1.0,2.0,1.0,1.25
SpiralScanPath_7,physics mean + RBF,3.6109129986233175e-06,0.0,3.4305133895116966,0.1702227206133784,1,196,81,295.8140795498944,0.3871458461350612,0.3498484085416355,334.45555342383483,332.49743427634473,1.9581191474900947,0.7880884820215014,False,0.98640543782487,0.6578947368421053,0.7348529861380986,1.3992805508812978,10.97281492307313,3.4464803165385556,28.61981940046317,2.543914110254416,True,0.9342105263157896,8.767549907956534,19.407388067320905,Spiral,7,evaluation,0.03,1.0,2.0,1.0,1.25
SpiralScanPath_7,physics mean + space-time,3.6109129986233175e-06,12.422901570529978,3.4305133895116966,0.1702227206133784,2,397,169,295.8140795498944,0.3634254683302759,0.3790195722433447,334.45555342383483,332.576280706219,1.8792727176158337,0.4568400507301066,False,0.9876049580167932,0.631578947368421,0.7126957920141926,1.4139736828856024,10.76060934304368,1.9748041176193267,42.87409592212083,5.9480177743203875,True,0.8947368421052632,11.746169992400842,22.571990191255782,Spiral,7,evaluation,0.03,1.0,2.0,1.0,1.25
SpiralScanPath_7,snapshot RBF,3.6109129986233175e-06,0.0,3.4305133895116966,0.1747785923051746,1,250,138,295.4402968229369,0.7116472964114645,0.7472773416690864,334.45555342383483,296.4736032688209,37.98195015501392,0.4612471079414647,False,0.984406237504998,0.7142857142857143,0.7326662352740486,1.4690931633357815,10.587191698051134,2.128715766387076,47.10464916866038,4.251194481970554,False,0.8968253968253969,9.049584719748458,35.243845016300895,Spiral,7,evaluation,0.05,1.0,2.0,1.0,1.25
SpiralScanPath_7,space-time heat,3.6109129986233175e-06,12.422901570529978,3.4305133895116966,0.1747785923051746,2,503,281,295.4402968229369,0.7143407796589416,0.7528353635199517,334.45555342383483,296.2730581476107,38.18249527622413,0.4438183183856995,False,0.9836065573770492,0.6825396825396826,0.7266442954345818,1.5131818880559684,10.463680517207113,2.0238376010375494,49.063565315992314,10.937169061701004,False,0.9523809523809524,22.13505399597507,36.345945528299,Spiral,7,evaluation,0.05,1.0,2.0,1.0,1.25
SpiralScanPath_7,physics mean + RBF,3.6109129986233175e-06,0.0,3.4305133895116966,0.1747785923051746,1,250,138,295.4402968229369,0.369572732530048,0.3604541820136635,334.45555342383483,333.58638290335153,0.8691705204832942,0.4909404166206101,True,0.9868052778888444,0.7936507936507936,0.711422160082803,0.9370864686605892,10.603496714284251,2.5448309083399594,24.093643572427393,2.543914110254416,True,0.9047619047619048,6.473831255937584,19.293661008595613,Spiral,7,evaluation,0.05,1.0,2.0,1.0,1.25
SpiralScanPath_7,physics mean + space-time,3.6109129986233175e-06,12.422901570529978,3.4305133895116966,0.1747785923051746,2,503,281,295.4402968229369,0.3860101542862859,0.3903103112954411,334.45555342383483,333.24005005546235,1.215503368372481,0.419581192282979,False,0.982407037185126,0.6825396825396826,0.7069729077009185,1.0818533678717643,10.457802142326134,1.997302721102137,31.189659712695125,5.9480177743203875,True,0.9365079365079364,11.879992085813988,19.989207492250426,Spiral,7,evaluation,0.05,1.0,2.0,1.0,1.25
SpiralScanPath_7,snapshot RBF,3.6109129986233175e-06,0.0,3.4305133895116966,0.1824470001662968,1,356,248,294.79965655557436,0.7458193837724979,0.7469725445028271,334.45555342383483,295.6615348197087,38.79401860412611,0.4286101918102115,False,0.973610555777689,0.7370517928286853,0.7319928146488063,1.0043424566052594,10.236483612305856,1.7522492392322455,30.094690365422696,4.251194481970554,False,0.9362549800796812,7.4491522968612225,22.984907037545337,Spiral,7,evaluation,0.1,1.0,2.0,1.0,1.25
SpiralScanPath_7,space-time heat,3.6109129986233175e-06,12.422901570529978,3.4305133895116966,0.1824470001662968,2,696,480,294.79965655557436,0.7616860547568325,0.7641514755842207,334.45555342383483,295.4058554606925,39.04969796314231,0.4121561686456048,False,0.968812475009996,0.6892430278884463,0.7339527683379109,1.0907272302011186,10.183565550509178,1.681072855236287,32.8491899142004,10.937169061701004,False,0.9760956175298804,18.386178022755686,26.410928563577535,Spiral,7,evaluation,0.1,1.0,2.0,1.0,1.25
SpiralScanPath_7,physics mean + RBF,3.6109129986233175e-06,0.0,3.4305133895116966,0.1824470001662968,1,356,248,294.79965655557436,0.4086223581775932,0.402334717099186,334.45555342383483,334.98721779885955,0.5316643750247181,0.4574759489551218,True,0.9740103958416634,0.749003984063745,0.706702550449823,0.7481186171249951,10.25403670383531,1.7966580345833931,20.304994548248093,2.543914110254416,True,0.8844621513944223,4.570543725478659,15.20109826279148,Spiral,7,evaluation,0.1,1.0,2.0,1.0,1.25
SpiralScanPath_7,physics mean + space-time,3.6109129986233175e-06,12.422901570529978,3.4305133895116966,0.1824470001662968,2,696,480,294.79965655557436,0.424671796442232,0.4207681873015177,334.45555342383483,334.62844726677423,0.172893842939402,0.410725275078562,True,0.9712115153938424,0.7131474103585658,0.7039944611981157,0.8060609260724387,10.144143396642503,1.683887148889172,22.012727862672904,5.9480177743203875,True,0.9561752988047808,10.015790691542476,15.02486660420446,Spiral,7,evaluation,0.1,1.0,2.0,1.0,1.25
SpiralScanPath_8,snapshot RBF,3.6109129986233175e-06,0.0,3.4305133895116966,0.1576595047349801,1,141,25,297.68308585958073,0.651589996032735,0.6465698035777475,332.0671634791022,301.673406916165,30.3937565629372,1.6269129213850262,False,0.9968012794882048,0.6923076923076923,0.7707445166564564,3.2814296072304994,11.312844719652109,5.4969230744613835,86.93835203100296,4.251194481970554,False,0.9230769230769232,23.368489041966846,58.768830545714806,Spiral,8,evaluation,0.01,1.0,2.0,1.0,1.25
SpiralScanPath_8,space-time heat,3.6109129986233175e-06,12.422901570529978,3.4305133895116966,0.1576595047349801,2,283,51,297.68308585958073,0.6309577882767218,0.6736837042180077,332.0671634791022,300.7953075330063,31.27185594609591,0.8605992123687837,False,0.9964014394242304,0.6538461538461539,0.7560772770181123,3.6355223151877474,11.17345958281252,3.817548530581566,110.6028037990655,10.937169061701004,False,0.9615384615384616,41.75317368021884,60.06509497657775,Spiral,8,evaluation,0.01,1.0,2.0,1.0,1.25
SpiralScanPath_8,physics mean + RBF,3.6109129986233175e-06,0.0,3.4305133895116966,0.1576595047349801,1,141,25,297.68308585958073,0.305383393403504,0.2812420493428111,332.0671634791022,326.8941079929495,5.173055486152691,4.541134283160404,True,0.9976009596161536,0.7692307692307693,0.7326984236777222,1.9534751312502912,11.403197705739776,8.852399523964795,15.55679860742171,2.543914110254416,True,1.0,22.51974405862351,22.51974405862351,Spiral,8,evaluation,0.01,1.0,2.0,1.0,1.25
SpiralScanPath_8,physics mean + space-time,3.6109129986233175e-06,12.422901570529978,3.4305133895116966,0.1576595047349801,2,283,51,297.68308585958073,0.348117149453911,0.2925279603932574,332.0671634791022,325.3238577896222,6.743305689479996,2.0705448032464595,False,0.9956017592962816,0.6538461538461539,0.7327890688373738,2.1099406487922563,11.23749129654598,6.148705934796341,27.866519319164137,5.9480177743203875,True,1.0,36.572612189237894,36.572612189237894,Spiral,8,evaluation,0.01,1.0,2.0,1.0,1.25
SpiralScanPath_8,snapshot RBF,3.6109129986233175e-06,0.0,3.4305133895116966,0.1702227206133784,1,193,81,295.9806504909343,0.6792260028889513,0.7116342602682957,332.0671634791022,298.2878943393615,33.77926913974068,0.6308650396879022,False,0.9900039984006398,0.7236842105263158,0.7554907971613624,1.9493607272864548,10.99262236044403,3.6086546488191087,58.99022544755735,4.251194481970554,False,0.9210526315789472,15.341092730397188,44.94116560520942,Spiral,8,evaluation,0.03,1.0,2.0,1.0,1.25
SpiralScanPath_8,space-time heat,3.6109129986233175e-06,12.422901570529978,3.4305133895116966,0.1702227206133784,2,387,162,295.9806504909343,0.6894493698862683,0.7537286606608522,332.0671634791022,296.8426295933006,35.22453388580158,0.4304826122506589,False,0.9860055977608956,0.5394736842105263,0.7397136215758172,2.1788054222037454,10.796812294073002,2.0140940145986703,73.68177365009045,10.937169061701004,False,0.9210526315789472,22.02848674382575,45.65285361589214,Spiral,8,evaluation,0.03,1.0,2.0,1.0,1.25
SpiralScanPath_8,physics mean + RBF,3.6109129986233175e-06,0.0,3.4305133895116966,0.1702227206133784,1,193,81,295.9806504909343,0.4349376497178961,0.3598137981004878,332.0671634791022,329.74184845517186,2.3253150239303295,1.605214682764103,True,0.9900039984006398,0.8157894736842105,0.7498786175880234,1.395804999921284,11.068449379050582,4.956582525664148,20.740321289643372,2.543914110254416,True,0.9473684210526316,12.6091202256775,17.242481165738432,Spiral,8,evaluation,0.03,1.0,2.0,1.0,1.25
SpiralScanPath_8,physics mean + space-time,3.6109129986233175e-06,12.422901570529978,3.4305133895116966,0.1702227206133784,2,387,162,295.9806504909343,0.3416133048576064,0.3651416196776175,332.0671634791022,328.13901483253693,3.928148646565262,0.4387232547403474,False,0.9856057576969212,0.5657894736842105,0.7148605653076223,1.3891240286608575,10.790719207096904,2.059916568404135,41.55885865796227,5.9480177743203875,True,0.9342105263157896,12.252420362484854,19.747348854935748,Spiral,8,evaluation,0.03,1.0,2.0,1.0,1.25
SpiralScanPath_8,snapshot RBF,3.6109129986233175e-06,0.0,3.4305133895116966,0.1747785923051746,1,239,127,295.58092925437404,0.7118712410988935,0.7505756801051122,332.0671634791022,296.6113690558544,35.45579442324777,0.4212337626171153,False,0.9836065573770492,0.6904761904761905,0.7423612203021785,1.5818081389102534,10.609184477836244,2.0963992735778807,51.003691991717304,4.251194481970554,False,0.873015873015873,8.912201023841366,37.50026826202715,Spiral,8,evaluation,0.05,1.0,2.0,1.0,1.25
SpiralScanPath_8,space-time heat,3.6109129986233175e-06,12.422901570529978,3.4305133895116966,0.1747785923051746,2,485,262,295.58092925437404,0.6953783016513063,0.7395302468951369,332.0671634791022,296.54954134905535,35.517622130046846,0.4248564712399192,False,0.9816073570571772,0.6428571428571429,0.732432028076971,1.556210251653119,10.522430612121216,2.0935215458589,50.16529224850091,10.937169061701004,False,0.9603174603174603,22.89719908137242,39.24178716960705,Spiral,8,evaluation,0.05,1.0,2.0,1.0,1.25
SpiralScanPath_8,physics mean + RBF,3.6109129986233175e-06,0.0,3.4305133895116966,0.1747785923051746,1,239,127,295.58092925437404,0.3785337334969314,0.36431837718554,332.0671634791022,328.7690386200675,3.298124859034715,0.5199168689475898,False,0.9820071971211516,0.7063492063492064,0.7217195348969209,1.0529329556669274,10.644643474052849,2.46829888650716,25.623502546830103,2.543914110254416,True,0.9047619047619048,6.279140365710826,19.3084151544518,Spiral,8,evaluation,0.05,1.0,2.0,1.0,1.25
SpiralScanPath_8,physics mean + space-time,3.6109129986233175e-06,12.422901570529978,3.4305133895116966,0.1747785923051746,2,485,262,295.58092925437404,0.3753223331549471,0.3901528313788378,332.0671634791022,328.8876541449739,3.1795093341282836,0.4325956862719345,False,0.9820071971211516,0.6507936507936508,0.7079590403226268,1.1326804379112616,10.53283154301578,2.039763268548986,33.23245362467656,5.9480177743203875,True,0.9285714285714286,12.132548176735217,19.768062769563343,Spiral,8,evaluation,0.05,1.0,2.0,1.0,1.25
SpiralScanPath_8,snapshot RBF,3.6109129986233175e-06,0.0,3.4305133895116966,0.1824470001662968,1,349,239,294.97329628570947,0.7270329054997352,0.7326195827672318,332.0671634791022,295.96098046807026,36.10618301103193,0.4152281543942751,False,0.9740103958416634,0.7410358565737052,0.7304279086429842,1.0046189849276164,10.256435605373998,1.7806649883464245,30.381367583399463,4.251194481970554,False,0.9322709163346612,7.569953172696479,23.67043409924567,Spiral,8,evaluation,0.1,1.0,2.0,1.0,1.25
SpiralScanPath_8,space-time heat,3.6109129986233175e-06,12.422901570529978,3.4305133895116966,0.1824470001662968,2,690,471,294.97329628570947,0.7348511722713775,0.7411242838175658,332.0671634791022,295.7474344264388,36.31972905266338,0.4116971572383879,False,0.9744102359056376,0.7450199203187251,0.7268808215884696,1.0346753616808049,10.157279882481529,1.7442748193716902,31.361854512941783,10.937169061701004,False,0.9760956175298804,19.07742858953615,26.989069774810854,Spiral,8,evaluation,0.1,1.0,2.0,1.0,1.25
SpiralScanPath_8,physics mean + RBF,3.6109129986233175e-06,0.0,3.4305133895116966,0.1824470001662968,1,349,239,294.97329628570947,0.4051841075179105,0.4049176326871288,332.0671634791022,329.4637769665303,2.6033865125718876,0.4387167668126199,False,0.973610555777689,0.7370517928286853,0.7077878533177282,0.7819190154190881,10.303857103270367,1.78221782036138,21.134078737545774,2.543914110254416,False,0.8725099601593626,4.533809060764181,15.557017651488716,Spiral,8,evaluation,0.1,1.0,2.0,1.0,1.25
SpiralScanPath_8,physics mean + space-time,3.6109129986233175e-06,12.422901570529978,3.4305133895116966,0.1824470001662968,2,690,471,294.97329628570947,0.4039070551534038,0.403762809181356,332.0671634791022,329.25163198354824,2.815531495553955,0.4175941624264048,False,0.9760095961615354,0.7609561752988048,0.7009839625119878,0.770562144263757,10.157339503929729,1.7440897910102904,20.97587857368875,5.9480177743203875,True,0.9681274900398408,10.37387707693994,14.647865959704472,Spiral,8,evaluation,0.1,1.0,2.0,1.0,1.25
SpiralScanPath_9,snapshot RBF,3.6109129986233175e-06,0.0,3.4305133895116966,0.1576595047349801,1,145,29,297.8258577665583,0.6605282432357583,0.6560771344440656,329.66153916113313,301.628782299805,28.032756861328153,1.1614632394961877,False,0.9956017592962816,0.6538461538461539,0.7773577263402921,3.5701884390548577,11.27925271208716,4.431320911126055,101.23650541991636,4.251194481970554,False,0.8846153846153846,18.83840700521981,66.8760841003066,Spiral,9,evaluation,0.01,1.0,2.0,1.0,1.25
SpiralScanPath_9,space-time heat,3.6109129986233175e-06,12.422901570529978,3.4305133895116966,0.1576595047349801,2,285,53,297.8258577665583,0.6489213196786785,0.6873252566670948,329.66153916113313,302.82898029365913,26.83255886747401,0.576560690331898,False,0.9908036785285884,0.3846153846153846,0.7660057280007767,3.9934832338718778,11.15704865573101,3.208027971190813,124.69992340571667,10.937169061701004,False,0.9615384615384616,35.0867442755796,64.80153638381526,Spiral,9,evaluation,0.01,1.0,2.0,1.0,1.25
SpiralScanPath_9,physics mean + RBF,3.6109129986233175e-06,0.0,3.4305133895116966,0.1576595047349801,1,145,29,297.8258577665583,0.3428368474028598,0.2926425435763841,329.66153916113313,329.37567962985224,0.2858595312808916,2.846759155561402,True,0.9944022391043582,0.6538461538461539,0.7406648377720655,2.0998525273574695,11.388419237568048,8.238836892609543,21.57515221533042,2.543914110254416,True,1.0,20.958893423194063,20.958893423194063,Spiral,9,evaluation,0.01,1.0,2.0,1.0,1.25
SpiralScanPath_9,physics mean + space-time,3.6109129986233175e-06,12.422901570529978,3.4305133895116966,0.1576595047349801,2,285,53,297.8258577665583,0.2995012062229996,0.248716736669218,329.66153916113313,328.9229008323678,0.7386383287653189,1.8982982300992648,True,0.9956017592962816,0.6923076923076923,0.7259261073000932,1.7129949514211835,11.201415810523851,6.496871608187233,25.886246178943907,5.9480177743203875,True,1.0,38.64350780297514,38.64350780297514,Spiral,9,evaluation,0.01,1.0,2.0,1.0,1.25
SpiralScanPath_9,snapshot RBF,3.6109129986233175e-06,0.0,3.4305133895116966,0.1702227206133784,1,199,84,296.12811830237854,0.6723169465139087,0.7046382117103747,329.66153916113313,298.91061363609566,30.750925525037474,0.9572677656693096,False,0.991203518592563,0.7631578947368421,0.7545444878221136,1.9268767177686132,10.96197755601005,2.932026532736918,56.340840927514115,4.251194481970554,False,0.9078947368421052,12.46461501696244,42.37954473308515,Spiral,9,evaluation,0.03,1.0,2.0,1.0,1.25
SpiralScanPath_9,space-time heat,3.6109129986233175e-06,12.422901570529978,3.4305133895116966,0.1702227206133784,2,389,160,296.12811830237854,0.6736531494485171,0.7369640286447402,329.66153916113313,297.24628136296684,32.415257798166294,0.428668353059666,False,0.9888044782087164,0.631578947368421,0.7393317287700695,2.1009121228886807,10.757650769528926,1.8811258277670184,71.69601461916258,10.937169061701004,False,0.9473684210526316,20.574191204620128,44.57109378244572,Spiral,9,evaluation,0.03,1.0,2.0,1.0,1.25
SpiralScanPath_9,physics mean + RBF,3.6109129986233175e-06,0.0,3.4305133895116966,0.1702227206133784,1,199,84,296.12811830237854,0.369316287297829,0.3213297389775957,329.66153916113313,329.13421490201324,0.5273242591198937,2.3392514058480116,True,0.9888044782087164,0.7236842105263158,0.7388513035910729,1.304513413979746,11.02368860794949,4.60638919600329,14.94716641634244,2.543914110254416,True,0.9736842105263158,11.71825847303626,12.689132524241918,Spiral,9,evaluation,0.03,1.0,2.0,1.0,1.25
SpiralScanPath_9,physics mean + space-time,3.6109129986233175e-06,12.422901570529978,3.4305133895116966,0.1702227206133784,2,389,160,296.12811830237854,0.3273463009336355,0.347786960490958,329.66153916113313,328.9359566382084,0.7255825229247534,0.5015429163909413,False,0.98640543782487,0.618421052631579,0.7138660564024467,1.3504700524100253,10.782897591199232,2.0116204728896703,39.05657857635678,5.9480177743203875,True,0.9210526315789472,11.965154327934542,17.31924987301428,Spiral,9,evaluation,0.03,1.0,2.0,1.0,1.25
SpiralScanPath_9,snapshot RBF,3.6109129986233175e-06,0.0,3.4305133895116966,0.1747785923051746,1,251,138,295.70125451904045,0.6821382528329035,0.7249985120042706,329.66153916113313,296.5433553234515,33.11818383768161,0.428894451812141,False,0.9816073570571772,0.6507936507936508,0.7386706038764745,1.5352737891230013,10.589681072472835,1.863776928242064,49.19785849249347,4.251194481970554,False,0.8968253968253969,7.92327819296669,35.800145798916994,Spiral,9,evaluation,0.05,1.0,2.0,1.0,1.25
SpiralScanPath_9,space-time heat,3.6109129986233175e-06,12.422901570529978,3.4305133895116966,0.1747785923051746,2,494,270,295.70125451904045,0.6865162854784639,0.7338859727110354,329.66153916113313,296.39315384323976,33.268385317893376,0.4244302908990149,False,0.982407037185126,0.6587301587301587,0.7311475938326032,1.5639156153983729,10.49903224441984,1.844463862320306,51.192486521695834,10.937169061701004,False,0.9682539682539684,20.17321309039519,35.975511022729236,Spiral,9,evaluation,0.05,1.0,2.0,1.0,1.25
SpiralScanPath_9,physics mean + RBF,3.6109129986233175e-06,0.0,3.4305133895116966,0.1747785923051746,1,251,138,295.70125451904045,0.3690074740542846,0.3612950668931454,329.66153916113313,329.5158465315381,0.1456926295950324,0.6310748481488166,False,0.9812075169932029,0.7142857142857143,0.7150511938075214,0.9970511792973106,10.576799277124929,2.070538315428262,26.954267395670364,2.543914110254416,False,0.8809523809523809,5.2672716364403644,20.619457120452353,Spiral,9,evaluation,0.05,1.0,2.0,1.0,1.25
SpiralScanPath_9,physics mean + space-time,3.6109129986233175e-06,12.422901570529978,3.4305133895116966,0.1747785923051746,2,494,270,295.70125451904045,0.3743313010898199,0.3855978919542508,329.66153916113313,329.2415556489755,0.4199835121576143,0.444901150816372,False,0.982407037185126,0.6825396825396826,0.7068496837311476,1.0903062495574638,10.478975524686971,1.9150461218982513,31.84076394891916,5.9480177743203875,False,0.9285714285714286,11.390728371694127,19.229501598663248,Spiral,9,evaluation,0.05,1.0,2.0,1.0,1.25
SpiralScanPath_9,snapshot RBF,3.6109129986233175e-06,0.0,3.4305133895116966,0.1824470001662968,1,347,238,295.12575194461346,0.7150290584154637,0.7212098384789464,329.66153916113313,295.91864667194716,33.74289248918598,0.4219661239531629,False,0.974810075969612,0.749003984063745,0.7310819019952931,1.0209183573869918,10.247241136850626,1.7358328589911427,31.039860002873706,4.251194481970554,False,0.9282868525896414,7.379363071766317,23.360467732257415,Spiral,9,evaluation,0.1,1.0,2.0,1.0,1.25
SpiralScanPath_9,space-time heat,3.6109129986233175e-06,12.422901570529978,3.4305133895116966,0.1824470001662968,2,687,469,295.12575194461346,0.7157624289522901,0.721535181394577,329.66153916113313,296.0361158541019,33.62542330703121,0.4105368843169362,False,0.975609756097561,0.7569721115537849,0.7253527694027139,1.007608856981545,10.155343325834696,1.725914252102509,30.801832163339657,10.937169061701004,False,0.9800796812749004,18.876615961244383,27.306210624899787,Spiral,9,evaluation,0.1,1.0,2.0,1.0,1.25
SpiralScanPath_9,physics mean + RBF,3.6109129986233175e-06,0.0,3.4305133895116966,0.1824470001662968,1,347,238,295.12575194461346,0.4054335942878979,0.4041037396773475,329.66153916113313,329.7262970924682,0.0647579313350661,0.4414645557610581,False,0.9768092762894842,0.7689243027888446,0.7062890283477599,0.786512748522017,10.2620574440689,1.7653678238597494,21.58206941794602,2.543914110254416,False,0.8725099601593626,4.490944116905949,16.060736434934594,Spiral,9,evaluation,0.1,1.0,2.0,1.0,1.25
SpiralScanPath_9,physics mean + space-time,3.6109129986233175e-06,12.422901570529978,3.4305133895116966,0.1824470001662968,2,687,469,295.12575194461346,0.4074127632714962,0.4070008585200939,329.66153916113313,329.9224889379781,0.2609497768449387,0.4182148862449857,False,0.9740103958416634,0.7410358565737052,0.7007811848033948,0.7879792547190125,10.128044107430048,1.7151114737405004,21.88265543330724,5.9480177743203875,False,0.952191235059761,10.201513530749333,15.373084626362107,Spiral,9,evaluation,0.1,1.0,2.0,1.0,1.25
SpiralScanPath_10,snapshot RBF,3.6109129986233175e-06,0.0,3.4305133895116966,0.1576595047349801,1,142,26,297.8860301159595,0.6591397626408552,0.6588045073761944,327.4312034644041,303.84270038248405,23.588503081920067,1.4829440199665258,False,0.9964014394242304,0.7307692307692307,0.7787622782738315,3.3924209967954377,11.324281389729684,6.044057566600871,94.13493405450036,4.251194481970554,False,0.9230769230769232,25.694464175845994,72.17127072993812,Spiral,10,evaluation,0.01,1.0,2.0,1.0,1.25
SpiralScanPath_10,space-time heat,3.6109129986233175e-06,12.422901570529978,3.4305133895116966,0.1576595047349801,2,283,51,297.8860301159595,0.6105755411045689,0.6458613148312858,327.4312034644041,302.1079096417408,25.323293822663345,1.5014499049538714,False,0.995201919232307,0.6923076923076923,0.7570807356332878,3.4442623198906928,11.151839839820004,4.289327750385278,99.17419365066743,10.937169061701004,True,0.9615384615384616,46.91310276700943,52.70216890160336,Spiral,10,evaluation,0.01,1.0,2.0,1.0,1.25
SpiralScanPath_10,physics mean + RBF,3.6109129986233175e-06,0.0,3.4305133895116966,0.1576595047349801,1,142,26,297.8860301159595,0.3076740691515564,0.2851170068278381,327.4312034644041,335.10784378122133,7.676640316817213,2.3102138538792114,False,0.9968012794882048,0.6923076923076923,0.7347580998840456,2.008875597041926,11.358136309028126,8.333768869189214,22.70730786270024,2.543914110254416,True,1.0,21.20039221792943,21.20039221792943,Spiral,10,evaluation,0.01,1.0,2.0,1.0,1.25
SpiralScanPath_10,physics mean + space-time,3.6109129986233175e-06,12.422901570529978,3.4305133895116966,0.1576595047349801,2,283,51,297.8860301159595,0.367419645270392,0.2996633019354897,327.4312034644041,333.9799151357138,6.548711671309661,1.7659146364958411,False,0.995201919232307,0.5769230769230769,0.7397005269488383,2.294321309663285,11.218490084236656,7.336071304529403,31.640651486679417,5.9480177743203875,True,1.0,43.63508251302265,43.63508251302265,Spiral,10,evaluation,0.01,1.0,2.0,1.0,1.25
SpiralScanPath_10,snapshot RBF,3.6109129986233175e-06,0.0,3.4305133895116966,0.1702227206133784,1,188,73,296.24464913741537,0.6631531200138756,0.6940160878192492,327.4312034644041,298.808554671102,28.62264879330212,0.7647976515524184,False,0.9924030387844862,0.7763157894736842,0.7559743098203872,1.8866095152684967,11.013136585528718,3.1893528401489792,57.24125029513198,4.251194481970554,False,0.8947368421052632,13.558559195098452,46.49473497257664,Spiral,10,evaluation,0.03,1.0,2.0,1.0,1.25
SpiralScanPath_10,space-time heat,3.6109129986233175e-06,12.422901570529978,3.4305133895116966,0.1702227206133784,2,378,148,296.24464913741537,0.6525701518117933,0.7159643614170947,327.4312034644041,297.9064203926391,29.524783071765,0.4790465808797762,False,0.989204318272691,0.6578947368421053,0.7410750866614485,2.0175527729079543,10.80485251754153,2.1381641383088597,66.97878197951043,10.937169061701004,False,0.9605263157894736,23.38546266235025,43.41782350112407,Spiral,10,evaluation,0.03,1.0,2.0,1.0,1.25
SpiralScanPath_10,physics mean + RBF,3.6109129986233175e-06,0.0,3.4305133895116966,0.1702227206133784,1,188,73,296.24464913741537,0.3263552141901377,0.3468466444086517,327.4312034644041,334.97497651687456,7.543773052470442,0.611624416204565,False,0.991203518592563,0.7105263157894737,0.7221791089865133,1.2994836957361604,10.996484069214084,2.7232752742407245,33.46184777703686,2.543914110254416,False,0.868421052631579,6.927778396247947,25.83115399740571,Spiral,10,evaluation,0.03,1.0,2.0,1.0,1.25
SpiralScanPath_10,physics mean + space-time,3.6109129986233175e-06,12.422901570529978,3.4305133895116966,0.1702227206133784,2,378,148,296.24464913741537,0.3375028368229422,0.3458469907618576,327.4312034644041,333.7161566536225,6.284953189218356,0.6894659409559409,False,0.9900039984006398,0.6973684210526315,0.718875500180678,1.349780062967484,10.84554054103871,2.745221507265804,34.65904529865491,5.9480177743203875,False,0.9473684210526316,16.32862631966361,19.97569278352608,Spiral,10,evaluation,0.03,1.0,2.0,1.0,1.25
SpiralScanPath_10,snapshot RBF,3.6109129986233175e-06,0.0,3.4305133895116966,0.1747785923051746,1,243,131,295.79803656348935,0.6834290304386395,0.7274117679354386,327.4312034644041,296.727815517727,30.70338794667714,0.4270827509761732,False,0.9840063974410236,0.6904761904761905,0.7404955003851753,1.5110360930417006,10.626757273545405,2.1150348936915937,47.85272045075444,4.251194481970554,False,0.9126984126984128,8.99142466923688,36.64079353276081,Spiral,10,evaluation,0.05,1.0,2.0,1.0,1.25
SpiralScanPath_10,space-time heat,3.6109129986233175e-06,12.422901570529978,3.4305133895116966,0.1747785923051746,2,484,260,295.79803656348935,0.6752822086946711,0.7238052127104567,327.4312034644041,297.0313907515581,30.39981271284603,0.4975626289505406,False,0.9856057576969212,0.7301587301587301,0.7308204278023519,1.481196844533336,10.515428237887294,2.0505721355347677,47.33545296340779,10.937169061701004,False,0.9761904761904762,22.427454119557023,35.727840707865106,Spiral,10,evaluation,0.05,1.0,2.0,1.0,1.25
SpiralScanPath_10,physics mean + RBF,3.6109129986233175e-06,0.0,3.4305133895116966,0.1747785923051746,1,243,131,295.79803656348935,0.3688046718682917,0.3698927245095571,327.4312034644041,334.31030755062034,6.879104086216216,0.5027847510726654,False,0.9828068772491004,0.7063492063492064,0.7229754799445336,1.080056125440222,10.61100150810882,2.1176319433114714,30.61011771688694,2.543914110254416,False,0.8492063492063492,5.387073780915532,22.221134589459226,Spiral,10,evaluation,0.05,1.0,2.0,1.0,1.25
SpiralScanPath_10,physics mean + space-time,3.6109129986233175e-06,12.422901570529978,3.4305133895116966,0.1747785923051746,2,484,260,295.79803656348935,0.3648282761271805,0.3798416820387302,327.4312034644041,334.46133375189754,7.030130287493421,0.4242262984144805,False,0.982407037185126,0.6746031746031746,0.7101587795360969,1.0969297908224889,10.526348502325918,1.968736378679081,32.61331786897051,5.9480177743203875,False,0.9285714285714286,11.710078973334332,20.08801342172239,Spiral,10,evaluation,0.05,1.0,2.0,1.0,1.25
SpiralScanPath_10,snapshot RBF,3.6109129986233175e-06,0.0,3.4305133895116966,0.1824470001662968,1,336,227,295.2606788791407,0.7070915620140372,0.7150989441530099,327.4312034644041,296.2661130674227,31.16509039698144,0.4108140200506412,False,0.9744102359056376,0.7450199203187251,0.7325571465824124,1.0282720834511716,10.282468156532923,1.834463792053159,30.898641843669783,4.251194481970554,False,0.9402390438247012,7.798662350151168,23.90071805507099,Spiral,10,evaluation,0.1,1.0,2.0,1.0,1.25
SpiralScanPath_10,space-time heat,3.6109129986233175e-06,12.422901570529978,3.4305133895116966,0.1824470001662968,2,679,462,295.2606788791407,0.7118832537433002,0.7201009478764384,327.4312034644041,295.9201357357904,31.51106772861374,0.4081888464968343,False,0.97281087564974,0.7290836653386454,0.72904100706953,1.0311721541380503,10.21418271855032,1.8159159457931149,31.172950335346393,10.937169061701004,False,0.9800796812749004,19.86097970097797,28.87421598399653,Spiral,10,evaluation,0.1,1.0,2.0,1.0,1.25
SpiralScanPath_10,physics mean + RBF,3.6109129986233175e-06,0.0,3.4305133895116966,0.1824470001662968,1,336,227,295.2606788791407,0.3903092555952511,0.3895106998757461,327.4312034644041,335.36965060305914,7.938447138655022,0.4308418837680032,False,0.9792083166733306,0.7928286852589641,0.7054104696840036,0.7479043617393235,10.305106283859342,1.9063632905387131,19.88509295804351,2.543914110254416,False,0.900398406374502,4.8496244740724705,15.888869605265413,Spiral,10,evaluation,0.1,1.0,2.0,1.0,1.25
SpiralScanPath_10,physics mean + space-time,3.6109129986233175e-06,12.422901570529978,3.4305133895116966,0.1824470001662968,2,679,462,295.2606788791407,0.398009499088128,0.3979951774326669,327.4312034644041,335.4333882502376,8.002184785833492,0.423493856153589,False,0.9772091163534586,0.7729083665338645,0.701199824248785,0.7676739396520487,10.197499164399964,1.846531635710908,21.35336028488473,5.9480177743203875,False,0.9601593625498008,10.983202990053378,15.877133017578885,Spiral,10,evaluation,0.1,1.0,2.0,1.0,1.25
SpiralScanPath_11,snapshot RBF,3.6109129986233175e-06,0.0,3.4305133895116966,0.1576595047349801,1,143,27,297.97264577252923,0.6578844007410037,0.6509751580523575,330.9114233717931,301.8539067275104,29.05751664428271,1.567180671954021,False,0.9968012794882048,0.7307692307692307,0.7825854971056917,3.4302315100531846,11.336683952620891,6.158941352990415,93.15392307335247,4.251194481970554,False,0.9230769230769232,26.182857494613124,72.35404247674627,Spiral,11,evaluation,0.01,1.0,2.0,1.0,1.25
SpiralScanPath_11,space-time heat,3.6109129986233175e-06,12.422901570529978,3.4305133895116966,0.1576595047349801,2,285,53,297.97264577252923,0.6299373092143247,0.7028870487986839,330.9114233717931,299.72474412678343,31.186679245009657,0.6049572688328235,False,0.9956017592962816,0.6153846153846154,0.7521856567239822,3.709207296278109,11.136754558630011,3.5931038565341873,117.40756832831552,10.937169061701004,False,0.9230769230769232,39.29838433516427,88.72119485371003,Spiral,11,evaluation,0.01,1.0,2.0,1.0,1.25
SpiralScanPath_11,physics mean + RBF,3.6109129986233175e-06,0.0,3.4305133895116966,0.1576595047349801,1,143,27,297.97264577252923,0.2647494074946196,0.2634989372711457,330.9114233717931,338.1283294767381,7.2169061049449965,2.4867422114745628,False,0.9968012794882048,0.7692307692307693,0.7280861113387715,1.8484982511838488,11.354279937159337,7.555871830564891,23.478539071444473,2.543914110254416,True,1.0,19.22148896504789,19.22148896504789,Spiral,11,evaluation,0.01,1.0,2.0,1.0,1.25
SpiralScanPath_11,physics mean + space-time,3.6109129986233175e-06,12.422901570529978,3.4305133895116966,0.1576595047349801,2,285,53,297.97264577252923,0.2764073068184028,0.2856321741343972,330.9114233717931,339.282344171089,8.370920799295902,0.756438725288933,False,0.995201919232307,0.5769230769230769,0.7182436149279886,2.0174370338094776,11.139350165591432,3.7101573796743774,54.67750455962167,5.9480177743203875,False,0.9230769230769232,22.068082039829147,23.83324506175176,Spiral,11,evaluation,0.01,1.0,2.0,1.0,1.25
SpiralScanPath_11,snapshot RBF,3.6109129986233175e-06,0.0,3.4305133895116966,0.1702227206133784,1,192,77,296.3525026623504,0.6771660844634949,0.7180834595859338,330.9114233717931,298.1257649589528,32.78565841284029,0.5496901144820601,False,0.9876049580167932,0.618421052631579,0.759453770454439,2.097676073969346,10.94770024555746,2.229546209536084,68.86487359798006,4.251194481970554,False,0.868421052631579,9.478234543278166,50.67009859020916,Spiral,11,evaluation,0.03,1.0,2.0,1.0,1.25
SpiralScanPath_11,space-time heat,3.6109129986233175e-06,12.422901570529978,3.4305133895116966,0.1702227206133784,2,378,149,296.3525026623504,0.6621018778652701,0.7299996927695759,330.9114233717931,297.8559041689513,33.055519202841765,0.441696652740845,False,0.989204318272691,0.6447368421052632,0.7428026589159077,2.078263169421183,10.822706030703673,2.2625691349004113,69.20922602378016,10.937169061701004,False,0.9473684210526316,24.746101142192384,51.481515264546466,Spiral,11,evaluation,0.03,1.0,2.0,1.0,1.25
SpiralScanPath_11,physics mean + RBF,3.6109129986233175e-06,0.0,3.4305133895116966,0.1702227206133784,1,192,77,296.3525026623504,0.3647148504629312,0.3365112121401734,330.9114233717931,337.6209349823337,6.7095116105406305,0.8790831266599142,False,0.9868052778888444,0.631578947368421,0.7441881079064149,1.4844318148722468,11.047089968180016,4.609306059148366,28.69483416441614,2.543914110254416,False,0.9342105263157896,11.72567872234871,19.535063318740175,Spiral,11,evaluation,0.03,1.0,2.0,1.0,1.25
SpiralScanPath_11,physics mean + space-time,3.6109129986233175e-06,12.422901570529978,3.4305133895116966,0.1702227206133784,2,378,149,296.3525026623504,0.3254954487320736,0.3547414533549421,330.9114233717931,337.7112925629693,6.799869191176185,0.4760938523443869,False,0.9900039984006398,0.6842105263157895,0.713710286648001,1.3605199247842794,10.80752523228698,2.279010492371593,39.90489198495636,5.9480177743203875,False,0.9210526315789472,13.55559491648889,23.974406038804855,Spiral,11,evaluation,0.03,1.0,2.0,1.0,1.25
SpiralScanPath_11,snapshot RBF,3.6109129986233175e-06,0.0,3.4305133895116966,0.1747785923051746,1,245,132,295.90228207395353,0.6815328845929627,0.7267838024286934,330.9114233717931,297.0962326268523,33.815190744940764,0.4448221436889468,False,0.9828068772491004,0.6666666666666666,0.7415479208943258,1.527748274944889,10.648541036730306,2.013663744985017,48.38376138581911,4.251194481970554,False,0.9047619047619048,8.560476201224464,36.93235187338247,Spiral,11,evaluation,0.05,1.0,2.0,1.0,1.25
SpiralScanPath_11,space-time heat,3.6109129986233175e-06,12.422901570529978,3.4305133895116966,0.1747785923051746,2,493,270,295.90228207395353,0.6762024630559561,0.7277778336112775,330.9114233717931,296.879957168606,34.03146620318711,0.4205775104531309,False,0.982407037185126,0.6507936507936508,0.7342013647083007,1.5470079564185888,10.503285223975489,1.9156170506250416,50.12452670620242,10.937169061701004,False,0.9682539682539684,20.95142754016313,37.78793077301889,Spiral,11,evaluation,0.05,1.0,2.0,1.0,1.25
SpiralScanPath_11,physics mean + RBF,3.6109129986233175e-06,0.0,3.4305133895116966,0.1747785923051746,1,245,132,295.90228207395353,0.3524438791340968,0.366782138716956,330.9114233717931,338.9489604770143,8.03753710522119,0.4420322419824348,False,0.9848060775689724,0.7063492063492064,0.7132530985894839,1.0615345772026508,10.614072400793743,2.1128636890823005,30.165509451074715,2.543914110254416,False,0.8809523809523809,5.374943751700661,22.093123668822447,Spiral,11,evaluation,0.05,1.0,2.0,1.0,1.25
SpiralScanPath_11,physics mean + space-time,3.6109129986233175e-06,12.422901570529978,3.4305133895116966,0.1747785923051746,2,493,270,295.90228207395353,0.3511115926658341,0.3720083320692796,330.9114233717931,338.9939344983721,8.082511126578993,0.427093175633757,False,0.9840063974410236,0.6825396825396826,0.7079103187155208,1.126164749865068,10.505138419297277,1.9285851447661424,33.12327788013168,5.9480177743203875,False,0.9206349206349206,11.471258720359272,18.80551577954718,Spiral,11,evaluation,0.05,1.0,2.0,1.0,1.25
SpiralScanPath_11,snapshot RBF,3.6109129986233175e-06,0.0,3.4305133895116966,0.1824470001662968,1,338,230,295.3459227403541,0.6938081866055031,0.7021807108067482,330.9114233717931,296.59540773362556,34.31601563816753,0.4226180710868092,False,0.9752099160335864,0.7529880478087649,0.7308809916577779,0.9896658679874673,10.284617276543765,1.9026754819293283,29.483751597419772,4.251194481970554,False,0.9362549800796812,8.088643509758626,23.32982195979466,Spiral,11,evaluation,0.1,1.0,2.0,1.0,1.25
SpiralScanPath_11,space-time heat,3.6109129986233175e-06,12.422901570529978,3.4305133895116966,0.1824470001662968,2,678,461,295.3459227403541,0.7052937183457699,0.7154556144639359,330.9114233717931,296.11122882000785,34.80019455178524,0.4165160705208851,False,0.9740103958416634,0.7410358565737052,0.7284128698914745,1.0319947473258049,10.195478381908302,1.834402774777088,31.50439364205924,10.937169061701004,False,0.9800796812749004,20.06317327499044,28.997008881108417,Spiral,11,evaluation,0.1,1.0,2.0,1.0,1.25
SpiralScanPath_11,physics mean + RBF,3.6109129986233175e-06,0.0,3.4305133895116966,0.1824470001662968,1,338,230,295.3459227403541,0.3910957141570202,0.3924733985903192,330.9114233717931,340.02752587429455,9.116102502501462,0.4201179769379777,False,0.97281087564974,0.7290836653386454,0.7093244870293189,0.8080121728546958,10.25935362741937,1.834514410337824,22.124811245776176,2.543914110254416,False,0.8924302788844621,4.66684709392345,17.1129090336512,Spiral,11,evaluation,0.1,1.0,2.0,1.0,1.25
SpiralScanPath_11,physics mean + space-time,3.6109129986233175e-06,12.422901570529978,3.4305133895116966,0.1824470001662968,2,678,461,295.3459227403541,0.3846346761865222,0.3860697085446176,330.9114233717931,340.1978455150579,9.286422143264817,0.4156281494171097,False,0.9768092762894842,0.7689243027888446,0.7026870741483061,0.7859926853701116,10.21079880610331,1.8225228430419536,21.507490007212912,5.9480177743203875,False,0.9681274900398408,10.840398264518468,15.714249990968876,Spiral,11,evaluation,0.1,1.0,2.0,1.0,1.25
SpiralScanPath_12,snapshot RBF,3.6109129986233175e-06,0.0,3.4305133895116966,0.1576595047349801,1,142,26,298.05536344714693,0.6730694841837068,0.6753197971093495,334.51052576547374,304.66344507876585,29.847080686707898,1.4387634218972782,False,0.9964014394242304,0.7307692307692307,0.7849033663191387,3.4771499415079816,11.31129488929719,4.740353109929439,101.84438611985796,4.251194481970554,False,0.8846153846153846,20.152162983523983,62.537150322016856,Spiral,12,evaluation,0.01,1.0,2.0,1.0,1.25
SpiralScanPath_12,space-time heat,3.6109129986233175e-06,12.422901570529978,3.4305133895116966,0.1576595047349801,2,283,51,298.05536344714693,0.588880021303479,0.6383314056295323,334.51052576547374,302.54708276627724,31.963442999196506,1.982573673123649,False,0.9956017592962816,0.6153846153846154,0.7554817475340083,3.294339612541172,11.188559653135298,4.9548511706034555,98.45497676470426,10.937169061701004,True,1.0,54.19204492845711,54.19204492845711,Spiral,12,evaluation,0.01,1.0,2.0,1.0,1.25
SpiralScanPath_12,physics mean + RBF,3.6109129986233175e-06,0.0,3.4305133895116966,0.1576595047349801,1,142,26,298.05536344714693,0.2741630837982652,0.2501106129399366,334.51052576547374,340.98533938881553,6.474813623341788,3.324853140978366,False,0.9968012794882048,0.7692307692307693,0.7342909434308313,1.8332677073745447,11.360172653618951,7.245467342626015,15.839462425316784,2.543914110254416,True,1.0,18.43184660829387,18.43184660829387,Spiral,12,evaluation,0.01,1.0,2.0,1.0,1.25
SpiralScanPath_12,physics mean + space-time,3.6109129986233175e-06,12.422901570529978,3.4305133895116966,0.1576595047349801,2,283,51,298.05536344714693,0.3321680789883692,0.285352689494429,334.51052576547374,339.9767498707145,5.466224105240769,2.1676463645482564,False,0.9976009596161536,0.8076923076923077,0.7362260642398744,2.0580561616700046,11.252999274273424,8.043457041286528,12.830737183427196,5.9480177743203875,True,1.0,47.84262544855474,47.84262544855474,Spiral,12,evaluation,0.01,1.0,2.0,1.0,1.25
SpiralScanPath_12,snapshot RBF,3.6109129986233175e-06,0.0,3.4305133895116966,0.1702227206133784,1,192,77,296.4285472031083,0.6758843516199002,0.7115577595955915,334.51052576547374,298.01972251014445,36.4908032553293,0.5630125531545901,False,0.991203518592563,0.7105263157894737,0.7619021833044661,1.948448858700721,10.991321388934091,2.4826245677881635,62.75980680277705,4.251194481970554,False,0.8947368421052632,10.554119863385582,48.221919091481155,Spiral,12,evaluation,0.03,1.0,2.0,1.0,1.25
SpiralScanPath_12,space-time heat,3.6109129986233175e-06,12.422901570529978,3.4305133895116966,0.1702227206133784,2,386,157,296.4285472031083,0.6702572397733989,0.7421183947940895,334.51052576547374,297.4327802957247,37.07774546974906,0.4335318733961996,False,0.9876049580167932,0.5921052631578947,0.74800637859211,2.175453420498304,10.808097677583174,2.028695016931916,73.93078989534149,10.937169061701004,False,0.9605263157894736,22.188180374814753,49.99832556702184,Spiral,12,evaluation,0.03,1.0,2.0,1.0,1.25
SpiralScanPath_12,physics mean + RBF,3.6109129986233175e-06,0.0,3.4305133895116966,0.1702227206133784,1,192,77,296.4285472031083,0.3612927039953593,0.3232489015652675,334.51052576547374,343.33818225520736,8.827656489733613,2.352487292658223,False,0.9900039984006398,0.75,0.743818217641308,1.4088695189386784,11.065283645088016,5.265356316280832,16.478657936741968,2.543914110254416,True,0.986842105263158,13.394614228504029,13.665129102597566,Spiral,12,evaluation,0.03,1.0,2.0,1.0,1.25
SpiralScanPath_12,physics mean + space-time,3.6109129986233175e-06,12.422901570529978,3.4305133895116966,0.1702227206133784,2,386,157,296.4285472031083,0.3207907274169533,0.3487135087834043,334.51052576547374,340.1424005717575,5.631874806283747,0.4544258874690982,False,0.9872051179528188,0.6052631578947368,0.7176123873486308,1.421485079353333,10.816936393795835,2.0073376025719902,43.36328167322279,5.9480177743203875,False,0.881578947368421,11.939679739159873,23.50895560421925,Spiral,12,evaluation,0.03,1.0,2.0,1.0,1.25
SpiralScanPath_12,snapshot RBF,3.6109129986233175e-06,0.0,3.4305133895116966,0.1747785923051746,1,249,136,295.9687869321879,0.6803927821194241,0.7290735071079234,334.51052576547374,297.0773433069473,37.43318245852646,0.4326848632975818,False,0.9836065573770492,0.7063492063492064,0.7418186151452119,1.5652420246137926,10.596955212874814,1.9854157972568849,50.63336229069471,4.251194481970554,False,0.9047619047619048,8.440388681715635,37.525164246077,Spiral,12,evaluation,0.05,1.0,2.0,1.0,1.25
SpiralScanPath_12,space-time heat,3.6109129986233175e-06,12.422901570529978,3.4305133895116966,0.1747785923051746,2,492,268,295.9687869321879,0.6759084567848012,0.7300931041660307,334.51052576547374,296.94827361936535,37.56225214610839,0.4574625211351578,False,0.9840063974410236,0.6904761904761905,0.7322540416384717,1.5673077252750898,10.48338322395112,2.0087396905184165,50.724385649090586,10.937169061701004,False,0.9682539682539684,21.969925596148876,38.964866598505424,Spiral,12,evaluation,0.05,1.0,2.0,1.0,1.25
SpiralScanPath_12,physics mean + RBF,3.6109129986233175e-06,0.0,3.4305133895116966,0.1747785923051746,1,249,136,295.9687869321879,0.3420488408413732,0.3576829510260733,334.51052576547374,341.4464887978462,6.935963032372456,0.5253885110112163,False,0.9852059176329468,0.7142857142857143,0.7143603702911577,1.0907773917752313,10.603063756383376,2.1511841042385695,30.940281029651597,2.543914110254416,False,0.8412698412698413,5.472427596527504,21.918976447271355,Spiral,12,evaluation,0.05,1.0,2.0,1.0,1.25
SpiralScanPath_12,physics mean + space-time,3.6109129986233175e-06,12.422901570529978,3.4305133895116966,0.1747785923051746,2,492,268,295.9687869321879,0.3510251639404111,0.3715895857646388,334.51052576547374,341.25426137426655,6.743735608792804,0.4513661767178343,False,0.9832067173130749,0.6746031746031746,0.7068668610502117,1.1350519528731249,10.49345140713508,1.9572391078882687,33.354805899499276,5.9480177743203875,False,0.9365079365079364,11.641693002314396,19.92940720056417,Spiral,12,evaluation,0.05,1.0,2.0,1.0,1.25
SpiralScanPath_12,snapshot RBF,3.6109129986233175e-06,0.0,3.4305133895116966,0.1824470001662968,1,346,238,295.41355217310354,0.7005682373905667,0.7114039845463719,334.51052576547374,296.385088619873,38.12543714560075,0.4169317338529252,False,0.9740103958416634,0.7450199203187251,0.7324177204529453,1.0296808882868405,10.224959964891289,1.826056372971488,31.457451183983896,4.251194481970554,False,0.9322709163346612,7.762920776543552,23.58978806825234,Spiral,12,evaluation,0.1,1.0,2.0,1.0,1.25
SpiralScanPath_12,space-time heat,3.6109129986233175e-06,12.422901570529978,3.4305133895116966,0.1824470001662968,2,686,469,295.41355217310354,0.7043586359822501,0.7156976144473923,334.51052576547374,296.0853650438652,38.42516072160856,0.4126780921783181,False,0.9700119952019192,0.701195219123506,0.7312785550808459,1.0661039725422496,10.135126685971692,1.7514130001040566,32.2883186224175,10.937169061701004,False,0.9800796812749004,19.15550007899903,27.83740806470968,Spiral,12,evaluation,0.1,1.0,2.0,1.0,1.25
SpiralScanPath_12,physics mean + RBF,3.6109129986233175e-06,0.0,3.4305133895116966,0.1824470001662968,1,346,238,295.41355217310354,0.3842972395997311,0.3849648609669702,334.51052576547374,343.28898778810134,8.778462022627593,0.4316877689914992,False,0.9740103958416634,0.7450199203187251,0.7078324727167703,0.7953473288240084,10.246673766235531,1.8018637439105043,21.560227975426,2.543914110254416,False,0.8884462151394422,4.583786602889782,16.472697942908606,Spiral,12,evaluation,0.1,1.0,2.0,1.0,1.25
SpiralScanPath_12,physics mean + space-time,3.6109129986233175e-06,12.422901570529978,3.4305133895116966,0.1824470001662968,2,686,469,295.41355217310354,0.3833821820752953,0.3843396647743836,334.51052576547374,343.34340355456436,8.832877789090617,0.4150333712517191,False,0.9740103958416634,0.7410358565737052,0.7023331996026324,0.810225018961004,10.13626562985166,1.7723327955950865,22.116687322511535,5.9480177743203875,False,0.9641434262948207,10.541866970210515,15.337195083319507,Spiral,12,evaluation,0.1,1.0,2.0,1.0,1.25
SpiralScanPath_13,snapshot RBF,3.6109129986233175e-06,0.0,3.4305133895116966,0.1576595047349801,1,140,24,298.24973381177756,0.6459695761497748,0.6276767819667042,335.7083806056465,302.9229923279563,32.785388277690174,1.4410601255211777,False,0.996001599360256,0.6538461538461539,0.7881320885444514,3.342120744603676,11.312730093309764,5.445740038213997,90.32696411791488,4.251194481970554,False,0.9615384615384616,23.150900000701466,59.25812571207065,Spiral,13,calibration,0.01,1.0,2.0,1.0,1.25
SpiralScanPath_13,space-time heat,3.6109129986233175e-06,12.422901570529978,3.4305133895116966,0.1576595047349801,2,281,49,298.24973381177756,0.5532878806458341,0.5768812424101217,335.7083806056465,304.1048599752427,31.603520630403807,1.0695022932759188,False,0.9944022391043582,0.6153846153846154,0.7595819676421439,3.098071010301649,11.179355834035524,4.311917784320207,91.43479676906138,10.937169061701004,False,0.9615384615384616,47.160173787265315,68.78156897915551,Spiral,13,calibration,0.01,1.0,2.0,1.0,1.25
SpiralScanPath_13,physics mean + RBF,3.6109129986233175e-06,0.0,3.4305133895116966,0.1576595047349801,1,140,24,298.24973381177756,0.2512952556499311,0.252901052214338,335.7083806056465,334.3352696565727,1.373110949073805,2.716495131148828,True,0.9976009596161536,0.7692307692307693,0.7269556611122345,1.777057310389144,11.363916804578576,7.482764475485978,14.474625539538303,2.543914110254416,True,1.0,19.035510132899265,19.035510132899265,Spiral,13,calibration,0.01,1.0,2.0,1.0,1.25
SpiralScanPath_13,physics mean + space-time,3.6109129986233175e-06,12.422901570529978,3.4305133895116966,0.1576595047349801,2,281,49,298.24973381177756,0.3382769480774026,0.2662934574052524,335.7083806056465,334.5348017026367,1.1735789030097976,2.06364066029829,True,0.9968012794882048,0.7307692307692307,0.7365797856136144,1.888871758831741,11.25493787695591,7.673430990070428,18.6880222581777,5.9480177743203875,True,1.0,45.64170391895982,45.64170391895982,Spiral,13,calibration,0.01,1.0,2.0,1.0,1.25
SpiralScanPath_13,snapshot RBF,3.6109129986233175e-06,0.0,3.4305133895116966,0.1702227206133784,1,188,73,296.4901280292387,0.6614607882977229,0.6947560600026503,335.7083806056465,298.22600839801123,37.48237220763525,0.5643388651497752,False,0.9880047980807676,0.631578947368421,0.7650129612638988,2.00251956756285,10.960009983735214,2.4847711392422727,64.33365883758502,4.251194481970554,False,0.881578947368421,10.563245356106435,46.64821009422015,Spiral,13,calibration,0.03,1.0,2.0,1.0,1.25
SpiralScanPath_13,space-time heat,3.6109129986233175e-06,12.422901570529978,3.4305133895116966,0.1702227206133784,2,379,149,296.4901280292387,0.6328980202692139,0.6990415971390205,335.7083806056465,298.17598645997487,37.53239414567162,0.4766367749584394,False,0.9888044782087164,0.6447368421052632,0.7462523948308264,2.062864493833112,10.83405685203384,2.241072916083501,67.4278916859742,10.937169061701004,False,0.9342105263157896,24.510993362804516,43.86307080326169,Spiral,13,calibration,0.03,1.0,2.0,1.0,1.25
SpiralScanPath_13,physics mean + RBF,3.6109129986233175e-06,0.0,3.4305133895116966,0.1702227206133784,1,188,73,296.4901280292387,0.392297131365703,0.378480276316174,335.7083806056465,335.640051821581,0.0683287840654998,1.034865779527551,True,0.9916033586565374,0.7894736842105263,0.7492255308824326,1.657418197677836,11.132390929348157,6.76124519082196,17.929987656274204,2.543914110254416,True,0.9736842105263158,17.20002704382179,18.065700136522494,Spiral,13,calibration,0.03,1.0,2.0,1.0,1.25
SpiralScanPath_13,physics mean + space-time,3.6109129986233175e-06,12.422901570529978,3.4305133895116966,0.1702227206133784,2,379,149,296.4901280292387,0.3363234117556316,0.3505021091588061,335.7083806056465,335.3734097588925,0.334970846754004,0.49799812234012,True,0.98640543782487,0.5789473684210527,0.725467961268311,1.448530467208445,10.862207859503927,2.5405599017214087,38.58776643427736,5.9480177743203875,True,0.9342105263157896,15.111295452164592,22.60795074873637,Spiral,13,calibration,0.03,1.0,2.0,1.0,1.25
SpiralScanPath_13,snapshot RBF,3.6109129986233175e-06,0.0,3.4305133895116966,0.1747785923051746,1,247,133,296.03101970092564,0.6519652929589628,0.7000782911485058,335.7083806056465,297.10585930970626,38.60252129594022,0.4702547337508265,False,0.9836065573770492,0.6825396825396826,0.7392420835975462,1.5052798854200455,10.574894109771678,2.130072791948031,48.068794721273406,4.251194481970554,False,0.9126984126984128,9.055353699325082,36.38304291062233,Spiral,13,calibration,0.05,1.0,2.0,1.0,1.25
SpiralScanPath_13,space-time heat,3.6109129986233175e-06,12.422901570529978,3.4305133895116966,0.1747785923051746,2,494,267,296.03101970092564,0.651862550758174,0.7097830712262843,335.7083806056465,297.077460608706,38.63091999694046,0.4176993024828102,False,0.982407037185126,0.6666666666666666,0.7298113630967832,1.5342569144746414,10.473147981536435,2.022804982967226,49.93794926946932,10.937169061701004,False,0.9523809523809524,22.123760077563773,37.84589402261612,Spiral,13,calibration,0.05,1.0,2.0,1.0,1.25
SpiralScanPath_13,physics mean + RBF,3.6109129986233175e-06,0.0,3.4305133895116966,0.1747785923051746,1,247,133,296.03101970092564,0.3454225075234005,0.3686014982119563,335.7083806056465,335.6269215950077,0.0814590106388095,0.4409880465765035,True,0.9820071971211516,0.6507936507936508,0.7136013384192719,1.113380318857664,10.62788847370937,2.0671846819716873,32.29403132572063,2.543914110254416,True,0.8253968253968254,5.2587402809695645,23.84908211829503,Spiral,13,calibration,0.05,1.0,2.0,1.0,1.25
SpiralScanPath_13,physics mean + space-time,3.6109129986233175e-06,12.422901570529978,3.4305133895116966,0.1747785923051746,2,494,267,296.03101970092564,0.3441336168754008,0.3653784214602468,335.7083806056465,334.92771725474336,0.7806633509031258,0.4253236165285646,True,0.9828068772491004,0.6587301587301587,0.7053322116624805,1.1069239143274805,10.497254252270665,2.0441889698413593,32.8784056939686,5.9480177743203875,True,0.9285714285714286,12.158872326686089,19.286321418195936,Spiral,13,calibration,0.05,1.0,2.0,1.0,1.25
SpiralScanPath_13,snapshot RBF,3.6109129986233175e-06,0.0,3.4305133895116966,0.1824470001662968,1,343,235,295.47420027381105,0.6814640589793519,0.6936273884063671,335.7083806056465,296.2040735113298,39.50430709431669,0.4130677328293218,False,0.968812475009996,0.6892430278884463,0.7360222060995998,1.0763341077259785,10.24285529564953,1.8158344964503277,32.513522563426015,4.251194481970554,False,0.9243027888446216,7.719465591481413,24.39983795695588,Spiral,13,calibration,0.1,1.0,2.0,1.0,1.25
SpiralScanPath_13,space-time heat,3.6109129986233175e-06,12.422901570529978,3.4305133895116966,0.1824470001662968,2,684,468,295.47420027381105,0.6821900808207813,0.6963212806105767,335.7083806056465,296.14530801022096,39.56307259542552,0.4123306815261798,False,0.970811675329868,0.7091633466135459,0.7287562371270464,1.060807108772098,10.134752172333984,1.8137956103121489,32.06202431751155,10.937169061701004,False,0.9760956175298804,19.83778923335512,27.61295905735188,Spiral,13,calibration,0.1,1.0,2.0,1.0,1.25
SpiralScanPath_13,physics mean + RBF,3.6109129986233175e-06,0.0,3.4305133895116966,0.1824470001662968,1,343,235,295.47420027381105,0.3671641422788925,0.3715598068530902,335.7083806056465,336.4806331128915,0.7722525072450139,0.4121156551736519,True,0.9712115153938424,0.7211155378486056,0.7033900916647674,0.7657716536544367,10.276033238255849,1.805751803482068,20.94248590539387,2.543914110254416,True,0.8884462151394422,4.593677492495394,16.1314896768728,Spiral,13,calibration,0.1,1.0,2.0,1.0,1.25
SpiralScanPath_13,physics mean + space-time,3.6109129986233175e-06,12.422901570529978,3.4305133895116966,0.1824470001662968,2,684,468,295.47420027381105,0.3675499314558896,0.3726084069349187,335.7083806056465,336.2435359000045,0.5351552943579918,0.41010496086358,True,0.9732107157137144,0.7330677290836654,0.6993841032875878,0.7828958558995783,10.137461834070482,1.7921547218622709,21.081782196149984,5.9480177743203875,True,0.9641434262948207,10.659768139969,15.07281900080095,Spiral,13,calibration,0.1,1.0,2.0,1.0,1.25
